edge_id	members	arity	interaction_class	working_hypothesis	destructive_test	transfer_score	product_score	downstream_product_surfaces	status	member_primitives	source_ids	commodity_prior_art	benchmark_artifact	adjudication_note
RX-001	IM-050->IM-314	2	REPRESENTATION_BRIDGE	Lift the state with nonlinear observables until target dynamics close; do not treat a convenient coarse average as a state.	Synthetic nonlinear-state benchmark; compare y-only, raw-linear, and lifted transition models.	5	5	ClosureFinder; digital twins; forecasting/risk-state engines	BENCHMARKED	IM-050: COARSE AVERAGE CAN LOSE THE VARIABLE THAT ACTUALLY CLOSES THE DYNAMICS || IM-314: NONLINEAR STATE DYNAMICS CAN BECOME LINEAR IN A LIFTED OBSERVABLE SPACE	IM-050: M-147; M-689; E-916; E-738; P-780 || IM-314: M-401			
RX-002	IM-039->IM-314	2	REPRESENTATION_BRIDGE	Use lifted observables as a constructive search for a coarse variable with closed dynamics.	Search candidate observables on systems with known sufficient statistics; test out-of-environment closure residual.	5	1	automatic state discovery; model reduction	LIVE	IM-039: COARSE-GRAIN ONLY IF COARSE STATE HAS CLOSED DYNAMICS || IM-314: NONLINEAR STATE DYNAMICS CAN BECOME LINEAR IN A LIFTED OBSERVABLE SPACE	IM-039: M-147; M-689; M-026; P-030 || IM-314: M-401	Existing ClosureFinder/Koopman-style lifting child; no distinct product.		Direct-theory / existing-core triage r24: Existing ClosureFinder/Koopman-style lifting child; no distinct product.
RX-003	IM-011->IM-347	2	FAILURE_MODE_IMPORT	When two candidate mechanisms fit the same macro behavior, environment shifts can discriminate them by conditional-law invariance.	Train observationally equivalent candidates in one environment; stress under mechanism-preserving environment shifts.	5	4	causal model gate; strategy robustness; scientific model selection	BENCHMARKED	IM-011: SAME MACRO TRAJECTORY ≠ SAME MICRO GRAPH || IM-347: ENVIRONMENT CHANGES CAN HELP IDENTIFY CAUSAL RELATIONS BY REVEALING WHICH CONDITIONAL LAWS STAY INVARIANT	IM-011: P-813; P-817; P-627; P-628; P-743; P-742; P-967; P-974 || IM-347: S-235			
RX-004	IM-043->IM-320	2	MEASUREMENT_TRANSFER	Decompose stationary-looking flows into potential and circulating components so zero net balance cannot hide internal circulation.	Same node net balances with/without injected cycle; compare balance-only score to cycle projection under edge noise.	5	5	AML/fraud; audit graph; network diagnostics	BENCHMARKED	IM-043: STATIONARY MACRO STATE ≠ ZERO INTERNAL FLOW || IM-320: A FLOW CAN BE DECOMPOSED INTO POTENTIAL, CIRCULATING, AND TOPOLOGICAL COMPONENTS	IM-043: P-122; P-123; P-457; M-498 || IM-320: M-497; M-498			
RX-005	IM-029->IM-320	2	MEASUREMENT_TRANSFER	Project violated redundant relations into cycle/topological components to localize which edge or loop is inconsistent.	Inject single-edge and coordinated-cycle corruptions; compare localization to rule-count/degree baselines.	5	2	reconciliation; ledger QA; sensor-network fault localization	LIVE	IM-029: REDUNDANT RELATIONS → VIOLATION PATTERN LOCATES ERROR || IM-320: A FLOW CAN BE DECOMPOSED INTO POTENTIAL, CIRCULATING, AND TOPOLOGICAL COMPONENTS	IM-029: M-263; M-264; E-787; E-791; S-976 || IM-320: M-497; M-498	Strong direct collision with decades of parity-space / analytical-redundancy fault detection and isolation; residual projection and structured fault isolation are standard.		Deprioritized without new benchmark: transfer is structurally valid but product surface is strongly occupied by parity-space FDI.
RX-006	IM-014->IM-335	2	CONTROL_LAW_TRANSFER	Make measurement allocation closed-loop: current uncertainty/information geometry chooses the next measurement.	Equal sensor budget; adaptive vs static D/A-optimal vs uniform target error.	5	2	active sensing; inspections; experiments	LIVE	IM-014: OBSERVATION POLICY ← CURRENT UNCERTAINTY || IM-335: MEASUREMENT LOCATIONS SHOULD BE CHOSEN TO SHAPE THE INFORMATION GEOMETRY FOR THE TARGET	IM-014: M-669; M-670; M-671; M-672; M-673; M-674; M-675; M-676; S-827; S-828; S-829; S-830; S-831; S-832; S-833; S-834; S-835; S-836; S-837; S-838; S-839; S-840; S-859; M-638 || IM-335: S-048; S-049; S-050	Closed-loop measurement allocation is standard active sensing/optimal experimental design.		Direct-theory / existing-core triage r24: Closed-loop measurement allocation is standard active sensing/optimal experimental design.
RX-007	IM-027->IM-390	2	CONTROL_LAW_TRANSFER	Use many cheap coarse measurements and stop adding expensive resolution when nested estimates cease to materially disagree.	Matched cost budget across coarse-only, fine-only, fixed two-phase, adaptive nested-resolution.	5	2	multi-fidelity inspection; telemetry; simulation	LIVE	IM-027: CHEAP COARSE MANY + EXPENSIVE FINE FEW + CORRECTION || IM-390: ADAPT RESOLUTION BY COMPARING NESTED ESTIMATES AND STOP WHERE FINER ESTIMATES CEASE TO AGREE	IM-027: M-672; M-673; S-827; S-829; S-837 || IM-390: S-456	Adaptive multi-fidelity / nested-estimator refinement and stopping are established.		Direct-theory / existing-core triage r24: Adaptive multi-fidelity / nested-estimator refinement and stopping are established.
RX-008	IM-026->IM-337	2	CONSTRAINT_TRANSLATION	Translate nominal multiplicity into effective independent multiplicity using common-mode dependence.	Equicorrelated ensemble/sensor Monte Carlo with effective-N metric.	5	5	ensemble diagnostics; redundancy planning	BENCHMARKED	IM-026: NOMINAL REDUNDANCY ≠ EFFECTIVE REDUNDANCY || IM-337: AVERAGING MANY LEARNERS HELPS ONLY TO THE EXTENT THEIR ERRORS ARE NOT COMMON-MODE	IM-026: S-505; S-520; M-278; E-508 || IM-337: S-153; S-154			
RX-009	IM-041->IM-387	2	CONSTRAINT_TRANSLATION	Robustness tests must perturb only admissible directions; small ambient displacement may be probabilistically catastrophic.	Compare isotropic perturbation certificates with law-admissible shift sets.	5	4	robust ML; stress testing; model validation	LIVE	IM-041: REAL STRUCTURE SHOULD SURVIVE ADMISSIBLE SMALL PERTURBATIONS || IM-387: SMALL AMBIENT DISPLACEMENT DOES NOT GUARANTEE PROBABILISTIC NEARNESS; ONLY ADMISSIBLE SHIFT DIRECTIONS PRESERVE LAW CONTINUITY	IM-041: M-698; M-983; M-985; S-244; P-219 || IM-387: M-442			
RX-010	IM-033->IM-387	2	CONSTRAINT_TRANSLATION	Worst-case optimization should range over admissible law-preserving uncertainty, not an arbitrary ambient ball.	Distribution-shift benchmark: arbitrary norm-ball DRO vs admissible-shift DRO.	5	2	risk optimization; robust control	LIVE	IM-033: AVERAGE CASE UNTRUSTWORTHY → OPTIMIZE AGAINST ADMISSIBLE WORST CASE || IM-387: SMALL AMBIENT DISPLACEMENT DOES NOT GUARANTEE PROBABILISTIC NEARNESS; ONLY ADMISSIBLE SHIFT DIRECTIONS PRESERVE LAW CONTINUITY	IM-033: M-081; M-473; S-109; E-396 || IM-387: M-442	Distributionally/structurally robust optimization already restricts adversaries to admissible uncertainty sets.		Direct-theory / existing-core triage r24: Distributionally/structurally robust optimization already restricts adversaries to admissible uncertainty sets.
RX-011	IM-042->IM-326	2	CONTROL_LAW_TRANSFER	Allocate resolution to local regions by their consequence for global failure, not average residual size.	Rare local defect benchmark with equal sensing/mesh budget.	5	1	predictive maintenance; tail-risk monitoring	BENCHMARKED_SURVIVES_MERGE_CONSEQUENCE_COVERAGE	IM-042: GLOBAL FAILURE/RATE CAN LIVE AT ONE EXTREME LOCAL REGION || IM-326: GLOBAL TARGET ERROR SHOULD WEIGHT LOCAL RESIDUALS BY THEIR CONSEQUENCE FOR THE TARGET	IM-042: M-374; P-193; S-190 || IM-326: M-255	Consequence-weighted local refinement overlaps dual/adjoint weighted residual methods and prior calibrated core.	LABCOMPASS__LCB-7F3A91__20260825-2045-TR__BENCH_RX011_CONSEQUENCE_RESOLUTION_DOSSIER__r01.md	Equal 30-inspection budget: residual-risk allocation median undetected loss 21.67 vs consequence-weighted 12.33 (-43.1%); equal-consequence control identical. Merge into ConsequenceCoverageAllocatorV0 family, no new core.
RX-012	IM-045->IM-318	2	CONSTRAINT_TRANSLATION	Use concentration assumptions as a certificate for when many units really self-average; otherwise refuse sqrt(n) confidence.	Vary dependence/influence structure at fixed n; coverage test naive vs certified concentration.	5	2	fleet analytics; portfolio aggregation; uncertainty QA	BENCHMARKED_SURVIVES_MERGE_EFFECTIVE_DIVERSITY	IM-045: MANY UNITS ≠ AUTOMATIC SELF-AVERAGING || IM-318: MANY WEAKLY INFLUENTIAL RANDOM INPUTS CAN FORCE A GLOBAL OUTPUT TO CONCENTRATE	IM-045: P-154; P-156; M-154; E-515 || IM-318: M-188; M-621; M-623; M-624; M-625; M-626	Concentration/effective-sample assumptions as a self-averaging gate are established uncertainty practice.	LABCOMPASS__LCB-7F3A91__20260825-2055-TR__BENCH_RX012_SELF_AVERAGING_CERTIFICATE_DOSSIER__r01.md	n=1200 fixed. Cluster size20 naive 95% CI coverage 54.8%; dependence-certified coverage 94.6%. Independent control both 94.6% and certificate does not reject sqrt(n). Merge into EffectiveDiversityGuardV0.
RX-013	IM-032->IM-420	2	CONSTRAINT_TRANSLATION	Reconstruction from missing observations must propagate uncertainty about which records/entities were matched.	Entity-linkage simulation; hard-link imputation vs linkage-marginalized reconstruction.	5	2	entity resolution; compliance; longitudinal data	BENCHMARKED_SURVIVES_LOSS_DEPENDENT	IM-032: MISSING OBSERVATIONS + STRUCTURE → RECONSTRUCTION POSSIBLE || IM-420: UNCERTAINTY ABOUT WHICH RECORDS BELONG TOGETHER MUST PROPAGATE INTO EVERY DOWNSTREAM ESTIMATE	IM-032: M-173; M-175; S-356 || IM-420: S-671;S-672	Linkage-uncertainty propagation is explicitly standard Bayesian record-linkage practice.	LABCOMPASS__LCB-7F3A91__20260825-0710-TR__BENCH_RX013_LINKAGE_UNCERTAINTY_PROPAGATION_DOSSIER__r01.md	Posterior linkage propagation reduces downstream change RMSE 17.55% at moderate ambiguity and 20.68% at high ambiguity; clean-ID control collapses. MAE worsens, so use only when downstream loss is quadratic/tail-sensitive or posterior decision loss favors marginalization.
RX-014	IM-035->IM-428	2	CONTROL_LAW_TRANSFER	Set-valued observations should trigger abstention/coverage tradeoffs instead of forced point labels.	Coarsened-observation classification; risk-coverage curves.	4	4	decision support; screening systems	LIVE	IM-035: OBSERVATION CAN BE A SET, NOT A POINT || IM-428: ABSTAIN ON UNCERTAIN CASES TO TRADE COVERAGE FOR CONDITIONAL RELIABILITY INSTEAD OF FORCING A LABEL EVERYWHERE	IM-035: S-861; S-880; M-008; M-511; E-408 || IM-428: S-700			
RX-015	IM-007->IM-451	2	MEASUREMENT_TRANSFER	Validation should report distinct properties—ranking, consistency, numerical agreement—without promoting any reference sensor to truth oracle.	Two-noisy-sensor latent-truth simulation; quantify contradictory metric rankings.	5	4	model validation; QA; benchmarking	LIVE	IM-007: VALIDATOR IS NOT TRUTH ORACLE || IM-451: STABLE RANKING, INTERNAL CONSISTENCY, AND NUMERICAL AGREEMENT ARE DIFFERENT MEASUREMENT PROPERTIES	IM-007: S-961; S-962; S-963; S-964; S-965; S-966; S-967; S-968; S-969; S-970; S-971; S-972; S-973; S-974; S-975; S-976; S-977; S-978; S-979; S-980; S-661; S-662; S-663; S-664; S-665; S-666; S-667; S-668; S-669; S-670; S-671; S-672; S-673; S-674; S-941; S-942; S-943; S-944; S-945; S-946; S-947; S-948; S-949; S-950; S-951; S-952; S-953; S-954; S-955; S-956; S-957; S-958; S-959; S-960 || IM-451: S-883;S-884;S-885;S-886;S-887;S-888;S-889;S-890;S-891;S-892;S-893;S-894;S-895;S-896;S-897;S-898;S-899;S-900			
RX-016	IM-006->IM-453	2	MEASUREMENT_TRANSFER	Proxy quality is two-dimensional: calibrate mismatch to the target while rewarding sharpness only subject to calibration.	Proxy-trigger simulation under basis risk; compare correlation-only selection to calibration+sharpness.	5	2	insurance triggers; KPI design; surrogate endpoints	LIVE	IM-006: EASY PROXY CREATES MISMATCH RISK || IM-453: A FORECAST CAN BE CALIBRATED YET USELESSLY BROAD; SHARPNESS IS VALUABLE ONLY SUBJECT TO CALIBRATION	IM-006: S-943; S-944; S-945; S-946; S-947; S-948; S-949; S-950; S-951; S-952; S-953; S-954; S-955; S-956; S-957; S-958; S-959; S-960; S-961; S-967; E-989; E-991; E-1000; E-885 || IM-453: S-921;S-922;S-923;S-924;S-925;S-926;S-927;S-928;S-929;S-930;S-931;S-932;S-933;S-934;S-935;S-936;S-937;S-938;S-939;S-940	Calibration and sharpness as separate forecast qualities are established forecast verification concepts.		Direct-theory / existing-core triage r24: Calibration and sharpness as separate forecast qualities are established forecast verification concepts.
RX-017	IM-010->IM-400	2	REPRESENTATION_BRIDGE	Run frontier/invasion algorithms on currently usable topology, not the physical graph.	State-dependent edge availability; compare static-graph shortest/frontier rules to dynamic effective graph.	5	2	routing; logistics; cyber/infra resilience	BENCHMARKED_SURVIVES_MERGE_DYNAMIC_TOPOLOGY	IM-010: PHYSICAL TOPOLOGY / POTENTIAL TOPOLOGY / CURRENTLY USABLE TOPOLOGY || IM-400: AN INVASION ADVANCES THROUGH THE CURRENTLY ACCESSIBLE FRONTIER BY SELECTING ITS LOWEST ENTRY BARRIER	IM-010: P-1000; P-999; P-990; P-991; E-916; P-776 || IM-400: P-486;P-487	Routing on state-dependent usable topology is standard dynamic/network routing.	LABCOMPASS__LCB-7F3A91__20260825-2125-TR__BENCH_RX017_EFFECTIVE_TOPOLOGY_DOSSIER__r01.md	Current-usable topology routing succeeds 100% vs 88.8% physical-shortest and 90.0% reliability-aware static; blocked-path-penalized cost 13.10->3.49. All-open control identical. Merge into DynamicNetworkTwin/ResilientFlowRouter family.
RX-018	IM-015->IM-452	2	MISSING_OPERATOR_TRANSFER	Treat verification as a state transition that converts nominal future resources into currently deployable liquidity.	Receivable/inventory model with verification delay/cost; forecast usable liquidity vs nominal stock.	5	2	working-capital engine; collateral/receivables	LIVE	IM-015: TOTAL RESOURCE ≠ ACCESSIBLE RESOURCE ≠ CURRENTLY DEPLOYABLE RESOURCE || IM-452: VERIFICATION CAN TURN A FUTURE CLAIM, RECEIVABLE, OR INVENTORY POSITION INTO CURRENT LIQUIDITY	IM-015: E-661; E-671; E-679; E-804; E-916; P-776; P-879 || IM-452: E-885;E-886;E-887;E-888;E-889;E-890;E-891;E-892;E-893;E-894;E-895;E-896;E-897;E-898;E-899;E-900	Asset-based lending already conditions borrowing availability on verified eligible receivables/inventory and field examinations.		Verification-to-deployable-liquidity mechanism is operationally standard.
RX-019	IM-016->IM-415	2	REPRESENTATION_BRIDGE	Estimate an internal clock/time warp instead of assuming elapsed wall time is the relevant age state.	Same observed age with heterogeneous internal clocks; forecast failure/relaxation.	5	2	maintenance; churn/credit duration models	BENCHMARKED_FAILS_STRONG_HISTORY_BASELINE	IM-016: SAME STATE + DIFFERENT AGE → DIFFERENT FUTURE || IM-415: TWO CURVES CAN SHARE ONE PROCESS SHAPE YET DIFFER BECAUSE THEIR INTERNAL CLOCKS RUN NONLINEARLY	IM-016: M-122; S-280; P-051; P-527; E-160 || IM-415: S-633;S-634;S-635;S-636;S-637;S-638	HIGH	LABCOMPASS__LCB-7F3A91__20260825-2110-TR__BENCH_RX019_INTERNAL_CLOCK_DOSSIER__r01.md	Heterogeneous nonlinear-clock shell: strong wall-time/history gradient boosting AUC .9986, log-loss .0476; explicit internal-clock model AUC .9976, log-loss .0743. Representation is plausible but creates no product advantage in tested shell. Close.
RX-020	IM-018->IM-414	2	FAILURE_MODE_IMPORT	A vanished macro signal may be dephased/projection-hidden while directional micro-memory remains.	Forward-biased random-walk/scattering benchmark; compare mean signal to memory statistic.	4	4	sensor fusion; latent-state diagnostics	LIVE	IM-018: MACRO SIGNAL DISAPPEARS WHILE MICRO INFORMATION SURVIVES || IM-414: MANY SCATTERING EVENTS DO NOT GUARANTEE DIRECTIONAL MEMORY LOSS WHEN EACH EVENT IS STRONGLY FORWARD-BIASED	IM-018: P-027; P-062; P-246; S-348; M-007 || IM-414: P-588;P-589;P-593			
RX-021	IM-024->IM-408	2	FAILURE_MODE_IMPORT	Early exit is a competing event that destroys or changes later exposure paths; model path-dependent exit rights jointly.	Competing-exit exposure simulation vs independent-exit approximation.	5	2	counterparty exposure; contract risk	BENCHMARKED_SURVIVES_STATE_DEPENDENT_EXIT	IM-024: FIRST EXIT DESTROYS/ALTERS OTHER POSSIBLE EXITS || IM-408: WHEN THE COUNTERPARTY CONTROLS EARLY EXIT, EXPOSURE DURATION BECOMES ASYMMETRIC: UPSIDE SHORTENS AND DOWNSIDE EXTENDS	IM-024: S-024; S-305; E-542; E-551; P-960 || IM-408: E-542;E-543;E-544;E-545;E-546;E-547;E-548;E-549	Competing-risk/early-termination exposure modeling is established.	LABCOMPASS__LCB-7F3A91__20260825-1100-TR__BENCH_RX021_COMPETING_EXIT_EXPOSURE_DOSSIER__r01.md	Independent-exit approximation exactly matches unconditional exit hazards yet strategic exercise understates cumulative positive exposure by 24.7% mean and 19.0% p95. Exogenous-exit control errors ~0.
RX-022	IM-030->IM-401	2	CONTROL_LAW_TRANSFER	Design sacrificial weak paths that deliberately absorb/redirect propagation energy before the core fails.	Matched material/network budget; direct-strengthening vs sacrificial/deflection architecture.	4	4	resilience design; protective structures	LIVE	IM-030: WEAK/SACRIFICIAL LAYER FAILS FIRST TO SAVE CORE || IM-401: REDIRECT OR TRANSFORM AN ADVANCING CRACK SO PROPAGATION MUST SPEND ENERGY IN DEFLECTION, PULL-OUT, OR PHASE CHANGE	IM-030: E-288; E-982; E-564; P-500 || IM-401: P-497;P-498;P-499			
RX-023	IM-034->IM-453	2	REPRESENTATION_BRIDGE	Information quality is a partial order: calibration and sharpness can make two forecasts incomparable rather than reducible to one scalar.	Forecast sets with crossed calibration/sharpness profiles; downstream decision regret.	4	4	forecast QA; model marketplace	LIVE	IM-034: INFORMATION QUALITY IS AN ORDER, NOT ONE SCALAR || IM-453: A FORECAST CAN BE CALIBRATED YET USELESSLY BROAD; SHARPNESS IS VALUABLE ONLY SUBJECT TO CALIBRATION	IM-034: E-404; E-405; M-630; S-008 || IM-453: S-921;S-922;S-923;S-924;S-925;S-926;S-927;S-928;S-929;S-930;S-931;S-932;S-933;S-934;S-935;S-936;S-937;S-938;S-939;S-940			
RX-024	IM-040->IM-335	2	FAILURE_MODE_IMPORT	Active measurement design must include measurement-induced behavior/process change in its objective.	Adaptive sensing where measurement perturbs state; naive information gain vs intervention-aware policy.	5	3	inspection; experimentation; adversarial monitoring	BENCHMARKED_SURVIVES	IM-040: MEASUREMENT POLICY CAN CHANGE THE PROCESS BEING MEASURED || IM-335: MEASUREMENT LOCATIONS SHOULD BE CHOSEN TO SHAPE THE INFORMATION GEOMETRY FOR THE TARGET	IM-040: E-782; E-786; P-242; S-977 || IM-335: S-048; S-049; S-050	HIGH	LABCOMPASS__LCB-7F3A91__20260825-0430-TR__BENCH_RX024_BACKREACTION_AWARE_SENSING_DOSSIER__r01.md	Action-dependent sensing backreaction strongly matters and vanishes at q=0, but Observer-Effect POMDP/active-measuring literature is established. Keep as calibrated operational guard, not broad novelty.
RX-025	IM-047->IM-449	2	MEASUREMENT_TRANSFER	Use observation timing/precision/coarsening metadata to discriminate why a zero was observed.	Latent zero-cause simulation; value of observation-process metadata over value-only model.	5	3	fraud/compliance; missing-data diagnostics	BENCHMARKED_SURVIVES_HIGH_VALUE	IM-047: OBSERVED ZERO HAS MULTIPLE CAUSAL MECHANISMS || IM-449: THE PRECISION, VISIT TIME, OR COARSENING PATTERN OF AN OBSERVATION CAN ITSELF REVEAL THE HIDDEN STATE	IM-047: S-196; S-534; S-535; P-320; P-690; M-007; E-660 || IM-449: S-861;S-862;S-863;S-864;S-865;S-866;S-867;S-868;S-869;S-870;S-871;S-872;S-873;S-874;S-875;S-876;S-877;S-878;S-879;S-880	Zero-inflated models already separate multiple zero-generating processes; informative observation/visit-process models already use observation-process metadata. Combination remains useful but not broad novelty.	LABCOMPASS__LCB-7F3A91__20260825-0752-TR__BENCH_RX025_ZERO_CAUSE_METADATA_DOSSIER__r01.md	Observed-zero cause metadata works: hidden-nonzero AUC .6717->.7543, log-loss .4010->.3503, 10/10 seeds; downstream escalation AUC .5985->.6338. Metadata shuffle/uninformative controls remove gain.
RX-026	IM-049->IM-344	2	MEASUREMENT_TRANSFER	Separate aggregate improvement caused by selection from within-unit improvement using within-unit comparisons.	Panel simulation with selective exit; aggregate trend vs fixed-effects decomposition.	4	5	performance analytics; policy/portfolio attribution	LIVE	IM-049: SELECTION CAN IMPROVE AGGREGATE WITHOUT ANY UNIT IMPROVING || IM-344: WITHIN-UNIT COMPARISONS CAN REMOVE TIME-INVARIANT UNIT-LEVEL CONFOUNDING	IM-049: E-243; S-035; E-546 || IM-344: S-315; S-316			
RH-001	IM-050+IM-314+IM-419	3	REPRESENTATION_BRIDGE	ClosureFinder loop: lift candidate observables, measure closure residuals, then allocate new resolution where residuals reveal missing state.	Automated observable-dictionary search with held-out multi-step and regime-shift tests.	5	5	ClosureFinder API; digital twins; risk-state discovery	LIVE_HYPEREDGE	IM-050: COARSE AVERAGE CAN LOSE THE VARIABLE THAT ACTUALLY CLOSES THE DYNAMICS || IM-314: NONLINEAR STATE DYNAMICS CAN BECOME LINEAR IN A LIFTED OBSERVABLE SPACE || IM-419: USE THE COMPUTED SOLUTION'S LOCAL RESIDUALS TO ESTIMATE ERROR AND REALLOCATE RESOLUTION WHERE THE NUMERICS FAIL	IM-050: M-147; M-689; E-916; E-738; P-780 || IM-314: M-401 || IM-419: M-661;M-662;M-663;M-664;M-665;M-666;M-667;M-668			
RH-002	IM-011+IM-347+IM-343	3	FAILURE_MODE_IMPORT	Mechanism discriminator: macro-equivalent models are challenged by environment changes and negative-control/proximal variables.	Synthetic hidden-confounding suite with known mechanism truth.	5	4	causal model validation	LIVE_HYPEREDGE	IM-011: SAME MACRO TRAJECTORY ≠ SAME MICRO GRAPH || IM-347: ENVIRONMENT CHANGES CAN HELP IDENTIFY CAUSAL RELATIONS BY REVEALING WHICH CONDITIONAL LAWS STAY INVARIANT || IM-343: A VARIABLE KNOWN NOT TO LIE ON THE TARGET CAUSAL PATH CAN STILL BE USED TO EXPOSE OR BRIDGE HIDDEN CONFOUNDING	IM-011: P-813; P-817; P-627; P-628; P-743; P-742; P-967; P-974 || IM-347: S-235 || IM-343: S-349; S-350; S-351; S-352			
RH-003	IM-043+IM-320+IM-440	3	MEASUREMENT_TRANSFER	Evidence-flow engine: reciprocal transaction evidence plus Hodge decomposition exposes circulating flows invisible to net balances.	Transaction graph with truthful, cyclic, and collusive regimes; equal evidence budget.	5	5	AML/fraud/audit graph engine	LIVE_HYPEREDGE	IM-043: STATIONARY MACRO STATE ≠ ZERO INTERNAL FLOW || IM-320: A FLOW CAN BE DECOMPOSED INTO POTENTIAL, CIRCULATING, AND TOPOLOGICAL COMPONENTS || IM-440: GIVE THE COUNTERPARTY A PRIVATE BENEFIT FROM DOCUMENTING A TRANSACTION SO ONE REPORT CREATES EVIDENCE AGAINST THE OTHER PARTY	IM-043: P-122; P-123; P-457; M-498 || IM-320: M-497; M-498 || IM-440: E-791;E-792			
RH-004	IM-014+IM-335+IM-334	3	CONTROL_LAW_TRANSFER	Value-of-information active sensing: choose next measurement by target geometry and future decision value.	Budgeted sequential sensing benchmark against static optimal designs.	5	5	inspection scheduler; experimentation engine	BENCHMARKED_SURVIVES_ACTIVE_FEEDBACK	IM-014: OBSERVATION POLICY ← CURRENT UNCERTAINTY || IM-335: MEASUREMENT LOCATIONS SHOULD BE CHOSEN TO SHAPE THE INFORMATION GEOMETRY FOR THE TARGET || IM-334: AN ACTION CAN HAVE TWO VALUES AT ONCE: CURRENT PAYOFF AND INFORMATION ABOUT FUTURE PAYOFFS	IM-014: M-669; M-670; M-671; M-672; M-673; M-674; M-675; M-676; S-827; S-828; S-829; S-830; S-831; S-832; S-833; S-834; S-835; S-836; S-837; S-838; S-839; S-840; S-859; M-638 || IM-335: S-048; S-049; S-050 || IM-334: S-042; S-043; S-044		LABCOMPASS__LCB-7F3A91__20260825-1405-TR__BENCH_RH004_ACTIVE_SENSING_DOSSIER__r01.md	Ordered-threshold sensing: with 5 noisy measurements at 90% accuracy, static prior-quantile design exact-location accuracy 13.7% vs active posterior-geometry design 55.5%; mean absolute error 3.49->1.83. One-shot control identical. Strong feedback value.
RH-005	IM-015+IM-452+IM-351	3	MISSING_OPERATOR_TRANSFER	Liquidity-state engine separates nominal stock, accessibility, verification-convertibility, and run-sensitive deployability.	Bank/working-capital stress model; compare nominal liquidity ratio to state-vector forecast.	5	5	treasury; working capital; liquidity stress	BENCHMARKED_SURVIVES_DECISION_VALUE	IM-015: TOTAL RESOURCE ≠ ACCESSIBLE RESOURCE ≠ CURRENTLY DEPLOYABLE RESOURCE || IM-452: VERIFICATION CAN TURN A FUTURE CLAIM, RECEIVABLE, OR INVENTORY POSITION INTO CURRENT LIQUIDITY || IM-351: EARLY EXIT CAN BECOME SELF-FULFILLING WHEN CLAIMS ARE LIQUID BUT THE ASSET BASE IS NOT	IM-015: E-661; E-671; E-679; E-804; E-916; P-776; P-879 || IM-452: E-885;E-886;E-887;E-888;E-889;E-890;E-891;E-892;E-893;E-894;E-895;E-896;E-897;E-898;E-899;E-900 || IM-351: E-022; E-096		LABCOMPASS__LCB-7F3A91__20260825-1120-TR__BENCH_RH005_LIQUIDITY_STATE_DOSSIER__r02.md	r01 missed arbitrary +.12 AUC gate despite large log-loss gain. r02 evaluates funding decision value at ~95% recall: false-positive .295->.024, decision loss 1.232->.164 (-86.7%); stress-shift loss 1.143->.165. Cash-equivalent control collapses.
RH-006	IM-026+IM-337+IM-412	3	CONSTRAINT_TRANSLATION	Redundancy engine estimates common-mode failure and requires a genuinely independent backstop when effective N collapses.	Correlated-failure stress suite; matched component count/cost.	5	5	safety architecture; ensemble/sensor design	BENCHMARKED_SURVIVES_COMMON_MODE_GATED	IM-026: NOMINAL REDUNDANCY ≠ EFFECTIVE REDUNDANCY || IM-337: AVERAGING MANY LEARNERS HELPS ONLY TO THE EXTENT THEIR ERRORS ARE NOT COMMON-MODE || IM-412: PAIR A MODEL-SENSITIVE SAFEGUARD WITH A MODEL-INDEPENDENT BACKSTOP SO GAMING OR MISSPECIFICATION CANNOT DISABLE BOTH	IM-026: S-505; S-520; M-278; E-508 || IM-337: S-153; S-154 || IM-412: E-561;E-562;E-571;E-572		LABCOMPASS__LCB-7F3A91__20260825-1255-TR__BENCH_RH006_EFFECTIVE_REDUNDANCY_DOSSIER__r02.md	r01 confounded common-mode value with cheap escalation. r02 prices escalation at 5: common-mode homogeneous cost 8.01 vs independent-backstop 1.87; independent-error control flips result 0.448 vs 0.672. Common-mode break-even escalation cost ~39 vs ~3.19 under independence.
RH-007	IM-027+IM-390+IM-335	3	CONTROL_LAW_TRANSFER	Multi-fidelity measurement controller chooses where and when expensive fine measurements are still worth buying.	Cost-normalized multi-fidelity active learning/sensing suite.	5	5	industrial monitoring; simulation acceleration	BENCHMARKED_SURVIVES_MULTIFIDELITY_GATED	IM-027: CHEAP COARSE MANY + EXPENSIVE FINE FEW + CORRECTION || IM-390: ADAPT RESOLUTION BY COMPARING NESTED ESTIMATES AND STOP WHERE FINER ESTIMATES CEASE TO AGREE || IM-335: MEASUREMENT LOCATIONS SHOULD BE CHOSEN TO SHAPE THE INFORMATION GEOMETRY FOR THE TARGET	IM-027: M-672; M-673; S-827; S-829; S-837 || IM-390: S-456 || IM-335: S-048; S-049; S-050		LABCOMPASS__LCB-7F3A91__20260825-1530-TR__BENCH_RH007_MULTIFIDELITY_DOSSIER__r01.md	Cost=2000, fine cost20, cheap cost1. At rho=.95 adaptive MF RMSE improves 47.2% vs fine-only and is 1.02x oracle; rho=.80 improves 20.1%. rho=.10 uses MF only 8.7% and stays within ~1.1% of fine-only. Pilot correlation gate works.
RH-008	IM-006+IM-455+IM-453	3	MEASUREMENT_TRANSFER	Trigger-quality engine trades verification cost against basis risk and scores proxy sharpness only after calibration.	Index-trigger datasets with endogenous manipulation and matched verification budgets.	5	5	parametric insurance; SLA/KPI triggers	BENCHMARKED_MODERATE_EFFECT_COMPONENT	IM-006: EASY PROXY CREATES MISMATCH RISK || IM-455: AN EXTERNAL TRIGGER CAN REPLACE COSTLY OR MANIPULABLE VERIFICATION BUT CREATES BASIS RISK BETWEEN THE PROXY AND REAL LOSS || IM-453: A FORECAST CAN BE CALIBRATED YET USELESSLY BROAD; SHARPNESS IS VALUABLE ONLY SUBJECT TO CALIBRATION	IM-006: S-943; S-944; S-945; S-946; S-947; S-948; S-949; S-950; S-951; S-952; S-953; S-954; S-955; S-956; S-957; S-958; S-959; S-960; S-961; S-967; E-989; E-991; E-1000; E-885 || IM-455: E-989;E-990;E-991;E-992;E-993;E-994;E-995;E-996;E-997;E-998;E-999;E-1000 || IM-453: S-921;S-922;S-923;S-924;S-925;S-926;S-927;S-928;S-929;S-930;S-931;S-932;S-933;S-934;S-935;S-936;S-937;S-938;S-939;S-940		LABCOMPASS__LCB-7F3A91__20260825-1200-TR__BENCH_RH008_TRIGGER_QUALITY_DOSSIER__r01.md	Quality-aware 10% verification lowers decision cost .1995->.1859 (-6.8%) vs strong boundary verification and ~20.5% vs random verification, but misses predeclared 8% high-impact gate. Perfect-trigger control shows no verification value. Retain as validated component.
RH-009	IM-042+IM-326+IM-410	3	CONTROL_LAW_TRANSFER	Extreme-region coverage: ensure every sufficiently large high-consequence region is sampled, then weight resolution by target consequence.	Spatial rare-defect suite; fixed total samples.	5	5	audit sampling; predictive maintenance	BENCHMARKED_SURVIVES_CONSEQUENCE_MAP_GATED	IM-042: GLOBAL FAILURE/RATE CAN LIVE AT ONE EXTREME LOCAL REGION || IM-326: GLOBAL TARGET ERROR SHOULD WEIGHT LOCAL RESIDUALS BY THEIR CONSEQUENCE FOR THE TARGET || IM-410: A SMALL SAMPLE CAN REPRESENT EVERY SUFFICIENTLY LARGE RELEVANT REGION WHEN CLASS COMPLEXITY LIMITS HOW REGIONS CAN SHATTER	IM-042: M-374; P-193; S-190 || IM-326: M-255 || IM-410: M-587;M-588;M-589;M-590;M-591;M-592		LABCOMPASS__LCB-7F3A91__20260825-0958-TR__BENCH_RH009_CONSEQUENCE_COVERAGE_DOSSIER__r01.md	Hard critical-region coverage + marginal consequence allocation lowers weighted miss 0.4253->0.3083 (-27.5%) vs coverage-only while leaving zero critical regions uncovered. Unconstrained risk-only leaves critical holes in 97.6%. Wrong risk map leaves median 7 true critical regions uncovered.
RH-010	IM-040+IM-449+IM-335	3	FAILURE_MODE_IMPORT	Observation-policy confounding engine models both how hidden state changes measurement metadata and how measurement changes the process.	Closed-loop observation simulation with endogenous missingness and measurement backaction.	5	5	monitoring systems; online experimentation	LIVE_HYPEREDGE	IM-040: MEASUREMENT POLICY CAN CHANGE THE PROCESS BEING MEASURED || IM-449: THE PRECISION, VISIT TIME, OR COARSENING PATTERN OF AN OBSERVATION CAN ITSELF REVEAL THE HIDDEN STATE || IM-335: MEASUREMENT LOCATIONS SHOULD BE CHOSEN TO SHAPE THE INFORMATION GEOMETRY FOR THE TARGET	IM-040: E-782; E-786; P-242; S-977 || IM-449: S-861;S-862;S-863;S-864;S-865;S-866;S-867;S-868;S-869;S-870;S-871;S-872;S-873;S-874;S-875;S-876;S-877;S-878;S-879;S-880 || IM-335: S-048; S-049; S-050			
RX-027	IM-058->IM-069	2	HIDDEN_EQUIVALENCE+MISSING_OPERATOR_TRANSFER	Economics shared-service capacity is a direct instance of the mathematics subset-capacity geometry; use the polymatroid greedy operator instead of independent quota accounting.	Compare greedy rank-oracle allocation to full subset-constrained LP and to independent-capacity accounting.	5	5	SharedCapacityAllocator; energy/reserve; compute; logistics	BENCHMARKED	IM-058: CAPACITY BELONGS TO GROUPS/SUBSETS, NOT NECESSARILY INDIVIDUAL EDGES || IM-069: SEVERAL SERVICES/MODES SHARE ONE RESOURCE → ONE STARVES OTHERS	IM-058: M-545; M-546; M-549; M-550 || IM-069: E-649			
RX-028	IM-055->IM-379	2	FAILURE_MODE_IMPORT	A nominal inaction/dead-zone threshold can leak on long horizons if rare subthreshold barrier crossings accumulate, so threshold control should be timescale-aware.	Simulate fixed-cost threshold policy with activated subthreshold transitions; measure false permanence vs horizon.	5	4	threshold-policy risk; execution; maintenance	LIVE	IM-055: CONTINUOUS DESIRE/FORCE → DEAD ZONE → THRESHOLD → LUMPY MOVE || IM-379: A NOMINAL HARD THRESHOLD CAN BECOME A TIMESCALE-DEPENDENT CREEP REGIME WHEN RARE FLUCTUATIONS CROSS BARRIERS BELOW THRESHOLD	IM-055: E-728; E-729 || IM-379: P-152; P-190			
RX-029	IM-056->IM-347	2	MECHANISM_DISCRIMINATION	Observed clustering does not identify direct interaction; environment shifts can help distinguish latent-intensity clustering from interaction-generated clustering by invariance tests.	Generate observationally similar Cox and Gibbs-like patterns, shift background intensity, compare invariant conditional laws.	5	4	cluster-cause discriminator; fraud/event analytics	BENCHMARKED_SURVIVES_ENVIRONMENT_GATED	IM-056: CLUSTERING DOES NOT IDENTIFY THE INTERACTION THAT CREATED IT || IM-347: ENVIRONMENT CHANGES CAN HELP IDENTIFY CAUSAL RELATIONS BY REVEALING WHICH CONDITIONAL LAWS STAY INVARIANT	IM-056: S-602; S-603; S-608; S-612 || IM-347: S-235		LABCOMPASS__LCB-7F3A91__20260825-0842-TR__BENCH_RX029_CLUSTER_CAUSE_INVARIANCE_DOSSIER__r01.md	With pooled clustering strength deliberately matched, pooled baseline AUC .4896 vs environment-invariance .7773; no-shift control ~.50. If environment changes the candidate mechanism itself, false latent classification reaches 100%; return underdetermined unless environment validity is defensible.
RX-030	IM-061->IM-405	2	MEASUREMENT_TRANSFER	If dependence is band-specific, raw maximally resolved spectra remain too noisy even with more data; relation discovery needs resolution/variance control before declaring no interaction.	Inject narrow-band dependence; compare raw periodogram/coherence to smoothed/multitaper detection across n.	5	4	SpectralRelationGate; telemetry; market microstructure	BENCHMARKED_SURVIVES_BAND_SPECIFIC_RELATION	IM-061: NO RELATION IN AGGREGATE ≠ NO RELATION AT SPECIFIC FREQUENCY/TIMESCALE || IM-405: MORE DATA DO NOT MAKE A RAW MAXIMALLY RESOLVED SPECTRUM CONSISTENT; RESOLUTION MUST BE TRADED FOR VARIANCE REDUCTION	IM-061: S-549; S-550; S-551; S-552 || IM-405: S-543;S-544;S-547;S-548		LABCOMPASS__LCB-7F3A91__20260825-1345-TR__BENCH_RX030_SPECTRAL_RELATION_DOSSIER__r02.md	Quadrature narrow-band r02 isolates band-specific dependence: at n=8192 raw one-bin power 10.7%, Welch-smoothed 100%, time-domain zero-lag 5.7%. Independent Welch null ~3.7-7.0%; broadband control is detected by simple time-domain correlation.
RX-031	IM-062->IM-383	2	CONTROL_LAW_TRANSFER	Do not route directly to the globally best state when its barrier is high; a less-stable intermediate can be the dynamically accessible stepping stone.	Shortest-energy vs minimum-barrier path benchmark on metastable state graph.	5	4	transition planner; process control; portfolio rebalancing under frictions	BENCHMARKED_SURVIVES_BARRIER_AWARE_TRANSITION	IM-062: BETTER/FAVORABLE STATE EXISTS ≠ SYSTEM CAN REACH IT || IM-383: A SYSTEM CAN ENTER A LESS-STABLE INTERMEDIATE FIRST BECAUSE ITS ACCESS BARRIER IS LOWER THAN THE DIRECT PATH TO THE GLOBAL BEST STATE	IM-062: P-729; P-733 || IM-383: P-357		LABCOMPASS__LCB-7F3A91__20260825-1530-TR__BENCH_RX031_BARRIER_TRANSITION_DOSSIER__r01.md	Heterogeneous barrier graph: median success within horizon shortest-hop .832, greedy utility .321, barrier-aware .999; expected transition time 24.25->9.17. Equal-barrier control collapses barrier-aware to shortest-hop.
RX-032	IM-063->IM-400	2	REPRESENTATION_BRIDGE	Replace nearest-distance partitions with arrival-time geometry when propagation start times/speeds/barriers differ; frontier ownership becomes a travel-time competition problem.	Compare Euclidean nearest assignment with event-driven arrival simulation under heterogeneous start time/speed/barrier.	5	4	arrival-frontier engine; logistics; spread forecasting	LIVE	IM-063: EARLIEST ARRIVAL, NOT ONLY NEAREST DISTANCE, CAN PARTITION TERRITORY || IM-400: AN INVASION ADVANCES THROUGH THE CURRENTLY ACCESSIBLE FRONTIER BY SELECTING ITS LOWEST ENTRY BARRIER	IM-063: M-613 || IM-400: P-486;P-487			
RX-033	IM-064->IM-351	2	FAILURE_MODE_IMPORT	Liquidity exits can be stress redistributors rather than independent failures: an early exit moves burden onto remaining liquid capacity and can push survivors over threshold.	Compare independent default model to load-sharing withdrawal model under identical initial balance sheets.	5	3	systemic liquidity stress engine	BENCHMARKED_MODERATE_EFFECT_COMPONENT	IM-064: ONE FAILURE REDISTRIBUTES LOAD → SURVIVORS CLOSER TO FAILURE → CASCADE || IM-351: EARLY EXIT CAN BECOME SELF-FULFILLING WHEN CLAIMS ARE LIQUID BUT THE ASSET BASE IS NOT	IM-064: P-194; P-195 || IM-351: E-022; E-096	Load redistribution/cascade logic is useful in liquidity stress but systemic contagion/bank-run modeling is mature.	LABCOMPASS__LCB-7F3A91__20260825-0646-TR__BENCH_RX033_LIQUIDITY_LOAD_SHARING_DOSSIER__r01.md	Load-sharing mechanism confirmed in 12/12 seeds, but predeclared high-impact gate missed in main shell: mean defaults 15.35->17.22, p95 39->46, P(defaults>=20) +4.58pp at rho=.55. Keep as calibrated systemic-risk component, not a breakthrough.
RX-034	IM-065->IM-332	2	HIDDEN_EQUIVALENCE	Double differencing and orthogonal scores share a cancellation architecture: create an additional signed path so nuisance influence cancels before reaching the target.	Perturb nuisance channels; compare derivative sensitivity of naive vs cancellation constructions.	4	4	NuisanceCanceller; causal/financial residualization	LIVE	IM-065: CREATE A SECOND PATH SO UNWANTED EFFECT CANCELS || IM-332: DOUBLE DIFFERENCING CAN CANCEL STABLE GROUP DIFFERENCES AND COMMON TIME SHOCKS	IM-065: S-069 || IM-332: S-028			
RX-035	IM-066->IM-336	2	MISSING_OPERATOR_TRANSFER	The observed table does not determine its own uncertainty law; the known assignment mechanism supplies the exact reference distribution.	Hold outcomes and assignment fixed; compute p-values under two admissible generation designs.	5	4	DesignAwareInference; experimentation platform	BENCHMARKED_SURVIVES_DESIGN_AWARE_INFERENCE	IM-066: SAME OBSERVED DATA + DIFFERENT DATA-GENERATING DESIGN → DIFFERENT VALID INFERENCE || IM-336: THE KNOWN RANDOMIZATION MECHANISM CAN ITSELF GENERATE AN EXACT REFERENCE DISTRIBUTION	IM-066: S-750; S-754; S-760 || IM-336: S-149		LABCOMPASS__LCB-7F3A91__20260825-1255-TR__BENCH_RX035_DESIGN_AWARE_INFERENCE_DOSSIER__r02.md	Eight-pair r02: design-aware null rejection 5.2%; wrong complete-randomization 0%. Under effect=1, design-aware power 99.6% vs wrong design 0%. Same observed table example p=.0078 paired vs .916 complete. Assignment design is product-critical metadata.
RX-036	IM-067->IM-400	2	CONTROL_LAW_TRANSFER	A blocked channel should trigger state-dependent rerouting over the currently accessible frontier rather than delete the flow from the model.	Network flow benchmark with endogenous edge blockage and barrier-ranked rerouting.	4	4	ResilientFlowRouter; logistics/network operations	BENCHMARKED_SURVIVES_DYNAMIC_REROUTING	IM-067: BLOCK ONE CHANNEL → ACTIVITY REROUTES INTO ANOTHER CHANNEL || IM-400: AN INVASION ADVANCES THROUGH THE CURRENTLY ACCESSIBLE FRONTIER BY SELECTING ITS LOWEST ENTRY BARRIER	IM-067: P-771; P-772 || IM-400: P-486;P-487		LABCOMPASS__LCB-7F3A91__20260825-1550-TR__BENCH_RX036_RESILIENT_REROUTING_DOSSIER__r01.md	At 10% edge blockage, frozen throughput median 47 vs state-dependent reroute 69; 90.8% of otherwise-lost capacity recovered and rerouted throughput equals max-flow oracle. Zero-blockage control identical. Min-cost routing lowers barrier cost vs arbitrary max-flow.
RX-037	IM-068->IM-374	2	STATE_AUGMENTATION	Normal current output can coexist with a latent pipeline—unfinished capital or accumulated fatigue—that determines future state; pipeline age/composition must enter the predictive state.	Match current output while varying hidden pipeline/damage stock; compare forecast error with/without latent-stock features.	5	3	PipelineRiskState; predictive maintenance; capex forecasting	BENCHMARKED_SURVIVES_SHELL_GATED	IM-068: CURRENT OUTPUT CAN LOOK NORMAL WHILE HIDDEN PIPELINE/RESERVOIR GUARANTEES DIFFERENT FUTURE || IM-374: REPEATED INDIVIDUALLY SUBCRITICAL LOAD CYCLES CAN GROW A HIDDEN DEFECT UNTIL FAILURE	IM-068: E-739; E-740 || IM-374: P-233	Hidden pipeline/damage state augmentation is useful, but latent-stock state-space modeling is mature.	LABCOMPASS__LCB-7F3A91__20260825-0702-TR__BENCH_RX037_PIPELINE_RISK_STATE_DOSSIER__r02.md	r01 fails when visible telemetry already reveals damage. r02 matched-current-state shell survives strongly: AUC .5581->.8838, log-loss .6853->.4361, 8/8 seeds; memoryless control gain ~0. Product should gate on hidden-history necessity.
RX-038	IM-070->IM-422	2	MISSING_OPERATOR_TRANSFER	A huge nonconvex scheduling problem may be tractable when couplings pass through narrow interfaces; decompose unit-commitment-like optimization by treewidth rather than nominal size.	Generate equal-size coupling graphs with varying treewidth; compare DP/decomposition cost against generic mixed-integer baseline.	5	2	InterfaceWidthOptimizer; scheduling/dispatch	BENCHMARKED_SURVIVES_HIGH_VALUE	IM-070: GLOBAL SIZE HUGE; HARDNESS CONTROLLED BY INTERFACE WIDTH || IM-422: ONE MARGINAL PRICE CANNOT SUPPORT A FEASIBLE OPTIMUM WHEN FIXED STARTUP AND INTERTEMPORAL COSTS MAKE THE FEASIBLE SET NONCONVEX	IM-070: M-561; M-562; M-574; M-575; M-576 || IM-422: E-650;E-651;E-652;E-653;E-654	HIGH	LABCOMPASS__LCB-7F3A91__20260825-2145-TR__BENCH_RX038_INTERFACE_WIDTH_OPTIMIZER_DOSSIER__r01.md	Exact n=100 QUBO/scheduling surrogate. DP and MILP objectives agree to <4.3e-14. Median MILP/DP speedup widths2-8 ~7.6x; w8 ~19.1x. DP runtime grows ~457x and interface states 4->1024 from width2->10 at fixed n. Width, not nominal size, controls decomposition cost.
RX-039	IM-054->IM-438	2	MISSING_OPERATOR_TRANSFER	Conditioning defines the nuisance-fixed fiber; a connecting local move basis supplies the missing computation needed to explore that conditional state space.	Small contingency-table fiber: compare exact enumeration with local-move MCMC and invalid naive cell perturbations.	5	4	FiberSampler; exact conditional inference	LIVE	IM-054: FREEZE NUISANCE INFORMATION → MOVE ONLY INSIDE REMAINING FIBER || IM-438: CHOOSE LOCAL INTEGER MOVES THAT CONNECT EVERY STATE IN A FIXED-SUFFICIENT-STATISTIC FIBER	IM-054: S-770; S-771 || IM-438: S-774;S-775			
RX-040	IM-060->IM-420	2	FAILURE_MODE_IMPORT	Hidden-population estimation depends on overlap counts, so record-linkage uncertainty directly propagates into the unseen-mass estimate rather than being a preprocessing detail.	Perturb linkage posterior while holding list marginals fixed; quantify hidden-count interval inflation.	5	4	HiddenMassLinkage; compliance/coverage estimation	BENCHMARKED_SURVIVES_LINKAGE_CALIBRATION_GATED	IM-060: UNSEEN MASS CAN BE INFERRED FROM PATTERNS OF REPEATED VISIBILITY || IM-420: UNCERTAINTY ABOUT WHICH RECORDS BELONG TOGETHER MUST PROPAGATE INTO EVERY DOWNSTREAM ESTIMATE	IM-060: S-801; S-802; S-803 || IM-420: S-671;S-672		LABCOMPASS__LCB-7F3A91__20260825-0908-TR__BENCH_RX040_HIDDEN_MASS_LINKAGE_DOSSIER__r01.md	Moderate ambiguity: hard N RMSE 4066 vs posterior 302 (-92.6%); high ambiguity -97.7%. Clean IDs collapse difference. Overconfident linkage posterior is worse than hard linkage, so calibrated posterior is mandatory.
RX-041	IM-071->IM-344	2	FAILURE_MODE_IMPORT	Within-unit/fixed-effect removal is not enough when a time-varying variable is itself changed by prior action and then drives later action/outcome; import longitudinal treatment-confounder feedback logic.	Simulate treatment-affected confounding; compare fixed-effects/regression adjustment to sequential weighting/g-formula baseline.	5	1	longitudinal policy evaluation; dynamic credit/marketing experiments	BENCHMARKED_SURVIVES_TREATMENT_CONFOUNDER_FEEDBACK	IM-071: VARIABLE CAN BE CAUSED BY YESTERDAY'S ACTION AND CAUSE TOMORROW'S ACTION/OUTCOME || IM-344: WITHIN-UNIT COMPARISONS CAN REMOVE TIME-INVARIANT UNIT-LEVEL CONFOUNDING	IM-071: S-127; S-725 || IM-344: S-315; S-316	Treatment-confounder feedback is exactly the domain of g-methods/MSMs.	LABCOMPASS__LCB-7F3A91__20260825-1700-TR__BENCH_RX041_TREATMENT_CONFOUNDER_FEEDBACK_DOSSIER__r01.md	Feedback shell true effect 2.92: ordinary post-treatment adjustment median abs error .723; IPTW .020; g-formula .013. When A0 no longer changes L1, ordinary adjustment error falls to .017. Strong sequential-policy evaluation product.
RX-042	IM-072->IM-269	2	HIDDEN_EQUIVALENCE+MISSING_OPERATOR_TRANSFER	Rare-event sampling and least-cost atypical-path geometry solve two halves of the same problem: locate the dominant rare path, then tilt simulation toward it and reweight.	Estimate a rare hitting probability under crude Monte Carlo vs path-informed importance sampling at matched compute.	5	1	rare-event risk engine; stress testing; reliability	BENCHMARKED_SURVIVES_HIGH_VALUE	IM-072: DON'T SAMPLE TYPICAL PATHS IF QUESTION IS ABOUT ATYPICAL PATH || IM-269: A RARE MACRO EVENT IS OFTEN CONTROLLED BY THE LEAST-COST ATYPICAL PATH, NOT TYPICAL FLUCTUATIONS	IM-072: S-093; M-115 || IM-269: M-115; M-156	Large-deviation dominant path plus importance sampling is classical rare-event methodology.	LABCOMPASS__LCB-7F3A91__20260825-0718-TR__BENCH_RX042_RARE_PATH_IMPORTANCE_SAMPLING_DOSSIER__r01.md	At z=4.95 and matched 30k samples, crude MC is zero 98.33% of reps; path-informed importance sampling reduces estimator RMSE by ~828x. Moderate rare shell ~9.94x. Non-rare gate turns tilt off.
RX-043	IM-073->IM-173	2	REPRESENTATION_BRIDGE	Use query-preserving network compression when the downstream question is bottleneck/cut structure; spectral surrogates can screen, cut-equivalent representations can answer declared cut queries exactly or approximately.	Large weighted graph: compare original min-cut queries, spectral screening, and compressed cut representation on accuracy/runtime.	5	4	network-risk compression; infrastructure analytics	BENCHMARKED_SURVIVES_DECLARED_CUT_QUERIES	IM-073: THROW AWAY MOST OF NETWORK BUT PRESERVE BOTTLENECK QUERIES || IM-173: A HARD COMBINATORIAL BOTTLENECK CAN SOMETIMES BE BOUNDED BY AN EASIER SPECTRAL SURROGATE	IM-073: M-360; M-577; M-578 || IM-173: M-351; M-352; M-353		LABCOMPASS__LCB-7F3A91__20260825-1120-TR__BENCH_RX043_QUERY_PRESERVING_COMPRESSION_DOSSIER__r01.md	Gomory-Hu cut tree uses 69 edges vs median ~212 original, preserves tested min-cut queries exactly, and gives ~85x median query speed after build; break-even ~24 repeated queries. Shortest-path relative error ~42%, so query family must be declared.
RX-044	IM-074->IM-435	2	MISSING_OPERATOR_TRANSFER	Discrepancy geometry supplies a worst-coordinate balance objective for covariate-adaptive assignment; randomize inside a low-discrepancy admissible set rather than optimizing only aggregate quadratic imbalance.	Compare complete randomization, biased coin, Mahalanobis rerandomization, discrepancy rerandomization, and exact small-instance oracle.	5	5	MultiConstraintBalancer; experimentation; quota/exposure allocation	BENCHMARKED	IM-074: BALANCE MANY CONDITIONS VIA DISCREPANCY CONTROL || IM-435: TILT THE NEXT RANDOM ASSIGNMENT AGAINST CURRENT IMBALANCE WITHOUT ABANDONING RANDOMIZATION	IM-074: M-581; M-582; M-583; M-584; M-585; M-586 || IM-435: S-746;S-747;S-748;S-749			
RX-045	IM-076->IM-214	2	CERTIFICATE_VALIDATION	A solver failure is not proof of infeasibility; when a short dual/separating witness exists, validate the witness and its regularity/geometry assumptions rather than trusting status codes.	Generate feasible/infeasible/degenerate convex instances; compare solver status to independently checked certificates.	5	4	optimization audit; solver assurance	LIVE	IM-076: FAILURE TO FIND SOLUTION ≠ PROOF NONE EXISTS; SOME FAILURES HAVE SHORT WITNESS || IM-214: A CERTIFICATE CAN LOOK CORRECT ALGEBRAICALLY YET BE INVALID BECAUSE LOCAL CONSTRAINT GEOMETRY IS DEGENERATE	IM-076: M-523; M-524 || IM-214: M-525; M-526; M-527			
RX-046	IM-080->IM-276	2	MEASUREMENT_TRANSFER	Performance metrics must be transported through target-population composition; a small reference anchor can dominate calibration no matter how much source data exist.	Hold model fixed, shift case-mix spectrum, and measure calibration/discrimination error with varying target-anchor size.	5	2	deployment calibration; underwriting/model monitoring	BENCHMARKED_SURVIVES_TARGET_ANCHOR	IM-080: PERFORMANCE NOT INTRINSIC TO TEST/MODEL; DEPENDS ON POPULATION SPECTRUM || IM-276: MILLIONS OF RICH OBSERVATIONS CANNOT OUTGROW A SMALL REFERENCE ANCHOR WHEN THE ANCHOR CONNECTS DATA TO TARGET POPULATION	IM-080: S-713 || IM-276: S-941; S-960	Target-population anchoring/transport calibration is established data-integration methodology.	LABCOMPASS__LCB-7F3A91__20260825-1510-TR__BENCH_RX046_TARGET_ANCHOR_DOSSIER__r02.md	r01 log-loss gate understated calibration value. r02 portfolio reserve metric: 200k-source model under target composition shift has 10.17% expected-loss reserve error; 400-case target anchor cuts it to 0.84% (~91.8% reduction). No-shift source error ~0.01%, anchor can add finite-sample noise.
RX-047	IM-081->IM-131	2	CONTROL_LAW_TRANSFER	Evidence should not switch from proxy to direct signal with a hard 0/1 rule; temper the proxy weight as direct evidence accumulates, with rate chosen from reliability.	Sequential learning benchmark: static proxy weight vs hard switch vs reliability-tempered decay under noisy direct evidence.	4	5	dynamic scoring; employee/credit/vendor learning	BENCHMARKED_SURVIVES_PROXY_DRIFT_GATED	IM-081: PROXY USEFUL UNTIL DIRECT EVIDENCE ARRIVES; WEIGHT SHOULD FALL || IM-131: INFORMATION NEED NOT ENTER WITH WEIGHT 0 OR 1; LEARNING RATE CAN BE TEMPERED	IM-081: E-523; E-524 || IM-131: S-430		LABCOMPASS__LCB-7F3A91__20260825-0816-TR__BENCH_RX047_RELIABILITY_TEMPERED_EVIDENCE_DOSSIER__r02.md	Reliability-tempered blend beats an oracle-variance hard source switch by 24-44% MSE and 19-38% decision regret in transition. Stale +1.4 proxy bias makes blend worse at t=8; calibrated bias correction restores large gain. Must monitor variance and bias/drift.
RX-048	IM-082->IM-281	2	FAILURE_MODE_IMPORT	If one long trajectory is not ensemble-representative, fixed memory windows can be misleading; history retention should react to evidence of trapping/regime breaks.	Heavy-tailed trapped process: compare full-history, fixed-window, and break-adaptive estimators against ensemble target.	5	4	backtest reliability; telemetry/regime monitoring	BENCHMARKED_FAILS_STRONG_FIXED_WINDOW	IM-082: ONE LONG HISTORY NEED NOT REPRESENT MANY PARALLEL REALIZATIONS || IM-281: THE AMOUNT OF HISTORY RETAINED CAN BE CHOSEN ENDOGENOUSLY FROM EVIDENCE OF A REGIME BREAK	IM-082: M-335; P-140 || IM-281: S-399		LABCOMPASS__LCB-7F3A91__20260825-1140-TR__BENCH_RX048_ADAPTIVE_REGIME_MEMORY_DOSSIER__r01.md	Heavy-tailed regime shell: oracle-tuned fixed window MSE .6247 vs adaptive multiscale .6728; adaptive loses. Stationary control expands to 256 correctly, but no product advantage in tested regime. Keep closed pending materially better detector.
RX-049	IM-083->IM-292	2	REPRESENTATION_BRIDGE	Eliminating hidden variables can change effective sign/shape in static response and can create memory/colored noise dynamically; model reduction must test both constitutive and memory residuals.	Coupled hidden-state system: eliminate internal state, fit static reduced model vs memory-augmented reduced model, test sign and forecast residual autocorrelation.	5	1	model-reduction auditor; digital twins; risk factors	BENCHMARKED_SURVIVES_MEMORY_EXTENSION	IM-083: ELIMINATING HIDDEN INTERNAL PARTS CAN CREATE EFFECTIVE RESPONSE WITH DIFFERENT SIGN/SHAPE || IM-292: ELIMINATING HIDDEN DYNAMIC VARIABLES CAN TURN A MARKOV/LOCAL SYSTEM INTO MEMORY + COLORED NOISE	IM-083: M-132; P-682; P-683; P-691 || IM-292: P-105; P-106; P-107	Static elimination + memory residual is an extension of the already benchmarked Mori-Zwanzig memory core.	LABCOMPASS__LCB-7F3A91__20260825-1745-TR__BENCH_RX049_HIDDEN_STATE_MEMORY_AUDIT_DOSSIER__r02.md	r01 negative control was invalid because lagged input remained. Corrected r02: persistent hidden state static RMSE .7126 vs memory .5791 (-18.7%), residual ACF .0968->.0253; truly memoryless control .5117 vs .5118. Extension of MemoryKernelClosureV0, no new core.
RX-050	IM-087->IM-343	2	FAILURE_MODE_IMPORT	An apparent A-B interaction can be a third-variable path; negative/proximal controls provide an imported diagnostic for whether the edge is causal, confounded, or mediated.	Synthetic DAGs with direct, common-cause, and mediator cases; test control/proxy diagnostics under matched correlations.	5	4	causal edge validator; fraud/behavior analytics	BENCHMARKED_SURVIVES_VALID_CONTROL_GATED	IM-087: A AND B CAN APPEAR TO INTERACT BECAUSE BOTH COUPLE THROUGH A THIRD VARIABLE/MEDIUM || IM-343: A VARIABLE KNOWN NOT TO LIE ON THE TARGET CAUSAL PATH CAN STILL BE USED TO EXPOSE OR BRIDGE HIDDEN CONFOUNDING	IM-087: S-343; S-347; P-249 || IM-343: S-349; S-350; S-351; S-352		LABCOMPASS__LCB-7F3A91__20260825-0942-TR__BENCH_RX050_CAUSAL_EDGE_VALIDATOR_DOSSIER__r01.md	Pooled A-B association was deliberately matched across direct/confounded/mediated worlds: pooled-only accuracy 33.3%, control+mediator diagnostics 100%. Invalid negative controls collapse direct-world accuracy to 26% with 74% falsely called confounded. Return underdetermined unless control validity is defensible.
RX-051	IM-088->IM-400	2	STATE_AUGMENTATION	Invasion/frontier algorithms fail if boundary position is treated as fixed metadata; boundary geometry is part of state and determines the next accessible barriers.	Moving-boundary invasion benchmark vs static-graph shortest barrier model.	5	4	frontier routing; spread/process forecasting	LIVE	IM-088: BOUNDARY IS NOT FIXED; STATE INCLUDES WHERE BOUNDARY IS || IM-400: AN INVASION ADVANCES THROUGH THE CURRENTLY ACCESSIBLE FRONTIER BY SELECTING ITS LOWEST ENTRY BARRIER	IM-088: P-355 || IM-400: P-486;P-487			
RX-052	IM-089->IM-450	2	MISSING_OPERATOR_TRANSFER	When complementary legs have near-zero substitution, atomic linkage is the natural operator: prevent partial completion rather than pricing each leg independently.	Two-leg settlement simulation with asynchronous failures: independent settlement vs atomic linked settlement; compare stranded exposure and throughput.	5	2	atomic workflow/settlement; supply-chain coordination	BENCHMARKED_SURVIVES_STRESS_GATED_COMPONENT	IM-089: COMPLEMENTARY PARTS CANNOT GENERALLY SUBSTITUTE; PARTIAL SUCCESS MAY BE WORTHLESS || IM-450: LINK COMPLEMENTARY SETTLEMENT LEGS ATOMICALLY SO NEITHER SIDE CAN COMPLETE WITHOUT THE OTHER	IM-089: E-501; E-514 || IM-450: E-859;E-860	Atomic transactions and all-or-none multi-step/package completion are standard transaction semantics.	LABCOMPASS__LCB-7F3A91__20260825-1510-TR__BENCH_RX052_ATOMIC_SETTLEMENT_DOSSIER__r02.md	Atomicity gives only small value in normal high-success/reversible shell, but value grows materially as partial-failure frequency, reversal failure, and stranded cost rise. Substitutable control loses ~7%. Keep as stress-gated component, not major core.
RX-053	IM-093->IM-283	2	HIDDEN_EQUIVALENCE	Information production can collapse from a small copying/search friction because revelation lowers private return to discovery; model the producer/free-rider equilibrium, not only signal accuracy.	Endogenous research effort game: vary copying cost and measure information production/discovery rate.	5	2	data-market design; research incentives	LIVE	IM-093: COSTLY INFORMATION + FREE COPYING FROM OUTPUT → PERFECT REVELATION CAN DESTROY INCENTIVE TO CREATE INFO || IM-283: A TINY INFORMATION-ACQUISITION FRICTION CAN DESTROY SEARCH ENTIRELY THROUGH EQUILIBRIUM FEEDBACK	IM-093: E-456; E-457 || IM-283: E-480	Information production/free-rider equilibrium is directly Grossman-Stiglitz/search economics.		Direct-theory / existing-core triage r24: Information production/free-rider equilibrium is directly Grossman-Stiglitz/search economics.
RX-054	IM-094->IM-335	2	MISSING_OPERATOR_TRANSFER	Rational-inattention says spend limited bits on decision-relevant distinctions; optimal-design machinery supplies the concrete rule for where to measure to shape target information geometry.	Matched measurement budget: uniform sensing vs parameter-optimal vs target-functional-optimal design; compare decision regret.	5	2	adaptive sensing; due diligence; experiment design	LIVE	IM-094: LIMITED INFORMATION CAPACITY SHOULD BE SPENT ON DISTINCTIONS THAT CAN CHANGE DECISION || IM-335: MEASUREMENT LOCATIONS SHOULD BE CHOSEN TO SHAPE THE INFORMATION GEOMETRY FOR THE TARGET	IM-094: E-100; E-458 || IM-335: S-048; S-049; S-050	Decision-focused information allocation is standard Bayesian/OED/active-sensing territory.		Direct-theory / existing-core triage r24: Decision-focused information allocation is standard Bayesian/OED/active-sensing territory.
RX-055	IM-095->IM-450	2	CONTROL_LAW_TRANSFER	The exposure problem is a partial-package failure; atomic/package-linked execution is the direct repair when complement legs are useless separately.	Separate auctions/execution vs package/atomic mechanism under stochastic leg failure and valuation complementarity.	5	2	package execution; procurement; multi-leg finance	LIVE	IM-095: DECENTRALIZED ACQUISITION OF COMPLEMENTS → EXPOSURE TO USELESS PARTIAL PACKAGES || IM-450: LINK COMPLEMENTARY SETTLEMENT LEGS ATOMICALLY SO NEITHER SIDE CAN COMPLETE WITHOUT THE OTHER	IM-095: E-344; E-345; E-346 || IM-450: E-859;E-860	Atomic/package execution is standard when partial completion is invalid or harmful.		Same commodity collision as RX-052.
RX-056	IM-097->IM-413	2	FAILURE_MODE_IMPORT	Adding capacity or relaxing a constraint can worsen equilibrium when agents respond strategically; capacity planning must simulate behavioral rerouting/strategic complementarity rather than assume monotone benefit.	Compare fixed-flow engineering optimum to equilibrium response after adding capacity in congestion/complementarity networks.	5	2	network capacity planner; market design	LIVE	IM-097: MORE INPUT/CAPACITY/FEWER CONSTRAINTS CAN MAKE GLOBAL OUTCOME WORSE || IM-413: STRATEGIC COMPLEMENTARITY CAN MAKE EACH AGENT'S DESIRED ADJUSTMENT SMALL WHEN OTHERS ARE EXPECTED NOT TO MOVE	IM-097: E-108; E-127; E-206 || IM-413: E-590;E-591	Braess/strategic response to added capacity is established network/equilibrium theory.		Direct-theory / existing-core triage r24: Braess/strategic response to added capacity is established network/equilibrium theory.
RX-057	IM-099->IM-177	2	MISSING_OPERATOR_TRANSFER	Target count must be compared to independent controllable directions, not observable dimensions; run a control-rank audit before promising multi-target regulation.	Random linear systems with identical sensor rank but varying controllability rank; test target tracking feasibility.	5	3	ActuatorRankAudit; policy/control system design	BENCHMARKED_SURVIVES_REACHABLE_SUBSPACE_AUDIT	IM-099: NUMBER OF INDEPENDENT TARGETS CANNOT EXCEED EFFECTIVE INDEPENDENT CONTROL DIRECTIONS || IM-177: BEING ABLE TO SEE A STATE DIRECTION AND BEING ABLE TO CONTROL IT ARE INDEPENDENT QUESTIONS	IM-099: E-109 || IM-177: M-421; M-422; M-427	Tinbergen/instrument-rank plus controllability is useful as an audit wrapper; theory itself is standard.	LABCOMPASS__LCB-7F3A91__20260825-1320-TR__BENCH_RX057_CONTROL_RANK_AUDIT_DOSSIER__r01.md	All states observable. Sensor-rank heuristic falsely promises feasibility in 50.5% of rank-deficient cases; target-count/control-rank-only still false-promises 12.6%. Reachable-subspace projection audit is 100% correct; full-controllability control all methods agree.
RX-058	IM-100->IM-013	2	HIDDEN_EQUIVALENCE+CONTROL_LAW_TRANSFER	Unused capacity is a real option: spending slack now destroys future state-contingent choice. Price/allocate slack by option value rather than treating idle capacity as waste.	Sequential demand/funding simulation: myopic utilization vs protection-level/slack policy under uncertain high-value arrivals.	5	2	capacity reservation; treasury/liquidity; cloud/logistics	BENCHMARKED_SURVIVES_HIGH_VALUE	IM-100: UNUSED CAPACITY CAN HAVE VALUE PRECISELY BECAUSE UNUSED NOW || IM-013: COMMITMENT VS OPTION VALUE	IM-100: E-462; E-463; E-464; E-679; E-707 || IM-013: E-973; E-980; E-950; E-956; E-761; E-779	Slack as option value is standard real-options/capacity-reservation logic.	LABCOMPASS__LCB-7F3A91__20260825-0828-TR__BENCH_RX058_OPTION_VALUE_CAPACITY_DOSSIER__r01.md	State-contingent reserve beats optimized single reserve revenue 160.01->185.50 (+15.93%), 12/12 seeds, high-value service +43.6pp. Uninformative signal/no-premium controls collapse; flipped signal mapping causes -19.5% harm, requiring fallback.
RX-059	IM-105->IM-451	2	MEASUREMENT_TRANSFER	Validation must report the directions its checks cannot see; numerical agreement/ranking/consistency should not be mistaken for coverage of the blind subspace.	Construct objects differing only in validator nullspace; compare ordinary validation report to blind-subspace-aware report.	5	4	ValidationBlindSpotAudit; model assurance	LIVE	IM-105: PASSING RESTRICTED CHECKS ≠ OBJECT CORRECT; VALIDATION HAS BLIND SUBSPACE || IM-451: STABLE RANKING, INTERNAL CONSISTENCY, AND NUMERICAL AGREEMENT ARE DIFFERENT MEASUREMENT PROPERTIES	IM-105: M-007; M-893 || IM-451: S-883;S-884;S-885;S-886;S-887;S-888;S-889;S-890;S-891;S-892;S-893;S-894;S-895;S-896;S-897;S-898;S-899;S-900			
RX-060	IM-111->IM-335	2	MISSING_OPERATOR_TRANSFER	Ill-posed inverse geometry identifies weakly transmitted directions; optimal-design machinery can place measurements specifically to restore information in the target-relevant weak directions.	Sensor-design benchmark: uniform locations vs D/A/C-optimal placement under nearly rank-deficient forward map.	5	2	IdentifiabilitySensorPlanner; calibration; sensing	BENCHMARKED_MODERATE_EFFECT_COMPONENT	IM-111: UNCERTAINTY CAN EXPLODE BECAUSE INVERSE MAP LOSES RANK/CURVATURE, NOT BECAUSE DATA ARE NOISY || IM-335: MEASUREMENT LOCATIONS SHOULD BE CHOSEN TO SHAPE THE INFORMATION GEOMETRY FOR THE TARGET	IM-111: M-017; M-161; M-988 || IM-335: S-048; S-049; S-050	Sensor placement for ill-posed inverse problems is established optimal experimental design.	LABCOMPASS__LCB-7F3A91__20260825-1805-TR__BENCH_RX060_TARGET_SENSOR_PLACEMENT_DOSSIER__r02.md	Target-aware C-optimal placement RMSE 0.2923 vs best target-agnostic 0.3357 (12.9% gain). Useful but below original 20% major-product gate; retain as sensor-planning component.
RX-061	IM-113->IM-214	2	CERTIFICATE_VALIDATION	Dual witnesses make candidate verification cheap, but geometry/constraint qualification decides whether a formally plausible local certificate is trustworthy.	Generate regular and degenerate optimization instances; verify primal candidate, dual witness, and regularity conditions separately.	5	2	CertificateVerifier; solver assurance	LIVE	IM-113: DON'T RE-SOLVE; VERIFY CANDIDATE WITH WITNESS IN ANOTHER SPACE || IM-214: A CERTIFICATE CAN LOOK CORRECT ALGEBRAICALLY YET BE INVALID BECAUSE LOCAL CONSTRAINT GEOMETRY IS DEGENERATE	IM-113: M-415; M-449 || IM-214: M-525; M-526; M-527	Dual certificates require feasibility/CQ checks: standard convex/numerical optimization assurance.		Direct-theory / existing-core triage r24: Dual certificates require feasibility/CQ checks: standard convex/numerical optimization assurance.
RX-062	IM-115->IM-130	2	CONTROL_LAW_TRANSFER	Module-level input-output budgets can certify safe interconnection; cut feedback from a misspecified module when its gain/supply contract cannot be trusted.	Interconnected black-box modules with one misspecified component: full feedback vs cut-feedback vs IQC/gain-gated connection.	5	4	ModularRiskFirewall; model pipelines; control systems	BENCHMARKED	IM-115: CERTIFY LARGE INTERCONNECTED SYSTEM FROM MODULE-LEVEL INPUT–OUTPUT BUDGETS WITHOUT FULL INTERNAL MODEL || IM-130: BAD MODULE SHOULD NOT CONTAMINATE GOOD MODULE THROUGH FEEDBACK	IM-115: M-459; M-460 || IM-130: S-426	Components are mature but from different literatures: small-gain/IQC interconnection certificates in robust control; cut/semi-modular feedback for misspecified Bayesian modules. Targeted search did not surface this exact gain-contract-to-cut-weight transfer; no exhaustive novelty claim.	LABCOMPASS__LCB-7F3A91__20260825-0406-TR__BENCH_RX062_MODULAR_RISK_FIREWALL_DOSSIER__r01.md	Survives destructive benchmark. Small-gain UCB gate removes rare unstable feedback failures while retaining useful coupling; always-cut loses accuracy. Gain-contract calibration is a hard gate.
RX-063	IM-118->IM-335	2	COMPOSITION_NEW	Random range-finding discovers important subspaces cheaply; target-optimal design then spends precise measurements inside the discovered subspace.	High-dimensional sensing: uniform full scan vs random-subspace discovery + target-optimal refinement at equal measurement budget.	5	2	TwoStageSensorPlanner; due diligence; experiment design	LIVE	IM-118: DON'T INSPECT EVERYTHING UNIFORMLY; RANDOMLY PROBE DIRECTIONS REVEALING IMPORTANT SUBSPACE || IM-335: MEASUREMENT LOCATIONS SHOULD BE CHOSEN TO SHAPE THE INFORMATION GEOMETRY FOR THE TARGET	IM-118: M-636; M-638 || IM-335: S-048; S-049; S-050	Direct collision: Bayesian D-optimal sensor placement via column subset selection / truncated SVD and earlier low-dimensional subspace sensor placement.		Scientific composition remains valid, but randomized low-rank discovery followed by sensor placement is already an explicit OED pattern; deprioritize product claim.
RX-064	IM-119->IM-405	2	FAILURE_MODE_IMPORT	More raw resolution/fit can increase variance or reconstruct noise; stopping/smoothing should be selected when residual reaches the noise floor rather than maximizing fit/resolution.	Noisy inverse/spectrum task: raw maximum fit vs discrepancy stop/smoothing across sample size.	5	2	NoiseFloorStopper; signal/model fitting	LIVE	IM-119: MORE FIT CAN MAKE ESTIMATE WORSE ONCE FITTING NOISE || IM-405: MORE DATA DO NOT MAKE A RAW MAXIMALLY RESOLVED SPECTRUM CONSISTENT; RESOLUTION MUST BE TRADED FOR VARIANCE REDUCTION	IM-119: M-166; M-446 || IM-405: S-543;S-544;S-547;S-548	Noise-floor/discrepancy-principle stopping is classical inverse-problem regularization.		Direct-theory / existing-core triage r24: Noise-floor/discrepancy-principle stopping is classical inverse-problem regularization.
RX-065	IM-123->IM-347	2	MECHANISM_DISCRIMINATION	A guarantee tied to exchangeability/symmetry should be stress-tested across environments; invariant conditional laws distinguish transportable structure from symmetry-specific calibration.	Train/calibrate in one environment, shift covariates/mechanisms, compare guarantee failure to invariant-law diagnostics.	5	3	GuaranteeTransportGate; deployment monitoring	LIVE	IM-123: GUARANTEE RELATIVE TO DATA-GENERATING SYMMETRY; WHEN SYMMETRY BREAKS GUARANTEE MAY NOT TRAVEL || IM-347: ENVIRONMENT CHANGES CAN HELP IDENTIFY CAUSAL RELATIONS BY REVEALING WHICH CONDITIONAL LAWS STAY INVARIANT	IM-123: S-090; S-148; S-998 || IM-347: S-235	Invariant-law transport gate is useful but overlaps invariant prediction/domain generalization.		Direct-theory / existing-core triage r24: Invariant-law transport gate is useful but overlaps invariant prediction/domain generalization.
RX-066	IM-124->IM-422	2	MISSING_OPERATOR_TRANSFER	Before solving a large nonconvex scheduling/allocation problem, safely kernelize variables/constraints proven irrelevant to the decision; preserve exact answer while shrinking nominal instance.	Unit-commitment-like MILP with removable dominated/fixed components: generic solve vs safe kernelization + solve.	5	2	SafeProblemReducer; scheduling/dispatch	LIVE	IM-124: SOLVE SAME PROBLEM AFTER SAFELY DELETING WHAT CANNOT MATTER || IM-422: ONE MARGINAL PRICE CANNOT SUPPORT A FEASIBLE OPTIMUM WHEN FIXED STARTUP AND INTERTEMPORAL COSTS MAKE THE FEASIBLE SET NONCONVEX	IM-124: M-764 || IM-422: E-650;E-651;E-652;E-653;E-654	Scheduling kernelization and safe exact preprocessing/screening are established.		Potential domain-specific engineering value only.
RX-067	IM-125->IM-070	2	MISSING_OPERATOR_TRANSFER	At narrow interfaces, retain only partial states that differ in future extendability; representative-family reduction can shrink dynamic-programming boundary state further.	Bounded-treewidth combinatorial benchmark with full bag states vs representative future-equivalence pruning.	5	2	RepresentativeStateDP; combinatorial optimization	LIVE	IM-125: KEEP ONLY PARTIAL SOLUTIONS THAT CAN STILL LEAD TO DIFFERENT FUTURES || IM-070: GLOBAL SIZE HUGE; HARDNESS CONTROLLED BY INTERFACE WIDTH	IM-125: M-775 || IM-070: M-561; M-562; M-574; M-575; M-576	Representative sets and treewidth DP are native parameterized-algorithm machinery.		Direct-theory / existing-core triage r24: Representative sets and treewidth DP are native parameterized-algorithm machinery.
RX-068	IM-128->IM-127	2	MEASUREMENT_TRANSFER	Near-tie decisions are nonregular; report the minimum hidden-bias/perturbation strength needed to flip the chosen action rather than only a nominal argmax.	Policy-choice simulation: estimate value gap and tipping bias; test flip prediction under injected hidden bias/noise.	5	3	DecisionFlipMargin; policy/model risk	BENCHMARKED_FAILS_STRONG_FRAGILITY_BASELINE	IM-128: DON'T ESTIMATE HIDDEN BIAS; ASK HOW LARGE IT MUST BE TO CHANGE CONCLUSION || IM-127: WHEN TWO ACTIONS ALMOST EQUALLY GOOD, ESTIMATED BEST ACTION CAN BE UNSTABLE EVEN IF VALUE IS STABLE	IM-128: S-134; S-439 || IM-127: S-738	Tipping-point/sensitivity margin is useful packaging of established sensitivity analysis.	LABCOMPASS__LCB-7F3A91__20260825-1630-TR__BENCH_RX068_DECISION_FLIP_MARGIN_DOSSIER__r01.md	Hidden-bias margin AUC .785, but conventional z-fragility AUC .796. Specific proposed score does not beat strong baseline. Keep minimum-bias-to-flip as explanatory output only; close as standalone product.
RX-069	IM-129->IM-451	2	MEASUREMENT_TRANSFER	A single stable ranking or fit can hide analysis-path instability; add specification-curve stability as a distinct measurement property.	Run defensible analysis variants and compare rank stability, numerical agreement, and conclusion stability as separate outputs.	4	5	SpecificationRiskMap; model governance	LIVE	IM-129: ONE ANALYSIS PATH IS NOT THE EVIDENCE; MAP RESULT OVER ALL DEFENSIBLE ANALYSIS PATHS || IM-451: STABLE RANKING, INTERNAL CONSISTENCY, AND NUMERICAL AGREEMENT ARE DIFFERENT MEASUREMENT PROPERTIES	IM-129: S-440 || IM-451: S-883;S-884;S-885;S-886;S-887;S-888;S-889;S-890;S-891;S-892;S-893;S-894;S-895;S-896;S-897;S-898;S-899;S-900			
RX-070	IM-132->IM-029	2	MISSING_OPERATOR_TRANSFER	Randomly recode a huge relation/transaction graph so a hidden small inconsistency or fraud motif becomes colorful/separable, then isolate it with small-pattern dynamic programming rather than scan all combinations.	Plant small cyclic/structured anomaly motifs in large sparse graphs; compare brute-force motif enumeration, generic anomaly scores, and color-coded isolation on recall/runtime.	5	3	MotifErrorLocator; AML/fraud/audit graph search	BENCHMARKED_COLOR_CODING_FAIL_RELATIONAL_SEARCH_SURVIVES	IM-132: RANDOMLY RECODE PROBLEM SO HIDDEN SMALL STRUCTURE BECOMES EASY TO ISOLATE || IM-029: REDUNDANT RELATIONS → VIOLATION PATTERN LOCATES ERROR	IM-132: M-772; M-773 || IM-029: M-263; M-264; E-787; E-791; S-976	MEDIUM_HIGH	LABCOMPASS__LCB-7F3A91__20260825-0738-TR__BENCH_RX070_COLOR_CODING_MOTIF_LOCATOR_DOSSIER__r01.md	Original color-coding operator fails value-first gate: coherent motif beam and color both 100% detection/recall, but color coding ~41.6x slower across scaling. Product salvage is relational motif aggregation/search: top-edge detection only 16.7% vs beam 100%. Use strong beam/specialized search, not color-coding by default.
RX-071	IM-135->IM-124	2	FAILURE_MODE_IMPORT	Safe kernelization needs an impossibility gate: some problem families provably cannot be compressed to a small exact core under standard complexity assumptions.	Mixed benchmark suite with kernelizable and lower-bound-style families; measure false compression promises and wasted preprocessing effort.	5	3	CompressionFeasibilityGate; optimizer compiler	LIVE	IM-135: SOME PROBLEMS CANNOT BE LOSSLESSLY COMPRESSED TO A SMALL CORE || IM-124: SOLVE SAME PROBLEM AFTER SAFELY DELETING WHAT CANNOT MATTER	IM-135: M-780 || IM-124: M-764			
RX-072	IM-136->IM-413	2	FAILURE_MODE_IMPORT	Capacity/resilience computed on a static graph can be invalid when shocks or load cause endogenous rewiring/contact formation; topology must be propagated as a state variable.	Adaptive-network stress test: static-capacity model vs topology-updating model under supplier rewiring/contact activation.	5	3	DynamicNetworkTwin; supply-chain/systemic-risk engine	BENCHMARKED_SURVIVES_DYNAMIC_TOPOLOGY_GATED	IM-136: THE INTERACTION GRAPH ITSELF IS A STATE VARIABLE || IM-413: STRATEGIC COMPLEMENTARITY CAN MAKE EACH AGENT'S DESIRED ADJUSTMENT SMALL WHEN OTHERS ARE EXPECTED NOT TO MOVE	IM-136: E-147; E-520; P-675 || IM-413: E-590;E-591	Adaptive/endogenous production and supply-chain network topology under shocks and rewiring is established.	LABCOMPASS__LCB-7F3A91__20260825-0924-TR__BENCH_RX072_DYNAMIC_NETWORK_TWIN_DOSSIER__r01.md	Expected-loss MAE: no-rewire static 84.73, optimistic max-flow 78.85, calibrated dynamic twin 19.87 (~74.8% lower vs best static). q=0 exact control collapses to static. Miscalibrated topology dynamics raise MAE to 62.69.
RX-073	IM-138->IM-023	2	FAILURE_MODE_IMPORT	The current bottleneck need not remain a single bottleneck: beyond a load/geometry threshold it may self-fragment and create a new transport regime.	Load-ramp benchmark with one-sheet bottleneck baseline vs change-point/fragmentation-aware throughput model.	5	4	BottleneckRegimeMonitor; capacity planning	LIVE	IM-138: A BOTTLENECK CAN BECOME DYNAMICALLY UNSTABLE AND SPLIT INTO A NEW TRANSPORT ARCHITECTURE || IM-023: GLOBAL RATE = CURRENT RATE-LIMITING LAYER	IM-138: P-510; P-511 || IM-023: P-467; P-468; M-048; P-360; P-758; E-514; S-960			
RX-074	IM-139->IM-058	2	CONSTRAINT_TRANSLATION	Infer conservation/stoichiometric invariants first, then optimize only on the reachable manifold; otherwise the allocator searches impossible states and misstates slack.	Synthetic flow/resource systems with hidden linear invariants: unconstrained allocator vs learned-conservation-manifold + shared-capacity allocator.	5	3	InvariantAwareAllocator; industrial/resource optimization	BENCHMARKED_SURVIVES_EXTENSION	IM-139: CONSERVATION LAWS DEFINE THE MANIFOLD OF POSSIBLE STATES BEFORE DYNAMICS ARE FIT || IM-058: CAPACITY BELONGS TO GROUPS/SUBSETS, NOT NECESSARILY INDIVIDUAL EDGES	IM-139: P-442; P-443 || IM-058: M-545; M-546; M-549; M-550	Conservation-law discovery, stoichiometric/conservation-constrained optimization, and conservation-embedded reduced models are established.	LABCOMPASS__LCB-7F3A91__20260825-0450-TR__BENCH_RX074_INVARIANT_AWARE_ALLOCATOR_DOSSIER__r01.md	Scientific transfer survives with singular-gap/noise-floor gate; keep as SharedCapacityAllocator extension, not standalone primitive product.
RX-075	IM-140->IM-100	2	CONTROL_LAW_TRANSFER	A reserve/slack budget may need an explicit export/purge channel when an accumulating conserved burden self-quenches the productive process; unused capacity is not enough if burden cannot leave.	Dynamic inventory/burden model: reserve-only vs reserve+export relief; measure sustained throughput and collapse probability.	4	4	BurdenReliefController; process/liquidity operations	LIVE	IM-140: A CONSERVED/ACCUMULATING BURDEN CAN SELF-QUENCH GROWTH UNLESS A BOUNDARY EXPORT CHANNEL REMOVES IT || IM-100: UNUSED CAPACITY CAN HAVE VALUE PRECISELY BECAUSE UNUSED NOW	IM-140: P-796; P-798 || IM-100: E-462; E-463; E-464; E-679; E-707			
RX-076	IM-142->IM-379	2	FAILURE_MODE_IMPORT	Local repair can reset visible function while irreversible burden continues accumulating; threshold-only health monitoring will repeatedly declare recovery before creep/fatigue failure.	Repair-cycle simulation with hidden cumulative damage: current-state threshold vs damage-state estimator for remaining-life prediction.	5	3	RepairDebtMonitor; predictive maintenance	BENCHMARKED	IM-142: REPAIR CAN RESTORE LOCAL FUNCTION WHILE INCREASING CUMULATIVE IRREVERSIBLE DAMAGE || IM-379: A NOMINAL HARD THRESHOLD CAN BECOME A TIMESCALE-DEPENDENT CREEP REGIME WHEN RARE FLUCTUATIONS CROSS BARRIERS BELOW THRESHOLD	IM-142: P-872 || IM-379: P-152; P-190	HIGH: imperfect-repair / virtual-age / RUL literature is mature	LABCOMPASS__LCB-7F3A91__20260825-0355-TR__BENCH_RX076_REPAIR_DEBT_DOSSIER__r01.md	SURVIVES with imperfect-repair gate. Main shell: state+age AUC 0.9458 -> +repair burden 0.9610; logloss 0.2457 -> 0.2082. Perfect-repair control removes gain.
RX-077	IM-143->IM-451	2	MEASUREMENT_TRANSFER	Compliance measurement must track economic/operational function across categories, not only counts inside the current regulated perimeter, because activity can migrate without disappearing.	Policy shock simulation with function-preserving category migration: category KPI vs graph/function-flow KPI.	5	2	PerimeterMigrationScanner; compliance/regtech	BENCHMARKED_SURVIVES_FUNCTION_EQUIVALENCE_GATED	IM-143: A RULE CAN REDUCE THE REGULATED CATEGORY WHILE THE UNDERLYING FUNCTION MIGRATES ACROSS THE PERIMETER || IM-451: STABLE RANKING, INTERNAL CONSISTENCY, AND NUMERICAL AGREEMENT ARE DIFFERENT MEASUREMENT PROPERTIES	IM-143: E-571; E-573 || IM-451: S-883;S-884;S-885;S-886;S-887;S-888;S-889;S-890;S-891;S-892;S-893;S-894;S-895;S-896;S-897;S-898;S-899;S-900	Direct policy collision: FCA/IMF/FSB regulatory-perimeter monitoring explicitly tracks activity/function migration across entity/category boundaries.	LABCOMPASS__LCB-7F3A91__20260825-1014-TR__BENCH_RX077_PERIMETER_MIGRATION_DOSSIER__r01.md	After regulated share migrates 80%->25%, regulated-only incident RMSE 2.193 vs functional tracking 1.427 (-34.9%), 12/12 seeds. No-migration control nearly equal. If substitute is only 20% as risky but mapped 1:1, functional model becomes much worse.
RX-078	IM-145->IM-127	2	FAILURE_MODE_IMPORT	Near a discriminant, tiny parameter changes can alter the number/type of feasible states, so a local action-gap margin can fail because the candidate set itself changes.	Parametric optimization with fold/cusp branch creation: fixed-candidate margin monitor vs discriminant-aware branch monitor.	5	4	BranchChangeRiskMonitor; model-risk engine	LIVE	IM-145: CROSSING A DISCRIMINANT CAN CHANGE THE NUMBER/TYPE OF VALID STATES; OLD LOCAL MODEL CLASS NO LONGER EXTRAPOLATES || IM-127: WHEN TWO ACTIONS ALMOST EQUALLY GOOD, ESTIMATED BEST ACTION CAN BE UNSTABLE EVEN IF VALUE IS STABLE	IM-145: M-989; M-990; M-991; M-997 || IM-127: S-738			
RX-079	IM-146->IM-042	2	MEASUREMENT_TRANSFER	When advance is pulled by a tiny leading edge, sensing the bulk misses the rate-determining region; allocate measurement to the low-mass frontier where linear growth selects system speed.	Front-propagation benchmark: uniform/bulk sensing vs leading-edge targeted sensing for speed/change prediction.	5	4	LeadingEdgeEarlyWarning; propagation monitoring	LIVE	IM-146: A REGION CARRYING ALMOST NO MASS CAN DETERMINE THE SPEED OF THE WHOLE ADVANCING SYSTEM || IM-042: GLOBAL FAILURE/RATE CAN LIVE AT ONE EXTREME LOCAL REGION	IM-146: P-339 || IM-042: M-374; P-193; S-190			
RX-080	IM-149->IM-031	2	COMPOSITION_NEW	Path dependence can survive a closed control loop: endpoints and even local state can return to baseline while the cycle accumulates net transported quantity/phase.	Cyclic-control simulation: endpoint-only state estimator vs loop-integral/geometric-state estimator.	5	4	CycleEffectTracker; cyclic-control analytics	LIVE	IM-149: RETURN CONTROL PARAMETERS TO THEIR STARTING VALUES AND STILL ACCUMULATE A NET EFFECT || IM-031: SAME ENDPOINTS + DIFFERENT ORDER → DIFFERENT RESULT	IM-149: P-079; P-331; P-332; P-334; P-335 || IM-031: M-389; M-393; E-039; E-194; P-010			
RX-081	IM-152->IM-026	2	FAILURE_MODE_IMPORT	Nominally adding more paths/copies can reduce effective transport when coherent/common structure makes paths cancel rather than diversify; route count is not effective redundancy.	Wave/network surrogate with independent vs phase-correlated paths; compare nominal route count with measured effective gain.	5	4	EffectiveRedundancyAudit; communications/sensing	LIVE	IM-152: MORE SCATTERING/PATHS CAN SUPPRESS TRANSPORT THROUGH COHERENT CANCELLATION RATHER THAN ENHANCE MIXING || IM-026: NOMINAL REDUNDANCY ≠ EFFECTIVE REDUNDANCY	IM-152: P-172; P-173 || IM-026: S-505; S-520; M-278; E-508			
RX-082	IM-153->IM-136	2	CONTROL_LAW_TRANSFER	Directional/nonreciprocal edge weights can accumulate into boundary concentration; dynamic graph state therefore needs directionality, not merely changing adjacency.	Directed-rewiring benchmark: undirected topology features vs signed/directed transition operator for boundary-load prediction.	4	4	DirectionalNetworkState; flow/systemic-risk monitoring	LIVE	IM-153: SMALL DIRECTIONAL ASYMMETRY REPEATED THROUGH THE BULK CAN ACCUMULATE INTO MACROSCOPIC BOUNDARY PILE-UP || IM-136: THE INTERACTION GRAPH ITSELF IS A STATE VARIABLE	IM-153: P-329; P-330 || IM-136: E-147; E-520; P-675			
RX-083	IM-154->IM-282	2	MEASUREMENT_TRANSFER	A stochastic-overbooking/capacity model that sees weak dependence at a moderate tail can still understate simultaneous extreme materialization if dependence reappears on a deeper tail scale.	Independent holdout catastrophe benchmark: independence vs one fixed tail scale vs multiscale joint-tail excess extrapolation.	5	5	DeepTailCapacityGuard; portfolio/counterparty/capacity risk	BENCHMARKED	IM-154: DEPENDENCE CAN BE ABSENT AT ONE TAIL SCALE AND PRESENT AT A DEEPER TAIL SCALE || IM-282: NOMINAL COMMITMENTS CAN EXCEED PHYSICAL CAPACITY WHEN ONLY A RANDOM SUBSET MATERIALIZES — AT COST OF OVERFLOW RISK	IM-154: S-365 || IM-282: E-465; E-466			
RX-084	IM-155->IM-335	2	MEASUREMENT_TRANSFER	Uniform average-rate measurement wastes budget when response is carried by intermittent bursts; adapt measurement cadence/location to burst likelihood and consequence.	Intermittent-process simulation: uniform sampling vs burst-aware adaptive sensing at matched measurement budget.	5	3	BurstAwareSampler; anomaly/condition monitoring	BENCHMARKED_SURVIVES_PRECURSOR_GATED	IM-155: AVERAGE ACTIVITY CAN BE MISLEADING WHEN TRANSPORT/RESPONSE IS CARRIED BY RARE BURSTS OR COHERENT STRUCTURES || IM-335: MEASUREMENT LOCATIONS SHOULD BE CHOSEN TO SHAPE THE INFORMATION GEOMETRY FOR THE TARGET	IM-155: P-164 || IM-335: S-048; S-049; S-050	Burst-aware/event-triggered sensing is established adaptive sampling.	LABCOMPASS__LCB-7F3A91__20260825-1805-TR__BENCH_RX084_BURST_AWARE_SENSING_DOSSIER__r02.md	Matched 5% measurement budget: consequence capture 4.99% best baseline -> 14.04% burst-aware (+181.1%). Homogeneous control collapses. Inverted precursor is 27.5% worse than uniform, so calibration/fallback gate required.
RX-085	IM-160->IM-039	2	CONSTRAINT_TRANSLATION	Coarse closure/universality should transfer only when the relevant structural shell matches; superficial large-scale similarity without shared symmetry/conservation/scale separation is a false transfer.	Matched and mismatched micro-model families: test whether one learned coarse law forecasts across systems after shell-gated vs ungated transfer.	5	3	UniversalityTransferGate; model reuse/transfer learning	BENCHMARKED_VALID_DIAGNOSTIC_LOW_VALUE	IM-160: DIFFERENT MICROSCOPIC SYSTEMS CAN SHARE THE SAME LARGE-SCALE LAW ONLY IF THE RELEVANT STRUCTURAL SHELL MATCHES || IM-039: COARSE-GRAIN ONLY IF COARSE STATE HAS CLOSED DYNAMICS	IM-160: P-158; M-153; M-026; P-030 || IM-039: M-147; M-689; M-026; P-030	Transfer across universality/symmetry classes and symmetry-aware transfer learning are active literatures.	LABCOMPASS__LCB-7F3A91__20260825-1835-TR__BENCH_RX085_UNIVERSALITY_TRANSFER_GATE_DOSSIER__r01.md	Closure-shell gate strongly identifies mismatch (98.7% reject, 0.5% matched false reject) but only improves overall forecast RMSE ~3.8% because a short local fallback is cheap. Keep as transfer-validation diagnostic, not major product.
RX-086	IM-161->IM-039	2	CONSTRAINT_TRANSLATION	Scale crossover means a coarse law learned at one resolution should not be extrapolated unless the closure shell remains valid.	Multi-resolution process: fixed-law extrapolation vs scale-gated law switching.	5	3	ScaleAwareModelGate; multiscale forecasting	BENCHMARKED_VALID_SCALE_DIAGNOSTIC_LOW_VALUE	IM-161: THE CORRECT LAW ITSELF CAN CHANGE WITH SCALE; A PARAMETER FIT IN ONE SCALE NEED NOT EXTRAPOLATE || IM-039: COARSE-GRAIN ONLY IF COARSE STATE HAS CLOSED DYNAMICS	IM-161: P-160 || IM-039: M-147; M-689; M-026; P-030	Scale-aware extrapolation gate is useful packaging; crossover/multiscale validity itself is established.	LABCOMPASS__LCB-7F3A91__20260825-1835-TR__BENCH_RX086_SCALE_AWARE_GATE_DOSSIER__r01.md	Scale gate switches on 68.1% of crossover cases with 5% false switch in true-AR control, but overall RMSE improves only ~2.2%. Valid warning/gating component, insufficient standalone value.
RX-087	IM-163->IM-162	2	REPRESENTATION_BRIDGE	Normal-fan regions provide the missing representation for piecewise-smooth optimization response: active face labels partition objective space before kinks are modeled.	Parametric LP/QP: smooth local fit vs active-face partitioned fit across regime boundaries.	5	4	ActiveSetMap; parametric optimization diagnostics	BENCHMARKED_SURVIVES_HIGH_VALUE	IM-163: PARAMETER/OBJECTIVE SPACE CAN BE PARTITIONED BY WHICH CONSTRAINT/FACE/OPTIMUM IS ACTIVE || IM-162: SMOOTH RESPONSE WITHIN ONE ACTIVE-CONSTRAINT REGIME; KINK/JUMP WHEN THE ACTIVE SET CHANGES	IM-163: M-531 || IM-162: M-525; M-530		LABCOMPASS__LCB-7F3A91__20260825-1835-TR__BENCH_RX087_ACTIVE_SET_MAP_DOSSIER__r01.md	Active-set classifier accuracy 98.4%. Piecewise affine map RMSE .00224 vs strong histogram-gradient-boosting .03874 (-94.2%); near-boundary RMSE .00532 vs .03783 (-85.9%). No-kink interior is exactly affine.
RX-088	IM-169->IM-299	2	FAILURE_MODE_IMPORT	Transient/local amplification is not persistence when transport sweeps amplified perturbations away; add convective-vs-absolute discriminator to transient-gain alarms.	Advection-amplification PDE: raw transient gain vs fixed-location persistence-aware alarm.	5	3	PersistenceAwareTransientRisk	BENCHMARKED	IM-169: LOCAL AMPLIFICATION ≠ LOCAL PERSISTENCE: GROWTH CAN BE SWEPT AWAY FASTER THAN IT ACCUMULATES || IM-299: EVERY ASYMPTOTIC MODE CAN DECAY WHILE THE SYSTEM STILL HAS ENORMOUS FINITE-TIME AMPLIFICATION	IM-169: P-370; P-371 || IM-299: P-098; P-099	HIGH: absolute vs convective instability is classical	LABCOMPASS__LCB-7F3A91__20260825-0355-TR__BENCH_RX088_PERSISTENCE_TRANSIENT_DOSSIER__r01.md	SURVIVES. Global-growth AUC 0.7298 vs fixed-location persistence AUC 0.9999; raw alarm ~75.1% false alarms on convective-growing cases. Zero-advection control collapses score gap to zero.
RX-089	IM-170->IM-023	2	CONSTRAINT_TRANSLATION	A rate-limiting layer can be identified by comparing reaction/processing time against residence/transport time rather than inspecting nominal capacities alone.	Matched-capacity flow reactor/queue: capacity-only bottleneck vs timescale-ratio detector.	5	4	TimescaleBottleneckDetector	BENCHMARKED_SURVIVES_HIGH_VALUE	IM-170: SUCCESS DEPENDS ON COMPLETING TRANSPORT/REACTION BEFORE A FINITE LIFETIME OR RESIDENCE CLOCK EXPIRES || IM-023: GLOBAL RATE = CURRENT RATE-LIMITING LAYER	IM-170: P-465; P-466 || IM-023: P-467; P-468; M-048; P-360; P-758; E-514; S-960		LABCOMPASS__LCB-7F3A91__20260825-1925-TR__BENCH_RX089_TIMESCALE_BOTTLENECK_DOSSIER__r02.md	Same 30-job information budget r02: empirical completion pilot bottleneck accuracy 84.5% vs process/residence timescale estimator 90.2%; throughput MAE 5.82->3.31 (-43.1%). Capacity-only 36.6%. Equal-timescale control reverts toward capacity logic.
RX-090	IM-171->IM-010	2	FAILURE_MODE_IMPORT	Physical connection does not imply usable edge when source capacity cannot satisfy downstream sink load.	Flow/network propagation benchmark with identical topology but varying sink load.	5	2	LoadAwareConnectivity	LIVE	IM-171: A LOCALLY CAPABLE SOURCE MAY FAIL TO PROPAGATE BECAUSE THE DOWNSTREAM SINK/LOAD IS TOO LARGE || IM-010: PHYSICAL TOPOLOGY / POTENTIAL TOPOLOGY / CURRENTLY USABLE TOPOLOGY	IM-171: P-473; P-999 || IM-010: P-1000; P-999; P-990; P-991; E-916; P-776	Connectivity conditioned on source/sink capacity is ordinary flow feasibility.		Direct-theory / existing-core triage r24: Connectivity conditioned on source/sink capacity is ordinary flow feasibility.
RX-091	IM-172->IM-452	2	FAILURE_MODE_IMPORT	Liquidity/capacity planning based on mean service/load misses waiting/overflow generated by variance at the same mean.	Equal-mean service distributions with different variance; compare mean-only vs variability-aware buffer policy.	5	2	VarianceAwareCapacityPlanner	BENCHMARKED	IM-172: SAME MEAN LOAD/SERVICE CAN PRODUCE VERY DIFFERENT CONGESTION WHEN VARIABILITY DIFFERS || IM-452: VERIFICATION CAN TURN A FUTURE CLAIM, RECEIVABLE, OR INVENTORY POSITION INTO CURRENT LIQUIDITY	IM-172: M-324 || IM-452: E-885;E-886;E-887;E-888;E-889;E-890;E-891;E-892;E-893;E-894;E-895;E-896;E-897;E-898;E-899;E-900	VERY HIGH: Pollaczek-Khinchine second-moment dependence is textbook queueing theory	LABCOMPASS__LCB-7F3A91__20260825-0355-TR__BENCH_RX091_VARIANCE_CAPACITY_DOSSIER__r01.md	SURVIVES but commodity. CV2=4 mean-only wait 1.2573 vs target .5; variance-aware 0.4993. CV2=1 control makes policies identical.
RX-092	IM-173->IM-042	2	MEASUREMENT_TRANSFER	Use spectral shadow as a cheap screen for globally localized bottlenecks before expensive combinatorial cut search.	Large graph: spectral screen + selective exact cuts vs exhaustive cut analysis under matched compute.	5	2	SpectralBottleneckScout	LIVE	IM-173: A HARD COMBINATORIAL BOTTLENECK CAN SOMETIMES BE BOUNDED BY AN EASIER SPECTRAL SURROGATE || IM-042: GLOBAL FAILURE/RATE CAN LIVE AT ONE EXTREME LOCAL REGION	IM-173: M-351; M-352; M-353 || IM-042: M-374; P-193; S-190	Spectral screening for graph bottlenecks/cuts is established.		Direct-theory / existing-core triage r24: Spectral screening for graph bottlenecks/cuts is established.
RX-093	IM-174->IM-034	2	REPRESENTATION_BRIDGE	Coupling turns abstract distributional distance into probability of disagreement under a best joint realization, making information-source differences operational.	Decision tasks under paired experiments: scalar accuracy vs coupling disagreement bound.	4	4	CouplingDistanceExplainer	BENCHMARKED_VALID_EXPLAINER_NOT_DISTINCT	IM-174: TURN ABSTRACT DISTRIBUTIONAL DIFFERENCE INTO MINIMUM PROBABILITY THAT OPTIMALLY COUPLED REALIZATIONS DISAGREE || IM-034: INFORMATION QUALITY IS AN ORDER, NOT ONE SCALAR	IM-174: M-378; M-379 || IM-034: E-404; E-405; M-630; S-008		LABCOMPASS__LCB-7F3A91__20260825-1905-TR__BENCH_RX093_COUPLING_DISTANCE_DOSSIER__r01.md	All candidates have identical 85% scalar accuracy. TV/coupling AUC .992 for downstream substitution risk, but Frobenius .994 and JS .985 are similarly strong. Value is interpretable disagreement bound and joint-error audit, not algorithmic superiority; keep as component.
RX-094	IM-175->IM-190	2	CONTROL_LAW_TRANSFER	Local influence contraction can provide a stopping horizon for how far event-time history should be retained in a timing sensor.	Hidden-state event stream: full-history timing filter vs contraction-truncated history.	5	3	AdaptiveMemoryHorizon	LIVE	IM-175: LOCAL INFLUENCE BOUNDS CAN CERTIFY GLOBAL FORGETTING OF INITIAL CONDITIONS || IM-190: WHEN YOU CHOOSE TO LOOK CAN ITSELF REVEAL INFORMATION ABOUT THE HIDDEN STATE	IM-175: M-380 || IM-190: S-874; S-875	Exponential forgetting of HMM/nonlinear filters and its use in approximation are established. Adaptive finite-history wrappers are adjacent rather than foundationally new.		Keep as implementation candidate only if a receiving-domain-specific horizon certificate adds value; benchmark priority lowered.
RX-095	IM-176->IM-282	2	FAILURE_MODE_IMPORT	Macroscopic concentration can emerge from occupancy-dependent retention without pairwise attraction, creating endogenous hotspot/overflow risk in shared-capacity systems.	Load-routing model: independent retention baseline vs occupancy-dependent retention; hotspot tail risk.	5	4	EndogenousHotspotGuard	LIVE	IM-176: MACROSCOPIC CONCENTRATION CAN EMERGE WITHOUT DIRECT PAIRWISE ATTRACTION THROUGH OCCUPANCY-DEPENDENT RETENTION || IM-282: NOMINAL COMMITMENTS CAN EXCEED PHYSICAL CAPACITY WHEN ONLY A RANDOM SUBSET MATERIALIZES — AT COST OF OVERFLOW RISK	IM-176: P-147; P-148 || IM-282: E-465; E-466			
RX-096	IM-178->IM-326	2	MEASUREMENT_TRANSFER	Rank model-reduction errors by the past-input to hidden-state to future-output bridge rather than state variance alone.	High-order dynamical system: PCA/state-energy truncation vs Hankel-importance truncation on target output.	5	1	HankelImpactReducer	LIVE	IM-178: STATE IMPORTANCE SHOULD BE MEASURED BY HOW STRONGLY IT CONNECTS PAST INPUT TO FUTURE OUTPUT || IM-326: GLOBAL TARGET ERROR SHOULD WEIGHT LOCAL RESIDUALS BY THEIR CONSEQUENCE FOR THE TARGET	IM-178: M-423; M-424; M-425; M-426 || IM-326: M-255	Hankel-state importance is balanced truncation/model reduction.		Direct-theory / existing-core triage r24: Hankel-state importance is balanced truncation/model reduction.
RX-097	IM-180->IM-032	2	CONSTRAINT_TRANSLATION	Missing-data reconstruction can fail because measurement geometry/time never crosses the observability threshold, even with low noise.	Sensor-placement sweep: sample-count matched random placement vs coverage-threshold-aware placement.	5	2	ObservabilityCoveragePlanner	LIVE	IM-180: UNIQUE RECOVERY CAN HAVE A GEOMETRIC/TIME COVERAGE THRESHOLD, NOT JUST NOISE OR SAMPLE-SIZE THRESHOLD || IM-032: MISSING OBSERVATIONS + STRUCTURE → RECONSTRUCTION POSSIBLE	IM-180: M-433; M-434 || IM-032: M-173; M-175; S-356	Observability-threshold sensor coverage is standard observability/sensor-placement theory.		Direct-theory / existing-core triage r24: Observability-threshold sensor coverage is standard observability/sensor-placement theory.
RX-098	IM-182->IM-299	2	COMPOSITION_NEW	Few direct disturbance/control directions can generate many effective directions through noncommuting dynamics, changing transient-risk reachability.	Bracket-generating nonlinear system: direct-span risk model vs Lie-closure reachable perturbations.	5	4	LieReachabilityRisk	BENCHMARKED_SURVIVES	IM-182: DIRECT CONTROL/NOISE DIRECTIONS CAN BE FEW WHILE ORDERED DYNAMICAL COMPOSITIONS GENERATE MANY MORE DIRECTIONS || IM-299: EVERY ASYMPTOTIC MODE CAN DECAY WHILE THE SYSTEM STILL HAS ENORMOUS FINITE-TIME AMPLIFICATION	IM-182: M-388; M-389; M-390 || IM-299: P-098; P-099	MODERATE_HIGH: nonlinear Lie-reachability/LARC and controllability-transient-growth theory are established; targeted search did not find the exact modular closure-direction -> finite-time amplification audit as a commodity product.	LABCOMPASS__LCB-7F3A91__20260825-0426-TR__BENCH_RX098_LIE_REACHABILITY_TRANSIENT_DOSSIER__r01.md	Survives only as a narrow two-stage guard: validate nonlinear reachable directions, then score their finite-time target amplification. Commuting-field and weak-amplifier controls remove the gain; shuffled gain map breaks it.
RX-099	IM-185->IM-070	2	REPRESENTATION_BRIDGE	Near heavy load, nominal high-dimensional scheduling may collapse onto a few workload directions; use effective workload dimension before solving full scheduler.	Queueing network sweep: full-state policy vs state-space-collapse reduced policy near critical load.	5	2	WorkloadCollapseScheduler	LIVE	IM-185: HEAVY LOAD CAN REDUCE EFFECTIVE DYNAMIC DIMENSION EVEN WHILE NOMINAL DIMENSION STAYS LARGE || IM-070: GLOBAL SIZE HUGE; HARDNESS CONTROLLED BY INTERFACE WIDTH	IM-185: M-326; M-328 || IM-070: M-561; M-562; M-574; M-575; M-576	Workload/state-space collapse in heavy traffic is established queueing/control theory.		Direct-theory / existing-core triage r24: Workload/state-space collapse in heavy traffic is established queueing/control theory.
RX-100	IM-189->IM-028	2	FAILURE_MODE_IMPORT	Random-time sampling and survivor selection are distinct duration-selection mechanisms that can produce the same apparent slowing; discriminate them before correction.	Known-duration population: random-time snapshots vs cohort-follow-up; compare correction formulas.	5	4	DurationBiasDiscriminator	LIVE	IM-189: RANDOM-TIME OBSERVATION OVERREPRESENTS LONG-LIVED STATES/EPISODES || IM-028: HIGH-RATE TYPES EXIT FIRST → SURVIVORS LOOK SLOWER	IM-189: S-272 || IM-028: S-035; E-546; P-050			
RX-101	IM-190->IM-014	2	MEASUREMENT_TRANSFER	Adaptive measurement should treat observation timing itself as a sensor when visit/event intensity depends on latent state.	Weak-mark latent-state benchmark: mark-only vs mark+event-time likelihood, plus equal-rate negative control.	5	5	ObservationTimingSensorV0; telemetry/market/maintenance monitoring	BENCHMARKED	IM-190: WHEN YOU CHOOSE TO LOOK CAN ITSELF REVEAL INFORMATION ABOUT THE HIDDEN STATE || IM-014: OBSERVATION POLICY ← CURRENT UNCERTAINTY	IM-190: S-874; S-875 || IM-014: M-669; M-670; M-671; M-672; M-673; M-674; M-675; M-676; S-827; S-828; S-829; S-830; S-831; S-832; S-833; S-834; S-835; S-836; S-837; S-838; S-839; S-840; S-859; M-638			
RX-102	IM-190->IM-040	2	COMPOSITION_NEW	Measurement policy can both reveal state through its timing and change the future data-generating process; infer state without confusing policy-induced arrival changes with natural state evidence.	Closed-loop simulator: endogenous inspection schedule; naive timing sensor vs policy-conditioned timing likelihood.	5	4	PolicyAwareTimingSensor	BENCHMARKED_SURVIVES	IM-190: WHEN YOU CHOOSE TO LOOK CAN ITSELF REVEAL INFORMATION ABOUT THE HIDDEN STATE || IM-040: MEASUREMENT POLICY CAN CHANGE THE PROCESS BEING MEASURED	IM-190: S-874; S-875 || IM-040: E-782; E-786; P-242; S-977	MEDIUM_HIGH	LABCOMPASS__LCB-7F3A91__20260825-0358-TR__BENCH_IM190_IM040_POLICY_AWARE_TIMING_DOSSIER__r01.md	Informative observation-process literature is established; narrower operational kernel survives: condition timing evidence on measurement policy so policy-mix shift is not mistaken for state shift.
RX-103	IM-191->IM-256	2	REPRESENTATION_BRIDGE	Quotient latent-label permutations before target-sufficient compression so arbitrary component names do not create fake state distinctions.	Mixture model with repeated label permutations: raw named-state representation vs permutation-invariant decision representation.	5	2	PermutationInvariantState; latent-model reporting	LIVE	IM-191: LATENT COMPONENT NAMES MAY BE PURE SYMMETRY; A NAMED HIDDEN CLASS IS NOT AUTOMATICALLY AN IDENTIFIED ENTITY || IM-256: A REPRESENTATION CAN THROW AWAY MOST RAW DETAIL YET PRESERVE ALL INFORMATION RELEVANT TO ONE TARGET	IM-191: S-269; S-270 || IM-256: S-008	Label-switching quotient/invariant reporting is standard latent-mixture identifiability handling.		Direct-theory / existing-core triage r24: Label-switching quotient/invariant reporting is standard latent-mixture identifiability handling.
RX-104	IM-192->IM-023	2	CONTROL_LAW_TRANSFER	When true regeneration exists, long-run throughput can be estimated from reward-per-cycle/time-per-cycle without modeling every within-cycle detail.	Regenerative queue/process: full-path estimator vs cycle-ratio estimator under matched data.	5	4	RegenerativeRateEstimator; throughput monitoring	LIVE	IM-192: REGENERATIVE COMPLEXITY CAN COLLAPSE TO REWARD-PER-CYCLE / TIME-PER-CYCLE FOR LONG-RUN RATES || IM-023: GLOBAL RATE = CURRENT RATE-LIMITING LAYER	IM-192: S-113; S-114; M-123 || IM-023: P-467; P-468; M-048; P-360; P-758; E-514; S-960			
RX-105	IM-193->IM-016	2	CONSTRAINT_TRANSLATION	Whether age belongs in state depends on which clock resets: gap-time and global calendar-time are not interchangeable memory variables.	Recurrent-event simulator with calendar drift plus post-event recovery; fit gap-time-only vs calendar-time-only vs dual-clock state.	5	2	ClockStateSelector; recurrent-event forecasting	LIVE	IM-193: RESETTING THE CLOCK AFTER EACH EVENT AND USING ONE GLOBAL CLOCK ARE DIFFERENT MODELS || IM-016: SAME STATE + DIFFERENT AGE → DIFFERENT FUTURE	IM-193: S-312; S-313 || IM-016: M-122; S-280; P-051; P-527; E-160	Gap-time versus calendar-time clocks are standard recurrent-event modeling choices.		Direct-theory / existing-core triage r24: Gap-time versus calendar-time clocks are standard recurrent-event modeling choices.
RX-106	IM-194->IM-070	2	COMPOSITION_NEW	Algebraic mixing can beat a narrow routing interface even when adding physical routes is impossible, changing effective interface capacity.	Multicast bottleneck network: store-and-forward routing vs linear network coding at identical topology/capacity.	5	1	CodedBottleneckRouter; distributed data movement	LIVE	IM-194: DON'T JUST ROUTE FLOWS; ALGEBRAICALLY MIX THEM SO DOWNSTREAM NODES CAN RECONSTRUCT WHAT THEY NEED || IM-070: GLOBAL SIZE HUGE; HARDNESS CONTROLLED BY INTERFACE WIDTH	IM-194: M-277 || IM-070: M-561; M-562; M-574; M-575; M-576	Algebraic network coding explicitly increases bottleneck throughput: direct donor application.		Direct-theory / existing-core triage r24: Algebraic network coding explicitly increases bottleneck throughput: direct donor application.
RX-107	IM-195->IM-107	2	REPRESENTATION_BRIDGE	When point recovery fails, a bounded candidate list can be the correct identified object rather than declaring complete ignorance.	Noisy inverse problem beyond unique-decoding radius: point estimator failure vs list-valued coverage/size tradeoff.	5	2	CandidateSetDecoder; ambiguity-aware inference	LIVE	IM-195: WHEN UNIQUE RECOVERY BECOMES IMPOSSIBLE, RETURN A SMALL CANDIDATE LIST INSTEAD OF DECLARING TOTAL FAILURE || IM-107: WHEN DATA DO NOT POINT-IDENTIFY, CORRECT ANSWER MAY BE LARGE/DISCONNECTED/UNBOUNDED SET	IM-195: M-267 || IM-107: S-131; S-136; S-447	List decoding / set identification as the correct object is established ambiguity representation.		Direct-theory / existing-core triage r24: List decoding / set identification as the correct object is established ambiguity representation.
RX-108	IM-197->IM-023	2	FAILURE_MODE_IMPORT	A source may be intrinsically fast yet globally slow because the environment removes accessible destination modes; bottleneck can live in final-state availability.	Matched source dynamics in high vs low destination-state density; source-only rate model vs environment-aware rate model.	5	4	EnvironmentAwareRateLimiter	LIVE	IM-197: TRANSITION/DECAY RATE DEPENDS ON AVAILABLE FINAL STATES IN THE ENVIRONMENT, NOT ONLY ON THE SOURCE || IM-023: GLOBAL RATE = CURRENT RATE-LIMITING LAYER	IM-197: P-269; P-270 || IM-023: P-467; P-468; M-048; P-360; P-758; E-514; S-960			
RX-109	IM-198->IM-026	2	FAILURE_MODE_IMPORT	Nominally many emitters/channels are not effective redundancy when phase correlation makes outputs cooperate or cancel collectively.	Same marginal unit strength with independent, coherent, and anti-coherent phase structure; compare naive N-scaling to collective output.	5	4	CoherenceAdjustedRedundancy	LIVE	IM-198: CORRELATION/PHASE STRUCTURE CAN MAKE MANY UNITS EMIT FAR MORE OR FAR LESS THAN THE SUM OF INDEPENDENT UNITS || IM-026: NOMINAL REDUNDANCY ≠ EFFECTIVE REDUNDANCY	IM-198: P-273; P-274 || IM-026: S-505; S-520; M-278; E-508			
RX-110	IM-199->IM-275	2	REPRESENTATION_BRIDGE	Exchangeable dependence can sometimes be moved into a latent mixture so conditionally independent component models become valid routes for robust combination.	Exchangeable binary panel: direct correlated fit vs latent-mixture conditional models under misspecification.	4	4	ExchangeableMixtureBridge	LIVE	IM-199: SYMMETRIC DEPENDENCE CAN SOMETIMES BE REPRESENTED AS A MIXTURE OF SIMPLER CONDITIONALLY INDEPENDENT WORLDS || IM-275: TWO WRONG-PRONE MODELS CAN BE COMBINED SO VALIDITY SURVIVES IF EITHER ONE OF TWO DISTINCT MODELING ROUTES IS CORRECT	IM-199: M-474; M-475 || IM-275: S-068; S-953			
RX-111	IM-200->IM-023	2	CERTIFICATE_TRANSFER	Subadditivity can certify a stable large-scale throughput/rate in a random local environment without solving every microscopic realization.	Random-medium passage/processing benchmark: finite-window raw rate vs subadditive block bounds and extrapolated rate.	5	4	SubadditiveRateCertificate	LIVE	IM-200: LOCAL COMPOSITION INEQUALITIES CAN FORCE A STABLE LARGE-SCALE RATE EVEN IN A RANDOM ENVIRONMENT || IM-023: GLOBAL RATE = CURRENT RATE-LIMITING LAYER	IM-200: M-337; M-339 || IM-023: P-467; P-468; M-048; P-360; P-758; E-514; S-960			
RX-112	IM-201->IM-072	2	CONTROL_LAW_TRANSFER	For rare-path questions, condition/tilt the path dynamics toward the target event instead of wasting samples on typical trajectories.	Rare first-passage event: naive Monte Carlo vs h-transform/conditioned proposal with likelihood correction.	5	1	RarePathConditioner; rare-event simulation	LIVE	IM-201: CONDITIONING ON A RARE FUTURE EVENT CREATES A DIFFERENT EFFECTIVE PATH DYNAMICS || IM-072: DON'T SAMPLE TYPICAL PATHS IF QUESTION IS ABOUT ATYPICAL PATH	IM-201: M-149 || IM-072: S-093; M-115	Doob h-transform/conditioned proposals for rare events are standard rare-event simulation.		Direct-theory / existing-core triage r24: Doob h-transform/conditioned proposals for rare events are standard rare-event simulation.
RX-113	IM-203->IM-045	2	FAILURE_MODE_IMPORT	Vanishing pairwise dependence does not by itself certify harmless aggregation: mean-field interaction can remain at collective scale while finite subsets look independent.	Mean-field population sweep: pairwise-correlation independence alarm vs collective susceptibility/response.	5	2	CollectiveDependenceGuard	BENCHMARKED_CHILD_EXTENSION	IM-203: PAIRWISE DEPENDENCE CAN VANISH IN A LARGE POPULATION WHILE COLLECTIVE MEAN-FIELD INTERACTION REMAINS || IM-045: MANY UNITS ≠ AUTOMATIC SELF-AVERAGING	IM-203: M-151; M-152 || IM-045: P-154; P-156; M-154; E-515	HIGH	LABCOMPASS__LCB-7F3A91__20260825-0426-TR__BENCH_RX113_COLLECTIVE_DEPENDENCE_DOSSIER__r01.md	Scientific shell survives, but collapses into existing effective-diversity/common-mode core; no distinct product family.
RX-114	IM-204->IM-127	2	COMPOSITION_NEW	Prediction noise can shrink at N^-1/2 while the decision gap shrinks at the same rate, leaving a non-vanishing probability of choosing the wrong action despite macro convergence.	Gaussian aggregate benchmark: fixed gap vs c/sqrt(N) local gap; add common-mode dependence failure test.	5	5	DecisionFluctuationGuardV0; policy/model risk	BENCHMARKED	IM-204: MACRO DETERMINISM AND STOCHASTIC FLUCTUATIONS CAN LIVE AT DIFFERENT ASYMPTOTIC ORDERS || IM-127: WHEN TWO ACTIONS ALMOST EQUALLY GOOD, ESTIMATED BEST ACTION CAN BE UNSTABLE EVEN IF VALUE IS STABLE	IM-204: M-154; M-155 || IM-127: S-738			
RX-115	IM-205->IM-109	2	FAILURE_MODE_IMPORT	When a nonlinear/weak limit fails, classify the lost mass/structure as concentration, fragmentation, or escape before choosing a repair.	Synthetic weakly convergent sequences exhibiting each failure mode; compare single generic failure label vs classifier.	5	4	LimitFailureClassifier	LIVE	IM-205: THE LIMIT FAILED MUST BE SPLIT INTO CONCENTRATION, FRAGMENTATION, OR ESCAPE || IM-109: WEAK/AVERAGE LIMIT NEED NOT SURVIVE NONLINEAR OPERATION	IM-205: M-120 || IM-109: M-119; M-310; M-463			
RX-116	IM-208->IM-039	2	REPRESENTATION_BRIDGE	A failed coarse Markov closure can sometimes be repaired by adding the minimal memory variable that restores Markov dynamics.	Semi-Markov simulator: current-state-only model vs state+age augmentation; test one-step and multi-step closure.	5	2	MarkovizationFinder; state design	LIVE	IM-208: A NON-MARKOV OBSERVED PROCESS CAN BECOME MARKOV AFTER ADDING THE RIGHT MEMORY VARIABLE || IM-039: COARSE-GRAIN ONLY IF COARSE STATE HAS CLOSED DYNAMICS	IM-208: M-121; M-122 || IM-039: M-147; M-689; M-026; P-030	State augmentation to Markovize semi-Markov/non-Markov processes is standard.		Direct-theory / existing-core triage r24: State augmentation to Markovize semi-Markov/non-Markov processes is standard.
RX-117	IM-209->IM-314	2	REPRESENTATION_BRIDGE	Normalization can be the nonlinearity: lift to an unnormalized linear state, evolve there, and normalize only for reporting.	Finite-state nonlinear filter: normalized recursion vs Zakai-like unnormalized linear recursion, numerical stability comparison.	5	1	UnnormalizedLinearFilterLift	LIVE	IM-209: REMOVE NORMALIZATION, SOLVE A LINEAR UNNORMALIZED PROBLEM, NORMALIZE ONLY AT THE END || IM-314: NONLINEAR STATE DYNAMICS CAN BECOME LINEAR IN A LIFTED OBSERVABLE SPACE	IM-209: S-104 || IM-314: M-401	This is the Zakai unnormalized linear filter itself.		Direct-theory / existing-core triage r24: This is the Zakai unnormalized linear filter itself.
RX-118	IM-212->IM-190	2	MEASUREMENT_TRANSFER	Timing/count evidence should be measured as innovation relative to expected intensity, not raw event volume, before it is treated as hidden-state evidence.	State-dependent event stream with seasonality: raw count/timing score vs compensator-residual innovation score.	5	2	EventInnovationSensor	LIVE	IM-212: SUBTRACT THE PREDICTABLE PART OF AN OBSERVATION STREAM TO ISOLATE NEW INFORMATION || IM-190: WHEN YOU CHOOSE TO LOOK CAN ITSELF REVEAL INFORMATION ABOUT THE HIDDEN STATE	IM-212: S-105; S-120 || IM-190: S-874; S-875	Compensator/innovation residuals are standard point-process filtering diagnostics.		Direct-theory / existing-core triage r24: Compensator/innovation residuals are standard point-process filtering diagnostics.
RX-119	IM-213->IM-189	2	CONSTRAINT_TRANSLATION	Random-event and random-time samples induce different size/duration biases; convert sampling frame before comparing state prevalence or episode duration.	Alternating-state process: event-sampled vs time-sampled prevalence, with analytic Palm/length-bias correction.	5	2	SamplingFrameConverter	LIVE	IM-213: THE WORLD SEEN FROM A RANDOM EVENT IS NOT THE SAME AS THE WORLD SEEN FROM A RANDOM TIME || IM-189: RANDOM-TIME OBSERVATION OVERREPRESENTS LONG-LIVED STATES/EPISODES	IM-213: S-115 || IM-189: S-272	HIGH: random-time renewal sampling / inspection paradox / length-biased sampling are established statistical mechanisms.		Keep as a sampling-frame guardrail. The proposed converter is a direct operationalization of classical event-vs-time sampling bias, not a new product primitive.
RX-120	IM-214->IM-215	2	CERTIFICATE_STACK	Numerical optimality gaps should be reported only after certificate preconditions/feasibility geometry are validated; algebraic stationarity alone is not enough.	Degenerate constrained optimization cases: KKT-looking candidate vs feasible primal-dual certificates under/without qualification.	5	3	CertifiedOptimalityStack	LIVE	IM-214: A CERTIFICATE CAN LOOK CORRECT ALGEBRAICALLY YET BE INVALID BECAUSE LOCAL CONSTRAINT GEOMETRY IS DEGENERATE || IM-215: A FEASIBLE CANDIDATE + OPPOSITE-SIDE CERTIFICATE CAN GIVE A NUMERICAL ERROR BAR ON OPTIMALITY	IM-214: M-525; M-526; M-527 || IM-215: M-415; M-417; M-528	CQ/feasibility plus primal-dual gap is sound solver assurance, but standard optimization practice.		Direct-theory / existing-core triage r24: CQ/feasibility plus primal-dual gap is sound solver assurance, but standard optimization practice.
RX-121	IM-216->IM-094	2	MEASUREMENT_TRANSFER	Spend calibration/measurement effort on upstream errors according to backward-propagated consequence for the final decision rather than raw fit error.	Equal-budget calibration: uniform residual weighting vs adjoint/decision-consequence weighting on downstream action regret.	5	2	DecisionWeightedCalibration	LIVE	IM-216: PROPAGATE FUTURE CONSEQUENCE BACKWARD TO PRICE TODAY’S LOCAL ACTION || IM-094: LIMITED INFORMATION CAPACITY SHOULD BE SPENT ON DISTINCTIONS THAT CAN CHANGE DECISION	IM-216: M-255 || IM-094: E-100; E-458	Direct adjacency to dual-weighted-residual / adjoint goal-oriented error estimation and adaptive refinement, which back-propagates quantity-of-interest sensitivity to local errors.		Useful translation into calibration budgets, but operator is mature; no breakthrough claim.
RX-122	IM-217->IM-201	2	COMPOSITION_NEW	Rare-event conditioned dynamics can be implemented computationally as a path reweighting/change-of-measure scheme while preserving likelihood correction.	Rare-event diffusion: naive sampling vs drift-tilted proposal; verify unbiased corrected estimate and variance reduction.	5	1	RareEventMeasureTilting	LIVE	IM-217: KEEP THE SAME PATHS BUT CHANGE THEIR PROBABILITY WEIGHTS TO REMOVE/ALTER DRIFT || IM-201: CONDITIONING ON A RARE FUTURE EVENT CREATES A DIFFERENT EFFECTIVE PATH DYNAMICS	IM-217: M-113; M-386 || IM-201: M-149	Girsanov/change-of-measure implementation of conditioned rare events is direct theory.		Direct-theory / existing-core triage r24: Girsanov/change-of-measure implementation of conditioned rare events is direct theory.
RX-123	IM-219->IM-043	2	MEASUREMENT_TRANSFER	A stationary macro distribution can hide irreversible circulation; forward-vs-reverse path likelihood exposes the internal arrow of time.	Markov chains sharing the same stationary law: reversible vs circulating kernels; compare occupancy-only vs path-reversal detector.	5	2	StationaryArrowDetector	LIVE	IM-219: A SYSTEM’S ARROW OF TIME CAN BE VISIBLE IN FORWARD/REVERSE PATH PROBABILITIES EVEN WHEN MACRO STATE IS STATIONARY || IM-043: STATIONARY MACRO STATE ≠ ZERO INTERNAL FLOW	IM-219: P-121; P-124; P-125 || IM-043: P-122; P-123; P-457; M-498	HIGH: entropy production / time-reversal path likelihood is a standard irreversibility measure in stationary stochastic thermodynamics.		Strong ontology overlap with existing CycleFlowAnalyzer/CycleFlow mechanism. Treat as a path-likelihood measurement child, not a separate product family.
RX-124	IM-220->IM-072	2	FAILURE_MODE_IMPORT	Nonequilibrium free-energy estimators use exponential path weights, so apparently rare work trajectories can dominate the estimate; typical-path sampling can be catastrophically inefficient.	Driven-work simulation: ordinary trajectory sampling vs tail-aware/importance sampling at matched trajectory budget.	5	1	ExponentialWorkTailGuard	LIVE	IM-220: INFER AN EQUILIBRIUM STATE DIFFERENCE FROM NONEQUILIBRIUM DRIVEN TRAJECTORIES || IM-072: DON'T SAMPLE TYPICAL PATHS IF QUESTION IS ABOUT ATYPICAL PATH	IM-220: P-126; P-127 || IM-072: S-093; M-115	Rare exponential weights dominating Jarzynski estimators is a known nonequilibrium sampling issue.		Direct-theory / existing-core triage r24: Rare exponential weights dominating Jarzynski estimators is a known nonequilibrium sampling issue.
RX-125	IM-223+IM-227->IM-282	3	STATE_AUGMENTATION	At a hard cap, the constrained state can saturate and hide how strongly the unconstrained process is pushing against the boundary; regulator increments/local time recover pressure relevant to future overflow.	Condition on identical capped state; compare state-only vs regulator/local-pressure prediction under persistent latent pressure and IID-pressure negative control.	5	5	ConstraintPressureMonitor	BENCHMARKED_SURVIVES	IM-223: ENFORCE A HARD STATE CONSTRAINT WITH MINIMUM NECESSARY CORRECTION AND TRACK THAT CORRECTION SEPARATELY || IM-227: ORDINARY CLOCK TIME AND ACCUMULATED CONTACT/VISIT TIME AT A BOUNDARY ARE DIFFERENT STATE VARIABLES || IM-282: NOMINAL COMMITMENTS CAN EXCEED PHYSICAL CAPACITY WHEN ONLY A RANDOM SUBSET MATERIALIZES — AT COST OF OVERFLOW RISK	IM-223: M-329 || IM-227: M-317 || IM-282: E-465; E-466			
RX-126	IM-222->IM-374	2	MEASUREMENT_TRANSFER	Recovery-time inflation can reveal weakening stability before visible state collapse; use recovery dynamics as an early-warning channel for hidden cumulative defect.	Fatigue process with same current output but different hidden damage; test recovery-time features for future failure prediction.	5	2	RecoveryTimeEarlyWarning	LIVE	IM-222: RECOVERY TIME CAN DIVERGE BEFORE THE STATE ITSELF VISIBLY COLLAPSES || IM-374: REPEATED INDIVIDUALLY SUBCRITICAL LOAD CYCLES CAN GROW A HIDDEN DEFECT UNTIL FAILURE	IM-222: P-119; P-120 || IM-374: P-233	Critical slowing down and recovery-time inflation are established early-warning signals across physical, ecological, engineering and clinical systems.		Useful monitoring guardrail; not a new cross-domain product mechanism.
RX-127	IM-225->IM-395	2	CERTIFICATE_TRANSFER	Sequential dependent observations can still support finite-time alarms if monitoring statistics are martingale differences with predictable variance rather than treated as IID.	Dependent stream with controlled conditional variance; compare IID tail threshold vs Freedman-style sequential bound.	5	4	DependentStreamDeviationGuard	LIVE	IM-225: DEPENDENT SEQUENTIAL DATA CAN STILL HAVE SHARP DEVIATION GUARANTEES IF SURPRISES AND PREDICTABLE VARIANCE ARE CONTROLLED || IM-395: BOUNDARIES CAN EXCLUDE FLUCTUATION MODES AND THE RESULTING MODE IMBALANCE CAN PRODUCE A FORCE	IM-225: M-311; M-313 || IM-395: P-478;P-479;P-480			
RX-128	IM-228->IM-335	2	MEASUREMENT_TRANSFER	Active sensing should first determine whether signal strength is above a structural detectability threshold; below threshold, more of the same measurement geometry may buy almost nothing.	Spiked/noise model: adaptive measurement allocation below/above separation threshold at fixed budget.	5	2	DetectabilityAwareSensing	BENCHMARKED	IM-228: A REAL SIGNAL CAN EXIST YET REMAIN UNDETECTABLE UNTIL IT CROSSES A STRUCTURAL SEPARATION THRESHOLD || IM-335: MEASUREMENT LOCATIONS SHOULD BE CHOSEN TO SHAPE THE INFORMATION GEOMETRY FOR THE TARGET	IM-228: M-184; M-185; S-450 || IM-335: S-048; S-049; S-050	Direct collision: projection tests for high-dimensional spiked covariance use lower-dimensional projection then detection; sparse PCA/support-aware methods improve spiked detection/recovery.	LABCOMPASS__LCB-7F3A91__20260825-0406-TR__BENCH_RX128_DETECTABILITY_AWARE_SENSING_DOSSIER__r01.md	Valid transfer but commodity: median AUC broad 0.605 vs targeted 0.857; wrong subspace 0.493. No prototype promotion.
RX-129	IM-229->IM-390	2	HIDDEN_EQUIVALENCE	Persistent-homology survival across scales and nested-estimate agreement are two versions of a multiscale stability gate: trust structure only if it persists under resolution change.	Noisy multiscale feature field: one-scale detector vs persistence/nested-agreement gate.	5	2	MultiscalePersistenceGate	LIVE	IM-229: A FEATURE IS MORE CREDIBLE IF IT SURVIVES ACROSS A RANGE OF RESOLUTION SCALES || IM-390: ADAPT RESOLUTION BY COMPARING NESTED ESTIMATES AND STOP WHERE FINER ESTIMATES CEASE TO AGREE	IM-229: M-191 || IM-390: S-456	HIGH: persistent homology is explicitly a multiscale persistence/stability construction; multiscale feature detection and stability are mature.		The Lepski-style nested-agreement analogy is useful conceptually but does not justify a 5/5 product claim.
RX-130	IM-230->IM-319	2	FAILURE_MODE_IMPORT	Random low-dimensional embeddings can preserve distances approximately yet cannot evade topology-imposed collisions when exact lossless representation is impossible.	Continuous manifold-to-lower-dimension compression: compare metric distortion guarantee with exact injectivity failure.	5	4	CompressionTopologyGuard	LIVE	IM-230: LOSSLESS LOW-DIMENSIONAL REPRESENTATION CAN BE IMPOSSIBLE EVEN WITH ZERO NOISE: TOPOLOGY CAN FORCE COLLISIONS || IM-319: RANDOM LOW-DIMENSIONAL COMPRESSION CAN PRESERVE THE GEOMETRY THAT MATTERS	IM-230: M-196 || IM-319: M-189; M-637			
RX-131	IM-231->IM-076	2	MISSING_OPERATOR_TRANSFER	Convex infeasibility has a small witness under Helly-type geometry; pair this with alternative/Farkas certificates so solver failure returns a compact human-auditable conflict core.	Planted infeasible large convex system: find minimal/small infeasible subset and verify with dual certificate.	5	2	SmallConflictCertificate	LIVE	IM-231: UNDER THE RIGHT CONVEX SHELL, GLOBAL FEASIBILITY CAN BE CERTIFIED BY CHECKING ONLY SMALL SUBSETS || IM-076: FAILURE TO FIND SOLUTION ≠ PROOF NONE EXISTS; SOME FAILURES HAVE SHORT WITNESS	IM-231: M-199 || IM-076: M-523; M-524	Helly-type small infeasibility certificates and irreducible infeasible subsystem/conflict explanations are established optimization tools.		Keep as solver-explanation packaging only.
RX-132	IM-233->IM-420	2	MISSING_OPERATOR_TRANSFER	When both identity/linkage and latent outcome are unknown, joint recovery may be possible only by imposing incompatible structural classes on the two layers and propagating that uncertainty downstream.	Synthetic entity-resolution + low-rank outcome model with simultaneous identity corruption; compare sequential vs joint structured recovery.	4	2	JointLayerRecovery	LIVE	IM-233: TWO UNKNOWN LAYERS CAN SOMETIMES BE RECOVERED JOINTLY IF THEY OBEY DIFFERENT STRUCTURAL CONSTRAINTS || IM-420: UNCERTAINTY ABOUT WHICH RECORDS BELONG TOGETHER MUST PROPAGATE INTO EVERY DOWNSTREAM ESTIMATE	IM-233: M-174 || IM-420: S-671;S-672	HIGH: joint Bayesian record-linkage plus outcome/regression/causal models already jointly infer linkage and downstream structure and propagate linkage uncertainty.		Blind-deconvolution analogy is structurally valid but the receiving-domain joint-recovery operator is occupied.
RX-133	IM-234->IM-453	2	MEASUREMENT_TRANSFER	Ground-truth-free risk estimation can tune forecast/denoising sharpness using estimator response to noise rather than unavailable truth, but only under the noise shell supporting Stein/SURE identities.	Gaussian-noise tuning vs oracle risk; repeat under heavy-tailed noise as destructive shell violation.	5	2	GroundTruthFreeRiskTuner	LIVE	IM-234: ESTIMATE UNOBSERVABLE ERROR FROM HOW THE ESTIMATOR RESPONDS TO OBSERVED NOISE || IM-453: A FORECAST CAN BE CALIBRATED YET USELESSLY BROAD; SHARPNESS IS VALUABLE ONLY SUBJECT TO CALIBRATION	IM-234: S-901; S-902 || IM-453: S-921;S-922;S-923;S-924;S-925;S-926;S-927;S-928;S-929;S-930;S-931;S-932;S-933;S-934;S-935;S-936;S-937;S-938;S-939;S-940	SURE is itself a ground-truth-free risk estimator/tuner under the declared noise shell.		Direct-theory / existing-core triage r24: SURE is itself a ground-truth-free risk estimator/tuner under the declared noise shell.
RX-134	IM-235->IM-322	2	HIDDEN_EQUIVALENCE	Nominal parameter count is not model complexity; both effective degrees of freedom and shattering capacity measure how strongly a fitted class can respond to data.	Overparameterized regularized models with same parameter count but different sensitivity/generalization.	5	4	EffectiveComplexityMeter	LIVE	IM-235: MODEL COMPLEXITY IS HOW STRONGLY THE FIT REACTS TO DATA, NOT HOW MANY PARAMETERS ARE WRITTEN DOWN || IM-322: GENERALIZATION COMPLEXITY CAN BE CONTROLLED BY SHATTERING CAPACITY, NOT NOMINAL PARAMETER COUNT	IM-235: S-903; S-904 || IM-322: M-589; M-590; M-591; M-592			
RX-135	IM-236+IM-237->IM-314	3	REPRESENTATION_BRIDGE	Onsager correction can close a huge iterative inverse problem onto low-dimensional state evolution; the correction is the missing operator that makes the coarse recursion approximately autonomous.	Random linear inverse problem: naive iterative thresholding vs AMP; compare residual correlation and scalar state-evolution prediction.	5	1	StateEvolutionClosure	LIVE	IM-236: ITERATIVE SELF-FEEDBACK CREATES CORRELATED RESIDUALS; ADD A CORRECTION THAT CANCELS MEMORY OF PREVIOUS ITERATION || IM-237: A HUGE COUPLED ESTIMATION ALGORITHM CAN HAVE LOW-DIMENSIONAL ERROR DYNAMICS IN THE RIGHT RANDOM REGIME || IM-314: NONLINEAR STATE DYNAMICS CAN BECOME LINEAR IN A LIFTED OBSERVABLE SPACE	IM-236: S-911; S-912 || IM-237: S-913 || IM-314: M-401	Onsager correction plus state evolution is the defining AMP machinery.		Direct-theory / existing-core triage r24: Onsager correction plus state evolution is the defining AMP machinery.
RX-136	IM-238->IM-452	2	INCENTIVE_TRANSFER	Future verification changes present behavior when rewards/claims can be clawed back; verification therefore affects current deployability not only ex-post truth.	Agent simulation with delayed audit and adjustable clawback; compare immediate effort/claim quality at equal expected nominal reward.	4	4	DelayedVerificationIncentiveGate	LIVE	IM-238: FUTURE VERIFICATION CAN RETROACTIVELY CHANGE AN EARLIER PAYOFF, SO DELAYED INFORMATION CREATES PRESENT INCENTIVES || IM-452: VERIFICATION CAN TURN A FUTURE CLAIM, RECEIVABLE, OR INVENTORY POSITION INTO CURRENT LIQUIDITY	IM-238: E-336 || IM-452: E-885;E-886;E-887;E-888;E-889;E-890;E-891;E-892;E-893;E-894;E-895;E-896;E-897;E-898;E-899;E-900			
RX-137	IM-239->IM-013	2	FAILURE_MODE_IMPORT	A nominal commitment has little option-value effect if future parties will jointly renegotiate it away; commitment valuation must be renegotiation-proof.	Dynamic contract toy model: ex-ante optimal promise with/without renegotiation constraint.	5	4	RenegotiationProofCommitment	LIVE	IM-239: A CURRENT COMMITMENT IS NOT REAL IF FUTURE PARTIES WILL RATIONALLY RENEGOTIATE IT AWAY || IM-013: COMMITMENT VS OPTION VALUE	IM-239: E-337; E-075 || IM-013: E-973; E-980; E-950; E-956; E-761; E-779			
RX-138	IM-240->IM-422	2	CONSTRAINT_TRANSLATION	A raw marginal score can fail implementability under nonconvex/incentive constraints; ironing converts a nonmonotone score into a feasible decision rule rather than pretending one marginal price supports it.	Nonmonotone virtual-value/allocation example: raw ranking vs ironed implementable allocation.	4	4	ImplementabilityIroner	LIVE	IM-240: A RAW SCORE/RANKING MAY BE UNIMPLEMENTABLE; FLATTEN NONMONOTONE REGIONS UNTIL DECISION RULE SATISFIES INCENTIVES || IM-422: ONE MARGINAL PRICE CANNOT SUPPORT A FEASIBLE OPTIMUM WHEN FIXED STARTUP AND INTERTEMPORAL COSTS MAKE THE FEASIBLE SET NONCONVEX	IM-240: E-349 || IM-422: E-650;E-651;E-652;E-653;E-654			
RX-139	IM-241->IM-420	2	FAILURE_MODE_IMPORT	Sparse local message passing is exact on trees but loops create dependency reuse; record-linkage/message graphs must propagate loop-induced uncertainty rather than treat local messages as independent evidence.	Tree vs loopy identity graph: belief propagation calibration and downstream estimate coverage.	5	2	LoopyEvidenceGuard	LIVE	IM-241: SPARSE LOCAL MESSAGES CAN RECOVER A GLOBAL BELIEF/CONSISTENCY STATE — BUT LOOPS CHANGE THE VALIDITY CONTRACT || IM-420: UNCERTAINTY ABOUT WHICH RECORDS BELONG TOGETHER MUST PROPAGATE INTO EVERY DOWNSTREAM ESTIMATE	IM-241: M-269; M-270 || IM-420: S-671;S-672	Loopy belief-propagation dependence reuse and uncertainty are established graphical-model issues.		Direct-theory / existing-core triage r24: Loopy belief-propagation dependence reuse and uncertainty are established graphical-model issues.
RX-140	IM-242->IM-253	2	MISSING_OPERATOR_TRANSFER	Sequential projection repairs multiple constraint families; projection geometry also decomposes total mismatch into explained correction plus residual, yielding an auditable repair ledger.	Multi-constraint allocation: alternating projection/Dykstra vs naive clipping; verify feasibility and correction accounting.	5	2	AuditableConstraintRepair	BENCHMARKED_PARTIAL_FAIL	IM-242: SATISFY SEVERAL GLOBAL CONSTRAINT FAMILIES BY ALTERNATELY REPAIRING ONE AT A TIME || IM-253: PROJECT ONTO A CONSTRAINT FAMILY SO TOTAL MISMATCH SPLITS INTO EXPLAINED ADJUSTMENT + RESIDUAL MISMATCH	IM-242: M-100; M-159 || IM-253: M-271; M-274	Dykstra projection is established; destructive test shows raw per-constraint correction attribution is representation/order dependent under redundant constraints.	LABCOMPASS__LCB-7F3A91__20260825-0450-TR__BENCH_RX140_DYKSTRA_LEDGER_DOSSIER__r01.md	Repair survives, intrinsic per-constraint responsibility ledger fails. Total repair vector/burden remains valid.
RX-141	IM-243->IM-314	2	REPRESENTATION_BRIDGE	Coordinate rescaling can turn poorly conditioned dynamics into a numerically tractable representation without changing the underlying object; closure/search should compare representations before adding state variables.	Ill-conditioned linear/lifted system: raw fit vs balanced/preconditioned coordinates at fixed precision.	4	5	RepresentationConditioner	LIVE	IM-243: RESCALE REPRESENTATION TO IMPROVE NUMERICAL GEOMETRY WITHOUT CHANGING THE UNDERLYING RELATIONAL OBJECT || IM-314: NONLINEAR STATE DYNAMICS CAN BECOME LINEAR IN A LIFTED OBSERVABLE SPACE	IM-243: M-138; M-276 || IM-314: M-401			
RX-142	IM-244->IM-400	2	MISSING_OPERATOR_TRANSFER	If decentralized local incentives admit a global potential, frontier search can optimize one landscape instead of simulating every strategic response path.	Network local-improvement process with/without potential structure; compare convergence and cycle detection.	4	4	PotentialLandscapeSolver	LIVE	IM-244: DECENTRALIZED LOCAL INCENTIVE MOVES CAN SOMETIMES BE REPRESENTED BY ONE GLOBAL POTENTIAL LANDSCAPE || IM-400: AN INVASION ADVANCES THROUGH THE CURRENTLY ACCESSIBLE FRONTIER BY SELECTING ITS LOWEST ENTRY BARRIER	IM-244: M-286 || IM-400: P-486;P-487			
RX-143	IM-245->IM-335	2	MEASUREMENT_TRANSFER	A convex feasible set can be queried through support directions; choose new measurements in directions where support uncertainty most affects the target rather than reconstructing the full set.	Unknown convex set from directional queries: uniform directions vs target-adaptive support-function sensing.	5	3	SupportFunctionActiveSensing	BENCHMARKED	IM-245: REPRESENT A WHOLE CONVEX FEASIBLE SET BY ITS EXTREME RESPONSE IN EVERY TEST DIRECTION || IM-335: MEASUREMENT LOCATIONS SHOULD BE CHOSEN TO SHAPE THE INFORMATION GEOMETRY FOR THE TARGET	IM-245: M-294 || IM-335: S-048; S-049; S-050	Adjacent/direct prior art: noisy support-function convex-set estimation; adaptive convex-body oracle querying; goal-oriented optimal experimental design. Exact sector-breach support-query composition not claimed as foundational novelty.	LABCOMPASS__LCB-7F3A91__20260825-0406-TR__BENCH_RX143_SUPPORT_FUNCTION_ACTIVE_SENSING_DOSSIER__r01.md	Survives strong benchmark against global-uniform and sector-uniform sensing. Mandatory target-sector/model calibration gate: wrong target sector destroys the advantage; isotropic control removes it.
RX-144	IM-246->IM-256	2	REPRESENTATION_BRIDGE	High-cardinality mixtures can often be compressed to dimension-limited active components while preserving the same convex target; combine Caratheodory sparsification with target-sufficient representation.	Mixture decision problem: full mixture vs sparse convex support, verify target equality and compression ratio.	5	2	SparseMixtureCompressor	LIVE	IM-246: A HIGHLY COMPLICATED MIXTURE MAY NEED ONLY A SMALL NUMBER OF ACTIVE COMPONENTS ONCE DIMENSION IS ACCOUNTED FOR || IM-256: A REPRESENTATION CAN THROW AWAY MOST RAW DETAIL YET PRESERVE ALL INFORMATION RELEVANT TO ONE TARGET	IM-246: M-302 || IM-256: S-008	Caratheodory/support-lemma sparsification is direct convex-combination compression.		Direct-theory / existing-core triage r24: Caratheodory/support-lemma sparsification is direct convex-combination compression.
RX-145	IM-247->IM-335	2	MEASUREMENT_TRANSFER	Boundary monitoring budget should follow harmonic/accessibility weight from the interior risk process, not raw boundary length or node count.	Nonuniform domain/graph exit process: uniform boundary sensors vs harmonic-measure-ranked sensors; symmetric-domain negative control.	5	2	BoundaryAccessibilityRanker	BENCHMARKED	IM-247: BOUNDARY INFLUENCE IS SET BY DYNAMICAL/GEOMETRIC ACCESSIBILITY, NOT RAW BOUNDARY SIZE || IM-335: MEASUREMENT LOCATIONS SHOULD BE CHOSEN TO SHAPE THE INFORMATION GEOMETRY FOR THE TARGET	IM-247: M-645; M-648 || IM-335: S-048; S-049; S-050	HIGH: harmonic measure is the first-hit distribution; a 2017 University of Washington harmonic-measure talk explicitly formulates finite-budget boundary detectors. Static boundary-budget allocation by harmonic accessibility is therefore directly occupied.	LABCOMPASS__LCB-7F3A91__20260825-0406-TR__BENCH_RX145_BOUNDARY_ACCESSIBILITY_DOSSIER__r01.md	Scientific benchmark remains valid; commercial novelty corrected 4->2 after stronger static detector-placement prior art. Dynamic moving-boundary extension split into RX-200.
RX-146	IM-248->IM-410	2	FAILURE_MODE_IMPORT	Geometric coverage guarantees can miss sets that have negligible process capacity; relevant-region coverage must be defined under the process measure/capacity, not Euclidean size alone.	Construct large-looking low-capacity targets; compare geometric sample coverage vs hit probability.	4	4	ProcessVisibilityCoverageGuard	LIVE	IM-248: GEOMETRICALLY NONEMPTY/LARGE-LOOKING SETS CAN BE EFFECTIVELY INVISIBLE TO A GIVEN PHYSICAL/PROBABILISTIC PROCESS || IM-410: A SMALL SAMPLE CAN REPRESENT EVERY SUFFICIENTLY LARGE RELEVANT REGION WHEN CLASS COMPLEXITY LIMITS HOW REGIONS CAN SHATTER	IM-248: M-651; M-652; M-654 || IM-410: M-587;M-588;M-589;M-590;M-591;M-592			
RX-147	IM-249->IM-181	2	HIDDEN_EQUIVALENCE	For external observables, an inaccessible interior source may be replaceable by an equivalent boundary source; boundary inverse systems should quotient source configurations by external equivalence before solving.	Potential/PDE toy inverse problem: interior source vs swept boundary source, verify identical external response.	5	4	BoundaryEquivalentSourceReducer	LIVE	IM-249: REPLACE AN INACCESSIBLE INTERIOR SOURCE BY A BOUNDARY-EQUIVALENT SOURCE THAT PRESERVES EXTERNAL OBSERVABLES || IM-181: INTERROGATE AN INACCESSIBLE INTERIOR THROUGH CONTROLLED BOUNDARY INPUTS AND BOUNDARY RESPONSES	IM-249: M-655 || IM-181: M-431; M-432			
RX-148	IM-250->IM-268	2	CERTIFICATE_TRANSFER	Endpoint reachability is not enough: local tangent-cone conditions certify that a path can remain inside the safe set throughout the motion.	Constrained dynamical planner: endpoint-feasible trajectory vs viability-certified safe trajectory under disturbances.	5	1	ViabilityPathCertificate	LIVE	IM-250: LOCAL SAFE-DIRECTION CONDITIONS AT EVERY BOUNDARY POINT CAN CERTIFY GLOBAL VIABILITY || IM-268: REACHING THE TARGET AND SURVIVING THE PATH TO THE TARGET ARE TWO DIFFERENT CONSTRAINTS	IM-250: M-289; M-290 || IM-268: M-350	Tangent-cone viability certificate is direct viability theory.		Direct-theory / existing-core triage r24: Tangent-cone viability certificate is direct viability theory.
RX-149	IM-251->IM-058	2	HIDDEN_EQUIVALENCE	Submodular diminishing marginal value is the valuation-side dual of subset capacity: the value/cost of one added unit depends on what is already present.	Shared-capacity allocation with additive vs submodular marginal values; check greedy/order dependence.	5	4	SubmodularMarginalAllocator	LIVE	IM-251: MARGINAL VALUE OF THE SAME ADDITION DEPENDS ON WHAT IS ALREADY PRESENT || IM-058: CAPACITY BELONGS TO GROUPS/SUBSETS, NOT NECESSARILY INDIVIDUAL EDGES	IM-251: M-053 || IM-058: M-545; M-546; M-549; M-550			
RX-150	IM-252->IM-069	2	MISSING_OPERATOR_TRANSFER	When shared-capacity feasibility forms the right exchange geometry, greedy local allocation can be globally exact rather than heuristic.	Compare greedy allocator with LP/oracle under matroid/polymatroid shell and a nonexchange counterexample.	5	1	GreedyExactnessGate	LIVE	IM-252: GREEDY LOCAL CHOICE CAN BE GLOBALLY EXACT — BUT ONLY UNDER AN EXCHANGE-INDEPENDENCE GEOMETRY || IM-069: SEVERAL SERVICES/MODES SHARE ONE RESOURCE → ONE STARVES OTHERS	IM-252: M-052 || IM-069: E-649	Existing SharedCapacityAllocator benchmark already established greedy exactness under exchange geometry.		Direct-theory / existing-core triage r24: Existing SharedCapacityAllocator benchmark already established greedy exactness under exchange geometry.
RX-151	IM-253->IM-242	2	CERTIFICATE_STACK	Projection geometry can turn each alternating constraint repair into an auditable decomposition of correction versus remaining mismatch.	Multi-constraint projection: verify Pythagorean/mismatch accounting during Dykstra repair.	5	2	ProjectionRepairLedger	DEMOTED_INHERITS_RX140_FAILURE	IM-253: PROJECT ONTO A CONSTRAINT FAMILY SO TOTAL MISMATCH SPLITS INTO EXPLAINED ADJUSTMENT + RESIDUAL MISMATCH || IM-242: SATISFY SEVERAL GLOBAL CONSTRAINT FAMILIES BY ALTERNATELY REPAIRING ONE AT A TIME	IM-253: M-271; M-274 || IM-242: M-100; M-159	Projection-repair ledger inherits non-unique/order-dependent Dykstra attribution under redundant/dependent constraints.		Do not benchmark separately unless an order/representation-invariant attribution rule is added.
RX-152	IM-254->IM-314	2	REPRESENTATION_BRIDGE	The same object can admit dual coordinates where different operations linearize; search for a coordinate system before adding nonlinear state complexity.	Information-geometry toy system: mixture-simple vs exponential-simple operations in dual coordinates.	4	4	DualCoordinateLinearizer	LIVE	IM-254: THE SAME OBJECT CAN HAVE TWO DUAL COORDINATE SYSTEMS IN WHICH DIFFERENT OPERATIONS BECOME SIMPLE || IM-314: NONLINEAR STATE DYNAMICS CAN BECOME LINEAR IN A LIFTED OBSERVABLE SPACE	IM-254: M-273 || IM-314: M-401			
RX-153	IM-255->IM-256	2	ONTOLOGY_HIERARCHY	Generic downstream processing cannot recreate destroyed information, but target-specific sufficient compression can discard detail without losing information for one specified task.	Compression family: full invertibility test versus target-risk equality under sufficient statistic.	5	2	TargetSufficiencyGate	LIVE	IM-255: ONCE INFORMATION IS DESTROYED DOWNSTREAM PROCESSING CANNOT RECREATE IT || IM-256: A REPRESENTATION CAN THROW AWAY MOST RAW DETAIL YET PRESERVE ALL INFORMATION RELEVANT TO ONE TARGET	IM-255: M-224 || IM-256: S-008	Data-processing inequality plus target sufficiency is standard information-theoretic/statistical sufficiency.		Direct-theory / existing-core triage r24: Data-processing inequality plus target sufficiency is standard information-theoretic/statistical sufficiency.
RX-154	IM-256->IM-094	2	MISSING_OPERATOR_TRANSFER	Decision-relevant information budgeting should compress toward a target-sufficient representation rather than preserve all state information.	Equal-bit representations: full-state reconstruction objective vs decision-sufficient compression on action regret.	5	2	DecisionSufficientCompressor	LIVE	IM-256: A REPRESENTATION CAN THROW AWAY MOST RAW DETAIL YET PRESERVE ALL INFORMATION RELEVANT TO ONE TARGET || IM-094: LIMITED INFORMATION CAPACITY SHOULD BE SPENT ON DISTINCTIONS THAT CAN CHANGE DECISION	IM-256: S-008 || IM-094: E-100; E-458	Direct collision with task-oriented/semantic compression and semantic rate-distortion: preserve task-relevant information rather than full source reconstruction.		Mechanism is correct but the product hypothesis is already a named active field; deprioritize.
RX-155	IM-257->IM-094	2	CONSTRAINT_TRANSLATION	Rate-distortion converts an error tolerance into a minimum information budget; replace generic distortion with decision distortion to price information capacity by action consequence.	Synthetic communication/decision task: MSE distortion vs decision-loss distortion at matched bits.	5	1	DecisionRateDistortion	LIVE	IM-257: FOR A FIXED ERROR TOLERANCE THERE CAN BE A MINIMUM INFORMATION/REPRESENTATION BUDGET || IM-094: LIMITED INFORMATION CAPACITY SHOULD BE SPENT ON DISTINCTIONS THAT CAN CHANGE DECISION	IM-257: M-226 || IM-094: E-100; E-458	Decision/task-oriented rate-distortion is an established research area.		Direct-theory / existing-core triage r24: Decision/task-oriented rate-distortion is an established research area.
RX-156	IM-259->IM-031	2	CONTROL_LAW_TRANSFER	If order-dependent substeps create leading bias, symmetric composition can cancel the first-order ordering error without making the operations commute.	Noncommuting matrix flows: AB vs symmetric A/2-B-A/2 against exact joint flow.	5	4	SymmetricOrderCorrector	LIVE	IM-259: SYMMETRIZING THE ORDER OF SUBSTEPS CAN CANCEL THE LEADING ERROR CREATED BY SPLITTING || IM-031: SAME ENDPOINTS + DIFFERENT ORDER → DIFFERENT RESULT	IM-259: M-235 || IM-031: M-389; M-393; E-039; E-194; P-010			
RX-157	IM-260+IM-261->IM-359	3	CONTROL_LAW_TRANSFER	When the world/model is not identifiable online, maintain a mixture over experts and minimize regret instead of committing to one inferred truth too early.	Regime-switching experts: early model selection vs Hedge/exponential weights on cumulative loss.	0	0	AdaptiveExpertMixer	QUARANTINED_INTERACTION_MISMATCH	IM-260: A DECISION RULE CAN SUCCEED WITHOUT IDENTIFYING THE TRUE WORLD IF ITS CUMULATIVE LOSS TRACKS A STRONG COMPARATOR || IM-261: DON'T PICK ONE EXPERT TOO EARLY; CONTINUOUSLY REALLOCATE WEIGHT TOWARD WHAT IS WORKING || IM-359: CONTROL THE INFORMATION STRUCTURE RATHER THAN THE STATE TO CHANGE ANOTHER DECISION-MAKER'S ACTION	IM-260: S-222 || IM-261: S-223; S-224 || IM-359: E-401	NOT_APPLICABLE_EDGE_INVALID		Interaction-integrity failure: working hypothesis uses expert mixing/regret (IM-260/261) but does not operationalize IM-359 information-structure control over another decision-maker. Quarantine instead of benchmarking a mismatched edge.
RX-158	IM-262->IM-007	2	CERTIFICATE_TRANSFER	Stationary sampling should not treat long burn-in as truth: coupling-from-the-past gives an exact coalescence certificate that the sample no longer depends on initialization.	Monotone Markov chain: finite burn-in bias vs perfect sampling; compare false convergence diagnostics.	5	4	ExactStationarySampler	LIVE	IM-262: EXACT STATIONARY SAMPLING CAN BE CERTIFIED BY COALESCENCE OF ALL POSSIBLE HISTORIES, NOT LONG BURN-IN || IM-007: VALIDATOR IS NOT TRUTH ORACLE	IM-262: M-333; M-334 || IM-007: S-961; S-962; S-963; S-964; S-965; S-966; S-967; S-968; S-969; S-970; S-971; S-972; S-973; S-974; S-975; S-976; S-977; S-978; S-979; S-980; S-661; S-662; S-663; S-664; S-665; S-666; S-667; S-668; S-669; S-670; S-671; S-672; S-673; S-674; S-941; S-942; S-943; S-944; S-945; S-946; S-947; S-948; S-949; S-950; S-951; S-952; S-953; S-954; S-955; S-956; S-957; S-958; S-959; S-960			
RX-159	IM-263->IM-082	2	FAILURE_MODE_IMPORT	A stationary law may mix noncommunicating ergodic worlds, so one long trajectory need not represent the mixture even when a stationary distribution exists.	Reducible/multiclass chain: ensemble stationary mixture vs single-path time averages.	5	2	ErgodicWorldDecomposer	LIVE	IM-263: ONE STATIONARY DISTRIBUTION CAN BE A MIXTURE OF MUTUALLY NONCOMMUNICATING LONG-RUN WORLDS || IM-082: ONE LONG HISTORY NEED NOT REPRESENT MANY PARALLEL REALIZATIONS	IM-263: M-336 || IM-082: M-335; P-140	Ergodic decomposition/noncommunicating classes are standard Markov/ergodic theory.		Direct-theory / existing-core triage r24: Ergodic decomposition/noncommunicating classes are standard Markov/ergodic theory.
RX-160	IM-264->IM-401	2	STATE_AUGMENTATION	A sacrificial safeguard is not a static binary layer; protection capacity is consumed by successful interventions and remaining protection must be a state variable.	Repeated shocks with consumable barrier: static protection flag vs remaining-sacrifice-state failure forecast.	5	2	ConsumableSafeguardState	LIVE	IM-264: A SAFEGUARD CAN CONSUME ITSELF WHILE PERFORMING ITS PROTECTIVE FUNCTION || IM-401: REDIRECT OR TRANSFORM AN ADVANCING CRACK SO PROPAGATION MUST SPEND ENERGY IN DEFLECTION, PULL-OUT, OR PHASE CHANGE	IM-264: P-500 || IM-401: P-497;P-498;P-499	Finite consumable sacrificial protection capacity is standard in cathodic protection and other sacrificial safeguards.		State augmentation is valid but directly occupied.
RX-161	IM-266->IM-094	2	CONTROL_LAW_TRANSFER	Irreversible sequential choice spends early opportunities to estimate a threshold; information budget should be allocated to exploration only while it can still change later commitment.	Secretary-style arrival stream: fixed exploration fraction vs decision-value adaptive exploration.	4	4	IrreversibleExplorationBudget	LIVE	IM-266: IRREVERSIBLE SEQUENTIAL CHOICE REQUIRES SPENDING EARLY OPTIONS TO LEARN A THRESHOLD FOR LATER COMMITMENT || IM-094: LIMITED INFORMATION CAPACITY SHOULD BE SPENT ON DISTINCTIONS THAT CAN CHANGE DECISION	IM-266: M-344 || IM-094: E-100; E-458			
RX-162	IM-267->IM-265	2	CERTIFICATE_TRANSFER	Prophet inequalities bound the value of perfect future information relative to an online stopping policy, creating a practical ceiling on what clairvoyance could improve.	Sequential stopping distributions: online rule vs prophet oracle; verify bound and use as value-of-information ceiling.	5	4	ProphetValueBound	LIVE	IM-267: THE VALUE OF PERFECT FUTURE INFORMATION CAN BE BOUNDED WITHOUT HAVING THAT INFORMATION || IM-265: WHEN THE PROCESS ITSELF IS UNCONTROLLABLE, TIMING OF EXIT CAN STILL BE THE CONTROL VARIABLE	IM-267: M-345 || IM-265: M-341; M-343			
RX-163	IM-268->IM-250	2	HIDDEN_EQUIVALENCE	Reach-avoid and viability separate endpoint reachability from safe path existence; tangent-cone certificates can enforce the avoid component locally.	Dynamic obstacle/safe-set planner: endpoint-only plan vs viability/reach-avoid certified plan.	5	1	ReachAvoidViabilityPlanner	LIVE	IM-268: REACHING THE TARGET AND SURVIVING THE PATH TO THE TARGET ARE TWO DIFFERENT CONSTRAINTS || IM-250: LOCAL SAFE-DIRECTION CONDITIONS AT EVERY BOUNDARY POINT CAN CERTIFY GLOBAL VIABILITY	IM-268: M-350 || IM-250: M-289; M-290	Reach-avoid plus viability is direct safety-control theory.		Direct-theory / existing-core triage r24: Reach-avoid plus viability is direct safety-control theory.
RX-164	IM-269->IM-072	2	MISSING_OPERATOR_TRANSFER	Large-deviation least-cost paths identify where rare-event sampling should concentrate instead of oversampling typical trajectories.	Rare transition system: ordinary Monte Carlo vs action-guided importance sampling.	5	1	LeastCostRarePathSampler	LIVE	IM-269: A RARE MACRO EVENT IS OFTEN CONTROLLED BY THE LEAST-COST ATYPICAL PATH, NOT TYPICAL FLUCTUATIONS || IM-072: DON'T SAMPLE TYPICAL PATHS IF QUESTION IS ABOUT ATYPICAL PATH	IM-269: M-115; M-156 || IM-072: S-093; M-115	Large-deviation action-guided importance sampling duplicates RX-042/RX-112 family.		Direct-theory / existing-core triage r24: Large-deviation action-guided importance sampling duplicates RX-042/RX-112 family.
RX-165	IM-270->IM-451	2	FAILURE_MODE_IMPORT	Measurement reliability within each group does not make latent scores comparable across groups if the measurement map changes; invariance is a separate property.	Two groups with equally reliable but shifted loadings/intercepts: compare latent-score ranking before/after invariance correction.	5	2	MeasurementInvarianceGate	LIVE	IM-270: LATENT SCORES ARE NOT COMPARABLE ACROSS GROUPS/TIME IF THE MEASUREMENT MAP ITSELF CHANGES || IM-451: STABLE RANKING, INTERNAL CONSISTENCY, AND NUMERICAL AGREEMENT ARE DIFFERENT MEASUREMENT PROPERTIES	IM-270: S-330; S-331 || IM-451: S-883;S-884;S-885;S-886;S-887;S-888;S-889;S-890;S-891;S-892;S-893;S-894;S-895;S-896;S-897;S-898;S-899;S-900	Measurement invariance across groups/time is established psychometrics/latent-variable methodology.		Direct-theory / existing-core triage r24: Measurement invariance across groups/time is established psychometrics/latent-variable methodology.
RX-166	IM-271->IM-050	2	MECHANISM_DISCRIMINATION	Residual dependence after conditioning on the proposed latent state is a closure test: unexplained dependence means the state representation is missing a variable/path.	Latent-state simulator with omitted factor: conditional residual dependence vs augmented state.	5	2	ResidualClosureDiagnostic	LIVE	IM-271: RESIDUAL DEPENDENCE AFTER CONDITIONING ON LATENT STATE IS EVIDENCE THE STATE REPRESENTATION IS INCOMPLETE || IM-050: COARSE AVERAGE CAN LOSE THE VARIABLE THAT ACTUALLY CLOSES THE DYNAMICS	IM-271: S-332; S-855 || IM-050: M-147; M-689; E-916; E-738; P-780	Conditional/local-dependence checks and posterior predictive diagnostics for latent-variable models are mature; residual dependence after conditioning is a standard misspecification signal.		Retain as model-validation guardrail; no benchmark priority and no broad product novelty.
RX-167	IM-272+IM-273->IM-397	3	CONTROL_LAW_TRANSFER	Small same-direction errors should accumulate, but opposite evidence should reset the debt so an old benign episode does not mask a new change.	Small persistent drift episodes: fixed-window detector vs CUSUM/Page reset at matched false alarm.	0	0	DirectionalEvidenceAccumulator	QUARANTINED_INTERACTION_MISMATCH	IM-272: MANY TINY SAME-DIRECTION ERRORS CAN BECOME STRONG EVIDENCE THROUGH ACCUMULATION EVEN WHEN NO SINGLE OBSERVATION IS ABNORMAL || IM-273: WHEN EVIDENCE REVERSES, RESET OLD EVIDENCE DEBT SO A NEW EPISODE IS NOT MASKED BY THE PAST || IM-397: TOPOLOGICAL TRACE CAN FORCE A FIXED POINT EVEN WHEN NO FIXED POINT IS CONSTRUCTED DIRECTLY	IM-272: S-333 || IM-273: S-336 || IM-397: M-499	NOT_APPLICABLE_EDGE_INVALID		Interaction-integrity failure: working hypothesis is a CUSUM/Page evidence-reset rule (IM-272/273) but does not operationalize IM-397 fixed-point/topological-trace mechanism. Quarantine instead of treating lexical proximity as transfer.
RX-168	IM-274->IM-740	1	CONSTRAINT_TRANSLATION	Transporting a learned policy requires support for the target histories/actions; population shift is not correctable where source support is absent.	Source/target policy-value simulation with overlap sweep; quantify failure outside support.	5	0	PolicySupportTransportGate	QUARANTINED_INVALID_TARGET	IM-274: YOU CANNOT EVALUATE/TRANSPORT AN ACTION OR POPULATION REGION THAT SOURCE DATA NEVER SUPPORTS	IM-274: S-727; S-952	INVALID_REFERENCE		Invalid member IM-740 lies outside canonical IM-001..455 and arity=1 conflicts with two parsed members. Do not infer target; quarantine until historical source is recovered.
RX-169	IM-275->IM-420	2	ROBUSTNESS_TRANSFER	Two nuisance routes can be combined so downstream estimation survives if either linkage/selection model or outcome model is correct, rather than trusting one brittle correction.	Record-linkage/data-integration simulation with one nuisance model misspecified at a time.	4	5	DoublyRobustDownstreamEstimator	LIVE	IM-275: TWO WRONG-PRONE MODELS CAN BE COMBINED SO VALIDITY SURVIVES IF EITHER ONE OF TWO DISTINCT MODELING ROUTES IS CORRECT || IM-420: UNCERTAINTY ABOUT WHICH RECORDS BELONG TOGETHER MUST PROPAGATE INTO EVERY DOWNSTREAM ESTIMATE	IM-275: S-068; S-953 || IM-420: S-671;S-672			
RX-170	IM-276->IM-015	2	BOTTLENECK_TRANSFER	Huge rich datasets cannot exceed the target-population anchoring information in a small reference sample; nominal data volume and deployable information are different resources.	Data-fusion scaling: grow convenience sample while fixing probability anchor size; measure variance/bias floor.	5	2	ReferenceAnchorBottleneck	LIVE	IM-276: MILLIONS OF RICH OBSERVATIONS CANNOT OUTGROW A SMALL REFERENCE ANCHOR WHEN THE ANCHOR CONNECTS DATA TO TARGET POPULATION || IM-015: TOTAL RESOURCE ≠ ACCESSIBLE RESOURCE ≠ CURRENTLY DEPLOYABLE RESOURCE	IM-276: S-941; S-960 || IM-015: E-661; E-671; E-679; E-804; E-916; P-776; P-879	Mature data-integration literature combines large nonprobability/convenience samples with small probability/reference samples that anchor target-population inference.		Reference-anchor bottleneck is scientifically correct but highly occupied; retain as design guardrail, not breakthrough candidate.
RX-171	IM-277->IM-016	2	STATE_AUGMENTATION	An immediate direct response and a slow internal-state response live on different clocks; current output alone is not Markov unless the slow state is carried.	Rate-and-state friction toy model: output-only vs output+state future prediction after velocity step.	5	2	DualClockStateAugmenter	LIVE	IM-277: THE SAME INPUT CAN PRODUCE AN IMMEDIATE RESPONSE AND A SLOWER INTERNAL-STATE RESPONSE ON DIFFERENT CLOCKS || IM-016: SAME STATE + DIFFERENT AGE → DIFFERENT FUTURE	IM-277: P-529; P-530 || IM-016: M-122; S-280; P-051; P-527; E-160	Fast direct + slow state response is the native rate-and-state friction mechanism.		Direct-theory / existing-core triage r24: Fast direct + slow state response is the native rate-and-state friction mechanism.
RX-172	IM-279->IM-058	2	MISSING_OPERATOR_TRANSFER	Shared-capacity allocation can be decomposed locally and reconciled by shadow prices/consensus rather than solved monolithically.	Distributed shared-capacity optimization: centralized LP vs ADMM-style decomposition under communication limits.	5	1	DistributedSharedCapacitySolver	LIVE	IM-279: SOLVE LARGE COUPLED PROBLEMS LOCALLY, THEN USE A SHADOW-PRICE/CONSENSUS SIGNAL TO FORCE AGREEMENT || IM-058: CAPACITY BELONGS TO GROUPS/SUBSETS, NOT NECESSARILY INDIVIDUAL EDGES	IM-279: M-160 || IM-058: M-545; M-546; M-549; M-550	ADMM/dual decomposition for shared-capacity optimization is standard distributed optimization.		Direct-theory / existing-core triage r24: ADMM/dual decomposition for shared-capacity optimization is standard distributed optimization.
RX-173	IM-280->IM-453	2	CONTROL_LAW_TRANSFER	Prediction interval width can be a feedback control variable: widen after misses and narrow after coverage so calibration is restored under changing uncertainty while sharpness is minimized subject to coverage.	Variance-regime shift: fixed interval vs adaptive coverage feedback; stationary-noise negative control.	5	5	CoverageFeedbackController	BENCHMARKED_SURVIVES	IM-280: UNCERTAINTY WIDTH ITSELF CAN BE A FEEDBACK CONTROL VARIABLE USED TO RESTORE A COVERAGE TARGET || IM-453: A FORECAST CAN BE CALIBRATED YET USELESSLY BROAD; SHARPNESS IS VALUABLE ONLY SUBJECT TO CALIBRATION	IM-280: S-390 || IM-453: S-921;S-922;S-923;S-924;S-925;S-926;S-927;S-928;S-929;S-930;S-931;S-932;S-933;S-934;S-935;S-936;S-937;S-938;S-939;S-940			
RX-174	IM-281->IM-273	2	CONTROL_LAW_TRANSFER	Adaptive history length and Page-style evidence reset are the same control idea at different levels: discard stale evidence when a statistically supported regime break occurs.	Nonstationary stream: fixed memory vs ADWIN-style adaptive window plus reset, matched false alarm.	5	2	AdaptiveMemoryReset	LIVE	IM-281: THE AMOUNT OF HISTORY RETAINED CAN BE CHOSEN ENDOGENOUSLY FROM EVIDENCE OF A REGIME BREAK || IM-273: WHEN EVIDENCE REVERSES, RESET OLD EVIDENCE DEBT SO A NEW EPISODE IS NOT MASKED BY THE PAST	IM-281: S-399 || IM-273: S-336	Adaptive windows and Page/CUSUM resets are established change-detection mechanisms.		Direct-theory / existing-core triage r24: Adaptive windows and Page/CUSUM resets are established change-detection mechanisms.
RX-175	IM-283->IM-093	2	FAILURE_MODE_IMPORT	Small information-acquisition frictions can trigger an equilibrium collapse in search, so information products can fail discontinuously rather than degrade smoothly as acquisition cost rises.	Search market simulation with tiny cost sweep; measure search participation and price informativeness tipping.	5	4	InformationSearchTippingGuard	LIVE	IM-283: A TINY INFORMATION-ACQUISITION FRICTION CAN DESTROY SEARCH ENTIRELY THROUGH EQUILIBRIUM FEEDBACK || IM-093: COSTLY INFORMATION + FREE COPYING FROM OUTPUT → PERFECT REVELATION CAN DESTROY INCENTIVE TO CREATE INFO	IM-283: E-480 || IM-093: E-456; E-457			
RX-176	IM-284->IM-010	2	REPRESENTATION_BRIDGE	A channel can be closed for long-range propagation while retaining a nonzero evanescent/local field; usable topology must distinguish transport edges from near-field influence edges.	Below-cutoff guide/network analogue: zero far transmission but nonzero local coupling versus binary-edge model.	5	3	NearFieldTopologyLayer	LIVE	IM-284: FAILURE OF LONG-RANGE PROPAGATION DOES NOT MEAN THE FIELD/INFLUENCE VANISHES LOCALLY || IM-010: PHYSICAL TOPOLOGY / POTENTIAL TOPOLOGY / CURRENTLY USABLE TOPOLOGY	IM-284: P-542 || IM-010: P-1000; P-999; P-990; P-991; E-916; P-776	MEDIUM_HIGH: multilayer networks and structural-vs-functional connectivity already separate physical topology from dynamical influence; exact evanescent-shell transfer remains narrower.		Retain as a layered-topology representation idea, but demote from 5/5. Any future benchmark must beat a calibrated multilayer/weighted-network baseline, not a binary graph strawman.
RX-177	IM-285->IM-061	2	MEASUREMENT_TRANSFER	Observed phase-pattern speed and energy/information transport speed can diverge; frequency-specific relation analysis must label which velocity/clock is being measured.	Dispersive wave packet: phase-speed estimator vs group/energy arrival estimator across bands.	4	4	TransportClockDisambiguator	LIVE	IM-285: THE SPEED OF A VISIBLE PATTERN NEED NOT BE THE SPEED OF ENERGY OR INFORMATION TRANSPORT || IM-061: NO RELATION IN AGGREGATE ≠ NO RELATION AT SPECIFIC FREQUENCY/TIMESCALE	IM-285: P-546 || IM-061: S-549; S-550; S-551; S-552			
RX-178	IM-286->IM-010	2	CONSTRAINT_TRANSLATION	Bulk-forbidden does not mean locally impossible: defects can create localized allowed states inside a globally forbidden band, so usable topology can contain isolated exception islands.	Periodic medium with band gap plus one defect; compare bulk-only reachability vs defect-aware localized state.	5	4	DefectExceptionMapper	LIVE	IM-286: A LOCAL DEFECT CAN CREATE AN ALLOWED LOCALIZED STATE INSIDE A BULK-FORBIDDEN REGIME || IM-010: PHYSICAL TOPOLOGY / POTENTIAL TOPOLOGY / CURRENTLY USABLE TOPOLOGY	IM-286: P-556 || IM-010: P-1000; P-999; P-990; P-991; E-916; P-776			
RX-179	IM-287->IM-009	2	HIDDEN_EQUIVALENCE	Conditional permeability has a wave analogue: finite forbidden barriers can transmit through evanescent tails even when the corresponding infinite barrier/channel is closed.	Barrier-width sweep: hard-open/closed rule vs exponentially decaying transmission.	5	4	FiniteBarrierPermeability	LIVE	IM-287: A NOMINALLY FORBIDDEN CHANNEL CAN TRANSMIT ACROSS A FINITE BARRIER THROUGH AN EXPONENTIALLY DECAYING INTERMEDIATE FIELD || IM-009: CONDITIONAL PERMEABILITY	IM-287: P-560 || IM-009: P-554; P-555; P-869; P-887; P-888; P-541; E-947; E-960			
RX-180	IM-288->IM-240	2	MISSING_OPERATOR_TRANSFER	Deliberately degrading one option can restore type separation; screening quality and raw option quality are not monotone. Ironing/implementability should therefore be evaluated after self-selection geometry.	Two-type menu: undamaged options pooling vs deliberately degraded low option separation, welfare/implementability audit.	4	4	ScreeningByDegradationAudit	LIVE	IM-288: DELIBERATELY MAKING ONE OPTION WORSE CAN IMPROVE HIDDEN-TYPE SEPARATION AND IMPLEMENTABILITY || IM-240: A RAW SCORE/RANKING MAY BE UNIMPLEMENTABLE; FLATTEN NONMONOTONE REGIONS UNTIL DECISION RULE SATISFIES INCENTIVES	IM-288: E-476 || IM-240: E-349			
RX-181	IM-289->IM-347	2	MECHANISM_DISCRIMINATION	Decompose dataset shift into changed input mix versus changed conditional mechanism; invariance across environments directly tests which layer moved.	Multi-environment predictor: covariate shift only vs concept shift, compare reweighting and invariance diagnostics.	5	2	ShiftMechanismDiscriminator	LIVE	IM-289: DISTRIBUTION SHIFT MUST BE DECOMPOSED INTO CHANGED INPUT MIX VS CHANGED INPUT→OUTCOME MECHANISM || IM-347: ENVIRONMENT CHANGES CAN HELP IDENTIFY CAUSAL RELATIONS BY REVEALING WHICH CONDITIONAL LAWS STAY INVARIANT	IM-289: S-381; S-383 || IM-347: S-235	Covariate versus concept/conditional shift decomposition is standard dataset-shift taxonomy.		Direct-theory / existing-core triage r24: Covariate versus concept/conditional shift decomposition is standard dataset-shift taxonomy.
RX-182	IM-290->IM-387	2	FAILURE_MODE_IMPORT	Exact importance reweighting is statistically unsafe near support boundaries; admissible-shift geometry should gate whether density-ratio correction is used or clipped/regularized.	Overlap sweep: exact weights vs clipped weights, evaluate MSE and effective sample size.	5	2	AdmissibleReweightingGate	LIVE	IM-290: AN EXACT REWEIGHTING CORRECTION CAN BE WORSE THAN A BIASED ONE WHEN NEAR-UNSUPPORTED CASES RECEIVE ENORMOUS WEIGHTS || IM-387: SMALL AMBIENT DISPLACEMENT DOES NOT GUARANTEE PROBABILISTIC NEARNESS; ONLY ADMISSIBLE SHIFT DIRECTIONS PRESERVE LAW CONTINUITY	IM-290: S-386 || IM-387: M-442	Overlap/support diagnostics and importance-weight clipping/regularization are established covariate-shift practice.		Direct-theory / existing-core triage r24: Overlap/support diagnostics and importance-weight clipping/regularization are established covariate-shift practice.
RX-183	IM-291->IM-094	2	STATE_AUGMENTATION	In sequential testing, remaining alpha/testing wealth is a resource state created by prior discoveries and depleted by failures; information budget is dynamically endogenous.	Online hypothesis stream: fixed per-test alpha vs alpha-investing under changing discovery density.	5	1	TestingWealthController	LIVE	IM-291: IN SEQUENTIAL DISCOVERY, FUTURE TESTING BUDGET CAN BE A STOCHASTIC STATE CREATED OR DEPLETED BY EARLIER RESULTS || IM-094: LIMITED INFORMATION CAPACITY SHOULD BE SPENT ON DISTINCTIONS THAT CAN CHANGE DECISION	IM-291: S-391; S-392 || IM-094: E-100; E-458	Alpha-investing already defines testing wealth earned/spent over a sequential stream.		Direct-theory / existing-core triage r24: Alpha-investing already defines testing wealth earned/spent over a sequential stream.
RX-184	IM-292->IM-050	2	MISSING_OPERATOR_TRANSFER	When hidden variables are eliminated, the missing closure operator is a memory kernel plus colored noise; a coarse state can be exact only after adding those non-Markov terms.	Linear hidden subsystem: Markov coarse model vs generalized-Langevin memory model on multi-step forecast.	5	3	MemoryKernelClosure	BENCHMARKED_SURVIVES	IM-292: ELIMINATING HIDDEN DYNAMIC VARIABLES CAN TURN A MARKOV/LOCAL SYSTEM INTO MEMORY + COLORED NOISE || IM-050: COARSE AVERAGE CAN LOSE THE VARIABLE THAT ACTUALLY CLOSES THE DYNAMICS	IM-292: P-105; P-106; P-107 || IM-050: M-147; M-689; E-916; E-738; P-780	HIGH	LABCOMPASS__LCB-7F3A91__20260825-0358-TR__BENCH_IM292_IM050_MEMORY_KERNEL_CLOSURE_DOSSIER__r01.md	Strong scientific transfer; broad data-driven GLE/Mori-Zwanzig memory-kernel recovery already established, including modern learned state-dependent memory. Keep as reusable closure diagnostic, not broad novelty claim.
RX-185	IM-293->IM-383	2	CONTROL_LAW_TRANSFER	Fast micro-forcing can reshape the effective slow potential and create an accessible stable state that does not exist in the static landscape.	Inverted-pendulum/Kapitza analogue: static potential prediction vs averaged fast-forcing effective potential.	4	4	DynamicStabilizationPlanner	LIVE	IM-293: FAST MICRO-MOTION CAN ALTER THE EFFECTIVE SLOW POTENTIAL AND STABILIZE AN OTHERWISE UNSTABLE STATE || IM-383: A SYSTEM CAN ENTER A LESS-STABLE INTERMEDIATE FIRST BECAUSE ITS ACCESS BARRIER IS LOWER THAN THE DIRECT PATH TO THE GLOBAL BEST STATE	IM-293: P-114; P-115 || IM-383: P-357			
RX-186	IM-294->IM-067	2	CONTROL_LAW_TRANSFER	When geometry changes, energy/activity can convert between nominally orthogonal modes rather than simply disappear; blocked-channel models need mode-conversion rerouting.	Multimode guide with abrupt/adiabatic geometry changes: single-channel loss model vs conversion-aware model.	5	2	ModeConversionRouter	LIVE	IM-294: CHANNEL INDEPENDENCE IS CONDITIONAL ON GEOMETRY; CHANGING MEDIUM CAN CONVERT ENERGY BETWEEN PREVIOUSLY ORTHOGONAL MODES || IM-067: BLOCK ONE CHANNEL → ACTIVITY REROUTES INTO ANOTHER CHANNEL	IM-294: P-549; P-550; P-551 || IM-067: P-771; P-772	Mode conversion and mode cross-connection/routing are established in multimode communication/waveguide systems.		Donor-to-receiving transfer is too direct for high product novelty.
RX-187	IM-295->IM-026	2	CERTIFICATE_TRANSFER	Effective redundancy has a graph-theoretic exact dual: maximum disjoint routes equal minimum separating cut. Count redundancy by independent routes, not nominal path count.	Networks with many overlapping routes: nominal path count vs max-disjoint/min-cut failure resilience.	5	1	RedundancyCutCertifier	LIVE	IM-295: EFFECTIVE REDUNDANCY HAS AN EXACT DUAL: MAX DISJOINT ROUTES = MINIMUM SEPARATOR || IM-026: NOMINAL REDUNDANCY ≠ EFFECTIVE REDUNDANCY	IM-295: M-375 || IM-026: S-505; S-520; M-278; E-508	Max-disjoint paths = min-cut is exactly classical network-flow redundancy certification.		Direct-theory / existing-core triage r24: Max-disjoint paths = min-cut is exactly classical network-flow redundancy certification.
RX-188	IM-296->IM-392	2	FAILURE_MODE_IMPORT	State-contingent downside sharing can improve payment capacity but also induce variance-seeking/risk shifting when upside remains private.	Contract simulation: fixed claim vs state-contingent sharing, compare effort/variance choice and default.	5	2	RiskShiftContractGuard	LIVE	IM-296: TRANSFER/CLIP THE DOWNSIDE AND AN AGENT MAY RATIONALLY SEEK MORE VARIANCE || IM-392: CONVERT A FIXED CLAIM INTO STATE-CONTINGENT SHARING SO PAYMENT LOAD TRACKS REALIZED CAPACITY	IM-296: E-710 || IM-392: E-453;E-454;E-455	Downside protection inducing risk shifting is standard moral-hazard/corporate-finance theory.		Direct-theory / existing-core triage r24: Downside protection inducing risk shifting is standard moral-hazard/corporate-finance theory.
RX-189	IM-297+IM-298->IM-031	3	REPRESENTATION_BRIDGE	For rough paths, zero net displacement and first-order increments can miss finite second-order loop effects; path order/area is a required state variable.	Closed-loop rough drivers with same endpoints: endpoint/increment representation vs Levy-area/signature response.	5	2	RoughPathOrderState	LIVE	IM-297: ZERO SMALL-SCALE NET DISPLACEMENT DOES NOT MEAN ZERO EFFECT: SECOND-ORDER ROUGHNESS CAN ACCUMULATE FINITELY || IM-298: FOR ROUGH DRIVERS, ENDPOINTS AND FIRST-ORDER INCREMENTS ARE INSUFFICIENT; LOOP AREA/ORDER MUST BE RETAINED || IM-031: SAME ENDPOINTS + DIFFERENT ORDER → DIFFERENT RESULT	IM-297: M-381; M-382; M-384 || IM-298: M-392; M-393; M-394 || IM-031: M-389; M-393; E-039; E-194; P-010	Levy area/signature state for rough paths is direct rough-path theory.		Direct-theory / existing-core triage r24: Levy area/signature state for rough paths is direct rough-path theory.
RX-190	IM-300->IM-344	2	FAILURE_MODE_IMPORT	Within-unit designs can remove time-invariant confounding but not a confounder created by the intervention itself between mediator and outcome.	Longitudinal mediation simulation: self-controlled adjustment vs g-method under exposure-induced confounder.	5	4	PostTreatmentConfoundingGuard	LIVE	IM-300: AN INTERVENTION CAN CREATE THE CONFOUNDER THAT LATER PREVENTS CLEAN DECOMPOSITION OF ITS OWN EFFECT || IM-344: WITHIN-UNIT COMPARISONS CAN REMOVE TIME-INVARIANT UNIT-LEVEL CONFOUNDING	IM-300: S-648; S-725 || IM-344: S-315; S-316			
RX-191	IM-301->IM-061	2	CONTROL_LAW_TRANSFER	Frequency/timescale mismatch can cancel desired contributions; periodic sign reversal can deliberately reset phase so weak contributions accumulate coherently.	Phase-mismatched accumulation: unmodulated vs quasi-phase-matched sign flips.	4	4	PhaseResetAccumulator	LIVE	IM-301: WHEN DESIRED CONTRIBUTIONS DEPHASE AND CANCEL, PERIODIC SIGN REVERSAL CAN RESET PHASE AND MAKE THEM ACCUMULATE || IM-061: NO RELATION IN AGGREGATE ≠ NO RELATION AT SPECIFIC FREQUENCY/TIMESCALE	IM-301: P-289 || IM-061: S-549; S-550; S-551; S-552			
RX-192	IM-302->IM-335	2	MEASUREMENT_TRANSFER	Under equilibrium/reversibility conditions, passive fluctuations can substitute for active perturbation experiments when estimating small-signal response.	Linear stochastic system: active impulse-response estimate vs passive covariance/FDT estimate; nonequilibrium negative control.	5	2	PassiveResponseEstimator	LIVE	IM-302: PASSIVE SPONTANEOUS FLUCTUATIONS CAN REVEAL HOW THE SYSTEM WILL RESPOND TO A SMALL ACTIVE PERTURBATION || IM-335: MEASUREMENT LOCATIONS SHOULD BE CHOSEN TO SHAPE THE INFORMATION GEOMETRY FOR THE TARGET	IM-302: P-102 || IM-335: S-048; S-049; S-050	HIGH: fluctuation-dissipation theory directly relates passive equilibrium fluctuations to linear response.		Scientific shell gate is useful (equilibrium/reversibility required), but PassiveResponseEstimator is essentially a direct FDT implementation.
RX-193	IM-304->IM-090	2	FAILURE_MODE_IMPORT	Reciprocal cross-response is guaranteed only under near-equilibrium microscopic reversibility; outside that shell A→B and B→A must be estimated separately.	Reciprocal system vs driven nonreciprocal system; test symmetry-constrained estimator.	5	2	ReciprocityShellGate	LIVE	IM-304: TWO CROSS-RESPONSES THAT LOOK LIKE SEPARATE PARAMETERS CAN BE FORCED TO MATCH BY REVERSIBILITY SYMMETRY || IM-090: A→B AND B→A NEED NOT BE SAME CHANNEL/STRENGTH	IM-304: P-103 || IM-090: P-699	Reciprocity under reversibility and its failure out of equilibrium are established transport physics.		Direct-theory / existing-core triage r24: Reciprocity under reversibility and its failure out of equilibrium are established transport physics.
RX-194	IM-306->IM-016	2	STATE_AUGMENTATION	A scalar can look closer to equilibrium while hidden mode weights make its remaining relaxation slower; visible distance is not a sufficient age/state coordinate.	Multi-exponential relaxation: same scalar distance with different hidden mode composition, compare future decay.	5	2	HiddenModeRelaxationState	LIVE	IM-306: CLOSER IN ONE OBSERVED SCALAR DOES NOT IMPLY FASTER RELAXATION WHEN HIDDEN MODES HAVE DIFFERENT WEIGHTS || IM-016: SAME STATE + DIFFERENT AGE → DIFFERENT FUTURE	IM-306: P-137; P-138 || IM-016: M-122; S-280; P-051; P-527; E-160	Multi-exponential hidden modes controlling relaxation are standard state-space/relaxation modeling.		Direct-theory / existing-core triage r24: Multi-exponential hidden modes controlling relaxation are standard state-space/relaxation modeling.
RX-195	IM-307+IM-308->IM-065	3	ONTOLOGY_HIERARCHY	Orthogonal score is the cancellation primitive; cross-fitting is a separate sampling operator that prevents self-fitting contamination. Treat IM-307 as specialization of IM-065, with IM-308 as an implementation aid.	High-dimensional nuisance simulation: naive score, orthogonal same-sample, orthogonal cross-fit.	5	2	OrthogonalCrossFitStack	LIVE	IM-307: DESIGN THE TARGET SCORE SO SMALL NUISANCE ERRORS CANCEL TO FIRST ORDER || IM-308: ESTIMATE A NUISANCE MODEL ON DIFFERENT DATA FROM THE DATA USED TO EVALUATE ITS TARGET SCORE || IM-065: CREATE A SECOND PATH SO UNWANTED EFFECT CANCELS	IM-307: S-069; S-123 || IM-308: S-070 || IM-065: S-069	HIGH: orthogonal scores plus cross-fitting are the standard Double/Debiased Machine Learning construction.		Keep ontology relation IM-307 specialization of IM-065 and IM-308 sampling aid; no separate product novelty.
RX-196	IM-309->IM-066	2	CONSTRAINT_TRANSLATION	Inference after data-dependent selection must condition on the selection mechanism just as design-aware inference conditions on the assignment mechanism.	Select-largest-effect simulation: naive CI vs selective conditional CI.	5	2	SelectionAwareReferenceLaw	LIVE	IM-309: ONCE DATA WERE USED TO CHOOSE WHAT TO TEST, THE VALID REFERENCE LAW MUST ACCOUNT FOR THAT SELECTION EVENT || IM-066: SAME OBSERVED DATA + DIFFERENT DATA-GENERATING DESIGN → DIFFERENT VALID INFERENCE	IM-309: S-241; S-242 || IM-066: S-750; S-754; S-760	HIGH: conditional selective/post-selection inference explicitly conditions the reference law on the data-dependent selection event.		Direct methodological precedent; retain as inference guardrail only.
RX-197	IM-310->IM-029	2	MEASUREMENT_TRANSFER	Knockoff fake twins create redundant comparison relations: a real feature earns evidence only through systematic violation of real-vs-twin symmetry.	Correlated feature selection: raw score threshold vs knockoff contrast/FDR.	5	2	KnockoffSymmetryDetector	LIVE	IM-310: BUILD A SYNTHETIC EXCHANGEABLE FAKE TWIN AND LET THE REAL VARIABLE EARN DISCOVERY ONLY BY BEATING ITS TWIN || IM-029: REDUNDANT RELATIONS → VIOLATION PATTERN LOCATES ERROR	IM-310: S-172; S-489 || IM-029: M-263; M-264; E-787; E-791; S-976	HIGH: Model-X/fixed-X knockoffs deliberately construct exchangeable fake variables and use real-vs-knockoff contrast for FDR-controlled discovery.		Direct methodological precedent; redundant-relation analogy does not create a new detector family.
RX-198	IM-311->IM-272	2	HIDDEN_EQUIVALENCE	Many individually subthreshold signals can become detectable through aggregate deviation; higher criticism is a sparse cross-sectional analogue of sequential small-drift accumulation.	Rare/weak Gaussian signals: max-test vs higher-criticism aggregate detector.	5	4	WeakSignalCollectiveDetector	LIVE	IM-311: MANY SIGNALS CAN BE INDIVIDUALLY UNDETECTABLE YET COLLECTIVELY DETECTABLE THROUGH A SMALL GLOBAL DISTORTION OF NULL || IM-272: MANY TINY SAME-DIRECTION ERRORS CAN BECOME STRONG EVIDENCE THROUGH ACCUMULATION EVEN WHEN NO SINGLE OBSERVATION IS ABNORMAL	IM-311: S-174 || IM-272: S-333			
RX-199	IM-312->IM-307	2	CERTIFICATE_STACK	Efficient influence functions identify the best first-order target sensitivity; orthogonal scores use that local geometry to cancel nuisance directions and attain robust precision.	Semiparametric target: arbitrary score vs EIF/orthogonal score efficiency and nuisance sensitivity.	5	1	EfficientOrthogonalTarget	LIVE	IM-312: TARGET-SPECIFIC LOCAL CONTAMINATION SENSITIVITY CAN BOTH CORRECT AN ESTIMATE AND DEFINE BEST ACHIEVABLE FIRST-ORDER PRECISION || IM-307: DESIGN THE TARGET SCORE SO SMALL NUISANCE ERRORS CANCEL TO FIRST ORDER	IM-312: S-017; S-121; S-122 || IM-307: S-069; S-123	Efficient influence functions + orthogonal scores/cross-fitting are native semiparametric/DML machinery.		Direct-theory / existing-core triage r24: Efficient influence functions + orthogonal scores/cross-fitting are native semiparametric/DML machinery.
RX-200	IM-088+IM-247->IM-335	3	COMPOSITION_NEW+MEASUREMENT_TRANSFER	When the boundary itself moves, boundary-monitoring budget should follow the current harmonic/accessibility map rather than raw boundary length or a stale initial accessibility map.	Moving unit-disk geometry with fixed interior source: uniform boundary budget vs stale initial harmonic plan vs current harmonic plan; stationary-boundary and geometry-lag controls.	5	3	DynamicBoundaryAccessibility extension; moving-domain monitoring; adaptive inspection	BENCHMARKED_SURVIVES_EXTENSION	IM-088: BOUNDARY IS NOT FIXED; STATE INCLUDES WHERE BOUNDARY IS || IM-247: BOUNDARY INFLUENCE IS SET BY DYNAMICAL/GEOMETRIC ACCESSIBILITY, NOT RAW BOUNDARY SIZE || IM-335: MEASUREMENT LOCATIONS SHOULD BE CHOSEN TO SHAPE THE INFORMATION GEOMETRY FOR THE TARGET	IM-088: P-355 || IM-247: M-645; M-648 || IM-335: S-048; S-049; S-050	Static harmonic-measure detector budgeting has direct prior art; moving-boundary identification/adaptive numerical methods also exist. Targeted search did not find the exact continuously reallocated finite detector-budget composition.	LABCOMPASS__LCB-7F3A91__20260825-0450-TR__BENCH_RX200_DYNAMIC_BOUNDARY_ACCESSIBILITY_DOSSIER__r01.md	Survives only as a child/extension of BoundaryAccessibilityRanker. At r=.75 and 10% arc budget, cycle-average capture static=.1000 vs dynamic=.5328; stationary control collapses distinction; lag degrades gain.
RX-201	IM-311->IM-233	2	MECHANISM_DISCRIMINATION+LAYER_IDENTIFIABILITY_GATE	After a structured two-layer/blind-deconvolution fit, a wrong candidate layer can leave many individually weak ghost residuals; higher criticism can reject that layer specifically in a rare/weak mismatch shell.	Reduced sparse convolution fit with independent correct-layer empirical-null calibration; compare HC, max residual, and energy in rare/weak, strong-single, dense, and exact-null shells.	5	4	blind inverse problems; kernel/model mismatch diagnostics; structured latent-layer QA	BENCHMARKED_SURVIVES_WITH_SYMMETRY_GATE	IM-311: MANY SIGNALS CAN BE INDIVIDUALLY UNDETECTABLE YET COLLECTIVELY DETECTABLE THROUGH A SMALL GLOBAL DISTORTION OF NULL || IM-233: TWO UNKNOWN LAYERS CAN SOMETIMES BE RECOVERED JOINTLY IF THEY OBEY DIFFERENT STRUCTURAL CONSTRAINTS	IM-311: S-174 || IM-233: M-174	Higher criticism rare/weak detection and sparse blind deconvolution are mature separately. Targeted search found no direct HC-based post-fit blind-deconvolution layer-mismatch gate; absence is not exhaustive novelty proof.	LABCOMPASS__LCB-7F3A91__20260825-0532-TR__BENCH_RX201_RARE_WEAK_LAYER_MISMATCH_DOSSIER__r02.md; LABCOMPASS__LCB-7F3A91__20260825-0532-TR__BENCH_RX201_SYMMETRY_QUOTIENT_DOSSIER__r01.md	r01 raw-quantile calibration rejected after max null false-rejection 8.25%. r02 empirical-null rank p-values pass exact-null and shell controls: rare/weak HC 84.3% vs max 65.5% and energy 60.6%; strong-single max 98.6% ~= HC 98.2%; dense energy 46.0% vs HC 8.8%. Additional blind-deconvolution symmetry control: shift-equivalent factorization is falsely rejected ~99.5-100% without orbit quotient, but returns to 4.5-6.0% null rejection after scale/shift-equivalence alignment; genuine mismatch HC retains 81.3% power. Hard gates: empirical-null calibration, heldout/crossfit residual, known symmetry-orbit quotient.
