prefilter_rank	prefilter_score	donor_im	target_im	donor_domain	target_domain	cosine	primitive_jaccard	source_concept_jaccard	donor_primitive	target_primitive	donor_sources	target_sources	donor_shell	target_shell	donor_role	donor_guarantee	screen_reason
1	6.085011148970846	IM-206	IM-220	M	P	0.097148682470916	0.09090909090909091	0.0	INFER LONG-TIME BEHAVIOR FROM TRANSFORM BEHAVIOR NEAR A BOUNDARY/LOW FREQUENCY	INFER AN EQUILIBRIUM STATE DIFFERENCE FROM NONEQUILIBRIUM DRIVEN TRAJECTORIES	M-125; M-126	P-126; P-127	M-125: Regularity assumptions; M-126: Summability structure	P-126: Initial equilibrium; P-127: Microscopic reversibility	passive inference/diagnostic	bound;local	cross-domain; moderate semantic bridge; donor operator/certificate bonus; same-theory lexical penalty
2	6.035072089329423	IM-311	IM-233	S	M	0.08347934210825736	0.0	0.0	MANY SIGNALS CAN BE INDIVIDUALLY UNDETECTABLE YET COLLECTIVELY DETECTABLE THROUGH A SMALL GLOBAL DISTORTION OF NULL	TWO UNKNOWN LAYERS CAN SOMETIMES BE RECOVERED JOINTLY IF THEY OBEY DIFFERENT STRUCTURAL CONSTRAINTS	S-174	M-174	S-174:Rare/weak regime	M-174:Identifiability constraints	passive inference/diagnostic	certificate/exact	cross-domain; moderate semantic bridge; donor operator/certificate bonus; same-theory lexical penalty
3	5.921885526554121	IM-206	IM-219	M	P	0.08167884312120638	0.0	0.1111111111111111	INFER LONG-TIME BEHAVIOR FROM TRANSFORM BEHAVIOR NEAR A BOUNDARY/LOW FREQUENCY	A SYSTEM’S ARROW OF TIME CAN BE VISIBLE IN FORWARD/REVERSE PATH PROBABILITIES EVEN WHEN MACRO STATE IS STATIONARY	M-125; M-126	P-121; P-124; P-125	M-125: Regularity assumptions; M-126: Summability structure	P-121: Nonequilibrium drive; P-124: Stochastic thermodynamics; P-125: Nonequilibrium path probabilities	passive inference/diagnostic	bound;local	cross-domain; moderate semantic bridge; donor operator/certificate bonus; same-theory lexical penalty
4	5.834460329984157	IM-280	IM-182	S	M	0.1105225177728069	0.058823529411764705	0.0	UNCERTAINTY WIDTH ITSELF CAN BE A FEEDBACK CONTROL VARIABLE USED TO RESTORE A COVERAGE TARGET	DIRECT CONTROL/NOISE DIRECTIONS CAN BE FEW WHILE ORDERED DYNAMICAL COMPOSITIONS GENERATE MANY MORE DIRECTIONS	S-390	M-388; M-389; M-390	S-390:Online feedback	M-388: Lie-bracket spanning; M-389: Noncommuting vector fields; M-390: Bracket-generating controls	active control/decision	none-explicit	cross-domain; moderate semantic bridge; donor operator/certificate bonus; same-theory lexical penalty
5	5.828090672598793	IM-088	IM-247	P	M	0.11713389943082668	0.1111111111111111	0.0	BOUNDARY IS NOT FIXED; STATE INCLUDES WHERE BOUNDARY IS	BOUNDARY INFLUENCE IS SET BY DYNAMICAL/GEOMETRIC ACCESSIBILITY, NOT RAW BOUNDARY SIZE	P-355	M-645; M-648	P-355:Moving phase boundary	M-645:Domain geometry | M-648:Fine boundary geometry	mechanism/structural	bound	cross-domain; moderate semantic bridge; donor operator/certificate bonus; same-theory lexical penalty
6	5.828090672598793	IM-247	IM-088	M	P	0.11713389943082668	0.1111111111111111	0.0	BOUNDARY INFLUENCE IS SET BY DYNAMICAL/GEOMETRIC ACCESSIBILITY, NOT RAW BOUNDARY SIZE	BOUNDARY IS NOT FIXED; STATE INCLUDES WHERE BOUNDARY IS	M-645; M-648	P-355	M-645:Domain geometry | M-648:Fine boundary geometry	P-355:Moving phase boundary	mechanism/structural	bound	cross-domain; moderate semantic bridge; donor operator/certificate bonus; same-theory lexical penalty
7	5.737489741976738	IM-170	IM-282	P	E	0.09515971653970251	0.0	0.0	SUCCESS DEPENDS ON COMPLETING TRANSPORT/REACTION BEFORE A FINITE LIFETIME OR RESIDENCE CLOCK EXPIRES	NOMINAL COMMITMENTS CAN EXCEED PHYSICAL CAPACITY WHEN ONLY A RANDOM SUBSET MATERIALIZES — AT COST OF OVERFLOW RISK	P-465; P-466	E-465; E-466	P-465: Reaction vs transport times; P-466: Timescale ratio	E-465:No-show uncertainty | E-466:Random show-up	active control/decision	none-explicit	cross-domain; moderate semantic bridge; donor operator/certificate bonus; same-theory lexical penalty
8	5.726779623231293	IM-206	IM-147	M	P	0.08964188773039723	0.1	0.0	INFER LONG-TIME BEHAVIOR FROM TRANSFORM BEHAVIOR NEAR A BOUNDARY/LOW FREQUENCY	A VANISHINGLY SMALL SUBSET CAN DOMINATE LONG-TIME OR AGGREGATE BEHAVIOR	M-125; M-126	P-154	M-125: Regularity assumptions; M-126: Summability structure	P-154:Disorder/extreme heterogeneity	passive inference/diagnostic	bound;local	cross-domain; moderate semantic bridge; donor operator/certificate bonus; same-theory lexical penalty
9	5.684460329984157	IM-182	IM-280	M	S	0.1105225177728069	0.058823529411764705	0.0	DIRECT CONTROL/NOISE DIRECTIONS CAN BE FEW WHILE ORDERED DYNAMICAL COMPOSITIONS GENERATE MANY MORE DIRECTIONS	UNCERTAINTY WIDTH ITSELF CAN BE A FEEDBACK CONTROL VARIABLE USED TO RESTORE A COVERAGE TARGET	M-388; M-389; M-390	S-390	M-388: Lie-bracket spanning; M-389: Noncommuting vector fields; M-390: Bracket-generating controls	S-390:Online feedback	active control/decision	none-explicit	cross-domain; moderate semantic bridge; donor operator/certificate bonus; same-theory lexical penalty
10	5.669647928649976	IM-181	IM-088	M	P	0.07501304070200705	0.08333333333333333	0.16666666666666666	INTERROGATE AN INACCESSIBLE INTERIOR THROUGH CONTROLLED BOUNDARY INPUTS AND BOUNDARY RESPONSES	BOUNDARY IS NOT FIXED; STATE INCLUDES WHERE BOUNDARY IS	M-431; M-432	P-355	M-431: PDE boundary access; M-432: Elliptic PDE	P-355:Moving phase boundary	active control/decision	bound	cross-domain; moderate semantic bridge; donor operator/certificate bonus; same-theory lexical penalty
11	5.581064159118864	IM-236	IM-278	S	M	0.10144576571208924	0.16666666666666666	0.0	ITERATIVE SELF-FEEDBACK CREATES CORRELATED RESIDUALS; ADD A CORRECTION THAT CANCELS MEMORY OF PREVIOUS ITERATION	ALTERNATING LOCAL CORRECTIONS MAY NEED A MEMORY OF PREVIOUS CORRECTION ERROR TO CONVERGE TO RIGHT GLOBAL OBJECT	S-911; S-912	M-159	S-911:Random high-dimensional design | S-912:AMP	M-159:Convex sets	mechanism/structural	certificate/exact	cross-domain; moderate semantic bridge; donor operator/certificate bonus; same-theory lexical penalty
12	5.576079521403543	IM-206	IM-107	M	S	0.0499834266978087	0.0	0.0	INFER LONG-TIME BEHAVIOR FROM TRANSFORM BEHAVIOR NEAR A BOUNDARY/LOW FREQUENCY	WHEN DATA DO NOT POINT-IDENTIFY, CORRECT ANSWER MAY BE LARGE/DISCONNECTED/UNBOUNDED SET	M-125; M-126	S-131; S-136; S-447	M-125: Regularity assumptions; M-126: Summability structure	S-131:Weak assumptions | S-136:Partial identification | S-447:Weak/nonidentification	passive inference/diagnostic	bound;local	cross-domain; moderate semantic bridge; donor operator/certificate bonus; same-theory lexical penalty
13	5.566290724475917	IM-121	IM-112	S	M	0.09348324195987852	0.0	0.0	DESIGN EVIDENCE OBJECT TO REMAIN VALID UNDER DATA-DEPENDENT STOPPING	REGULARIZATION/MAX-ENT SELECTS REPRESENTATIVE; DOES NOT IDENTIFY TRUTH	S-089; S-227; S-395	M-088; M-089; M-227	S-089:Sequentially valid evidence | S-227:Sequential validity | S-395:E-values/test martingales	M-088:Bias introduced deliberately | M-089:Inverse problem | M-227:Moment/support constraints	active control/decision	none-explicit	cross-domain; moderate semantic bridge; donor operator/certificate bonus; same-theory lexical penalty
14	5.538525968411918	IM-206	IM-303	M	P	0.04715597794035211	0.0	0.0	INFER LONG-TIME BEHAVIOR FROM TRANSFORM BEHAVIOR NEAR A BOUNDARY/LOW FREQUENCY	A MACRO TRANSPORT COEFFICIENT CAN BE RECOVERED FROM TIME-INTEGRATED MEMORY OF MICROSCOPIC SPONTANEOUS CURRENTS	M-125; M-126	P-104	M-125: Regularity assumptions; M-126: Summability structure	P-104:Equilibrium statistical mechanics	passive inference/diagnostic	bound;local	cross-domain; moderate semantic bridge; donor operator/certificate bonus; same-theory lexical penalty
15	5.520055485036063	IM-076	IM-081	M	E	0.11082796478496387	0.0	0.0	FAILURE TO FIND SOLUTION ≠ PROOF NONE EXISTS; SOME FAILURES HAVE SHORT WITNESS	PROXY USEFUL UNTIL DIRECT EVIDENCE ARRIVES; WEIGHT SHOULD FALL	M-523; M-524	E-523; E-524	M-523:Linear alternatives | M-524:Linear/conic feasibility	E-523:Repeated employment | E-524:Employer learning	mechanism/structural	certificate/exact	cross-domain; moderate semantic bridge; donor operator/certificate bonus; same-theory lexical penalty
16	5.500628354019545	IM-088	IM-227	P	M	0.09487923873564065	0.16666666666666666	0.0	BOUNDARY IS NOT FIXED; STATE INCLUDES WHERE BOUNDARY IS	ORDINARY CLOCK TIME AND ACCUMULATED CONTACT/VISIT TIME AT A BOUNDARY ARE DIFFERENT STATE VARIABLES	P-355	M-317	P-355:Moving phase boundary	M-317:Continuous semimartingale	mechanism/structural	bound	cross-domain; moderate semantic bridge; donor operator/certificate bonus; same-theory lexical penalty
17	5.500628354019545	IM-227	IM-088	M	P	0.09487923873564065	0.16666666666666666	0.0	ORDINARY CLOCK TIME AND ACCUMULATED CONTACT/VISIT TIME AT A BOUNDARY ARE DIFFERENT STATE VARIABLES	BOUNDARY IS NOT FIXED; STATE INCLUDES WHERE BOUNDARY IS	M-317	P-355	M-317:Continuous semimartingale	P-355:Moving phase boundary	mechanism/structural	bound	cross-domain; moderate semantic bridge; donor operator/certificate bonus; same-theory lexical penalty
18	5.497243675724764	IM-196	IM-066	M	S	0.04400559224703847	0.0	0.0	RECOVERY CAN HAVE A SHARP COMPLEXITY–MEASUREMENT GEOMETRY BOUNDARY	SAME OBSERVED DATA + DIFFERENT DATA-GENERATING DESIGN → DIFFERENT VALID INFERENCE	M-279; M-280	S-750; S-754; S-760	M-279: Sparsity + measurement geometry; M-280: Sparse signal class	S-750:Design-aware inference | S-754:Known assignment mechanism | S-760:Experimental design	passive inference/diagnostic	bound	cross-domain; moderate semantic bridge; donor operator/certificate bonus; same-theory lexical penalty
19	5.483016301714594	IM-311	IM-257	S	M	0.054212638830045456	0.0	0.0	MANY SIGNALS CAN BE INDIVIDUALLY UNDETECTABLE YET COLLECTIVELY DETECTABLE THROUGH A SMALL GLOBAL DISTORTION OF NULL	FOR A FIXED ERROR TOLERANCE THERE CAN BE A MINIMUM INFORMATION/REPRESENTATION BUDGET	S-174	M-226	S-174:Rare/weak regime	M-226:Distortion metric	passive inference/diagnostic	certificate/exact	cross-domain; moderate semantic bridge; donor operator/certificate bonus; same-theory lexical penalty
20	5.469140221979468	IM-225	IM-193	M	S	0.06051230552371037	0.0	0.0	DEPENDENT SEQUENTIAL DATA CAN STILL HAVE SHARP DEVIATION GUARANTEES IF SURPRISES AND PREDICTABLE VARIANCE ARE CONTROLLED	RESETTING THE CLOCK AFTER EACH EVENT AND USING ONE GLOBAL CLOCK ARE DIFFERENT MODELS	M-311; M-313	S-312; S-313	M-311:Martingale difference structure | M-313:Martingale variance process	S-312: Renewal-like recurrence; S-313: Global-time effects	active control/decision	certificate/exact	cross-domain; moderate semantic bridge; donor operator/certificate bonus; same-theory lexical penalty
21	5.461337716959918	IM-196	IM-088	M	P	0.051867349139165186	0.1	0.0	RECOVERY CAN HAVE A SHARP COMPLEXITY–MEASUREMENT GEOMETRY BOUNDARY	BOUNDARY IS NOT FIXED; STATE INCLUDES WHERE BOUNDARY IS	M-279; M-280	P-355	M-279: Sparsity + measurement geometry; M-280: Sparse signal class	P-355:Moving phase boundary	passive inference/diagnostic	bound	cross-domain; moderate semantic bridge; donor operator/certificate bonus; same-theory lexical penalty
22	5.441000834610524	IM-196	IM-107	M	S	0.03962903719733716	0.0	0.0	RECOVERY CAN HAVE A SHARP COMPLEXITY–MEASUREMENT GEOMETRY BOUNDARY	WHEN DATA DO NOT POINT-IDENTIFY, CORRECT ANSWER MAY BE LARGE/DISCONNECTED/UNBOUNDED SET	M-279; M-280	S-131; S-136; S-447	M-279: Sparsity + measurement geometry; M-280: Sparse signal class	S-131:Weak assumptions | S-136:Partial identification | S-447:Weak/nonidentification	passive inference/diagnostic	bound	cross-domain; moderate semantic bridge; donor operator/certificate bonus; same-theory lexical penalty
23	5.439354967550758	IM-225	IM-210	M	S	0.03949931356911471	0.0	0.0	DEPENDENT SEQUENTIAL DATA CAN STILL HAVE SHARP DEVIATION GUARANTEES IF SURPRISES AND PREDICTABLE VARIANCE ARE CONTROLLED	FUTURE DATA CAN CHANGE YOUR BEST ESTIMATE OF THE PAST; ONLINE AND OFFLINE STATE ESTIMATES ARE DIFFERENT	M-311; M-313	S-106; S-107	M-311:Martingale difference structure | M-313:Martingale variance process	S-106: Offline/two-sided information; S-107: Delay/latency tradeoff	active control/decision	certificate/exact	cross-domain; moderate semantic bridge; donor operator/certificate bonus; same-theory lexical penalty
24	5.439114897581211	IM-227	IM-414	M	P	0.10354929952575789	0.0	0.0	ORDINARY CLOCK TIME AND ACCUMULATED CONTACT/VISIT TIME AT A BOUNDARY ARE DIFFERENT STATE VARIABLES	MANY SCATTERING EVENTS DO NOT GUARANTEE DIRECTIONAL MEMORY LOSS WHEN EACH EVENT IS STRONGLY FORWARD-BIASED	M-317	P-588;P-589;P-593	M-317:Continuous semimartingale	see canonical 4000-record inventory	mechanism/structural	bound	cross-domain; moderate semantic bridge; donor operator/certificate bonus; same-theory lexical penalty
25	5.432607566942819	IM-210	IM-292	S	P	0.09085961283970612	0.0	0.0	FUTURE DATA CAN CHANGE YOUR BEST ESTIMATE OF THE PAST; ONLINE AND OFFLINE STATE ESTIMATES ARE DIFFERENT	ELIMINATING HIDDEN DYNAMIC VARIABLES CAN TURN A MARKOV/LOCAL SYSTEM INTO MEMORY + COLORED NOISE	S-106; S-107	P-105; P-106; P-107	S-106: Offline/two-sided information; S-107: Delay/latency tradeoff	P-105:Projection formalism | P-106:Chosen relevant subspace | P-107:Exact projected dynamics	passive inference/diagnostic	none-explicit	cross-domain; moderate semantic bridge; donor operator/certificate bonus; same-theory lexical penalty
26	5.425696402810946	IM-311	IM-279	S	M	0.038418848137793754	0.0	0.0	MANY SIGNALS CAN BE INDIVIDUALLY UNDETECTABLE YET COLLECTIVELY DETECTABLE THROUGH A SMALL GLOBAL DISTORTION OF NULL	SOLVE LARGE COUPLED PROBLEMS LOCALLY, THEN USE A SHADOW-PRICE/CONSENSUS SIGNAL TO FORCE AGREEMENT	S-174	M-160	S-174:Rare/weak regime	M-160:Separable convex structure	passive inference/diagnostic	certificate/exact	cross-domain; moderate semantic bridge; donor operator/certificate bonus; same-theory lexical penalty
27	5.406099278476457	IM-249	IM-088	M	P	0.04527416775294277	0.07692307692307693	0.0	REPLACE AN INACCESSIBLE INTERIOR SOURCE BY A BOUNDARY-EQUIVALENT SOURCE THAT PRESERVES EXTERNAL OBSERVABLES	BOUNDARY IS NOT FIXED; STATE INCLUDES WHERE BOUNDARY IS	M-655	P-355	M-655:Potential equivalence	P-355:Moving phase boundary	passive inference/diagnostic	bound	cross-domain; moderate semantic bridge; donor operator/certificate bonus; same-theory lexical penalty
28	5.4041164333460925	IM-227	IM-193	M	S	0.10369299819684782	0.13333333333333333	0.0	ORDINARY CLOCK TIME AND ACCUMULATED CONTACT/VISIT TIME AT A BOUNDARY ARE DIFFERENT STATE VARIABLES	RESETTING THE CLOCK AFTER EACH EVENT AND USING ONE GLOBAL CLOCK ARE DIFFERENT MODELS	M-317	S-312; S-313	M-317:Continuous semimartingale	S-312: Renewal-like recurrence; S-313: Global-time effects	mechanism/structural	bound	cross-domain; moderate semantic bridge; donor operator/certificate bonus; same-theory lexical penalty
29	5.390868214447549	IM-173	IM-343	M	S	0.06931418424559982	0.0	0.0	A HARD COMBINATORIAL BOTTLENECK CAN SOMETIMES BE BOUNDED BY AN EASIER SPECTRAL SURROGATE	A VARIABLE KNOWN NOT TO LIE ON THE TARGET CAUSAL PATH CAN STILL BE USED TO EXPOSE OR BRIDGE HIDDEN CONFOUNDING	M-351; M-352; M-353	S-349; S-350; S-351; S-352	M-351: Weighted graph; M-352: Connected graph; M-353: Graph geometry	S-349:Known causal null | S-350:Known causal null | S-351:Completeness/proxy conditions | S-352:Integral-equation identification	mechanism/structural	bound	cross-domain; moderate semantic bridge; donor operator/certificate bonus; same-theory lexical penalty
30	5.3869736076511066	IM-241	IM-197	M	P	0.10336518230443997	0.0	0.0	SPARSE LOCAL MESSAGES CAN RECOVER A GLOBAL BELIEF/CONSISTENCY STATE — BUT LOOPS CHANGE THE VALIDITY CONTRACT	TRANSITION/DECAY RATE DEPENDS ON AVAILABLE FINAL STATES IN THE ENVIRONMENT, NOT ONLY ON THE SOURCE	M-269; M-270	P-269; P-270	M-269:Sparse factor graph | M-270:Tree exact; loopy approximate	P-269: Structured environment; P-270: Density-of-states engineering	mechanism/structural	local	cross-domain; moderate semantic bridge; donor operator/certificate bonus; same-theory lexical penalty
31	5.378580627551629	IM-325	IM-190	M	S	0.03463399100277529	0.0	0.0	MONOTONE POLICY RESPONSE CAN BE CERTIFIED FROM COMPLEMENTARITY/ORDER STRUCTURE WITHOUT RESOLVING EVERY PARAMETER VALUE	WHEN YOU CHOOSE TO LOOK CAN ITSELF REVEAL INFORMATION ABOUT THE HIDDEN STATE	M-866; M-867; M-869; M-874; M-880	S-874; S-875	M-866:Complementary coordinates | M-867:Ordered action × parameter | M-869:Lattice optimization | M-874:Set-valued optimization | M-880:Nondifferentiable/discrete optimization	S-874: Irregular follow-up; S-875: Inspection process	active control/decision	certificate/exact	cross-domain; moderate semantic bridge; donor operator/certificate bonus; same-theory lexical penalty
32	5.376056015375539	IM-225	IM-212	M	S	0.04185131638420968	0.06666666666666667	0.0	DEPENDENT SEQUENTIAL DATA CAN STILL HAVE SHARP DEVIATION GUARANTEES IF SURPRISES AND PREDICTABLE VARIANCE ARE CONTROLLED	SUBTRACT THE PREDICTABLE PART OF AN OBSERVATION STREAM TO ISOLATE NEW INFORMATION	M-311; M-313	S-105; S-120	M-311:Martingale difference structure | M-313:Martingale variance process	S-105: Correct conditional model; S-120: Predictable intensity	active control/decision	certificate/exact	cross-domain; moderate semantic bridge; donor operator/certificate bonus; same-theory lexical penalty
33	5.373047474167711	IM-311	IM-156	S	E;P	0.040401318806413275	0.05555555555555555	0.0	MANY SIGNALS CAN BE INDIVIDUALLY UNDETECTABLE YET COLLECTIVELY DETECTABLE THROUGH A SMALL GLOBAL DISTORTION OF NULL	SYMMETRIC RULES CAN PRODUCE AN ASYMMETRIC REALIZED STATE; TINY COORDINATION SIGNALS CAN SELECT WHICH ONE	S-174	P-014; E-155; E-156	S-174:Rare/weak regime	P-014:Degeneracy/instability | E-155:Multiple equilibria | E-156:Expectations coordination	passive inference/diagnostic	certificate/exact	cross-domain; moderate semantic bridge; donor operator/certificate bonus; same-theory lexical penalty
34	5.368087643929195	IM-267	IM-357	M	E	0.06767003425367786	0.0	0.0	THE VALUE OF PERFECT FUTURE INFORMATION CAN BE BOUNDED WITHOUT HAVING THAT INFORMATION	PUBLIC ACTIONS CAN ACCUMULATE UNTIL A NEW AGENT RATIONALLY IGNORES ITS OWN PRIVATE SIGNAL	M-345	E-099	M-345:Sequential selection	E-099:Sequential social learning	mechanism/structural	bound	cross-domain; moderate semantic bridge; donor operator/certificate bonus; same-theory lexical penalty
35	5.3490958837317475	IM-249	IM-171	M	P	0.03974153822434816	0.06666666666666667	0.0	REPLACE AN INACCESSIBLE INTERIOR SOURCE BY A BOUNDARY-EQUIVALENT SOURCE THAT PRESERVES EXTERNAL OBSERVABLES	A LOCALLY CAPABLE SOURCE MAY FAIL TO PROPAGATE BECAUSE THE DOWNSTREAM SINK/LOAD IS TOO LARGE	M-655	P-473; P-999	M-655:Potential equivalence	P-473: Excitation current balance; P-999: Geometry + finite coupling	passive inference/diagnostic	bound	cross-domain; moderate semantic bridge; donor operator/certificate bonus; same-theory lexical penalty
36	5.337945888520531	IM-325	IM-078	M	P	0.034943571489608236	0.0	0.05555555555555555	MONOTONE POLICY RESPONSE CAN BE CERTIFIED FROM COMPLEMENTARITY/ORDER STRUCTURE WITHOUT RESOLVING EVERY PARAMETER VALUE	STATE DETERIORATES → NEW CONSTRAINTS ACTIVATE → FREEDOM FALLS → FURTHER DETERIORATION	M-866; M-867; M-869; M-874; M-880	P-680; P-880	M-866:Complementary coordinates | M-867:Ordered action × parameter | M-869:Lattice optimization | M-874:Set-valued optimization | M-880:Nondifferentiable/discrete optimization	P-680:Dense particulate system | P-880:Coupled degradation	active control/decision	certificate/exact	cross-domain; moderate semantic bridge; donor operator/certificate bonus; same-theory lexical penalty
37	5.336630056266605	IM-336	IM-201	S	M	0.065398993630104	0.0	0.0	THE KNOWN RANDOMIZATION MECHANISM CAN ITSELF GENERATE AN EXACT REFERENCE DISTRIBUTION	CONDITIONING ON A RARE FUTURE EVENT CREATES A DIFFERENT EFFECTIVE PATH DYNAMICS	S-149	M-149	S-149:Known randomization	M-149: Positive harmonic function	mechanism/structural	certificate/exact;probabilistic	cross-domain; moderate semantic bridge; donor operator/certificate bonus; same-theory lexical penalty
38	5.333311376830004	IM-206	IM-222	M	P	0.030902581493279836	0.0	0.0	INFER LONG-TIME BEHAVIOR FROM TRANSFORM BEHAVIOR NEAR A BOUNDARY/LOW FREQUENCY	RECOVERY TIME CAN DIVERGE BEFORE THE STATE ITSELF VISIBLY COLLAPSES	M-125; M-126	P-119; P-120	M-125: Regularity assumptions; M-126: Summability structure	P-119:Near bifurcation/criticality | P-120:Specific transition classes	passive inference/diagnostic	bound;local	cross-domain; moderate semantic bridge; donor operator/certificate bonus; same-theory lexical penalty
39	5.3310910562959775	IM-314	IM-359	M	E	0.07094433980883373	0.058823529411764705	0.0	NONLINEAR STATE DYNAMICS CAN BECOME LINEAR IN A LIFTED OBSERVABLE SPACE	CONTROL THE INFORMATION STRUCTURE RATHER THAN THE STATE TO CHANGE ANOTHER DECISION-MAKER'S ACTION	M-401	E-401	M-401:Deterministic dynamics + observable space	E-401:Sender commitment to information structure	passive inference/diagnostic	local	cross-domain; moderate semantic bridge; donor operator/certificate bonus; same-theory lexical penalty
40	5.3310910562959775	IM-359	IM-314	E	M	0.07094433980883373	0.058823529411764705	0.0	CONTROL THE INFORMATION STRUCTURE RATHER THAN THE STATE TO CHANGE ANOTHER DECISION-MAKER'S ACTION	NONLINEAR STATE DYNAMICS CAN BECOME LINEAR IN A LIFTED OBSERVABLE SPACE	E-401	M-401	E-401:Sender commitment to information structure	M-401:Deterministic dynamics + observable space	information/measurement control	none-explicit	cross-domain; moderate semantic bridge; donor operator/certificate bonus; same-theory lexical penalty
41	5.329456963193083	IM-271	IM-314	S	M	0.07119814277303348	0.0625	0.0	RESIDUAL DEPENDENCE AFTER CONDITIONING ON LATENT STATE IS EVIDENCE THE STATE REPRESENTATION IS INCOMPLETE	NONLINEAR STATE DYNAMICS CAN BECOME LINEAR IN A LIFTED OBSERVABLE SPACE	S-332; S-855	M-401	S-332:Latent-variable model | S-855:Violated local independence	M-401:Deterministic dynamics + observable space	mechanism/structural	certificate/exact	cross-domain; moderate semantic bridge; donor operator/certificate bonus; same-theory lexical penalty
42	5.329456963193083	IM-314	IM-271	M	S	0.07119814277303348	0.0625	0.0	NONLINEAR STATE DYNAMICS CAN BECOME LINEAR IN A LIFTED OBSERVABLE SPACE	RESIDUAL DEPENDENCE AFTER CONDITIONING ON LATENT STATE IS EVIDENCE THE STATE REPRESENTATION IS INCOMPLETE	M-401	S-332; S-855	M-401:Deterministic dynamics + observable space	S-332:Latent-variable model | S-855:Violated local independence	passive inference/diagnostic	local	cross-domain; moderate semantic bridge; donor operator/certificate bonus; same-theory lexical penalty
43	5.3241956234509855	IM-203	IM-284	M	P	0.07081804097806312	0.0625	0.0	PAIRWISE DEPENDENCE CAN VANISH IN A LARGE POPULATION WHILE COLLECTIVE MEAN-FIELD INTERACTION REMAINS	FAILURE OF LONG-RANGE PROPAGATION DOES NOT MEAN THE FIELD/INFLUENCE VANISHES LOCALLY	M-151; M-152	P-542	M-151: Weak symmetric interaction; M-152: Mean-field scaling	P-542:Below-cutoff mode	active control/decision	none-explicit	cross-domain; moderate semantic bridge; donor operator/certificate bonus; same-theory lexical penalty
44	5.320961048136225	IM-196	IM-237	M	S	0.029866508316421694	0.0	0.0	RECOVERY CAN HAVE A SHARP COMPLEXITY–MEASUREMENT GEOMETRY BOUNDARY	A HUGE COUPLED ESTIMATION ALGORITHM CAN HAVE LOW-DIMENSIONAL ERROR DYNAMICS IN THE RIGHT RANDOM REGIME	M-279; M-280	S-913	M-279: Sparsity + measurement geometry; M-280: Sparse signal class	S-913:AMP asymptotics	passive inference/diagnostic	bound	cross-domain; moderate semantic bridge; donor operator/certificate bonus; same-theory lexical penalty
45	5.31344134652684	IM-164	IM-053	P	M	0.10412604938701445	0.058823529411764705	0.0	COARSE-GRAINING CAN CREATE A VALID EFFECTIVE LAW ONLY AFTER HIDDEN FAST VARIABLES HAVE RELAXED/MIXED	FORBIDDEN/UNAVAILABLE COARSE STATE CAN BE REALIZED BY FAST OR RANDOM MICRO-MIXTURE	P-108; P-111; P-030	M-834; M-838	P-108: Time-scale separation; P-111: Fast periodic/ergodic motion; P-030: Scale separation/controlled approximation	M-834:Fine-scale mixtures | M-838:Scale separation	mechanism/structural	none-explicit	cross-domain; moderate semantic bridge; donor operator/certificate bonus; same-theory lexical penalty
46	5.312009994278906	IM-249	IM-010	M	E;P	0.02911040189082207	0.0	0.0	REPLACE AN INACCESSIBLE INTERIOR SOURCE BY A BOUNDARY-EQUIVALENT SOURCE THAT PRESERVES EXTERNAL OBSERVABLES	PHYSICAL TOPOLOGY / POTENTIAL TOPOLOGY / CURRENTLY USABLE TOPOLOGY	M-655	P-1000; P-999; P-990; P-991; E-916; P-776	M-655:Potential equivalence	P-1000:State-dependent connectivity | P-999:Geometry + finite coupling | P-990:Asymmetric recovery/coupling | P-991:Propagation threshold | E-916:Heterogeneous banks | P-776:Transport accessibility	passive inference/diagnostic	bound	cross-domain; moderate semantic bridge; donor operator/certificate bonus; same-theory lexical penalty
47	5.301587225086895	IM-206	IM-088	M	P	0.040896105302680716	0.1111111111111111	0.0	INFER LONG-TIME BEHAVIOR FROM TRANSFORM BEHAVIOR NEAR A BOUNDARY/LOW FREQUENCY	BOUNDARY IS NOT FIXED; STATE INCLUDES WHERE BOUNDARY IS	M-125; M-126	P-355	M-125: Regularity assumptions; M-126: Summability structure	P-355:Moving phase boundary	passive inference/diagnostic	bound;local	cross-domain; moderate semantic bridge; donor operator/certificate bonus; same-theory lexical penalty
48	5.299492493614262	IM-326	IM-335	M	S	0.07621294601538475	0.13333333333333333	0.0	GLOBAL TARGET ERROR SHOULD WEIGHT LOCAL RESIDUALS BY THEIR CONSEQUENCE FOR THE TARGET	MEASUREMENT LOCATIONS SHOULD BE CHOSEN TO SHAPE THE INFORMATION GEOMETRY FOR THE TARGET	M-255	S-048; S-049; S-050	M-255:Quantity of interest	S-048:Local/model-based design | S-049:Information-matrix criterion | S-050:Target functional specified	mechanism/structural	certificate/exact;local	cross-domain; moderate semantic bridge; donor operator/certificate bonus; same-theory lexical penalty
49	5.298175139583835	IM-227	IM-303	M	P	0.06261814083324801	0.0	0.0	ORDINARY CLOCK TIME AND ACCUMULATED CONTACT/VISIT TIME AT A BOUNDARY ARE DIFFERENT STATE VARIABLES	A MACRO TRANSPORT COEFFICIENT CAN BE RECOVERED FROM TIME-INTEGRATED MEMORY OF MICROSCOPIC SPONTANEOUS CURRENTS	M-317	P-104	M-317:Continuous semimartingale	P-104:Equilibrium statistical mechanics	mechanism/structural	bound	cross-domain; moderate semantic bridge; donor operator/certificate bonus; same-theory lexical penalty
50	5.295323769601536	IM-148	IM-278	P	M	0.0624116176001164	0.0	0.0	A VARIABLE CAN BE IRRELEVANT FOR THE MAIN LIMIT YET ESSENTIAL FOR A PARTICULAR OBSERVABLE	ALTERNATING LOCAL CORRECTIONS MAY NEED A MEMORY OF PREVIOUS CORRECTION ERROR TO CONVERGE TO RIGHT GLOBAL OBJECT	P-159	M-159	P-159:RG structure	M-159:Convex sets	passive inference/diagnostic	none-explicit	cross-domain; moderate semantic bridge; donor operator/certificate bonus; same-theory lexical penalty
51	5.28870805444425	IM-196	IM-010	M	E;P	0.02712055003393487	0.0	0.0	RECOVERY CAN HAVE A SHARP COMPLEXITY–MEASUREMENT GEOMETRY BOUNDARY	PHYSICAL TOPOLOGY / POTENTIAL TOPOLOGY / CURRENTLY USABLE TOPOLOGY	M-279; M-280	P-1000; P-999; P-990; P-991; E-916; P-776	M-279: Sparsity + measurement geometry; M-280: Sparse signal class	P-1000:State-dependent connectivity | P-999:Geometry + finite coupling | P-990:Asymmetric recovery/coupling | P-991:Propagation threshold | E-916:Heterogeneous banks | P-776:Transport accessibility	passive inference/diagnostic	bound	cross-domain; moderate semantic bridge; donor operator/certificate bonus; same-theory lexical penalty
52	5.2851156528681935	IM-311	IM-231	S	M	0.040322577965577214	0.11764705882352941	0.0	MANY SIGNALS CAN BE INDIVIDUALLY UNDETECTABLE YET COLLECTIVELY DETECTABLE THROUGH A SMALL GLOBAL DISTORTION OF NULL	UNDER THE RIGHT CONVEX SHELL, GLOBAL FEASIBILITY CAN BE CERTIFIED BY CHECKING ONLY SMALL SUBSETS	S-174	M-199	S-174:Rare/weak regime	M-199:Finite-dimensional convexity	passive inference/diagnostic	certificate/exact	cross-domain; moderate semantic bridge; donor operator/certificate bonus; same-theory lexical penalty
53	5.282568437538208	IM-206	IM-189	M	S	0.02659086993401987	0.0	0.0	INFER LONG-TIME BEHAVIOR FROM TRANSFORM BEHAVIOR NEAR A BOUNDARY/LOW FREQUENCY	RANDOM-TIME OBSERVATION OVERREPRESENTS LONG-LIVED STATES/EPISODES	M-125; M-126	S-272	M-125: Regularity assumptions; M-126: Summability structure	S-272: Duration-biased sampling	passive inference/diagnostic	bound;local	cross-domain; moderate semantic bridge; donor operator/certificate bonus; same-theory lexical penalty
54	5.282087514355368	IM-325	IM-335	M	S	0.026549281403783827	0.0	0.0	MONOTONE POLICY RESPONSE CAN BE CERTIFIED FROM COMPLEMENTARITY/ORDER STRUCTURE WITHOUT RESOLVING EVERY PARAMETER VALUE	MEASUREMENT LOCATIONS SHOULD BE CHOSEN TO SHAPE THE INFORMATION GEOMETRY FOR THE TARGET	M-866; M-867; M-869; M-874; M-880	S-048; S-049; S-050	M-866:Complementary coordinates | M-867:Ordered action × parameter | M-869:Lattice optimization | M-874:Set-valued optimization | M-880:Nondifferentiable/discrete optimization	S-048:Local/model-based design | S-049:Information-matrix criterion | S-050:Target functional specified	active control/decision	certificate/exact	cross-domain; moderate semantic bridge; donor operator/certificate bonus; same-theory lexical penalty
55	5.278247776980103	IM-312	IM-208	S	M	0.07928591321540182	0.0	0.0	TARGET-SPECIFIC LOCAL CONTAMINATION SENSITIVITY CAN BOTH CORRECT AN ESTIMATE AND DEFINE BEST ACHIEVABLE FIRST-ORDER PRECISION	A NON-MARKOV OBSERVED PROCESS CAN BECOME MARKOV AFTER ADDING THE RIGHT MEMORY VARIABLE	S-017; S-121; S-122	M-121; M-122	S-017:Local contamination analysis | S-121:Tangent-space theory | S-122:Regular models	M-121: Markovization; M-122: Duration dependence	passive inference/diagnostic	local	cross-domain; moderate semantic bridge; donor operator/certificate bonus; same-theory lexical penalty
56	5.274885297828621	IM-236	IM-223	S	M	0.066886969951552	0.058823529411764705	0.0	ITERATIVE SELF-FEEDBACK CREATES CORRELATED RESIDUALS; ADD A CORRECTION THAT CANCELS MEMORY OF PREVIOUS ITERATION	ENFORCE A HARD STATE CONSTRAINT WITH MINIMUM NECESSARY CORRECTION AND TRACK THAT CORRECTION SEPARATELY	S-911; S-912	M-329	S-911:Random high-dimensional design | S-912:AMP	M-329:Hard state constraint	mechanism/structural	certificate/exact	cross-domain; moderate semantic bridge; donor operator/certificate bonus; same-theory lexical penalty
57	5.273218828915176	IM-254	IM-101	M	E	0.06859551303185758	0.07692307692307693	0.0	THE SAME OBJECT CAN HAVE TWO DUAL COORDINATE SYSTEMS IN WHICH DIFFERENT OPERATIONS BECOME SIMPLE	SAME OBJECT CAN AUTOMATICALLY CHANGE ROLE WHEN STATE CROSSES TRIGGER	M-273	E-718; E-775	M-273:Information geometry	E-718:Contractual trigger | E-775:Verifiable performance	mechanism/structural	certificate/exact	cross-domain; moderate semantic bridge; donor operator/certificate bonus; same-theory lexical penalty
58	5.266365705359301	IM-280	IM-359	S	E	0.06594160704132566	0.05555555555555555	0.0	UNCERTAINTY WIDTH ITSELF CAN BE A FEEDBACK CONTROL VARIABLE USED TO RESTORE A COVERAGE TARGET	CONTROL THE INFORMATION STRUCTURE RATHER THAN THE STATE TO CHANGE ANOTHER DECISION-MAKER'S ACTION	S-390	E-401	S-390:Online feedback	E-401:Sender commitment to information structure	active control/decision	none-explicit	cross-domain; moderate semantic bridge; donor operator/certificate bonus; same-theory lexical penalty
59	5.265317779764354	IM-206	IM-066	M	S	0.025089952635870764	0.0	0.0	INFER LONG-TIME BEHAVIOR FROM TRANSFORM BEHAVIOR NEAR A BOUNDARY/LOW FREQUENCY	SAME OBSERVED DATA + DIFFERENT DATA-GENERATING DESIGN → DIFFERENT VALID INFERENCE	M-125; M-126	S-750; S-754; S-760	M-125: Regularity assumptions; M-126: Summability structure	S-750:Design-aware inference | S-754:Known assignment mechanism | S-760:Experimental design	passive inference/diagnostic	bound;local	cross-domain; moderate semantic bridge; donor operator/certificate bonus; same-theory lexical penalty
60	5.259039933535736	IM-225	IM-381	M	P	0.024538953577665223	0.0	0.0	DEPENDENT SEQUENTIAL DATA CAN STILL HAVE SHARP DEVIATION GUARANTEES IF SURPRISES AND PREDICTABLE VARIANCE ARE CONTROLLED	A PROPAGATING EXCITATION CAN BECOME SELF-SUSTAINING ON A LOOP IF RETURN TIME EXCEEDS LOCAL RECOVERY TIME	M-311; M-313	P-984; P-985; P-994; P-1000	M-311:Martingale difference structure | M-313:Martingale variance process	P-984:Recovery variable | P-985:Fast–slow system | P-994:Recovery + closed path | P-1000:State-dependent connectivity	active control/decision	certificate/exact	cross-domain; moderate semantic bridge; donor operator/certificate bonus; same-theory lexical penalty
61	5.257828762450042	IM-265	IM-343	M	S	0.07415565202003145	0.14285714285714285	0.0	WHEN THE PROCESS ITSELF IS UNCONTROLLABLE, TIMING OF EXIT CAN STILL BE THE CONTROL VARIABLE	A VARIABLE KNOWN NOT TO LIE ON THE TARGET CAUSAL PATH CAN STILL BE USED TO EXPOSE OR BRIDGE HIDDEN CONFOUNDING	M-341; M-343	S-349; S-350; S-351; S-352	M-341:Stochastic process + stopping rule | M-343:Markov optimal stopping	S-349:Known causal null | S-350:Known causal null | S-351:Completeness/proxy conditions | S-352:Integral-equation identification	active control/decision	none-explicit	cross-domain; moderate semantic bridge; donor operator/certificate bonus; same-theory lexical penalty
62	5.254041703623814	IM-334	IM-357	S	E	0.059414350135495085	0.0	0.0	AN ACTION CAN HAVE TWO VALUES AT ONCE: CURRENT PAYOFF AND INFORMATION ABOUT FUTURE PAYOFFS	PUBLIC ACTIONS CAN ACCUMULATE UNTIL A NEW AGENT RATIONALLY IGNORES ITS OWN PRIVATE SIGNAL	S-042; S-043; S-044	E-099	S-042:Reward feedback | S-043:Bayesian model | S-044:Concentration assumptions	E-099:Sequential social learning	active control/decision	none-explicit	cross-domain; moderate semantic bridge; donor operator/certificate bonus; same-theory lexical penalty
63	5.251796584285795	IM-346	IM-221	S	P	0.07735203032342287	0.0	0.0	BLOCKWISE ROBUST AGGREGATION CAN CONTROL HEAVY TAILS WITHOUT TRUSTING THE GLOBAL MEAN	ABANDON EXTREME SLOW TRAJECTORIES AND RESTART; MEAN COMPLETION CAN IMPROVE EVEN THOUGH WORK IS DISCARDED	S-141; S-142	P-131	S-141:Heavy-tail robustness | S-142:Moment assumptions	P-131:Heavy-tail/variable completion time	active control/decision	none-explicit	cross-domain; moderate semantic bridge; donor operator/certificate bonus; same-theory lexical penalty
64	5.241689740826941	IM-249	IM-107	M	S	0.0230022572132362	0.0	0.0	REPLACE AN INACCESSIBLE INTERIOR SOURCE BY A BOUNDARY-EQUIVALENT SOURCE THAT PRESERVES EXTERNAL OBSERVABLES	WHEN DATA DO NOT POINT-IDENTIFY, CORRECT ANSWER MAY BE LARGE/DISCONNECTED/UNBOUNDED SET	M-655	S-131; S-136; S-447	M-655:Potential equivalence	S-131:Weak assumptions | S-136:Partial identification | S-447:Weak/nonidentification	passive inference/diagnostic	bound	cross-domain; moderate semantic bridge; donor operator/certificate bonus; same-theory lexical penalty
65	5.241389412778754	IM-225	IM-357	M	E	0.022975472949923803	0.0	0.0	DEPENDENT SEQUENTIAL DATA CAN STILL HAVE SHARP DEVIATION GUARANTEES IF SURPRISES AND PREDICTABLE VARIANCE ARE CONTROLLED	PUBLIC ACTIONS CAN ACCUMULATE UNTIL A NEW AGENT RATIONALLY IGNORES ITS OWN PRIVATE SIGNAL	M-311; M-313	E-099	M-311:Martingale difference structure | M-313:Martingale variance process	E-099:Sequential social learning	active control/decision	certificate/exact	cross-domain; moderate semantic bridge; donor operator/certificate bonus; same-theory lexical penalty
66	5.239594993100326	IM-335	IM-359	S	E	0.06433809821838248	0.058823529411764705	0.0	MEASUREMENT LOCATIONS SHOULD BE CHOSEN TO SHAPE THE INFORMATION GEOMETRY FOR THE TARGET	CONTROL THE INFORMATION STRUCTURE RATHER THAN THE STATE TO CHANGE ANOTHER DECISION-MAKER'S ACTION	S-048; S-049; S-050	E-401	S-048:Local/model-based design | S-049:Information-matrix criterion | S-050:Target functional specified	E-401:Sender commitment to information structure	information/measurement control	none-explicit	cross-domain; moderate semantic bridge; donor operator/certificate bonus; same-theory lexical penalty
67	5.239594993100326	IM-359	IM-335	E	S	0.06433809821838248	0.058823529411764705	0.0	CONTROL THE INFORMATION STRUCTURE RATHER THAN THE STATE TO CHANGE ANOTHER DECISION-MAKER'S ACTION	MEASUREMENT LOCATIONS SHOULD BE CHOSEN TO SHAPE THE INFORMATION GEOMETRY FOR THE TARGET	E-401	S-048; S-049; S-050	E-401:Sender commitment to information structure	S-048:Local/model-based design | S-049:Information-matrix criterion | S-050:Target functional specified	information/measurement control	none-explicit	cross-domain; moderate semantic bridge; donor operator/certificate bonus; same-theory lexical penalty
68	5.239545265158083	IM-311	IM-320	S	M	0.02281086514753728	0.0	0.0	MANY SIGNALS CAN BE INDIVIDUALLY UNDETECTABLE YET COLLECTIVELY DETECTABLE THROUGH A SMALL GLOBAL DISTORTION OF NULL	A FLOW CAN BE DECOMPOSED INTO POTENTIAL, CIRCULATING, AND TOPOLOGICAL COMPONENTS	S-174	M-497; M-498	S-174:Rare/weak regime	M-497:Inner-product differential complex | M-498:Oriented graph/complex	passive inference/diagnostic	certificate/exact	cross-domain; moderate semantic bridge; donor operator/certificate bonus; same-theory lexical penalty
69	5.238379674688539	IM-148	IM-339	P	S	0.05827290827793859	0.0	0.0	A VARIABLE CAN BE IRRELEVANT FOR THE MAIN LIMIT YET ESSENTIAL FOR A PARTICULAR OBSERVABLE	A SCORE CAN MAKE HONEST PROBABILITY REPORTING OPTIMAL	P-159	S-159	P-159:RG structure	S-159:Probabilistic forecasts	passive inference/diagnostic	none-explicit	cross-domain; moderate semantic bridge; donor operator/certificate bonus; same-theory lexical penalty
70	5.236120278936511	IM-189	IM-314	S	M	0.05810801431586354	0.0	0.0	RANDOM-TIME OBSERVATION OVERREPRESENTS LONG-LIVED STATES/EPISODES	NONLINEAR STATE DYNAMICS CAN BECOME LINEAR IN A LIFTED OBSERVABLE SPACE	S-272	M-401	S-272: Duration-biased sampling	M-401:Deterministic dynamics + observable space	passive inference/diagnostic	probabilistic	cross-domain; moderate semantic bridge; donor operator/certificate bonus; same-theory lexical penalty
71	5.236120278936511	IM-314	IM-189	M	S	0.05810801431586354	0.0	0.0	NONLINEAR STATE DYNAMICS CAN BECOME LINEAR IN A LIFTED OBSERVABLE SPACE	RANDOM-TIME OBSERVATION OVERREPRESENTS LONG-LIVED STATES/EPISODES	M-401	S-272	M-401:Deterministic dynamics + observable space	S-272: Duration-biased sampling	passive inference/diagnostic	local	cross-domain; moderate semantic bridge; donor operator/certificate bonus; same-theory lexical penalty
72	5.2350111489708455	IM-220	IM-206	P	M	0.097148682470916	0.09090909090909091	0.0	INFER AN EQUILIBRIUM STATE DIFFERENCE FROM NONEQUILIBRIUM DRIVEN TRAJECTORIES	INFER LONG-TIME BEHAVIOR FROM TRANSFORM BEHAVIOR NEAR A BOUNDARY/LOW FREQUENCY	P-126; P-127	M-125; M-126	P-126: Initial equilibrium; P-127: Microscopic reversibility	M-125: Regularity assumptions; M-126: Summability structure	passive inference/diagnostic	none-explicit	cross-domain; moderate semantic bridge; donor operator/certificate bonus; same-theory lexical penalty
73	5.23495257587024	IM-196	IM-222	M	P	0.03242376704186256	0.08333333333333333	0.0	RECOVERY CAN HAVE A SHARP COMPLEXITY–MEASUREMENT GEOMETRY BOUNDARY	RECOVERY TIME CAN DIVERGE BEFORE THE STATE ITSELF VISIBLY COLLAPSES	M-279; M-280	P-119; P-120	M-279: Sparsity + measurement geometry; M-280: Sparse signal class	P-119:Near bifurcation/criticality | P-120:Specific transition classes	passive inference/diagnostic	bound	cross-domain; moderate semantic bridge; donor operator/certificate bonus; same-theory lexical penalty
74	5.233518154669443	IM-181	IM-383	M	P	0.02227118685246815	0.0	0.0	INTERROGATE AN INACCESSIBLE INTERIOR THROUGH CONTROLLED BOUNDARY INPUTS AND BOUNDARY RESPONSES	A SYSTEM CAN ENTER A LESS-STABLE INTERMEDIATE FIRST BECAUSE ITS ACCESS BARRIER IS LOWER THAN THE DIRECT PATH TO THE GLOBAL BEST STATE	M-431; M-432	P-357	M-431: PDE boundary access; M-432: Elliptic PDE	P-357:Competing kinetic barriers	active control/decision	bound	cross-domain; moderate semantic bridge; donor operator/certificate bonus; same-theory lexical penalty
75	5.229832300857875	IM-311	IM-086	S	M	0.021939848679736418	0.0	0.0	MANY SIGNALS CAN BE INDIVIDUALLY UNDETECTABLE YET COLLECTIVELY DETECTABLE THROUGH A SMALL GLOBAL DISTORTION OF NULL	DISCRETE OBSERVED STATES CAN BE CREATED BY OBSERVATION RULE, NOT DISCRETE REAL STATES	S-174	M-681; M-682; M-687; M-689; M-694	S-174:Rare/weak regime	M-681:Partitioned state space | M-682:Dynamical partition | M-687:Hyperbolic dynamics | M-689:Many-to-one dynamics map | M-694:Measure dynamics	passive inference/diagnostic	certificate/exact	cross-domain; moderate semantic bridge; donor operator/certificate bonus; same-theory lexical penalty
76	5.228954453184631	IM-311	IM-163	S	M	0.021860787744948595	0.0	0.0	MANY SIGNALS CAN BE INDIVIDUALLY UNDETECTABLE YET COLLECTIVELY DETECTABLE THROUGH A SMALL GLOBAL DISTORTION OF NULL	PARAMETER/OBJECTIVE SPACE CAN BE PARTITIONED BY WHICH CONSTRAINT/FACE/OPTIMUM IS ACTIVE	S-174	M-531	S-174:Rare/weak regime	M-531: Polytope	passive inference/diagnostic	certificate/exact	cross-domain; moderate semantic bridge; donor operator/certificate bonus; same-theory lexical penalty
77	5.2279854653442355	IM-311	IM-214	S	M	0.021773452358339815	0.0	0.0	MANY SIGNALS CAN BE INDIVIDUALLY UNDETECTABLE YET COLLECTIVELY DETECTABLE THROUGH A SMALL GLOBAL DISTORTION OF NULL	A CERTIFICATE CAN LOOK CORRECT ALGEBRAICALLY YET BE INVALID BECAUSE LOCAL CONSTRAINT GEOMETRY IS DEGENERATE	S-174	M-525; M-526; M-527	S-174:Rare/weak regime	M-525: Differentiable constrained optimization; M-526: Local constraint geometry; M-527: Convex optimization	passive inference/diagnostic	certificate/exact	cross-domain; moderate semantic bridge; donor operator/certificate bonus; same-theory lexical penalty
78	5.225587577519858	IM-252	IM-367	M	P	0.05733850085102977	0.0	0.0	GREEDY LOCAL CHOICE CAN BE GLOBALLY EXACT — BUT ONLY UNDER AN EXCHANGE-INDEPENDENCE GEOMETRY	DYNAMICS CAN SLOW BY ORDERS OF MAGNITUDE WITHOUT A CORRESPONDING ORDINARY STATIC ORDERING TRANSITION	M-052	P-052	M-052:Matroid structure	P-052:Frustration/complex energy landscape	mechanism/structural	certificate/exact;local	cross-domain; moderate semantic bridge; donor operator/certificate bonus; same-theory lexical penalty
79	5.225261752591566	IM-359	IM-343	E	S	0.05731467400302807	0.0	0.0	CONTROL THE INFORMATION STRUCTURE RATHER THAN THE STATE TO CHANGE ANOTHER DECISION-MAKER'S ACTION	A VARIABLE KNOWN NOT TO LIE ON THE TARGET CAUSAL PATH CAN STILL BE USED TO EXPOSE OR BRIDGE HIDDEN CONFOUNDING	E-401	S-349; S-350; S-351; S-352	E-401:Sender commitment to information structure	S-349:Known causal null | S-350:Known causal null | S-351:Completeness/proxy conditions | S-352:Integral-equation identification	information/measurement control	none-explicit	cross-domain; moderate semantic bridge; donor operator/certificate bonus; same-theory lexical penalty
80	5.223339251703221	IM-196	IM-381	M	P	0.030711940184502406	0.07692307692307693	0.0	RECOVERY CAN HAVE A SHARP COMPLEXITY–MEASUREMENT GEOMETRY BOUNDARY	A PROPAGATING EXCITATION CAN BECOME SELF-SUSTAINING ON A LOOP IF RETURN TIME EXCEEDS LOCAL RECOVERY TIME	M-279; M-280	P-984; P-985; P-994; P-1000	M-279: Sparsity + measurement geometry; M-280: Sparse signal class	P-984:Recovery variable | P-985:Fast–slow system | P-994:Recovery + closed path | P-1000:State-dependent connectivity	passive inference/diagnostic	bound	cross-domain; moderate semantic bridge; donor operator/certificate bonus; same-theory lexical penalty
81	5.22125496540598	IM-225	IM-164	M	P	0.021164894521580956	0.0	0.0	DEPENDENT SEQUENTIAL DATA CAN STILL HAVE SHARP DEVIATION GUARANTEES IF SURPRISES AND PREDICTABLE VARIANCE ARE CONTROLLED	COARSE-GRAINING CAN CREATE A VALID EFFECTIVE LAW ONLY AFTER HIDDEN FAST VARIABLES HAVE RELAXED/MIXED	M-311; M-313	P-108; P-111; P-030	M-311:Martingale difference structure | M-313:Martingale variance process	P-108: Time-scale separation; P-111: Fast periodic/ergodic motion; P-030: Scale separation/controlled approximation	active control/decision	certificate/exact	cross-domain; moderate semantic bridge; donor operator/certificate bonus; same-theory lexical penalty
82	5.218087643929195	IM-357	IM-267	E	M	0.06767003425367786	0.0	0.0	PUBLIC ACTIONS CAN ACCUMULATE UNTIL A NEW AGENT RATIONALLY IGNORES ITS OWN PRIVATE SIGNAL	THE VALUE OF PERFECT FUTURE INFORMATION CAN BE BOUNDED WITHOUT HAVING THAT INFORMATION	E-099	M-345	E-099:Sequential social learning	M-345:Sequential selection	active control/decision	none-explicit	cross-domain; moderate semantic bridge; donor operator/certificate bonus; same-theory lexical penalty
83	5.2139753565324565	IM-313	IM-191	P	S	0.07515967811853944	0.07692307692307693	0.0	SYMMETRY CAN CERTIFY A CONSERVED QUANTITY	LATENT COMPONENT NAMES MAY BE PURE SYMMETRY; A NAMED HIDDEN CLASS IS NOT AUTOMATICALLY AN IDENTIFIED ENTITY	P-015	S-269; S-270	P-015:Action/Lagrangian symmetry	S-269: Structural conditions; S-270: Symmetry	mechanism/structural	certificate/exact	cross-domain; moderate semantic bridge; donor operator/certificate bonus; same-theory lexical penalty
84	5.213875317222913	IM-032	IM-152	M;S	P	0.07459413564876416	0.0	0.0	MISSING OBSERVATIONS + STRUCTURE → RECONSTRUCTION POSSIBLE	MORE SCATTERING/PATHS CAN SUPPRESS TRANSPORT THROUGH COHERENT CANCELLATION RATHER THAN ENHANCE MIXING	M-173; M-175; S-356	P-172; P-173	M-173:Nonlinear inverse ambiguity | M-175:Incoherence + low rank | S-356:Structured missingness/low rank	P-172:Coherent disorder | P-173:Phase coherence	passive inference/diagnostic	none-explicit	cross-domain; moderate semantic bridge; donor operator/certificate bonus; same-theory lexical penalty
85	5.211385931327507	IM-225	IM-237	M	S	0.020266320824085096	0.0	0.0	DEPENDENT SEQUENTIAL DATA CAN STILL HAVE SHARP DEVIATION GUARANTEES IF SURPRISES AND PREDICTABLE VARIANCE ARE CONTROLLED	A HUGE COUPLED ESTIMATION ALGORITHM CAN HAVE LOW-DIMENSIONAL ERROR DYNAMICS IN THE RIGHT RANDOM REGIME	M-311; M-313	S-913	M-311:Martingale difference structure | M-313:Martingale variance process	S-913:AMP asymptotics	active control/decision	certificate/exact	cross-domain; moderate semantic bridge; donor operator/certificate bonus; same-theory lexical penalty
86	5.210331015656212	IM-249	IM-137	M	P	0.02016982354750047	0.0	0.0	REPLACE AN INACCESSIBLE INTERIOR SOURCE BY A BOUNDARY-EQUIVALENT SOURCE THAT PRESERVES EXTERNAL OBSERVABLES	A FORBIDDEN TOPOLOGY CHANGE CAN BECOME ALLOWED IN A SPECIAL LAYER AND RELEASE STORED POTENTIAL	M-655	P-508; P-520	M-655:Potential equivalence	P-508:Nonideal plasma layer | P-520:Ideal MHD	passive inference/diagnostic	bound	cross-domain; moderate semantic bridge; donor operator/certificate bonus; same-theory lexical penalty
87	5.208867956924418	IM-196	IM-357	M	E	0.020035846801481183	0.0	0.0	RECOVERY CAN HAVE A SHARP COMPLEXITY–MEASUREMENT GEOMETRY BOUNDARY	PUBLIC ACTIONS CAN ACCUMULATE UNTIL A NEW AGENT RATIONALLY IGNORES ITS OWN PRIVATE SIGNAL	M-279; M-280	E-099	M-279: Sparsity + measurement geometry; M-280: Sparse signal class	E-099:Sequential social learning	passive inference/diagnostic	bound	cross-domain; moderate semantic bridge; donor operator/certificate bonus; same-theory lexical penalty
88	5.208765286178411	IM-311	IM-162	S	M	0.02002643858151513	0.0	0.0	MANY SIGNALS CAN BE INDIVIDUALLY UNDETECTABLE YET COLLECTIVELY DETECTABLE THROUGH A SMALL GLOBAL DISTORTION OF NULL	SMOOTH RESPONSE WITHIN ONE ACTIVE-CONSTRAINT REGIME; KINK/JUMP WHEN THE ACTIVE SET CHANGES	S-174	M-525; M-530	S-174:Rare/weak regime	M-525: Differentiable constrained optimization; M-530: Convex geometry	passive inference/diagnostic	certificate/exact	cross-domain; moderate semantic bridge; donor operator/certificate bonus; same-theory lexical penalty
89	5.208519096961993	IM-148	IM-242	P	M	0.0560884077535723	0.0	0.0	A VARIABLE CAN BE IRRELEVANT FOR THE MAIN LIMIT YET ESSENTIAL FOR A PARTICULAR OBSERVABLE	SATISFY SEVERAL GLOBAL CONSTRAINT FAMILIES BY ALTERNATELY REPAIRING ONE AT A TIME	P-159	M-100; M-159	P-159:RG structure	M-100:Set geometry/convergence conditions | M-159:Convex sets	passive inference/diagnostic	none-explicit	cross-domain; moderate semantic bridge; donor operator/certificate bonus; same-theory lexical penalty
90	5.207312087997472	IM-249	IM-293	M	P	0.019893185390262417	0.0	0.0	REPLACE AN INACCESSIBLE INTERIOR SOURCE BY A BOUNDARY-EQUIVALENT SOURCE THAT PRESERVES EXTERNAL OBSERVABLES	FAST MICRO-MOTION CAN ALTER THE EFFECTIVE SLOW POTENTIAL AND STABILIZE AN OTHERWISE UNSTABLE STATE	M-655	P-114; P-115	M-655:Potential equivalence	P-114:High-frequency forcing | P-115:Multi-scale forcing	passive inference/diagnostic	bound	cross-domain; moderate semantic bridge; donor operator/certificate bonus; same-theory lexical penalty
91	5.203216882682035	IM-153	IM-223	P	M	0.05569924162217836	0.0	0.0	SMALL DIRECTIONAL ASYMMETRY REPEATED THROUGH THE BULK CAN ACCUMULATE INTO MACROSCOPIC BOUNDARY PILE-UP	ENFORCE A HARD STATE CONSTRAINT WITH MINIMUM NECESSARY CORRECTION AND TRACK THAT CORRECTION SEPARATELY	P-329; P-330	M-329	P-329:Nonequilibrium interactions | P-330:Non-Hermitian lattice	M-329:Hard state constraint	mechanism/structural	bound	cross-domain; moderate semantic bridge; donor operator/certificate bonus; same-theory lexical penalty
92	5.190724893548345	IM-268	IM-383	M	P	0.08765592519515378	0.0	0.0	REACHING THE TARGET AND SURVIVING THE PATH TO THE TARGET ARE TWO DIFFERENT CONSTRAINTS	A SYSTEM CAN ENTER A LESS-STABLE INTERMEDIATE FIRST BECAUSE ITS ACCESS BARRIER IS LOWER THAN THE DIRECT PATH TO THE GLOBAL BEST STATE	M-350	P-357	M-350:Dynamic state constraints	P-357:Competing kinetic barriers	mechanism/structural	none-explicit	cross-domain; moderate semantic bridge; donor operator/certificate bonus; same-theory lexical penalty
93	5.188210571583966	IM-216	IM-271	M	S	0.05459551619176871	0.0	0.0	PROPAGATE FUTURE CONSEQUENCE BACKWARD TO PRICE TODAY’S LOCAL ACTION	RESIDUAL DEPENDENCE AFTER CONDITIONING ON LATENT STATE IS EVIDENCE THE STATE REPRESENTATION IS INCOMPLETE	M-255	S-332; S-855	M-255: Quantity of interest	S-332:Latent-variable model | S-855:Violated local independence	active control/decision	local	cross-domain; moderate semantic bridge; donor operator/certificate bonus; same-theory lexical penalty
94	5.188210571583966	IM-271	IM-216	S	M	0.05459551619176871	0.0	0.0	RESIDUAL DEPENDENCE AFTER CONDITIONING ON LATENT STATE IS EVIDENCE THE STATE REPRESENTATION IS INCOMPLETE	PROPAGATE FUTURE CONSEQUENCE BACKWARD TO PRICE TODAY’S LOCAL ACTION	S-332; S-855	M-255	S-332:Latent-variable model | S-855:Violated local independence	M-255: Quantity of interest	mechanism/structural	certificate/exact	cross-domain; moderate semantic bridge; donor operator/certificate bonus; same-theory lexical penalty
95	5.185388990172421	IM-268	IM-343	M	S	0.09560549688289065	0.07692307692307693	0.0	REACHING THE TARGET AND SURVIVING THE PATH TO THE TARGET ARE TWO DIFFERENT CONSTRAINTS	A VARIABLE KNOWN NOT TO LIE ON THE TARGET CAUSAL PATH CAN STILL BE USED TO EXPOSE OR BRIDGE HIDDEN CONFOUNDING	M-350	S-349; S-350; S-351; S-352	M-350:Dynamic state constraints	S-349:Known causal null | S-350:Known causal null | S-351:Completeness/proxy conditions | S-352:Integral-equation identification	mechanism/structural	none-explicit	cross-domain; moderate semantic bridge; donor operator/certificate bonus; same-theory lexical penalty
96	5.180606660985735	IM-206	IM-164	M	P	0.026421132176598344	0.0	0.125	INFER LONG-TIME BEHAVIOR FROM TRANSFORM BEHAVIOR NEAR A BOUNDARY/LOW FREQUENCY	COARSE-GRAINING CAN CREATE A VALID EFFECTIVE LAW ONLY AFTER HIDDEN FAST VARIABLES HAVE RELAXED/MIXED	M-125; M-126	P-108; P-111; P-030	M-125: Regularity assumptions; M-126: Summability structure	P-108: Time-scale separation; P-111: Fast periodic/ergodic motion; P-030: Scale separation/controlled approximation	passive inference/diagnostic	bound;local	cross-domain; moderate semantic bridge; donor operator/certificate bonus; same-theory lexical penalty
97	5.180335091702227	IM-099	IM-317	E	M	0.06494423644581658	0.0	0.0	NUMBER OF INDEPENDENT TARGETS CANNOT EXCEED EFFECTIVE INDEPENDENT CONTROL DIRECTIONS	A LOCAL GROWTH INEQUALITY CAN GIVE A GLOBAL FINITE-HORIZON ERROR ENVELOPE	E-109	M-109	E-109:Local controllability/rank	M-109:Integral/differential bound	active control/decision	none-explicit	cross-domain; moderate semantic bridge; donor operator/certificate bonus; same-theory lexical penalty
98	5.180132540860176	IM-311	IM-182	S	M	0.017369059086434012	0.0	0.0	MANY SIGNALS CAN BE INDIVIDUALLY UNDETECTABLE YET COLLECTIVELY DETECTABLE THROUGH A SMALL GLOBAL DISTORTION OF NULL	DIRECT CONTROL/NOISE DIRECTIONS CAN BE FEW WHILE ORDERED DYNAMICAL COMPOSITIONS GENERATE MANY MORE DIRECTIONS	S-174	M-388; M-389; M-390	S-174:Rare/weak regime	M-388: Lie-bracket spanning; M-389: Noncommuting vector fields; M-390: Bracket-generating controls	passive inference/diagnostic	certificate/exact	cross-domain; moderate semantic bridge; donor operator/certificate bonus; same-theory lexical penalty
99	5.178991932157344	IM-311	IM-201	S	M	0.017261764509179416	0.0	0.0	MANY SIGNALS CAN BE INDIVIDUALLY UNDETECTABLE YET COLLECTIVELY DETECTABLE THROUGH A SMALL GLOBAL DISTORTION OF NULL	CONDITIONING ON A RARE FUTURE EVENT CREATES A DIFFERENT EFFECTIVE PATH DYNAMICS	S-174	M-149	S-174:Rare/weak regime	M-149: Positive harmonic function	passive inference/diagnostic	certificate/exact	cross-domain; moderate semantic bridge; donor operator/certificate bonus; same-theory lexical penalty
100	5.174324683326095	IM-311	IM-303	S	P	0.016821534805390545	0.0	0.0	MANY SIGNALS CAN BE INDIVIDUALLY UNDETECTABLE YET COLLECTIVELY DETECTABLE THROUGH A SMALL GLOBAL DISTORTION OF NULL	A MACRO TRANSPORT COEFFICIENT CAN BE RECOVERED FROM TIME-INTEGRATED MEMORY OF MICROSCOPIC SPONTANEOUS CURRENTS	S-174	P-104	S-174:Rare/weak regime	P-104:Equilibrium statistical mechanics	passive inference/diagnostic	certificate/exact	cross-domain; moderate semantic bridge; donor operator/certificate bonus; same-theory lexical penalty
101	5.172299394799962	IM-311	IM-286	S	P	0.01662990183192647	0.0	0.0	MANY SIGNALS CAN BE INDIVIDUALLY UNDETECTABLE YET COLLECTIVELY DETECTABLE THROUGH A SMALL GLOBAL DISTORTION OF NULL	A LOCAL DEFECT CAN CREATE AN ALLOWED LOCALIZED STATE INSIDE A BULK-FORBIDDEN REGIME	S-174	P-556	S-174:Rare/weak regime	P-556:Periodic structure + defect	passive inference/diagnostic	certificate/exact	cross-domain; moderate semantic bridge; donor operator/certificate bonus; same-theory lexical penalty
102	5.171033391441545	IM-212	IM-222	S	P	0.05332762281981651	0.0	0.0	SUBTRACT THE PREDICTABLE PART OF AN OBSERVATION STREAM TO ISOLATE NEW INFORMATION	RECOVERY TIME CAN DIVERGE BEFORE THE STATE ITSELF VISIBLY COLLAPSES	S-105; S-120	P-119; P-120	S-105: Correct conditional model; S-120: Predictable intensity	P-119:Near bifurcation/criticality | P-120:Specific transition classes	passive inference/diagnostic	none-explicit	cross-domain; moderate semantic bridge; donor operator/certificate bonus; same-theory lexical penalty
103	5.169397770422345	IM-341	IM-161	S	P	0.08231646530362023	0.0	0.0	WHEN THE THEORETICAL NULL IS CONTAMINATED, THE BULK OF THE DATA CAN BE USED TO RE-ESTIMATE THE NULL BASELINE	THE CORRECT LAW ITSELF CAN CHANGE WITH SCALE; A PARAMETER FIT IN ONE SCALE NEED NOT EXTRAPOLATE	S-175	P-160	S-175:Many-tests structure	P-160: Competing fixed points/scales	passive inference/diagnostic	none-explicit	cross-domain; moderate semantic bridge; donor operator/certificate bonus; same-theory lexical penalty
104	5.169314615126051	IM-206	IM-381	M	P	0.016346810822607874	0.0	0.0	INFER LONG-TIME BEHAVIOR FROM TRANSFORM BEHAVIOR NEAR A BOUNDARY/LOW FREQUENCY	A PROPAGATING EXCITATION CAN BECOME SELF-SUSTAINING ON A LOOP IF RETURN TIME EXCEEDS LOCAL RECOVERY TIME	M-125; M-126	P-984; P-985; P-994; P-1000	M-125: Regularity assumptions; M-126: Summability structure	P-984:Recovery variable | P-985:Fast–slow system | P-994:Recovery + closed path | P-1000:State-dependent connectivity	passive inference/diagnostic	bound;local	cross-domain; moderate semantic bridge; donor operator/certificate bonus; same-theory lexical penalty
105	5.16831580613271	IM-311	IM-145	S	M	0.016251899166893537	0.0	0.0	MANY SIGNALS CAN BE INDIVIDUALLY UNDETECTABLE YET COLLECTIVELY DETECTABLE THROUGH A SMALL GLOBAL DISTORTION OF NULL	CROSSING A DISCRIMINANT CAN CHANGE THE NUMBER/TYPE OF VALID STATES; OLD LOCAL MODEL CLASS NO LONGER EXTRAPOLATES	S-174	M-989; M-990; M-991; M-997	S-174:Rare/weak regime	M-989:Singular map | M-990:Generic codimension-1 singularity | M-991:Higher degeneracy | M-997:Parameter family	passive inference/diagnostic	certificate/exact	cross-domain; moderate semantic bridge; donor operator/certificate bonus; same-theory lexical penalty
106	5.165992506973379	IM-311	IM-215	S	M	0.016030776796114095	0.0	0.0	MANY SIGNALS CAN BE INDIVIDUALLY UNDETECTABLE YET COLLECTIVELY DETECTABLE THROUGH A SMALL GLOBAL DISTORTION OF NULL	A FEASIBLE CANDIDATE + OPPOSITE-SIDE CERTIFICATE CAN GIVE A NUMERICAL ERROR BAR ON OPTIMALITY	S-174	M-415; M-417; M-528	S-174:Rare/weak regime	M-415: Convex duality; M-417: Weak/strong duality; M-528: Convexity + regularity	passive inference/diagnostic	certificate/exact	cross-domain; moderate semantic bridge; donor operator/certificate bonus; same-theory lexical penalty
107	5.1637212400229195	IM-225	IM-220	M	P	0.01581412861600484	0.0	0.0	DEPENDENT SEQUENTIAL DATA CAN STILL HAVE SHARP DEVIATION GUARANTEES IF SURPRISES AND PREDICTABLE VARIANCE ARE CONTROLLED	INFER AN EQUILIBRIUM STATE DIFFERENCE FROM NONEQUILIBRIUM DRIVEN TRAJECTORIES	M-311; M-313	P-126; P-127	M-311:Martingale difference structure | M-313:Martingale variance process	P-126: Initial equilibrium; P-127: Microscopic reversibility	active control/decision	certificate/exact	cross-domain; moderate semantic bridge; donor operator/certificate bonus; same-theory lexical penalty
108	5.159882906554323	IM-196	IM-164	M	P	0.01544691860665737	0.0	0.0	RECOVERY CAN HAVE A SHARP COMPLEXITY–MEASUREMENT GEOMETRY BOUNDARY	COARSE-GRAINING CAN CREATE A VALID EFFECTIVE LAW ONLY AFTER HIDDEN FAST VARIABLES HAVE RELAXED/MIXED	M-279; M-280	P-108; P-111; P-030	M-279: Sparsity + measurement geometry; M-280: Sparse signal class	P-108: Time-scale separation; P-111: Fast periodic/ergodic motion; P-030: Scale separation/controlled approximation	passive inference/diagnostic	bound	cross-domain; moderate semantic bridge; donor operator/certificate bonus; same-theory lexical penalty
109	5.15818848898631	IM-196	IM-306	M	P	0.015284377492728672	0.0	0.0	RECOVERY CAN HAVE A SHARP COMPLEXITY–MEASUREMENT GEOMETRY BOUNDARY	CLOSER IN ONE OBSERVED SCALAR DOES NOT IMPLY FASTER RELAXATION WHEN HIDDEN MODES HAVE DIFFERENT WEIGHTS	M-279; M-280	P-137; P-138	M-279: Sparsity + measurement geometry; M-280: Sparse signal class	P-137:Multiple relaxation modes | P-138:Hidden relaxation modes	passive inference/diagnostic	bound	cross-domain; moderate semantic bridge; donor operator/certificate bonus; same-theory lexical penalty
110	5.157965949864344	IM-249	IM-365	M	E	0.03558577733173458	0.058823529411764705	0.0	REPLACE AN INACCESSIBLE INTERIOR SOURCE BY A BOUNDARY-EQUIVALENT SOURCE THAT PRESERVES EXTERNAL OBSERVABLES	AN UNPRICED EXTERNAL EFFECT CAN BE INTERNALIZED BY ADDING ITS MARGINAL SOCIAL COST TO THE PRIVATE DECISION	M-655	E-049; E-201	M-655:Potential equivalence	E-049:External cost/benefit measurable | E-201:Externality measurement	passive inference/diagnostic	bound	cross-domain; moderate semantic bridge; donor operator/certificate bonus; same-theory lexical penalty
111	5.156742728662243	IM-196	IM-303	M	P	0.015145475738728653	0.0	0.0	RECOVERY CAN HAVE A SHARP COMPLEXITY–MEASUREMENT GEOMETRY BOUNDARY	A MACRO TRANSPORT COEFFICIENT CAN BE RECOVERED FROM TIME-INTEGRATED MEMORY OF MICROSCOPIC SPONTANEOUS CURRENTS	M-279; M-280	P-104	M-279: Sparsity + measurement geometry; M-280: Sparse signal class	P-104:Equilibrium statistical mechanics	passive inference/diagnostic	bound	cross-domain; moderate semantic bridge; donor operator/certificate bonus; same-theory lexical penalty
112	5.15467943745572	IM-325	IM-383	M	P	0.014946901687092111	0.0	0.0	MONOTONE POLICY RESPONSE CAN BE CERTIFIED FROM COMPLEMENTARITY/ORDER STRUCTURE WITHOUT RESOLVING EVERY PARAMETER VALUE	A SYSTEM CAN ENTER A LESS-STABLE INTERMEDIATE FIRST BECAUSE ITS ACCESS BARRIER IS LOWER THAN THE DIRECT PATH TO THE GLOBAL BEST STATE	M-866; M-867; M-869; M-874; M-880	P-357	M-866:Complementary coordinates | M-867:Ordered action × parameter | M-869:Lattice optimization | M-874:Set-valued optimization | M-880:Nondifferentiable/discrete optimization	P-357:Competing kinetic barriers	active control/decision	certificate/exact	cross-domain; moderate semantic bridge; donor operator/certificate bonus; same-theory lexical penalty
113	5.154320222536447	IM-071	IM-220	S	P	0.052088948662559406	0.0	0.0	VARIABLE CAN BE CAUSED BY YESTERDAY'S ACTION AND CAUSE TOMORROW'S ACTION/OUTCOME	INFER AN EQUILIBRIUM STATE DIFFERENCE FROM NONEQUILIBRIUM DRIVEN TRAJECTORIES	S-127; S-725	P-126; P-127	S-127:Sequential exchangeability | S-725:Longitudinal causal feedback	P-126: Initial equilibrium; P-127: Microscopic reversibility	active control/decision	none-explicit	cross-domain; moderate semantic bridge; donor operator/certificate bonus; same-theory lexical penalty
114	5.154294800736629	IM-311	IM-148	S	P	0.036711171253647534	0.0	0.0	MANY SIGNALS CAN BE INDIVIDUALLY UNDETECTABLE YET COLLECTIVELY DETECTABLE THROUGH A SMALL GLOBAL DISTORTION OF NULL	A VARIABLE CAN BE IRRELEVANT FOR THE MAIN LIMIT YET ESSENTIAL FOR A PARTICULAR OBSERVABLE	S-174	P-159	S-174:Rare/weak regime	P-159:RG structure	passive inference/diagnostic	certificate/exact	cross-domain; moderate semantic bridge; donor operator/certificate bonus; same-theory lexical penalty
115	5.153483516411315	IM-225	IM-334	M	S	0.02838596334602991	0.0	0.0	DEPENDENT SEQUENTIAL DATA CAN STILL HAVE SHARP DEVIATION GUARANTEES IF SURPRISES AND PREDICTABLE VARIANCE ARE CONTROLLED	AN ACTION CAN HAVE TWO VALUES AT ONCE: CURRENT PAYOFF AND INFORMATION ABOUT FUTURE PAYOFFS	M-311; M-313	S-042; S-043; S-044	M-311:Martingale difference structure | M-313:Martingale variance process	S-042:Reward feedback | S-043:Bayesian model | S-044:Concentration assumptions	active control/decision	certificate/exact	cross-domain; moderate semantic bridge; donor operator/certificate bonus; same-theory lexical penalty
116	5.151246525771881	IM-225	IM-066	M	S	0.014615612554205841	0.0	0.0	DEPENDENT SEQUENTIAL DATA CAN STILL HAVE SHARP DEVIATION GUARANTEES IF SURPRISES AND PREDICTABLE VARIANCE ARE CONTROLLED	SAME OBSERVED DATA + DIFFERENT DATA-GENERATING DESIGN → DIFFERENT VALID INFERENCE	M-311; M-313	S-750; S-754; S-760	M-311:Martingale difference structure | M-313:Martingale variance process	S-750:Design-aware inference | S-754:Known assignment mechanism | S-760:Experimental design	active control/decision	certificate/exact	cross-domain; moderate semantic bridge; donor operator/certificate bonus; same-theory lexical penalty
117	5.150573331136847	IM-267	IM-238	M	E	0.0754433457504955	0.125	0.0	THE VALUE OF PERFECT FUTURE INFORMATION CAN BE BOUNDED WITHOUT HAVING THAT INFORMATION	FUTURE VERIFICATION CAN RETROACTIVELY CHANGE AN EARLIER PAYOFF, SO DELAYED INFORMATION CREATES PRESENT INCENTIVES	M-345	E-336	M-345:Sequential selection	E-336:Verifiable later information	mechanism/structural	bound	cross-domain; moderate semantic bridge; donor operator/certificate bonus; same-theory lexical penalty
118	5.149700222564857	IM-325	IM-303	M	P	0.01446601768407785	0.0	0.0	MONOTONE POLICY RESPONSE CAN BE CERTIFIED FROM COMPLEMENTARITY/ORDER STRUCTURE WITHOUT RESOLVING EVERY PARAMETER VALUE	A MACRO TRANSPORT COEFFICIENT CAN BE RECOVERED FROM TIME-INTEGRATED MEMORY OF MICROSCOPIC SPONTANEOUS CURRENTS	M-866; M-867; M-869; M-874; M-880	P-104	M-866:Complementary coordinates | M-867:Ordered action × parameter | M-869:Lattice optimization | M-874:Set-valued optimization | M-880:Nondifferentiable/discrete optimization	P-104:Equilibrium statistical mechanics	active control/decision	certificate/exact	cross-domain; moderate semantic bridge; donor operator/certificate bonus; same-theory lexical penalty
119	5.149492493614262	IM-335	IM-326	S	M	0.07621294601538475	0.13333333333333333	0.0	MEASUREMENT LOCATIONS SHOULD BE CHOSEN TO SHAPE THE INFORMATION GEOMETRY FOR THE TARGET	GLOBAL TARGET ERROR SHOULD WEIGHT LOCAL RESIDUALS BY THEIR CONSEQUENCE FOR THE TARGET	S-048; S-049; S-050	M-255	S-048:Local/model-based design | S-049:Information-matrix criterion | S-050:Target functional specified	M-255:Quantity of interest	information/measurement control	none-explicit	cross-domain; moderate semantic bridge; donor operator/certificate bonus; same-theory lexical penalty
120	5.148785639179924	IM-311	IM-150	S	M;P	0.014377428519433943	0.0	0.0	MANY SIGNALS CAN BE INDIVIDUALLY UNDETECTABLE YET COLLECTIVELY DETECTABLE THROUGH A SMALL GLOBAL DISTORTION OF NULL	COMPLEX MEMORY CAN SOMETIMES BE REPRESENTED AS MANY SIMPLE THRESHOLD ELEMENTS WITH INTERNAL ON/OFF STATES	S-174	P-184; M-300	S-174:Rare/weak regime	P-184:Hysteron superposition | M-300:Superposed hysterons	passive inference/diagnostic	certificate/exact	cross-domain; moderate semantic bridge; donor operator/certificate bonus; same-theory lexical penalty
121	5.1484397612669035	IM-225	IM-335	M	S	0.014343904588162325	0.0	0.0	DEPENDENT SEQUENTIAL DATA CAN STILL HAVE SHARP DEVIATION GUARANTEES IF SURPRISES AND PREDICTABLE VARIANCE ARE CONTROLLED	MEASUREMENT LOCATIONS SHOULD BE CHOSEN TO SHAPE THE INFORMATION GEOMETRY FOR THE TARGET	M-311; M-313	S-048; S-049; S-050	M-311:Martingale difference structure | M-313:Martingale variance process	S-048:Local/model-based design | S-049:Information-matrix criterion | S-050:Target functional specified	active control/decision	certificate/exact	cross-domain; moderate semantic bridge; donor operator/certificate bonus; same-theory lexical penalty
122	5.148261968230882	IM-098	IM-285	S	P	0.06262442893648223	0.0	0.0	GOOD PASSIVE PREDICTOR NEED NOT BE GOOD INTERVENTION TARGET	THE SPEED OF A VISIBLE PATTERN NEED NOT BE THE SPEED OF ENERGY OR INFORMATION TRANSPORT	S-657	P-546	S-657:Invalid surrogacy structure	P-546:Dispersive medium/guide	active control/decision	none-explicit	cross-domain; moderate semantic bridge; donor operator/certificate bonus; same-theory lexical penalty
123	5.14715151502417	IM-249	IM-274	M	S	0.053953521260507314	0.058823529411764705	0.0	REPLACE AN INACCESSIBLE INTERIOR SOURCE BY A BOUNDARY-EQUIVALENT SOURCE THAT PRESERVES EXTERNAL OBSERVABLES	YOU CANNOT EVALUATE/TRANSPORT AN ACTION OR POPULATION REGION THAT SOURCE DATA NEVER SUPPORTS	M-655	S-727; S-952	M-655:Potential equivalence	S-727:Policy support | S-952:Support overlap	passive inference/diagnostic	bound	cross-domain; moderate semantic bridge; donor operator/certificate bonus; same-theory lexical penalty
124	5.145741664337867	IM-206	IM-293	M	P	0.014081992389226984	0.0	0.0	INFER LONG-TIME BEHAVIOR FROM TRANSFORM BEHAVIOR NEAR A BOUNDARY/LOW FREQUENCY	FAST MICRO-MOTION CAN ALTER THE EFFECTIVE SLOW POTENTIAL AND STABILIZE AN OTHERWISE UNSTABLE STATE	M-125; M-126	P-114; P-115	M-125: Regularity assumptions; M-126: Summability structure	P-114:High-frequency forcing | P-115:Multi-scale forcing	passive inference/diagnostic	bound;local	cross-domain; moderate semantic bridge; donor operator/certificate bonus; same-theory lexical penalty
125	5.1428366605332165	IM-231	IM-237	M	S	0.05697467567990487	0.05555555555555555	0.0	UNDER THE RIGHT CONVEX SHELL, GLOBAL FEASIBILITY CAN BE CERTIFIED BY CHECKING ONLY SMALL SUBSETS	A HUGE COUPLED ESTIMATION ALGORITHM CAN HAVE LOW-DIMENSIONAL ERROR DYNAMICS IN THE RIGHT RANDOM REGIME	M-199	S-913	M-199:Finite-dimensional convexity	S-913:AMP asymptotics	mechanism/structural	certificate/exact	cross-domain; moderate semantic bridge; donor operator/certificate bonus; same-theory lexical penalty
126	5.141943695696296	IM-225	IM-139	M	P	0.013712096797710375	0.0	0.0	DEPENDENT SEQUENTIAL DATA CAN STILL HAVE SHARP DEVIATION GUARANTEES IF SURPRISES AND PREDICTABLE VARIANCE ARE CONTROLLED	CONSERVATION LAWS DEFINE THE MANIFOLD OF POSSIBLE STATES BEFORE DYNAMICS ARE FIT	M-311; M-313	P-442; P-443	M-311:Martingale difference structure | M-313:Martingale variance process	P-442:Reaction network | P-443:Conservation constraints	active control/decision	certificate/exact	cross-domain; moderate semantic bridge; donor operator/certificate bonus; same-theory lexical penalty
127	5.139684806731181	IM-206	IM-284	M	P	0.01349141562029207	0.0	0.0	INFER LONG-TIME BEHAVIOR FROM TRANSFORM BEHAVIOR NEAR A BOUNDARY/LOW FREQUENCY	FAILURE OF LONG-RANGE PROPAGATION DOES NOT MEAN THE FIELD/INFLUENCE VANISHES LOCALLY	M-125; M-126	P-542	M-125: Regularity assumptions; M-126: Summability structure	P-542:Below-cutoff mode	passive inference/diagnostic	bound;local	cross-domain; moderate semantic bridge; donor operator/certificate bonus; same-theory lexical penalty
128	5.139114897581211	IM-414	IM-227	P	M	0.10354929952575789	0.0	0.0	MANY SCATTERING EVENTS DO NOT GUARANTEE DIRECTIONAL MEMORY LOSS WHEN EACH EVENT IS STRONGLY FORWARD-BIASED	ORDINARY CLOCK TIME AND ACCUMULATED CONTACT/VISIT TIME AT A BOUNDARY ARE DIFFERENT STATE VARIABLES	P-588;P-589;P-593	M-317	see canonical 4000-record inventory	M-317:Continuous semimartingale			cross-domain; moderate semantic bridge; donor operator/certificate bonus; same-theory lexical penalty
129	5.138063669559459	IM-070	IM-085	M	E	0.08000617031264544	0.0	0.0	GLOBAL SIZE HUGE; HARDNESS CONTROLLED BY INTERFACE WIDTH	TWO SAFEGUARDS USING SAME FAILURE MODEL ARE NOT INDEPENDENT SAFEGUARDS	M-561; M-562; M-574; M-575; M-576	E-561; E-562	M-561:Graph decomposition | M-562:Combinatorial width | M-574:Bounded treewidth | M-575:Connectivity decomposition | M-576:Graph connectivity width	E-561:Regulatory risk weights | E-562:Model-independent balance-sheet constraint	active control/decision	none-explicit	cross-domain; moderate semantic bridge; donor operator/certificate bonus; same-theory lexical penalty
130	5.137594943644026	IM-311	IM-179	S	M	0.013286790441854225	0.0	0.0	MANY SIGNALS CAN BE INDIVIDUALLY UNDETECTABLE YET COLLECTIVELY DETECTABLE THROUGH A SMALL GLOBAL DISTORTION OF NULL	DIFFERENT INTERNAL MODELS CAN BE BEHAVIORALLY IDENTICAL; DELETE STATES THAT NEVER CHANGE INPUT–OUTPUT BEHAVIOR	S-174	M-428	S-174:Rare/weak regime	M-428: Realization equivalence	passive inference/diagnostic	certificate/exact	cross-domain; moderate semantic bridge; donor operator/certificate bonus; same-theory lexical penalty
131	5.137048612980487	IM-225	IM-190	M	S	0.01323322462657892	0.0	0.0	DEPENDENT SEQUENTIAL DATA CAN STILL HAVE SHARP DEVIATION GUARANTEES IF SURPRISES AND PREDICTABLE VARIANCE ARE CONTROLLED	WHEN YOU CHOOSE TO LOOK CAN ITSELF REVEAL INFORMATION ABOUT THE HIDDEN STATE	M-311; M-313	S-874; S-875	M-311:Martingale difference structure | M-313:Martingale variance process	S-874: Irregular follow-up; S-875: Inspection process	active control/decision	certificate/exact	cross-domain; moderate semantic bridge; donor operator/certificate bonus; same-theory lexical penalty
132	5.1369736076511066	IM-197	IM-241	P	M	0.10336518230443997	0.0	0.0	TRANSITION/DECAY RATE DEPENDS ON AVAILABLE FINAL STATES IN THE ENVIRONMENT, NOT ONLY ON THE SOURCE	SPARSE LOCAL MESSAGES CAN RECOVER A GLOBAL BELIEF/CONSISTENCY STATE — BUT LOOPS CHANGE THE VALIDITY CONTRACT	P-269; P-270	M-269; M-270	P-269: Structured environment; P-270: Density-of-states engineering	M-269:Sparse factor graph | M-270:Tree exact; loopy approximate	mechanism/structural	none-explicit	cross-domain; moderate semantic bridge; donor operator/certificate bonus; same-theory lexical penalty
133	5.136878754739265	IM-249	IM-212	M	S	0.013216564446090748	0.0	0.0	REPLACE AN INACCESSIBLE INTERIOR SOURCE BY A BOUNDARY-EQUIVALENT SOURCE THAT PRESERVES EXTERNAL OBSERVABLES	SUBTRACT THE PREDICTABLE PART OF AN OBSERVATION STREAM TO ISOLATE NEW INFORMATION	M-655	S-105; S-120	M-655:Potential equivalence	S-105: Correct conditional model; S-120: Predictable intensity	passive inference/diagnostic	bound	cross-domain; moderate semantic bridge; donor operator/certificate bonus; same-theory lexical penalty
134	5.136208275861898	IM-311	IM-216	S	M	0.01315077333028387	0.0	0.0	MANY SIGNALS CAN BE INDIVIDUALLY UNDETECTABLE YET COLLECTIVELY DETECTABLE THROUGH A SMALL GLOBAL DISTORTION OF NULL	PROPAGATE FUTURE CONSEQUENCE BACKWARD TO PRICE TODAY’S LOCAL ACTION	S-174	M-255	S-174:Rare/weak regime	M-255: Quantity of interest	passive inference/diagnostic	certificate/exact	cross-domain; moderate semantic bridge; donor operator/certificate bonus; same-theory lexical penalty
135	5.135139464266729	IM-206	IM-237	M	S	0.013045800893685646	0.0	0.0	INFER LONG-TIME BEHAVIOR FROM TRANSFORM BEHAVIOR NEAR A BOUNDARY/LOW FREQUENCY	A HUGE COUPLED ESTIMATION ALGORITHM CAN HAVE LOW-DIMENSIONAL ERROR DYNAMICS IN THE RIGHT RANDOM REGIME	M-125; M-126	S-913	M-125: Regularity assumptions; M-126: Summability structure	S-913:AMP asymptotics	passive inference/diagnostic	bound;local	cross-domain; moderate semantic bridge; donor operator/certificate bonus; same-theory lexical penalty
136	5.135072089329423	IM-233	IM-311	M	S	0.08347934210825736	0.0	0.0	TWO UNKNOWN LAYERS CAN SOMETIMES BE RECOVERED JOINTLY IF THEY OBEY DIFFERENT STRUCTURAL CONSTRAINTS	MANY SIGNALS CAN BE INDIVIDUALLY UNDETECTABLE YET COLLECTIVELY DETECTABLE THROUGH A SMALL GLOBAL DISTORTION OF NULL	M-174	S-174	M-174:Identifiability constraints	S-174:Rare/weak regime	mechanism/structural	none-explicit	cross-domain; moderate semantic bridge; donor operator/certificate bonus; same-theory lexical penalty
137	5.134640340141481	IM-325	IM-107	M	S	0.012996739861109333	0.0	0.0	MONOTONE POLICY RESPONSE CAN BE CERTIFIED FROM COMPLEMENTARITY/ORDER STRUCTURE WITHOUT RESOLVING EVERY PARAMETER VALUE	WHEN DATA DO NOT POINT-IDENTIFY, CORRECT ANSWER MAY BE LARGE/DISCONNECTED/UNBOUNDED SET	M-866; M-867; M-869; M-874; M-880	S-131; S-136; S-447	M-866:Complementary coordinates | M-867:Ordered action × parameter | M-869:Lattice optimization | M-874:Set-valued optimization | M-880:Nondifferentiable/discrete optimization	S-131:Weak assumptions | S-136:Partial identification | S-447:Weak/nonidentification	active control/decision	certificate/exact	cross-domain; moderate semantic bridge; donor operator/certificate bonus; same-theory lexical penalty
138	5.133253669582016	IM-341	IM-359	S	E	0.05051988281771571	0.0	0.0	WHEN THE THEORETICAL NULL IS CONTAMINATED, THE BULK OF THE DATA CAN BE USED TO RE-ESTIMATE THE NULL BASELINE	CONTROL THE INFORMATION STRUCTURE RATHER THAN THE STATE TO CHANGE ANOTHER DECISION-MAKER'S ACTION	S-175	E-401	S-175:Many-tests structure	E-401:Sender commitment to information structure	passive inference/diagnostic	none-explicit	cross-domain; moderate semantic bridge; donor operator/certificate bonus; same-theory lexical penalty
139	5.133246472110749	IM-265	IM-359	M	E	0.05698433922352898	0.0625	0.0	WHEN THE PROCESS ITSELF IS UNCONTROLLABLE, TIMING OF EXIT CAN STILL BE THE CONTROL VARIABLE	CONTROL THE INFORMATION STRUCTURE RATHER THAN THE STATE TO CHANGE ANOTHER DECISION-MAKER'S ACTION	M-341; M-343	E-401	M-341:Stochastic process + stopping rule | M-343:Markov optimal stopping	E-401:Sender commitment to information structure	active control/decision	none-explicit	cross-domain; moderate semantic bridge; donor operator/certificate bonus; same-theory lexical penalty
140	5.133154254470048	IM-181	IM-211	M	S	0.012850514933512146	0.0	0.0	INTERROGATE AN INACCESSIBLE INTERIOR THROUGH CONTROLLED BOUNDARY INPUTS AND BOUNDARY RESPONSES	DON'T COMMIT TO ONE DYNAMICAL MODEL TOO EARLY; CARRY A MODEL BANK AND UPDATE MODEL PROBABILITIES	M-431; M-432	S-110	M-431: PDE boundary access; M-432: Elliptic PDE	S-110: Finite model bank	active control/decision	bound	cross-domain; moderate semantic bridge; donor operator/certificate bonus; same-theory lexical penalty
141	5.133043178005737	IM-225	IM-010	M	E;P	0.012839576332444622	0.0	0.0	DEPENDENT SEQUENTIAL DATA CAN STILL HAVE SHARP DEVIATION GUARANTEES IF SURPRISES AND PREDICTABLE VARIANCE ARE CONTROLLED	PHYSICAL TOPOLOGY / POTENTIAL TOPOLOGY / CURRENTLY USABLE TOPOLOGY	M-311; M-313	P-1000; P-999; P-990; P-991; E-916; P-776	M-311:Martingale difference structure | M-313:Martingale variance process	P-1000:State-dependent connectivity | P-999:Geometry + finite coupling | P-990:Asymmetric recovery/coupling | P-991:Propagation threshold | E-916:Heterogeneous banks | P-776:Transport accessibility	active control/decision	certificate/exact	cross-domain; moderate semantic bridge; donor operator/certificate bonus; same-theory lexical penalty
142	5.1328159882829905	IM-311	IM-219	S	P	0.012817199157742104	0.0	0.0	MANY SIGNALS CAN BE INDIVIDUALLY UNDETECTABLE YET COLLECTIVELY DETECTABLE THROUGH A SMALL GLOBAL DISTORTION OF NULL	A SYSTEM’S ARROW OF TIME CAN BE VISIBLE IN FORWARD/REVERSE PATH PROBABILITIES EVEN WHEN MACRO STATE IS STATIONARY	S-174	P-121; P-124; P-125	S-174:Rare/weak regime	P-121: Nonequilibrium drive; P-124: Stochastic thermodynamics; P-125: Nonequilibrium path probabilities	passive inference/diagnostic	certificate/exact	cross-domain; moderate semantic bridge; donor operator/certificate bonus; same-theory lexical penalty
143	5.130306948951623	IM-225	IM-343	M	S	0.019964054509671432	0.05555555555555555	0.0	DEPENDENT SEQUENTIAL DATA CAN STILL HAVE SHARP DEVIATION GUARANTEES IF SURPRISES AND PREDICTABLE VARIANCE ARE CONTROLLED	A VARIABLE KNOWN NOT TO LIE ON THE TARGET CAUSAL PATH CAN STILL BE USED TO EXPOSE OR BRIDGE HIDDEN CONFOUNDING	M-311; M-313	S-349; S-350; S-351; S-352	M-311:Martingale difference structure | M-313:Martingale variance process	S-349:Known causal null | S-350:Known causal null | S-351:Completeness/proxy conditions | S-352:Integral-equation identification	active control/decision	certificate/exact	cross-domain; moderate semantic bridge; donor operator/certificate bonus; same-theory lexical penalty
144	5.12934762914392	IM-181	IM-164	M	P	0.012474917975873332	0.0	0.0	INTERROGATE AN INACCESSIBLE INTERIOR THROUGH CONTROLLED BOUNDARY INPUTS AND BOUNDARY RESPONSES	COARSE-GRAINING CAN CREATE A VALID EFFECTIVE LAW ONLY AFTER HIDDEN FAST VARIABLES HAVE RELAXED/MIXED	M-431; M-432	P-108; P-111; P-030	M-431: PDE boundary access; M-432: Elliptic PDE	P-108: Time-scale separation; P-111: Fast periodic/ergodic motion; P-030: Scale separation/controlled approximation	active control/decision	bound	cross-domain; moderate semantic bridge; donor operator/certificate bonus; same-theory lexical penalty
145	5.1282477769801025	IM-208	IM-312	M	S	0.07928591321540182	0.0	0.0	A NON-MARKOV OBSERVED PROCESS CAN BECOME MARKOV AFTER ADDING THE RIGHT MEMORY VARIABLE	TARGET-SPECIFIC LOCAL CONTAMINATION SENSITIVITY CAN BOTH CORRECT AN ESTIMATE AND DEFINE BEST ACHIEVABLE FIRST-ORDER PRECISION	M-121; M-122	S-017; S-121; S-122	M-121: Markovization; M-122: Duration dependence	S-017:Local contamination analysis | S-121:Tangent-space theory | S-122:Regular models	passive inference/diagnostic	none-explicit	cross-domain; moderate semantic bridge; donor operator/certificate bonus; same-theory lexical penalty
146	5.1278793497713435	IM-237	IM-278	S	M	0.07966633732637973	0.1111111111111111	0.0	A HUGE COUPLED ESTIMATION ALGORITHM CAN HAVE LOW-DIMENSIONAL ERROR DYNAMICS IN THE RIGHT RANDOM REGIME	ALTERNATING LOCAL CORRECTIONS MAY NEED A MEMORY OF PREVIOUS CORRECTION ERROR TO CONVERGE TO RIGHT GLOBAL OBJECT	S-913	M-159	S-913:AMP asymptotics	M-159:Convex sets	passive inference/diagnostic	probabilistic	cross-domain; moderate semantic bridge; donor operator/certificate bonus; same-theory lexical penalty
147	5.127770905714353	IM-335	IM-268	S	M	0.05871472894134269	0.08333333333333333	0.0	MEASUREMENT LOCATIONS SHOULD BE CHOSEN TO SHAPE THE INFORMATION GEOMETRY FOR THE TARGET	REACHING THE TARGET AND SURVIVING THE PATH TO THE TARGET ARE TWO DIFFERENT CONSTRAINTS	S-048; S-049; S-050	M-350	S-048:Local/model-based design | S-049:Information-matrix criterion | S-050:Target functional specified	M-350:Dynamic state constraints	information/measurement control	none-explicit	cross-domain; moderate semantic bridge; donor operator/certificate bonus; same-theory lexical penalty
148	5.127102686838777	IM-225	IM-359	M	E	0.012252703356179355	0.0	0.0	DEPENDENT SEQUENTIAL DATA CAN STILL HAVE SHARP DEVIATION GUARANTEES IF SURPRISES AND PREDICTABLE VARIANCE ARE CONTROLLED	CONTROL THE INFORMATION STRUCTURE RATHER THAN THE STATE TO CHANGE ANOTHER DECISION-MAKER'S ACTION	M-311; M-313	E-401	M-311:Martingale difference structure | M-313:Martingale variance process	E-401:Sender commitment to information structure	active control/decision	certificate/exact	cross-domain; moderate semantic bridge; donor operator/certificate bonus; same-theory lexical penalty
149	5.124483353831615	IM-374	IM-258	P	M	0.04986391834686931	0.0	0.0	REPEATED INDIVIDUALLY SUBCRITICAL LOAD CYCLES CAN GROW A HIDDEN DEFECT UNTIL FAILURE	SIMULTANEOUS MECHANISMS CAN SOMETIMES BE SOLVED BY RAPIDLY ALTERNATING THEIR SEPARATE EASY DYNAMICS	P-233	M-233; M-234	P-233:Cyclic loading	M-233:Decomposable generator/operator | M-234:Generator regularity	mechanism/structural	certificate/exact	cross-domain; moderate semantic bridge; donor operator/certificate bonus; same-theory lexical penalty
150	5.124243514840892	IM-241	IM-191	M	S	0.09410972517357095	0.0	0.0	SPARSE LOCAL MESSAGES CAN RECOVER A GLOBAL BELIEF/CONSISTENCY STATE — BUT LOOPS CHANGE THE VALIDITY CONTRACT	LATENT COMPONENT NAMES MAY BE PURE SYMMETRY; A NAMED HIDDEN CLASS IS NOT AUTOMATICALLY AN IDENTIFIED ENTITY	M-269; M-270	S-269; S-270	M-269:Sparse factor graph | M-270:Tree exact; loopy approximate	S-269: Structural conditions; S-270: Symmetry	mechanism/structural	local	cross-domain; moderate semantic bridge; donor operator/certificate bonus; same-theory lexical penalty
151	5.1232945038949085	IM-208	IM-219	M	P	0.049774870013893704	0.0	0.0	A NON-MARKOV OBSERVED PROCESS CAN BECOME MARKOV AFTER ADDING THE RIGHT MEMORY VARIABLE	A SYSTEM’S ARROW OF TIME CAN BE VISIBLE IN FORWARD/REVERSE PATH PROBABILITIES EVEN WHEN MACRO STATE IS STATIONARY	M-121; M-122	P-121; P-124; P-125	M-121: Markovization; M-122: Duration dependence	P-121: Nonequilibrium drive; P-124: Stochastic thermodynamics; P-125: Nonequilibrium path probabilities	passive inference/diagnostic	none-explicit	cross-domain; moderate semantic bridge; donor operator/certificate bonus; same-theory lexical penalty
152	5.123253490882962	IM-249	IM-066	M	S	0.011870455516656282	0.0	0.0	REPLACE AN INACCESSIBLE INTERIOR SOURCE BY A BOUNDARY-EQUIVALENT SOURCE THAT PRESERVES EXTERNAL OBSERVABLES	SAME OBSERVED DATA + DIFFERENT DATA-GENERATING DESIGN → DIFFERENT VALID INFERENCE	M-655	S-750; S-754; S-760	M-655:Potential equivalence	S-750:Design-aware inference | S-754:Known assignment mechanism | S-760:Experimental design	passive inference/diagnostic	bound	cross-domain; moderate semantic bridge; donor operator/certificate bonus; same-theory lexical penalty
153	5.122847028100586	IM-311	IM-053	S	M	0.011829999435635702	0.0	0.0	MANY SIGNALS CAN BE INDIVIDUALLY UNDETECTABLE YET COLLECTIVELY DETECTABLE THROUGH A SMALL GLOBAL DISTORTION OF NULL	FORBIDDEN/UNAVAILABLE COARSE STATE CAN BE REALIZED BY FAST OR RANDOM MICRO-MIXTURE	S-174	M-834; M-838	S-174:Rare/weak regime	M-834:Fine-scale mixtures | M-838:Scale separation	passive inference/diagnostic	certificate/exact	cross-domain; moderate semantic bridge; donor operator/certificate bonus; same-theory lexical penalty
154	5.122088792868216	IM-181	IM-376	M	P	0.0117544834932494	0.0	0.0	INTERROGATE AN INACCESSIBLE INTERIOR THROUGH CONTROLLED BOUNDARY INPUTS AND BOUNDARY RESPONSES	LOCALLY STABLE REACTION DYNAMICS CAN BECOME SPATIALLY UNSTABLE SOLELY BECAUSE COMPONENTS DIFFUSE AT DIFFERENT RATES	M-431; M-432	P-090	M-431: PDE boundary access; M-432: Elliptic PDE	P-090:Reaction-diffusion coupling	active control/decision	bound	cross-domain; moderate semantic bridge; donor operator/certificate bonus; same-theory lexical penalty
155	5.121922426297816	IM-206	IM-091	M	S	0.011737906084774583	0.0	0.0	INFER LONG-TIME BEHAVIOR FROM TRANSFORM BEHAVIOR NEAR A BOUNDARY/LOW FREQUENCY	PATH-SPECIFIC EFFECT MAY BE UNIDENTIFIABLE BECAUSE AN INTERMEDIATE WOULD NEED INCOMPATIBLE STATES	M-125; M-126	S-652; S-653	M-125: Regularity assumptions; M-126: Summability structure	S-652:Causal DAG | S-653:Conflicting path assignments	passive inference/diagnostic	bound;local	cross-domain; moderate semantic bridge; donor operator/certificate bonus; same-theory lexical penalty
156	5.1214897930038	IM-206	IM-343	M	S	0.011694782927456873	0.0	0.0	INFER LONG-TIME BEHAVIOR FROM TRANSFORM BEHAVIOR NEAR A BOUNDARY/LOW FREQUENCY	A VARIABLE KNOWN NOT TO LIE ON THE TARGET CAUSAL PATH CAN STILL BE USED TO EXPOSE OR BRIDGE HIDDEN CONFOUNDING	M-125; M-126	S-349; S-350; S-351; S-352	M-125: Regularity assumptions; M-126: Summability structure	S-349:Known causal null | S-350:Known causal null | S-351:Completeness/proxy conditions | S-352:Integral-equation identification	passive inference/diagnostic	bound;local	cross-domain; moderate semantic bridge; donor operator/certificate bonus; same-theory lexical penalty
157	5.121370406454508	IM-272	IM-397	S	M	0.078782156555844	0.0	0.0	MANY TINY SAME-DIRECTION ERRORS CAN BECOME STRONG EVIDENCE THROUGH ACCUMULATION EVEN WHEN NO SINGLE OBSERVATION IS ABNORMAL	TOPOLOGICAL TRACE CAN FORCE A FIXED POINT EVEN WHEN NO FIXED POINT IS CONSTRUCTED DIRECTLY	S-333	M-499	S-333:Sequential change detection	see canonical 4000-record inventory	passive inference/diagnostic	none-explicit	cross-domain; moderate semantic bridge; donor operator/certificate bonus; same-theory lexical penalty
158	5.120056084172601	IM-206	IM-159	M	P	0.03615128513541317	0.09090909090909091	0.0	INFER LONG-TIME BEHAVIOR FROM TRANSFORM BEHAVIOR NEAR A BOUNDARY/LOW FREQUENCY	YOU CAN INFER AN INFINITE/LARGE-SYSTEM TRANSITION FROM HOW FINITE SYSTEMS MOVE WITH SIZE	M-125; M-126	P-157	M-125: Regularity assumptions; M-126: Summability structure	P-157:Scaling hypothesis	passive inference/diagnostic	bound;local	cross-domain; moderate semantic bridge; donor operator/certificate bonus; same-theory lexical penalty
159	5.120001965024611	IM-196	IM-091	M	S	0.011546328500889685	0.0	0.0	RECOVERY CAN HAVE A SHARP COMPLEXITY–MEASUREMENT GEOMETRY BOUNDARY	PATH-SPECIFIC EFFECT MAY BE UNIDENTIFIABLE BECAUSE AN INTERMEDIATE WOULD NEED INCOMPATIBLE STATES	M-279; M-280	S-652; S-653	M-279: Sparsity + measurement geometry; M-280: Sparse signal class	S-652:Causal DAG | S-653:Conflicting path assignments	passive inference/diagnostic	bound	cross-domain; moderate semantic bridge; donor operator/certificate bonus; same-theory lexical penalty
160	5.119175219120828	IM-300	IM-247	S	M	0.04946607878242604	0.0	0.0	AN INTERVENTION CAN CREATE THE CONFOUNDER THAT LATER PREVENTS CLEAN DECOMPOSITION OF ITS OWN EFFECT	BOUNDARY INFLUENCE IS SET BY DYNAMICAL/GEOMETRIC ACCESSIBILITY, NOT RAW BOUNDARY SIZE	S-648; S-725	M-645; M-648	S-648:Time-varying causal structure | S-725:Longitudinal causal feedback	M-645:Domain geometry | M-648:Fine boundary geometry	active control/decision	none-explicit	cross-domain; moderate semantic bridge; donor operator/certificate bonus; same-theory lexical penalty
161	5.1171005266514396	IM-377	IM-348	P	S	0.04931040957622748	0.0	0.0	AN INTERMEDIATE AMOUNT OF NOISE CAN IMPROVE DETECTION OR REGULARITY WHEN ZERO AND LARGE NOISE BOTH PERFORM WORSE	A COUNTERFACTUAL TRAJECTORY CAN BE CONSTRUCTED AS A WEIGHTED MIXTURE OF MANY IMPERFECT DONOR UNITS	P-065; P-066; P-376; P-377	S-066	P-065:Threshold/nonlinear system | P-066:Excitable dynamics | P-376:Noise + bistability | P-377:Excitable system	S-066:Pre-treatment comparability	passive inference/diagnostic	none-explicit	cross-domain; moderate semantic bridge; donor operator/certificate bonus; same-theory lexical penalty
162	5.116365705359301	IM-359	IM-280	E	S	0.06594160704132566	0.05555555555555555	0.0	CONTROL THE INFORMATION STRUCTURE RATHER THAN THE STATE TO CHANGE ANOTHER DECISION-MAKER'S ACTION	UNCERTAINTY WIDTH ITSELF CAN BE A FEEDBACK CONTROL VARIABLE USED TO RESTORE A COVERAGE TARGET	E-401	S-390	E-401:Sender commitment to information structure	S-390:Online feedback	information/measurement control	none-explicit	cross-domain; moderate semantic bridge; donor operator/certificate bonus; same-theory lexical penalty
163	5.1152390242226495	IM-249	IM-091	M	S	0.011069471154669698	0.0	0.0	REPLACE AN INACCESSIBLE INTERIOR SOURCE BY A BOUNDARY-EQUIVALENT SOURCE THAT PRESERVES EXTERNAL OBSERVABLES	PATH-SPECIFIC EFFECT MAY BE UNIDENTIFIABLE BECAUSE AN INTERMEDIATE WOULD NEED INCOMPATIBLE STATES	M-655	S-652; S-653	M-655:Potential equivalence	S-652:Causal DAG | S-653:Conflicting path assignments	passive inference/diagnostic	bound	cross-domain; moderate semantic bridge; donor operator/certificate bonus; same-theory lexical penalty
164	5.114814695124387	IM-249	IM-156	M	E;P	0.011026867720747131	0.0	0.0	REPLACE AN INACCESSIBLE INTERIOR SOURCE BY A BOUNDARY-EQUIVALENT SOURCE THAT PRESERVES EXTERNAL OBSERVABLES	SYMMETRIC RULES CAN PRODUCE AN ASYMMETRIC REALIZED STATE; TINY COORDINATION SIGNALS CAN SELECT WHICH ONE	M-655	P-014; E-155; E-156	M-655:Potential equivalence	P-014:Degeneracy/instability | E-155:Multiple equilibria | E-156:Expectations coordination	passive inference/diagnostic	bound	cross-domain; moderate semantic bridge; donor operator/certificate bonus; same-theory lexical penalty
165	5.1146064012695485	IM-196	IM-171	M	P	0.011005947376381723	0.0	0.0	RECOVERY CAN HAVE A SHARP COMPLEXITY–MEASUREMENT GEOMETRY BOUNDARY	A LOCALLY CAPABLE SOURCE MAY FAIL TO PROPAGATE BECAUSE THE DOWNSTREAM SINK/LOAD IS TOO LARGE	M-279; M-280	P-473; P-999	M-279: Sparsity + measurement geometry; M-280: Sparse signal class	P-473: Excitation current balance; P-999: Geometry + finite coupling	passive inference/diagnostic	bound	cross-domain; moderate semantic bridge; donor operator/certificate bonus; same-theory lexical penalty
166	5.114401224760147	IM-249	IM-197	M	P	0.019395545175212497	0.0625	0.0	REPLACE AN INACCESSIBLE INTERIOR SOURCE BY A BOUNDARY-EQUIVALENT SOURCE THAT PRESERVES EXTERNAL OBSERVABLES	TRANSITION/DECAY RATE DEPENDS ON AVAILABLE FINAL STATES IN THE ENVIRONMENT, NOT ONLY ON THE SOURCE	M-655	P-269; P-270	M-655:Potential equivalence	P-269: Structured environment; P-270: Density-of-states engineering	passive inference/diagnostic	bound	cross-domain; moderate semantic bridge; donor operator/certificate bonus; same-theory lexical penalty
167	5.113548440612913	IM-225	IM-291	M	S	0.01768970826142086	0.05	0.0	DEPENDENT SEQUENTIAL DATA CAN STILL HAVE SHARP DEVIATION GUARANTEES IF SURPRISES AND PREDICTABLE VARIANCE ARE CONTROLLED	IN SEQUENTIAL DISCOVERY, FUTURE TESTING BUDGET CAN BE A STOCHASTIC STATE CREATED OR DEPLETED BY EARLIER RESULTS	M-311; M-313	S-391; S-392	M-311:Martingale difference structure | M-313:Martingale variance process	S-391:Sequential multiple testing | S-392:Online error control	active control/decision	certificate/exact	cross-domain; moderate semantic bridge; donor operator/certificate bonus; same-theory lexical penalty
168	5.113459385630353	IM-196	IM-197	M	P	0.010890659180830181	0.0	0.0	RECOVERY CAN HAVE A SHARP COMPLEXITY–MEASUREMENT GEOMETRY BOUNDARY	TRANSITION/DECAY RATE DEPENDS ON AVAILABLE FINAL STATES IN THE ENVIRONMENT, NOT ONLY ON THE SOURCE	M-279; M-280	P-269; P-270	M-279: Sparsity + measurement geometry; M-280: Sparse signal class	P-269: Structured environment; P-270: Density-of-states engineering	passive inference/diagnostic	bound	cross-domain; moderate semantic bridge; donor operator/certificate bonus; same-theory lexical penalty
169	5.113016607931657	IM-206	IM-383	M	P	0.010846116042601217	0.0	0.0	INFER LONG-TIME BEHAVIOR FROM TRANSFORM BEHAVIOR NEAR A BOUNDARY/LOW FREQUENCY	A SYSTEM CAN ENTER A LESS-STABLE INTERMEDIATE FIRST BECAUSE ITS ACCESS BARRIER IS LOWER THAN THE DIRECT PATH TO THE GLOBAL BEST STATE	M-125; M-126	P-357	M-125: Regularity assumptions; M-126: Summability structure	P-357:Competing kinetic barriers	passive inference/diagnostic	bound;local	cross-domain; moderate semantic bridge; donor operator/certificate bonus; same-theory lexical penalty
170	5.112926584879634	IM-212	IM-292	S	P	0.048996929067126736	0.0	0.0	SUBTRACT THE PREDICTABLE PART OF AN OBSERVATION STREAM TO ISOLATE NEW INFORMATION	ELIMINATING HIDDEN DYNAMIC VARIABLES CAN TURN A MARKOV/LOCAL SYSTEM INTO MEMORY + COLORED NOISE	S-105; S-120	P-105; P-106; P-107	S-105: Correct conditional model; S-120: Predictable intensity	P-105:Projection formalism | P-106:Chosen relevant subspace | P-107:Exact projected dynamics	passive inference/diagnostic	none-explicit	cross-domain; moderate semantic bridge; donor operator/certificate bonus; same-theory lexical penalty
171	5.109531867041702	IM-123	IM-158	S	M;P	0.048741672373603356	0.0	0.0	GUARANTEE RELATIVE TO DATA-GENERATING SYMMETRY; WHEN SYMMETRY BREAKS GUARANTEE MAY NOT TRAVEL	ABSORPTION CHANGES THE STATE SPACE: AFTER ENTRY, ORDINARY RETURN/ERGODIC LOGIC NO LONGER APPLIES	S-090; S-148; S-998	M-148; P-141	S-090:Exchangeability | S-148:Exchangeability under null | S-998:Distribution shift	M-148:Absorbing dynamics | P-141:Local birth-death	mechanism/structural	certificate/exact	cross-domain; moderate semantic bridge; donor operator/certificate bonus; same-theory lexical penalty
172	5.10932940461167	IM-225	IM-107	M	S	0.01047433854553291	0.0	0.0	DEPENDENT SEQUENTIAL DATA CAN STILL HAVE SHARP DEVIATION GUARANTEES IF SURPRISES AND PREDICTABLE VARIANCE ARE CONTROLLED	WHEN DATA DO NOT POINT-IDENTIFY, CORRECT ANSWER MAY BE LARGE/DISCONNECTED/UNBOUNDED SET	M-311; M-313	S-131; S-136; S-447	M-311:Martingale difference structure | M-313:Martingale variance process	S-131:Weak assumptions | S-136:Partial identification | S-447:Weak/nonidentification	active control/decision	certificate/exact	cross-domain; moderate semantic bridge; donor operator/certificate bonus; same-theory lexical penalty
173	5.1090605011602594	IM-311	IM-362	S	E	0.02454076305156989	0.0	0.0	MANY SIGNALS CAN BE INDIVIDUALLY UNDETECTABLE YET COLLECTIVELY DETECTABLE THROUGH A SMALL GLOBAL DISTORTION OF NULL	WHEN PAYOFF DEPENDS ON WHAT OTHERS EXPECT, HIGHER-ORDER BELIEFS CAN DOMINATE FUNDAMENTAL VALUE	S-174	E-098	S-174:Rare/weak regime	E-098:Higher-order beliefs	passive inference/diagnostic	certificate/exact	cross-domain; moderate semantic bridge; donor operator/certificate bonus; same-theory lexical penalty
174	5.107451548886998	IM-280	IM-317	S	M	0.059662508602322833	0.0	0.0	UNCERTAINTY WIDTH ITSELF CAN BE A FEEDBACK CONTROL VARIABLE USED TO RESTORE A COVERAGE TARGET	A LOCAL GROWTH INEQUALITY CAN GIVE A GLOBAL FINITE-HORIZON ERROR ENVELOPE	S-390	M-109	S-390:Online feedback	M-109:Integral/differential bound	active control/decision	none-explicit	cross-domain; moderate semantic bridge; donor operator/certificate bonus; same-theory lexical penalty
175	5.104836100929291	IM-140	IM-247	P	M	0.0558181309318709	0.07142857142857142	0.0	A CONSERVED/ACCUMULATING BURDEN CAN SELF-QUENCH GROWTH UNLESS A BOUNDARY EXPORT CHANNEL REMOVES IT	BOUNDARY INFLUENCE IS SET BY DYNAMICAL/GEOMETRIC ACCESSIBILITY, NOT RAW BOUNDARY SIZE	P-796; P-798	M-645; M-648	P-796:High conductivity | P-798:Open boundaries	M-645:Domain geometry | M-648:Fine boundary geometry	mechanism/structural	bound	cross-domain; moderate semantic bridge; donor operator/certificate bonus; same-theory lexical penalty
176	5.10433648479861	IM-206	IM-344	M	S	0.02412441166859887	0.0	0.0	INFER LONG-TIME BEHAVIOR FROM TRANSFORM BEHAVIOR NEAR A BOUNDARY/LOW FREQUENCY	WITHIN-UNIT COMPARISONS CAN REMOVE TIME-INVARIANT UNIT-LEVEL CONFOUNDING	M-125; M-126	S-315; S-316	M-125: Regularity assumptions; M-126: Summability structure	S-315:Transient exposure/effect | S-316:Event-dependent observation assumptions	passive inference/diagnostic	bound;local	cross-domain; moderate semantic bridge; donor operator/certificate bonus; same-theory lexical penalty
177	5.104269996860888	IM-181	IM-010	M	E;P	0.009961712304015014	0.0	0.0	INTERROGATE AN INACCESSIBLE INTERIOR THROUGH CONTROLLED BOUNDARY INPUTS AND BOUNDARY RESPONSES	PHYSICAL TOPOLOGY / POTENTIAL TOPOLOGY / CURRENTLY USABLE TOPOLOGY	M-431; M-432	P-1000; P-999; P-990; P-991; E-916; P-776	M-431: PDE boundary access; M-432: Elliptic PDE	P-1000:State-dependent connectivity | P-999:Geometry + finite coupling | P-990:Asymmetric recovery/coupling | P-991:Propagation threshold | E-916:Heterogeneous banks | P-776:Transport accessibility	active control/decision	bound	cross-domain; moderate semantic bridge; donor operator/certificate bonus; same-theory lexical penalty
178	5.104041703623814	IM-357	IM-334	E	S	0.059414350135495085	0.0	0.0	PUBLIC ACTIONS CAN ACCUMULATE UNTIL A NEW AGENT RATIONALLY IGNORES ITS OWN PRIVATE SIGNAL	AN ACTION CAN HAVE TWO VALUES AT ONCE: CURRENT PAYOFF AND INFORMATION ABOUT FUTURE PAYOFFS	E-099	S-042; S-043; S-044	E-099:Sequential social learning	S-042:Reward feedback | S-043:Bayesian model | S-044:Concentration assumptions	active control/decision	none-explicit	cross-domain; moderate semantic bridge; donor operator/certificate bonus; same-theory lexical penalty
179	5.102814878525729	IM-325	IM-311	M	S	0.009813737374153595	0.0	0.0	MONOTONE POLICY RESPONSE CAN BE CERTIFIED FROM COMPLEMENTARITY/ORDER STRUCTURE WITHOUT RESOLVING EVERY PARAMETER VALUE	MANY SIGNALS CAN BE INDIVIDUALLY UNDETECTABLE YET COLLECTIVELY DETECTABLE THROUGH A SMALL GLOBAL DISTORTION OF NULL	M-866; M-867; M-869; M-874; M-880	S-174	M-866:Complementary coordinates | M-867:Ordered action × parameter | M-869:Lattice optimization | M-874:Set-valued optimization | M-880:Nondifferentiable/discrete optimization	S-174:Rare/weak regime	active control/decision	certificate/exact	cross-domain; moderate semantic bridge; donor operator/certificate bonus; same-theory lexical penalty
180	5.102479527189754	IM-225	IM-305	M	P	0.009779600069960653	0.0	0.0	DEPENDENT SEQUENTIAL DATA CAN STILL HAVE SHARP DEVIATION GUARANTEES IF SURPRISES AND PREDICTABLE VARIANCE ARE CONTROLLED	COST OF MAINTAINING A NONEQUILIBRIUM STATE AND COST OF MOVING BETWEEN STATES ARE DIFFERENT ACCOUNTS	M-311; M-313	P-128; P-129	M-311:Martingale difference structure | M-313:Martingale variance process	P-128:NESS transitions | P-129:Driven steady state	active control/decision	certificate/exact	cross-domain; moderate semantic bridge; donor operator/certificate bonus; same-theory lexical penalty
181	5.101995431283245	IM-311	IM-376	S	P	0.009730298347312006	0.0	0.0	MANY SIGNALS CAN BE INDIVIDUALLY UNDETECTABLE YET COLLECTIVELY DETECTABLE THROUGH A SMALL GLOBAL DISTORTION OF NULL	LOCALLY STABLE REACTION DYNAMICS CAN BECOME SPATIALLY UNSTABLE SOLELY BECAUSE COMPONENTS DIFFUSE AT DIFFERENT RATES	S-174	P-090	S-174:Rare/weak regime	P-090:Reaction-diffusion coupling	passive inference/diagnostic	certificate/exact	cross-domain; moderate semantic bridge; donor operator/certificate bonus; same-theory lexical penalty
182	5.101796584285795	IM-221	IM-346	P	S	0.07735203032342287	0.0	0.0	ABANDON EXTREME SLOW TRAJECTORIES AND RESTART; MEAN COMPLETION CAN IMPROVE EVEN THOUGH WORK IS DISCARDED	BLOCKWISE ROBUST AGGREGATION CAN CONTROL HEAVY TAILS WITHOUT TRUSTING THE GLOBAL MEAN	P-131	S-141; S-142	P-131:Heavy-tail/variable completion time	S-141:Heavy-tail robustness | S-142:Moment assumptions	active control/decision	none-explicit	cross-domain; moderate semantic bridge; donor operator/certificate bonus; same-theory lexical penalty
183	5.100370860040952	IM-181	IM-361	M	E	0.02377373076943113	0.0	0.0	INTERROGATE AN INACCESSIBLE INTERIOR THROUGH CONTROLLED BOUNDARY INPUTS AND BOUNDARY RESPONSES	VOLUNTARY VERIFIABLE DISCLOSURE CAN UNRAVEL RECURSIVELY FROM THE BEST TYPE DOWNWARD	M-431; M-432	E-410	M-431: PDE boundary access; M-432: Elliptic PDE	E-410:Ordered types + verifiable info	active control/decision	bound	cross-domain; moderate semantic bridge; donor operator/certificate bonus; same-theory lexical penalty
184	5.099196848560337	IM-181	IM-359	M	E	0.009444750578401839	0.0	0.0	INTERROGATE AN INACCESSIBLE INTERIOR THROUGH CONTROLLED BOUNDARY INPUTS AND BOUNDARY RESPONSES	CONTROL THE INFORMATION STRUCTURE RATHER THAN THE STATE TO CHANGE ANOTHER DECISION-MAKER'S ACTION	M-431; M-432	E-401	M-431: PDE boundary access; M-432: Elliptic PDE	E-401:Sender commitment to information structure	active control/decision	bound	cross-domain; moderate semantic bridge; donor operator/certificate bonus; same-theory lexical penalty
185	5.098768275928814	IM-206	IM-333	M	S	0.02363170745914055	0.0	0.0	INFER LONG-TIME BEHAVIOR FROM TRANSFORM BEHAVIOR NEAR A BOUNDARY/LOW FREQUENCY	A HARD ASSIGNMENT THRESHOLD CAN CREATE A LOCAL COMPARISON THAT IS MUCH CLEANER THAN THE GLOBAL POPULATION	M-125; M-126	S-029	M-125: Regularity assumptions; M-126: Summability structure	S-029:Continuity/no precise manipulation near cutoff	passive inference/diagnostic	bound;local	cross-domain; moderate semantic bridge; donor operator/certificate bonus; same-theory lexical penalty
186	5.097326726800467	IM-325	IM-306	M	P	0.009253427538082337	0.0	0.0	MONOTONE POLICY RESPONSE CAN BE CERTIFIED FROM COMPLEMENTARITY/ORDER STRUCTURE WITHOUT RESOLVING EVERY PARAMETER VALUE	CLOSER IN ONE OBSERVED SCALAR DOES NOT IMPLY FASTER RELAXATION WHEN HIDDEN MODES HAVE DIFFERENT WEIGHTS	M-866; M-867; M-869; M-874; M-880	P-137; P-138	M-866:Complementary coordinates | M-867:Ordered action × parameter | M-869:Lattice optimization | M-874:Set-valued optimization | M-880:Nondifferentiable/discrete optimization	P-137:Multiple relaxation modes | P-138:Hidden relaxation modes	active control/decision	certificate/exact	cross-domain; moderate semantic bridge; donor operator/certificate bonus; same-theory lexical penalty
187	5.096256591188663	IM-181	IM-091	M	S	0.009143762449089994	0.0	0.0	INTERROGATE AN INACCESSIBLE INTERIOR THROUGH CONTROLLED BOUNDARY INPUTS AND BOUNDARY RESPONSES	PATH-SPECIFIC EFFECT MAY BE UNIDENTIFIABLE BECAUSE AN INTERMEDIATE WOULD NEED INCOMPATIBLE STATES	M-431; M-432	S-652; S-653	M-431: PDE boundary access; M-432: Elliptic PDE	S-652:Causal DAG | S-653:Conflicting path assignments	active control/decision	bound	cross-domain; moderate semantic bridge; donor operator/certificate bonus; same-theory lexical penalty
188	5.095663179785466	IM-181	IM-107	M	S	0.00908289276826928	0.0	0.0	INTERROGATE AN INACCESSIBLE INTERIOR THROUGH CONTROLLED BOUNDARY INPUTS AND BOUNDARY RESPONSES	WHEN DATA DO NOT POINT-IDENTIFY, CORRECT ANSWER MAY BE LARGE/DISCONNECTED/UNBOUNDED SET	M-431; M-432	S-131; S-136; S-447	M-431: PDE boundary access; M-432: Elliptic PDE	S-131:Weak assumptions | S-136:Partial identification | S-447:Weak/nonidentification	active control/decision	bound	cross-domain; moderate semantic bridge; donor operator/certificate bonus; same-theory lexical penalty
189	5.095052079193005	IM-325	IM-339	M	S	0.009020165070639477	0.0	0.0	MONOTONE POLICY RESPONSE CAN BE CERTIFIED FROM COMPLEMENTARITY/ORDER STRUCTURE WITHOUT RESOLVING EVERY PARAMETER VALUE	A SCORE CAN MAKE HONEST PROBABILITY REPORTING OPTIMAL	M-866; M-867; M-869; M-874; M-880	S-159	M-866:Complementary coordinates | M-867:Ordered action × parameter | M-869:Lattice optimization | M-874:Set-valued optimization | M-880:Nondifferentiable/discrete optimization	S-159:Probabilistic forecasts	active control/decision	certificate/exact	cross-domain; moderate semantic bridge; donor operator/certificate bonus; same-theory lexical penalty
190	5.094649302771831	IM-225	IM-211	M	S	0.008978797042365585	0.0	0.0	DEPENDENT SEQUENTIAL DATA CAN STILL HAVE SHARP DEVIATION GUARANTEES IF SURPRISES AND PREDICTABLE VARIANCE ARE CONTROLLED	DON'T COMMIT TO ONE DYNAMICAL MODEL TOO EARLY; CARRY A MODEL BANK AND UPDATE MODEL PROBABILITIES	M-311; M-313	S-110	M-311:Martingale difference structure | M-313:Martingale variance process	S-110: Finite model bank	active control/decision	certificate/exact	cross-domain; moderate semantic bridge; donor operator/certificate bonus; same-theory lexical penalty
191	5.094597815935418	IM-127	IM-044	S	E;P	0.04761545689146624	0.0	0.0	WHEN TWO ACTIONS ALMOST EQUALLY GOOD, ESTIMATED BEST ACTION CAN BE UNSTABLE EVEN IF VALUE IS STABLE	SAME AGGREGATE AMOUNT ≠ SAME FUNCTIONAL STATE	S-738	P-780; E-738; E-916	S-738:Near-zero treatment contrast	P-780:Strong evolving heterogeneity | E-738:Heterogeneous vintages | E-916:Heterogeneous banks	active control/decision	none-explicit	cross-domain; moderate semantic bridge; donor operator/certificate bonus; same-theory lexical penalty
192	5.093824172476243	IM-314	IM-237	M	S	0.05408781290126825	0.0625	0.0	NONLINEAR STATE DYNAMICS CAN BECOME LINEAR IN A LIFTED OBSERVABLE SPACE	A HUGE COUPLED ESTIMATION ALGORITHM CAN HAVE LOW-DIMENSIONAL ERROR DYNAMICS IN THE RIGHT RANDOM REGIME	M-401	S-913	M-401:Deterministic dynamics + observable space	S-913:AMP asymptotics	passive inference/diagnostic	local	cross-domain; moderate semantic bridge; donor operator/certificate bonus; same-theory lexical penalty
193	5.093729412476591	IM-249	IM-335	M	S	0.008884245427809613	0.0	0.0	REPLACE AN INACCESSIBLE INTERIOR SOURCE BY A BOUNDARY-EQUIVALENT SOURCE THAT PRESERVES EXTERNAL OBSERVABLES	MEASUREMENT LOCATIONS SHOULD BE CHOSEN TO SHAPE THE INFORMATION GEOMETRY FOR THE TARGET	M-655	S-048; S-049; S-050	M-655:Potential equivalence	S-048:Local/model-based design | S-049:Information-matrix criterion | S-050:Target functional specified	passive inference/diagnostic	bound	cross-domain; moderate semantic bridge; donor operator/certificate bonus; same-theory lexical penalty
194	5.093500437292784	IM-206	IM-359	M	E	0.008860694383187638	0.0	0.0	INFER LONG-TIME BEHAVIOR FROM TRANSFORM BEHAVIOR NEAR A BOUNDARY/LOW FREQUENCY	CONTROL THE INFORMATION STRUCTURE RATHER THAN THE STATE TO CHANGE ANOTHER DECISION-MAKER'S ACTION	M-125; M-126	E-401	M-125: Regularity assumptions; M-126: Summability structure	E-401:Sender commitment to information structure	passive inference/diagnostic	bound;local	cross-domain; moderate semantic bridge; donor operator/certificate bonus; same-theory lexical penalty
195	5.093182213761232	IM-311	IM-357	S	E	0.008827953392647072	0.0	0.0	MANY SIGNALS CAN BE INDIVIDUALLY UNDETECTABLE YET COLLECTIVELY DETECTABLE THROUGH A SMALL GLOBAL DISTORTION OF NULL	PUBLIC ACTIONS CAN ACCUMULATE UNTIL A NEW AGENT RATIONALLY IGNORES ITS OWN PRIVATE SIGNAL	S-174	E-099	S-174:Rare/weak regime	E-099:Sequential social learning	passive inference/diagnostic	certificate/exact	cross-domain; moderate semantic bridge; donor operator/certificate bonus; same-theory lexical penalty
196	5.0931602953984525	IM-181	IM-381	M	P	0.008825697838232248	0.0	0.0	INTERROGATE AN INACCESSIBLE INTERIOR THROUGH CONTROLLED BOUNDARY INPUTS AND BOUNDARY RESPONSES	A PROPAGATING EXCITATION CAN BECOME SELF-SUSTAINING ON A LOOP IF RETURN TIME EXCEEDS LOCAL RECOVERY TIME	M-431; M-432	P-984; P-985; P-994; P-1000	M-431: PDE boundary access; M-432: Elliptic PDE	P-984:Recovery variable | P-985:Fast–slow system | P-994:Recovery + closed path | P-1000:State-dependent connectivity	active control/decision	bound	cross-domain; moderate semantic bridge; donor operator/certificate bonus; same-theory lexical penalty
197	5.092415395259349	IM-196	IM-343	M	S	0.008749008215237357	0.0	0.0	RECOVERY CAN HAVE A SHARP COMPLEXITY–MEASUREMENT GEOMETRY BOUNDARY	A VARIABLE KNOWN NOT TO LIE ON THE TARGET CAUSAL PATH CAN STILL BE USED TO EXPOSE OR BRIDGE HIDDEN CONFOUNDING	M-279; M-280	S-349; S-350; S-351; S-352	M-279: Sparsity + measurement geometry; M-280: Sparse signal class	S-349:Known causal null | S-350:Known causal null | S-351:Completeness/proxy conditions | S-352:Integral-equation identification	passive inference/diagnostic	bound	cross-domain; moderate semantic bridge; donor operator/certificate bonus; same-theory lexical penalty
198	5.092250523047531	IM-225	IM-306	M	P	0.008732025170041435	0.0	0.0	DEPENDENT SEQUENTIAL DATA CAN STILL HAVE SHARP DEVIATION GUARANTEES IF SURPRISES AND PREDICTABLE VARIANCE ARE CONTROLLED	CLOSER IN ONE OBSERVED SCALAR DOES NOT IMPLY FASTER RELAXATION WHEN HIDDEN MODES HAVE DIFFERENT WEIGHTS	M-311; M-313	P-137; P-138	M-311:Martingale difference structure | M-313:Martingale variance process	P-137:Multiple relaxation modes | P-138:Hidden relaxation modes	active control/decision	certificate/exact	cross-domain; moderate semantic bridge; donor operator/certificate bonus; same-theory lexical penalty
199	5.092170797717389	IM-311	IM-050	S	E;M;P	0.008723811709007993	0.0	0.0	MANY SIGNALS CAN BE INDIVIDUALLY UNDETECTABLE YET COLLECTIVELY DETECTABLE THROUGH A SMALL GLOBAL DISTORTION OF NULL	COARSE AVERAGE CAN LOSE THE VARIABLE THAT ACTUALLY CLOSES THE DYNAMICS	S-174	M-147; M-689; E-916; E-738; P-780	S-174:Rare/weak regime	M-147:Transition compatibility | M-689:Many-to-one dynamics map | E-916:Heterogeneous banks | E-738:Heterogeneous vintages | P-780:Strong evolving heterogeneity	passive inference/diagnostic	certificate/exact	cross-domain; moderate semantic bridge; donor operator/certificate bonus; same-theory lexical penalty
200	5.09209031657188	IM-140	IM-227	P	M	0.05324142439709026	0.05555555555555555	0.0	A CONSERVED/ACCUMULATING BURDEN CAN SELF-QUENCH GROWTH UNLESS A BOUNDARY EXPORT CHANNEL REMOVES IT	ORDINARY CLOCK TIME AND ACCUMULATED CONTACT/VISIT TIME AT A BOUNDARY ARE DIFFERENT STATE VARIABLES	P-796; P-798	M-317	P-796:High conductivity | P-798:Open boundaries	M-317:Continuous semimartingale	mechanism/structural	bound	cross-domain; moderate semantic bridge; donor operator/certificate bonus; same-theory lexical penalty
201	5.091571685362554	IM-196	IM-348	M	S	0.008662065580888894	0.0	0.0	RECOVERY CAN HAVE A SHARP COMPLEXITY–MEASUREMENT GEOMETRY BOUNDARY	A COUNTERFACTUAL TRAJECTORY CAN BE CONSTRUCTED AS A WEIGHTED MIXTURE OF MANY IMPERFECT DONOR UNITS	M-279; M-280	S-066	M-279: Sparsity + measurement geometry; M-280: Sparse signal class	S-066:Pre-treatment comparability	passive inference/diagnostic	bound	cross-domain; moderate semantic bridge; donor operator/certificate bonus; same-theory lexical penalty
202	5.090642072543256	IM-325	IM-382	M	P	0.012086260533827012	0.0	0.043478260869565216	MONOTONE POLICY RESPONSE CAN BE CERTIFIED FROM COMPLEMENTARITY/ORDER STRUCTURE WITHOUT RESOLVING EVERY PARAMETER VALUE	A CATALYST/MEDIATOR CAN PARTICIPATE CHEMICALLY, CHANGE STATE, AND THEN REGENERATE RATHER THAN REMAIN PASSIVE	M-866; M-867; M-869; M-874; M-880	P-848; P-849; P-850; P-851	M-866:Complementary coordinates | M-867:Ordered action × parameter | M-869:Lattice optimization | M-874:Set-valued optimization | M-880:Nondifferentiable/discrete optimization	P-848:Redox catalyst | P-849:Reactive catalyst solid | P-850:Cyclic catalyst state | P-851:Reducible oxide	active control/decision	certificate/exact	cross-domain; moderate semantic bridge; donor operator/certificate bonus; same-theory lexical penalty
203	5.089816963021205	IM-196	IM-311	M	S	0.00848097072391144	0.0	0.0	RECOVERY CAN HAVE A SHARP COMPLEXITY–MEASUREMENT GEOMETRY BOUNDARY	MANY SIGNALS CAN BE INDIVIDUALLY UNDETECTABLE YET COLLECTIVELY DETECTABLE THROUGH A SMALL GLOBAL DISTORTION OF NULL	M-279; M-280	S-174	M-279: Sparsity + measurement geometry; M-280: Sparse signal class	S-174:Rare/weak regime	passive inference/diagnostic	bound	cross-domain; moderate semantic bridge; donor operator/certificate bonus; same-theory lexical penalty
204	5.089816963021205	IM-311	IM-196	S	M	0.00848097072391144	0.0	0.0	MANY SIGNALS CAN BE INDIVIDUALLY UNDETECTABLE YET COLLECTIVELY DETECTABLE THROUGH A SMALL GLOBAL DISTORTION OF NULL	RECOVERY CAN HAVE A SHARP COMPLEXITY–MEASUREMENT GEOMETRY BOUNDARY	S-174	M-279; M-280	S-174:Rare/weak regime	M-279: Sparsity + measurement geometry; M-280: Sparse signal class	passive inference/diagnostic	certificate/exact	cross-domain; moderate semantic bridge; donor operator/certificate bonus; same-theory lexical penalty
205	5.089610730512255	IM-311	IM-039	S	M;P	0.008459662239410698	0.0	0.0	MANY SIGNALS CAN BE INDIVIDUALLY UNDETECTABLE YET COLLECTIVELY DETECTABLE THROUGH A SMALL GLOBAL DISTORTION OF NULL	COARSE-GRAIN ONLY IF COARSE STATE HAS CLOSED DYNAMICS	S-174	M-147; M-689; M-026; P-030	S-174:Rare/weak regime	M-147:Transition compatibility | M-689:Many-to-one dynamics map | M-026:Scale separation/ergodicity or structural assumptions | P-030:Scale separation/controlled approximation	passive inference/diagnostic	certificate/exact	cross-domain; moderate semantic bridge; donor operator/certificate bonus; same-theory lexical penalty
206	5.089477286819024	IM-181	IM-212	M	S	0.00844587174366322	0.0	0.0	INTERROGATE AN INACCESSIBLE INTERIOR THROUGH CONTROLLED BOUNDARY INPUTS AND BOUNDARY RESPONSES	SUBTRACT THE PREDICTABLE PART OF AN OBSERVATION STREAM TO ISOLATE NEW INFORMATION	M-431; M-432	S-105; S-120	M-431: PDE boundary access; M-432: Elliptic PDE	S-105: Correct conditional model; S-120: Predictable intensity	active control/decision	bound	cross-domain; moderate semantic bridge; donor operator/certificate bonus; same-theory lexical penalty
207	5.088860616133726	IM-325	IM-348	M	S	0.008382115008012631	0.0	0.0	MONOTONE POLICY RESPONSE CAN BE CERTIFIED FROM COMPLEMENTARITY/ORDER STRUCTURE WITHOUT RESOLVING EVERY PARAMETER VALUE	A COUNTERFACTUAL TRAJECTORY CAN BE CONSTRUCTED AS A WEIGHTED MIXTURE OF MANY IMPERFECT DONOR UNITS	M-866; M-867; M-869; M-874; M-880	S-066	M-866:Complementary coordinates | M-867:Ordered action × parameter | M-869:Lattice optimization | M-874:Set-valued optimization | M-880:Nondifferentiable/discrete optimization	S-066:Pre-treatment comparability	active control/decision	certificate/exact	cross-domain; moderate semantic bridge; donor operator/certificate bonus; same-theory lexical penalty
208	5.088487053400259	IM-311	IM-208	S	M	0.008343470426139038	0.0	0.0	MANY SIGNALS CAN BE INDIVIDUALLY UNDETECTABLE YET COLLECTIVELY DETECTABLE THROUGH A SMALL GLOBAL DISTORTION OF NULL	A NON-MARKOV OBSERVED PROCESS CAN BECOME MARKOV AFTER ADDING THE RIGHT MEMORY VARIABLE	S-174	M-121; M-122	S-174:Rare/weak regime	M-121: Markovization; M-122: Duration dependence	passive inference/diagnostic	certificate/exact	cross-domain; moderate semantic bridge; donor operator/certificate bonus; same-theory lexical penalty
209	5.087674891786743	IM-225	IM-277	M	P	0.00825939479504972	0.0	0.0	DEPENDENT SEQUENTIAL DATA CAN STILL HAVE SHARP DEVIATION GUARANTEES IF SURPRISES AND PREDICTABLE VARIANCE ARE CONTROLLED	THE SAME INPUT CAN PRODUCE AN IMMEDIATE RESPONSE AND A SLOWER INTERNAL-STATE RESPONSE ON DIFFERENT CLOCKS	M-311; M-313	P-529; P-530	M-311:Martingale difference structure | M-313:Martingale variance process	P-529:Rate dependence | P-530:Internal interface state	active control/decision	certificate/exact	cross-domain; moderate semantic bridge; donor operator/certificate bonus; same-theory lexical penalty
210	5.086991768596723	IM-178	IM-130	M	S	0.06598064211624748	0.07692307692307693	0.0	STATE IMPORTANCE SHOULD BE MEASURED BY HOW STRONGLY IT CONNECTS PAST INPUT TO FUTURE OUTPUT	BAD MODULE SHOULD NOT CONTAMINATE GOOD MODULE THROUGH FEEDBACK	M-423; M-424; M-425; M-426	S-426	M-423: Stable linear system; M-424: Stability + Hankel singular values; M-425: Input-output linear system; M-426: Stable system	S-426:Modular Bayes	passive inference/diagnostic	none-explicit	cross-domain; moderate semantic bridge; donor operator/certificate bonus; same-theory lexical penalty
211	5.086454492581923	IM-181	IM-138	M	P	0.008132906765802785	0.0	0.0	INTERROGATE AN INACCESSIBLE INTERIOR THROUGH CONTROLLED BOUNDARY INPUTS AND BOUNDARY RESPONSES	A BOTTLENECK CAN BECOME DYNAMICALLY UNSTABLE AND SPLIT INTO A NEW TRANSPORT ARCHITECTURE	M-431; M-432	P-510; P-511	M-431: PDE boundary access; M-432: Elliptic PDE	P-510:Laminar resistive MHD | P-511:High Lundquist number	active control/decision	bound	cross-domain; moderate semantic bridge; donor operator/certificate bonus; same-theory lexical penalty
212	5.0863194901782744	IM-311	IM-137	S	P	0.008118903276223449	0.0	0.0	MANY SIGNALS CAN BE INDIVIDUALLY UNDETECTABLE YET COLLECTIVELY DETECTABLE THROUGH A SMALL GLOBAL DISTORTION OF NULL	A FORBIDDEN TOPOLOGY CHANGE CAN BECOME ALLOWED IN A SPECIAL LAYER AND RELEASE STORED POTENTIAL	S-174	P-508; P-520	S-174:Rare/weak regime	P-508:Nonideal plasma layer | P-520:Ideal MHD	passive inference/diagnostic	certificate/exact	cross-domain; moderate semantic bridge; donor operator/certificate bonus; same-theory lexical penalty
213	5.086055822417876	IM-181	IM-277	M	P	0.0080915471813031	0.0	0.0	INTERROGATE AN INACCESSIBLE INTERIOR THROUGH CONTROLLED BOUNDARY INPUTS AND BOUNDARY RESPONSES	THE SAME INPUT CAN PRODUCE AN IMMEDIATE RESPONSE AND A SLOWER INTERNAL-STATE RESPONSE ON DIFFERENT CLOCKS	M-431; M-432	P-529; P-530	M-431: PDE boundary access; M-432: Elliptic PDE	P-529:Rate dependence | P-530:Internal interface state	active control/decision	bound	cross-domain; moderate semantic bridge; donor operator/certificate bonus; same-theory lexical penalty
214	5.08583729712636	IM-311	IM-295	S	M	0.008068868250403677	0.0	0.0	MANY SIGNALS CAN BE INDIVIDUALLY UNDETECTABLE YET COLLECTIVELY DETECTABLE THROUGH A SMALL GLOBAL DISTORTION OF NULL	EFFECTIVE REDUNDANCY HAS AN EXACT DUAL: MAX DISJOINT ROUTES = MINIMUM SEPARATOR	S-174	M-375	S-174:Rare/weak regime	M-375:Graph connectivity	passive inference/diagnostic	certificate/exact	cross-domain; moderate semantic bridge; donor operator/certificate bonus; same-theory lexical penalty
215	5.0857214092540035	IM-249	IM-189	M	S	0.008056838828392114	0.0	0.0	REPLACE AN INACCESSIBLE INTERIOR SOURCE BY A BOUNDARY-EQUIVALENT SOURCE THAT PRESERVES EXTERNAL OBSERVABLES	RANDOM-TIME OBSERVATION OVERREPRESENTS LONG-LIVED STATES/EPISODES	M-655	S-272	M-655:Potential equivalence	S-272: Duration-biased sampling	passive inference/diagnostic	bound	cross-domain; moderate semantic bridge; donor operator/certificate bonus; same-theory lexical penalty
216	5.085684951466177	IM-181	IM-137	M	P	0.008053054086815717	0.0	0.0	INTERROGATE AN INACCESSIBLE INTERIOR THROUGH CONTROLLED BOUNDARY INPUTS AND BOUNDARY RESPONSES	A FORBIDDEN TOPOLOGY CHANGE CAN BECOME ALLOWED IN A SPECIAL LAYER AND RELEASE STORED POTENTIAL	M-431; M-432	P-508; P-520	M-431: PDE boundary access; M-432: Elliptic PDE	P-508:Nonideal plasma layer | P-520:Ideal MHD	active control/decision	bound	cross-domain; moderate semantic bridge; donor operator/certificate bonus; same-theory lexical penalty
217	5.084981876922794	IM-311	IM-293	S	P	0.007980034818221945	0.0	0.0	MANY SIGNALS CAN BE INDIVIDUALLY UNDETECTABLE YET COLLECTIVELY DETECTABLE THROUGH A SMALL GLOBAL DISTORTION OF NULL	FAST MICRO-MOTION CAN ALTER THE EFFECTIVE SLOW POTENTIAL AND STABILIZE AN OTHERWISE UNSTABLE STATE	S-174	P-114; P-115	S-174:Rare/weak regime	P-114:High-frequency forcing | P-115:Multi-scale forcing	passive inference/diagnostic	certificate/exact	cross-domain; moderate semantic bridge; donor operator/certificate bonus; same-theory lexical penalty
218	5.084902374560406	IM-181	IM-293	M	P	0.007971774105559526	0.0	0.0	INTERROGATE AN INACCESSIBLE INTERIOR THROUGH CONTROLLED BOUNDARY INPUTS AND BOUNDARY RESPONSES	FAST MICRO-MOTION CAN ALTER THE EFFECTIVE SLOW POTENTIAL AND STABILIZE AN OTHERWISE UNSTABLE STATE	M-431; M-432	P-114; P-115	M-431: PDE boundary access; M-432: Elliptic PDE	P-114:High-frequency forcing | P-115:Multi-scale forcing	active control/decision	bound	cross-domain; moderate semantic bridge; donor operator/certificate bonus; same-theory lexical penalty
219	5.084744090938413	IM-196	IM-159	M	P	0.02238117199101395	0.0	0.0	RECOVERY CAN HAVE A SHARP COMPLEXITY–MEASUREMENT GEOMETRY BOUNDARY	YOU CAN INFER AN INFINITE/LARGE-SYSTEM TRANSITION FROM HOW FINITE SYSTEMS MOVE WITH SIZE	M-279; M-280	P-157	M-279: Sparsity + measurement geometry; M-280: Sparse signal class	P-157:Scaling hypothesis	passive inference/diagnostic	bound	cross-domain; moderate semantic bridge; donor operator/certificate bonus; same-theory lexical penalty
220	5.084167442809353	IM-311	IM-245	S	M	0.00789537392653766	0.0	0.0	MANY SIGNALS CAN BE INDIVIDUALLY UNDETECTABLE YET COLLECTIVELY DETECTABLE THROUGH A SMALL GLOBAL DISTORTION OF NULL	REPRESENT A WHOLE CONVEX FEASIBLE SET BY ITS EXTREME RESPONSE IN EVERY TEST DIRECTION	S-174	M-294	S-174:Rare/weak regime	M-294:Convex body	passive inference/diagnostic	certificate/exact	cross-domain; moderate semantic bridge; donor operator/certificate bonus; same-theory lexical penalty
221	5.083608440135956	IM-206	IM-051	M	P	0.007837217852316995	0.0	0.0	INFER LONG-TIME BEHAVIOR FROM TRANSFORM BEHAVIOR NEAR A BOUNDARY/LOW FREQUENCY	CONTROL CHANGES FASTER THAN SYSTEM CAN RELAX → PROTOCOL SELECTS FINAL STATE	M-125; M-126	P-918	M-125: Regularity assumptions; M-126: Summability structure	P-918:Finite relaxation time	passive inference/diagnostic	bound;local	cross-domain; moderate semantic bridge; donor operator/certificate bonus; same-theory lexical penalty
222	5.083429894683295	IM-311	IM-314	S	M	0.007818634651461263	0.0	0.0	MANY SIGNALS CAN BE INDIVIDUALLY UNDETECTABLE YET COLLECTIVELY DETECTABLE THROUGH A SMALL GLOBAL DISTORTION OF NULL	NONLINEAR STATE DYNAMICS CAN BECOME LINEAR IN A LIFTED OBSERVABLE SPACE	S-174	M-401	S-174:Rare/weak regime	M-401:Deterministic dynamics + observable space	passive inference/diagnostic	certificate/exact	cross-domain; moderate semantic bridge; donor operator/certificate bonus; same-theory lexical penalty
223	5.083419916549777	IM-225	IM-341	M	S	0.030911650893783345	0.0	0.0	DEPENDENT SEQUENTIAL DATA CAN STILL HAVE SHARP DEVIATION GUARANTEES IF SURPRISES AND PREDICTABLE VARIANCE ARE CONTROLLED	WHEN THE THEORETICAL NULL IS CONTAMINATED, THE BULK OF THE DATA CAN BE USED TO RE-ESTIMATE THE NULL BASELINE	M-311; M-313	S-175	M-311:Martingale difference structure | M-313:Martingale variance process	S-175:Many-tests structure	active control/decision	certificate/exact	cross-domain; moderate semantic bridge; donor operator/certificate bonus; same-theory lexical penalty
224	5.083214736676376	IM-196	IM-220	M	P	0.007796235527408052	0.0	0.0	RECOVERY CAN HAVE A SHARP COMPLEXITY–MEASUREMENT GEOMETRY BOUNDARY	INFER AN EQUILIBRIUM STATE DIFFERENCE FROM NONEQUILIBRIUM DRIVEN TRAJECTORIES	M-279; M-280	P-126; P-127	M-279: Sparsity + measurement geometry; M-280: Sparse signal class	P-126: Initial equilibrium; P-127: Microscopic reversibility	passive inference/diagnostic	bound	cross-domain; moderate semantic bridge; donor operator/certificate bonus; same-theory lexical penalty
225	5.083172048036824	IM-311	IM-180	S	M	0.007791790724281245	0.0	0.0	MANY SIGNALS CAN BE INDIVIDUALLY UNDETECTABLE YET COLLECTIVELY DETECTABLE THROUGH A SMALL GLOBAL DISTORTION OF NULL	UNIQUE RECOVERY CAN HAVE A GEOMETRIC/TIME COVERAGE THRESHOLD, NOT JUST NOISE OR SAMPLE-SIZE THRESHOLD	S-174	M-433; M-434	S-174:Rare/weak regime	M-433: PDE/control geometry; M-434: Measurement geometry	passive inference/diagnostic	certificate/exact	cross-domain; moderate semantic bridge; donor operator/certificate bonus; same-theory lexical penalty
226	5.083113851455351	IM-325	IM-359	M	E	0.014473791461967648	0.047619047619047616	0.0	MONOTONE POLICY RESPONSE CAN BE CERTIFIED FROM COMPLEMENTARITY/ORDER STRUCTURE WITHOUT RESOLVING EVERY PARAMETER VALUE	CONTROL THE INFORMATION STRUCTURE RATHER THAN THE STATE TO CHANGE ANOTHER DECISION-MAKER'S ACTION	M-866; M-867; M-869; M-874; M-880	E-401	M-866:Complementary coordinates | M-867:Ordered action × parameter | M-869:Lattice optimization | M-874:Set-valued optimization | M-880:Nondifferentiable/discrete optimization	E-401:Sender commitment to information structure	active control/decision	certificate/exact	cross-domain; moderate semantic bridge; donor operator/certificate bonus; same-theory lexical penalty
227	5.08269204139504	IM-220	IM-097	P	E	0.0651145223414937	0.0	0.0	INFER AN EQUILIBRIUM STATE DIFFERENCE FROM NONEQUILIBRIUM DRIVEN TRAJECTORIES	MORE INPUT/CAPACITY/FEWER CONSTRAINTS CAN MAKE GLOBAL OUTCOME WORSE	P-126; P-127	E-108; E-127; E-206	P-126: Initial equilibrium; P-127: Microscopic reversibility	E-108:Multiple interacting wedges | E-127:Noncooperative routing | E-206:Elastic demand/general equilibrium	passive inference/diagnostic	none-explicit	cross-domain; moderate semantic bridge; donor operator/certificate bonus; same-theory lexical penalty
228	5.082650256776222	IM-280	IM-180	S	M	0.05369352765010796	0.06666666666666667	0.0	UNCERTAINTY WIDTH ITSELF CAN BE A FEEDBACK CONTROL VARIABLE USED TO RESTORE A COVERAGE TARGET	UNIQUE RECOVERY CAN HAVE A GEOMETRIC/TIME COVERAGE THRESHOLD, NOT JUST NOISE OR SAMPLE-SIZE THRESHOLD	S-390	M-433; M-434	S-390:Online feedback	M-433: PDE/control geometry; M-434: Measurement geometry	active control/decision	none-explicit	cross-domain; moderate semantic bridge; donor operator/certificate bonus; same-theory lexical penalty
229	5.082449186316594	IM-191	IM-197	S	P	0.09879128893127695	0.0	0.0	LATENT COMPONENT NAMES MAY BE PURE SYMMETRY; A NAMED HIDDEN CLASS IS NOT AUTOMATICALLY AN IDENTIFIED ENTITY	TRANSITION/DECAY RATE DEPENDS ON AVAILABLE FINAL STATES IN THE ENVIRONMENT, NOT ONLY ON THE SOURCE	S-269; S-270	P-269; P-270	S-269: Structural conditions; S-270: Symmetry	P-269: Structured environment; P-270: Density-of-states engineering	mechanism/structural	none-explicit	cross-domain; moderate semantic bridge; donor operator/certificate bonus; same-theory lexical penalty
230	5.082447314516531	IM-311	IM-178	S	M	0.007716295887662601	0.0	0.0	MANY SIGNALS CAN BE INDIVIDUALLY UNDETECTABLE YET COLLECTIVELY DETECTABLE THROUGH A SMALL GLOBAL DISTORTION OF NULL	STATE IMPORTANCE SHOULD BE MEASURED BY HOW STRONGLY IT CONNECTS PAST INPUT TO FUTURE OUTPUT	S-174	M-423; M-424; M-425; M-426	S-174:Rare/weak regime	M-423: Stable linear system; M-424: Stability + Hankel singular values; M-425: Input-output linear system; M-426: Stable system	passive inference/diagnostic	certificate/exact	cross-domain; moderate semantic bridge; donor operator/certificate bonus; same-theory lexical penalty
231	5.082118701749359	IM-196	IM-260	M	S	0.02214550082493857	0.0	0.0	RECOVERY CAN HAVE A SHARP COMPLEXITY–MEASUREMENT GEOMETRY BOUNDARY	A DECISION RULE CAN SUCCEED WITHOUT IDENTIFYING THE TRUE WORLD IF ITS CUMULATIVE LOSS TRACKS A STRONG COMPARATOR	M-279; M-280	S-222	M-279: Sparsity + measurement geometry; M-280: Sparse signal class	S-222:Comparator class	passive inference/diagnostic	bound	cross-domain; moderate semantic bridge; donor operator/certificate bonus; same-theory lexical penalty
232	5.081759821027025	IM-249	IM-311	M	S	0.007644619920338736	0.0	0.0	REPLACE AN INACCESSIBLE INTERIOR SOURCE BY A BOUNDARY-EQUIVALENT SOURCE THAT PRESERVES EXTERNAL OBSERVABLES	MANY SIGNALS CAN BE INDIVIDUALLY UNDETECTABLE YET COLLECTIVELY DETECTABLE THROUGH A SMALL GLOBAL DISTORTION OF NULL	M-655	S-174	M-655:Potential equivalence	S-174:Rare/weak regime	passive inference/diagnostic	bound	cross-domain; moderate semantic bridge; donor operator/certificate bonus; same-theory lexical penalty
233	5.081586398701102	IM-196	IM-367	M	P	0.01883824983738852	0.0	0.14285714285714285	RECOVERY CAN HAVE A SHARP COMPLEXITY–MEASUREMENT GEOMETRY BOUNDARY	DYNAMICS CAN SLOW BY ORDERS OF MAGNITUDE WITHOUT A CORRESPONDING ORDINARY STATIC ORDERING TRANSITION	M-279; M-280	P-052	M-279: Sparsity + measurement geometry; M-280: Sparse signal class	P-052:Frustration/complex energy landscape	passive inference/diagnostic	bound	cross-domain; moderate semantic bridge; donor operator/certificate bonus; same-theory lexical penalty
234	5.081145167390575	IM-311	IM-268	S	M	0.007580488099187816	0.0	0.0	MANY SIGNALS CAN BE INDIVIDUALLY UNDETECTABLE YET COLLECTIVELY DETECTABLE THROUGH A SMALL GLOBAL DISTORTION OF NULL	REACHING THE TARGET AND SURVIVING THE PATH TO THE TARGET ARE TWO DIFFERENT CONSTRAINTS	S-174	M-350	S-174:Rare/weak regime	M-350:Dynamic state constraints	passive inference/diagnostic	certificate/exact	cross-domain; moderate semantic bridge; donor operator/certificate bonus; same-theory lexical penalty
235	5.0808884877119365	IM-181	IM-350	M	E	0.02203489596236525	0.0	0.0	INTERROGATE AN INACCESSIBLE INTERIOR THROUGH CONTROLLED BOUNDARY INPUTS AND BOUNDARY RESPONSES	AN INFORMED AGENT CAN REVEAL TYPE BY CHOOSING A COSTLY ACTION WHOSE COST DIFFERS ACROSS TYPES	M-431; M-432	E-010; E-115	M-431: PDE boundary access; M-432: Elliptic PDE	E-010:Incentive compatibility | E-115:Single-crossing	active control/decision	bound	cross-domain; moderate semantic bridge; donor operator/certificate bonus; same-theory lexical penalty
236	5.080768802967564	IM-225	IM-051	M	P	0.007541195621929791	0.0	0.0	DEPENDENT SEQUENTIAL DATA CAN STILL HAVE SHARP DEVIATION GUARANTEES IF SURPRISES AND PREDICTABLE VARIANCE ARE CONTROLLED	CONTROL CHANGES FASTER THAN SYSTEM CAN RELAX → PROTOCOL SELECTS FINAL STATE	M-311; M-313	P-918	M-311:Martingale difference structure | M-313:Martingale variance process	P-918:Finite relaxation time	active control/decision	certificate/exact	cross-domain; moderate semantic bridge; donor operator/certificate bonus; same-theory lexical penalty
237	5.080763582842193	IM-189	IM-208	S	M	0.046567182443850816	0.0	0.0	RANDOM-TIME OBSERVATION OVERREPRESENTS LONG-LIVED STATES/EPISODES	A NON-MARKOV OBSERVED PROCESS CAN BECOME MARKOV AFTER ADDING THE RIGHT MEMORY VARIABLE	S-272	M-121; M-122	S-272: Duration-biased sampling	M-121: Markovization; M-122: Duration dependence	passive inference/diagnostic	probabilistic	cross-domain; moderate semantic bridge; donor operator/certificate bonus; same-theory lexical penalty
238	5.080763582842193	IM-208	IM-189	M	S	0.046567182443850816	0.0	0.0	A NON-MARKOV OBSERVED PROCESS CAN BECOME MARKOV AFTER ADDING THE RIGHT MEMORY VARIABLE	RANDOM-TIME OBSERVATION OVERREPRESENTS LONG-LIVED STATES/EPISODES	M-121; M-122	S-272	M-121: Markovization; M-122: Duration dependence	S-272: Duration-biased sampling	passive inference/diagnostic	none-explicit	cross-domain; moderate semantic bridge; donor operator/certificate bonus; same-theory lexical penalty
239	5.079485185353274	IM-196	IM-156	M	E;P	0.007407052273778638	0.0	0.0	RECOVERY CAN HAVE A SHARP COMPLEXITY–MEASUREMENT GEOMETRY BOUNDARY	SYMMETRIC RULES CAN PRODUCE AN ASYMMETRIC REALIZED STATE; TINY COORDINATION SIGNALS CAN SELECT WHICH ONE	M-279; M-280	P-014; E-155; E-156	M-279: Sparsity + measurement geometry; M-280: Sparse signal class	P-014:Degeneracy/instability | E-155:Multiple equilibria | E-156:Expectations coordination	passive inference/diagnostic	bound	cross-domain; moderate semantic bridge; donor operator/certificate bonus; same-theory lexical penalty
240	5.0793720638840005	IM-325	IM-343	M	S	0.011119313213829194	0.0	0.045454545454545456	MONOTONE POLICY RESPONSE CAN BE CERTIFIED FROM COMPLEMENTARITY/ORDER STRUCTURE WITHOUT RESOLVING EVERY PARAMETER VALUE	A VARIABLE KNOWN NOT TO LIE ON THE TARGET CAUSAL PATH CAN STILL BE USED TO EXPOSE OR BRIDGE HIDDEN CONFOUNDING	M-866; M-867; M-869; M-874; M-880	S-349; S-350; S-351; S-352	M-866:Complementary coordinates | M-867:Ordered action × parameter | M-869:Lattice optimization | M-874:Set-valued optimization | M-880:Nondifferentiable/discrete optimization	S-349:Known causal null | S-350:Known causal null | S-351:Completeness/proxy conditions | S-352:Integral-equation identification	active control/decision	certificate/exact	cross-domain; moderate semantic bridge; donor operator/certificate bonus; same-theory lexical penalty
241	5.07918661820822	IM-249	IM-236	M	S	0.0073758210874560965	0.0	0.0	REPLACE AN INACCESSIBLE INTERIOR SOURCE BY A BOUNDARY-EQUIVALENT SOURCE THAT PRESERVES EXTERNAL OBSERVABLES	ITERATIVE SELF-FEEDBACK CREATES CORRELATED RESIDUALS; ADD A CORRECTION THAT CANCELS MEMORY OF PREVIOUS ITERATION	M-655	S-911; S-912	M-655:Potential equivalence	S-911:Random high-dimensional design | S-912:AMP	passive inference/diagnostic	bound	cross-domain; moderate semantic bridge; donor operator/certificate bonus; same-theory lexical penalty
242	5.079105659657372	IM-225	IM-286	M	P	0.007367350599833648	0.0	0.0	DEPENDENT SEQUENTIAL DATA CAN STILL HAVE SHARP DEVIATION GUARANTEES IF SURPRISES AND PREDICTABLE VARIANCE ARE CONTROLLED	A LOCAL DEFECT CAN CREATE AN ALLOWED LOCALIZED STATE INSIDE A BULK-FORBIDDEN REGIME	M-311; M-313	P-556	M-311:Martingale difference structure | M-313:Martingale variance process	P-556:Periodic structure + defect	active control/decision	certificate/exact	cross-domain; moderate semantic bridge; donor operator/certificate bonus; same-theory lexical penalty
243	5.078742530011117	IM-254	IM-334	M	S	0.05756914520438483	0.0	0.0	THE SAME OBJECT CAN HAVE TWO DUAL COORDINATE SYSTEMS IN WHICH DIFFERENT OPERATIONS BECOME SIMPLE	AN ACTION CAN HAVE TWO VALUES AT ONCE: CURRENT PAYOFF AND INFORMATION ABOUT FUTURE PAYOFFS	M-273	S-042; S-043; S-044	M-273:Information geometry	S-042:Reward feedback | S-043:Bayesian model | S-044:Concentration assumptions	mechanism/structural	certificate/exact	cross-domain; moderate semantic bridge; donor operator/certificate bonus; same-theory lexical penalty
244	5.078742530011117	IM-334	IM-254	S	M	0.05756914520438483	0.0	0.0	AN ACTION CAN HAVE TWO VALUES AT ONCE: CURRENT PAYOFF AND INFORMATION ABOUT FUTURE PAYOFFS	THE SAME OBJECT CAN HAVE TWO DUAL COORDINATE SYSTEMS IN WHICH DIFFERENT OPERATIONS BECOME SIMPLE	S-042; S-043; S-044	M-273	S-042:Reward feedback | S-043:Bayesian model | S-044:Concentration assumptions	M-273:Information geometry	active control/decision	none-explicit	cross-domain; moderate semantic bridge; donor operator/certificate bonus; same-theory lexical penalty
245	5.07804222313112	IM-311	IM-223	S	M	0.007256009152390313	0.0	0.0	MANY SIGNALS CAN BE INDIVIDUALLY UNDETECTABLE YET COLLECTIVELY DETECTABLE THROUGH A SMALL GLOBAL DISTORTION OF NULL	ENFORCE A HARD STATE CONSTRAINT WITH MINIMUM NECESSARY CORRECTION AND TRACK THAT CORRECTION SEPARATELY	S-174	M-329	S-174:Rare/weak regime	M-329:Hard state constraint	passive inference/diagnostic	certificate/exact	cross-domain; moderate semantic bridge; donor operator/certificate bonus; same-theory lexical penalty
246	5.077940879096015	IM-325	IM-219	M	P	0.007245391006187619	0.0	0.0	MONOTONE POLICY RESPONSE CAN BE CERTIFIED FROM COMPLEMENTARITY/ORDER STRUCTURE WITHOUT RESOLVING EVERY PARAMETER VALUE	A SYSTEM’S ARROW OF TIME CAN BE VISIBLE IN FORWARD/REVERSE PATH PROBABILITIES EVEN WHEN MACRO STATE IS STATIONARY	M-866; M-867; M-869; M-874; M-880	P-121; P-124; P-125	M-866:Complementary coordinates | M-867:Ordered action × parameter | M-869:Lattice optimization | M-874:Set-valued optimization | M-880:Nondifferentiable/discrete optimization	P-121: Nonequilibrium drive; P-124: Stochastic thermodynamics; P-125: Nonequilibrium path probabilities	active control/decision	certificate/exact	cross-domain; moderate semantic bridge; donor operator/certificate bonus; same-theory lexical penalty
247	5.077489912880126	IM-325	IM-066	M	S	0.007198126026930534	0.0	0.0	MONOTONE POLICY RESPONSE CAN BE CERTIFIED FROM COMPLEMENTARITY/ORDER STRUCTURE WITHOUT RESOLVING EVERY PARAMETER VALUE	SAME OBSERVED DATA + DIFFERENT DATA-GENERATING DESIGN → DIFFERENT VALID INFERENCE	M-866; M-867; M-869; M-874; M-880	S-750; S-754; S-760	M-866:Complementary coordinates | M-867:Ordered action × parameter | M-869:Lattice optimization | M-874:Set-valued optimization | M-880:Nondifferentiable/discrete optimization	S-750:Design-aware inference | S-754:Known assignment mechanism | S-760:Experimental design	active control/decision	certificate/exact	cross-domain; moderate semantic bridge; donor operator/certificate bonus; same-theory lexical penalty
248	5.077415713384136	IM-206	IM-331	M	S	0.021722067812447884	0.0	0.0	INFER LONG-TIME BEHAVIOR FROM TRANSFORM BEHAVIOR NEAR A BOUNDARY/LOW FREQUENCY	AN EXOGENOUS VARIATION CHANNEL CAN IDENTIFY A CAUSAL EFFECT EVEN WHEN ORDINARY ASSOCIATION IS CONFOUNDED	M-125; M-126	S-027	M-125: Regularity assumptions; M-126: Summability structure	S-027:Exclusion/relevance assumptions	passive inference/diagnostic	bound;local	cross-domain; moderate semantic bridge; donor operator/certificate bonus; same-theory lexical penalty
249	5.0771163273851565	IM-196	IM-189	M	S	0.0071589516548488785	0.0	0.0	RECOVERY CAN HAVE A SHARP COMPLEXITY–MEASUREMENT GEOMETRY BOUNDARY	RANDOM-TIME OBSERVATION OVERREPRESENTS LONG-LIVED STATES/EPISODES	M-279; M-280	S-272	M-279: Sparsity + measurement geometry; M-280: Sparse signal class	S-272: Duration-biased sampling	passive inference/diagnostic	bound	cross-domain; moderate semantic bridge; donor operator/certificate bonus; same-theory lexical penalty
250	5.076484203444245	IM-227	IM-219	M	P	0.05242422847329575	0.058823529411764705	0.0	ORDINARY CLOCK TIME AND ACCUMULATED CONTACT/VISIT TIME AT A BOUNDARY ARE DIFFERENT STATE VARIABLES	A SYSTEM’S ARROW OF TIME CAN BE VISIBLE IN FORWARD/REVERSE PATH PROBABILITIES EVEN WHEN MACRO STATE IS STATIONARY	M-317	P-121; P-124; P-125	M-317:Continuous semimartingale	P-121: Nonequilibrium drive; P-124: Stochastic thermodynamics; P-125: Nonequilibrium path probabilities	mechanism/structural	bound	cross-domain; moderate semantic bridge; donor operator/certificate bonus; same-theory lexical penalty
251	5.075483992095545	IM-225	IM-088	M	P	0.006987575850917178	0.0	0.0	DEPENDENT SEQUENTIAL DATA CAN STILL HAVE SHARP DEVIATION GUARANTEES IF SURPRISES AND PREDICTABLE VARIANCE ARE CONTROLLED	BOUNDARY IS NOT FIXED; STATE INCLUDES WHERE BOUNDARY IS	M-311; M-313	P-355	M-311:Martingale difference structure | M-313:Martingale variance process	P-355:Moving phase boundary	active control/decision	certificate/exact	cross-domain; moderate semantic bridge; donor operator/certificate bonus; same-theory lexical penalty
252	5.074217898402219	IM-311	IM-078	S	P	0.006854416658002198	0.0	0.0	MANY SIGNALS CAN BE INDIVIDUALLY UNDETECTABLE YET COLLECTIVELY DETECTABLE THROUGH A SMALL GLOBAL DISTORTION OF NULL	STATE DETERIORATES → NEW CONSTRAINTS ACTIVATE → FREEDOM FALLS → FURTHER DETERIORATION	S-174	P-680; P-880	S-174:Rare/weak regime	P-680:Dense particulate system | P-880:Coupled degradation	passive inference/diagnostic	certificate/exact	cross-domain; moderate semantic bridge; donor operator/certificate bonus; same-theory lexical penalty
253	5.074206002301663	IM-325	IM-277	M	P	0.013932601682205874	0.05	0.0	MONOTONE POLICY RESPONSE CAN BE CERTIFIED FROM COMPLEMENTARITY/ORDER STRUCTURE WITHOUT RESOLVING EVERY PARAMETER VALUE	THE SAME INPUT CAN PRODUCE AN IMMEDIATE RESPONSE AND A SLOWER INTERNAL-STATE RESPONSE ON DIFFERENT CLOCKS	M-866; M-867; M-869; M-874; M-880	P-529; P-530	M-866:Complementary coordinates | M-867:Ordered action × parameter | M-869:Lattice optimization | M-874:Set-valued optimization | M-880:Nondifferentiable/discrete optimization	P-529:Rate dependence | P-530:Internal interface state	active control/decision	certificate/exact	cross-domain; moderate semantic bridge; donor operator/certificate bonus; same-theory lexical penalty
254	5.074161384664153	IM-377	IM-180	P	M	0.05893753805793635	0.06666666666666667	0.1	AN INTERMEDIATE AMOUNT OF NOISE CAN IMPROVE DETECTION OR REGULARITY WHEN ZERO AND LARGE NOISE BOTH PERFORM WORSE	UNIQUE RECOVERY CAN HAVE A GEOMETRIC/TIME COVERAGE THRESHOLD, NOT JUST NOISE OR SAMPLE-SIZE THRESHOLD	P-065; P-066; P-376; P-377	M-433; M-434	P-065:Threshold/nonlinear system | P-066:Excitable dynamics | P-376:Noise + bistability | P-377:Excitable system	M-433: PDE/control geometry; M-434: Measurement geometry	passive inference/diagnostic	none-explicit	cross-domain; moderate semantic bridge; donor operator/certificate bonus; same-theory lexical penalty
255	5.074126056393025	IM-123	IM-199	S	M	0.0753382137765948	0.0	0.0	GUARANTEE RELATIVE TO DATA-GENERATING SYMMETRY; WHEN SYMMETRY BREAKS GUARANTEE MAY NOT TRAVEL	SYMMETRIC DEPENDENCE CAN SOMETIMES BE REPRESENTED AS A MIXTURE OF SIMPLER CONDITIONALLY INDEPENDENT WORLDS	S-090; S-148; S-998	M-474; M-475	S-090:Exchangeability | S-148:Exchangeability under null | S-998:Distribution shift	M-474: Permutation symmetry; M-475: Infinite exchangeability	mechanism/structural	certificate/exact	cross-domain; moderate semantic bridge; donor operator/certificate bonus; same-theory lexical penalty
256	5.072815864282539	IM-196	IM-138	M	P	0.006706719882680131	0.0	0.0	RECOVERY CAN HAVE A SHARP COMPLEXITY–MEASUREMENT GEOMETRY BOUNDARY	A BOTTLENECK CAN BECOME DYNAMICALLY UNSTABLE AND SPLIT INTO A NEW TRANSPORT ARCHITECTURE	M-279; M-280	P-510; P-511	M-279: Sparsity + measurement geometry; M-280: Sparse signal class	P-510:Laminar resistive MHD | P-511:High Lundquist number	passive inference/diagnostic	bound	cross-domain; moderate semantic bridge; donor operator/certificate bonus; same-theory lexical penalty
257	5.0726412991532674	IM-249	IM-286	M	P	0.006688312638683832	0.0	0.0	REPLACE AN INACCESSIBLE INTERIOR SOURCE BY A BOUNDARY-EQUIVALENT SOURCE THAT PRESERVES EXTERNAL OBSERVABLES	A LOCAL DEFECT CAN CREATE AN ALLOWED LOCALIZED STATE INSIDE A BULK-FORBIDDEN REGIME	M-655	P-556	M-655:Potential equivalence	P-556:Periodic structure + defect	passive inference/diagnostic	bound	cross-domain; moderate semantic bridge; donor operator/certificate bonus; same-theory lexical penalty
258	5.072610391135893	IM-206	IM-286	M	P	0.006685053092839275	0.0	0.0	INFER LONG-TIME BEHAVIOR FROM TRANSFORM BEHAVIOR NEAR A BOUNDARY/LOW FREQUENCY	A LOCAL DEFECT CAN CREATE AN ALLOWED LOCALIZED STATE INSIDE A BULK-FORBIDDEN REGIME	M-125; M-126	P-556	M-125: Regularity assumptions; M-126: Summability structure	P-556:Periodic structure + defect	passive inference/diagnostic	bound;local	cross-domain; moderate semantic bridge; donor operator/certificate bonus; same-theory lexical penalty
259	5.0722092542426775	IM-206	IM-367	M	P	0.006642738167669717	0.0	0.0	INFER LONG-TIME BEHAVIOR FROM TRANSFORM BEHAVIOR NEAR A BOUNDARY/LOW FREQUENCY	DYNAMICS CAN SLOW BY ORDERS OF MAGNITUDE WITHOUT A CORRESPONDING ORDINARY STATIC ORDERING TRANSITION	M-125; M-126	P-052	M-125: Regularity assumptions; M-126: Summability structure	P-052:Frustration/complex energy landscape	passive inference/diagnostic	bound;local	cross-domain; moderate semantic bridge; donor operator/certificate bonus; same-theory lexical penalty
260	5.0721915505798485	IM-196	IM-137	M	P	0.006640870172942928	0.0	0.0	RECOVERY CAN HAVE A SHARP COMPLEXITY–MEASUREMENT GEOMETRY BOUNDARY	A FORBIDDEN TOPOLOGY CHANGE CAN BECOME ALLOWED IN A SPECIAL LAYER AND RELEASE STORED POTENTIAL	M-279; M-280	P-508; P-520	M-279: Sparsity + measurement geometry; M-280: Sparse signal class	P-508:Nonideal plasma layer | P-520:Ideal MHD	passive inference/diagnostic	bound	cross-domain; moderate semantic bridge; donor operator/certificate bonus; same-theory lexical penalty
261	5.072163475994768	IM-196	IM-383	M	P	0.006637907811410062	0.0	0.0	RECOVERY CAN HAVE A SHARP COMPLEXITY–MEASUREMENT GEOMETRY BOUNDARY	A SYSTEM CAN ENTER A LESS-STABLE INTERMEDIATE FIRST BECAUSE ITS ACCESS BARRIER IS LOWER THAN THE DIRECT PATH TO THE GLOBAL BEST STATE	M-279; M-280	P-357	M-279: Sparsity + measurement geometry; M-280: Sparse signal class	P-357:Competing kinetic barriers	passive inference/diagnostic	bound	cross-domain; moderate semantic bridge; donor operator/certificate bonus; same-theory lexical penalty
262	5.07104516075545	IM-249	IM-220	M	P	0.006519822807124957	0.0	0.0	REPLACE AN INACCESSIBLE INTERIOR SOURCE BY A BOUNDARY-EQUIVALENT SOURCE THAT PRESERVES EXTERNAL OBSERVABLES	INFER AN EQUILIBRIUM STATE DIFFERENCE FROM NONEQUILIBRIUM DRIVEN TRAJECTORIES	M-655	P-126; P-127	M-655:Potential equivalence	P-126: Initial equilibrium; P-127: Microscopic reversibility	passive inference/diagnostic	bound	cross-domain; moderate semantic bridge; donor operator/certificate bonus; same-theory lexical penalty
263	5.070951649522634	IM-181	IM-343	M	S	0.006509941421986382	0.0	0.0	INTERROGATE AN INACCESSIBLE INTERIOR THROUGH CONTROLLED BOUNDARY INPUTS AND BOUNDARY RESPONSES	A VARIABLE KNOWN NOT TO LIE ON THE TARGET CAUSAL PATH CAN STILL BE USED TO EXPOSE OR BRIDGE HIDDEN CONFOUNDING	M-431; M-432	S-349; S-350; S-351; S-352	M-431: PDE boundary access; M-432: Elliptic PDE	S-349:Known causal null | S-350:Known causal null | S-351:Completeness/proxy conditions | S-352:Integral-equation identification	active control/decision	bound	cross-domain; moderate semantic bridge; donor operator/certificate bonus; same-theory lexical penalty
264	5.070834461550453	IM-206	IM-190	M	S	0.006497556496165826	0.0	0.0	INFER LONG-TIME BEHAVIOR FROM TRANSFORM BEHAVIOR NEAR A BOUNDARY/LOW FREQUENCY	WHEN YOU CHOOSE TO LOOK CAN ITSELF REVEAL INFORMATION ABOUT THE HIDDEN STATE	M-125; M-126	S-874; S-875	M-125: Regularity assumptions; M-126: Summability structure	S-874: Irregular follow-up; S-875: Inspection process	passive inference/diagnostic	bound;local	cross-domain; moderate semantic bridge; donor operator/certificate bonus; same-theory lexical penalty
265	5.0708198150425075	IM-206	IM-348	M	S	0.0064960084649569975	0.0	0.0	INFER LONG-TIME BEHAVIOR FROM TRANSFORM BEHAVIOR NEAR A BOUNDARY/LOW FREQUENCY	A COUNTERFACTUAL TRAJECTORY CAN BE CONSTRUCTED AS A WEIGHTED MIXTURE OF MANY IMPERFECT DONOR UNITS	M-125; M-126	S-066	M-125: Regularity assumptions; M-126: Summability structure	S-066:Pre-treatment comparability	passive inference/diagnostic	bound;local	cross-domain; moderate semantic bridge; donor operator/certificate bonus; same-theory lexical penalty
266	5.070537494440022	IM-311	IM-305	S	P	0.006466163736733613	0.0	0.0	MANY SIGNALS CAN BE INDIVIDUALLY UNDETECTABLE YET COLLECTIVELY DETECTABLE THROUGH A SMALL GLOBAL DISTORTION OF NULL	COST OF MAINTAINING A NONEQUILIBRIUM STATE AND COST OF MOVING BETWEEN STATES ARE DIFFERENT ACCOUNTS	S-174	P-128; P-129	S-174:Rare/weak regime	P-128:NESS transitions | P-129:Driven steady state	passive inference/diagnostic	certificate/exact	cross-domain; moderate semantic bridge; donor operator/certificate bonus; same-theory lexical penalty
267	5.070264714504443	IM-249	IM-303	M	P	0.006437317707826295	0.0	0.0	REPLACE AN INACCESSIBLE INTERIOR SOURCE BY A BOUNDARY-EQUIVALENT SOURCE THAT PRESERVES EXTERNAL OBSERVABLES	A MACRO TRANSPORT COEFFICIENT CAN BE RECOVERED FROM TIME-INTEGRATED MEMORY OF MICROSCOPIC SPONTANEOUS CURRENTS	M-655	P-104	M-655:Potential equivalence	P-104:Equilibrium statistical mechanics	passive inference/diagnostic	bound	cross-domain; moderate semantic bridge; donor operator/certificate bonus; same-theory lexical penalty
268	5.0698519581204335	IM-311	IM-174	S	M	0.006393650941107004	0.0	0.0	MANY SIGNALS CAN BE INDIVIDUALLY UNDETECTABLE YET COLLECTIVELY DETECTABLE THROUGH A SMALL GLOBAL DISTORTION OF NULL	TURN ABSTRACT DISTRIBUTIONAL DIFFERENCE INTO MINIMUM PROBABILITY THAT OPTIMALLY COUPLED REALIZATIONS DISAGREE	S-174	M-378; M-379	S-174:Rare/weak regime	M-378: Probability measures; M-379: Common measurable space	passive inference/diagnostic	certificate/exact	cross-domain; moderate semantic bridge; donor operator/certificate bonus; same-theory lexical penalty
269	5.069155300032606	IM-249	IM-357	M	E	0.006319898829892649	0.0	0.0	REPLACE AN INACCESSIBLE INTERIOR SOURCE BY A BOUNDARY-EQUIVALENT SOURCE THAT PRESERVES EXTERNAL OBSERVABLES	PUBLIC ACTIONS CAN ACCUMULATE UNTIL A NEW AGENT RATIONALLY IGNORES ITS OWN PRIVATE SIGNAL	M-655	E-099	M-655:Potential equivalence	E-099:Sequential social learning	passive inference/diagnostic	bound	cross-domain; moderate semantic bridge; donor operator/certificate bonus; same-theory lexical penalty
270	5.06915485202839	IM-325	IM-282	M	E	0.006319851381227322	0.0	0.0	MONOTONE POLICY RESPONSE CAN BE CERTIFIED FROM COMPLEMENTARITY/ORDER STRUCTURE WITHOUT RESOLVING EVERY PARAMETER VALUE	NOMINAL COMMITMENTS CAN EXCEED PHYSICAL CAPACITY WHEN ONLY A RANDOM SUBSET MATERIALIZES — AT COST OF OVERFLOW RISK	M-866; M-867; M-869; M-874; M-880	E-465; E-466	M-866:Complementary coordinates | M-867:Ordered action × parameter | M-869:Lattice optimization | M-874:Set-valued optimization | M-880:Nondifferentiable/discrete optimization	E-465:No-show uncertainty | E-466:Random show-up	active control/decision	certificate/exact	cross-domain; moderate semantic bridge; donor operator/certificate bonus; same-theory lexical penalty
271	5.069119405938351	IM-311	IM-253	S	M	0.0063160971598528	0.0	0.0	MANY SIGNALS CAN BE INDIVIDUALLY UNDETECTABLE YET COLLECTIVELY DETECTABLE THROUGH A SMALL GLOBAL DISTORTION OF NULL	PROJECT ONTO A CONSTRAINT FAMILY SO TOTAL MISMATCH SPLITS INTO EXPLAINED ADJUSTMENT + RESIDUAL MISMATCH	S-174	M-271; M-274	S-174:Rare/weak regime	M-271:Divergence geometry | M-274:Appropriate divergence/manifold	passive inference/diagnostic	certificate/exact	cross-domain; moderate semantic bridge; donor operator/certificate bonus; same-theory lexical penalty
272	5.069058803450037	IM-265	IM-273	M	S	0.0835279312495549	0.0	0.3333333333333333	WHEN THE PROCESS ITSELF IS UNCONTROLLABLE, TIMING OF EXIT CAN STILL BE THE CONTROL VARIABLE	WHEN EVIDENCE REVERSES, RESET OLD EVIDENCE DEBT SO A NEW EPISODE IS NOT MASKED BY THE PAST	M-341; M-343	S-336	M-341:Stochastic process + stopping rule | M-343:Markov optimal stopping	S-336:Persistent one-sided shifts	active control/decision	none-explicit	cross-domain; moderate semantic bridge; donor operator/certificate bonus; same-theory lexical penalty
273	5.068899352293202	IM-325	IM-211	M	S	0.006292786811686973	0.0	0.0	MONOTONE POLICY RESPONSE CAN BE CERTIFIED FROM COMPLEMENTARITY/ORDER STRUCTURE WITHOUT RESOLVING EVERY PARAMETER VALUE	DON'T COMMIT TO ONE DYNAMICAL MODEL TOO EARLY; CARRY A MODEL BANK AND UPDATE MODEL PROBABILITIES	M-866; M-867; M-869; M-874; M-880	S-110	M-866:Complementary coordinates | M-867:Ordered action × parameter | M-869:Lattice optimization | M-874:Set-valued optimization | M-880:Nondifferentiable/discrete optimization	S-110: Finite model bank	active control/decision	certificate/exact	cross-domain; moderate semantic bridge; donor operator/certificate bonus; same-theory lexical penalty
274	5.068781593093605	IM-196	IM-270	M	S	0.03848054365856675	0.07692307692307693	0.0	RECOVERY CAN HAVE A SHARP COMPLEXITY–MEASUREMENT GEOMETRY BOUNDARY	LATENT SCORES ARE NOT COMPARABLE ACROSS GROUPS/TIME IF THE MEASUREMENT MAP ITSELF CHANGES	M-279; M-280	S-330; S-331	M-279: Sparsity + measurement geometry; M-280: Sparse signal class	S-330:Measurement fairness/invariance | S-331:Multi-group latent model	passive inference/diagnostic	bound	cross-domain; moderate semantic bridge; donor operator/certificate bonus; same-theory lexical penalty
275	5.068480753917733	IM-196	IM-212	M	S	0.006248427026046033	0.0	0.0	RECOVERY CAN HAVE A SHARP COMPLEXITY–MEASUREMENT GEOMETRY BOUNDARY	SUBTRACT THE PREDICTABLE PART OF AN OBSERVATION STREAM TO ISOLATE NEW INFORMATION	M-279; M-280	S-105; S-120	M-279: Sparsity + measurement geometry; M-280: Sparse signal class	S-105: Correct conditional model; S-120: Predictable intensity	passive inference/diagnostic	bound	cross-domain; moderate semantic bridge; donor operator/certificate bonus; same-theory lexical penalty
276	5.068246730385318	IM-181	IM-051	M	P	0.006223617011189716	0.0	0.0	INTERROGATE AN INACCESSIBLE INTERIOR THROUGH CONTROLLED BOUNDARY INPUTS AND BOUNDARY RESPONSES	CONTROL CHANGES FASTER THAN SYSTEM CAN RELAX → PROTOCOL SELECTS FINAL STATE	M-431; M-432	P-918	M-431: PDE boundary access; M-432: Elliptic PDE	P-918:Finite relaxation time	active control/decision	bound	cross-domain; moderate semantic bridge; donor operator/certificate bonus; same-theory lexical penalty
277	5.067924707230682	IM-249	IM-306	M	P	0.00618946593935524	0.0	0.0	REPLACE AN INACCESSIBLE INTERIOR SOURCE BY A BOUNDARY-EQUIVALENT SOURCE THAT PRESERVES EXTERNAL OBSERVABLES	CLOSER IN ONE OBSERVED SCALAR DOES NOT IMPLY FASTER RELAXATION WHEN HIDDEN MODES HAVE DIFFERENT WEIGHTS	M-655	P-137; P-138	M-655:Potential equivalence	P-137:Multiple relaxation modes | P-138:Hidden relaxation modes	passive inference/diagnostic	bound	cross-domain; moderate semantic bridge; donor operator/certificate bonus; same-theory lexical penalty
278	5.067473779285557	IM-325	IM-291	M	S	0.006141621360554787	0.0	0.0	MONOTONE POLICY RESPONSE CAN BE CERTIFIED FROM COMPLEMENTARITY/ORDER STRUCTURE WITHOUT RESOLVING EVERY PARAMETER VALUE	IN SEQUENTIAL DISCOVERY, FUTURE TESTING BUDGET CAN BE A STOCHASTIC STATE CREATED OR DEPLETED BY EARLIER RESULTS	M-866; M-867; M-869; M-874; M-880	S-391; S-392	M-866:Complementary coordinates | M-867:Ordered action × parameter | M-869:Lattice optimization | M-874:Set-valued optimization | M-880:Nondifferentiable/discrete optimization	S-391:Sequential multiple testing | S-392:Online error control	active control/decision	certificate/exact	cross-domain; moderate semantic bridge; donor operator/certificate bonus; same-theory lexical penalty
279	5.06722628845428	IM-225	IM-296	M	E	0.02955156913094804	0.07142857142857142	0.0	DEPENDENT SEQUENTIAL DATA CAN STILL HAVE SHARP DEVIATION GUARANTEES IF SURPRISES AND PREDICTABLE VARIANCE ARE CONTROLLED	TRANSFER/CLIP THE DOWNSIDE AND AN AGENT MAY RATIONALLY SEEK MORE VARIANCE	M-311; M-313	E-710	M-311:Martingale difference structure | M-313:Martingale variance process	E-710:Limited liability	active control/decision	certificate/exact	cross-domain; moderate semantic bridge; donor operator/certificate bonus; same-theory lexical penalty
280	5.066940639791939	IM-311	IM-306	S	P	0.006085019331056626	0.0	0.0	MANY SIGNALS CAN BE INDIVIDUALLY UNDETECTABLE YET COLLECTIVELY DETECTABLE THROUGH A SMALL GLOBAL DISTORTION OF NULL	CLOSER IN ONE OBSERVED SCALAR DOES NOT IMPLY FASTER RELAXATION WHEN HIDDEN MODES HAVE DIFFERENT WEIGHTS	S-174	P-137; P-138	S-174:Rare/weak regime	P-137:Multiple relaxation modes | P-138:Hidden relaxation modes	passive inference/diagnostic	certificate/exact	cross-domain; moderate semantic bridge; donor operator/certificate bonus; same-theory lexical penalty
281	5.066391372207993	IM-225	IM-282	M	E	0.006026665735670563	0.0	0.0	DEPENDENT SEQUENTIAL DATA CAN STILL HAVE SHARP DEVIATION GUARANTEES IF SURPRISES AND PREDICTABLE VARIANCE ARE CONTROLLED	NOMINAL COMMITMENTS CAN EXCEED PHYSICAL CAPACITY WHEN ONLY A RANDOM SUBSET MATERIALIZES — AT COST OF OVERFLOW RISK	M-311; M-313	E-465; E-466	M-311:Martingale difference structure | M-313:Martingale variance process	E-465:No-show uncertainty | E-466:Random show-up	active control/decision	certificate/exact	cross-domain; moderate semantic bridge; donor operator/certificate bonus; same-theory lexical penalty
282	5.064995151748903	IM-225	IM-376	M	P	0.005878152690136195	0.0	0.0	DEPENDENT SEQUENTIAL DATA CAN STILL HAVE SHARP DEVIATION GUARANTEES IF SURPRISES AND PREDICTABLE VARIANCE ARE CONTROLLED	LOCALLY STABLE REACTION DYNAMICS CAN BECOME SPATIALLY UNSTABLE SOLELY BECAUSE COMPONENTS DIFFUSE AT DIFFERENT RATES	M-311; M-313	P-090	M-311:Martingale difference structure | M-313:Martingale variance process	P-090:Reaction-diffusion coupling	active control/decision	certificate/exact	cross-domain; moderate semantic bridge; donor operator/certificate bonus; same-theory lexical penalty
283	5.064911950988966	IM-249	IM-138	M	P	0.005869294617049527	0.0	0.0	REPLACE AN INACCESSIBLE INTERIOR SOURCE BY A BOUNDARY-EQUIVALENT SOURCE THAT PRESERVES EXTERNAL OBSERVABLES	A BOTTLENECK CAN BECOME DYNAMICALLY UNSTABLE AND SPLIT INTO A NEW TRANSPORT ARCHITECTURE	M-655	P-510; P-511	M-655:Potential equivalence	P-510:Laminar resistive MHD | P-511:High Lundquist number	passive inference/diagnostic	bound	cross-domain; moderate semantic bridge; donor operator/certificate bonus; same-theory lexical penalty
284	5.064894789924543	IM-249	IM-277	M	P	0.00586746742811783	0.0	0.0	REPLACE AN INACCESSIBLE INTERIOR SOURCE BY A BOUNDARY-EQUIVALENT SOURCE THAT PRESERVES EXTERNAL OBSERVABLES	THE SAME INPUT CAN PRODUCE AN IMMEDIATE RESPONSE AND A SLOWER INTERNAL-STATE RESPONSE ON DIFFERENT CLOCKS	M-655	P-529; P-530	M-655:Potential equivalence	P-529:Rate dependence | P-530:Internal interface state	passive inference/diagnostic	bound	cross-domain; moderate semantic bridge; donor operator/certificate bonus; same-theory lexical penalty
285	5.064226511068352	IM-325	IM-305	M	P	0.005796283273896646	0.0	0.0	MONOTONE POLICY RESPONSE CAN BE CERTIFIED FROM COMPLEMENTARITY/ORDER STRUCTURE WITHOUT RESOLVING EVERY PARAMETER VALUE	COST OF MAINTAINING A NONEQUILIBRIUM STATE AND COST OF MOVING BETWEEN STATES ARE DIFFERENT ACCOUNTS	M-866; M-867; M-869; M-874; M-880	P-128; P-129	M-866:Complementary coordinates | M-867:Ordered action × parameter | M-869:Lattice optimization | M-874:Set-valued optimization | M-880:Nondifferentiable/discrete optimization	P-128:NESS transitions | P-129:Driven steady state	active control/decision	certificate/exact	cross-domain; moderate semantic bridge; donor operator/certificate bonus; same-theory lexical penalty
286	5.0642197126854445	IM-249	IM-164	M	P	0.005795558813120301	0.0	0.0	REPLACE AN INACCESSIBLE INTERIOR SOURCE BY A BOUNDARY-EQUIVALENT SOURCE THAT PRESERVES EXTERNAL OBSERVABLES	COARSE-GRAINING CAN CREATE A VALID EFFECTIVE LAW ONLY AFTER HIDDEN FAST VARIABLES HAVE RELAXED/MIXED	M-655	P-108; P-111; P-030	M-655:Potential equivalence	P-108: Time-scale separation; P-111: Fast periodic/ergodic motion; P-030: Scale separation/controlled approximation	passive inference/diagnostic	bound	cross-domain; moderate semantic bridge; donor operator/certificate bonus; same-theory lexical penalty
287	5.064186320591514	IM-206	IM-300	M	S	0.02052206094149392	0.0	0.0	INFER LONG-TIME BEHAVIOR FROM TRANSFORM BEHAVIOR NEAR A BOUNDARY/LOW FREQUENCY	AN INTERVENTION CAN CREATE THE CONFOUNDER THAT LATER PREVENTS CLEAN DECOMPOSITION OF ITS OWN EFFECT	M-125; M-126	S-648; S-725	M-125: Regularity assumptions; M-126: Summability structure	S-648:Time-varying causal structure | S-725:Longitudinal causal feedback	passive inference/diagnostic	bound;local	cross-domain; moderate semantic bridge; donor operator/certificate bonus; same-theory lexical penalty
288	5.064104997754237	IM-311	IM-252	S	M	0.02051464290743254	0.0	0.0	MANY SIGNALS CAN BE INDIVIDUALLY UNDETECTABLE YET COLLECTIVELY DETECTABLE THROUGH A SMALL GLOBAL DISTORTION OF NULL	GREEDY LOCAL CHOICE CAN BE GLOBALLY EXACT — BUT ONLY UNDER AN EXCHANGE-INDEPENDENCE GEOMETRY	S-174	M-052	S-174:Rare/weak regime	M-052:Matroid structure	passive inference/diagnostic	certificate/exact	cross-domain; moderate semantic bridge; donor operator/certificate bonus; same-theory lexical penalty
289	5.06344134652684	IM-053	IM-164	M	P	0.10412604938701445	0.058823529411764705	0.0	FORBIDDEN/UNAVAILABLE COARSE STATE CAN BE REALIZED BY FAST OR RANDOM MICRO-MIXTURE	COARSE-GRAINING CAN CREATE A VALID EFFECTIVE LAW ONLY AFTER HIDDEN FAST VARIABLES HAVE RELAXED/MIXED	M-834; M-838	P-108; P-111; P-030	M-834:Fine-scale mixtures | M-838:Scale separation	P-108: Time-scale separation; P-111: Fast periodic/ergodic motion; P-030: Scale separation/controlled approximation	mechanism/structural	probabilistic	cross-domain; moderate semantic bridge; donor operator/certificate bonus; same-theory lexical penalty
290	5.063432806692383	IM-225	IM-303	M	P	0.005711661443879443	0.0	0.0	DEPENDENT SEQUENTIAL DATA CAN STILL HAVE SHARP DEVIATION GUARANTEES IF SURPRISES AND PREDICTABLE VARIANCE ARE CONTROLLED	A MACRO TRANSPORT COEFFICIENT CAN BE RECOVERED FROM TIME-INTEGRATED MEMORY OF MICROSCOPIC SPONTANEOUS CURRENTS	M-311; M-313	P-104	M-311:Martingale difference structure | M-313:Martingale variance process	P-104:Equilibrium statistical mechanics	active control/decision	certificate/exact	cross-domain; moderate semantic bridge; donor operator/certificate bonus; same-theory lexical penalty
291	5.063233928626681	IM-196	IM-334	M	S	0.02043515424102373	0.0	0.0	RECOVERY CAN HAVE A SHARP COMPLEXITY–MEASUREMENT GEOMETRY BOUNDARY	AN ACTION CAN HAVE TWO VALUES AT ONCE: CURRENT PAYOFF AND INFORMATION ABOUT FUTURE PAYOFFS	M-279; M-280	S-042; S-043; S-044	M-279: Sparsity + measurement geometry; M-280: Sparse signal class	S-042:Reward feedback | S-043:Bayesian model | S-044:Concentration assumptions	passive inference/diagnostic	bound	cross-domain; moderate semantic bridge; donor operator/certificate bonus; same-theory lexical penalty
292	5.063060370393383	IM-098	IM-090	S	P	0.0745350199093057	0.0	0.0	GOOD PASSIVE PREDICTOR NEED NOT BE GOOD INTERVENTION TARGET	A→B AND B→A NEED NOT BE SAME CHANNEL/STRENGTH	S-657	P-699	S-657:Invalid surrogacy structure	P-699:Broken reciprocity	active control/decision	none-explicit	cross-domain; moderate semantic bridge; donor operator/certificate bonus; same-theory lexical penalty
293	5.062705285790137	IM-252	IM-271	M	S	0.04519113488769644	0.0	0.0	GREEDY LOCAL CHOICE CAN BE GLOBALLY EXACT — BUT ONLY UNDER AN EXCHANGE-INDEPENDENCE GEOMETRY	RESIDUAL DEPENDENCE AFTER CONDITIONING ON LATENT STATE IS EVIDENCE THE STATE REPRESENTATION IS INCOMPLETE	M-052	S-332; S-855	M-052:Matroid structure	S-332:Latent-variable model | S-855:Violated local independence	mechanism/structural	certificate/exact;local	cross-domain; moderate semantic bridge; donor operator/certificate bonus; same-theory lexical penalty
294	5.062431225739671	IM-196	IM-219	M	P	0.005604756064304521	0.0	0.0	RECOVERY CAN HAVE A SHARP COMPLEXITY–MEASUREMENT GEOMETRY BOUNDARY	A SYSTEM’S ARROW OF TIME CAN BE VISIBLE IN FORWARD/REVERSE PATH PROBABILITIES EVEN WHEN MACRO STATE IS STATIONARY	M-279; M-280	P-121; P-124; P-125	M-279: Sparsity + measurement geometry; M-280: Sparse signal class	P-121: Nonequilibrium drive; P-124: Stochastic thermodynamics; P-125: Nonequilibrium path probabilities	passive inference/diagnostic	bound	cross-domain; moderate semantic bridge; donor operator/certificate bonus; same-theory lexical penalty
295	5.062128025424073	IM-311	IM-258	S	M	0.005572366894358473	0.0	0.0	MANY SIGNALS CAN BE INDIVIDUALLY UNDETECTABLE YET COLLECTIVELY DETECTABLE THROUGH A SMALL GLOBAL DISTORTION OF NULL	SIMULTANEOUS MECHANISMS CAN SOMETIMES BE SOLVED BY RAPIDLY ALTERNATING THEIR SEPARATE EASY DYNAMICS	S-174	M-233; M-234	S-174:Rare/weak regime	M-233:Decomposable generator/operator | M-234:Generator regularity	passive inference/diagnostic	certificate/exact	cross-domain; moderate semantic bridge; donor operator/certificate bonus; same-theory lexical penalty
296	5.0619914711593905	IM-071	IM-097	S	E	0.0532277881383468	0.07692307692307693	0.0	VARIABLE CAN BE CAUSED BY YESTERDAY'S ACTION AND CAUSE TOMORROW'S ACTION/OUTCOME	MORE INPUT/CAPACITY/FEWER CONSTRAINTS CAN MAKE GLOBAL OUTCOME WORSE	S-127; S-725	E-108; E-127; E-206	S-127:Sequential exchangeability | S-725:Longitudinal causal feedback	E-108:Multiple interacting wedges | E-127:Noncooperative routing | E-206:Elastic demand/general equilibrium	active control/decision	none-explicit	cross-domain; moderate semantic bridge; donor operator/certificate bonus; same-theory lexical penalty
297	5.0617106329711135	IM-311	IM-058	S	M	0.005527758965301479	0.0	0.0	MANY SIGNALS CAN BE INDIVIDUALLY UNDETECTABLE YET COLLECTIVELY DETECTABLE THROUGH A SMALL GLOBAL DISTORTION OF NULL	CAPACITY BELONGS TO GROUPS/SUBSETS, NOT NECESSARILY INDIVIDUAL EDGES	S-174	M-545; M-546; M-549; M-550	S-174:Rare/weak regime	M-545:Submodular rank function | M-546:Continuous allocation | M-549:Network + submodular boundary | M-550:Network congestion structure	passive inference/diagnostic	certificate/exact	cross-domain; moderate semantic bridge; donor operator/certificate bonus; same-theory lexical penalty
298	5.061682723878157	IM-181	IM-286	M	P	0.005524775402442979	0.0	0.0	INTERROGATE AN INACCESSIBLE INTERIOR THROUGH CONTROLLED BOUNDARY INPUTS AND BOUNDARY RESPONSES	A LOCAL DEFECT CAN CREATE AN ALLOWED LOCALIZED STATE INSIDE A BULK-FORBIDDEN REGIME	M-431; M-432	P-556	M-431: PDE boundary access; M-432: Elliptic PDE	P-556:Periodic structure + defect	active control/decision	bound	cross-domain; moderate semantic bridge; donor operator/certificate bonus; same-theory lexical penalty
299	5.061561006915168	IM-181	IM-140	M	P	0.027567879127385165	0.058823529411764705	0.0	INTERROGATE AN INACCESSIBLE INTERIOR THROUGH CONTROLLED BOUNDARY INPUTS AND BOUNDARY RESPONSES	A CONSERVED/ACCUMULATING BURDEN CAN SELF-QUENCH GROWTH UNLESS A BOUNDARY EXPORT CHANNEL REMOVES IT	M-431; M-432	P-796; P-798	M-431: PDE boundary access; M-432: Elliptic PDE	P-796:High conductivity | P-798:Open boundaries	active control/decision	bound	cross-domain; moderate semantic bridge; donor operator/certificate bonus; same-theory lexical penalty
300	5.061449072996736	IM-325	IM-332	M	S	0.04534987324217668	0.0	0.06666666666666667	MONOTONE POLICY RESPONSE CAN BE CERTIFIED FROM COMPLEMENTARITY/ORDER STRUCTURE WITHOUT RESOLVING EVERY PARAMETER VALUE	DOUBLE DIFFERENCING CAN CANCEL STABLE GROUP DIFFERENCES AND COMMON TIME SHOCKS	M-866; M-867; M-869; M-874; M-880	S-028	M-866:Complementary coordinates | M-867:Ordered action × parameter | M-869:Lattice optimization | M-874:Set-valued optimization | M-880:Nondifferentiable/discrete optimization	S-028:Parallel-trends-type assumption	active control/decision	certificate/exact	cross-domain; moderate semantic bridge; donor operator/certificate bonus; same-theory lexical penalty
301	5.0612830539551155	IM-311	IM-278	S	M	0.013028877524441984	0.05263157894736842	0.0	MANY SIGNALS CAN BE INDIVIDUALLY UNDETECTABLE YET COLLECTIVELY DETECTABLE THROUGH A SMALL GLOBAL DISTORTION OF NULL	ALTERNATING LOCAL CORRECTIONS MAY NEED A MEMORY OF PREVIOUS CORRECTION ERROR TO CONVERGE TO RIGHT GLOBAL OBJECT	S-174	M-159	S-174:Rare/weak regime	M-159:Convex sets	passive inference/diagnostic	certificate/exact	cross-domain; moderate semantic bridge; donor operator/certificate bonus; same-theory lexical penalty
302	5.060381902660279	IM-181	IM-220	M	P	0.005385597028577159	0.0	0.0	INTERROGATE AN INACCESSIBLE INTERIOR THROUGH CONTROLLED BOUNDARY INPUTS AND BOUNDARY RESPONSES	INFER AN EQUILIBRIUM STATE DIFFERENCE FROM NONEQUILIBRIUM DRIVEN TRAJECTORIES	M-431; M-432	P-126; P-127	M-431: PDE boundary access; M-432: Elliptic PDE	P-126: Initial equilibrium; P-127: Microscopic reversibility	active control/decision	bound	cross-domain; moderate semantic bridge; donor operator/certificate bonus; same-theory lexical penalty
303	5.060150558501528	IM-311	IM-323	S	M	0.005360820886430235	0.0	0.0	MANY SIGNALS CAN BE INDIVIDUALLY UNDETECTABLE YET COLLECTIVELY DETECTABLE THROUGH A SMALL GLOBAL DISTORTION OF NULL	CONTINUOUS DYNAMICS CAN SOMETIMES BE ENCODED BY A DISCRETE SYMBOLIC GRAMMAR	S-174	M-681; M-686; M-687	S-174:Rare/weak regime	M-681:Partitioned state space | M-686:Markov symbolic dynamics | M-687:Hyperbolic dynamics	passive inference/diagnostic	certificate/exact	cross-domain; moderate semantic bridge; donor operator/certificate bonus; same-theory lexical penalty
304	5.059745704738468	IM-181	IM-303	M	P	0.005317444989669021	0.0	0.0	INTERROGATE AN INACCESSIBLE INTERIOR THROUGH CONTROLLED BOUNDARY INPUTS AND BOUNDARY RESPONSES	A MACRO TRANSPORT COEFFICIENT CAN BE RECOVERED FROM TIME-INTEGRATED MEMORY OF MICROSCOPIC SPONTANEOUS CURRENTS	M-431; M-432	P-104	M-431: PDE boundary access; M-432: Elliptic PDE	P-104:Equilibrium statistical mechanics	active control/decision	bound	cross-domain; moderate semantic bridge; donor operator/certificate bonus; same-theory lexical penalty
305	5.059599053149954	IM-206	IM-138	M	P	0.005301727290077304	0.0	0.0	INFER LONG-TIME BEHAVIOR FROM TRANSFORM BEHAVIOR NEAR A BOUNDARY/LOW FREQUENCY	A BOTTLENECK CAN BECOME DYNAMICALLY UNSTABLE AND SPLIT INTO A NEW TRANSPORT ARCHITECTURE	M-125; M-126	P-510; P-511	M-125: Regularity assumptions; M-126: Summability structure	P-510:Laminar resistive MHD | P-511:High Lundquist number	passive inference/diagnostic	bound;local	cross-domain; moderate semantic bridge; donor operator/certificate bonus; same-theory lexical penalty
306	5.059511750706186	IM-269	IM-213	M	S	0.08455543335392875	0.1	0.0	A RARE MACRO EVENT IS OFTEN CONTROLLED BY THE LEAST-COST ATYPICAL PATH, NOT TYPICAL FLUCTUATIONS	THE WORLD SEEN FROM A RANDOM EVENT IS NOT THE SAME AS THE WORLD SEEN FROM A RANDOM TIME	M-115; M-156	S-115	M-115:Asymptotic exponential scaling | M-156:Path-space LDP	S-115: Point-process framework	active control/decision	none-explicit	cross-domain; moderate semantic bridge; donor operator/certificate bonus; same-theory lexical penalty
307	5.059445290941377	IM-325	IM-051	M	P	0.005285244351789985	0.0	0.0	MONOTONE POLICY RESPONSE CAN BE CERTIFIED FROM COMPLEMENTARITY/ORDER STRUCTURE WITHOUT RESOLVING EVERY PARAMETER VALUE	CONTROL CHANGES FASTER THAN SYSTEM CAN RELAX → PROTOCOL SELECTS FINAL STATE	M-866; M-867; M-869; M-874; M-880	P-918	M-866:Complementary coordinates | M-867:Ordered action × parameter | M-869:Lattice optimization | M-874:Set-valued optimization | M-880:Nondifferentiable/discrete optimization	P-918:Finite relaxation time	active control/decision	certificate/exact	cross-domain; moderate semantic bridge; donor operator/certificate bonus; same-theory lexical penalty
308	5.059399060801149	IM-338	IM-156	S	E;P	0.04493821147036992	0.0	0.0	SEQUENTIAL WEAK LEARNERS CAN BECOME STRONG BY TARGETING THE RESIDUAL LEFT BY EARLIER LEARNERS	SYMMETRIC RULES CAN PRODUCE AN ASYMMETRIC REALIZED STATE; TINY COORDINATION SIGNALS CAN SELECT WHICH ONE	S-155	P-014; E-155; E-156	S-155:Additive learner	P-014:Degeneracy/instability | E-155:Multiple equilibria | E-156:Expectations coordination	mechanism/structural	certificate/exact	cross-domain; moderate semantic bridge; donor operator/certificate bonus; same-theory lexical penalty
309	5.0592129524658525	IM-311	IM-282	S	E	0.005260332119538901	0.0	0.0	MANY SIGNALS CAN BE INDIVIDUALLY UNDETECTABLE YET COLLECTIVELY DETECTABLE THROUGH A SMALL GLOBAL DISTORTION OF NULL	NOMINAL COMMITMENTS CAN EXCEED PHYSICAL CAPACITY WHEN ONLY A RANDOM SUBSET MATERIALIZES — AT COST OF OVERFLOW RISK	S-174	E-465; E-466	S-174:Rare/weak regime	E-465:No-show uncertainty | E-466:Random show-up	passive inference/diagnostic	certificate/exact	cross-domain; moderate semantic bridge; donor operator/certificate bonus; same-theory lexical penalty
310	5.0591135583818465	IM-206	IM-137	M	P	0.005249672454141934	0.0	0.0	INFER LONG-TIME BEHAVIOR FROM TRANSFORM BEHAVIOR NEAR A BOUNDARY/LOW FREQUENCY	A FORBIDDEN TOPOLOGY CHANGE CAN BECOME ALLOWED IN A SPECIAL LAYER AND RELEASE STORED POTENTIAL	M-125; M-126	P-508; P-520	M-125: Regularity assumptions; M-126: Summability structure	P-508:Nonideal plasma layer | P-520:Ideal MHD	passive inference/diagnostic	bound;local	cross-domain; moderate semantic bridge; donor operator/certificate bonus; same-theory lexical penalty
311	5.058823129298179	IM-225	IM-222	M	P	0.0052185172384838895	0.0	0.0	DEPENDENT SEQUENTIAL DATA CAN STILL HAVE SHARP DEVIATION GUARANTEES IF SURPRISES AND PREDICTABLE VARIANCE ARE CONTROLLED	RECOVERY TIME CAN DIVERGE BEFORE THE STATE ITSELF VISIBLY COLLAPSES	M-311; M-313	P-119; P-120	M-311:Martingale difference structure | M-313:Martingale variance process	P-119:Near bifurcation/criticality | P-120:Specific transition classes	active control/decision	certificate/exact	cross-domain; moderate semantic bridge; donor operator/certificate bonus; same-theory lexical penalty
312	5.058496040015642	IM-221	IM-107	P	S	0.04486907645562397	0.0	0.0	ABANDON EXTREME SLOW TRAJECTORIES AND RESTART; MEAN COMPLETION CAN IMPROVE EVEN THOUGH WORK IS DISCARDED	WHEN DATA DO NOT POINT-IDENTIFY, CORRECT ANSWER MAY BE LARGE/DISCONNECTED/UNBOUNDED SET	P-131	S-131; S-136; S-447	P-131:Heavy-tail/variable completion time	S-131:Weak assumptions | S-136:Partial identification | S-447:Weak/nonidentification	active control/decision	none-explicit	cross-domain; moderate semantic bridge; donor operator/certificate bonus; same-theory lexical penalty
313	5.058469655459758	IM-181	IM-136	M	E;P	0.005180583485134891	0.0	0.0	INTERROGATE AN INACCESSIBLE INTERIOR THROUGH CONTROLLED BOUNDARY INPUTS AND BOUNDARY RESPONSES	THE INTERACTION GRAPH ITSELF IS A STATE VARIABLE	M-431; M-432	E-147; E-520; P-675	M-431: PDE boundary access; M-432: Elliptic PDE	E-147:Strategic links | E-520:Search/switching costs | P-675:Dense frictional particles	active control/decision	bound	cross-domain; moderate semantic bridge; donor operator/certificate bonus; same-theory lexical penalty
314	5.058309636614531	IM-325	IM-286	M	P	0.005163405127987258	0.0	0.0	MONOTONE POLICY RESPONSE CAN BE CERTIFIED FROM COMPLEMENTARITY/ORDER STRUCTURE WITHOUT RESOLVING EVERY PARAMETER VALUE	A LOCAL DEFECT CAN CREATE AN ALLOWED LOCALIZED STATE INSIDE A BULK-FORBIDDEN REGIME	M-866; M-867; M-869; M-874; M-880	P-556	M-866:Complementary coordinates | M-867:Ordered action × parameter | M-869:Lattice optimization | M-874:Set-valued optimization | M-880:Nondifferentiable/discrete optimization	P-556:Periodic structure + defect	active control/decision	certificate/exact	cross-domain; moderate semantic bridge; donor operator/certificate bonus; same-theory lexical penalty
315	5.0573160979182745	IM-311	IM-367	S	P	0.005056668210583922	0.0	0.0	MANY SIGNALS CAN BE INDIVIDUALLY UNDETECTABLE YET COLLECTIVELY DETECTABLE THROUGH A SMALL GLOBAL DISTORTION OF NULL	DYNAMICS CAN SLOW BY ORDERS OF MAGNITUDE WITHOUT A CORRESPONDING ORDINARY STATIC ORDERING TRANSITION	S-174	P-052	S-174:Rare/weak regime	P-052:Frustration/complex energy landscape	passive inference/diagnostic	certificate/exact	cross-domain; moderate semantic bridge; donor operator/certificate bonus; same-theory lexical penalty
316	5.057258307377354	IM-311	IM-005	S	E;M;P	0.005050455545168601	0.0	0.0	MANY SIGNALS CAN BE INDIVIDUALLY UNDETECTABLE YET COLLECTIVELY DETECTABLE THROUGH A SMALL GLOBAL DISTORTION OF NULL	CONSTRAINT ACTIVATION CHANGES CONFIGURATION SPACE	S-174	P-675; P-679; P-680; M-787; E-933	S-174:Rare/weak regime	P-675:Dense frictional particles | P-679:Dense suspension/granular material | P-680:Dense particulate system | M-787:Conserved integer resource | E-933:Physical commodity	passive inference/diagnostic	certificate/exact	cross-domain; moderate semantic bridge; donor operator/certificate bonus; same-theory lexical penalty
317	5.057097846283194	IM-249	IM-383	M	P	0.005033203066128811	0.0	0.0	REPLACE AN INACCESSIBLE INTERIOR SOURCE BY A BOUNDARY-EQUIVALENT SOURCE THAT PRESERVES EXTERNAL OBSERVABLES	A SYSTEM CAN ENTER A LESS-STABLE INTERMEDIATE FIRST BECAUSE ITS ACCESS BARRIER IS LOWER THAN THE DIRECT PATH TO THE GLOBAL BEST STATE	M-655	P-357	M-655:Potential equivalence	P-357:Competing kinetic barriers	passive inference/diagnostic	bound	cross-domain; moderate semantic bridge; donor operator/certificate bonus; same-theory lexical penalty
318	5.056651153007939	IM-254	IM-237	M	S	0.04472775893511854	0.0	0.0	THE SAME OBJECT CAN HAVE TWO DUAL COORDINATE SYSTEMS IN WHICH DIFFERENT OPERATIONS BECOME SIMPLE	A HUGE COUPLED ESTIMATION ALGORITHM CAN HAVE LOW-DIMENSIONAL ERROR DYNAMICS IN THE RIGHT RANDOM REGIME	M-273	S-913	M-273:Information geometry	S-913:AMP asymptotics	mechanism/structural	certificate/exact	cross-domain; moderate semantic bridge; donor operator/certificate bonus; same-theory lexical penalty
319	5.056548519331266	IM-206	IM-097	M	E	0.01649103911986719	0.0	0.14285714285714285	INFER LONG-TIME BEHAVIOR FROM TRANSFORM BEHAVIOR NEAR A BOUNDARY/LOW FREQUENCY	MORE INPUT/CAPACITY/FEWER CONSTRAINTS CAN MAKE GLOBAL OUTCOME WORSE	M-125; M-126	E-108; E-127; E-206	M-125: Regularity assumptions; M-126: Summability structure	E-108:Multiple interacting wedges | E-127:Noncooperative routing | E-206:Elastic demand/general equilibrium	passive inference/diagnostic	bound;local	cross-domain; moderate semantic bridge; donor operator/certificate bonus; same-theory lexical penalty
320	5.056544693381349	IM-181	IM-282	M	E	0.0049737019530697825	0.0	0.0	INTERROGATE AN INACCESSIBLE INTERIOR THROUGH CONTROLLED BOUNDARY INPUTS AND BOUNDARY RESPONSES	NOMINAL COMMITMENTS CAN EXCEED PHYSICAL CAPACITY WHEN ONLY A RANDOM SUBSET MATERIALIZES — AT COST OF OVERFLOW RISK	M-431; M-432	E-465; E-466	M-431: PDE boundary access; M-432: Elliptic PDE	E-465:No-show uncertainty | E-466:Random show-up	active control/decision	bound	cross-domain; moderate semantic bridge; donor operator/certificate bonus; same-theory lexical penalty
321	5.056539741927759	IM-225	IM-136	M	E;P	0.004973169148855079	0.0	0.0	DEPENDENT SEQUENTIAL DATA CAN STILL HAVE SHARP DEVIATION GUARANTEES IF SURPRISES AND PREDICTABLE VARIANCE ARE CONTROLLED	THE INTERACTION GRAPH ITSELF IS A STATE VARIABLE	M-311; M-313	E-147; E-520; P-675	M-311:Martingale difference structure | M-313:Martingale variance process	E-147:Strategic links | E-520:Search/switching costs | P-675:Dense frictional particles	active control/decision	certificate/exact	cross-domain; moderate semantic bridge; donor operator/certificate bonus; same-theory lexical penalty
322	5.056428482152353	IM-325	IM-220	M	P	0.004961196081554532	0.0	0.0	MONOTONE POLICY RESPONSE CAN BE CERTIFIED FROM COMPLEMENTARITY/ORDER STRUCTURE WITHOUT RESOLVING EVERY PARAMETER VALUE	INFER AN EQUILIBRIUM STATE DIFFERENCE FROM NONEQUILIBRIUM DRIVEN TRAJECTORIES	M-866; M-867; M-869; M-874; M-880	P-126; P-127	M-866:Complementary coordinates | M-867:Ordered action × parameter | M-869:Lattice optimization | M-874:Set-valued optimization | M-880:Nondifferentiable/discrete optimization	P-126: Initial equilibrium; P-127: Microscopic reversibility	active control/decision	certificate/exact	cross-domain; moderate semantic bridge; donor operator/certificate bonus; same-theory lexical penalty
323	5.056304188530899	IM-181	IM-357	M	E	0.0049478183775487775	0.0	0.0	INTERROGATE AN INACCESSIBLE INTERIOR THROUGH CONTROLLED BOUNDARY INPUTS AND BOUNDARY RESPONSES	PUBLIC ACTIONS CAN ACCUMULATE UNTIL A NEW AGENT RATIONALLY IGNORES ITS OWN PRIVATE SIGNAL	M-431; M-432	E-099	M-431: PDE boundary access; M-432: Elliptic PDE	E-099:Sequential social learning	active control/decision	bound	cross-domain; moderate semantic bridge; donor operator/certificate bonus; same-theory lexical penalty
324	5.056220160501645	IM-325	IM-210	M	S	0.004938773246589451	0.0	0.0	MONOTONE POLICY RESPONSE CAN BE CERTIFIED FROM COMPLEMENTARITY/ORDER STRUCTURE WITHOUT RESOLVING EVERY PARAMETER VALUE	FUTURE DATA CAN CHANGE YOUR BEST ESTIMATE OF THE PAST; ONLINE AND OFFLINE STATE ESTIMATES ARE DIFFERENT	M-866; M-867; M-869; M-874; M-880	S-106; S-107	M-866:Complementary coordinates | M-867:Ordered action × parameter | M-869:Lattice optimization | M-874:Set-valued optimization | M-880:Nondifferentiable/discrete optimization	S-106: Offline/two-sided information; S-107: Delay/latency tradeoff	active control/decision	certificate/exact	cross-domain; moderate semantic bridge; donor operator/certificate bonus; same-theory lexical penalty
325	5.05620278156719	IM-181	IM-066	M	S	0.004936902383372147	0.0	0.0	INTERROGATE AN INACCESSIBLE INTERIOR THROUGH CONTROLLED BOUNDARY INPUTS AND BOUNDARY RESPONSES	SAME OBSERVED DATA + DIFFERENT DATA-GENERATING DESIGN → DIFFERENT VALID INFERENCE	M-431; M-432	S-750; S-754; S-760	M-431: PDE boundary access; M-432: Elliptic PDE	S-750:Design-aware inference | S-754:Known assignment mechanism | S-760:Experimental design	active control/decision	bound	cross-domain; moderate semantic bridge; donor operator/certificate bonus; same-theory lexical penalty
326	5.056135716647159	IM-311	IM-001	S	E;M	0.004929682373401207	0.0	0.0	MANY SIGNALS CAN BE INDIVIDUALLY UNDETECTABLE YET COLLECTIVELY DETECTABLE THROUGH A SMALL GLOBAL DISTORTION OF NULL	LOCAL INFEASIBILITY ≠ JOINT INFEASIBILITY	S-174	M-577; M-578; E-857; E-852; M-535	S-174:Rare/weak regime	M-577:Undirected capacities | M-578:Cut structure | E-857:Circular obligations | E-852:Payment network | M-535:Nonnegative row/column sums	passive inference/diagnostic	certificate/exact	cross-domain; moderate semantic bridge; donor operator/certificate bonus; same-theory lexical penalty
327	5.055905804285372	IM-249	IM-219	M	P	0.004904925980739242	0.0	0.0	REPLACE AN INACCESSIBLE INTERIOR SOURCE BY A BOUNDARY-EQUIVALENT SOURCE THAT PRESERVES EXTERNAL OBSERVABLES	A SYSTEM’S ARROW OF TIME CAN BE VISIBLE IN FORWARD/REVERSE PATH PROBABILITIES EVEN WHEN MACRO STATE IS STATIONARY	M-655	P-121; P-124; P-125	M-655:Potential equivalence	P-121: Nonequilibrium drive; P-124: Stochastic thermodynamics; P-125: Nonequilibrium path probabilities	passive inference/diagnostic	bound	cross-domain; moderate semantic bridge; donor operator/certificate bonus; same-theory lexical penalty
328	5.055834439617417	IM-325	IM-088	M	P	0.004897240126137116	0.0	0.0	MONOTONE POLICY RESPONSE CAN BE CERTIFIED FROM COMPLEMENTARITY/ORDER STRUCTURE WITHOUT RESOLVING EVERY PARAMETER VALUE	BOUNDARY IS NOT FIXED; STATE INCLUDES WHERE BOUNDARY IS	M-866; M-867; M-869; M-874; M-880	P-355	M-866:Complementary coordinates | M-867:Ordered action × parameter | M-869:Lattice optimization | M-874:Set-valued optimization | M-880:Nondifferentiable/discrete optimization	P-355:Moving phase boundary	active control/decision	certificate/exact	cross-domain; moderate semantic bridge; donor operator/certificate bonus; same-theory lexical penalty
329	5.055788993161327	IM-311	IM-242	S	M	0.014410050473268078	0.06666666666666667	0.0	MANY SIGNALS CAN BE INDIVIDUALLY UNDETECTABLE YET COLLECTIVELY DETECTABLE THROUGH A SMALL GLOBAL DISTORTION OF NULL	SATISFY SEVERAL GLOBAL CONSTRAINT FAMILIES BY ALTERNATELY REPAIRING ONE AT A TIME	S-174	M-100; M-159	S-174:Rare/weak regime	M-100:Set geometry/convergence conditions | M-159:Convex sets	passive inference/diagnostic	certificate/exact	cross-domain; moderate semantic bridge; donor operator/certificate bonus; same-theory lexical penalty
330	5.0549960850802576	IM-325	IM-357	M	E	0.004806898024993755	0.0	0.0	MONOTONE POLICY RESPONSE CAN BE CERTIFIED FROM COMPLEMENTARITY/ORDER STRUCTURE WITHOUT RESOLVING EVERY PARAMETER VALUE	PUBLIC ACTIONS CAN ACCUMULATE UNTIL A NEW AGENT RATIONALLY IGNORES ITS OWN PRIVATE SIGNAL	M-866; M-867; M-869; M-874; M-880	E-099	M-866:Complementary coordinates | M-867:Ordered action × parameter | M-869:Lattice optimization | M-874:Set-valued optimization | M-880:Nondifferentiable/discrete optimization	E-099:Sequential social learning	active control/decision	certificate/exact	cross-domain; moderate semantic bridge; donor operator/certificate bonus; same-theory lexical penalty
331	5.054527469894842	IM-271	IM-320	S	M	0.04456496282708238	0.0	0.0	RESIDUAL DEPENDENCE AFTER CONDITIONING ON LATENT STATE IS EVIDENCE THE STATE REPRESENTATION IS INCOMPLETE	A FLOW CAN BE DECOMPOSED INTO POTENTIAL, CIRCULATING, AND TOPOLOGICAL COMPONENTS	S-332; S-855	M-497; M-498	S-332:Latent-variable model | S-855:Violated local independence	M-497:Inner-product differential complex | M-498:Oriented graph/complex	mechanism/structural	certificate/exact	cross-domain; moderate semantic bridge; donor operator/certificate bonus; same-theory lexical penalty
332	5.054391913249949	IM-311	IM-284	S	P	0.0047417313584437095	0.0	0.0	MANY SIGNALS CAN BE INDIVIDUALLY UNDETECTABLE YET COLLECTIVELY DETECTABLE THROUGH A SMALL GLOBAL DISTORTION OF NULL	FAILURE OF LONG-RANGE PROPAGATION DOES NOT MEAN THE FIELD/INFLUENCE VANISHES LOCALLY	S-174	P-542	S-174:Rare/weak regime	P-542:Below-cutoff mode	passive inference/diagnostic	certificate/exact	cross-domain; moderate semantic bridge; donor operator/certificate bonus; same-theory lexical penalty
333	5.053844253809208	IM-311	IM-010	S	E;P	0.004682616365328143	0.0	0.0	MANY SIGNALS CAN BE INDIVIDUALLY UNDETECTABLE YET COLLECTIVELY DETECTABLE THROUGH A SMALL GLOBAL DISTORTION OF NULL	PHYSICAL TOPOLOGY / POTENTIAL TOPOLOGY / CURRENTLY USABLE TOPOLOGY	S-174	P-1000; P-999; P-990; P-991; E-916; P-776	S-174:Rare/weak regime	P-1000:State-dependent connectivity | P-999:Geometry + finite coupling | P-990:Asymmetric recovery/coupling | P-991:Propagation threshold | E-916:Heterogeneous banks | P-776:Transport accessibility	passive inference/diagnostic	certificate/exact	cross-domain; moderate semantic bridge; donor operator/certificate bonus; same-theory lexical penalty
334	5.05330771045854	IM-225	IM-189	M	S	0.004624660756414816	0.0	0.0	DEPENDENT SEQUENTIAL DATA CAN STILL HAVE SHARP DEVIATION GUARANTEES IF SURPRISES AND PREDICTABLE VARIANCE ARE CONTROLLED	RANDOM-TIME OBSERVATION OVERREPRESENTS LONG-LIVED STATES/EPISODES	M-311; M-313	S-272	M-311:Martingale difference structure | M-313:Martingale variance process	S-272: Duration-biased sampling	active control/decision	certificate/exact	cross-domain; moderate semantic bridge; donor operator/certificate bonus; same-theory lexical penalty
335	5.052822432852413	IM-325	IM-367	M	P	0.011827550853334009	0.05	0.0	MONOTONE POLICY RESPONSE CAN BE CERTIFIED FROM COMPLEMENTARITY/ORDER STRUCTURE WITHOUT RESOLVING EVERY PARAMETER VALUE	DYNAMICS CAN SLOW BY ORDERS OF MAGNITUDE WITHOUT A CORRESPONDING ORDINARY STATIC ORDERING TRANSITION	M-866; M-867; M-869; M-874; M-880	P-052	M-866:Complementary coordinates | M-867:Ordered action × parameter | M-869:Lattice optimization | M-874:Set-valued optimization | M-880:Nondifferentiable/discrete optimization	P-052:Frustration/complex energy landscape	active control/decision	certificate/exact	cross-domain; moderate semantic bridge; donor operator/certificate bonus; same-theory lexical penalty
336	5.052810713031473	IM-249	IM-291	M	S	0.0045709409278135	0.0	0.0	REPLACE AN INACCESSIBLE INTERIOR SOURCE BY A BOUNDARY-EQUIVALENT SOURCE THAT PRESERVES EXTERNAL OBSERVABLES	IN SEQUENTIAL DISCOVERY, FUTURE TESTING BUDGET CAN BE A STOCHASTIC STATE CREATED OR DEPLETED BY EARLIER RESULTS	M-655	S-391; S-392	M-655:Potential equivalence	S-391:Sequential multiple testing | S-392:Online error control	passive inference/diagnostic	bound	cross-domain; moderate semantic bridge; donor operator/certificate bonus; same-theory lexical penalty
337	5.052009088463621	IM-225	IM-138	M	P	0.0044842215256006325	0.0	0.0	DEPENDENT SEQUENTIAL DATA CAN STILL HAVE SHARP DEVIATION GUARANTEES IF SURPRISES AND PREDICTABLE VARIANCE ARE CONTROLLED	A BOTTLENECK CAN BECOME DYNAMICALLY UNSTABLE AND SPLIT INTO A NEW TRANSPORT ARCHITECTURE	M-311; M-313	P-510; P-511	M-311:Martingale difference structure | M-313:Martingale variance process	P-510:Laminar resistive MHD | P-511:High Lundquist number	active control/decision	certificate/exact	cross-domain; moderate semantic bridge; donor operator/certificate bonus; same-theory lexical penalty
338	5.051602415229347	IM-225	IM-137	M	P	0.004440193343266571	0.0	0.0	DEPENDENT SEQUENTIAL DATA CAN STILL HAVE SHARP DEVIATION GUARANTEES IF SURPRISES AND PREDICTABLE VARIANCE ARE CONTROLLED	A FORBIDDEN TOPOLOGY CHANGE CAN BECOME ALLOWED IN A SPECIAL LAYER AND RELEASE STORED POTENTIAL	M-311; M-313	P-508; P-520	M-311:Martingale difference structure | M-313:Martingale variance process	P-508:Nonideal plasma layer | P-520:Ideal MHD	active control/decision	certificate/exact	cross-domain; moderate semantic bridge; donor operator/certificate bonus; same-theory lexical penalty
339	5.051281398214806	IM-311	IM-134	S	M	0.028852904032059236	0.07692307692307693	0.0	MANY SIGNALS CAN BE INDIVIDUALLY UNDETECTABLE YET COLLECTIVELY DETECTABLE THROUGH A SMALL GLOBAL DISTORTION OF NULL	SMALL SOLUTION AND LARGE OBSTRUCTION CAN BE DUAL DESCRIPTIONS	S-174	M-777; M-216	S-174:Rare/weak regime	M-777:Min-max/FPT structure | M-216:Fredholm operator	passive inference/diagnostic	certificate/exact	cross-domain; moderate semantic bridge; donor operator/certificate bonus; same-theory lexical penalty
340	5.051183263199414	IM-311	IM-097	S	E	0.013962835377713674	0.06666666666666667	0.0	MANY SIGNALS CAN BE INDIVIDUALLY UNDETECTABLE YET COLLECTIVELY DETECTABLE THROUGH A SMALL GLOBAL DISTORTION OF NULL	MORE INPUT/CAPACITY/FEWER CONSTRAINTS CAN MAKE GLOBAL OUTCOME WORSE	S-174	E-108; E-127; E-206	S-174:Rare/weak regime	E-108:Multiple interacting wedges | E-127:Noncooperative routing | E-206:Elastic demand/general equilibrium	passive inference/diagnostic	certificate/exact	cross-domain; moderate semantic bridge; donor operator/certificate bonus; same-theory lexical penalty
341	5.050901426890271	IM-225	IM-293	M	P	0.004364246779817082	0.0	0.0	DEPENDENT SEQUENTIAL DATA CAN STILL HAVE SHARP DEVIATION GUARANTEES IF SURPRISES AND PREDICTABLE VARIANCE ARE CONTROLLED	FAST MICRO-MOTION CAN ALTER THE EFFECTIVE SLOW POTENTIAL AND STABILIZE AN OTHERWISE UNSTABLE STATE	M-311; M-313	P-114; P-115	M-311:Martingale difference structure | M-313:Martingale variance process	P-114:High-frequency forcing | P-115:Multi-scale forcing	active control/decision	certificate/exact	cross-domain; moderate semantic bridge; donor operator/certificate bonus; same-theory lexical penalty
342	5.050884773850715	IM-206	IM-277	M	P	0.0043624417129988526	0.0	0.0	INFER LONG-TIME BEHAVIOR FROM TRANSFORM BEHAVIOR NEAR A BOUNDARY/LOW FREQUENCY	THE SAME INPUT CAN PRODUCE AN IMMEDIATE RESPONSE AND A SLOWER INTERNAL-STATE RESPONSE ON DIFFERENT CLOCKS	M-125; M-126	P-529; P-530	M-125: Regularity assumptions; M-126: Summability structure	P-529:Rate dependence | P-530:Internal interface state	passive inference/diagnostic	bound;local	cross-domain; moderate semantic bridge; donor operator/certificate bonus; same-theory lexical penalty
343	5.050788548842157	IM-225	IM-219	M	P	0.004352010865521018	0.0	0.0	DEPENDENT SEQUENTIAL DATA CAN STILL HAVE SHARP DEVIATION GUARANTEES IF SURPRISES AND PREDICTABLE VARIANCE ARE CONTROLLED	A SYSTEM’S ARROW OF TIME CAN BE VISIBLE IN FORWARD/REVERSE PATH PROBABILITIES EVEN WHEN MACRO STATE IS STATIONARY	M-311; M-313	P-121; P-124; P-125	M-311:Martingale difference structure | M-313:Martingale variance process	P-121: Nonequilibrium drive; P-124: Stochastic thermodynamics; P-125: Nonequilibrium path probabilities	active control/decision	certificate/exact	cross-domain; moderate semantic bridge; donor operator/certificate bonus; same-theory lexical penalty
344	5.050633710362276	IM-249	IM-367	M	P	0.004335223543061388	0.0	0.0	REPLACE AN INACCESSIBLE INTERIOR SOURCE BY A BOUNDARY-EQUIVALENT SOURCE THAT PRESERVES EXTERNAL OBSERVABLES	DYNAMICS CAN SLOW BY ORDERS OF MAGNITUDE WITHOUT A CORRESPONDING ORDINARY STATIC ORDERING TRANSITION	M-655	P-052	M-655:Potential equivalence	P-052:Frustration/complex energy landscape	passive inference/diagnostic	bound	cross-domain; moderate semantic bridge; donor operator/certificate bonus; same-theory lexical penalty
345	5.05012714736497	IM-196	IM-191	M	S	0.019231868309312873	0.0	0.0	RECOVERY CAN HAVE A SHARP COMPLEXITY–MEASUREMENT GEOMETRY BOUNDARY	LATENT COMPONENT NAMES MAY BE PURE SYMMETRY; A NAMED HIDDEN CLASS IS NOT AUTOMATICALLY AN IDENTIFIED ENTITY	M-279; M-280	S-269; S-270	M-279: Sparsity + measurement geometry; M-280: Sparse signal class	S-269: Structural conditions; S-270: Symmetry	passive inference/diagnostic	bound	cross-domain; moderate semantic bridge; donor operator/certificate bonus; same-theory lexical penalty
346	5.049960437136076	IM-181	IM-156	M	E;P	0.004262189064128023	0.0	0.0	INTERROGATE AN INACCESSIBLE INTERIOR THROUGH CONTROLLED BOUNDARY INPUTS AND BOUNDARY RESPONSES	SYMMETRIC RULES CAN PRODUCE AN ASYMMETRIC REALIZED STATE; TINY COORDINATION SIGNALS CAN SELECT WHICH ONE	M-431; M-432	P-014; E-155; E-156	M-431: PDE boundary access; M-432: Elliptic PDE	P-014:Degeneracy/instability | E-155:Multiple equilibria | E-156:Expectations coordination	active control/decision	bound	cross-domain; moderate semantic bridge; donor operator/certificate bonus; same-theory lexical penalty
347	5.049516595451008	IM-311	IM-267	S	M	0.01917547940049513	0.0	0.0	MANY SIGNALS CAN BE INDIVIDUALLY UNDETECTABLE YET COLLECTIVELY DETECTABLE THROUGH A SMALL GLOBAL DISTORTION OF NULL	THE VALUE OF PERFECT FUTURE INFORMATION CAN BE BOUNDED WITHOUT HAVING THAT INFORMATION	S-174	M-345	S-174:Rare/weak regime	M-345:Sequential selection	passive inference/diagnostic	certificate/exact	cross-domain; moderate semantic bridge; donor operator/certificate bonus; same-theory lexical penalty
348	5.0494826815967855	IM-206	IM-291	M	S	0.004210324824904296	0.0	0.0	INFER LONG-TIME BEHAVIOR FROM TRANSFORM BEHAVIOR NEAR A BOUNDARY/LOW FREQUENCY	IN SEQUENTIAL DISCOVERY, FUTURE TESTING BUDGET CAN BE A STOCHASTIC STATE CREATED OR DEPLETED BY EARLIER RESULTS	M-125; M-126	S-391; S-392	M-125: Regularity assumptions; M-126: Summability structure	S-391:Sequential multiple testing | S-392:Online error control	passive inference/diagnostic	bound;local	cross-domain; moderate semantic bridge; donor operator/certificate bonus; same-theory lexical penalty
349	5.048765585313493	IM-206	IM-357	M	E	0.004132417474090597	0.0	0.0	INFER LONG-TIME BEHAVIOR FROM TRANSFORM BEHAVIOR NEAR A BOUNDARY/LOW FREQUENCY	PUBLIC ACTIONS CAN ACCUMULATE UNTIL A NEW AGENT RATIONALLY IGNORES ITS OWN PRIVATE SIGNAL	M-125; M-126	E-099	M-125: Regularity assumptions; M-126: Summability structure	E-099:Sequential social learning	passive inference/diagnostic	bound;local	cross-domain; moderate semantic bridge; donor operator/certificate bonus; same-theory lexical penalty
350	5.04864860324931	IM-325	IM-376	M	P	0.00411970128637921	0.0	0.0	MONOTONE POLICY RESPONSE CAN BE CERTIFIED FROM COMPLEMENTARITY/ORDER STRUCTURE WITHOUT RESOLVING EVERY PARAMETER VALUE	LOCALLY STABLE REACTION DYNAMICS CAN BECOME SPATIALLY UNSTABLE SOLELY BECAUSE COMPONENTS DIFFUSE AT DIFFERENT RATES	M-866; M-867; M-869; M-874; M-880	P-090	M-866:Complementary coordinates | M-867:Ordered action × parameter | M-869:Lattice optimization | M-874:Set-valued optimization | M-880:Nondifferentiable/discrete optimization	P-090:Reaction-diffusion coupling	active control/decision	certificate/exact	cross-domain; moderate semantic bridge; donor operator/certificate bonus; same-theory lexical penalty
351	5.0481511694128445	IM-325	IM-171	M	P	0.004065607478236221	0.0	0.0	MONOTONE POLICY RESPONSE CAN BE CERTIFIED FROM COMPLEMENTARITY/ORDER STRUCTURE WITHOUT RESOLVING EVERY PARAMETER VALUE	A LOCALLY CAPABLE SOURCE MAY FAIL TO PROPAGATE BECAUSE THE DOWNSTREAM SINK/LOAD IS TOO LARGE	M-866; M-867; M-869; M-874; M-880	P-473; P-999	M-866:Complementary coordinates | M-867:Ordered action × parameter | M-869:Lattice optimization | M-874:Set-valued optimization | M-880:Nondifferentiable/discrete optimization	P-473: Excitation current balance; P-999: Geometry + finite coupling	active control/decision	certificate/exact	cross-domain; moderate semantic bridge; donor operator/certificate bonus; same-theory lexical penalty
352	5.048105373002729	IM-206	IM-210	M	S	0.0040606255426949445	0.0	0.0	INFER LONG-TIME BEHAVIOR FROM TRANSFORM BEHAVIOR NEAR A BOUNDARY/LOW FREQUENCY	FUTURE DATA CAN CHANGE YOUR BEST ESTIMATE OF THE PAST; ONLINE AND OFFLINE STATE ESTIMATES ARE DIFFERENT	M-125; M-126	S-106; S-107	M-125: Regularity assumptions; M-126: Summability structure	S-106: Offline/two-sided information; S-107: Delay/latency tradeoff	passive inference/diagnostic	bound;local	cross-domain; moderate semantic bridge; donor operator/certificate bonus; same-theory lexical penalty
353	5.048022752082912	IM-181	IM-219	M	P	0.0040516369184745975	0.0	0.0	INTERROGATE AN INACCESSIBLE INTERIOR THROUGH CONTROLLED BOUNDARY INPUTS AND BOUNDARY RESPONSES	A SYSTEM’S ARROW OF TIME CAN BE VISIBLE IN FORWARD/REVERSE PATH PROBABILITIES EVEN WHEN MACRO STATE IS STATIONARY	M-431; M-432	P-121; P-124; P-125	M-431: PDE boundary access; M-432: Elliptic PDE	P-121: Nonequilibrium drive; P-124: Stochastic thermodynamics; P-125: Nonequilibrium path probabilities	active control/decision	bound	cross-domain; moderate semantic bridge; donor operator/certificate bonus; same-theory lexical penalty
354	5.047643024084424	IM-325	IM-164	M	P	0.0040103124374483105	0.0	0.0	MONOTONE POLICY RESPONSE CAN BE CERTIFIED FROM COMPLEMENTARITY/ORDER STRUCTURE WITHOUT RESOLVING EVERY PARAMETER VALUE	COARSE-GRAINING CAN CREATE A VALID EFFECTIVE LAW ONLY AFTER HIDDEN FAST VARIABLES HAVE RELAXED/MIXED	M-866; M-867; M-869; M-874; M-880	P-108; P-111; P-030	M-866:Complementary coordinates | M-867:Ordered action × parameter | M-869:Lattice optimization | M-874:Set-valued optimization | M-880:Nondifferentiable/discrete optimization	P-108: Time-scale separation; P-111: Fast periodic/ergodic motion; P-030: Scale separation/controlled approximation	active control/decision	certificate/exact	cross-domain; moderate semantic bridge; donor operator/certificate bonus; same-theory lexical penalty
355	5.047569534080715	IM-311	IM-139	S	P	0.004002312398478582	0.0	0.0	MANY SIGNALS CAN BE INDIVIDUALLY UNDETECTABLE YET COLLECTIVELY DETECTABLE THROUGH A SMALL GLOBAL DISTORTION OF NULL	CONSERVATION LAWS DEFINE THE MANIFOLD OF POSSIBLE STATES BEFORE DYNAMICS ARE FIT	S-174	P-442; P-443	S-174:Rare/weak regime	P-442:Reaction network | P-443:Conservation constraints	passive inference/diagnostic	certificate/exact	cross-domain; moderate semantic bridge; donor operator/certificate bonus; same-theory lexical penalty
356	5.047516465894004	IM-196	IM-335	M	S	0.026442182101991913	0.16666666666666666	0.0	RECOVERY CAN HAVE A SHARP COMPLEXITY–MEASUREMENT GEOMETRY BOUNDARY	MEASUREMENT LOCATIONS SHOULD BE CHOSEN TO SHAPE THE INFORMATION GEOMETRY FOR THE TARGET	M-279; M-280	S-048; S-049; S-050	M-279: Sparsity + measurement geometry; M-280: Sparse signal class	S-048:Local/model-based design | S-049:Information-matrix criterion | S-050:Target functional specified	passive inference/diagnostic	bound	cross-domain; moderate semantic bridge; donor operator/certificate bonus; same-theory lexical penalty
357	5.047243675724765	IM-066	IM-196	S	M	0.04400559224703847	0.0	0.0	SAME OBSERVED DATA + DIFFERENT DATA-GENERATING DESIGN → DIFFERENT VALID INFERENCE	RECOVERY CAN HAVE A SHARP COMPLEXITY–MEASUREMENT GEOMETRY BOUNDARY	S-750; S-754; S-760	M-279; M-280	S-750:Design-aware inference | S-754:Known assignment mechanism | S-760:Experimental design	M-279: Sparsity + measurement geometry; M-280: Sparse signal class	passive inference/diagnostic	none-explicit	cross-domain; moderate semantic bridge; donor operator/certificate bonus; same-theory lexical penalty
358	5.04694463247258	IM-225	IM-344	M	S	0.018937605095590594	0.0	0.0	DEPENDENT SEQUENTIAL DATA CAN STILL HAVE SHARP DEVIATION GUARANTEES IF SURPRISES AND PREDICTABLE VARIANCE ARE CONTROLLED	WITHIN-UNIT COMPARISONS CAN REMOVE TIME-INVARIANT UNIT-LEVEL CONFOUNDING	M-311; M-313	S-315; S-316	M-311:Martingale difference structure | M-313:Martingale variance process	S-315:Transient exposure/effect | S-316:Event-dependent observation assumptions	active control/decision	certificate/exact	cross-domain; moderate semantic bridge; donor operator/certificate bonus; same-theory lexical penalty
359	5.045628361722292	IM-206	IM-010	M	E;P	0.0037907185839516104	0.0	0.0	INFER LONG-TIME BEHAVIOR FROM TRANSFORM BEHAVIOR NEAR A BOUNDARY/LOW FREQUENCY	PHYSICAL TOPOLOGY / POTENTIAL TOPOLOGY / CURRENTLY USABLE TOPOLOGY	M-125; M-126	P-1000; P-999; P-990; P-991; E-916; P-776	M-125: Regularity assumptions; M-126: Summability structure	P-1000:State-dependent connectivity | P-999:Geometry + finite coupling | P-990:Asymmetric recovery/coupling | P-991:Propagation threshold | E-916:Heterogeneous banks | P-776:Transport accessibility	passive inference/diagnostic	bound;local	cross-domain; moderate semantic bridge; donor operator/certificate bonus; same-theory lexical penalty
360	5.045404640016869	IM-035	IM-138	E;M;S	P	0.043864108925914254	0.0	0.0	OBSERVATION CAN BE A SET, NOT A POINT	A BOTTLENECK CAN BECOME DYNAMICALLY UNSTABLE AND SPLIT INTO A NEW TRANSPORT ARCHITECTURE	S-861; S-880; M-008; M-511; E-408	P-510; P-511	S-861:Set-valued observation | S-880:General incomplete data | M-008:Equivalence relation must respect subsequent operations | M-511:Identification | E-408:Preference misalignment	P-510:Laminar resistive MHD | P-511:High Lundquist number	passive inference/diagnostic	none-explicit	cross-domain; moderate semantic bridge; donor operator/certificate bonus; same-theory lexical penalty
361	5.045328736583895	IM-311	IM-197	S	P	0.003758010296001471	0.0	0.0	MANY SIGNALS CAN BE INDIVIDUALLY UNDETECTABLE YET COLLECTIVELY DETECTABLE THROUGH A SMALL GLOBAL DISTORTION OF NULL	TRANSITION/DECAY RATE DEPENDS ON AVAILABLE FINAL STATES IN THE ENVIRONMENT, NOT ONLY ON THE SOURCE	S-174	P-269; P-270	S-174:Rare/weak regime	P-269: Structured environment; P-270: Density-of-states engineering	passive inference/diagnostic	certificate/exact	cross-domain; moderate semantic bridge; donor operator/certificate bonus; same-theory lexical penalty
362	5.044967983330422	IM-249	IM-343	M	S	0.003718611846958913	0.0	0.0	REPLACE AN INACCESSIBLE INTERIOR SOURCE BY A BOUNDARY-EQUIVALENT SOURCE THAT PRESERVES EXTERNAL OBSERVABLES	A VARIABLE KNOWN NOT TO LIE ON THE TARGET CAUSAL PATH CAN STILL BE USED TO EXPOSE OR BRIDGE HIDDEN CONFOUNDING	M-655	S-349; S-350; S-351; S-352	M-655:Potential equivalence	S-349:Known causal null | S-350:Known causal null | S-351:Completeness/proxy conditions | S-352:Integral-equation identification	passive inference/diagnostic	bound	cross-domain; moderate semantic bridge; donor operator/certificate bonus; same-theory lexical penalty
363	5.044765434496558	IM-311	IM-328	S	M	0.012762949984915634	0.0625	0.0	MANY SIGNALS CAN BE INDIVIDUALLY UNDETECTABLE YET COLLECTIVELY DETECTABLE THROUGH A SMALL GLOBAL DISTORTION OF NULL	LOCAL AVERAGING/ELLIPTIC CONSTRAINTS CAN FORCE GLOBAL EXTREMES TO THE BOUNDARY	S-174	M-028; M-641; M-642	S-174:Rare/weak regime	M-028:PDE/order structure | M-641:Laplace-type equilibrium | M-642:Harmonic domain	passive inference/diagnostic	certificate/exact	cross-domain; moderate semantic bridge; donor operator/certificate bonus; same-theory lexical penalty
364	5.0428364918165345	IM-325	IM-136	M	E;P	0.0034854438834668942	0.0	0.0	MONOTONE POLICY RESPONSE CAN BE CERTIFIED FROM COMPLEMENTARITY/ORDER STRUCTURE WITHOUT RESOLVING EVERY PARAMETER VALUE	THE INTERACTION GRAPH ITSELF IS A STATE VARIABLE	M-866; M-867; M-869; M-874; M-880	E-147; E-520; P-675	M-866:Complementary coordinates | M-867:Ordered action × parameter | M-869:Lattice optimization | M-874:Set-valued optimization | M-880:Nondifferentiable/discrete optimization	E-147:Strategic links | E-520:Search/switching costs | P-675:Dense frictional particles	active control/decision	certificate/exact	cross-domain; moderate semantic bridge; donor operator/certificate bonus; same-theory lexical penalty
365	5.042715762320173	IM-325	IM-368	M	P	0.01854530129602666	0.0	0.0	MONOTONE POLICY RESPONSE CAN BE CERTIFIED FROM COMPLEMENTARITY/ORDER STRUCTURE WITHOUT RESOLVING EVERY PARAMETER VALUE	CURVATURE/CHEMICAL-POTENTIAL DIFFERENCES CAN MOVE MATERIAL FROM SMALL STRUCTURES TO LARGE ONES, GROWING THE CHARACTERISTIC SCALE	M-866; M-867; M-869; M-874; M-880	P-082; P-083; P-149	M-866:Complementary coordinates | M-867:Ordered action × parameter | M-869:Lattice optimization | M-874:Set-valued optimization | M-880:Nondifferentiable/discrete optimization	P-082:Interfacial energetics | P-083:Diffusive mass transport | P-149:Interfacial dynamics	active control/decision	certificate/exact	cross-domain; moderate semantic bridge; donor operator/certificate bonus; same-theory lexical penalty
366	5.041695014397284	IM-249	IM-004	M	P	0.0033603038439997	0.0	0.0	REPLACE AN INACCESSIBLE INTERIOR SOURCE BY A BOUNDARY-EQUIVALENT SOURCE THAT PRESERVES EXTERNAL OBSERVABLES	FLOW RESHAPES ITS FUTURE CONDUIT	M-655	P-764; P-765; P-876; P-877; P-967; P-980	M-655:Potential equivalence	P-764:Dissolution + advection | P-765:Unstable reactive infiltration | P-876:Nonuniform electrodeposition | P-877:Metal plating | P-967:Filamentary switch | P-980:Repeated cycling	passive inference/diagnostic	bound	cross-domain; moderate semantic bridge; donor operator/certificate bonus; same-theory lexical penalty
367	5.0414981745365335	IM-181	IM-064	M	P	0.0033387050687584247	0.0	0.0	INTERROGATE AN INACCESSIBLE INTERIOR THROUGH CONTROLLED BOUNDARY INPUTS AND BOUNDARY RESPONSES	ONE FAILURE REDISTRIBUTES LOAD → SURVIVORS CLOSER TO FAILURE → CASCADE	M-431; M-432	P-194; P-195	M-431: PDE boundary access; M-432: Elliptic PDE	P-194:Load-sharing rule | P-195:Interaction/load transfer	active control/decision	bound	cross-domain; moderate semantic bridge; donor operator/certificate bonus; same-theory lexical penalty
368	5.0403932780730605	IM-123	IM-376	S	P	0.043478043743836806	0.0	0.0	GUARANTEE RELATIVE TO DATA-GENERATING SYMMETRY; WHEN SYMMETRY BREAKS GUARANTEE MAY NOT TRAVEL	LOCALLY STABLE REACTION DYNAMICS CAN BECOME SPATIALLY UNSTABLE SOLELY BECAUSE COMPONENTS DIFFUSE AT DIFFERENT RATES	S-090; S-148; S-998	P-090	S-090:Exchangeability | S-148:Exchangeability under null | S-998:Distribution shift	P-090:Reaction-diffusion coupling	mechanism/structural	certificate/exact	cross-domain; moderate semantic bridge; donor operator/certificate bonus; same-theory lexical penalty
369	5.040074707753838	IM-181	IM-305	M	P	0.0031823422816267557	0.0	0.0	INTERROGATE AN INACCESSIBLE INTERIOR THROUGH CONTROLLED BOUNDARY INPUTS AND BOUNDARY RESPONSES	COST OF MAINTAINING A NONEQUILIBRIUM STATE AND COST OF MOVING BETWEEN STATES ARE DIFFERENT ACCOUNTS	M-431; M-432	P-128; P-129	M-431: PDE boundary access; M-432: Elliptic PDE	P-128:NESS transitions | P-129:Driven steady state	active control/decision	bound	cross-domain; moderate semantic bridge; donor operator/certificate bonus; same-theory lexical penalty
370	5.039714841939628	IM-325	IM-138	M	P	0.003142765110274507	0.0	0.0	MONOTONE POLICY RESPONSE CAN BE CERTIFIED FROM COMPLEMENTARITY/ORDER STRUCTURE WITHOUT RESOLVING EVERY PARAMETER VALUE	A BOTTLENECK CAN BECOME DYNAMICALLY UNSTABLE AND SPLIT INTO A NEW TRANSPORT ARCHITECTURE	M-866; M-867; M-869; M-874; M-880	P-510; P-511	M-866:Complementary coordinates | M-867:Ordered action × parameter | M-869:Lattice optimization | M-874:Set-valued optimization | M-880:Nondifferentiable/discrete optimization	P-510:Laminar resistive MHD | P-511:High Lundquist number	active control/decision	certificate/exact	cross-domain; moderate semantic bridge; donor operator/certificate bonus; same-theory lexical penalty
371	5.039578700189617	IM-181	IM-190	M	S	0.0031277875920414093	0.0	0.0	INTERROGATE AN INACCESSIBLE INTERIOR THROUGH CONTROLLED BOUNDARY INPUTS AND BOUNDARY RESPONSES	WHEN YOU CHOOSE TO LOOK CAN ITSELF REVEAL INFORMATION ABOUT THE HIDDEN STATE	M-431; M-432	S-874; S-875	M-431: PDE boundary access; M-432: Elliptic PDE	S-874: Irregular follow-up; S-875: Inspection process	active control/decision	bound	cross-domain; moderate semantic bridge; donor operator/certificate bonus; same-theory lexical penalty
372	5.0395342597149835	IM-325	IM-010	M	E;P	0.0031228979191747753	0.0	0.0	MONOTONE POLICY RESPONSE CAN BE CERTIFIED FROM COMPLEMENTARITY/ORDER STRUCTURE WITHOUT RESOLVING EVERY PARAMETER VALUE	PHYSICAL TOPOLOGY / POTENTIAL TOPOLOGY / CURRENTLY USABLE TOPOLOGY	M-866; M-867; M-869; M-874; M-880	P-1000; P-999; P-990; P-991; E-916; P-776	M-866:Complementary coordinates | M-867:Ordered action × parameter | M-869:Lattice optimization | M-874:Set-valued optimization | M-880:Nondifferentiable/discrete optimization	P-1000:State-dependent connectivity | P-999:Geometry + finite coupling | P-990:Asymmetric recovery/coupling | P-991:Propagation threshold | E-916:Heterogeneous banks | P-776:Transport accessibility	active control/decision	certificate/exact	cross-domain; moderate semantic bridge; donor operator/certificate bonus; same-theory lexical penalty
373	5.0394343857302415	IM-325	IM-137	M	P	0.003111907973864468	0.0	0.0	MONOTONE POLICY RESPONSE CAN BE CERTIFIED FROM COMPLEMENTARITY/ORDER STRUCTURE WITHOUT RESOLVING EVERY PARAMETER VALUE	A FORBIDDEN TOPOLOGY CHANGE CAN BECOME ALLOWED IN A SPECIAL LAYER AND RELEASE STORED POTENTIAL	M-866; M-867; M-869; M-874; M-880	P-508; P-520	M-866:Complementary coordinates | M-867:Ordered action × parameter | M-869:Lattice optimization | M-874:Set-valued optimization | M-880:Nondifferentiable/discrete optimization	P-508:Nonideal plasma layer | P-520:Ideal MHD	active control/decision	certificate/exact	cross-domain; moderate semantic bridge; donor operator/certificate bonus; same-theory lexical penalty
374	5.039282562049549	IM-206	IM-004	M	P	0.0030951987603963457	0.0	0.0	INFER LONG-TIME BEHAVIOR FROM TRANSFORM BEHAVIOR NEAR A BOUNDARY/LOW FREQUENCY	FLOW RESHAPES ITS FUTURE CONDUIT	M-125; M-126	P-764; P-765; P-876; P-877; P-967; P-980	M-125: Regularity assumptions; M-126: Summability structure	P-764:Dissolution + advection | P-765:Unstable reactive infiltration | P-876:Nonuniform electrodeposition | P-877:Metal plating | P-967:Filamentary switch | P-980:Repeated cycling	passive inference/diagnostic	bound;local	cross-domain; moderate semantic bridge; donor operator/certificate bonus; same-theory lexical penalty
375	5.038950859774433	IM-325	IM-293	M	P	0.0030586808510535955	0.0	0.0	MONOTONE POLICY RESPONSE CAN BE CERTIFIED FROM COMPLEMENTARITY/ORDER STRUCTURE WITHOUT RESOLVING EVERY PARAMETER VALUE	FAST MICRO-MOTION CAN ALTER THE EFFECTIVE SLOW POTENTIAL AND STABILIZE AN OTHERWISE UNSTABLE STATE	M-866; M-867; M-869; M-874; M-880	P-114; P-115	M-866:Complementary coordinates | M-867:Ordered action × parameter | M-869:Lattice optimization | M-874:Set-valued optimization | M-880:Nondifferentiable/discrete optimization	P-114:High-frequency forcing | P-115:Multi-scale forcing	active control/decision	certificate/exact	cross-domain; moderate semantic bridge; donor operator/certificate bonus; same-theory lexical penalty
376	5.038602620567565	IM-181	IM-210	M	S	0.003020324834611101	0.0	0.0	INTERROGATE AN INACCESSIBLE INTERIOR THROUGH CONTROLLED BOUNDARY INPUTS AND BOUNDARY RESPONSES	FUTURE DATA CAN CHANGE YOUR BEST ESTIMATE OF THE PAST; ONLINE AND OFFLINE STATE ESTIMATES ARE DIFFERENT	M-431; M-432	S-106; S-107	M-431: PDE boundary access; M-432: Elliptic PDE	S-106: Offline/two-sided information; S-107: Delay/latency tradeoff	active control/decision	bound	cross-domain; moderate semantic bridge; donor operator/certificate bonus; same-theory lexical penalty
377	5.038267962402513	IM-181	IM-171	M	P	0.0029834477414113717	0.0	0.0	INTERROGATE AN INACCESSIBLE INTERIOR THROUGH CONTROLLED BOUNDARY INPUTS AND BOUNDARY RESPONSES	A LOCALLY CAPABLE SOURCE MAY FAIL TO PROPAGATE BECAUSE THE DOWNSTREAM SINK/LOAD IS TOO LARGE	M-431; M-432	P-473; P-999	M-431: PDE boundary access; M-432: Elliptic PDE	P-473: Excitation current balance; P-999: Geometry + finite coupling	active control/decision	bound	cross-domain; moderate semantic bridge; donor operator/certificate bonus; same-theory lexical penalty
378	5.037757024915232	IM-225	IM-382	M	P	0.0029271137869375245	0.0	0.0	DEPENDENT SEQUENTIAL DATA CAN STILL HAVE SHARP DEVIATION GUARANTEES IF SURPRISES AND PREDICTABLE VARIANCE ARE CONTROLLED	A CATALYST/MEDIATOR CAN PARTICIPATE CHEMICALLY, CHANGE STATE, AND THEN REGENERATE RATHER THAN REMAIN PASSIVE	M-311; M-313	P-848; P-849; P-850; P-851	M-311:Martingale difference structure | M-313:Martingale variance process	P-848:Redox catalyst | P-849:Reactive catalyst solid | P-850:Cyclic catalyst state | P-851:Reducible oxide	active control/decision	certificate/exact	cross-domain; moderate semantic bridge; donor operator/certificate bonus; same-theory lexical penalty
379	5.037092551057956	IM-267	IM-095	M	E	0.07265394650777393	0.0	0.0	THE VALUE OF PERFECT FUTURE INFORMATION CAN BE BOUNDED WITHOUT HAVING THAT INFORMATION	DECENTRALIZED ACQUISITION OF COMPLEMENTS → EXPOSURE TO USELESS PARTIAL PACKAGES	M-345	E-344; E-345; E-346	M-345:Sequential selection	E-344:Complementarity | E-345:Nonadditive valuations | E-346:Complementarity + decentralized auctions	mechanism/structural	bound	cross-domain; moderate semantic bridge; donor operator/certificate bonus; same-theory lexical penalty
380	5.035855571845471	IM-225	IM-004	M	P	0.0027171254105560366	0.0	0.0	DEPENDENT SEQUENTIAL DATA CAN STILL HAVE SHARP DEVIATION GUARANTEES IF SURPRISES AND PREDICTABLE VARIANCE ARE CONTROLLED	FLOW RESHAPES ITS FUTURE CONDUIT	M-311; M-313	P-764; P-765; P-876; P-877; P-967; P-980	M-311:Martingale difference structure | M-313:Martingale variance process	P-764:Dissolution + advection | P-765:Unstable reactive infiltration | P-876:Nonuniform electrodeposition | P-877:Metal plating | P-967:Filamentary switch | P-980:Repeated cycling	active control/decision	certificate/exact	cross-domain; moderate semantic bridge; donor operator/certificate bonus; same-theory lexical penalty
381	5.035523860361377	IM-325	IM-284	M	P	0.002680437224654782	0.0	0.0	MONOTONE POLICY RESPONSE CAN BE CERTIFIED FROM COMPLEMENTARITY/ORDER STRUCTURE WITHOUT RESOLVING EVERY PARAMETER VALUE	FAILURE OF LONG-RANGE PROPAGATION DOES NOT MEAN THE FIELD/INFLUENCE VANISHES LOCALLY	M-866; M-867; M-869; M-874; M-880	P-542	M-866:Complementary coordinates | M-867:Ordered action × parameter | M-869:Lattice optimization | M-874:Set-valued optimization | M-880:Nondifferentiable/discrete optimization	P-542:Below-cutoff mode	active control/decision	certificate/exact	cross-domain; moderate semantic bridge; donor operator/certificate bonus; same-theory lexical penalty
382	5.033586608835531	IM-181	IM-335	M	S	0.002465841446089903	0.0	0.0	INTERROGATE AN INACCESSIBLE INTERIOR THROUGH CONTROLLED BOUNDARY INPUTS AND BOUNDARY RESPONSES	MEASUREMENT LOCATIONS SHOULD BE CHOSEN TO SHAPE THE INFORMATION GEOMETRY FOR THE TARGET	M-431; M-432	S-048; S-049; S-050	M-431: PDE boundary access; M-432: Elliptic PDE	S-048:Local/model-based design | S-049:Information-matrix criterion | S-050:Target functional specified	active control/decision	bound	cross-domain; moderate semantic bridge; donor operator/certificate bonus; same-theory lexical penalty
383	5.033022818258936	IM-375	IM-129	P	S	0.11706869775004769	0.0	0.0	MOBILE DEGREES OF FREEDOM CAN REARRANGE THEMSELVES TO ATTENUATE A LONG-RANGE INFLUENCE	ONE ANALYSIS PATH IS NOT THE EVIDENCE; MAP RESULT OVER ALL DEFENSIBLE ANALYSIS PATHS	P-021; P-048	S-440	P-021:Mobile compensating degrees of freedom | P-048:Mobile response	S-440:Researcher degrees of freedom	mechanism/structural	none-explicit	cross-domain; moderate semantic bridge; donor operator/certificate bonus; same-theory lexical penalty
384	5.0322742221506696	IM-325	IM-212	M	S	0.002320141729339272	0.0	0.0	MONOTONE POLICY RESPONSE CAN BE CERTIFIED FROM COMPLEMENTARITY/ORDER STRUCTURE WITHOUT RESOLVING EVERY PARAMETER VALUE	SUBTRACT THE PREDICTABLE PART OF AN OBSERVATION STREAM TO ISOLATE NEW INFORMATION	M-866; M-867; M-869; M-874; M-880	S-105; S-120	M-866:Complementary coordinates | M-867:Ordered action × parameter | M-869:Lattice optimization | M-874:Set-valued optimization | M-880:Nondifferentiable/discrete optimization	S-105: Correct conditional model; S-120: Predictable intensity	active control/decision	certificate/exact	cross-domain; moderate semantic bridge; donor operator/certificate bonus; same-theory lexical penalty
385	5.031755247973374	IM-325	IM-139	M	P	0.002262453590601638	0.0	0.0	MONOTONE POLICY RESPONSE CAN BE CERTIFIED FROM COMPLEMENTARITY/ORDER STRUCTURE WITHOUT RESOLVING EVERY PARAMETER VALUE	CONSERVATION LAWS DEFINE THE MANIFOLD OF POSSIBLE STATES BEFORE DYNAMICS ARE FIT	M-866; M-867; M-869; M-874; M-880	P-442; P-443	M-866:Complementary coordinates | M-867:Ordered action × parameter | M-869:Lattice optimization | M-874:Set-valued optimization | M-880:Nondifferentiable/discrete optimization	P-442:Reaction network | P-443:Conservation constraints	active control/decision	certificate/exact	cross-domain; moderate semantic bridge; donor operator/certificate bonus; same-theory lexical penalty
386	5.031575619166164	IM-325	IM-381	M	P	0.0022424768496233753	0.0	0.0	MONOTONE POLICY RESPONSE CAN BE CERTIFIED FROM COMPLEMENTARITY/ORDER STRUCTURE WITHOUT RESOLVING EVERY PARAMETER VALUE	A PROPAGATING EXCITATION CAN BECOME SELF-SUSTAINING ON A LOOP IF RETURN TIME EXCEEDS LOCAL RECOVERY TIME	M-866; M-867; M-869; M-874; M-880	P-984; P-985; P-994; P-1000	M-866:Complementary coordinates | M-867:Ordered action × parameter | M-869:Lattice optimization | M-874:Set-valued optimization | M-880:Nondifferentiable/discrete optimization	P-984:Recovery variable | P-985:Fast–slow system | P-994:Recovery + closed path | P-1000:State-dependent connectivity	active control/decision	certificate/exact	cross-domain; moderate semantic bridge; donor operator/certificate bonus; same-theory lexical penalty
387	5.031499662965296	IM-249	IM-092	M	E	0.017497511796877113	0.0	0.0	REPLACE AN INACCESSIBLE INTERIOR SOURCE BY A BOUNDARY-EQUIVALENT SOURCE THAT PRESERVES EXTERNAL OBSERVABLES	ACTION CAN CHANGE MACHINE THAT GENERATES FUTURE PREFERENCES/INCENTIVES	M-655	E-020; E-394; E-395	M-655:Potential equivalence	E-020:Experience accumulation | E-394:Consumption memory | E-395:Habit stock dynamics	passive inference/diagnostic	bound	cross-domain; moderate semantic bridge; donor operator/certificate bonus; same-theory lexical penalty
388	5.030691627026476	IM-181	IM-382	M	P	0.0021440952113788167	0.0	0.0	INTERROGATE AN INACCESSIBLE INTERIOR THROUGH CONTROLLED BOUNDARY INPUTS AND BOUNDARY RESPONSES	A CATALYST/MEDIATOR CAN PARTICIPATE CHEMICALLY, CHANGE STATE, AND THEN REGENERATE RATHER THAN REMAIN PASSIVE	M-431; M-432	P-848; P-849; P-850; P-851	M-431: PDE boundary access; M-432: Elliptic PDE	P-848:Redox catalyst | P-849:Reactive catalyst solid | P-850:Cyclic catalyst state | P-851:Reducible oxide	active control/decision	bound	cross-domain; moderate semantic bridge; donor operator/certificate bonus; same-theory lexical penalty
389	5.030672549284048	IM-325	IM-091	M	S	0.0021419706856421012	0.0	0.0	MONOTONE POLICY RESPONSE CAN BE CERTIFIED FROM COMPLEMENTARITY/ORDER STRUCTURE WITHOUT RESOLVING EVERY PARAMETER VALUE	PATH-SPECIFIC EFFECT MAY BE UNIDENTIFIABLE BECAUSE AN INTERMEDIATE WOULD NEED INCOMPATIBLE STATES	M-866; M-867; M-869; M-874; M-880	S-652; S-653	M-866:Complementary coordinates | M-867:Ordered action × parameter | M-869:Lattice optimization | M-874:Set-valued optimization | M-880:Nondifferentiable/discrete optimization	S-652:Causal DAG | S-653:Conflicting path assignments	active control/decision	certificate/exact	cross-domain; moderate semantic bridge; donor operator/certificate bonus; same-theory lexical penalty
390	5.030514364844639	IM-325	IM-197	M	P	0.002124352884332188	0.0	0.0	MONOTONE POLICY RESPONSE CAN BE CERTIFIED FROM COMPLEMENTARITY/ORDER STRUCTURE WITHOUT RESOLVING EVERY PARAMETER VALUE	TRANSITION/DECAY RATE DEPENDS ON AVAILABLE FINAL STATES IN THE ENVIRONMENT, NOT ONLY ON THE SOURCE	M-866; M-867; M-869; M-874; M-880	P-269; P-270	M-866:Complementary coordinates | M-867:Ordered action × parameter | M-869:Lattice optimization | M-874:Set-valued optimization | M-880:Nondifferentiable/discrete optimization	P-269: Structured environment; P-270: Density-of-states engineering	active control/decision	certificate/exact	cross-domain; moderate semantic bridge; donor operator/certificate bonus; same-theory lexical penalty
391	5.030216960751384	IM-325	IM-236	M	S	0.002091219103598919	0.0	0.0	MONOTONE POLICY RESPONSE CAN BE CERTIFIED FROM COMPLEMENTARITY/ORDER STRUCTURE WITHOUT RESOLVING EVERY PARAMETER VALUE	ITERATIVE SELF-FEEDBACK CREATES CORRELATED RESIDUALS; ADD A CORRECTION THAT CANCELS MEMORY OF PREVIOUS ITERATION	M-866; M-867; M-869; M-874; M-880	S-911; S-912	M-866:Complementary coordinates | M-867:Ordered action × parameter | M-869:Lattice optimization | M-874:Set-valued optimization | M-880:Nondifferentiable/discrete optimization	S-911:Random high-dimensional design | S-912:AMP	active control/decision	certificate/exact	cross-domain; moderate semantic bridge; donor operator/certificate bonus; same-theory lexical penalty
392	5.029986561781826	IM-225	IM-121	M	S	0.04516316821028844	0.058823529411764705	0.0	DEPENDENT SEQUENTIAL DATA CAN STILL HAVE SHARP DEVIATION GUARANTEES IF SURPRISES AND PREDICTABLE VARIANCE ARE CONTROLLED	DESIGN EVIDENCE OBJECT TO REMAIN VALID UNDER DATA-DEPENDENT STOPPING	M-311; M-313	S-089; S-227; S-395	M-311:Martingale difference structure | M-313:Martingale variance process	S-089:Sequentially valid evidence | S-227:Sequential validity | S-395:E-values/test martingales	active control/decision	certificate/exact	cross-domain; moderate semantic bridge; donor operator/certificate bonus; same-theory lexical penalty
393	5.029646653078215	IM-225	IM-348	M	S	0.002027643170393961	0.0	0.0	DEPENDENT SEQUENTIAL DATA CAN STILL HAVE SHARP DEVIATION GUARANTEES IF SURPRISES AND PREDICTABLE VARIANCE ARE CONTROLLED	A COUNTERFACTUAL TRAJECTORY CAN BE CONSTRUCTED AS A WEIGHTED MIXTURE OF MANY IMPERFECT DONOR UNITS	M-311; M-313	S-066	M-311:Martingale difference structure | M-313:Martingale variance process	S-066:Pre-treatment comparability	active control/decision	certificate/exact	cross-domain; moderate semantic bridge; donor operator/certificate bonus; same-theory lexical penalty
394	5.029020930563208	IM-225	IM-156	M	E;P	0.001957832234903005	0.0	0.0	DEPENDENT SEQUENTIAL DATA CAN STILL HAVE SHARP DEVIATION GUARANTEES IF SURPRISES AND PREDICTABLE VARIANCE ARE CONTROLLED	SYMMETRIC RULES CAN PRODUCE AN ASYMMETRIC REALIZED STATE; TINY COORDINATION SIGNALS CAN SELECT WHICH ONE	M-311; M-313	P-014; E-155; E-156	M-311:Martingale difference structure | M-313:Martingale variance process	P-014:Degeneracy/instability | E-155:Multiple equilibria | E-156:Expectations coordination	active control/decision	certificate/exact	cross-domain; moderate semantic bridge; donor operator/certificate bonus; same-theory lexical penalty
395	5.028883402470794	IM-311	IM-051	S	P	0.001942480342487523	0.0	0.0	MANY SIGNALS CAN BE INDIVIDUALLY UNDETECTABLE YET COLLECTIVELY DETECTABLE THROUGH A SMALL GLOBAL DISTORTION OF NULL	CONTROL CHANGES FASTER THAN SYSTEM CAN RELAX → PROTOCOL SELECTS FINAL STATE	S-174	P-918	S-174:Rare/weak regime	P-918:Finite relaxation time	passive inference/diagnostic	certificate/exact	cross-domain; moderate semantic bridge; donor operator/certificate bonus; same-theory lexical penalty
396	5.028795273199652	IM-225	IM-383	M	P	0.0019326411742338493	0.0	0.0	DEPENDENT SEQUENTIAL DATA CAN STILL HAVE SHARP DEVIATION GUARANTEES IF SURPRISES AND PREDICTABLE VARIANCE ARE CONTROLLED	A SYSTEM CAN ENTER A LESS-STABLE INTERMEDIATE FIRST BECAUSE ITS ACCESS BARRIER IS LOWER THAN THE DIRECT PATH TO THE GLOBAL BEST STATE	M-311; M-313	P-357	M-311:Martingale difference structure | M-313:Martingale variance process	P-357:Competing kinetic barriers	active control/decision	certificate/exact	cross-domain; moderate semantic bridge; donor operator/certificate bonus; same-theory lexical penalty
397	5.027906420531331	IM-311	IM-062	S	P	0.0018333383790085367	0.0	0.0	MANY SIGNALS CAN BE INDIVIDUALLY UNDETECTABLE YET COLLECTIVELY DETECTABLE THROUGH A SMALL GLOBAL DISTORTION OF NULL	BETTER/FAVORABLE STATE EXISTS ≠ SYSTEM CAN REACH IT	S-174	P-729; P-733	S-174:Rare/weak regime	P-729:Excitation spectrum | P-733:Metastability	passive inference/diagnostic	certificate/exact	cross-domain; moderate semantic bridge; donor operator/certificate bonus; same-theory lexical penalty
398	5.027431238253214	IM-335	IM-365	S	E	0.05380045304136927	0.0	0.0	MEASUREMENT LOCATIONS SHOULD BE CHOSEN TO SHAPE THE INFORMATION GEOMETRY FOR THE TARGET	AN UNPRICED EXTERNAL EFFECT CAN BE INTERNALIZED BY ADDING ITS MARGINAL SOCIAL COST TO THE PRIVATE DECISION	S-048; S-049; S-050	E-049; E-201	S-048:Local/model-based design | S-049:Information-matrix criterion | S-050:Target functional specified	E-049:External cost/benefit measurable | E-201:Externality measurement	information/measurement control	none-explicit	cross-domain; moderate semantic bridge; donor operator/certificate bonus; same-theory lexical penalty
399	5.027301220080632	IM-311	IM-194	S	M	0.0017656552610215161	0.0	0.0	MANY SIGNALS CAN BE INDIVIDUALLY UNDETECTABLE YET COLLECTIVELY DETECTABLE THROUGH A SMALL GLOBAL DISTORTION OF NULL	DON'T JUST ROUTE FLOWS; ALGEBRAICALLY MIX THEM SO DOWNSTREAM NODES CAN RECONSTRUCT WHAT THEY NEED	S-174	M-277	S-174:Rare/weak regime	M-277: Network topology/algebra	passive inference/diagnostic	certificate/exact	cross-domain; moderate semantic bridge; donor operator/certificate bonus; same-theory lexical penalty
400	5.027211606478936	IM-196	IM-051	M	P	0.0017556284147382684	0.0	0.0	RECOVERY CAN HAVE A SHARP COMPLEXITY–MEASUREMENT GEOMETRY BOUNDARY	CONTROL CHANGES FASTER THAN SYSTEM CAN RELAX → PROTOCOL SELECTS FINAL STATE	M-279; M-280	P-918	M-279: Sparsity + measurement geometry; M-280: Sparse signal class	P-918:Finite relaxation time	passive inference/diagnostic	bound	cross-domain; moderate semantic bridge; donor operator/certificate bonus; same-theory lexical penalty
401	5.027029146486844	IM-311	IM-101	S	E	0.0017352091495004198	0.0	0.0	MANY SIGNALS CAN BE INDIVIDUALLY UNDETECTABLE YET COLLECTIVELY DETECTABLE THROUGH A SMALL GLOBAL DISTORTION OF NULL	SAME OBJECT CAN AUTOMATICALLY CHANGE ROLE WHEN STATE CROSSES TRIGGER	S-174	E-718; E-775	S-174:Rare/weak regime	E-718:Contractual trigger | E-775:Verifiable performance	passive inference/diagnostic	certificate/exact	cross-domain; moderate semantic bridge; donor operator/certificate bonus; same-theory lexical penalty
402	5.026532093915399	IM-196	IM-286	M	P	0.001679557272020874	0.0	0.0	RECOVERY CAN HAVE A SHARP COMPLEXITY–MEASUREMENT GEOMETRY BOUNDARY	A LOCAL DEFECT CAN CREATE AN ALLOWED LOCALIZED STATE INSIDE A BULK-FORBIDDEN REGIME	M-279; M-280	P-556	M-279: Sparsity + measurement geometry; M-280: Sparse signal class	P-556:Periodic structure + defect	passive inference/diagnostic	bound	cross-domain; moderate semantic bridge; donor operator/certificate bonus; same-theory lexical penalty
403	5.026330589189874	IM-196	IM-062	M	P	0.0016569850832548428	0.0	0.0	RECOVERY CAN HAVE A SHARP COMPLEXITY–MEASUREMENT GEOMETRY BOUNDARY	BETTER/FAVORABLE STATE EXISTS ≠ SYSTEM CAN REACH IT	M-279; M-280	P-729; P-733	M-279: Sparsity + measurement geometry; M-280: Sparse signal class	P-729:Excitation spectrum | P-733:Metastability	passive inference/diagnostic	bound	cross-domain; moderate semantic bridge; donor operator/certificate bonus; same-theory lexical penalty
404	5.026301305464729	IM-311	IM-222	S	P	0.0016537042474206384	0.0	0.0	MANY SIGNALS CAN BE INDIVIDUALLY UNDETECTABLE YET COLLECTIVELY DETECTABLE THROUGH A SMALL GLOBAL DISTORTION OF NULL	RECOVERY TIME CAN DIVERGE BEFORE THE STATE ITSELF VISIBLY COLLAPSES	S-174	P-119; P-120	S-174:Rare/weak regime	P-119:Near bifurcation/criticality | P-120:Specific transition classes	passive inference/diagnostic	certificate/exact	cross-domain; moderate semantic bridge; donor operator/certificate bonus; same-theory lexical penalty
405	5.026270624472128	IM-311	IM-138	S	P	0.0016502667236599758	0.0	0.0	MANY SIGNALS CAN BE INDIVIDUALLY UNDETECTABLE YET COLLECTIVELY DETECTABLE THROUGH A SMALL GLOBAL DISTORTION OF NULL	A BOTTLENECK CAN BECOME DYNAMICALLY UNSTABLE AND SPLIT INTO A NEW TRANSPORT ARCHITECTURE	S-174	P-510; P-511	S-174:Rare/weak regime	P-510:Laminar resistive MHD | P-511:High Lundquist number	passive inference/diagnostic	certificate/exact	cross-domain; moderate semantic bridge; donor operator/certificate bonus; same-theory lexical penalty
406	5.026091953407149	IM-311	IM-277	S	P	0.001630245352214106	0.0	0.0	MANY SIGNALS CAN BE INDIVIDUALLY UNDETECTABLE YET COLLECTIVELY DETECTABLE THROUGH A SMALL GLOBAL DISTORTION OF NULL	THE SAME INPUT CAN PRODUCE AN IMMEDIATE RESPONSE AND A SLOWER INTERNAL-STATE RESPONSE ON DIFFERENT CLOCKS	S-174	P-529; P-530	S-174:Rare/weak regime	P-529:Rate dependence | P-530:Internal interface state	passive inference/diagnostic	certificate/exact	cross-domain; moderate semantic bridge; donor operator/certificate bonus; same-theory lexical penalty
407	5.025539390238969	IM-196	IM-101	M	E	0.0015682951439681446	0.0	0.0	RECOVERY CAN HAVE A SHARP COMPLEXITY–MEASUREMENT GEOMETRY BOUNDARY	SAME OBJECT CAN AUTOMATICALLY CHANGE ROLE WHEN STATE CROSSES TRIGGER	M-279; M-280	E-718; E-775	M-279: Sparsity + measurement geometry; M-280: Sparse signal class	E-718:Contractual trigger | E-775:Verifiable performance	passive inference/diagnostic	bound	cross-domain; moderate semantic bridge; donor operator/certificate bonus; same-theory lexical penalty
408	5.0254233250125075	IM-196	IM-339	M	S	0.0015552765104504152	0.0	0.0	RECOVERY CAN HAVE A SHARP COMPLEXITY–MEASUREMENT GEOMETRY BOUNDARY	A SCORE CAN MAKE HONEST PROBABILITY REPORTING OPTIMAL	M-279; M-280	S-159	M-279: Sparsity + measurement geometry; M-280: Sparse signal class	S-159:Probabilistic forecasts	passive inference/diagnostic	bound	cross-domain; moderate semantic bridge; donor operator/certificate bonus; same-theory lexical penalty
409	5.025178426667266	IM-271	IM-201	S	M	0.04941630850323987	0.06666666666666667	0.0	RESIDUAL DEPENDENCE AFTER CONDITIONING ON LATENT STATE IS EVIDENCE THE STATE REPRESENTATION IS INCOMPLETE	CONDITIONING ON A RARE FUTURE EVENT CREATES A DIFFERENT EFFECTIVE PATH DYNAMICS	S-332; S-855	M-149	S-332:Latent-variable model | S-855:Violated local independence	M-149: Positive harmonic function	mechanism/structural	certificate/exact	cross-domain; moderate semantic bridge; donor operator/certificate bonus; same-theory lexical penalty
410	5.024993218373387	IM-311	IM-185	S	M	0.0015070145482837863	0.0	0.0	MANY SIGNALS CAN BE INDIVIDUALLY UNDETECTABLE YET COLLECTIVELY DETECTABLE THROUGH A SMALL GLOBAL DISTORTION OF NULL	HEAVY LOAD CAN REDUCE EFFECTIVE DYNAMIC DIMENSION EVEN WHILE NOMINAL DIMENSION STAYS LARGE	S-174	M-326; M-328	S-174:Rare/weak regime	M-326: Near-critical load; M-328: Resource pooling/heavy traffic	passive inference/diagnostic	certificate/exact	cross-domain; moderate semantic bridge; donor operator/certificate bonus; same-theory lexical penalty
411	5.024990117328838	IM-225	IM-311	M	S	0.0015066664769961369	0.0	0.0	DEPENDENT SEQUENTIAL DATA CAN STILL HAVE SHARP DEVIATION GUARANTEES IF SURPRISES AND PREDICTABLE VARIANCE ARE CONTROLLED	MANY SIGNALS CAN BE INDIVIDUALLY UNDETECTABLE YET COLLECTIVELY DETECTABLE THROUGH A SMALL GLOBAL DISTORTION OF NULL	M-311; M-313	S-174	M-311:Martingale difference structure | M-313:Martingale variance process	S-174:Rare/weak regime	active control/decision	certificate/exact	cross-domain; moderate semantic bridge; donor operator/certificate bonus; same-theory lexical penalty
412	5.024741195384893	IM-225	IM-062	M	P	0.0014787217509052166	0.0	0.0	DEPENDENT SEQUENTIAL DATA CAN STILL HAVE SHARP DEVIATION GUARANTEES IF SURPRISES AND PREDICTABLE VARIANCE ARE CONTROLLED	BETTER/FAVORABLE STATE EXISTS ≠ SYSTEM CAN REACH IT	M-311; M-313	P-729; P-733	M-311:Martingale difference structure | M-313:Martingale variance process	P-729:Excitation spectrum | P-733:Metastability	active control/decision	certificate/exact	cross-domain; moderate semantic bridge; donor operator/certificate bonus; same-theory lexical penalty
413	5.0246940508705125	IM-196	IM-277	M	P	0.0014734280706680896	0.0	0.0	RECOVERY CAN HAVE A SHARP COMPLEXITY–MEASUREMENT GEOMETRY BOUNDARY	THE SAME INPUT CAN PRODUCE AN IMMEDIATE RESPONSE AND A SLOWER INTERNAL-STATE RESPONSE ON DIFFERENT CLOCKS	M-279; M-280	P-529; P-530	M-279: Sparsity + measurement geometry; M-280: Sparse signal class	P-529:Rate dependence | P-530:Internal interface state	passive inference/diagnostic	bound	cross-domain; moderate semantic bridge; donor operator/certificate bonus; same-theory lexical penalty
414	5.024534664684838	IM-196	IM-190	M	S	0.0014555286105340933	0.0	0.0	RECOVERY CAN HAVE A SHARP COMPLEXITY–MEASUREMENT GEOMETRY BOUNDARY	WHEN YOU CHOOSE TO LOOK CAN ITSELF REVEAL INFORMATION ABOUT THE HIDDEN STATE	M-279; M-280	S-874; S-875	M-279: Sparsity + measurement geometry; M-280: Sparse signal class	S-874: Irregular follow-up; S-875: Inspection process	passive inference/diagnostic	bound	cross-domain; moderate semantic bridge; donor operator/certificate bonus; same-theory lexical penalty
415	5.024499847510145	IM-196	IM-293	M	P	0.0014516180252025425	0.0	0.0	RECOVERY CAN HAVE A SHARP COMPLEXITY–MEASUREMENT GEOMETRY BOUNDARY	FAST MICRO-MOTION CAN ALTER THE EFFECTIVE SLOW POTENTIAL AND STABILIZE AN OTHERWISE UNSTABLE STATE	M-279; M-280	P-114; P-115	M-279: Sparsity + measurement geometry; M-280: Sparse signal class	P-114:High-frequency forcing | P-115:Multi-scale forcing	passive inference/diagnostic	bound	cross-domain; moderate semantic bridge; donor operator/certificate bonus; same-theory lexical penalty
416	5.024474057212553	IM-325	IM-221	M	P	0.02588896864735227	0.0	0.0	MONOTONE POLICY RESPONSE CAN BE CERTIFIED FROM COMPLEMENTARITY/ORDER STRUCTURE WITHOUT RESOLVING EVERY PARAMETER VALUE	ABANDON EXTREME SLOW TRAJECTORIES AND RESTART; MEAN COMPLETION CAN IMPROVE EVEN THOUGH WORK IS DISCARDED	M-866; M-867; M-869; M-874; M-880	P-131	M-866:Complementary coordinates | M-867:Ordered action × parameter | M-869:Lattice optimization | M-874:Set-valued optimization | M-880:Nondifferentiable/discrete optimization	P-131:Heavy-tail/variable completion time	active control/decision	certificate/exact	cross-domain; moderate semantic bridge; donor operator/certificate bonus; same-theory lexical penalty
417	5.024377409047799	IM-311	IM-292	S	P	0.0014378645044860188	0.0	0.0	MANY SIGNALS CAN BE INDIVIDUALLY UNDETECTABLE YET COLLECTIVELY DETECTABLE THROUGH A SMALL GLOBAL DISTORTION OF NULL	ELIMINATING HIDDEN DYNAMIC VARIABLES CAN TURN A MARKOV/LOCAL SYSTEM INTO MEMORY + COLORED NOISE	S-174	P-105; P-106; P-107	S-174:Rare/weak regime	P-105:Projection formalism | P-106:Chosen relevant subspace | P-107:Exact projected dynamics	passive inference/diagnostic	certificate/exact	cross-domain; moderate semantic bridge; donor operator/certificate bonus; same-theory lexical penalty
418	5.024243514840892	IM-191	IM-241	S	M	0.09410972517357095	0.0	0.0	LATENT COMPONENT NAMES MAY BE PURE SYMMETRY; A NAMED HIDDEN CLASS IS NOT AUTOMATICALLY AN IDENTIFIED ENTITY	SPARSE LOCAL MESSAGES CAN RECOVER A GLOBAL BELIEF/CONSISTENCY STATE — BUT LOOPS CHANGE THE VALIDITY CONTRACT	S-269; S-270	M-269; M-270	S-269: Structural conditions; S-270: Symmetry	M-269:Sparse factor graph | M-270:Tree exact; loopy approximate	mechanism/structural	none-explicit	cross-domain; moderate semantic bridge; donor operator/certificate bonus; same-theory lexical penalty
419	5.0242366500565145	IM-196	IM-291	M	S	0.0014220501250846922	0.0	0.0	RECOVERY CAN HAVE A SHARP COMPLEXITY–MEASUREMENT GEOMETRY BOUNDARY	IN SEQUENTIAL DISCOVERY, FUTURE TESTING BUDGET CAN BE A STOCHASTIC STATE CREATED OR DEPLETED BY EARLIER RESULTS	M-279; M-280	S-391; S-392	M-279: Sparsity + measurement geometry; M-280: Sparse signal class	S-391:Sequential multiple testing | S-392:Online error control	passive inference/diagnostic	bound	cross-domain; moderate semantic bridge; donor operator/certificate bonus; same-theory lexical penalty
420	5.024067467489732	IM-196	IM-282	M	E	0.0014030382106657482	0.0	0.0	RECOVERY CAN HAVE A SHARP COMPLEXITY–MEASUREMENT GEOMETRY BOUNDARY	NOMINAL COMMITMENTS CAN EXCEED PHYSICAL CAPACITY WHEN ONLY A RANDOM SUBSET MATERIALIZES — AT COST OF OVERFLOW RISK	M-279; M-280	E-465; E-466	M-279: Sparsity + measurement geometry; M-280: Sparse signal class	E-465:No-show uncertainty | E-466:Random show-up	passive inference/diagnostic	bound	cross-domain; moderate semantic bridge; donor operator/certificate bonus; same-theory lexical penalty
421	5.024048673411601	IM-346	IM-158	S	M;P	0.04221340859579322	0.0	0.0	BLOCKWISE ROBUST AGGREGATION CAN CONTROL HEAVY TAILS WITHOUT TRUSTING THE GLOBAL MEAN	ABSORPTION CHANGES THE STATE SPACE: AFTER ENTRY, ORDINARY RETURN/ERGODIC LOGIC NO LONGER APPLIES	S-141; S-142	M-148; P-141	S-141:Heavy-tail robustness | S-142:Moment assumptions	M-148:Absorbing dynamics | P-141:Local birth-death	active control/decision	none-explicit	cross-domain; moderate semantic bridge; donor operator/certificate bonus; same-theory lexical penalty
422	5.024040819392411	IM-227	IM-164	M	P	0.04816067441833186	0.05555555555555555	0.0	ORDINARY CLOCK TIME AND ACCUMULATED CONTACT/VISIT TIME AT A BOUNDARY ARE DIFFERENT STATE VARIABLES	COARSE-GRAINING CAN CREATE A VALID EFFECTIVE LAW ONLY AFTER HIDDEN FAST VARIABLES HAVE RELAXED/MIXED	M-317	P-108; P-111; P-030	M-317:Continuous semimartingale	P-108: Time-scale separation; P-111: Fast periodic/ergodic motion; P-030: Scale separation/controlled approximation	mechanism/structural	bound	cross-domain; moderate semantic bridge; donor operator/certificate bonus; same-theory lexical penalty
423	5.024036638704096	IM-225	IM-101	M	E	0.0013995733363328367	0.0	0.0	DEPENDENT SEQUENTIAL DATA CAN STILL HAVE SHARP DEVIATION GUARANTEES IF SURPRISES AND PREDICTABLE VARIANCE ARE CONTROLLED	SAME OBJECT CAN AUTOMATICALLY CHANGE ROLE WHEN STATE CROSSES TRIGGER	M-311; M-313	E-718; E-775	M-311:Martingale difference structure | M-313:Martingale variance process	E-718:Contractual trigger | E-775:Verifiable performance	active control/decision	certificate/exact	cross-domain; moderate semantic bridge; donor operator/certificate bonus; same-theory lexical penalty
424	5.024009651252619	IM-311	IM-164	S	P	0.0013965400700897046	0.0	0.0	MANY SIGNALS CAN BE INDIVIDUALLY UNDETECTABLE YET COLLECTIVELY DETECTABLE THROUGH A SMALL GLOBAL DISTORTION OF NULL	COARSE-GRAINING CAN CREATE A VALID EFFECTIVE LAW ONLY AFTER HIDDEN FAST VARIABLES HAVE RELAXED/MIXED	S-174	P-108; P-111; P-030	S-174:Rare/weak regime	P-108: Time-scale separation; P-111: Fast periodic/ergodic motion; P-030: Scale separation/controlled approximation	passive inference/diagnostic	certificate/exact	cross-domain; moderate semantic bridge; donor operator/certificate bonus; same-theory lexical penalty
425	5.023933276593176	IM-225	IM-339	M	S	0.0013879552857273868	0.0	0.0	DEPENDENT SEQUENTIAL DATA CAN STILL HAVE SHARP DEVIATION GUARANTEES IF SURPRISES AND PREDICTABLE VARIANCE ARE CONTROLLED	A SCORE CAN MAKE HONEST PROBABILITY REPORTING OPTIMAL	M-311; M-313	S-159	M-311:Martingale difference structure | M-313:Martingale variance process	S-159:Probabilistic forecasts	active control/decision	certificate/exact	cross-domain; moderate semantic bridge; donor operator/certificate bonus; same-theory lexical penalty
426	5.023792650852696	IM-325	IM-156	M	E;P	0.00137214604686591	0.0	0.0	MONOTONE POLICY RESPONSE CAN BE CERTIFIED FROM COMPLEMENTARITY/ORDER STRUCTURE WITHOUT RESOLVING EVERY PARAMETER VALUE	SYMMETRIC RULES CAN PRODUCE AN ASYMMETRIC REALIZED STATE; TINY COORDINATION SIGNALS CAN SELECT WHICH ONE	M-866; M-867; M-869; M-874; M-880	P-014; E-155; E-156	M-866:Complementary coordinates | M-867:Ordered action × parameter | M-869:Lattice optimization | M-874:Set-valued optimization | M-880:Nondifferentiable/discrete optimization	P-014:Degeneracy/instability | E-155:Multiple equilibria | E-156:Expectations coordination	active control/decision	certificate/exact	cross-domain; moderate semantic bridge; donor operator/certificate bonus; same-theory lexical penalty
427	5.023786804542263	IM-196	IM-210	M	S	0.001371488733305203	0.0	0.0	RECOVERY CAN HAVE A SHARP COMPLEXITY–MEASUREMENT GEOMETRY BOUNDARY	FUTURE DATA CAN CHANGE YOUR BEST ESTIMATE OF THE PAST; ONLINE AND OFFLINE STATE ESTIMATES ARE DIFFERENT	M-279; M-280	S-106; S-107	M-279: Sparsity + measurement geometry; M-280: Sparse signal class	S-106: Offline/two-sided information; S-107: Delay/latency tradeoff	passive inference/diagnostic	bound	cross-domain; moderate semantic bridge; donor operator/certificate bonus; same-theory lexical penalty
428	5.023759899083451	IM-196	IM-376	M	P	0.0013684636238533814	0.0	0.0	RECOVERY CAN HAVE A SHARP COMPLEXITY–MEASUREMENT GEOMETRY BOUNDARY	LOCALLY STABLE REACTION DYNAMICS CAN BECOME SPATIALLY UNSTABLE SOLELY BECAUSE COMPONENTS DIFFUSE AT DIFFERENT RATES	M-279; M-280	P-090	M-279: Sparsity + measurement geometry; M-280: Sparse signal class	P-090:Reaction-diffusion coupling	passive inference/diagnostic	bound	cross-domain; moderate semantic bridge; donor operator/certificate bonus; same-theory lexical penalty
429	5.023723189535017	IM-311	IM-321	S	M	0.001364336009639211	0.0	0.0	MANY SIGNALS CAN BE INDIVIDUALLY UNDETECTABLE YET COLLECTIVELY DETECTABLE THROUGH A SMALL GLOBAL DISTORTION OF NULL	A CONTINUOUS RELAXATION CAN BECOME EXACTLY DISCRETE UNDER SPECIAL INTEGRAL GEOMETRY	S-174	M-533; M-534	S-174:Rare/weak regime	M-533:Integer matrix structure | M-534:Directed network	passive inference/diagnostic	certificate/exact	cross-domain; moderate semantic bridge; donor operator/certificate bonus; same-theory lexical penalty
430	5.023493117403642	IM-196	IM-097	M	E	0.0013384619058457571	0.0	0.0	RECOVERY CAN HAVE A SHARP COMPLEXITY–MEASUREMENT GEOMETRY BOUNDARY	MORE INPUT/CAPACITY/FEWER CONSTRAINTS CAN MAKE GLOBAL OUTCOME WORSE	M-279; M-280	E-108; E-127; E-206	M-279: Sparsity + measurement geometry; M-280: Sparse signal class	E-108:Multiple interacting wedges | E-127:Noncooperative routing | E-206:Elastic demand/general equilibrium	passive inference/diagnostic	bound	cross-domain; moderate semantic bridge; donor operator/certificate bonus; same-theory lexical penalty
431	5.02336586473849	IM-377	IM-358	P	E	0.07730441025216836	0.05555555555555555	0.0	AN INTERMEDIATE AMOUNT OF NOISE CAN IMPROVE DETECTION OR REGULARITY WHEN ZERO AND LARGE NOISE BOTH PERFORM WORSE	SMALL PRIVATE NOISE CAN REMOVE COORDINATION MULTIPLICITY BY CREATING A UNIQUE THRESHOLD STRATEGY	P-065; P-066; P-376; P-377	E-097	P-065:Threshold/nonlinear system | P-066:Excitable dynamics | P-376:Noise + bistability | P-377:Excitable system	E-097:Noisy private information	passive inference/diagnostic	none-explicit	cross-domain; moderate semantic bridge; donor operator/certificate bonus; same-theory lexical penalty
432	5.023147278061995	IM-196	IM-292	M	P	0.0012995528064837698	0.0	0.0	RECOVERY CAN HAVE A SHARP COMPLEXITY–MEASUREMENT GEOMETRY BOUNDARY	ELIMINATING HIDDEN DYNAMIC VARIABLES CAN TURN A MARKOV/LOCAL SYSTEM INTO MEMORY + COLORED NOISE	M-279; M-280	P-105; P-106; P-107	M-279: Sparsity + measurement geometry; M-280: Sparse signal class	P-105:Projection formalism | P-106:Chosen relevant subspace | P-107:Exact projected dynamics	passive inference/diagnostic	bound	cross-domain; moderate semantic bridge; donor operator/certificate bonus; same-theory lexical penalty
433	5.0222952887066565	IM-225	IM-367	M	P	0.0012036179472944932	0.0	0.0	DEPENDENT SEQUENTIAL DATA CAN STILL HAVE SHARP DEVIATION GUARANTEES IF SURPRISES AND PREDICTABLE VARIANCE ARE CONTROLLED	DYNAMICS CAN SLOW BY ORDERS OF MAGNITUDE WITHOUT A CORRESPONDING ORDINARY STATIC ORDERING TRANSITION	M-311; M-313	P-052	M-311:Martingale difference structure | M-313:Martingale variance process	P-052:Frustration/complex energy landscape	active control/decision	certificate/exact	cross-domain; moderate semantic bridge; donor operator/certificate bonus; same-theory lexical penalty
434	5.022214066448288	IM-225	IM-097	M	E	0.0011944662344481529	0.0	0.0	DEPENDENT SEQUENTIAL DATA CAN STILL HAVE SHARP DEVIATION GUARANTEES IF SURPRISES AND PREDICTABLE VARIANCE ARE CONTROLLED	MORE INPUT/CAPACITY/FEWER CONSTRAINTS CAN MAKE GLOBAL OUTCOME WORSE	M-311; M-313	E-108; E-127; E-206	M-311:Martingale difference structure | M-313:Martingale variance process	E-108:Multiple interacting wedges | E-127:Noncooperative routing | E-206:Elastic demand/general equilibrium	active control/decision	certificate/exact	cross-domain; moderate semantic bridge; donor operator/certificate bonus; same-theory lexical penalty
435	5.02206373724464	IM-311	IM-381	S	P	0.0011775251390607657	0.0	0.0	MANY SIGNALS CAN BE INDIVIDUALLY UNDETECTABLE YET COLLECTIVELY DETECTABLE THROUGH A SMALL GLOBAL DISTORTION OF NULL	A PROPAGATING EXCITATION CAN BECOME SELF-SUSTAINING ON A LOOP IF RETURN TIME EXCEEDS LOCAL RECOVERY TIME	S-174	P-984; P-985; P-994; P-1000	S-174:Rare/weak regime	P-984:Recovery variable | P-985:Fast–slow system | P-994:Recovery + closed path | P-1000:State-dependent connectivity	passive inference/diagnostic	certificate/exact	cross-domain; moderate semantic bridge; donor operator/certificate bonus; same-theory lexical penalty
436	5.022015498397402	IM-311	IM-383	S	P	0.008707810278616942	0.05	0.0	MANY SIGNALS CAN BE INDIVIDUALLY UNDETECTABLE YET COLLECTIVELY DETECTABLE THROUGH A SMALL GLOBAL DISTORTION OF NULL	A SYSTEM CAN ENTER A LESS-STABLE INTERMEDIATE FIRST BECAUSE ITS ACCESS BARRIER IS LOWER THAN THE DIRECT PATH TO THE GLOBAL BEST STATE	S-174	P-357	S-174:Rare/weak regime	P-357:Competing kinetic barriers	passive inference/diagnostic	certificate/exact	cross-domain; moderate semantic bridge; donor operator/certificate bonus; same-theory lexical penalty
437	5.021905979962452	IM-225	IM-292	M	P	0.0011597430905187671	0.0	0.0	DEPENDENT SEQUENTIAL DATA CAN STILL HAVE SHARP DEVIATION GUARANTEES IF SURPRISES AND PREDICTABLE VARIANCE ARE CONTROLLED	ELIMINATING HIDDEN DYNAMIC VARIABLES CAN TURN A MARKOV/LOCAL SYSTEM INTO MEMORY + COLORED NOISE	M-311; M-313	P-105; P-106; P-107	M-311:Martingale difference structure | M-313:Martingale variance process	P-105:Projection formalism | P-106:Chosen relevant subspace | P-107:Exact projected dynamics	active control/decision	certificate/exact	cross-domain; moderate semantic bridge; donor operator/certificate bonus; same-theory lexical penalty
438	5.0212442969588915	IM-325	IM-237	M	S	0.0010851165568996387	0.0	0.0	MONOTONE POLICY RESPONSE CAN BE CERTIFIED FROM COMPLEMENTARITY/ORDER STRUCTURE WITHOUT RESOLVING EVERY PARAMETER VALUE	A HUGE COUPLED ESTIMATION ALGORITHM CAN HAVE LOW-DIMENSIONAL ERROR DYNAMICS IN THE RIGHT RANDOM REGIME	M-866; M-867; M-869; M-874; M-880	S-913	M-866:Complementary coordinates | M-867:Ordered action × parameter | M-869:Lattice optimization | M-874:Set-valued optimization | M-880:Nondifferentiable/discrete optimization	S-913:AMP asymptotics	active control/decision	certificate/exact	cross-domain; moderate semantic bridge; donor operator/certificate bonus; same-theory lexical penalty
439	5.021174367677607	IM-311	IM-382	S	P	0.0010772256569778445	0.0	0.0	MANY SIGNALS CAN BE INDIVIDUALLY UNDETECTABLE YET COLLECTIVELY DETECTABLE THROUGH A SMALL GLOBAL DISTORTION OF NULL	A CATALYST/MEDIATOR CAN PARTICIPATE CHEMICALLY, CHANGE STATE, AND THEN REGENERATE RATHER THAN REMAIN PASSIVE	S-174	P-848; P-849; P-850; P-851	S-174:Rare/weak regime	P-848:Redox catalyst | P-849:Reactive catalyst solid | P-850:Cyclic catalyst state | P-851:Reducible oxide	passive inference/diagnostic	certificate/exact	cross-domain; moderate semantic bridge; donor operator/certificate bonus; same-theory lexical penalty
440	5.020812340488796	IM-325	IM-062	M	P	0.001036361629330182	0.0	0.0	MONOTONE POLICY RESPONSE CAN BE CERTIFIED FROM COMPLEMENTARITY/ORDER STRUCTURE WITHOUT RESOLVING EVERY PARAMETER VALUE	BETTER/FAVORABLE STATE EXISTS ≠ SYSTEM CAN REACH IT	M-866; M-867; M-869; M-874; M-880	P-729; P-733	M-866:Complementary coordinates | M-867:Ordered action × parameter | M-869:Lattice optimization | M-874:Set-valued optimization | M-880:Nondifferentiable/discrete optimization	P-729:Excitation spectrum | P-733:Metastability	active control/decision	certificate/exact	cross-domain; moderate semantic bridge; donor operator/certificate bonus; same-theory lexical penalty
441	5.0207655449567286	IM-325	IM-101	M	E	0.005651692194855075	0.0	0.05263157894736842	MONOTONE POLICY RESPONSE CAN BE CERTIFIED FROM COMPLEMENTARITY/ORDER STRUCTURE WITHOUT RESOLVING EVERY PARAMETER VALUE	SAME OBJECT CAN AUTOMATICALLY CHANGE ROLE WHEN STATE CROSSES TRIGGER	M-866; M-867; M-869; M-874; M-880	E-718; E-775	M-866:Complementary coordinates | M-867:Ordered action × parameter | M-869:Lattice optimization | M-874:Set-valued optimization | M-880:Nondifferentiable/discrete optimization	E-718:Contractual trigger | E-775:Verifiable performance	active control/decision	certificate/exact	cross-domain; moderate semantic bridge; donor operator/certificate bonus; same-theory lexical penalty
442	5.0202567177584845	IM-196	IM-382	M	P	0.0009736046904101685	0.0	0.0	RECOVERY CAN HAVE A SHARP COMPLEXITY–MEASUREMENT GEOMETRY BOUNDARY	A CATALYST/MEDIATOR CAN PARTICIPATE CHEMICALLY, CHANGE STATE, AND THEN REGENERATE RATHER THAN REMAIN PASSIVE	M-279; M-280	P-848; P-849; P-850; P-851	M-279: Sparsity + measurement geometry; M-280: Sparse signal class	P-848:Redox catalyst | P-849:Reactive catalyst solid | P-850:Cyclic catalyst state | P-851:Reducible oxide	passive inference/diagnostic	bound	cross-domain; moderate semantic bridge; donor operator/certificate bonus; same-theory lexical penalty
443	5.019913525540056	IM-325	IM-222	M	P	0.0009348168608208223	0.0	0.0	MONOTONE POLICY RESPONSE CAN BE CERTIFIED FROM COMPLEMENTARITY/ORDER STRUCTURE WITHOUT RESOLVING EVERY PARAMETER VALUE	RECOVERY TIME CAN DIVERGE BEFORE THE STATE ITSELF VISIBLY COLLAPSES	M-866; M-867; M-869; M-874; M-880	P-119; P-120	M-866:Complementary coordinates | M-867:Ordered action × parameter | M-869:Lattice optimization | M-874:Set-valued optimization | M-880:Nondifferentiable/discrete optimization	P-119:Near bifurcation/criticality | P-120:Specific transition classes	active control/decision	certificate/exact	cross-domain; moderate semantic bridge; donor operator/certificate bonus; same-theory lexical penalty
444	5.019050037145052	IM-325	IM-097	M	E	0.0008371412486188024	0.0	0.0	MONOTONE POLICY RESPONSE CAN BE CERTIFIED FROM COMPLEMENTARITY/ORDER STRUCTURE WITHOUT RESOLVING EVERY PARAMETER VALUE	MORE INPUT/CAPACITY/FEWER CONSTRAINTS CAN MAKE GLOBAL OUTCOME WORSE	M-866; M-867; M-869; M-874; M-880	E-108; E-127; E-206	M-866:Complementary coordinates | M-867:Ordered action × parameter | M-869:Lattice optimization | M-874:Set-valued optimization | M-880:Nondifferentiable/discrete optimization	E-108:Multiple interacting wedges | E-127:Noncooperative routing | E-206:Elastic demand/general equilibrium	active control/decision	certificate/exact	cross-domain; moderate semantic bridge; donor operator/certificate bonus; same-theory lexical penalty
445	5.018835065212393	IM-325	IM-292	M	P	0.0008128055451667531	0.0	0.0	MONOTONE POLICY RESPONSE CAN BE CERTIFIED FROM COMPLEMENTARITY/ORDER STRUCTURE WITHOUT RESOLVING EVERY PARAMETER VALUE	ELIMINATING HIDDEN DYNAMIC VARIABLES CAN TURN A MARKOV/LOCAL SYSTEM INTO MEMORY + COLORED NOISE	M-866; M-867; M-869; M-874; M-880	P-105; P-106; P-107	M-866:Complementary coordinates | M-867:Ordered action × parameter | M-869:Lattice optimization | M-874:Set-valued optimization | M-880:Nondifferentiable/discrete optimization	P-105:Projection formalism | P-106:Chosen relevant subspace | P-107:Exact projected dynamics	active control/decision	certificate/exact	cross-domain; moderate semantic bridge; donor operator/certificate bonus; same-theory lexical penalty
446	5.016827592295386	IM-338	IM-357	S	E	0.04165192534714722	0.0	0.0	SEQUENTIAL WEAK LEARNERS CAN BECOME STRONG BY TARGETING THE RESIDUAL LEFT BY EARLIER LEARNERS	PUBLIC ACTIONS CAN ACCUMULATE UNTIL A NEW AGENT RATIONALLY IGNORES ITS OWN PRIVATE SIGNAL	S-155	E-099	S-155:Additive learner	E-099:Sequential social learning	mechanism/structural	certificate/exact	cross-domain; moderate semantic bridge; donor operator/certificate bonus; same-theory lexical penalty
447	5.016731418041865	IM-225	IM-428	M	S	0.03770575328821282	0.0	0.0	DEPENDENT SEQUENTIAL DATA CAN STILL HAVE SHARP DEVIATION GUARANTEES IF SURPRISES AND PREDICTABLE VARIANCE ARE CONTROLLED	ABSTAIN ON UNCERTAIN CASES TO TRADE COVERAGE FOR CONDITIONAL RELIABILITY INSTEAD OF FORCING A LABEL EVERYWHERE	M-311; M-313	S-700	M-311:Martingale difference structure | M-313:Martingale variance process	see canonical 4000-record inventory	active control/decision	certificate/exact	cross-domain; moderate semantic bridge; donor operator/certificate bonus; same-theory lexical penalty
448	5.016358189695321	IM-249	IM-309	M	S	0.037675996815109206	0.0	0.0	REPLACE AN INACCESSIBLE INTERIOR SOURCE BY A BOUNDARY-EQUIVALENT SOURCE THAT PRESERVES EXTERNAL OBSERVABLES	ONCE DATA WERE USED TO CHOOSE WHAT TO TEST, THE VALID REFERENCE LAW MUST ACCOUNT FOR THAT SELECTION EVENT	M-655	S-241; S-242	M-655:Potential equivalence	S-241:Selection event | S-242:Model selection	passive inference/diagnostic	bound	cross-domain; moderate semantic bridge; donor operator/certificate bonus; same-theory lexical penalty
449	5.014881473615601	IM-311	IM-241	S	M	0.007969602258411347	0.05	0.0	MANY SIGNALS CAN BE INDIVIDUALLY UNDETECTABLE YET COLLECTIVELY DETECTABLE THROUGH A SMALL GLOBAL DISTORTION OF NULL	SPARSE LOCAL MESSAGES CAN RECOVER A GLOBAL BELIEF/CONSISTENCY STATE — BUT LOOPS CHANGE THE VALIDITY CONTRACT	S-174	M-269; M-270	S-174:Rare/weak regime	M-269:Sparse factor graph | M-270:Tree exact; loopy approximate	passive inference/diagnostic	certificate/exact	cross-domain; moderate semantic bridge; donor operator/certificate bonus; same-theory lexical penalty
450	5.0145117409618845	IM-221	IM-185	P	M	0.04147148375903083	0.0	0.0	ABANDON EXTREME SLOW TRAJECTORIES AND RESTART; MEAN COMPLETION CAN IMPROVE EVEN THOUGH WORK IS DISCARDED	HEAVY LOAD CAN REDUCE EFFECTIVE DYNAMIC DIMENSION EVEN WHILE NOMINAL DIMENSION STAYS LARGE	P-131	M-326; M-328	P-131:Heavy-tail/variable completion time	M-326: Near-critical load; M-328: Resource pooling/heavy traffic	active control/decision	none-explicit	cross-domain; moderate semantic bridge; donor operator/certificate bonus; same-theory lexical penalty
451	5.012770814809888	IM-311	IM-396	S	M	0.04349002046470686	0.05555555555555555	0.0	MANY SIGNALS CAN BE INDIVIDUALLY UNDETECTABLE YET COLLECTIVELY DETECTABLE THROUGH A SMALL GLOBAL DISTORTION OF NULL	GLOBAL TOPOLOGY CAN BE RECONSTRUCTED FROM WHICH LOCAL REGIONS AND HIGHER OVERLAPS ARE JOINTLY NONEMPTY	S-174	M-486;M-487	S-174:Rare/weak regime	see canonical 4000-record inventory	passive inference/diagnostic	certificate/exact	cross-domain; moderate semantic bridge; donor operator/certificate bonus; same-theory lexical penalty
452	5.012313012643945	IM-225	IM-260	M	S	0.015679563726619262	0.0	0.0	DEPENDENT SEQUENTIAL DATA CAN STILL HAVE SHARP DEVIATION GUARANTEES IF SURPRISES AND PREDICTABLE VARIANCE ARE CONTROLLED	A DECISION RULE CAN SUCCEED WITHOUT IDENTIFYING THE TRUE WORLD IF ITS CUMULATIVE LOSS TRACKS A STRONG COMPARATOR	M-311; M-313	S-222	M-311:Martingale difference structure | M-313:Martingale variance process	S-222:Comparator class	active control/decision	certificate/exact	cross-domain; moderate semantic bridge; donor operator/certificate bonus; same-theory lexical penalty
453	5.012078701408454	IM-225	IM-056	M	S	0.01565715599495026	0.0	0.0	DEPENDENT SEQUENTIAL DATA CAN STILL HAVE SHARP DEVIATION GUARANTEES IF SURPRISES AND PREDICTABLE VARIANCE ARE CONTROLLED	CLUSTERING DOES NOT IDENTIFY THE INTERACTION THAT CREATED IT	M-311; M-313	S-602; S-603; S-608; S-612	M-311:Martingale difference structure | M-313:Martingale variance process	S-602:Spatially varying intensity | S-603:Latent intensity field | S-608:Interacting point pattern | S-612:Second-order spatial dependence	active control/decision	certificate/exact	cross-domain; moderate semantic bridge; donor operator/certificate bonus; same-theory lexical penalty
454	5.011853851734002	IM-208	IM-271	M	S	0.04758589493153923	0.058823529411764705	0.0	A NON-MARKOV OBSERVED PROCESS CAN BECOME MARKOV AFTER ADDING THE RIGHT MEMORY VARIABLE	RESIDUAL DEPENDENCE AFTER CONDITIONING ON LATENT STATE IS EVIDENCE THE STATE REPRESENTATION IS INCOMPLETE	M-121; M-122	S-332; S-855	M-121: Markovization; M-122: Duration dependence	S-332:Latent-variable model | S-855:Violated local independence	passive inference/diagnostic	none-explicit	cross-domain; moderate semantic bridge; donor operator/certificate bonus; same-theory lexical penalty
455	5.011853851734002	IM-271	IM-208	S	M	0.04758589493153923	0.058823529411764705	0.0	RESIDUAL DEPENDENCE AFTER CONDITIONING ON LATENT STATE IS EVIDENCE THE STATE REPRESENTATION IS INCOMPLETE	A NON-MARKOV OBSERVED PROCESS CAN BECOME MARKOV AFTER ADDING THE RIGHT MEMORY VARIABLE	S-332; S-855	M-121; M-122	S-332:Latent-variable model | S-855:Violated local independence	M-121: Markovization; M-122: Duration dependence	mechanism/structural	certificate/exact	cross-domain; moderate semantic bridge; donor operator/certificate bonus; same-theory lexical penalty
456	5.011692795130893	IM-181	IM-004	M	P	0.0	0.0	0.0	INTERROGATE AN INACCESSIBLE INTERIOR THROUGH CONTROLLED BOUNDARY INPUTS AND BOUNDARY RESPONSES	FLOW RESHAPES ITS FUTURE CONDUIT	M-431; M-432	P-764; P-765; P-876; P-877; P-967; P-980	M-431: PDE boundary access; M-432: Elliptic PDE	P-764:Dissolution + advection | P-765:Unstable reactive infiltration | P-876:Nonuniform electrodeposition | P-877:Metal plating | P-967:Filamentary switch | P-980:Repeated cycling	active control/decision	bound	cross-domain; moderate semantic bridge; donor operator/certificate bonus; same-theory lexical penalty
457	5.011692795130893	IM-181	IM-044	M	E;P	0.0	0.0	0.0	INTERROGATE AN INACCESSIBLE INTERIOR THROUGH CONTROLLED BOUNDARY INPUTS AND BOUNDARY RESPONSES	SAME AGGREGATE AMOUNT ≠ SAME FUNCTIONAL STATE	M-431; M-432	P-780; E-738; E-916	M-431: PDE boundary access; M-432: Elliptic PDE	P-780:Strong evolving heterogeneity | E-738:Heterogeneous vintages | E-916:Heterogeneous banks	active control/decision	bound	cross-domain; moderate semantic bridge; donor operator/certificate bonus; same-theory lexical penalty
458	5.011692795130893	IM-181	IM-062	M	P	0.0	0.0	0.0	INTERROGATE AN INACCESSIBLE INTERIOR THROUGH CONTROLLED BOUNDARY INPUTS AND BOUNDARY RESPONSES	BETTER/FAVORABLE STATE EXISTS ≠ SYSTEM CAN REACH IT	M-431; M-432	P-729; P-733	M-431: PDE boundary access; M-432: Elliptic PDE	P-729:Excitation spectrum | P-733:Metastability	active control/decision	bound	cross-domain; moderate semantic bridge; donor operator/certificate bonus; same-theory lexical penalty
459	5.011692795130893	IM-181	IM-078	M	P	0.0	0.0	0.0	INTERROGATE AN INACCESSIBLE INTERIOR THROUGH CONTROLLED BOUNDARY INPUTS AND BOUNDARY RESPONSES	STATE DETERIORATES → NEW CONSTRAINTS ACTIVATE → FREEDOM FALLS → FURTHER DETERIORATION	M-431; M-432	P-680; P-880	M-431: PDE boundary access; M-432: Elliptic PDE	P-680:Dense particulate system | P-880:Coupled degradation	active control/decision	bound	cross-domain; moderate semantic bridge; donor operator/certificate bonus; same-theory lexical penalty
460	5.011692795130893	IM-181	IM-097	M	E	0.0	0.0	0.0	INTERROGATE AN INACCESSIBLE INTERIOR THROUGH CONTROLLED BOUNDARY INPUTS AND BOUNDARY RESPONSES	MORE INPUT/CAPACITY/FEWER CONSTRAINTS CAN MAKE GLOBAL OUTCOME WORSE	M-431; M-432	E-108; E-127; E-206	M-431: PDE boundary access; M-432: Elliptic PDE	E-108:Multiple interacting wedges | E-127:Noncooperative routing | E-206:Elastic demand/general equilibrium	active control/decision	bound	cross-domain; moderate semantic bridge; donor operator/certificate bonus; same-theory lexical penalty
461	5.011692795130893	IM-181	IM-101	M	E	0.0	0.0	0.0	INTERROGATE AN INACCESSIBLE INTERIOR THROUGH CONTROLLED BOUNDARY INPUTS AND BOUNDARY RESPONSES	SAME OBJECT CAN AUTOMATICALLY CHANGE ROLE WHEN STATE CROSSES TRIGGER	M-431; M-432	E-718; E-775	M-431: PDE boundary access; M-432: Elliptic PDE	E-718:Contractual trigger | E-775:Verifiable performance	active control/decision	bound	cross-domain; moderate semantic bridge; donor operator/certificate bonus; same-theory lexical penalty
462	5.011692795130893	IM-181	IM-139	M	P	0.0	0.0	0.0	INTERROGATE AN INACCESSIBLE INTERIOR THROUGH CONTROLLED BOUNDARY INPUTS AND BOUNDARY RESPONSES	CONSERVATION LAWS DEFINE THE MANIFOLD OF POSSIBLE STATES BEFORE DYNAMICS ARE FIT	M-431; M-432	P-442; P-443	M-431: PDE boundary access; M-432: Elliptic PDE	P-442:Reaction network | P-443:Conservation constraints	active control/decision	bound	cross-domain; moderate semantic bridge; donor operator/certificate bonus; same-theory lexical penalty
463	5.011692795130893	IM-181	IM-189	M	S	0.0	0.0	0.0	INTERROGATE AN INACCESSIBLE INTERIOR THROUGH CONTROLLED BOUNDARY INPUTS AND BOUNDARY RESPONSES	RANDOM-TIME OBSERVATION OVERREPRESENTS LONG-LIVED STATES/EPISODES	M-431; M-432	S-272	M-431: PDE boundary access; M-432: Elliptic PDE	S-272: Duration-biased sampling	active control/decision	bound	cross-domain; moderate semantic bridge; donor operator/certificate bonus; same-theory lexical penalty
464	5.011692795130893	IM-181	IM-197	M	P	0.0	0.0	0.0	INTERROGATE AN INACCESSIBLE INTERIOR THROUGH CONTROLLED BOUNDARY INPUTS AND BOUNDARY RESPONSES	TRANSITION/DECAY RATE DEPENDS ON AVAILABLE FINAL STATES IN THE ENVIRONMENT, NOT ONLY ON THE SOURCE	M-431; M-432	P-269; P-270	M-431: PDE boundary access; M-432: Elliptic PDE	P-269: Structured environment; P-270: Density-of-states engineering	active control/decision	bound	cross-domain; moderate semantic bridge; donor operator/certificate bonus; same-theory lexical penalty
465	5.011692795130893	IM-181	IM-222	M	P	0.0	0.0	0.0	INTERROGATE AN INACCESSIBLE INTERIOR THROUGH CONTROLLED BOUNDARY INPUTS AND BOUNDARY RESPONSES	RECOVERY TIME CAN DIVERGE BEFORE THE STATE ITSELF VISIBLY COLLAPSES	M-431; M-432	P-119; P-120	M-431: PDE boundary access; M-432: Elliptic PDE	P-119:Near bifurcation/criticality | P-120:Specific transition classes	active control/decision	bound	cross-domain; moderate semantic bridge; donor operator/certificate bonus; same-theory lexical penalty
466	5.011692795130893	IM-181	IM-236	M	S	0.0	0.0	0.0	INTERROGATE AN INACCESSIBLE INTERIOR THROUGH CONTROLLED BOUNDARY INPUTS AND BOUNDARY RESPONSES	ITERATIVE SELF-FEEDBACK CREATES CORRELATED RESIDUALS; ADD A CORRECTION THAT CANCELS MEMORY OF PREVIOUS ITERATION	M-431; M-432	S-911; S-912	M-431: PDE boundary access; M-432: Elliptic PDE	S-911:Random high-dimensional design | S-912:AMP	active control/decision	bound	cross-domain; moderate semantic bridge; donor operator/certificate bonus; same-theory lexical penalty
467	5.011692795130893	IM-181	IM-237	M	S	0.0	0.0	0.0	INTERROGATE AN INACCESSIBLE INTERIOR THROUGH CONTROLLED BOUNDARY INPUTS AND BOUNDARY RESPONSES	A HUGE COUPLED ESTIMATION ALGORITHM CAN HAVE LOW-DIMENSIONAL ERROR DYNAMICS IN THE RIGHT RANDOM REGIME	M-431; M-432	S-913	M-431: PDE boundary access; M-432: Elliptic PDE	S-913:AMP asymptotics	active control/decision	bound	cross-domain; moderate semantic bridge; donor operator/certificate bonus; same-theory lexical penalty
468	5.011692795130893	IM-181	IM-271	M	S	0.0	0.0	0.0	INTERROGATE AN INACCESSIBLE INTERIOR THROUGH CONTROLLED BOUNDARY INPUTS AND BOUNDARY RESPONSES	RESIDUAL DEPENDENCE AFTER CONDITIONING ON LATENT STATE IS EVIDENCE THE STATE REPRESENTATION IS INCOMPLETE	M-431; M-432	S-332; S-855	M-431: PDE boundary access; M-432: Elliptic PDE	S-332:Latent-variable model | S-855:Violated local independence	active control/decision	bound	cross-domain; moderate semantic bridge; donor operator/certificate bonus; same-theory lexical penalty
469	5.011692795130893	IM-181	IM-284	M	P	0.0	0.0	0.0	INTERROGATE AN INACCESSIBLE INTERIOR THROUGH CONTROLLED BOUNDARY INPUTS AND BOUNDARY RESPONSES	FAILURE OF LONG-RANGE PROPAGATION DOES NOT MEAN THE FIELD/INFLUENCE VANISHES LOCALLY	M-431; M-432	P-542	M-431: PDE boundary access; M-432: Elliptic PDE	P-542:Below-cutoff mode	active control/decision	bound	cross-domain; moderate semantic bridge; donor operator/certificate bonus; same-theory lexical penalty
470	5.011692795130893	IM-181	IM-291	M	S	0.0	0.0	0.0	INTERROGATE AN INACCESSIBLE INTERIOR THROUGH CONTROLLED BOUNDARY INPUTS AND BOUNDARY RESPONSES	IN SEQUENTIAL DISCOVERY, FUTURE TESTING BUDGET CAN BE A STOCHASTIC STATE CREATED OR DEPLETED BY EARLIER RESULTS	M-431; M-432	S-391; S-392	M-431: PDE boundary access; M-432: Elliptic PDE	S-391:Sequential multiple testing | S-392:Online error control	active control/decision	bound	cross-domain; moderate semantic bridge; donor operator/certificate bonus; same-theory lexical penalty
471	5.011692795130893	IM-181	IM-292	M	P	0.0	0.0	0.0	INTERROGATE AN INACCESSIBLE INTERIOR THROUGH CONTROLLED BOUNDARY INPUTS AND BOUNDARY RESPONSES	ELIMINATING HIDDEN DYNAMIC VARIABLES CAN TURN A MARKOV/LOCAL SYSTEM INTO MEMORY + COLORED NOISE	M-431; M-432	P-105; P-106; P-107	M-431: PDE boundary access; M-432: Elliptic PDE	P-105:Projection formalism | P-106:Chosen relevant subspace | P-107:Exact projected dynamics	active control/decision	bound	cross-domain; moderate semantic bridge; donor operator/certificate bonus; same-theory lexical penalty
472	5.011692795130893	IM-181	IM-306	M	P	0.0	0.0	0.0	INTERROGATE AN INACCESSIBLE INTERIOR THROUGH CONTROLLED BOUNDARY INPUTS AND BOUNDARY RESPONSES	CLOSER IN ONE OBSERVED SCALAR DOES NOT IMPLY FASTER RELAXATION WHEN HIDDEN MODES HAVE DIFFERENT WEIGHTS	M-431; M-432	P-137; P-138	M-431: PDE boundary access; M-432: Elliptic PDE	P-137:Multiple relaxation modes | P-138:Hidden relaxation modes	active control/decision	bound	cross-domain; moderate semantic bridge; donor operator/certificate bonus; same-theory lexical penalty
473	5.011692795130893	IM-181	IM-339	M	S	0.0	0.0	0.0	INTERROGATE AN INACCESSIBLE INTERIOR THROUGH CONTROLLED BOUNDARY INPUTS AND BOUNDARY RESPONSES	A SCORE CAN MAKE HONEST PROBABILITY REPORTING OPTIMAL	M-431; M-432	S-159	M-431: PDE boundary access; M-432: Elliptic PDE	S-159:Probabilistic forecasts	active control/decision	bound	cross-domain; moderate semantic bridge; donor operator/certificate bonus; same-theory lexical penalty
474	5.011692795130893	IM-181	IM-348	M	S	0.0	0.0	0.0	INTERROGATE AN INACCESSIBLE INTERIOR THROUGH CONTROLLED BOUNDARY INPUTS AND BOUNDARY RESPONSES	A COUNTERFACTUAL TRAJECTORY CAN BE CONSTRUCTED AS A WEIGHTED MIXTURE OF MANY IMPERFECT DONOR UNITS	M-431; M-432	S-066	M-431: PDE boundary access; M-432: Elliptic PDE	S-066:Pre-treatment comparability	active control/decision	bound	cross-domain; moderate semantic bridge; donor operator/certificate bonus; same-theory lexical penalty
475	5.011692795130893	IM-181	IM-367	M	P	0.0	0.0	0.0	INTERROGATE AN INACCESSIBLE INTERIOR THROUGH CONTROLLED BOUNDARY INPUTS AND BOUNDARY RESPONSES	DYNAMICS CAN SLOW BY ORDERS OF MAGNITUDE WITHOUT A CORRESPONDING ORDINARY STATIC ORDERING TRANSITION	M-431; M-432	P-052	M-431: PDE boundary access; M-432: Elliptic PDE	P-052:Frustration/complex energy landscape	active control/decision	bound	cross-domain; moderate semantic bridge; donor operator/certificate bonus; same-theory lexical penalty
476	5.011692795130893	IM-196	IM-004	M	P	0.0	0.0	0.0	RECOVERY CAN HAVE A SHARP COMPLEXITY–MEASUREMENT GEOMETRY BOUNDARY	FLOW RESHAPES ITS FUTURE CONDUIT	M-279; M-280	P-764; P-765; P-876; P-877; P-967; P-980	M-279: Sparsity + measurement geometry; M-280: Sparse signal class	P-764:Dissolution + advection | P-765:Unstable reactive infiltration | P-876:Nonuniform electrodeposition | P-877:Metal plating | P-967:Filamentary switch | P-980:Repeated cycling	passive inference/diagnostic	bound	cross-domain; moderate semantic bridge; donor operator/certificate bonus; same-theory lexical penalty
477	5.011692795130893	IM-196	IM-044	M	E;P	0.0	0.0	0.0	RECOVERY CAN HAVE A SHARP COMPLEXITY–MEASUREMENT GEOMETRY BOUNDARY	SAME AGGREGATE AMOUNT ≠ SAME FUNCTIONAL STATE	M-279; M-280	P-780; E-738; E-916	M-279: Sparsity + measurement geometry; M-280: Sparse signal class	P-780:Strong evolving heterogeneity | E-738:Heterogeneous vintages | E-916:Heterogeneous banks	passive inference/diagnostic	bound	cross-domain; moderate semantic bridge; donor operator/certificate bonus; same-theory lexical penalty
478	5.011692795130893	IM-196	IM-064	M	P	0.0	0.0	0.0	RECOVERY CAN HAVE A SHARP COMPLEXITY–MEASUREMENT GEOMETRY BOUNDARY	ONE FAILURE REDISTRIBUTES LOAD → SURVIVORS CLOSER TO FAILURE → CASCADE	M-279; M-280	P-194; P-195	M-279: Sparsity + measurement geometry; M-280: Sparse signal class	P-194:Load-sharing rule | P-195:Interaction/load transfer	passive inference/diagnostic	bound	cross-domain; moderate semantic bridge; donor operator/certificate bonus; same-theory lexical penalty
479	5.011692795130893	IM-196	IM-078	M	P	0.0	0.0	0.0	RECOVERY CAN HAVE A SHARP COMPLEXITY–MEASUREMENT GEOMETRY BOUNDARY	STATE DETERIORATES → NEW CONSTRAINTS ACTIVATE → FREEDOM FALLS → FURTHER DETERIORATION	M-279; M-280	P-680; P-880	M-279: Sparsity + measurement geometry; M-280: Sparse signal class	P-680:Dense particulate system | P-880:Coupled degradation	passive inference/diagnostic	bound	cross-domain; moderate semantic bridge; donor operator/certificate bonus; same-theory lexical penalty
480	5.011692795130893	IM-196	IM-136	M	E;P	0.0	0.0	0.0	RECOVERY CAN HAVE A SHARP COMPLEXITY–MEASUREMENT GEOMETRY BOUNDARY	THE INTERACTION GRAPH ITSELF IS A STATE VARIABLE	M-279; M-280	E-147; E-520; P-675	M-279: Sparsity + measurement geometry; M-280: Sparse signal class	E-147:Strategic links | E-520:Search/switching costs | P-675:Dense frictional particles	passive inference/diagnostic	bound	cross-domain; moderate semantic bridge; donor operator/certificate bonus; same-theory lexical penalty
481	5.011692795130893	IM-196	IM-139	M	P	0.0	0.0	0.0	RECOVERY CAN HAVE A SHARP COMPLEXITY–MEASUREMENT GEOMETRY BOUNDARY	CONSERVATION LAWS DEFINE THE MANIFOLD OF POSSIBLE STATES BEFORE DYNAMICS ARE FIT	M-279; M-280	P-442; P-443	M-279: Sparsity + measurement geometry; M-280: Sparse signal class	P-442:Reaction network | P-443:Conservation constraints	passive inference/diagnostic	bound	cross-domain; moderate semantic bridge; donor operator/certificate bonus; same-theory lexical penalty
482	5.011692795130893	IM-196	IM-211	M	S	0.0	0.0	0.0	RECOVERY CAN HAVE A SHARP COMPLEXITY–MEASUREMENT GEOMETRY BOUNDARY	DON'T COMMIT TO ONE DYNAMICAL MODEL TOO EARLY; CARRY A MODEL BANK AND UPDATE MODEL PROBABILITIES	M-279; M-280	S-110	M-279: Sparsity + measurement geometry; M-280: Sparse signal class	S-110: Finite model bank	passive inference/diagnostic	bound	cross-domain; moderate semantic bridge; donor operator/certificate bonus; same-theory lexical penalty
483	5.011692795130893	IM-196	IM-236	M	S	0.0	0.0	0.0	RECOVERY CAN HAVE A SHARP COMPLEXITY–MEASUREMENT GEOMETRY BOUNDARY	ITERATIVE SELF-FEEDBACK CREATES CORRELATED RESIDUALS; ADD A CORRECTION THAT CANCELS MEMORY OF PREVIOUS ITERATION	M-279; M-280	S-911; S-912	M-279: Sparsity + measurement geometry; M-280: Sparse signal class	S-911:Random high-dimensional design | S-912:AMP	passive inference/diagnostic	bound	cross-domain; moderate semantic bridge; donor operator/certificate bonus; same-theory lexical penalty
484	5.011692795130893	IM-196	IM-271	M	S	0.0	0.0	0.0	RECOVERY CAN HAVE A SHARP COMPLEXITY–MEASUREMENT GEOMETRY BOUNDARY	RESIDUAL DEPENDENCE AFTER CONDITIONING ON LATENT STATE IS EVIDENCE THE STATE REPRESENTATION IS INCOMPLETE	M-279; M-280	S-332; S-855	M-279: Sparsity + measurement geometry; M-280: Sparse signal class	S-332:Latent-variable model | S-855:Violated local independence	passive inference/diagnostic	bound	cross-domain; moderate semantic bridge; donor operator/certificate bonus; same-theory lexical penalty
485	5.011692795130893	IM-196	IM-284	M	P	0.0	0.0	0.0	RECOVERY CAN HAVE A SHARP COMPLEXITY–MEASUREMENT GEOMETRY BOUNDARY	FAILURE OF LONG-RANGE PROPAGATION DOES NOT MEAN THE FIELD/INFLUENCE VANISHES LOCALLY	M-279; M-280	P-542	M-279: Sparsity + measurement geometry; M-280: Sparse signal class	P-542:Below-cutoff mode	passive inference/diagnostic	bound	cross-domain; moderate semantic bridge; donor operator/certificate bonus; same-theory lexical penalty
486	5.011692795130893	IM-196	IM-305	M	P	0.0	0.0	0.0	RECOVERY CAN HAVE A SHARP COMPLEXITY–MEASUREMENT GEOMETRY BOUNDARY	COST OF MAINTAINING A NONEQUILIBRIUM STATE AND COST OF MOVING BETWEEN STATES ARE DIFFERENT ACCOUNTS	M-279; M-280	P-128; P-129	M-279: Sparsity + measurement geometry; M-280: Sparse signal class	P-128:NESS transitions | P-129:Driven steady state	passive inference/diagnostic	bound	cross-domain; moderate semantic bridge; donor operator/certificate bonus; same-theory lexical penalty
487	5.011692795130893	IM-196	IM-359	M	E	0.0	0.0	0.0	RECOVERY CAN HAVE A SHARP COMPLEXITY–MEASUREMENT GEOMETRY BOUNDARY	CONTROL THE INFORMATION STRUCTURE RATHER THAN THE STATE TO CHANGE ANOTHER DECISION-MAKER'S ACTION	M-279; M-280	E-401	M-279: Sparsity + measurement geometry; M-280: Sparse signal class	E-401:Sender commitment to information structure	passive inference/diagnostic	bound	cross-domain; moderate semantic bridge; donor operator/certificate bonus; same-theory lexical penalty
488	5.011692795130893	IM-206	IM-044	M	E;P	0.0	0.0	0.0	INFER LONG-TIME BEHAVIOR FROM TRANSFORM BEHAVIOR NEAR A BOUNDARY/LOW FREQUENCY	SAME AGGREGATE AMOUNT ≠ SAME FUNCTIONAL STATE	M-125; M-126	P-780; E-738; E-916	M-125: Regularity assumptions; M-126: Summability structure	P-780:Strong evolving heterogeneity | E-738:Heterogeneous vintages | E-916:Heterogeneous banks	passive inference/diagnostic	bound;local	cross-domain; moderate semantic bridge; donor operator/certificate bonus; same-theory lexical penalty
489	5.011692795130893	IM-206	IM-062	M	P	0.0	0.0	0.0	INFER LONG-TIME BEHAVIOR FROM TRANSFORM BEHAVIOR NEAR A BOUNDARY/LOW FREQUENCY	BETTER/FAVORABLE STATE EXISTS ≠ SYSTEM CAN REACH IT	M-125; M-126	P-729; P-733	M-125: Regularity assumptions; M-126: Summability structure	P-729:Excitation spectrum | P-733:Metastability	passive inference/diagnostic	bound;local	cross-domain; moderate semantic bridge; donor operator/certificate bonus; same-theory lexical penalty
490	5.011692795130893	IM-206	IM-064	M	P	0.0	0.0	0.0	INFER LONG-TIME BEHAVIOR FROM TRANSFORM BEHAVIOR NEAR A BOUNDARY/LOW FREQUENCY	ONE FAILURE REDISTRIBUTES LOAD → SURVIVORS CLOSER TO FAILURE → CASCADE	M-125; M-126	P-194; P-195	M-125: Regularity assumptions; M-126: Summability structure	P-194:Load-sharing rule | P-195:Interaction/load transfer	passive inference/diagnostic	bound;local	cross-domain; moderate semantic bridge; donor operator/certificate bonus; same-theory lexical penalty
491	5.011692795130893	IM-206	IM-078	M	P	0.0	0.0	0.0	INFER LONG-TIME BEHAVIOR FROM TRANSFORM BEHAVIOR NEAR A BOUNDARY/LOW FREQUENCY	STATE DETERIORATES → NEW CONSTRAINTS ACTIVATE → FREEDOM FALLS → FURTHER DETERIORATION	M-125; M-126	P-680; P-880	M-125: Regularity assumptions; M-126: Summability structure	P-680:Dense particulate system | P-880:Coupled degradation	passive inference/diagnostic	bound;local	cross-domain; moderate semantic bridge; donor operator/certificate bonus; same-theory lexical penalty
492	5.011692795130893	IM-206	IM-101	M	E	0.0	0.0	0.0	INFER LONG-TIME BEHAVIOR FROM TRANSFORM BEHAVIOR NEAR A BOUNDARY/LOW FREQUENCY	SAME OBJECT CAN AUTOMATICALLY CHANGE ROLE WHEN STATE CROSSES TRIGGER	M-125; M-126	E-718; E-775	M-125: Regularity assumptions; M-126: Summability structure	E-718:Contractual trigger | E-775:Verifiable performance	passive inference/diagnostic	bound;local	cross-domain; moderate semantic bridge; donor operator/certificate bonus; same-theory lexical penalty
493	5.011692795130893	IM-206	IM-136	M	E;P	0.0	0.0	0.0	INFER LONG-TIME BEHAVIOR FROM TRANSFORM BEHAVIOR NEAR A BOUNDARY/LOW FREQUENCY	THE INTERACTION GRAPH ITSELF IS A STATE VARIABLE	M-125; M-126	E-147; E-520; P-675	M-125: Regularity assumptions; M-126: Summability structure	E-147:Strategic links | E-520:Search/switching costs | P-675:Dense frictional particles	passive inference/diagnostic	bound;local	cross-domain; moderate semantic bridge; donor operator/certificate bonus; same-theory lexical penalty
494	5.011692795130893	IM-206	IM-139	M	P	0.0	0.0	0.0	INFER LONG-TIME BEHAVIOR FROM TRANSFORM BEHAVIOR NEAR A BOUNDARY/LOW FREQUENCY	CONSERVATION LAWS DEFINE THE MANIFOLD OF POSSIBLE STATES BEFORE DYNAMICS ARE FIT	M-125; M-126	P-442; P-443	M-125: Regularity assumptions; M-126: Summability structure	P-442:Reaction network | P-443:Conservation constraints	passive inference/diagnostic	bound;local	cross-domain; moderate semantic bridge; donor operator/certificate bonus; same-theory lexical penalty
495	5.011692795130893	IM-206	IM-156	M	E;P	0.0	0.0	0.0	INFER LONG-TIME BEHAVIOR FROM TRANSFORM BEHAVIOR NEAR A BOUNDARY/LOW FREQUENCY	SYMMETRIC RULES CAN PRODUCE AN ASYMMETRIC REALIZED STATE; TINY COORDINATION SIGNALS CAN SELECT WHICH ONE	M-125; M-126	P-014; E-155; E-156	M-125: Regularity assumptions; M-126: Summability structure	P-014:Degeneracy/instability | E-155:Multiple equilibria | E-156:Expectations coordination	passive inference/diagnostic	bound;local	cross-domain; moderate semantic bridge; donor operator/certificate bonus; same-theory lexical penalty
496	5.011692795130893	IM-206	IM-171	M	P	0.0	0.0	0.0	INFER LONG-TIME BEHAVIOR FROM TRANSFORM BEHAVIOR NEAR A BOUNDARY/LOW FREQUENCY	A LOCALLY CAPABLE SOURCE MAY FAIL TO PROPAGATE BECAUSE THE DOWNSTREAM SINK/LOAD IS TOO LARGE	M-125; M-126	P-473; P-999	M-125: Regularity assumptions; M-126: Summability structure	P-473: Excitation current balance; P-999: Geometry + finite coupling	passive inference/diagnostic	bound;local	cross-domain; moderate semantic bridge; donor operator/certificate bonus; same-theory lexical penalty
497	5.011692795130893	IM-206	IM-197	M	P	0.0	0.0	0.0	INFER LONG-TIME BEHAVIOR FROM TRANSFORM BEHAVIOR NEAR A BOUNDARY/LOW FREQUENCY	TRANSITION/DECAY RATE DEPENDS ON AVAILABLE FINAL STATES IN THE ENVIRONMENT, NOT ONLY ON THE SOURCE	M-125; M-126	P-269; P-270	M-125: Regularity assumptions; M-126: Summability structure	P-269: Structured environment; P-270: Density-of-states engineering	passive inference/diagnostic	bound;local	cross-domain; moderate semantic bridge; donor operator/certificate bonus; same-theory lexical penalty
498	5.011692795130893	IM-206	IM-211	M	S	0.0	0.0	0.0	INFER LONG-TIME BEHAVIOR FROM TRANSFORM BEHAVIOR NEAR A BOUNDARY/LOW FREQUENCY	DON'T COMMIT TO ONE DYNAMICAL MODEL TOO EARLY; CARRY A MODEL BANK AND UPDATE MODEL PROBABILITIES	M-125; M-126	S-110	M-125: Regularity assumptions; M-126: Summability structure	S-110: Finite model bank	passive inference/diagnostic	bound;local	cross-domain; moderate semantic bridge; donor operator/certificate bonus; same-theory lexical penalty
499	5.011692795130893	IM-206	IM-212	M	S	0.0	0.0	0.0	INFER LONG-TIME BEHAVIOR FROM TRANSFORM BEHAVIOR NEAR A BOUNDARY/LOW FREQUENCY	SUBTRACT THE PREDICTABLE PART OF AN OBSERVATION STREAM TO ISOLATE NEW INFORMATION	M-125; M-126	S-105; S-120	M-125: Regularity assumptions; M-126: Summability structure	S-105: Correct conditional model; S-120: Predictable intensity	passive inference/diagnostic	bound;local	cross-domain; moderate semantic bridge; donor operator/certificate bonus; same-theory lexical penalty
500	5.011692795130893	IM-206	IM-236	M	S	0.0	0.0	0.0	INFER LONG-TIME BEHAVIOR FROM TRANSFORM BEHAVIOR NEAR A BOUNDARY/LOW FREQUENCY	ITERATIVE SELF-FEEDBACK CREATES CORRELATED RESIDUALS; ADD A CORRECTION THAT CANCELS MEMORY OF PREVIOUS ITERATION	M-125; M-126	S-911; S-912	M-125: Regularity assumptions; M-126: Summability structure	S-911:Random high-dimensional design | S-912:AMP	passive inference/diagnostic	bound;local	cross-domain; moderate semantic bridge; donor operator/certificate bonus; same-theory lexical penalty
501	5.011692795130893	IM-206	IM-271	M	S	0.0	0.0	0.0	INFER LONG-TIME BEHAVIOR FROM TRANSFORM BEHAVIOR NEAR A BOUNDARY/LOW FREQUENCY	RESIDUAL DEPENDENCE AFTER CONDITIONING ON LATENT STATE IS EVIDENCE THE STATE REPRESENTATION IS INCOMPLETE	M-125; M-126	S-332; S-855	M-125: Regularity assumptions; M-126: Summability structure	S-332:Latent-variable model | S-855:Violated local independence	passive inference/diagnostic	bound;local	cross-domain; moderate semantic bridge; donor operator/certificate bonus; same-theory lexical penalty
502	5.011692795130893	IM-206	IM-282	M	E	0.0	0.0	0.0	INFER LONG-TIME BEHAVIOR FROM TRANSFORM BEHAVIOR NEAR A BOUNDARY/LOW FREQUENCY	NOMINAL COMMITMENTS CAN EXCEED PHYSICAL CAPACITY WHEN ONLY A RANDOM SUBSET MATERIALIZES — AT COST OF OVERFLOW RISK	M-125; M-126	E-465; E-466	M-125: Regularity assumptions; M-126: Summability structure	E-465:No-show uncertainty | E-466:Random show-up	passive inference/diagnostic	bound;local	cross-domain; moderate semantic bridge; donor operator/certificate bonus; same-theory lexical penalty
503	5.011692795130893	IM-206	IM-292	M	P	0.0	0.0	0.0	INFER LONG-TIME BEHAVIOR FROM TRANSFORM BEHAVIOR NEAR A BOUNDARY/LOW FREQUENCY	ELIMINATING HIDDEN DYNAMIC VARIABLES CAN TURN A MARKOV/LOCAL SYSTEM INTO MEMORY + COLORED NOISE	M-125; M-126	P-105; P-106; P-107	M-125: Regularity assumptions; M-126: Summability structure	P-105:Projection formalism | P-106:Chosen relevant subspace | P-107:Exact projected dynamics	passive inference/diagnostic	bound;local	cross-domain; moderate semantic bridge; donor operator/certificate bonus; same-theory lexical penalty
504	5.011692795130893	IM-206	IM-305	M	P	0.0	0.0	0.0	INFER LONG-TIME BEHAVIOR FROM TRANSFORM BEHAVIOR NEAR A BOUNDARY/LOW FREQUENCY	COST OF MAINTAINING A NONEQUILIBRIUM STATE AND COST OF MOVING BETWEEN STATES ARE DIFFERENT ACCOUNTS	M-125; M-126	P-128; P-129	M-125: Regularity assumptions; M-126: Summability structure	P-128:NESS transitions | P-129:Driven steady state	passive inference/diagnostic	bound;local	cross-domain; moderate semantic bridge; donor operator/certificate bonus; same-theory lexical penalty
505	5.011692795130893	IM-206	IM-306	M	P	0.0	0.0	0.0	INFER LONG-TIME BEHAVIOR FROM TRANSFORM BEHAVIOR NEAR A BOUNDARY/LOW FREQUENCY	CLOSER IN ONE OBSERVED SCALAR DOES NOT IMPLY FASTER RELAXATION WHEN HIDDEN MODES HAVE DIFFERENT WEIGHTS	M-125; M-126	P-137; P-138	M-125: Regularity assumptions; M-126: Summability structure	P-137:Multiple relaxation modes | P-138:Hidden relaxation modes	passive inference/diagnostic	bound;local	cross-domain; moderate semantic bridge; donor operator/certificate bonus; same-theory lexical penalty
506	5.011692795130893	IM-206	IM-311	M	S	0.0	0.0	0.0	INFER LONG-TIME BEHAVIOR FROM TRANSFORM BEHAVIOR NEAR A BOUNDARY/LOW FREQUENCY	MANY SIGNALS CAN BE INDIVIDUALLY UNDETECTABLE YET COLLECTIVELY DETECTABLE THROUGH A SMALL GLOBAL DISTORTION OF NULL	M-125; M-126	S-174	M-125: Regularity assumptions; M-126: Summability structure	S-174:Rare/weak regime	passive inference/diagnostic	bound;local	cross-domain; moderate semantic bridge; donor operator/certificate bonus; same-theory lexical penalty
507	5.011692795130893	IM-206	IM-335	M	S	0.0	0.0	0.0	INFER LONG-TIME BEHAVIOR FROM TRANSFORM BEHAVIOR NEAR A BOUNDARY/LOW FREQUENCY	MEASUREMENT LOCATIONS SHOULD BE CHOSEN TO SHAPE THE INFORMATION GEOMETRY FOR THE TARGET	M-125; M-126	S-048; S-049; S-050	M-125: Regularity assumptions; M-126: Summability structure	S-048:Local/model-based design | S-049:Information-matrix criterion | S-050:Target functional specified	passive inference/diagnostic	bound;local	cross-domain; moderate semantic bridge; donor operator/certificate bonus; same-theory lexical penalty
508	5.011692795130893	IM-206	IM-339	M	S	0.0	0.0	0.0	INFER LONG-TIME BEHAVIOR FROM TRANSFORM BEHAVIOR NEAR A BOUNDARY/LOW FREQUENCY	A SCORE CAN MAKE HONEST PROBABILITY REPORTING OPTIMAL	M-125; M-126	S-159	M-125: Regularity assumptions; M-126: Summability structure	S-159:Probabilistic forecasts	passive inference/diagnostic	bound;local	cross-domain; moderate semantic bridge; donor operator/certificate bonus; same-theory lexical penalty
509	5.011692795130893	IM-206	IM-376	M	P	0.0	0.0	0.0	INFER LONG-TIME BEHAVIOR FROM TRANSFORM BEHAVIOR NEAR A BOUNDARY/LOW FREQUENCY	LOCALLY STABLE REACTION DYNAMICS CAN BECOME SPATIALLY UNSTABLE SOLELY BECAUSE COMPONENTS DIFFUSE AT DIFFERENT RATES	M-125; M-126	P-090	M-125: Regularity assumptions; M-126: Summability structure	P-090:Reaction-diffusion coupling	passive inference/diagnostic	bound;local	cross-domain; moderate semantic bridge; donor operator/certificate bonus; same-theory lexical penalty
510	5.011692795130893	IM-206	IM-382	M	P	0.0	0.0	0.0	INFER LONG-TIME BEHAVIOR FROM TRANSFORM BEHAVIOR NEAR A BOUNDARY/LOW FREQUENCY	A CATALYST/MEDIATOR CAN PARTICIPATE CHEMICALLY, CHANGE STATE, AND THEN REGENERATE RATHER THAN REMAIN PASSIVE	M-125; M-126	P-848; P-849; P-850; P-851	M-125: Regularity assumptions; M-126: Summability structure	P-848:Redox catalyst | P-849:Reactive catalyst solid | P-850:Cyclic catalyst state | P-851:Reducible oxide	passive inference/diagnostic	bound;local	cross-domain; moderate semantic bridge; donor operator/certificate bonus; same-theory lexical penalty
511	5.011692795130893	IM-225	IM-044	M	E;P	0.0	0.0	0.0	DEPENDENT SEQUENTIAL DATA CAN STILL HAVE SHARP DEVIATION GUARANTEES IF SURPRISES AND PREDICTABLE VARIANCE ARE CONTROLLED	SAME AGGREGATE AMOUNT ≠ SAME FUNCTIONAL STATE	M-311; M-313	P-780; E-738; E-916	M-311:Martingale difference structure | M-313:Martingale variance process	P-780:Strong evolving heterogeneity | E-738:Heterogeneous vintages | E-916:Heterogeneous banks	active control/decision	certificate/exact	cross-domain; moderate semantic bridge; donor operator/certificate bonus; same-theory lexical penalty
512	5.011692795130893	IM-225	IM-064	M	P	0.0	0.0	0.0	DEPENDENT SEQUENTIAL DATA CAN STILL HAVE SHARP DEVIATION GUARANTEES IF SURPRISES AND PREDICTABLE VARIANCE ARE CONTROLLED	ONE FAILURE REDISTRIBUTES LOAD → SURVIVORS CLOSER TO FAILURE → CASCADE	M-311; M-313	P-194; P-195	M-311:Martingale difference structure | M-313:Martingale variance process	P-194:Load-sharing rule | P-195:Interaction/load transfer	active control/decision	certificate/exact	cross-domain; moderate semantic bridge; donor operator/certificate bonus; same-theory lexical penalty
513	5.011692795130893	IM-225	IM-078	M	P	0.0	0.0	0.0	DEPENDENT SEQUENTIAL DATA CAN STILL HAVE SHARP DEVIATION GUARANTEES IF SURPRISES AND PREDICTABLE VARIANCE ARE CONTROLLED	STATE DETERIORATES → NEW CONSTRAINTS ACTIVATE → FREEDOM FALLS → FURTHER DETERIORATION	M-311; M-313	P-680; P-880	M-311:Martingale difference structure | M-313:Martingale variance process	P-680:Dense particulate system | P-880:Coupled degradation	active control/decision	certificate/exact	cross-domain; moderate semantic bridge; donor operator/certificate bonus; same-theory lexical penalty
514	5.011692795130893	IM-225	IM-091	M	S	0.0	0.0	0.0	DEPENDENT SEQUENTIAL DATA CAN STILL HAVE SHARP DEVIATION GUARANTEES IF SURPRISES AND PREDICTABLE VARIANCE ARE CONTROLLED	PATH-SPECIFIC EFFECT MAY BE UNIDENTIFIABLE BECAUSE AN INTERMEDIATE WOULD NEED INCOMPATIBLE STATES	M-311; M-313	S-652; S-653	M-311:Martingale difference structure | M-313:Martingale variance process	S-652:Causal DAG | S-653:Conflicting path assignments	active control/decision	certificate/exact	cross-domain; moderate semantic bridge; donor operator/certificate bonus; same-theory lexical penalty
515	5.011692795130893	IM-225	IM-171	M	P	0.0	0.0	0.0	DEPENDENT SEQUENTIAL DATA CAN STILL HAVE SHARP DEVIATION GUARANTEES IF SURPRISES AND PREDICTABLE VARIANCE ARE CONTROLLED	A LOCALLY CAPABLE SOURCE MAY FAIL TO PROPAGATE BECAUSE THE DOWNSTREAM SINK/LOAD IS TOO LARGE	M-311; M-313	P-473; P-999	M-311:Martingale difference structure | M-313:Martingale variance process	P-473: Excitation current balance; P-999: Geometry + finite coupling	active control/decision	certificate/exact	cross-domain; moderate semantic bridge; donor operator/certificate bonus; same-theory lexical penalty
516	5.011692795130893	IM-225	IM-197	M	P	0.0	0.0	0.0	DEPENDENT SEQUENTIAL DATA CAN STILL HAVE SHARP DEVIATION GUARANTEES IF SURPRISES AND PREDICTABLE VARIANCE ARE CONTROLLED	TRANSITION/DECAY RATE DEPENDS ON AVAILABLE FINAL STATES IN THE ENVIRONMENT, NOT ONLY ON THE SOURCE	M-311; M-313	P-269; P-270	M-311:Martingale difference structure | M-313:Martingale variance process	P-269: Structured environment; P-270: Density-of-states engineering	active control/decision	certificate/exact	cross-domain; moderate semantic bridge; donor operator/certificate bonus; same-theory lexical penalty
517	5.011692795130893	IM-225	IM-236	M	S	0.0	0.0	0.0	DEPENDENT SEQUENTIAL DATA CAN STILL HAVE SHARP DEVIATION GUARANTEES IF SURPRISES AND PREDICTABLE VARIANCE ARE CONTROLLED	ITERATIVE SELF-FEEDBACK CREATES CORRELATED RESIDUALS; ADD A CORRECTION THAT CANCELS MEMORY OF PREVIOUS ITERATION	M-311; M-313	S-911; S-912	M-311:Martingale difference structure | M-313:Martingale variance process	S-911:Random high-dimensional design | S-912:AMP	active control/decision	certificate/exact	cross-domain; moderate semantic bridge; donor operator/certificate bonus; same-theory lexical penalty
518	5.011692795130893	IM-225	IM-271	M	S	0.0	0.0	0.0	DEPENDENT SEQUENTIAL DATA CAN STILL HAVE SHARP DEVIATION GUARANTEES IF SURPRISES AND PREDICTABLE VARIANCE ARE CONTROLLED	RESIDUAL DEPENDENCE AFTER CONDITIONING ON LATENT STATE IS EVIDENCE THE STATE REPRESENTATION IS INCOMPLETE	M-311; M-313	S-332; S-855	M-311:Martingale difference structure | M-313:Martingale variance process	S-332:Latent-variable model | S-855:Violated local independence	active control/decision	certificate/exact	cross-domain; moderate semantic bridge; donor operator/certificate bonus; same-theory lexical penalty
519	5.011692795130893	IM-225	IM-284	M	P	0.0	0.0	0.0	DEPENDENT SEQUENTIAL DATA CAN STILL HAVE SHARP DEVIATION GUARANTEES IF SURPRISES AND PREDICTABLE VARIANCE ARE CONTROLLED	FAILURE OF LONG-RANGE PROPAGATION DOES NOT MEAN THE FIELD/INFLUENCE VANISHES LOCALLY	M-311; M-313	P-542	M-311:Martingale difference structure | M-313:Martingale variance process	P-542:Below-cutoff mode	active control/decision	certificate/exact	cross-domain; moderate semantic bridge; donor operator/certificate bonus; same-theory lexical penalty
520	5.011692795130893	IM-249	IM-044	M	E;P	0.0	0.0	0.0	REPLACE AN INACCESSIBLE INTERIOR SOURCE BY A BOUNDARY-EQUIVALENT SOURCE THAT PRESERVES EXTERNAL OBSERVABLES	SAME AGGREGATE AMOUNT ≠ SAME FUNCTIONAL STATE	M-655	P-780; E-738; E-916	M-655:Potential equivalence	P-780:Strong evolving heterogeneity | E-738:Heterogeneous vintages | E-916:Heterogeneous banks	passive inference/diagnostic	bound	cross-domain; moderate semantic bridge; donor operator/certificate bonus; same-theory lexical penalty
521	5.011692795130893	IM-249	IM-051	M	P	0.0	0.0	0.0	REPLACE AN INACCESSIBLE INTERIOR SOURCE BY A BOUNDARY-EQUIVALENT SOURCE THAT PRESERVES EXTERNAL OBSERVABLES	CONTROL CHANGES FASTER THAN SYSTEM CAN RELAX → PROTOCOL SELECTS FINAL STATE	M-655	P-918	M-655:Potential equivalence	P-918:Finite relaxation time	passive inference/diagnostic	bound	cross-domain; moderate semantic bridge; donor operator/certificate bonus; same-theory lexical penalty
522	5.011692795130893	IM-249	IM-062	M	P	0.0	0.0	0.0	REPLACE AN INACCESSIBLE INTERIOR SOURCE BY A BOUNDARY-EQUIVALENT SOURCE THAT PRESERVES EXTERNAL OBSERVABLES	BETTER/FAVORABLE STATE EXISTS ≠ SYSTEM CAN REACH IT	M-655	P-729; P-733	M-655:Potential equivalence	P-729:Excitation spectrum | P-733:Metastability	passive inference/diagnostic	bound	cross-domain; moderate semantic bridge; donor operator/certificate bonus; same-theory lexical penalty
523	5.011692795130893	IM-249	IM-064	M	P	0.0	0.0	0.0	REPLACE AN INACCESSIBLE INTERIOR SOURCE BY A BOUNDARY-EQUIVALENT SOURCE THAT PRESERVES EXTERNAL OBSERVABLES	ONE FAILURE REDISTRIBUTES LOAD → SURVIVORS CLOSER TO FAILURE → CASCADE	M-655	P-194; P-195	M-655:Potential equivalence	P-194:Load-sharing rule | P-195:Interaction/load transfer	passive inference/diagnostic	bound	cross-domain; moderate semantic bridge; donor operator/certificate bonus; same-theory lexical penalty
524	5.011692795130893	IM-249	IM-078	M	P	0.0	0.0	0.0	REPLACE AN INACCESSIBLE INTERIOR SOURCE BY A BOUNDARY-EQUIVALENT SOURCE THAT PRESERVES EXTERNAL OBSERVABLES	STATE DETERIORATES → NEW CONSTRAINTS ACTIVATE → FREEDOM FALLS → FURTHER DETERIORATION	M-655	P-680; P-880	M-655:Potential equivalence	P-680:Dense particulate system | P-880:Coupled degradation	passive inference/diagnostic	bound	cross-domain; moderate semantic bridge; donor operator/certificate bonus; same-theory lexical penalty
525	5.011692795130893	IM-249	IM-097	M	E	0.0	0.0	0.0	REPLACE AN INACCESSIBLE INTERIOR SOURCE BY A BOUNDARY-EQUIVALENT SOURCE THAT PRESERVES EXTERNAL OBSERVABLES	MORE INPUT/CAPACITY/FEWER CONSTRAINTS CAN MAKE GLOBAL OUTCOME WORSE	M-655	E-108; E-127; E-206	M-655:Potential equivalence	E-108:Multiple interacting wedges | E-127:Noncooperative routing | E-206:Elastic demand/general equilibrium	passive inference/diagnostic	bound	cross-domain; moderate semantic bridge; donor operator/certificate bonus; same-theory lexical penalty
526	5.011692795130893	IM-249	IM-101	M	E	0.0	0.0	0.0	REPLACE AN INACCESSIBLE INTERIOR SOURCE BY A BOUNDARY-EQUIVALENT SOURCE THAT PRESERVES EXTERNAL OBSERVABLES	SAME OBJECT CAN AUTOMATICALLY CHANGE ROLE WHEN STATE CROSSES TRIGGER	M-655	E-718; E-775	M-655:Potential equivalence	E-718:Contractual trigger | E-775:Verifiable performance	passive inference/diagnostic	bound	cross-domain; moderate semantic bridge; donor operator/certificate bonus; same-theory lexical penalty
527	5.011692795130893	IM-249	IM-136	M	E;P	0.0	0.0	0.0	REPLACE AN INACCESSIBLE INTERIOR SOURCE BY A BOUNDARY-EQUIVALENT SOURCE THAT PRESERVES EXTERNAL OBSERVABLES	THE INTERACTION GRAPH ITSELF IS A STATE VARIABLE	M-655	E-147; E-520; P-675	M-655:Potential equivalence	E-147:Strategic links | E-520:Search/switching costs | P-675:Dense frictional particles	passive inference/diagnostic	bound	cross-domain; moderate semantic bridge; donor operator/certificate bonus; same-theory lexical penalty
528	5.011692795130893	IM-249	IM-139	M	P	0.0	0.0	0.0	REPLACE AN INACCESSIBLE INTERIOR SOURCE BY A BOUNDARY-EQUIVALENT SOURCE THAT PRESERVES EXTERNAL OBSERVABLES	CONSERVATION LAWS DEFINE THE MANIFOLD OF POSSIBLE STATES BEFORE DYNAMICS ARE FIT	M-655	P-442; P-443	M-655:Potential equivalence	P-442:Reaction network | P-443:Conservation constraints	passive inference/diagnostic	bound	cross-domain; moderate semantic bridge; donor operator/certificate bonus; same-theory lexical penalty
529	5.011692795130893	IM-249	IM-190	M	S	0.0	0.0	0.0	REPLACE AN INACCESSIBLE INTERIOR SOURCE BY A BOUNDARY-EQUIVALENT SOURCE THAT PRESERVES EXTERNAL OBSERVABLES	WHEN YOU CHOOSE TO LOOK CAN ITSELF REVEAL INFORMATION ABOUT THE HIDDEN STATE	M-655	S-874; S-875	M-655:Potential equivalence	S-874: Irregular follow-up; S-875: Inspection process	passive inference/diagnostic	bound	cross-domain; moderate semantic bridge; donor operator/certificate bonus; same-theory lexical penalty
530	5.011692795130893	IM-249	IM-210	M	S	0.0	0.0	0.0	REPLACE AN INACCESSIBLE INTERIOR SOURCE BY A BOUNDARY-EQUIVALENT SOURCE THAT PRESERVES EXTERNAL OBSERVABLES	FUTURE DATA CAN CHANGE YOUR BEST ESTIMATE OF THE PAST; ONLINE AND OFFLINE STATE ESTIMATES ARE DIFFERENT	M-655	S-106; S-107	M-655:Potential equivalence	S-106: Offline/two-sided information; S-107: Delay/latency tradeoff	passive inference/diagnostic	bound	cross-domain; moderate semantic bridge; donor operator/certificate bonus; same-theory lexical penalty
531	5.011692795130893	IM-249	IM-211	M	S	0.0	0.0	0.0	REPLACE AN INACCESSIBLE INTERIOR SOURCE BY A BOUNDARY-EQUIVALENT SOURCE THAT PRESERVES EXTERNAL OBSERVABLES	DON'T COMMIT TO ONE DYNAMICAL MODEL TOO EARLY; CARRY A MODEL BANK AND UPDATE MODEL PROBABILITIES	M-655	S-110	M-655:Potential equivalence	S-110: Finite model bank	passive inference/diagnostic	bound	cross-domain; moderate semantic bridge; donor operator/certificate bonus; same-theory lexical penalty
532	5.011692795130893	IM-249	IM-222	M	P	0.0	0.0	0.0	REPLACE AN INACCESSIBLE INTERIOR SOURCE BY A BOUNDARY-EQUIVALENT SOURCE THAT PRESERVES EXTERNAL OBSERVABLES	RECOVERY TIME CAN DIVERGE BEFORE THE STATE ITSELF VISIBLY COLLAPSES	M-655	P-119; P-120	M-655:Potential equivalence	P-119:Near bifurcation/criticality | P-120:Specific transition classes	passive inference/diagnostic	bound	cross-domain; moderate semantic bridge; donor operator/certificate bonus; same-theory lexical penalty
533	5.011692795130893	IM-249	IM-237	M	S	0.0	0.0	0.0	REPLACE AN INACCESSIBLE INTERIOR SOURCE BY A BOUNDARY-EQUIVALENT SOURCE THAT PRESERVES EXTERNAL OBSERVABLES	A HUGE COUPLED ESTIMATION ALGORITHM CAN HAVE LOW-DIMENSIONAL ERROR DYNAMICS IN THE RIGHT RANDOM REGIME	M-655	S-913	M-655:Potential equivalence	S-913:AMP asymptotics	passive inference/diagnostic	bound	cross-domain; moderate semantic bridge; donor operator/certificate bonus; same-theory lexical penalty
534	5.011692795130893	IM-249	IM-271	M	S	0.0	0.0	0.0	REPLACE AN INACCESSIBLE INTERIOR SOURCE BY A BOUNDARY-EQUIVALENT SOURCE THAT PRESERVES EXTERNAL OBSERVABLES	RESIDUAL DEPENDENCE AFTER CONDITIONING ON LATENT STATE IS EVIDENCE THE STATE REPRESENTATION IS INCOMPLETE	M-655	S-332; S-855	M-655:Potential equivalence	S-332:Latent-variable model | S-855:Violated local independence	passive inference/diagnostic	bound	cross-domain; moderate semantic bridge; donor operator/certificate bonus; same-theory lexical penalty
535	5.011692795130893	IM-249	IM-282	M	E	0.0	0.0	0.0	REPLACE AN INACCESSIBLE INTERIOR SOURCE BY A BOUNDARY-EQUIVALENT SOURCE THAT PRESERVES EXTERNAL OBSERVABLES	NOMINAL COMMITMENTS CAN EXCEED PHYSICAL CAPACITY WHEN ONLY A RANDOM SUBSET MATERIALIZES — AT COST OF OVERFLOW RISK	M-655	E-465; E-466	M-655:Potential equivalence	E-465:No-show uncertainty | E-466:Random show-up	passive inference/diagnostic	bound	cross-domain; moderate semantic bridge; donor operator/certificate bonus; same-theory lexical penalty
536	5.011692795130893	IM-249	IM-284	M	P	0.0	0.0	0.0	REPLACE AN INACCESSIBLE INTERIOR SOURCE BY A BOUNDARY-EQUIVALENT SOURCE THAT PRESERVES EXTERNAL OBSERVABLES	FAILURE OF LONG-RANGE PROPAGATION DOES NOT MEAN THE FIELD/INFLUENCE VANISHES LOCALLY	M-655	P-542	M-655:Potential equivalence	P-542:Below-cutoff mode	passive inference/diagnostic	bound	cross-domain; moderate semantic bridge; donor operator/certificate bonus; same-theory lexical penalty
537	5.011692795130893	IM-249	IM-292	M	P	0.0	0.0	0.0	REPLACE AN INACCESSIBLE INTERIOR SOURCE BY A BOUNDARY-EQUIVALENT SOURCE THAT PRESERVES EXTERNAL OBSERVABLES	ELIMINATING HIDDEN DYNAMIC VARIABLES CAN TURN A MARKOV/LOCAL SYSTEM INTO MEMORY + COLORED NOISE	M-655	P-105; P-106; P-107	M-655:Potential equivalence	P-105:Projection formalism | P-106:Chosen relevant subspace | P-107:Exact projected dynamics	passive inference/diagnostic	bound	cross-domain; moderate semantic bridge; donor operator/certificate bonus; same-theory lexical penalty
538	5.011692795130893	IM-249	IM-305	M	P	0.0	0.0	0.0	REPLACE AN INACCESSIBLE INTERIOR SOURCE BY A BOUNDARY-EQUIVALENT SOURCE THAT PRESERVES EXTERNAL OBSERVABLES	COST OF MAINTAINING A NONEQUILIBRIUM STATE AND COST OF MOVING BETWEEN STATES ARE DIFFERENT ACCOUNTS	M-655	P-128; P-129	M-655:Potential equivalence	P-128:NESS transitions | P-129:Driven steady state	passive inference/diagnostic	bound	cross-domain; moderate semantic bridge; donor operator/certificate bonus; same-theory lexical penalty
539	5.011692795130893	IM-249	IM-339	M	S	0.0	0.0	0.0	REPLACE AN INACCESSIBLE INTERIOR SOURCE BY A BOUNDARY-EQUIVALENT SOURCE THAT PRESERVES EXTERNAL OBSERVABLES	A SCORE CAN MAKE HONEST PROBABILITY REPORTING OPTIMAL	M-655	S-159	M-655:Potential equivalence	S-159:Probabilistic forecasts	passive inference/diagnostic	bound	cross-domain; moderate semantic bridge; donor operator/certificate bonus; same-theory lexical penalty
540	5.011692795130893	IM-249	IM-348	M	S	0.0	0.0	0.0	REPLACE AN INACCESSIBLE INTERIOR SOURCE BY A BOUNDARY-EQUIVALENT SOURCE THAT PRESERVES EXTERNAL OBSERVABLES	A COUNTERFACTUAL TRAJECTORY CAN BE CONSTRUCTED AS A WEIGHTED MIXTURE OF MANY IMPERFECT DONOR UNITS	M-655	S-066	M-655:Potential equivalence	S-066:Pre-treatment comparability	passive inference/diagnostic	bound	cross-domain; moderate semantic bridge; donor operator/certificate bonus; same-theory lexical penalty
541	5.011692795130893	IM-249	IM-359	M	E	0.0	0.0	0.0	REPLACE AN INACCESSIBLE INTERIOR SOURCE BY A BOUNDARY-EQUIVALENT SOURCE THAT PRESERVES EXTERNAL OBSERVABLES	CONTROL THE INFORMATION STRUCTURE RATHER THAN THE STATE TO CHANGE ANOTHER DECISION-MAKER'S ACTION	M-655	E-401	M-655:Potential equivalence	E-401:Sender commitment to information structure	passive inference/diagnostic	bound	cross-domain; moderate semantic bridge; donor operator/certificate bonus; same-theory lexical penalty
542	5.011692795130893	IM-249	IM-376	M	P	0.0	0.0	0.0	REPLACE AN INACCESSIBLE INTERIOR SOURCE BY A BOUNDARY-EQUIVALENT SOURCE THAT PRESERVES EXTERNAL OBSERVABLES	LOCALLY STABLE REACTION DYNAMICS CAN BECOME SPATIALLY UNSTABLE SOLELY BECAUSE COMPONENTS DIFFUSE AT DIFFERENT RATES	M-655	P-090	M-655:Potential equivalence	P-090:Reaction-diffusion coupling	passive inference/diagnostic	bound	cross-domain; moderate semantic bridge; donor operator/certificate bonus; same-theory lexical penalty
543	5.011692795130893	IM-249	IM-381	M	P	0.0	0.0	0.0	REPLACE AN INACCESSIBLE INTERIOR SOURCE BY A BOUNDARY-EQUIVALENT SOURCE THAT PRESERVES EXTERNAL OBSERVABLES	A PROPAGATING EXCITATION CAN BECOME SELF-SUSTAINING ON A LOOP IF RETURN TIME EXCEEDS LOCAL RECOVERY TIME	M-655	P-984; P-985; P-994; P-1000	M-655:Potential equivalence	P-984:Recovery variable | P-985:Fast–slow system | P-994:Recovery + closed path | P-1000:State-dependent connectivity	passive inference/diagnostic	bound	cross-domain; moderate semantic bridge; donor operator/certificate bonus; same-theory lexical penalty
544	5.011692795130893	IM-249	IM-382	M	P	0.0	0.0	0.0	REPLACE AN INACCESSIBLE INTERIOR SOURCE BY A BOUNDARY-EQUIVALENT SOURCE THAT PRESERVES EXTERNAL OBSERVABLES	A CATALYST/MEDIATOR CAN PARTICIPATE CHEMICALLY, CHANGE STATE, AND THEN REGENERATE RATHER THAN REMAIN PASSIVE	M-655	P-848; P-849; P-850; P-851	M-655:Potential equivalence	P-848:Redox catalyst | P-849:Reactive catalyst solid | P-850:Cyclic catalyst state | P-851:Reducible oxide	passive inference/diagnostic	bound	cross-domain; moderate semantic bridge; donor operator/certificate bonus; same-theory lexical penalty
545	5.011692795130893	IM-311	IM-004	S	P	0.0	0.0	0.0	MANY SIGNALS CAN BE INDIVIDUALLY UNDETECTABLE YET COLLECTIVELY DETECTABLE THROUGH A SMALL GLOBAL DISTORTION OF NULL	FLOW RESHAPES ITS FUTURE CONDUIT	S-174	P-764; P-765; P-876; P-877; P-967; P-980	S-174:Rare/weak regime	P-764:Dissolution + advection | P-765:Unstable reactive infiltration | P-876:Nonuniform electrodeposition | P-877:Metal plating | P-967:Filamentary switch | P-980:Repeated cycling	passive inference/diagnostic	certificate/exact	cross-domain; moderate semantic bridge; donor operator/certificate bonus; same-theory lexical penalty
546	5.011692795130893	IM-311	IM-043	S	M;P	0.0	0.0	0.0	MANY SIGNALS CAN BE INDIVIDUALLY UNDETECTABLE YET COLLECTIVELY DETECTABLE THROUGH A SMALL GLOBAL DISTORTION OF NULL	STATIONARY MACRO STATE ≠ ZERO INTERNAL FLOW	S-174	P-122; P-123; P-457; M-498	S-174:Rare/weak regime	P-122:Nonequilibrium steady state | P-123:Open driven system | P-457:Broken detailed balance | M-498:Oriented graph/complex	passive inference/diagnostic	certificate/exact	cross-domain; moderate semantic bridge; donor operator/certificate bonus; same-theory lexical penalty
547	5.011692795130893	IM-311	IM-044	S	E;P	0.0	0.0	0.0	MANY SIGNALS CAN BE INDIVIDUALLY UNDETECTABLE YET COLLECTIVELY DETECTABLE THROUGH A SMALL GLOBAL DISTORTION OF NULL	SAME AGGREGATE AMOUNT ≠ SAME FUNCTIONAL STATE	S-174	P-780; E-738; E-916	S-174:Rare/weak regime	P-780:Strong evolving heterogeneity | E-738:Heterogeneous vintages | E-916:Heterogeneous banks	passive inference/diagnostic	certificate/exact	cross-domain; moderate semantic bridge; donor operator/certificate bonus; same-theory lexical penalty
548	5.011692795130893	IM-311	IM-064	S	P	0.0	0.0	0.0	MANY SIGNALS CAN BE INDIVIDUALLY UNDETECTABLE YET COLLECTIVELY DETECTABLE THROUGH A SMALL GLOBAL DISTORTION OF NULL	ONE FAILURE REDISTRIBUTES LOAD → SURVIVORS CLOSER TO FAILURE → CASCADE	S-174	P-194; P-195	S-174:Rare/weak regime	P-194:Load-sharing rule | P-195:Interaction/load transfer	passive inference/diagnostic	certificate/exact	cross-domain; moderate semantic bridge; donor operator/certificate bonus; same-theory lexical penalty
549	5.011692795130893	IM-311	IM-088	S	P	0.0	0.0	0.0	MANY SIGNALS CAN BE INDIVIDUALLY UNDETECTABLE YET COLLECTIVELY DETECTABLE THROUGH A SMALL GLOBAL DISTORTION OF NULL	BOUNDARY IS NOT FIXED; STATE INCLUDES WHERE BOUNDARY IS	S-174	P-355	S-174:Rare/weak regime	P-355:Moving phase boundary	passive inference/diagnostic	certificate/exact	cross-domain; moderate semantic bridge; donor operator/certificate bonus; same-theory lexical penalty
550	5.011692795130893	IM-311	IM-136	S	E;P	0.0	0.0	0.0	MANY SIGNALS CAN BE INDIVIDUALLY UNDETECTABLE YET COLLECTIVELY DETECTABLE THROUGH A SMALL GLOBAL DISTORTION OF NULL	THE INTERACTION GRAPH ITSELF IS A STATE VARIABLE	S-174	E-147; E-520; P-675	S-174:Rare/weak regime	E-147:Strategic links | E-520:Search/switching costs | P-675:Dense frictional particles	passive inference/diagnostic	certificate/exact	cross-domain; moderate semantic bridge; donor operator/certificate bonus; same-theory lexical penalty
551	5.011692795130893	IM-311	IM-158	S	M;P	0.0	0.0	0.0	MANY SIGNALS CAN BE INDIVIDUALLY UNDETECTABLE YET COLLECTIVELY DETECTABLE THROUGH A SMALL GLOBAL DISTORTION OF NULL	ABSORPTION CHANGES THE STATE SPACE: AFTER ENTRY, ORDINARY RETURN/ERGODIC LOGIC NO LONGER APPLIES	S-174	M-148; P-141	S-174:Rare/weak regime	M-148:Absorbing dynamics | P-141:Local birth-death	passive inference/diagnostic	certificate/exact	cross-domain; moderate semantic bridge; donor operator/certificate bonus; same-theory lexical penalty
552	5.011692795130893	IM-311	IM-171	S	P	0.0	0.0	0.0	MANY SIGNALS CAN BE INDIVIDUALLY UNDETECTABLE YET COLLECTIVELY DETECTABLE THROUGH A SMALL GLOBAL DISTORTION OF NULL	A LOCALLY CAPABLE SOURCE MAY FAIL TO PROPAGATE BECAUSE THE DOWNSTREAM SINK/LOAD IS TOO LARGE	S-174	P-473; P-999	S-174:Rare/weak regime	P-473: Excitation current balance; P-999: Geometry + finite coupling	passive inference/diagnostic	certificate/exact	cross-domain; moderate semantic bridge; donor operator/certificate bonus; same-theory lexical penalty
553	5.011692795130893	IM-311	IM-177	S	M	0.0	0.0	0.0	MANY SIGNALS CAN BE INDIVIDUALLY UNDETECTABLE YET COLLECTIVELY DETECTABLE THROUGH A SMALL GLOBAL DISTORTION OF NULL	BEING ABLE TO SEE A STATE DIRECTION AND BEING ABLE TO CONTROL IT ARE INDEPENDENT QUESTIONS	S-174	M-421; M-422; M-427	S-174:Rare/weak regime	M-421: Linear dynamics; M-422: Linear observation system; M-427: Linear systems	passive inference/diagnostic	certificate/exact	cross-domain; moderate semantic bridge; donor operator/certificate bonus; same-theory lexical penalty
554	5.011692795130893	IM-311	IM-202	S	M;P	0.0	0.0	0.0	MANY SIGNALS CAN BE INDIVIDUALLY UNDETECTABLE YET COLLECTIVELY DETECTABLE THROUGH A SMALL GLOBAL DISTORTION OF NULL	FAST LOCAL MIXING + SLOW INTER-BASIN JUMPS → HIERARCHICAL METASTABLE STATE	S-174	M-146; P-019	S-174:Rare/weak regime	M-146: Timescale separation; P-019: Energy/free-energy barrier	passive inference/diagnostic	certificate/exact	cross-domain; moderate semantic bridge; donor operator/certificate bonus; same-theory lexical penalty
555	5.011692795130893	IM-311	IM-218	S	M	0.0	0.0	0.0	MANY SIGNALS CAN BE INDIVIDUALLY UNDETECTABLE YET COLLECTIVELY DETECTABLE THROUGH A SMALL GLOBAL DISTORTION OF NULL	REPLACE A DETERMINISTIC EVOLUTION EQUATION BY AN EXPECTATION OVER RANDOM PATHS	S-174	M-114	S-174:Rare/weak regime	M-114: Generator/PDE compatibility	passive inference/diagnostic	certificate/exact	cross-domain; moderate semantic bridge; donor operator/certificate bonus; same-theory lexical penalty
556	5.011692795130893	IM-311	IM-220	S	P	0.0	0.0	0.0	MANY SIGNALS CAN BE INDIVIDUALLY UNDETECTABLE YET COLLECTIVELY DETECTABLE THROUGH A SMALL GLOBAL DISTORTION OF NULL	INFER AN EQUILIBRIUM STATE DIFFERENCE FROM NONEQUILIBRIUM DRIVEN TRAJECTORIES	S-174	P-126; P-127	S-174:Rare/weak regime	P-126: Initial equilibrium; P-127: Microscopic reversibility	passive inference/diagnostic	certificate/exact	cross-domain; moderate semantic bridge; donor operator/certificate bonus; same-theory lexical penalty
557	5.011692795130893	IM-311	IM-227	S	M	0.0	0.0	0.0	MANY SIGNALS CAN BE INDIVIDUALLY UNDETECTABLE YET COLLECTIVELY DETECTABLE THROUGH A SMALL GLOBAL DISTORTION OF NULL	ORDINARY CLOCK TIME AND ACCUMULATED CONTACT/VISIT TIME AT A BOUNDARY ARE DIFFERENT STATE VARIABLES	S-174	M-317	S-174:Rare/weak regime	M-317:Continuous semimartingale	passive inference/diagnostic	certificate/exact	cross-domain; moderate semantic bridge; donor operator/certificate bonus; same-theory lexical penalty
558	5.011692795130893	IM-311	IM-247	S	M	0.0	0.0	0.0	MANY SIGNALS CAN BE INDIVIDUALLY UNDETECTABLE YET COLLECTIVELY DETECTABLE THROUGH A SMALL GLOBAL DISTORTION OF NULL	BOUNDARY INFLUENCE IS SET BY DYNAMICAL/GEOMETRIC ACCESSIBILITY, NOT RAW BOUNDARY SIZE	S-174	M-645; M-648	S-174:Rare/weak regime	M-645:Domain geometry | M-648:Fine boundary geometry	passive inference/diagnostic	certificate/exact	cross-domain; moderate semantic bridge; donor operator/certificate bonus; same-theory lexical penalty
559	5.011692795130893	IM-311	IM-359	S	E	0.0	0.0	0.0	MANY SIGNALS CAN BE INDIVIDUALLY UNDETECTABLE YET COLLECTIVELY DETECTABLE THROUGH A SMALL GLOBAL DISTORTION OF NULL	CONTROL THE INFORMATION STRUCTURE RATHER THAN THE STATE TO CHANGE ANOTHER DECISION-MAKER'S ACTION	S-174	E-401	S-174:Rare/weak regime	E-401:Sender commitment to information structure	passive inference/diagnostic	certificate/exact	cross-domain; moderate semantic bridge; donor operator/certificate bonus; same-theory lexical penalty
560	5.011692795130893	IM-325	IM-004	M	P	0.0	0.0	0.0	MONOTONE POLICY RESPONSE CAN BE CERTIFIED FROM COMPLEMENTARITY/ORDER STRUCTURE WITHOUT RESOLVING EVERY PARAMETER VALUE	FLOW RESHAPES ITS FUTURE CONDUIT	M-866; M-867; M-869; M-874; M-880	P-764; P-765; P-876; P-877; P-967; P-980	M-866:Complementary coordinates | M-867:Ordered action × parameter | M-869:Lattice optimization | M-874:Set-valued optimization | M-880:Nondifferentiable/discrete optimization	P-764:Dissolution + advection | P-765:Unstable reactive infiltration | P-876:Nonuniform electrodeposition | P-877:Metal plating | P-967:Filamentary switch | P-980:Repeated cycling	active control/decision	certificate/exact	cross-domain; moderate semantic bridge; donor operator/certificate bonus; same-theory lexical penalty
561	5.011692795130893	IM-325	IM-044	M	E;P	0.0	0.0	0.0	MONOTONE POLICY RESPONSE CAN BE CERTIFIED FROM COMPLEMENTARITY/ORDER STRUCTURE WITHOUT RESOLVING EVERY PARAMETER VALUE	SAME AGGREGATE AMOUNT ≠ SAME FUNCTIONAL STATE	M-866; M-867; M-869; M-874; M-880	P-780; E-738; E-916	M-866:Complementary coordinates | M-867:Ordered action × parameter | M-869:Lattice optimization | M-874:Set-valued optimization | M-880:Nondifferentiable/discrete optimization	P-780:Strong evolving heterogeneity | E-738:Heterogeneous vintages | E-916:Heterogeneous banks	active control/decision	certificate/exact	cross-domain; moderate semantic bridge; donor operator/certificate bonus; same-theory lexical penalty
562	5.011692795130893	IM-325	IM-064	M	P	0.0	0.0	0.0	MONOTONE POLICY RESPONSE CAN BE CERTIFIED FROM COMPLEMENTARITY/ORDER STRUCTURE WITHOUT RESOLVING EVERY PARAMETER VALUE	ONE FAILURE REDISTRIBUTES LOAD → SURVIVORS CLOSER TO FAILURE → CASCADE	M-866; M-867; M-869; M-874; M-880	P-194; P-195	M-866:Complementary coordinates | M-867:Ordered action × parameter | M-869:Lattice optimization | M-874:Set-valued optimization | M-880:Nondifferentiable/discrete optimization	P-194:Load-sharing rule | P-195:Interaction/load transfer	active control/decision	certificate/exact	cross-domain; moderate semantic bridge; donor operator/certificate bonus; same-theory lexical penalty
563	5.011692795130893	IM-325	IM-189	M	S	0.0	0.0	0.0	MONOTONE POLICY RESPONSE CAN BE CERTIFIED FROM COMPLEMENTARITY/ORDER STRUCTURE WITHOUT RESOLVING EVERY PARAMETER VALUE	RANDOM-TIME OBSERVATION OVERREPRESENTS LONG-LIVED STATES/EPISODES	M-866; M-867; M-869; M-874; M-880	S-272	M-866:Complementary coordinates | M-867:Ordered action × parameter | M-869:Lattice optimization | M-874:Set-valued optimization | M-880:Nondifferentiable/discrete optimization	S-272: Duration-biased sampling	active control/decision	certificate/exact	cross-domain; moderate semantic bridge; donor operator/certificate bonus; same-theory lexical penalty
564	5.011692795130893	IM-325	IM-271	M	S	0.0	0.0	0.0	MONOTONE POLICY RESPONSE CAN BE CERTIFIED FROM COMPLEMENTARITY/ORDER STRUCTURE WITHOUT RESOLVING EVERY PARAMETER VALUE	RESIDUAL DEPENDENCE AFTER CONDITIONING ON LATENT STATE IS EVIDENCE THE STATE REPRESENTATION IS INCOMPLETE	M-866; M-867; M-869; M-874; M-880	S-332; S-855	M-866:Complementary coordinates | M-867:Ordered action × parameter | M-869:Lattice optimization | M-874:Set-valued optimization | M-880:Nondifferentiable/discrete optimization	S-332:Latent-variable model | S-855:Violated local independence	active control/decision	certificate/exact	cross-domain; moderate semantic bridge; donor operator/certificate bonus; same-theory lexical penalty
565	5.011675699173454	IM-249	IM-300	M	S	0.015618604017672455	0.0	0.0	REPLACE AN INACCESSIBLE INTERIOR SOURCE BY A BOUNDARY-EQUIVALENT SOURCE THAT PRESERVES EXTERNAL OBSERVABLES	AN INTERVENTION CAN CREATE THE CONFOUNDER THAT LATER PREVENTS CLEAN DECOMPOSITION OF ITS OWN EFFECT	M-655	S-648; S-725	M-655:Potential equivalence	S-648:Time-varying causal structure | S-725:Longitudinal causal feedback	passive inference/diagnostic	bound	cross-domain; moderate semantic bridge; donor operator/certificate bonus; same-theory lexical penalty
566	5.011337716959919	IM-088	IM-196	P	M	0.051867349139165186	0.1	0.0	BOUNDARY IS NOT FIXED; STATE INCLUDES WHERE BOUNDARY IS	RECOVERY CAN HAVE A SHARP COMPLEXITY–MEASUREMENT GEOMETRY BOUNDARY	P-355	M-279; M-280	P-355:Moving phase boundary	M-279: Sparsity + measurement geometry; M-280: Sparse signal class	mechanism/structural	bound	cross-domain; moderate semantic bridge; donor operator/certificate bonus; same-theory lexical penalty
567	5.011226058161472	IM-269	IM-293	M	P	0.0412151639197073	0.0	0.0	A RARE MACRO EVENT IS OFTEN CONTROLLED BY THE LEAST-COST ATYPICAL PATH, NOT TYPICAL FLUCTUATIONS	FAST MICRO-MOTION CAN ALTER THE EFFECTIVE SLOW POTENTIAL AND STABILIZE AN OTHERWISE UNSTABLE STATE	M-115; M-156	P-114; P-115	M-115:Asymptotic exponential scaling | M-156:Path-space LDP	P-114:High-frequency forcing | P-115:Multi-scale forcing	active control/decision	none-explicit	cross-domain; moderate semantic bridge; donor operator/certificate bonus; same-theory lexical penalty
568	5.009949586631858	IM-325	IM-165	M	P	0.015453309548275992	0.0	0.0	MONOTONE POLICY RESPONSE CAN BE CERTIFIED FROM COMPLEMENTARITY/ORDER STRUCTURE WITHOUT RESOLVING EVERY PARAMETER VALUE	A LARGE-SCALE UNIVERSAL LAW CAN BE CORRECT WHILE MICRO-MECHANISM IDENTIFICATION FROM THAT LAW IS IMPOSSIBLE	M-866; M-867; M-869; M-874; M-880	P-158; P-030	M-866:Complementary coordinates | M-867:Ordered action × parameter | M-869:Lattice optimization | M-874:Set-valued optimization | M-880:Nondifferentiable/discrete optimization	P-158: Shared symmetry/dimension/conservation; P-030: Scale separation/controlled approximation	active control/decision	certificate/exact	cross-domain; moderate semantic bridge; donor operator/certificate bonus; same-theory lexical penalty
569	5.008997004489944	IM-149	IM-224	P	M	0.05243608735347163	0.0	0.0	RETURN CONTROL PARAMETERS TO THEIR STARTING VALUES AND STILL ACCUMULATE A NET EFFECT	CERTIFY STOCHASTIC STABILITY BY SHOWING ONE BADNESS FUNCTION HAS NEGATIVE EXPECTED DRIFT OUTSIDE A CORE REGION	P-079; P-331; P-332; P-334; P-335	M-331	P-079:Adiabatic/cyclic geometry | P-331:Gap + cyclic path | P-332:Adiabatic topology | P-334:Periodic stochastic driving | P-335:Adiabatic cyclic control	M-331:Markov dynamics	active control/decision	none-explicit	cross-domain; moderate semantic bridge; donor operator/certificate bonus; same-theory lexical penalty
570	5.008069515954123	IM-280	IM-278	S	M	0.04096856911858793	0.0	0.0	UNCERTAINTY WIDTH ITSELF CAN BE A FEEDBACK CONTROL VARIABLE USED TO RESTORE A COVERAGE TARGET	ALTERNATING LOCAL CORRECTIONS MAY NEED A MEMORY OF PREVIOUS CORRECTION ERROR TO CONVERGE TO RIGHT GLOBAL OBJECT	S-390	M-159	S-390:Online feedback	M-159:Convex sets	active control/decision	none-explicit	cross-domain; moderate semantic bridge; donor operator/certificate bonus; same-theory lexical penalty
571	5.007947063794887	IM-267	IM-364	M	E	0.059698560859379496	0.07142857142857142	0.0	THE VALUE OF PERFECT FUTURE INFORMATION CAN BE BOUNDED WITHOUT HAVING THAT INFORMATION	DECENTRALIZATION TRADES A LOCAL INFORMATION ADVANTAGE AGAINST OBJECTIVE MISALIGNMENT	M-345	E-231; E-232	M-345:Sequential selection	E-231:Information distribution | E-232:Misaligned incentives	mechanism/structural	bound	cross-domain; moderate semantic bridge; donor operator/certificate bonus; same-theory lexical penalty
572	5.005142895791067	IM-249	IM-140	M	P	0.022217544064813723	0.05555555555555555	0.0	REPLACE AN INACCESSIBLE INTERIOR SOURCE BY A BOUNDARY-EQUIVALENT SOURCE THAT PRESERVES EXTERNAL OBSERVABLES	A CONSERVED/ACCUMULATING BURDEN CAN SELF-QUENCH GROWTH UNLESS A BOUNDARY EXPORT CHANNEL REMOVES IT	M-655	P-796; P-798	M-655:Potential equivalence	P-796:High conductivity | P-798:Open boundaries	passive inference/diagnostic	bound	cross-domain; moderate semantic bridge; donor operator/certificate bonus; same-theory lexical penalty
573	5.004348114445864	IM-357	IM-131	E	S	0.052091020210167656	0.0	0.0	PUBLIC ACTIONS CAN ACCUMULATE UNTIL A NEW AGENT RATIONALLY IGNORES ITS OWN PRIVATE SIGNAL	INFORMATION NEED NOT ENTER WITH WEIGHT 0 OR 1; LEARNING RATE CAN BE TEMPERED	E-099	S-430	E-099:Sequential social learning	S-430:Model misspecification	active control/decision	none-explicit	cross-domain; moderate semantic bridge; donor operator/certificate bonus; same-theory lexical penalty
574	5.004183496075198	IM-088	IM-362	P	E	0.05207879369478416	0.0	0.0	BOUNDARY IS NOT FIXED; STATE INCLUDES WHERE BOUNDARY IS	WHEN PAYOFF DEPENDS ON WHAT OTHERS EXPECT, HIGHER-ORDER BELIEFS CAN DOMINATE FUNDAMENTAL VALUE	P-355	E-098	P-355:Moving phase boundary	E-098:Higher-order beliefs	mechanism/structural	bound	cross-domain; moderate semantic bridge; donor operator/certificate bonus; same-theory lexical penalty
575	5.002716397993619	IM-269	IM-156	M	E;P	0.04054958039134398	0.0	0.0	A RARE MACRO EVENT IS OFTEN CONTROLLED BY THE LEAST-COST ATYPICAL PATH, NOT TYPICAL FLUCTUATIONS	SYMMETRIC RULES CAN PRODUCE AN ASYMMETRIC REALIZED STATE; TINY COORDINATION SIGNALS CAN SELECT WHICH ONE	M-115; M-156	P-014; E-155; E-156	M-115:Asymptotic exponential scaling | M-156:Path-space LDP	P-014:Degeneracy/instability | E-155:Multiple equilibria | E-156:Expectations coordination	active control/decision	none-explicit	cross-domain; moderate semantic bridge; donor operator/certificate bonus; same-theory lexical penalty
576	5.002674599241693	IM-311	IM-374	S	P	0.022867066442127215	0.0625	0.0	MANY SIGNALS CAN BE INDIVIDUALLY UNDETECTABLE YET COLLECTIVELY DETECTABLE THROUGH A SMALL GLOBAL DISTORTION OF NULL	REPEATED INDIVIDUALLY SUBCRITICAL LOAD CYCLES CAN GROW A HIDDEN DEFECT UNTIL FAILURE	S-174	P-233	S-174:Rare/weak regime	P-233:Cyclic loading	passive inference/diagnostic	certificate/exact	cross-domain; moderate semantic bridge; donor operator/certificate bonus; same-theory lexical penalty
577	5.00266370290934	IM-181	IM-311	M	S	0.00851678520757071	0.0625	0.0	INTERROGATE AN INACCESSIBLE INTERIOR THROUGH CONTROLLED BOUNDARY INPUTS AND BOUNDARY RESPONSES	MANY SIGNALS CAN BE INDIVIDUALLY UNDETECTABLE YET COLLECTIVELY DETECTABLE THROUGH A SMALL GLOBAL DISTORTION OF NULL	M-431; M-432	S-174	M-431: PDE boundary access; M-432: Elliptic PDE	S-174:Rare/weak regime	active control/decision	bound	cross-domain; moderate semantic bridge; donor operator/certificate bonus; same-theory lexical penalty
578	5.002367669530155	IM-311	IM-147	S	P	0.032485592996489024	0.07142857142857142	0.0	MANY SIGNALS CAN BE INDIVIDUALLY UNDETECTABLE YET COLLECTIVELY DETECTABLE THROUGH A SMALL GLOBAL DISTORTION OF NULL	A VANISHINGLY SMALL SUBSET CAN DOMINATE LONG-TIME OR AGGREGATE BEHAVIOR	S-174	P-154	S-174:Rare/weak regime	P-154:Disorder/extreme heterogeneity	passive inference/diagnostic	certificate/exact	cross-domain; moderate semantic bridge; donor operator/certificate bonus; same-theory lexical penalty
579	5.001223852654723	IM-206	IM-165	M	P	0.014613420746217902	0.0	0.0	INFER LONG-TIME BEHAVIOR FROM TRANSFORM BEHAVIOR NEAR A BOUNDARY/LOW FREQUENCY	A LARGE-SCALE UNIVERSAL LAW CAN BE CORRECT WHILE MICRO-MECHANISM IDENTIFICATION FROM THAT LAW IS IMPOSSIBLE	M-125; M-126	P-158; P-030	M-125: Regularity assumptions; M-126: Summability structure	P-158: Shared symmetry/dimension/conservation; P-030: Scale separation/controlled approximation	passive inference/diagnostic	bound;local	cross-domain; moderate semantic bridge; donor operator/certificate bonus; same-theory lexical penalty
580	5.000834290845711	IM-196	IM-365	M	E	0.014575754091958399	0.0	0.0	RECOVERY CAN HAVE A SHARP COMPLEXITY–MEASUREMENT GEOMETRY BOUNDARY	AN UNPRICED EXTERNAL EFFECT CAN BE INTERNALIZED BY ADDING ITS MARGINAL SOCIAL COST TO THE PRIVATE DECISION	M-279; M-280	E-049; E-201	M-279: Sparsity + measurement geometry; M-280: Sparse signal class	E-049:External cost/benefit measurable | E-201:Externality measurement	passive inference/diagnostic	bound	cross-domain; moderate semantic bridge; donor operator/certificate bonus; same-theory lexical penalty
581	5.000064229505076	IM-311	IM-365	S	E	0.014501253842728415	0.0	0.0	MANY SIGNALS CAN BE INDIVIDUALLY UNDETECTABLE YET COLLECTIVELY DETECTABLE THROUGH A SMALL GLOBAL DISTORTION OF NULL	AN UNPRICED EXTERNAL EFFECT CAN BE INTERNALIZED BY ADDING ITS MARGINAL SOCIAL COST TO THE PRIVATE DECISION	S-174	E-049; E-201	S-174:Rare/weak regime	E-049:External cost/benefit measurable | E-201:Externality measurement	passive inference/diagnostic	certificate/exact	cross-domain; moderate semantic bridge; donor operator/certificate bonus; same-theory lexical penalty
582	4.999723440795561	IM-250	IM-301	M	P	0.059099905815540116	0.0	0.0	LOCAL SAFE-DIRECTION CONDITIONS AT EVERY BOUNDARY POINT CAN CERTIFY GLOBAL VIABILITY	WHEN DESIRED CONTRIBUTIONS DEPHASE AND CANCEL, PERIODIC SIGN REVERSAL CAN RESET PHASE AND MAKE THEM ACCUMULATE	M-289; M-290	P-289	M-289:Tangency conditions | M-290:Closed constraint set	P-289:Engineered modulation	mechanism/structural	certificate/exact;bound;local	cross-domain; moderate semantic bridge; donor operator/certificate bonus; same-theory lexical penalty
583	4.999222599819413	IM-311	IM-244	S	M	0.022096680545219818	0.058823529411764705	0.0	MANY SIGNALS CAN BE INDIVIDUALLY UNDETECTABLE YET COLLECTIVELY DETECTABLE THROUGH A SMALL GLOBAL DISTORTION OF NULL	DECENTRALIZED LOCAL INCENTIVE MOVES CAN SOMETIMES BE REPRESENTED BY ONE GLOBAL POTENTIAL LANDSCAPE	S-174	M-286	S-174:Rare/weak regime	M-286:Exact/ordinal potential structure	passive inference/diagnostic	certificate/exact	cross-domain; moderate semantic bridge; donor operator/certificate bonus; same-theory lexical penalty
584	4.999170222399243	IM-325	IM-361	M	E	0.014414690257138138	0.0	0.0	MONOTONE POLICY RESPONSE CAN BE CERTIFIED FROM COMPLEMENTARITY/ORDER STRUCTURE WITHOUT RESOLVING EVERY PARAMETER VALUE	VOLUNTARY VERIFIABLE DISCLOSURE CAN UNRAVEL RECURSIVELY FROM THE BEST TYPE DOWNWARD	M-866; M-867; M-869; M-874; M-880	E-410	M-866:Complementary coordinates | M-867:Ordered action × parameter | M-869:Lattice optimization | M-874:Set-valued optimization | M-880:Nondifferentiable/discrete optimization	E-410:Ordered types + verifiable info	active control/decision	certificate/exact	cross-domain; moderate semantic bridge; donor operator/certificate bonus; same-theory lexical penalty
585	4.998463636448841	IM-269	IM-091	M	S	0.04021599444828334	0.0	0.0	A RARE MACRO EVENT IS OFTEN CONTROLLED BY THE LEAST-COST ATYPICAL PATH, NOT TYPICAL FLUCTUATIONS	PATH-SPECIFIC EFFECT MAY BE UNIDENTIFIABLE BECAUSE AN INTERMEDIATE WOULD NEED INCOMPATIBLE STATES	M-115; M-156	S-652; S-653	M-115:Asymptotic exponential scaling | M-156:Path-space LDP	S-652:Causal DAG | S-653:Conflicting path assignments	active control/decision	none-explicit	cross-domain; moderate semantic bridge; donor operator/certificate bonus; same-theory lexical penalty
586	4.998249193857612	IM-336	IM-359	S	E	0.04019915647837376	0.0	0.0	THE KNOWN RANDOMIZATION MECHANISM CAN ITSELF GENERATE AN EXACT REFERENCE DISTRIBUTION	CONTROL THE INFORMATION STRUCTURE RATHER THAN THE STATE TO CHANGE ANOTHER DECISION-MAKER'S ACTION	S-149	E-401	S-149:Known randomization	E-401:Sender commitment to information structure	mechanism/structural	certificate/exact;probabilistic	cross-domain; moderate semantic bridge; donor operator/certificate bonus; same-theory lexical penalty
587	4.997863783787988	IM-206	IM-363	M	E	0.02423204609352311	0.07692307692307693	0.0	INFER LONG-TIME BEHAVIOR FROM TRANSFORM BEHAVIOR NEAR A BOUNDARY/LOW FREQUENCY	RAISING PRICE CAN FAIL TO CLEAR A MARKET BECAUSE PRICE CHANGES THE QUALITY OR BEHAVIOR OF WHO REMAINS	M-125; M-126	E-090	M-125: Regularity assumptions; M-126: Summability structure	E-090:Adverse selection/moral hazard	passive inference/diagnostic	bound;local	cross-domain; moderate semantic bridge; donor operator/certificate bonus; same-theory lexical penalty
588	4.997478421306564	IM-311	IM-248	S	M	0.023517269568814315	0.0	0.0	MANY SIGNALS CAN BE INDIVIDUALLY UNDETECTABLE YET COLLECTIVELY DETECTABLE THROUGH A SMALL GLOBAL DISTORTION OF NULL	GEOMETRICALLY NONEMPTY/LARGE-LOOKING SETS CAN BE EFFECTIVELY INVISIBLE TO A GIVEN PHYSICAL/PROBABILISTIC PROCESS	S-174	M-651; M-652; M-654	S-174:Rare/weak regime	M-651:Compact planar set | M-652:Higher-dimensional potential theory | M-654:Zero capacity	passive inference/diagnostic	certificate/exact	cross-domain; moderate semantic bridge; donor operator/certificate bonus; same-theory lexical penalty
589	4.997088330705699	IM-253	IM-171	M	P	0.04010797711205371	0.0	0.0	PROJECT ONTO A CONSTRAINT FAMILY SO TOTAL MISMATCH SPLITS INTO EXPLAINED ADJUSTMENT + RESIDUAL MISMATCH	A LOCALLY CAPABLE SOURCE MAY FAIL TO PROPAGATE BECAUSE THE DOWNSTREAM SINK/LOAD IS TOO LARGE	M-271; M-274	P-473; P-999	M-271:Divergence geometry | M-274:Appropriate divergence/manifold	P-473: Excitation current balance; P-999: Geometry + finite coupling	mechanism/structural	certificate/exact	cross-domain; moderate semantic bridge; donor operator/certificate bonus; same-theory lexical penalty
590	4.996963361546537	IM-221	IM-038	P	E;M;S	0.051542019280781684	0.0	0.0	ABANDON EXTREME SLOW TRAJECTORIES AND RESTART; MEAN COMPLETION CAN IMPROVE EVEN THOUGH WORK IS DISCARDED	FULL OBJECT UNIDENTIFIED, TARGET FUNCTION CAN STILL BE IDENTIFIED	P-131	S-008; S-131; M-428; E-404	P-131:Heavy-tail/variable completion time	S-008:“Information” is target/model specific | S-131:Weak assumptions | M-428:Realization equivalence | E-404:Experiments/signals	active control/decision	none-explicit	cross-domain; moderate semantic bridge; donor operator/certificate bonus; same-theory lexical penalty
591	4.993316313043161	IM-227	IM-381	M	P	0.03981136922164623	0.0	0.0	ORDINARY CLOCK TIME AND ACCUMULATED CONTACT/VISIT TIME AT A BOUNDARY ARE DIFFERENT STATE VARIABLES	A PROPAGATING EXCITATION CAN BECOME SELF-SUSTAINING ON A LOOP IF RETURN TIME EXCEEDS LOCAL RECOVERY TIME	M-317	P-984; P-985; P-994; P-1000	M-317:Continuous semimartingale	P-984:Recovery variable | P-985:Fast–slow system | P-994:Recovery + closed path | P-1000:State-dependent connectivity	mechanism/structural	bound	cross-domain; moderate semantic bridge; donor operator/certificate bonus; same-theory lexical penalty
592	4.991000834610523	IM-107	IM-196	S	M	0.03962903719733716	0.0	0.0	WHEN DATA DO NOT POINT-IDENTIFY, CORRECT ANSWER MAY BE LARGE/DISCONNECTED/UNBOUNDED SET	RECOVERY CAN HAVE A SHARP COMPLEXITY–MEASUREMENT GEOMETRY BOUNDARY	S-131; S-136; S-447	M-279; M-280	S-131:Weak assumptions | S-136:Partial identification | S-447:Weak/nonidentification	M-279: Sparsity + measurement geometry; M-280: Sparse signal class	mechanism/structural	bound	cross-domain; moderate semantic bridge; donor operator/certificate bonus; same-theory lexical penalty
593	4.987699928293964	IM-225	IM-360	M	E	0.013297080354339434	0.0	0.0	DEPENDENT SEQUENTIAL DATA CAN STILL HAVE SHARP DEVIATION GUARANTEES IF SURPRISES AND PREDICTABLE VARIANCE ARE CONTROLLED	COSTLESS NONBINDING MESSAGES ARE INFORMATIVE ONLY TO THE EXTENT SENDER AND RECEIVER INCENTIVES ALIGN	M-311; M-313	E-406	M-311:Martingale difference structure | M-313:Martingale variance process	E-406:Nonbinding communication	active control/decision	certificate/exact	cross-domain; moderate semantic bridge; donor operator/certificate bonus; same-theory lexical penalty
594	4.987229678498345	IM-127	IM-050	S	E;M;P	0.039331654338928546	0.0	0.0	WHEN TWO ACTIONS ALMOST EQUALLY GOOD, ESTIMATED BEST ACTION CAN BE UNSTABLE EVEN IF VALUE IS STABLE	COARSE AVERAGE CAN LOSE THE VARIABLE THAT ACTUALLY CLOSES THE DYNAMICS	S-738	M-147; M-689; E-916; E-738; P-780	S-738:Near-zero treatment contrast	M-147:Transition compatibility | M-689:Many-to-one dynamics map | E-916:Heterogeneous banks | E-738:Heterogeneous vintages | P-780:Strong evolving heterogeneity	active control/decision	none-explicit	cross-domain; moderate semantic bridge; donor operator/certificate bonus; same-theory lexical penalty
595	4.986198611115512	IM-206	IM-060	M	S	0.013149824637189712	0.0	0.0	INFER LONG-TIME BEHAVIOR FROM TRANSFORM BEHAVIOR NEAR A BOUNDARY/LOW FREQUENCY	UNSEEN MASS CAN BE INFERRED FROM PATTERNS OF REPEATED VISIBILITY	M-125; M-126	S-801; S-802; S-803	M-125: Regularity assumptions; M-126: Summability structure	S-801:Closed population + independence benchmark | S-802:Repeated partial observation | S-803:Hidden population	passive inference/diagnostic	bound;local	cross-domain; moderate semantic bridge; donor operator/certificate bonus; same-theory lexical penalty
596	4.984315166569173	IM-311	IM-364	S	E	0.012964763445591377	0.0	0.0	MANY SIGNALS CAN BE INDIVIDUALLY UNDETECTABLE YET COLLECTIVELY DETECTABLE THROUGH A SMALL GLOBAL DISTORTION OF NULL	DECENTRALIZATION TRADES A LOCAL INFORMATION ADVANTAGE AGAINST OBJECTIVE MISALIGNMENT	S-174	E-231; E-232	S-174:Rare/weak regime	E-231:Information distribution | E-232:Misaligned incentives	passive inference/diagnostic	certificate/exact	cross-domain; moderate semantic bridge; donor operator/certificate bonus; same-theory lexical penalty
597	4.9842014341578365	IM-270	IM-224	S	M	0.05059067027160481	0.0	0.0	LATENT SCORES ARE NOT COMPARABLE ACROSS GROUPS/TIME IF THE MEASUREMENT MAP ITSELF CHANGES	CERTIFY STOCHASTIC STABILITY BY SHOWING ONE BADNESS FUNCTION HAS NEGATIVE EXPECTED DRIFT OUTSIDE A CORE REGION	S-330; S-331	M-331	S-330:Measurement fairness/invariance | S-331:Multi-group latent model	M-331:Markov dynamics	passive inference/diagnostic	none-explicit	cross-domain; moderate semantic bridge; donor operator/certificate bonus; same-theory lexical penalty
598	4.983658377162778	IM-206	IM-302	M	P	0.02754595659141866	0.0	0.2	INFER LONG-TIME BEHAVIOR FROM TRANSFORM BEHAVIOR NEAR A BOUNDARY/LOW FREQUENCY	PASSIVE SPONTANEOUS FLUCTUATIONS CAN REVEAL HOW THE SYSTEM WILL RESPOND TO A SMALL ACTIVE PERTURBATION	M-125; M-126	P-102	M-125: Regularity assumptions; M-126: Summability structure	P-102:Equilibrium/time-reversal conditions	passive inference/diagnostic	bound;local	cross-domain; moderate semantic bridge; donor operator/certificate bonus; same-theory lexical penalty
599	4.983120795484039	IM-249	IM-338	M	S	0.012847220089289652	0.0	0.0	REPLACE AN INACCESSIBLE INTERIOR SOURCE BY A BOUNDARY-EQUIVALENT SOURCE THAT PRESERVES EXTERNAL OBSERVABLES	SEQUENTIAL WEAK LEARNERS CAN BECOME STRONG BY TARGETING THE RESIDUAL LEFT BY EARLIER LEARNERS	M-655	S-155	M-655:Potential equivalence	S-155:Additive learner	passive inference/diagnostic	bound	cross-domain; moderate semantic bridge; donor operator/certificate bonus; same-theory lexical penalty
600	4.982607566942818	IM-292	IM-210	P	S	0.09085961283970612	0.0	0.0	ELIMINATING HIDDEN DYNAMIC VARIABLES CAN TURN A MARKOV/LOCAL SYSTEM INTO MEMORY + COLORED NOISE	FUTURE DATA CAN CHANGE YOUR BEST ESTIMATE OF THE PAST; ONLINE AND OFFLINE STATE ESTIMATES ARE DIFFERENT	P-105; P-106; P-107	S-106; S-107	P-105:Projection formalism | P-106:Chosen relevant subspace | P-107:Exact projected dynamics	S-106: Offline/two-sided information; S-107: Delay/latency tradeoff	mechanism/structural	local	cross-domain; moderate semantic bridge; donor operator/certificate bonus; same-theory lexical penalty
601	4.9825529652759615	IM-099	IM-177	E	M	0.05662846893428187	0.16666666666666666	0.0	NUMBER OF INDEPENDENT TARGETS CANNOT EXCEED EFFECTIVE INDEPENDENT CONTROL DIRECTIONS	BEING ABLE TO SEE A STATE DIRECTION AND BEING ABLE TO CONTROL IT ARE INDEPENDENT QUESTIONS	E-109	M-421; M-422; M-427	E-109:Local controllability/rank	M-421: Linear dynamics; M-422: Linear observation system; M-427: Linear systems	active control/decision	none-explicit	cross-domain; moderate semantic bridge; donor operator/certificate bonus; same-theory lexical penalty
602	4.981460279639815	IM-212	IM-205	S	M	0.06863514601454716	0.0	0.0	SUBTRACT THE PREDICTABLE PART OF AN OBSERVATION STREAM TO ISOLATE NEW INFORMATION	THE LIMIT FAILED MUST BE SPLIT INTO CONCENTRATION, FRAGMENTATION, OR ESCAPE	S-105; S-120	M-120	S-105: Correct conditional model; S-120: Predictable intensity	M-120: Variational loss of compactness	passive inference/diagnostic	none-explicit	cross-domain; moderate semantic bridge; donor operator/certificate bonus; same-theory lexical penalty
603	4.980985066962003	IM-196	IM-331	M	S	0.01263666696077715	0.0	0.0	RECOVERY CAN HAVE A SHARP COMPLEXITY–MEASUREMENT GEOMETRY BOUNDARY	AN EXOGENOUS VARIATION CHANNEL CAN IDENTIFY A CAUSAL EFFECT EVEN WHEN ORDINARY ASSOCIATION IS CONFOUNDED	M-279; M-280	S-027	M-279: Sparsity + measurement geometry; M-280: Sparse signal class	S-027:Exclusion/relevance assumptions	passive inference/diagnostic	bound	cross-domain; moderate semantic bridge; donor operator/certificate bonus; same-theory lexical penalty
604	4.980171427339515	IM-051	IM-211	P	S	0.03877362811280293	0.0	0.0	CONTROL CHANGES FASTER THAN SYSTEM CAN RELAX → PROTOCOL SELECTS FINAL STATE	DON'T COMMIT TO ONE DYNAMICAL MODEL TOO EARLY; CARRY A MODEL BANK AND UPDATE MODEL PROBABILITIES	P-918	S-110	P-918:Finite relaxation time	S-110: Finite model bank	active control/decision	none-explicit	cross-domain; moderate semantic bridge; donor operator/certificate bonus; same-theory lexical penalty
605	4.979704316099742	IM-262	IM-189	M	S	0.05100129991516627	0.0	0.2	EXACT STATIONARY SAMPLING CAN BE CERTIFIED BY COALESCENCE OF ALL POSSIBLE HISTORIES, NOT LONG BURN-IN	RANDOM-TIME OBSERVATION OVERREPRESENTS LONG-LIVED STATES/EPISODES	M-333; M-334	S-272	M-333:Monotone/couplable chain | M-334:Exact coupling construction	S-272: Duration-biased sampling	mechanism/structural	certificate/exact	cross-domain; moderate semantic bridge; donor operator/certificate bonus; same-theory lexical penalty
606	4.979649922080403	IM-325	IM-350	M	E	0.01250480002100357	0.0	0.0	MONOTONE POLICY RESPONSE CAN BE CERTIFIED FROM COMPLEMENTARITY/ORDER STRUCTURE WITHOUT RESOLVING EVERY PARAMETER VALUE	AN INFORMED AGENT CAN REVEAL TYPE BY CHOOSING A COSTLY ACTION WHOSE COST DIFFERS ACROSS TYPES	M-866; M-867; M-869; M-874; M-880	E-010; E-115	M-866:Complementary coordinates | M-867:Ordered action × parameter | M-869:Lattice optimization | M-874:Set-valued optimization | M-880:Nondifferentiable/discrete optimization	E-010:Incentive compatibility | E-115:Single-crossing	active control/decision	certificate/exact	cross-domain; moderate semantic bridge; donor operator/certificate bonus; same-theory lexical penalty
607	4.979100634631333	IM-269	IM-350	M	E	0.05020947039153331	0.0	0.0	A RARE MACRO EVENT IS OFTEN CONTROLLED BY THE LEAST-COST ATYPICAL PATH, NOT TYPICAL FLUCTUATIONS	AN INFORMED AGENT CAN REVEAL TYPE BY CHOOSING A COSTLY ACTION WHOSE COST DIFFERS ACROSS TYPES	M-115; M-156	E-010; E-115	M-115:Asymptotic exponential scaling | M-156:Path-space LDP	E-010:Incentive compatibility | E-115:Single-crossing	active control/decision	none-explicit	cross-domain; moderate semantic bridge; donor operator/certificate bonus; same-theory lexical penalty
608	4.97900226138861	IM-206	IM-334	M	S	0.012440766253408984	0.0	0.0	INFER LONG-TIME BEHAVIOR FROM TRANSFORM BEHAVIOR NEAR A BOUNDARY/LOW FREQUENCY	AN ACTION CAN HAVE TWO VALUES AT ONCE: CURRENT PAYOFF AND INFORMATION ABOUT FUTURE PAYOFFS	M-125; M-126	S-042; S-043; S-044	M-125: Regularity assumptions; M-126: Summability structure	S-042:Reward feedback | S-043:Bayesian model | S-044:Concentration assumptions	passive inference/diagnostic	bound;local	cross-domain; moderate semantic bridge; donor operator/certificate bonus; same-theory lexical penalty
609	4.978200504583055	IM-267	IM-291	M	S	0.045026556591171	0.058823529411764705	0.0	THE VALUE OF PERFECT FUTURE INFORMATION CAN BE BOUNDED WITHOUT HAVING THAT INFORMATION	IN SEQUENTIAL DISCOVERY, FUTURE TESTING BUDGET CAN BE A STOCHASTIC STATE CREATED OR DEPLETED BY EARLIER RESULTS	M-345	S-391; S-392	M-345:Sequential selection	S-391:Sequential multiple testing | S-392:Online error control	mechanism/structural	bound	cross-domain; moderate semantic bridge; donor operator/certificate bonus; same-theory lexical penalty
610	4.978085181586241	IM-249	IM-275	M	S	0.021782443046941387	0.0	0.0	REPLACE AN INACCESSIBLE INTERIOR SOURCE BY A BOUNDARY-EQUIVALENT SOURCE THAT PRESERVES EXTERNAL OBSERVABLES	TWO WRONG-PRONE MODELS CAN BE COMBINED SO VALIDITY SURVIVES IF EITHER ONE OF TWO DISTINCT MODELING ROUTES IS CORRECT	M-655	S-068; S-953	M-655:Potential equivalence	S-068:At least one nuisance model correctly specified | S-953:Two nuisance models	passive inference/diagnostic	bound	cross-domain; moderate semantic bridge; donor operator/certificate bonus; same-theory lexical penalty
611	4.977895982372972	IM-225	IM-054	M	S	0.01233128774280353	0.0	0.0	DEPENDENT SEQUENTIAL DATA CAN STILL HAVE SHARP DEVIATION GUARANTEES IF SURPRISES AND PREDICTABLE VARIANCE ARE CONTROLLED	FREEZE NUISANCE INFORMATION → MOVE ONLY INSIDE REMAINING FIBER	M-311; M-313	S-770; S-771	M-311:Martingale difference structure | M-313:Martingale variance process	S-770:Conditional inference | S-771:Exponential-family structure	active control/decision	certificate/exact	cross-domain; moderate semantic bridge; donor operator/certificate bonus; same-theory lexical penalty
612	4.977826017881995	IM-196	IM-140	M	P	0.021156224710604944	0.06666666666666667	0.0	RECOVERY CAN HAVE A SHARP COMPLEXITY–MEASUREMENT GEOMETRY BOUNDARY	A CONSERVED/ACCUMULATING BURDEN CAN SELF-QUENCH GROWTH UNLESS A BOUNDARY EXPORT CHANNEL REMOVES IT	M-279; M-280	P-796; P-798	M-279: Sparsity + measurement geometry; M-280: Sparse signal class	P-796:High conductivity | P-798:Open boundaries	passive inference/diagnostic	bound	cross-domain; moderate semantic bridge; donor operator/certificate bonus; same-theory lexical penalty
613	4.977752618189722	IM-262	IM-272	M	S	0.057496790848409786	0.0	0.0	EXACT STATIONARY SAMPLING CAN BE CERTIFIED BY COALESCENCE OF ALL POSSIBLE HISTORIES, NOT LONG BURN-IN	MANY TINY SAME-DIRECTION ERRORS CAN BECOME STRONG EVIDENCE THROUGH ACCUMULATION EVEN WHEN NO SINGLE OBSERVATION IS ABNORMAL	M-333; M-334	S-333	M-333:Monotone/couplable chain | M-334:Exact coupling construction	S-333:Sequential change detection	mechanism/structural	certificate/exact	cross-domain; moderate semantic bridge; donor operator/certificate bonus; same-theory lexical penalty
614	4.97697009778857	IM-225	IM-280	M	S	0.012239562540903652	0.0	0.0	DEPENDENT SEQUENTIAL DATA CAN STILL HAVE SHARP DEVIATION GUARANTEES IF SURPRISES AND PREDICTABLE VARIANCE ARE CONTROLLED	UNCERTAINTY WIDTH ITSELF CAN BE A FEEDBACK CONTROL VARIABLE USED TO RESTORE A COVERAGE TARGET	M-311; M-313	S-390	M-311:Martingale difference structure | M-313:Martingale variance process	S-390:Online feedback	active control/decision	certificate/exact	cross-domain; moderate semantic bridge; donor operator/certificate bonus; same-theory lexical penalty
615	4.976346969067018	IM-148	IM-335	P	S	0.038470473054583045	0.0	0.0	A VARIABLE CAN BE IRRELEVANT FOR THE MAIN LIMIT YET ESSENTIAL FOR A PARTICULAR OBSERVABLE	MEASUREMENT LOCATIONS SHOULD BE CHOSEN TO SHAPE THE INFORMATION GEOMETRY FOR THE TARGET	P-159	S-048; S-049; S-050	P-159:RG structure	S-048:Local/model-based design | S-049:Information-matrix criterion | S-050:Target functional specified	passive inference/diagnostic	none-explicit	cross-domain; moderate semantic bridge; donor operator/certificate bonus; same-theory lexical penalty
616	4.976079521403542	IM-107	IM-206	S	M	0.0499834266978087	0.0	0.0	WHEN DATA DO NOT POINT-IDENTIFY, CORRECT ANSWER MAY BE LARGE/DISCONNECTED/UNBOUNDED SET	INFER LONG-TIME BEHAVIOR FROM TRANSFORM BEHAVIOR NEAR A BOUNDARY/LOW FREQUENCY	S-131; S-136; S-447	M-125; M-126	S-131:Weak assumptions | S-136:Partial identification | S-447:Weak/nonidentification	M-125: Regularity assumptions; M-126: Summability structure	mechanism/structural	bound	cross-domain; moderate semantic bridge; donor operator/certificate bonus; same-theory lexical penalty
617	4.975057994084217	IM-254	IM-335	M	S	0.03836817199397617	0.0	0.0	THE SAME OBJECT CAN HAVE TWO DUAL COORDINATE SYSTEMS IN WHICH DIFFERENT OPERATIONS BECOME SIMPLE	MEASUREMENT LOCATIONS SHOULD BE CHOSEN TO SHAPE THE INFORMATION GEOMETRY FOR THE TARGET	M-273	S-048; S-049; S-050	M-273:Information geometry	S-048:Local/model-based design | S-049:Information-matrix criterion | S-050:Target functional specified	mechanism/structural	certificate/exact	cross-domain; moderate semantic bridge; donor operator/certificate bonus; same-theory lexical penalty
618	4.973797729908227	IM-280	IM-282	S	E	0.038268087105094425	0.0	0.0	UNCERTAINTY WIDTH ITSELF CAN BE A FEEDBACK CONTROL VARIABLE USED TO RESTORE A COVERAGE TARGET	NOMINAL COMMITMENTS CAN EXCEED PHYSICAL CAPACITY WHEN ONLY A RANDOM SUBSET MATERIALIZES — AT COST OF OVERFLOW RISK	S-390	E-465; E-466	S-390:Online feedback	E-465:No-show uncertainty | E-466:Random show-up	active control/decision	none-explicit	cross-domain; moderate semantic bridge; donor operator/certificate bonus; same-theory lexical penalty
619	4.973620598532003	IM-325	IM-060	M	S	0.011906979342993888	0.0	0.0	MONOTONE POLICY RESPONSE CAN BE CERTIFIED FROM COMPLEMENTARITY/ORDER STRUCTURE WITHOUT RESOLVING EVERY PARAMETER VALUE	UNSEEN MASS CAN BE INFERRED FROM PATTERNS OF REPEATED VISIBILITY	M-866; M-867; M-869; M-874; M-880	S-801; S-802; S-803	M-866:Complementary coordinates | M-867:Ordered action × parameter | M-869:Lattice optimization | M-874:Set-valued optimization | M-880:Nondifferentiable/discrete optimization	S-801:Closed population + independence benchmark | S-802:Repeated partial observation | S-803:Hidden population	active control/decision	certificate/exact	cross-domain; moderate semantic bridge; donor operator/certificate bonus; same-theory lexical penalty
620	4.973561141219799	IM-325	IM-280	M	S	0.011901064864069734	0.0	0.0	MONOTONE POLICY RESPONSE CAN BE CERTIFIED FROM COMPLEMENTARITY/ORDER STRUCTURE WITHOUT RESOLVING EVERY PARAMETER VALUE	UNCERTAINTY WIDTH ITSELF CAN BE A FEEDBACK CONTROL VARIABLE USED TO RESTORE A COVERAGE TARGET	M-866; M-867; M-869; M-874; M-880	S-390	M-866:Complementary coordinates | M-867:Ordered action × parameter | M-869:Lattice optimization | M-874:Set-valued optimization | M-880:Nondifferentiable/discrete optimization	S-390:Online feedback	active control/decision	certificate/exact	cross-domain; moderate semantic bridge; donor operator/certificate bonus; same-theory lexical penalty
621	4.973482396023963	IM-121	IM-092	S	E	0.04978894577532782	0.0	0.0	DESIGN EVIDENCE OBJECT TO REMAIN VALID UNDER DATA-DEPENDENT STOPPING	ACTION CAN CHANGE MACHINE THAT GENERATES FUTURE PREFERENCES/INCENTIVES	S-089; S-227; S-395	E-020; E-394; E-395	S-089:Sequentially valid evidence | S-227:Sequential validity | S-395:E-values/test martingales	E-020:Experience accumulation | E-394:Consumption memory | E-395:Habit stock dynamics	active control/decision	none-explicit	cross-domain; moderate semantic bridge; donor operator/certificate bonus; same-theory lexical penalty
622	4.973481128998671	IM-300	IM-357	S	E	0.03824293424744063	0.0	0.0	AN INTERVENTION CAN CREATE THE CONFOUNDER THAT LATER PREVENTS CLEAN DECOMPOSITION OF ITS OWN EFFECT	PUBLIC ACTIONS CAN ACCUMULATE UNTIL A NEW AGENT RATIONALLY IGNORES ITS OWN PRIVATE SIGNAL	S-648; S-725	E-099	S-648:Time-varying causal structure | S-725:Longitudinal causal feedback	E-099:Sequential social learning	active control/decision	none-explicit	cross-domain; moderate semantic bridge; donor operator/certificate bonus; same-theory lexical penalty
623	4.973457508517132	IM-325	IM-056	M	S	0.015606839130048431	0.0	0.047619047619047616	MONOTONE POLICY RESPONSE CAN BE CERTIFIED FROM COMPLEMENTARITY/ORDER STRUCTURE WITHOUT RESOLVING EVERY PARAMETER VALUE	CLUSTERING DOES NOT IDENTIFY THE INTERACTION THAT CREATED IT	M-866; M-867; M-869; M-874; M-880	S-602; S-603; S-608; S-612	M-866:Complementary coordinates | M-867:Ordered action × parameter | M-869:Lattice optimization | M-874:Set-valued optimization | M-880:Nondifferentiable/discrete optimization	S-602:Spatially varying intensity | S-603:Latent intensity field | S-608:Interacting point pattern | S-612:Second-order spatial dependence	active control/decision	certificate/exact	cross-domain; moderate semantic bridge; donor operator/certificate bonus; same-theory lexical penalty
624	4.973141982690393	IM-181	IM-331	M	S	0.011859358632163041	0.0	0.0	INTERROGATE AN INACCESSIBLE INTERIOR THROUGH CONTROLLED BOUNDARY INPUTS AND BOUNDARY RESPONSES	AN EXOGENOUS VARIATION CHANNEL CAN IDENTIFY A CAUSAL EFFECT EVEN WHEN ORDINARY ASSOCIATION IS CONFOUNDED	M-431; M-432	S-027	M-431: PDE boundary access; M-432: Elliptic PDE	S-027:Exclusion/relevance assumptions	active control/decision	bound	cross-domain; moderate semantic bridge; donor operator/certificate bonus; same-theory lexical penalty
625	4.971854951663554	IM-311	IM-285	S	P	0.011731181805167213	0.0	0.0	MANY SIGNALS CAN BE INDIVIDUALLY UNDETECTABLE YET COLLECTIVELY DETECTABLE THROUGH A SMALL GLOBAL DISTORTION OF NULL	THE SPEED OF A VISIBLE PATTERN NEED NOT BE THE SPEED OF ENERGY OR INFORMATION TRANSPORT	S-174	P-546	S-174:Rare/weak regime	P-546:Dispersive medium/guide	passive inference/diagnostic	certificate/exact	cross-domain; moderate semantic bridge; donor operator/certificate bonus; same-theory lexical penalty
626	4.971328918985082	IM-271	IM-158	S	M;P	0.04943023104765289	0.10526315789473684	0.0	RESIDUAL DEPENDENCE AFTER CONDITIONING ON LATENT STATE IS EVIDENCE THE STATE REPRESENTATION IS INCOMPLETE	ABSORPTION CHANGES THE STATE SPACE: AFTER ENTRY, ORDINARY RETURN/ERGODIC LOGIC NO LONGER APPLIES	S-332; S-855	M-148; P-141	S-332:Latent-variable model | S-855:Violated local independence	M-148:Absorbing dynamics | P-141:Local birth-death	mechanism/structural	certificate/exact	cross-domain; moderate semantic bridge; donor operator/certificate bonus; same-theory lexical penalty
627	4.969785497653522	IM-311	IM-169	S	P	0.01152470964468327	0.0	0.0	MANY SIGNALS CAN BE INDIVIDUALLY UNDETECTABLE YET COLLECTIVELY DETECTABLE THROUGH A SMALL GLOBAL DISTORTION OF NULL	LOCAL AMPLIFICATION ≠ LOCAL PERSISTENCE: GROWTH CAN BE SWEPT AWAY FASTER THAN IT ACCUMULATES	S-174	P-370; P-371	S-174:Rare/weak regime	P-370: Open-flow stability; P-371: Advection + growth	passive inference/diagnostic	certificate/exact	cross-domain; moderate semantic bridge; donor operator/certificate bonus; same-theory lexical penalty
628	4.96972842996791	IM-350	IM-293	E	P	0.03794449535850541	0.0	0.0	AN INFORMED AGENT CAN REVEAL TYPE BY CHOOSING A COSTLY ACTION WHOSE COST DIFFERS ACROSS TYPES	FAST MICRO-MOTION CAN ALTER THE EFFECTIVE SLOW POTENTIAL AND STABILIZE AN OTHERWISE UNSTABLE STATE	E-010; E-115	P-114; P-115	E-010:Incentive compatibility | E-115:Single-crossing	P-114:High-frequency forcing | P-115:Multi-scale forcing	active control/decision	none-explicit	cross-domain; moderate semantic bridge; donor operator/certificate bonus; same-theory lexical penalty
629	4.969679760528973	IM-314	IM-155	M	P	0.0677849388672246	0.0	0.0	NONLINEAR STATE DYNAMICS CAN BECOME LINEAR IN A LIFTED OBSERVABLE SPACE	AVERAGE ACTIVITY CAN BE MISLEADING WHEN TRANSPORT/RESPONSE IS CARRIED BY RARE BURSTS OR COHERENT STRUCTURES	M-401	P-164	M-401:Deterministic dynamics + observable space	P-164:Turbulence/multifractality	passive inference/diagnostic	local	cross-domain; moderate semantic bridge; donor operator/certificate bonus; same-theory lexical penalty
630	4.969175219120828	IM-247	IM-300	M	S	0.04946607878242604	0.0	0.0	BOUNDARY INFLUENCE IS SET BY DYNAMICAL/GEOMETRIC ACCESSIBILITY, NOT RAW BOUNDARY SIZE	AN INTERVENTION CAN CREATE THE CONFOUNDER THAT LATER PREVENTS CLEAN DECOMPOSITION OF ITS OWN EFFECT	M-645; M-648	S-648; S-725	M-645:Domain geometry | M-648:Fine boundary geometry	S-648:Time-varying causal structure | S-725:Longitudinal causal feedback	mechanism/structural	bound	cross-domain; moderate semantic bridge; donor operator/certificate bonus; same-theory lexical penalty
631	4.968860651180709	IM-311	IM-165	S	P	0.011432287012828057	0.0	0.0	MANY SIGNALS CAN BE INDIVIDUALLY UNDETECTABLE YET COLLECTIVELY DETECTABLE THROUGH A SMALL GLOBAL DISTORTION OF NULL	A LARGE-SCALE UNIVERSAL LAW CAN BE CORRECT WHILE MICRO-MECHANISM IDENTIFICATION FROM THAT LAW IS IMPOSSIBLE	S-174	P-158; P-030	S-174:Rare/weak regime	P-158: Shared symmetry/dimension/conservation; P-030: Scale separation/controlled approximation	passive inference/diagnostic	certificate/exact	cross-domain; moderate semantic bridge; donor operator/certificate bonus; same-theory lexical penalty
632	4.968814388211854	IM-056	IM-284	S	P	0.037871720634765134	0.0	0.0	CLUSTERING DOES NOT IDENTIFY THE INTERACTION THAT CREATED IT	FAILURE OF LONG-RANGE PROPAGATION DOES NOT MEAN THE FIELD/INFLUENCE VANISHES LOCALLY	S-602; S-603; S-608; S-612	P-542	S-602:Spatially varying intensity | S-603:Latent intensity field | S-608:Interacting point pattern | S-612:Second-order spatial dependence	P-542:Below-cutoff mode	active control/decision	none-explicit	cross-domain; moderate semantic bridge; donor operator/certificate bonus; same-theory lexical penalty
633	4.967597764362575	IM-314	IM-376	M	P	0.04915016190663006	0.10526315789473684	0.0	NONLINEAR STATE DYNAMICS CAN BECOME LINEAR IN A LIFTED OBSERVABLE SPACE	LOCALLY STABLE REACTION DYNAMICS CAN BECOME SPATIALLY UNSTABLE SOLELY BECAUSE COMPONENTS DIFFUSE AT DIFFERENT RATES	M-401	P-090	M-401:Deterministic dynamics + observable space	P-090:Reaction-diffusion coupling	passive inference/diagnostic	local	cross-domain; moderate semantic bridge; donor operator/certificate bonus; same-theory lexical penalty
634	4.967597764362575	IM-376	IM-314	P	M	0.04915016190663006	0.10526315789473684	0.0	LOCALLY STABLE REACTION DYNAMICS CAN BECOME SPATIALLY UNSTABLE SOLELY BECAUSE COMPONENTS DIFFUSE AT DIFFERENT RATES	NONLINEAR STATE DYNAMICS CAN BECOME LINEAR IN A LIFTED OBSERVABLE SPACE	P-090	M-401	P-090:Reaction-diffusion coupling	M-401:Deterministic dynamics + observable space	active control/decision	local	cross-domain; moderate semantic bridge; donor operator/certificate bonus; same-theory lexical penalty
635	4.966946451283244	IM-254	IM-271	M	S	0.03772289476813441	0.0	0.0	THE SAME OBJECT CAN HAVE TWO DUAL COORDINATE SYSTEMS IN WHICH DIFFERENT OPERATIONS BECOME SIMPLE	RESIDUAL DEPENDENCE AFTER CONDITIONING ON LATENT STATE IS EVIDENCE THE STATE REPRESENTATION IS INCOMPLETE	M-273	S-332; S-855	M-273:Information geometry	S-332:Latent-variable model | S-855:Violated local independence	mechanism/structural	certificate/exact	cross-domain; moderate semantic bridge; donor operator/certificate bonus; same-theory lexical penalty
636	4.9664905382979985	IM-206	IM-360	M	E	0.011195010340585579	0.0	0.0	INFER LONG-TIME BEHAVIOR FROM TRANSFORM BEHAVIOR NEAR A BOUNDARY/LOW FREQUENCY	COSTLESS NONBINDING MESSAGES ARE INFORMATIVE ONLY TO THE EXTENT SENDER AND RECEIVER INCENTIVES ALIGN	M-125; M-126	E-406	M-125: Regularity assumptions; M-126: Summability structure	E-406:Nonbinding communication	passive inference/diagnostic	bound;local	cross-domain; moderate semantic bridge; donor operator/certificate bonus; same-theory lexical penalty
637	4.96539736689698	IM-227	IM-190	M	S	0.04488704424278705	0.06666666666666667	0.0	ORDINARY CLOCK TIME AND ACCUMULATED CONTACT/VISIT TIME AT A BOUNDARY ARE DIFFERENT STATE VARIABLES	WHEN YOU CHOOSE TO LOOK CAN ITSELF REVEAL INFORMATION ABOUT THE HIDDEN STATE	M-317	S-874; S-875	M-317:Continuous semimartingale	S-874: Irregular follow-up; S-875: Inspection process	mechanism/structural	bound	cross-domain; moderate semantic bridge; donor operator/certificate bonus; same-theory lexical penalty
638	4.965050316825284	IM-225	IM-329	M	S	0.03352912240522028	0.0	0.0	DEPENDENT SEQUENTIAL DATA CAN STILL HAVE SHARP DEVIATION GUARANTEES IF SURPRISES AND PREDICTABLE VARIANCE ARE CONTROLLED	BIASED JOINT SHRINKAGE CAN BEAT SEPARATE UNBIASED ESTIMATION OF MANY RELATED TARGETS	M-311; M-313	S-013; S-014; S-062; S-063	M-311:Martingale difference structure | M-313:Martingale variance process	S-013:Accept bias to reduce variance | S-014:Particular dimension/loss/model conditions | S-062:Conditional population structure | S-063:Bias-variance exchange	active control/decision	certificate/exact	cross-domain; moderate semantic bridge; donor operator/certificate bonus; same-theory lexical penalty
639	4.964778910640842	IM-196	IM-275	M	S	0.020576099790021868	0.0	0.0	RECOVERY CAN HAVE A SHARP COMPLEXITY–MEASUREMENT GEOMETRY BOUNDARY	TWO WRONG-PRONE MODELS CAN BE COMBINED SO VALIDITY SURVIVES IF EITHER ONE OF TWO DISTINCT MODELING ROUTES IS CORRECT	M-279; M-280	S-068; S-953	M-279: Sparsity + measurement geometry; M-280: Sparse signal class	S-068:At least one nuisance model correctly specified | S-953:Two nuisance models	passive inference/diagnostic	bound	cross-domain; moderate semantic bridge; donor operator/certificate bonus; same-theory lexical penalty
640	4.96458443776446	IM-325	IM-336	M	S	0.020558368627824505	0.0	0.0	MONOTONE POLICY RESPONSE CAN BE CERTIFIED FROM COMPLEMENTARITY/ORDER STRUCTURE WITHOUT RESOLVING EVERY PARAMETER VALUE	THE KNOWN RANDOMIZATION MECHANISM CAN ITSELF GENERATE AN EXACT REFERENCE DISTRIBUTION	M-866; M-867; M-869; M-874; M-880	S-149	M-866:Complementary coordinates | M-867:Ordered action × parameter | M-869:Lattice optimization | M-874:Set-valued optimization | M-880:Nondifferentiable/discrete optimization	S-149:Known randomization	active control/decision	certificate/exact	cross-domain; moderate semantic bridge; donor operator/certificate bonus; same-theory lexical penalty
641	4.963708136348493	IM-334	IM-359	S	E	0.050927011101955175	0.125	0.0	AN ACTION CAN HAVE TWO VALUES AT ONCE: CURRENT PAYOFF AND INFORMATION ABOUT FUTURE PAYOFFS	CONTROL THE INFORMATION STRUCTURE RATHER THAN THE STATE TO CHANGE ANOTHER DECISION-MAKER'S ACTION	S-042; S-043; S-044	E-401	S-042:Reward feedback | S-043:Bayesian model | S-044:Concentration assumptions	E-401:Sender commitment to information structure	active control/decision	none-explicit	cross-domain; moderate semantic bridge; donor operator/certificate bonus; same-theory lexical penalty
642	4.963425741190896	IM-035	IM-078	E;M;S	P	0.03744200600888684	0.0	0.0	OBSERVATION CAN BE A SET, NOT A POINT	STATE DETERIORATES → NEW CONSTRAINTS ACTIVATE → FREEDOM FALLS → FURTHER DETERIORATION	S-861; S-880; M-008; M-511; E-408	P-680; P-880	S-861:Set-valued observation | S-880:General incomplete data | M-008:Equivalence relation must respect subsequent operations | M-511:Identification | E-408:Preference misalignment	P-680:Dense particulate system | P-880:Coupled degradation	passive inference/diagnostic	none-explicit	cross-domain; moderate semantic bridge; donor operator/certificate bonus; same-theory lexical penalty
643	4.963093190217586	IM-249	IM-368	M	P	0.010853821722168148	0.0	0.0	REPLACE AN INACCESSIBLE INTERIOR SOURCE BY A BOUNDARY-EQUIVALENT SOURCE THAT PRESERVES EXTERNAL OBSERVABLES	CURVATURE/CHEMICAL-POTENTIAL DIFFERENCES CAN MOVE MATERIAL FROM SMALL STRUCTURES TO LARGE ONES, GROWING THE CHARACTERISTIC SCALE	M-655	P-082; P-083; P-149	M-655:Potential equivalence	P-082:Interfacial energetics | P-083:Diffusive mass transport | P-149:Interfacial dynamics	passive inference/diagnostic	bound	cross-domain; moderate semantic bridge; donor operator/certificate bonus; same-theory lexical penalty
644	4.962882714930171	IM-225	IM-283	M	E	0.010832642219425105	0.0	0.0	DEPENDENT SEQUENTIAL DATA CAN STILL HAVE SHARP DEVIATION GUARANTEES IF SURPRISES AND PREDICTABLE VARIANCE ARE CONTROLLED	A TINY INFORMATION-ACQUISITION FRICTION CAN DESTROY SEARCH ENTIRELY THROUGH EQUILIBRIUM FEEDBACK	M-311; M-313	E-480	M-311:Martingale difference structure | M-313:Martingale variance process	E-480:Sequential price search	active control/decision	certificate/exact	cross-domain; moderate semantic bridge; donor operator/certificate bonus; same-theory lexical penalty
645	4.962834064192766	IM-181	IM-365	M	E	0.010827745941425701	0.0	0.0	INTERROGATE AN INACCESSIBLE INTERIOR THROUGH CONTROLLED BOUNDARY INPUTS AND BOUNDARY RESPONSES	AN UNPRICED EXTERNAL EFFECT CAN BE INTERNALIZED BY ADDING ITS MARGINAL SOCIAL COST TO THE PRIVATE DECISION	M-431; M-432	E-049; E-201	M-431: PDE boundary access; M-432: Elliptic PDE	E-049:External cost/benefit measurable | E-201:Externality measurement	active control/decision	bound	cross-domain; moderate semantic bridge; donor operator/certificate bonus; same-theory lexical penalty
646	4.962620556204959	IM-249	IM-331	M	S	0.010806255095325682	0.0	0.0	REPLACE AN INACCESSIBLE INTERIOR SOURCE BY A BOUNDARY-EQUIVALENT SOURCE THAT PRESERVES EXTERNAL OBSERVABLES	AN EXOGENOUS VARIATION CHANNEL CAN IDENTIFY A CAUSAL EFFECT EVEN WHEN ORDINARY ASSOCIATION IS CONFOUNDED	M-655	S-027	M-655:Potential equivalence	S-027:Exclusion/relevance assumptions	passive inference/diagnostic	bound	cross-domain; moderate semantic bridge; donor operator/certificate bonus; same-theory lexical penalty
647	4.962568327984096	IM-336	IM-295	S	M	0.045180663944373645	0.07142857142857142	0.0	THE KNOWN RANDOMIZATION MECHANISM CAN ITSELF GENERATE AN EXACT REFERENCE DISTRIBUTION	EFFECTIVE REDUNDANCY HAS AN EXACT DUAL: MAX DISJOINT ROUTES = MINIMUM SEPARATOR	S-149	M-375	S-149:Known randomization	M-375:Graph connectivity	mechanism/structural	certificate/exact;probabilistic	cross-domain; moderate semantic bridge; donor operator/certificate bonus; same-theory lexical penalty
648	4.962400445435016	IM-149	IM-271	P	S	0.03736011199794853	0.0	0.0	RETURN CONTROL PARAMETERS TO THEIR STARTING VALUES AND STILL ACCUMULATE A NET EFFECT	RESIDUAL DEPENDENCE AFTER CONDITIONING ON LATENT STATE IS EVIDENCE THE STATE REPRESENTATION IS INCOMPLETE	P-079; P-331; P-332; P-334; P-335	S-332; S-855	P-079:Adiabatic/cyclic geometry | P-331:Gap + cyclic path | P-332:Adiabatic topology | P-334:Periodic stochastic driving | P-335:Adiabatic cyclic control	S-332:Latent-variable model | S-855:Violated local independence	active control/decision	none-explicit	cross-domain; moderate semantic bridge; donor operator/certificate bonus; same-theory lexical penalty
649	4.961834544064661	IM-181	IM-334	M	S	0.010727094674388184	0.0	0.0	INTERROGATE AN INACCESSIBLE INTERIOR THROUGH CONTROLLED BOUNDARY INPUTS AND BOUNDARY RESPONSES	AN ACTION CAN HAVE TWO VALUES AT ONCE: CURRENT PAYOFF AND INFORMATION ABOUT FUTURE PAYOFFS	M-431; M-432	S-042; S-043; S-044	M-431: PDE boundary access; M-432: Elliptic PDE	S-042:Reward feedback | S-043:Bayesian model | S-044:Concentration assumptions	active control/decision	bound	cross-domain; moderate semantic bridge; donor operator/certificate bonus; same-theory lexical penalty
650	4.961071909786975	IM-225	IM-176	M	P	0.03884492544076052	0.05	0.0	DEPENDENT SEQUENTIAL DATA CAN STILL HAVE SHARP DEVIATION GUARANTEES IF SURPRISES AND PREDICTABLE VARIANCE ARE CONTROLLED	MACROSCOPIC CONCENTRATION CAN EMERGE WITHOUT DIRECT PAIRWISE ATTRACTION THROUGH OCCUPANCY-DEPENDENT RETENTION	M-311; M-313	P-147; P-148	M-311:Martingale difference structure | M-313:Martingale variance process	P-147: Mass transport; P-148: Rate-tail conditions	active control/decision	certificate/exact	cross-domain; moderate semantic bridge; donor operator/certificate bonus; same-theory lexical penalty
651	4.961040290243474	IM-325	IM-334	M	S	0.01064703435697709	0.0	0.0	MONOTONE POLICY RESPONSE CAN BE CERTIFIED FROM COMPLEMENTARITY/ORDER STRUCTURE WITHOUT RESOLVING EVERY PARAMETER VALUE	AN ACTION CAN HAVE TWO VALUES AT ONCE: CURRENT PAYOFF AND INFORMATION ABOUT FUTURE PAYOFFS	M-866; M-867; M-869; M-874; M-880	S-042; S-043; S-044	M-866:Complementary coordinates | M-867:Ordered action × parameter | M-869:Lattice optimization | M-874:Set-valued optimization | M-880:Nondifferentiable/discrete optimization	S-042:Reward feedback | S-043:Bayesian model | S-044:Concentration assumptions	active control/decision	certificate/exact	cross-domain; moderate semantic bridge; donor operator/certificate bonus; same-theory lexical penalty
652	4.960720725067984	IM-148	IM-314	P	M	0.045627041666757656	0.07692307692307693	0.0	A VARIABLE CAN BE IRRELEVANT FOR THE MAIN LIMIT YET ESSENTIAL FOR A PARTICULAR OBSERVABLE	NONLINEAR STATE DYNAMICS CAN BECOME LINEAR IN A LIFTED OBSERVABLE SPACE	P-159	M-401	P-159:RG structure	M-401:Deterministic dynamics + observable space	passive inference/diagnostic	none-explicit	cross-domain; moderate semantic bridge; donor operator/certificate bonus; same-theory lexical penalty
653	4.960456003717656	IM-311	IM-363	S	E	0.01058809366434301	0.0	0.0	MANY SIGNALS CAN BE INDIVIDUALLY UNDETECTABLE YET COLLECTIVELY DETECTABLE THROUGH A SMALL GLOBAL DISTORTION OF NULL	RAISING PRICE CAN FAIL TO CLEAR A MARKET BECAUSE PRICE CHANGES THE QUALITY OR BEHAVIOR OF WHO REMAINS	S-174	E-090	S-174:Rare/weak regime	E-090:Adverse selection/moral hazard	passive inference/diagnostic	certificate/exact	cross-domain; moderate semantic bridge; donor operator/certificate bonus; same-theory lexical penalty
654	4.9602563300954685	IM-058	IM-294	M	P	0.06710481544746977	0.0	0.0	CAPACITY BELONGS TO GROUPS/SUBSETS, NOT NECESSARILY INDIVIDUAL EDGES	CHANNEL INDEPENDENCE IS CONDITIONAL ON GEOMETRY; CHANGING MEDIUM CAN CONVERT ENERGY BETWEEN PREVIOUSLY ORTHOGONAL MODES	M-545; M-546; M-549; M-550	P-549; P-550; P-551	M-545:Submodular rank function | M-546:Continuous allocation | M-549:Network + submodular boundary | M-550:Network congestion structure	P-549:Inhomogeneous guide | P-550:Slowly varying guide | P-551:Abrupt transition	mechanism/structural	certificate/exact	cross-domain; moderate semantic bridge; donor operator/certificate bonus; same-theory lexical penalty
655	4.959420871248716	IM-269	IM-383	M	P	0.03712188010311149	0.0	0.0	A RARE MACRO EVENT IS OFTEN CONTROLLED BY THE LEAST-COST ATYPICAL PATH, NOT TYPICAL FLUCTUATIONS	A SYSTEM CAN ENTER A LESS-STABLE INTERMEDIATE FIRST BECAUSE ITS ACCESS BARRIER IS LOWER THAN THE DIRECT PATH TO THE GLOBAL BEST STATE	M-115; M-156	P-357	M-115:Asymptotic exponential scaling | M-156:Path-space LDP	P-357:Competing kinetic barriers	active control/decision	none-explicit	cross-domain; moderate semantic bridge; donor operator/certificate bonus; same-theory lexical penalty
656	4.9592307301990495	IM-206	IM-140	M	P	0.020069082806773678	0.07142857142857142	0.0	INFER LONG-TIME BEHAVIOR FROM TRANSFORM BEHAVIOR NEAR A BOUNDARY/LOW FREQUENCY	A CONSERVED/ACCUMULATING BURDEN CAN SELF-QUENCH GROWTH UNLESS A BOUNDARY EXPORT CHANNEL REMOVES IT	M-125; M-126	P-796; P-798	M-125: Regularity assumptions; M-126: Summability structure	P-796:High conductivity | P-798:Open boundaries	passive inference/diagnostic	bound;local	cross-domain; moderate semantic bridge; donor operator/certificate bonus; same-theory lexical penalty
657	4.957347123826315	IM-311	IM-263	S	M	0.019896400025010946	0.0	0.0	MANY SIGNALS CAN BE INDIVIDUALLY UNDETECTABLE YET COLLECTIVELY DETECTABLE THROUGH A SMALL GLOBAL DISTORTION OF NULL	ONE STATIONARY DISTRIBUTION CAN BE A MIXTURE OF MUTUALLY NONCOMMUNICATING LONG-RUN WORLDS	S-174	M-336	S-174:Rare/weak regime	M-336:Invariant measures	passive inference/diagnostic	certificate/exact	cross-domain; moderate semantic bridge; donor operator/certificate bonus; same-theory lexical penalty
658	4.956705568781182	IM-311	IM-317	S	M	0.018683677001221602	0.0625	0.0	MANY SIGNALS CAN BE INDIVIDUALLY UNDETECTABLE YET COLLECTIVELY DETECTABLE THROUGH A SMALL GLOBAL DISTORTION OF NULL	A LOCAL GROWTH INEQUALITY CAN GIVE A GLOBAL FINITE-HORIZON ERROR ENVELOPE	S-174	M-109	S-174:Rare/weak regime	M-109:Integral/differential bound	passive inference/diagnostic	certificate/exact	cross-domain; moderate semantic bridge; donor operator/certificate bonus; same-theory lexical penalty
659	4.956616299379811	IM-225	IM-239	M	E	0.03283604038885317	0.0	0.0	DEPENDENT SEQUENTIAL DATA CAN STILL HAVE SHARP DEVIATION GUARANTEES IF SURPRISES AND PREDICTABLE VARIANCE ARE CONTROLLED	A CURRENT COMMITMENT IS NOT REAL IF FUTURE PARTIES WILL RATIONALLY RENEGOTIATE IT AWAY	M-311; M-313	E-337; E-075	M-311:Martingale difference structure | M-313:Martingale variance process	E-337:Future bargaining | E-075:Inability to commit	active control/decision	certificate/exact	cross-domain; moderate semantic bridge; donor operator/certificate bonus; same-theory lexical penalty
660	4.9565188441941785	IM-271	IM-245	S	M	0.03688949861592871	0.0	0.0	RESIDUAL DEPENDENCE AFTER CONDITIONING ON LATENT STATE IS EVIDENCE THE STATE REPRESENTATION IS INCOMPLETE	REPRESENT A WHOLE CONVEX FEASIBLE SET BY ITS EXTREME RESPONSE IN EVERY TEST DIRECTION	S-332; S-855	M-294	S-332:Latent-variable model | S-855:Violated local independence	M-294:Convex body	mechanism/structural	certificate/exact	cross-domain; moderate semantic bridge; donor operator/certificate bonus; same-theory lexical penalty
661	4.956307785771614	IM-334	IM-238	S	E	0.06772200773079354	0.1875	0.0	AN ACTION CAN HAVE TWO VALUES AT ONCE: CURRENT PAYOFF AND INFORMATION ABOUT FUTURE PAYOFFS	FUTURE VERIFICATION CAN RETROACTIVELY CHANGE AN EARLIER PAYOFF, SO DELAYED INFORMATION CREATES PRESENT INCENTIVES	S-042; S-043; S-044	E-336	S-042:Reward feedback | S-043:Bayesian model | S-044:Concentration assumptions	E-336:Verifiable later information	active control/decision	none-explicit	cross-domain; moderate semantic bridge; donor operator/certificate bonus; same-theory lexical penalty
662	4.955711345095938	IM-181	IM-280	M	S	0.010108047883469903	0.0	0.0	INTERROGATE AN INACCESSIBLE INTERIOR THROUGH CONTROLLED BOUNDARY INPUTS AND BOUNDARY RESPONSES	UNCERTAINTY WIDTH ITSELF CAN BE A FEEDBACK CONTROL VARIABLE USED TO RESTORE A COVERAGE TARGET	M-431; M-432	S-390	M-431: PDE boundary access; M-432: Elliptic PDE	S-390:Online feedback	active control/decision	bound	cross-domain; moderate semantic bridge; donor operator/certificate bonus; same-theory lexical penalty
663	4.95565999341498	IM-325	IM-092	M	E	0.014074053216277947	0.0	0.05	MONOTONE POLICY RESPONSE CAN BE CERTIFIED FROM COMPLEMENTARITY/ORDER STRUCTURE WITHOUT RESOLVING EVERY PARAMETER VALUE	ACTION CAN CHANGE MACHINE THAT GENERATES FUTURE PREFERENCES/INCENTIVES	M-866; M-867; M-869; M-874; M-880	E-020; E-394; E-395	M-866:Complementary coordinates | M-867:Ordered action × parameter | M-869:Lattice optimization | M-874:Set-valued optimization | M-880:Nondifferentiable/discrete optimization	E-020:Experience accumulation | E-394:Consumption memory | E-395:Habit stock dynamics	active control/decision	certificate/exact	cross-domain; moderate semantic bridge; donor operator/certificate bonus; same-theory lexical penalty
664	4.955654117957254	IM-325	IM-416	M	E	0.032756752578618965	0.0	0.0	MONOTONE POLICY RESPONSE CAN BE CERTIFIED FROM COMPLEMENTARITY/ORDER STRUCTURE WITHOUT RESOLVING EVERY PARAMETER VALUE	COMPLEMENTARY CONTRACTS CAN BREAK SUBSTITUTABILITY AND DESTROY THE EXISTENCE OR STABILITY OF ORDINARY MATCHING	M-866; M-867; M-869; M-874; M-880	E-623;E-630;E-637;E-638	M-866:Complementary coordinates | M-867:Ordered action × parameter | M-869:Lattice optimization | M-874:Set-valued optimization | M-880:Nondifferentiable/discrete optimization	see canonical 4000-record inventory	active control/decision	certificate/exact	cross-domain; moderate semantic bridge; donor operator/certificate bonus; same-theory lexical penalty
665	4.955476088222601	IM-225	IM-165	M	P	0.010084179180611861	0.0	0.0	DEPENDENT SEQUENTIAL DATA CAN STILL HAVE SHARP DEVIATION GUARANTEES IF SURPRISES AND PREDICTABLE VARIANCE ARE CONTROLLED	A LARGE-SCALE UNIVERSAL LAW CAN BE CORRECT WHILE MICRO-MECHANISM IDENTIFICATION FROM THAT LAW IS IMPOSSIBLE	M-311; M-313	P-158; P-030	M-311:Martingale difference structure | M-313:Martingale variance process	P-158: Shared symmetry/dimension/conservation; P-030: Scale separation/controlled approximation	active control/decision	certificate/exact	cross-domain; moderate semantic bridge; donor operator/certificate bonus; same-theory lexical penalty
666	4.955407568717112	IM-225	IM-131	M	S	0.010077226139304235	0.0	0.0	DEPENDENT SEQUENTIAL DATA CAN STILL HAVE SHARP DEVIATION GUARANTEES IF SURPRISES AND PREDICTABLE VARIANCE ARE CONTROLLED	INFORMATION NEED NOT ENTER WITH WEIGHT 0 OR 1; LEARNING RATE CAN BE TEMPERED	M-311; M-313	S-430	M-311:Martingale difference structure | M-313:Martingale variance process	S-430:Model misspecification	active control/decision	certificate/exact	cross-domain; moderate semantic bridge; donor operator/certificate bonus; same-theory lexical penalty
667	4.954948096247327	IM-206	IM-275	M	S	0.0196760565419661	0.0	0.0	INFER LONG-TIME BEHAVIOR FROM TRANSFORM BEHAVIOR NEAR A BOUNDARY/LOW FREQUENCY	TWO WRONG-PRONE MODELS CAN BE COMBINED SO VALIDITY SURVIVES IF EITHER ONE OF TWO DISTINCT MODELING ROUTES IS CORRECT	M-125; M-126	S-068; S-953	M-125: Regularity assumptions; M-126: Summability structure	S-068:At least one nuisance model correctly specified | S-953:Two nuisance models	passive inference/diagnostic	bound;local	cross-domain; moderate semantic bridge; donor operator/certificate bonus; same-theory lexical penalty
668	4.954836100929291	IM-247	IM-140	M	P	0.0558181309318709	0.07142857142857142	0.0	BOUNDARY INFLUENCE IS SET BY DYNAMICAL/GEOMETRIC ACCESSIBILITY, NOT RAW BOUNDARY SIZE	A CONSERVED/ACCUMULATING BURDEN CAN SELF-QUENCH GROWTH UNLESS A BOUNDARY EXPORT CHANNEL REMOVES IT	M-645; M-648	P-796; P-798	M-645:Domain geometry | M-648:Fine boundary geometry	P-796:High conductivity | P-798:Open boundaries	mechanism/structural	bound	cross-domain; moderate semantic bridge; donor operator/certificate bonus; same-theory lexical penalty
669	4.954294800736628	IM-148	IM-311	P	S	0.036711171253647534	0.0	0.0	A VARIABLE CAN BE IRRELEVANT FOR THE MAIN LIMIT YET ESSENTIAL FOR A PARTICULAR OBSERVABLE	MANY SIGNALS CAN BE INDIVIDUALLY UNDETECTABLE YET COLLECTIVELY DETECTABLE THROUGH A SMALL GLOBAL DISTORTION OF NULL	P-159	S-174	P-159:RG structure	S-174:Rare/weak regime	passive inference/diagnostic	none-explicit	cross-domain; moderate semantic bridge; donor operator/certificate bonus; same-theory lexical penalty
670	4.954116433346092	IM-193	IM-227	S	M	0.10369299819684782	0.13333333333333333	0.0	RESETTING THE CLOCK AFTER EACH EVENT AND USING ONE GLOBAL CLOCK ARE DIFFERENT MODELS	ORDINARY CLOCK TIME AND ACCUMULATED CONTACT/VISIT TIME AT A BOUNDARY ARE DIFFERENT STATE VARIABLES	S-312; S-313	M-317	S-312: Renewal-like recurrence; S-313: Global-time effects	M-317:Continuous semimartingale	mechanism/structural	none-explicit	cross-domain; moderate semantic bridge; donor operator/certificate bonus; same-theory lexical penalty
671	4.953866875331833	IM-376	IM-363	P	E	0.05329065132205896	0.047619047619047616	0.0	LOCALLY STABLE REACTION DYNAMICS CAN BECOME SPATIALLY UNSTABLE SOLELY BECAUSE COMPONENTS DIFFUSE AT DIFFERENT RATES	RAISING PRICE CAN FAIL TO CLEAR A MARKET BECAUSE PRICE CHANGES THE QUALITY OR BEHAVIOR OF WHO REMAINS	P-090	E-090	P-090:Reaction-diffusion coupling	E-090:Adverse selection/moral hazard	active control/decision	local	cross-domain; moderate semantic bridge; donor operator/certificate bonus; same-theory lexical penalty
672	4.952283596899546	IM-225	IM-300	M	S	0.009759649221537232	0.0	0.0	DEPENDENT SEQUENTIAL DATA CAN STILL HAVE SHARP DEVIATION GUARANTEES IF SURPRISES AND PREDICTABLE VARIANCE ARE CONTROLLED	AN INTERVENTION CAN CREATE THE CONFOUNDER THAT LATER PREVENTS CLEAN DECOMPOSITION OF ITS OWN EFFECT	M-311; M-313	S-648; S-725	M-311:Martingale difference structure | M-313:Martingale variance process	S-648:Time-varying causal structure | S-725:Longitudinal causal feedback	active control/decision	certificate/exact	cross-domain; moderate semantic bridge; donor operator/certificate bonus; same-theory lexical penalty
673	4.952225104566653	IM-196	IM-345	M	S	0.029692108362450627	0.08333333333333333	0.0	RECOVERY CAN HAVE A SHARP COMPLEXITY–MEASUREMENT GEOMETRY BOUNDARY	ADD KNOWN MEASUREMENT ERROR ON PURPOSE, LEARN THE BIAS CURVE, THEN EXTRAPOLATE BACK TO ZERO ERROR	M-279; M-280	S-264	M-279: Sparsity + measurement geometry; M-280: Sparse signal class	S-264:Parametric error mechanism	passive inference/diagnostic	bound	cross-domain; moderate semantic bridge; donor operator/certificate bonus; same-theory lexical penalty
674	4.951818207822479	IM-208	IM-306	M	P	0.042643580503380525	0.05555555555555555	0.0	A NON-MARKOV OBSERVED PROCESS CAN BECOME MARKOV AFTER ADDING THE RIGHT MEMORY VARIABLE	CLOSER IN ONE OBSERVED SCALAR DOES NOT IMPLY FASTER RELAXATION WHEN HIDDEN MODES HAVE DIFFERENT WEIGHTS	M-121; M-122	P-137; P-138	M-121: Markovization; M-122: Duration dependence	P-137:Multiple relaxation modes | P-138:Hidden relaxation modes	passive inference/diagnostic	none-explicit	cross-domain; moderate semantic bridge; donor operator/certificate bonus; same-theory lexical penalty
675	4.951818207822479	IM-306	IM-208	P	M	0.042643580503380525	0.05555555555555555	0.0	CLOSER IN ONE OBSERVED SCALAR DOES NOT IMPLY FASTER RELAXATION WHEN HIDDEN MODES HAVE DIFFERENT WEIGHTS	A NON-MARKOV OBSERVED PROCESS CAN BECOME MARKOV AFTER ADDING THE RIGHT MEMORY VARIABLE	P-137; P-138	M-121; M-122	P-137:Multiple relaxation modes | P-138:Hidden relaxation modes	M-121: Markovization; M-122: Duration dependence	passive inference/diagnostic	none-explicit	cross-domain; moderate semantic bridge; donor operator/certificate bonus; same-theory lexical penalty
676	4.950934682635017	IM-148	IM-279	P	M	0.03644135985501645	0.0	0.0	A VARIABLE CAN BE IRRELEVANT FOR THE MAIN LIMIT YET ESSENTIAL FOR A PARTICULAR OBSERVABLE	SOLVE LARGE COUPLED PROBLEMS LOCALLY, THEN USE A SHADOW-PRICE/CONSENSUS SIGNAL TO FORCE AGREEMENT	P-159	M-160	P-159:RG structure	M-160:Separable convex structure	passive inference/diagnostic	none-explicit	cross-domain; moderate semantic bridge; donor operator/certificate bonus; same-theory lexical penalty
677	4.94955539840814	IM-311	IM-045	S	E;M;P	0.03225313325720534	0.0	0.0	MANY SIGNALS CAN BE INDIVIDUALLY UNDETECTABLE YET COLLECTIVELY DETECTABLE THROUGH A SMALL GLOBAL DISTORTION OF NULL	MANY UNITS ≠ AUTOMATIC SELF-AVERAGING	S-174	P-154; P-156; M-154; E-515	S-174:Rare/weak regime	P-154:Disorder/extreme heterogeneity | P-156:Disorder/criticality | M-154:Weak dependence | E-515:Fat-tailed firm size/network influence	passive inference/diagnostic	certificate/exact	cross-domain; moderate semantic bridge; donor operator/certificate bonus; same-theory lexical penalty
678	4.949514792569055	IM-311	IM-254	S	M	0.009477237203151167	0.0	0.0	MANY SIGNALS CAN BE INDIVIDUALLY UNDETECTABLE YET COLLECTIVELY DETECTABLE THROUGH A SMALL GLOBAL DISTORTION OF NULL	THE SAME OBJECT CAN HAVE TWO DUAL COORDINATE SYSTEMS IN WHICH DIFFERENT OPERATIONS BECOME SIMPLE	S-174	M-273	S-174:Rare/weak regime	M-273:Information geometry	passive inference/diagnostic	certificate/exact	cross-domain; moderate semantic bridge; donor operator/certificate bonus; same-theory lexical penalty
679	4.949032318911298	IM-181	IM-296	M	E	0.009427934770024383	0.0	0.0	INTERROGATE AN INACCESSIBLE INTERIOR THROUGH CONTROLLED BOUNDARY INPUTS AND BOUNDARY RESPONSES	TRANSFER/CLIP THE DOWNSIDE AND AN AGENT MAY RATIONALLY SEEK MORE VARIANCE	M-431; M-432	E-710	M-431: PDE boundary access; M-432: Elliptic PDE	E-710:Limited liability	active control/decision	bound	cross-domain; moderate semantic bridge; donor operator/certificate bonus; same-theory lexical penalty
680	4.948965936505692	IM-225	IM-338	M	S	0.017962775526812653	0.0625	0.0	DEPENDENT SEQUENTIAL DATA CAN STILL HAVE SHARP DEVIATION GUARANTEES IF SURPRISES AND PREDICTABLE VARIANCE ARE CONTROLLED	SEQUENTIAL WEAK LEARNERS CAN BECOME STRONG BY TARGETING THE RESIDUAL LEFT BY EARLIER LEARNERS	M-311; M-313	S-155	M-311:Martingale difference structure | M-313:Martingale variance process	S-155:Additive learner	active control/decision	certificate/exact	cross-domain; moderate semantic bridge; donor operator/certificate bonus; same-theory lexical penalty
681	4.9485227607518745	IM-206	IM-350	M	E	0.009375835140402588	0.0	0.0	INFER LONG-TIME BEHAVIOR FROM TRANSFORM BEHAVIOR NEAR A BOUNDARY/LOW FREQUENCY	AN INFORMED AGENT CAN REVEAL TYPE BY CHOOSING A COSTLY ACTION WHOSE COST DIFFERS ACROSS TYPES	M-125; M-126	E-010; E-115	M-125: Regularity assumptions; M-126: Summability structure	E-010:Incentive compatibility | E-115:Single-crossing	passive inference/diagnostic	bound;local	cross-domain; moderate semantic bridge; donor operator/certificate bonus; same-theory lexical penalty
682	4.948268466221278	IM-269	IM-219	M	P	0.0431210678676662	0.0625	0.0	A RARE MACRO EVENT IS OFTEN CONTROLLED BY THE LEAST-COST ATYPICAL PATH, NOT TYPICAL FLUCTUATIONS	A SYSTEM’S ARROW OF TIME CAN BE VISIBLE IN FORWARD/REVERSE PATH PROBABILITIES EVEN WHEN MACRO STATE IS STATIONARY	M-115; M-156	P-121; P-124; P-125	M-115:Asymptotic exponential scaling | M-156:Path-space LDP	P-121: Nonequilibrium drive; P-124: Stochastic thermodynamics; P-125: Nonequilibrium path probabilities	active control/decision	none-explicit	cross-domain; moderate semantic bridge; donor operator/certificate bonus; same-theory lexical penalty
683	4.947992498762485	IM-270	IM-180	S	M	0.03620471701027947	0.0	0.0	LATENT SCORES ARE NOT COMPARABLE ACROSS GROUPS/TIME IF THE MEASUREMENT MAP ITSELF CHANGES	UNIQUE RECOVERY CAN HAVE A GEOMETRIC/TIME COVERAGE THRESHOLD, NOT JUST NOISE OR SAMPLE-SIZE THRESHOLD	S-330; S-331	M-433; M-434	S-330:Measurement fairness/invariance | S-331:Multi-group latent model	M-433: PDE/control geometry; M-434: Measurement geometry	passive inference/diagnostic	none-explicit	cross-domain; moderate semantic bridge; donor operator/certificate bonus; same-theory lexical penalty
684	4.947981470785578	IM-116	IM-145	S	M	0.04309889343747885	0.0625	0.0	GUARANTEE HAS SCOPE; GLOBAL/MARGINAL VALIDITY ≠ LOCAL VALIDITY	CROSSING A DISCRIMINANT CAN CHANGE THE NUMBER/TYPE OF VALID STATES; OLD LOCAL MODEL CLASS NO LONGER EXTRAPOLATES	S-987; S-988; S-989	M-989; M-990; M-991; M-997	S-987:Exchangeability | S-988:Heterogeneous covariates | S-989:Exchangeable within groups	M-989:Singular map | M-990:Generic codimension-1 singularity | M-991:Higher degeneracy | M-997:Parameter family	mechanism/structural	certificate/exact;local	cross-domain; moderate semantic bridge; donor operator/certificate bonus; same-theory lexical penalty
685	4.947503639932938	IM-225	IM-092	M	E	0.009271544217406773	0.0	0.0	DEPENDENT SEQUENTIAL DATA CAN STILL HAVE SHARP DEVIATION GUARANTEES IF SURPRISES AND PREDICTABLE VARIANCE ARE CONTROLLED	ACTION CAN CHANGE MACHINE THAT GENERATES FUTURE PREFERENCES/INCENTIVES	M-311; M-313	E-020; E-394; E-395	M-311:Martingale difference structure | M-313:Martingale variance process	E-020:Experience accumulation | E-394:Consumption memory | E-395:Habit stock dynamics	active control/decision	certificate/exact	cross-domain; moderate semantic bridge; donor operator/certificate bonus; same-theory lexical penalty
686	4.947308048157144	IM-338	IM-215	S	M	0.03614961322981395	0.0	0.0	SEQUENTIAL WEAK LEARNERS CAN BECOME STRONG BY TARGETING THE RESIDUAL LEFT BY EARLIER LEARNERS	A FEASIBLE CANDIDATE + OPPOSITE-SIDE CERTIFICATE CAN GIVE A NUMERICAL ERROR BAR ON OPTIMALITY	S-155	M-415; M-417; M-528	S-155:Additive learner	M-415: Convex duality; M-417: Weak/strong duality; M-528: Convexity + regularity	mechanism/structural	certificate/exact	cross-domain; moderate semantic bridge; donor operator/certificate bonus; same-theory lexical penalty
687	4.94681661477064	IM-271	IM-381	S	P	0.0361100365590403	0.0	0.0	RESIDUAL DEPENDENCE AFTER CONDITIONING ON LATENT STATE IS EVIDENCE THE STATE REPRESENTATION IS INCOMPLETE	A PROPAGATING EXCITATION CAN BECOME SELF-SUSTAINING ON A LOOP IF RETURN TIME EXCEEDS LOCAL RECOVERY TIME	S-332; S-855	P-984; P-985; P-994; P-1000	S-332:Latent-variable model | S-855:Violated local independence	P-984:Recovery variable | P-985:Fast–slow system | P-994:Recovery + closed path | P-1000:State-dependent connectivity	mechanism/structural	certificate/exact	cross-domain; moderate semantic bridge; donor operator/certificate bonus; same-theory lexical penalty
688	4.945963398212609	IM-181	IM-165	M	P	0.009113693129305657	0.0	0.0	INTERROGATE AN INACCESSIBLE INTERIOR THROUGH CONTROLLED BOUNDARY INPUTS AND BOUNDARY RESPONSES	A LARGE-SCALE UNIVERSAL LAW CAN BE CORRECT WHILE MICRO-MECHANISM IDENTIFICATION FROM THAT LAW IS IMPOSSIBLE	M-431; M-432	P-158; P-030	M-431: PDE boundary access; M-432: Elliptic PDE	P-158: Shared symmetry/dimension/conservation; P-030: Scale separation/controlled approximation	active control/decision	bound	cross-domain; moderate semantic bridge; donor operator/certificate bonus; same-theory lexical penalty
689	4.945656769414579	IM-325	IM-362	M	E	0.022462982332729087	0.1	0.0	MONOTONE POLICY RESPONSE CAN BE CERTIFIED FROM COMPLEMENTARITY/ORDER STRUCTURE WITHOUT RESOLVING EVERY PARAMETER VALUE	WHEN PAYOFF DEPENDS ON WHAT OTHERS EXPECT, HIGHER-ORDER BELIEFS CAN DOMINATE FUNDAMENTAL VALUE	M-866; M-867; M-869; M-874; M-880	E-098	M-866:Complementary coordinates | M-867:Ordered action × parameter | M-869:Lattice optimization | M-874:Set-valued optimization | M-880:Nondifferentiable/discrete optimization	E-098:Higher-order beliefs	active control/decision	certificate/exact	cross-domain; moderate semantic bridge; donor operator/certificate bonus; same-theory lexical penalty
690	4.945421126739609	IM-051	IM-359	P	E	0.048786442074390736	0.11764705882352941	0.0	CONTROL CHANGES FASTER THAN SYSTEM CAN RELAX → PROTOCOL SELECTS FINAL STATE	CONTROL THE INFORMATION STRUCTURE RATHER THAN THE STATE TO CHANGE ANOTHER DECISION-MAKER'S ACTION	P-918	E-401	P-918:Finite relaxation time	E-401:Sender commitment to information structure	active control/decision	none-explicit	cross-domain; moderate semantic bridge; donor operator/certificate bonus; same-theory lexical penalty
691	4.945421126739609	IM-359	IM-051	E	P	0.048786442074390736	0.11764705882352941	0.0	CONTROL THE INFORMATION STRUCTURE RATHER THAN THE STATE TO CHANGE ANOTHER DECISION-MAKER'S ACTION	CONTROL CHANGES FASTER THAN SYSTEM CAN RELAX → PROTOCOL SELECTS FINAL STATE	E-401	P-918	E-401:Sender commitment to information structure	P-918:Finite relaxation time	information/measurement control	none-explicit	cross-domain; moderate semantic bridge; donor operator/certificate bonus; same-theory lexical penalty
692	4.945370158066378	IM-280	IM-051	S	P	0.04249845743098969	0.058823529411764705	0.0	UNCERTAINTY WIDTH ITSELF CAN BE A FEEDBACK CONTROL VARIABLE USED TO RESTORE A COVERAGE TARGET	CONTROL CHANGES FASTER THAN SYSTEM CAN RELAX → PROTOCOL SELECTS FINAL STATE	S-390	P-918	S-390:Online feedback	P-918:Finite relaxation time	active control/decision	none-explicit	cross-domain; moderate semantic bridge; donor operator/certificate bonus; same-theory lexical penalty
693	4.943325378312265	IM-311	IM-326	S	M	0.016949412279199827	0.058823529411764705	0.0	MANY SIGNALS CAN BE INDIVIDUALLY UNDETECTABLE YET COLLECTIVELY DETECTABLE THROUGH A SMALL GLOBAL DISTORTION OF NULL	GLOBAL TARGET ERROR SHOULD WEIGHT LOCAL RESIDUALS BY THEIR CONSEQUENCE FOR THE TARGET	S-174	M-255	S-174:Rare/weak regime	M-255:Quantity of interest	passive inference/diagnostic	certificate/exact	cross-domain; moderate semantic bridge; donor operator/certificate bonus; same-theory lexical penalty
694	4.942827306627515	IM-311	IM-368	S	P	0.01608021687738566	0.05263157894736842	0.0	MANY SIGNALS CAN BE INDIVIDUALLY UNDETECTABLE YET COLLECTIVELY DETECTABLE THROUGH A SMALL GLOBAL DISTORTION OF NULL	CURVATURE/CHEMICAL-POTENTIAL DIFFERENCES CAN MOVE MATERIAL FROM SMALL STRUCTURES TO LARGE ONES, GROWING THE CHARACTERISTIC SCALE	S-174	P-082; P-083; P-149	S-174:Rare/weak regime	P-082:Interfacial energetics | P-083:Diffusive mass transport | P-149:Interfacial dynamics	passive inference/diagnostic	certificate/exact	cross-domain; moderate semantic bridge; donor operator/certificate bonus; same-theory lexical penalty
695	4.942090316571879	IM-227	IM-140	M	P	0.05324142439709026	0.05555555555555555	0.0	ORDINARY CLOCK TIME AND ACCUMULATED CONTACT/VISIT TIME AT A BOUNDARY ARE DIFFERENT STATE VARIABLES	A CONSERVED/ACCUMULATING BURDEN CAN SELF-QUENCH GROWTH UNLESS A BOUNDARY EXPORT CHANNEL REMOVES IT	M-317	P-796; P-798	M-317:Continuous semimartingale	P-796:High conductivity | P-798:Open boundaries	mechanism/structural	bound	cross-domain; moderate semantic bridge; donor operator/certificate bonus; same-theory lexical penalty
696	4.942054673302305	IM-325	IM-300	M	S	0.00871184697927961	0.0	0.0	MONOTONE POLICY RESPONSE CAN BE CERTIFIED FROM COMPLEMENTARITY/ORDER STRUCTURE WITHOUT RESOLVING EVERY PARAMETER VALUE	AN INTERVENTION CAN CREATE THE CONFOUNDER THAT LATER PREVENTS CLEAN DECOMPOSITION OF ITS OWN EFFECT	M-866; M-867; M-869; M-874; M-880	S-648; S-725	M-866:Complementary coordinates | M-867:Ordered action × parameter | M-869:Lattice optimization | M-874:Set-valued optimization | M-880:Nondifferentiable/discrete optimization	S-648:Time-varying causal structure | S-725:Longitudinal causal feedback	active control/decision	certificate/exact	cross-domain; moderate semantic bridge; donor operator/certificate bonus; same-theory lexical penalty
697	4.941246745494776	IM-170	IM-227	P	M	0.04150416073042196	0.05263157894736842	0.0	SUCCESS DEPENDS ON COMPLETING TRANSPORT/REACTION BEFORE A FINITE LIFETIME OR RESIDENCE CLOCK EXPIRES	ORDINARY CLOCK TIME AND ACCUMULATED CONTACT/VISIT TIME AT A BOUNDARY ARE DIFFERENT STATE VARIABLES	P-465; P-466	M-317	P-465: Reaction vs transport times; P-466: Timescale ratio	M-317:Continuous semimartingale	active control/decision	none-explicit	cross-domain; moderate semantic bridge; donor operator/certificate bonus; same-theory lexical penalty
698	4.941180010383379	IM-196	IM-165	M	P	0.008621675201954757	0.0	0.0	RECOVERY CAN HAVE A SHARP COMPLEXITY–MEASUREMENT GEOMETRY BOUNDARY	A LARGE-SCALE UNIVERSAL LAW CAN BE CORRECT WHILE MICRO-MECHANISM IDENTIFICATION FROM THAT LAW IS IMPOSSIBLE	M-279; M-280	P-158; P-030	M-279: Sparsity + measurement geometry; M-280: Sparse signal class	P-158: Shared symmetry/dimension/conservation; P-030: Scale separation/controlled approximation	passive inference/diagnostic	bound	cross-domain; moderate semantic bridge; donor operator/certificate bonus; same-theory lexical penalty
699	4.941077648297963	IM-225	IM-330	M	S	0.03154996775784815	0.0	0.0	DEPENDENT SEQUENTIAL DATA CAN STILL HAVE SHARP DEVIATION GUARANTEES IF SURPRISES AND PREDICTABLE VARIANCE ARE CONTROLLED	RESAMPLING THE EMPIRICAL DATA CAN APPROXIMATE AN ESTIMATOR'S SAMPLING LAW	M-311; M-313	S-015	M-311:Martingale difference structure | M-313:Martingale variance process	S-015:Resampling scheme must mimic data-generating dependence	active control/decision	certificate/exact	cross-domain; moderate semantic bridge; donor operator/certificate bonus; same-theory lexical penalty
700	4.940724893548344	IM-383	IM-268	P	M	0.08765592519515378	0.0	0.0	A SYSTEM CAN ENTER A LESS-STABLE INTERMEDIATE FIRST BECAUSE ITS ACCESS BARRIER IS LOWER THAN THE DIRECT PATH TO THE GLOBAL BEST STATE	REACHING THE TARGET AND SURVIVING THE PATH TO THE TARGET ARE TWO DIFFERENT CONSTRAINTS	P-357	M-350	P-357:Competing kinetic barriers	M-350:Dynamic state constraints	mechanism/structural	none-explicit	cross-domain; moderate semantic bridge; donor operator/certificate bonus; same-theory lexical penalty
701	4.94061079437702	IM-181	IM-300	M	S	0.008562943494401763	0.0	0.0	INTERROGATE AN INACCESSIBLE INTERIOR THROUGH CONTROLLED BOUNDARY INPUTS AND BOUNDARY RESPONSES	AN INTERVENTION CAN CREATE THE CONFOUNDER THAT LATER PREVENTS CLEAN DECOMPOSITION OF ITS OWN EFFECT	M-431; M-432	S-648; S-725	M-431: PDE boundary access; M-432: Elliptic PDE	S-648:Time-varying causal structure | S-725:Longitudinal causal feedback	active control/decision	bound	cross-domain; moderate semantic bridge; donor operator/certificate bonus; same-theory lexical penalty
702	4.940544771180799	IM-249	IM-350	M	E	0.008556128694154973	0.0	0.0	REPLACE AN INACCESSIBLE INTERIOR SOURCE BY A BOUNDARY-EQUIVALENT SOURCE THAT PRESERVES EXTERNAL OBSERVABLES	AN INFORMED AGENT CAN REVEAL TYPE BY CHOOSING A COSTLY ACTION WHOSE COST DIFFERS ACROSS TYPES	M-655	E-010; E-115	M-655:Potential equivalence	E-010:Incentive compatibility | E-115:Single-crossing	passive inference/diagnostic	bound	cross-domain; moderate semantic bridge; donor operator/certificate bonus; same-theory lexical penalty
703	4.93999985956544	IM-167	IM-154	M	S	0.06564237855696364	0.0	0.0	IN A HETEROGENEOUS REPRODUCING SYSTEM, THE INTERACTION MATRIX CONTROLS SURVIVAL AND COMPOSITION	DEPENDENCE CAN BE ABSENT AT ONE TAIL SCALE AND PRESENT AT A DEEPER TAIL SCALE	M-364; M-365	S-365	M-364: Type-dependent reproduction; M-365: Nonnegative irreducible matrix	S-365:Multiple tail scales	active control/decision	none-explicit	cross-domain; moderate semantic bridge; donor operator/certificate bonus; same-theory lexical penalty
704	4.939553195908594	IM-311	IM-350	S	E	0.00845371669481799	0.0	0.0	MANY SIGNALS CAN BE INDIVIDUALLY UNDETECTABLE YET COLLECTIVELY DETECTABLE THROUGH A SMALL GLOBAL DISTORTION OF NULL	AN INFORMED AGENT CAN REVEAL TYPE BY CHOOSING A COSTLY ACTION WHOSE COST DIFFERS ACROSS TYPES	S-174	E-010; E-115	S-174:Rare/weak regime	E-010:Incentive compatibility | E-115:Single-crossing	passive inference/diagnostic	certificate/exact	cross-domain; moderate semantic bridge; donor operator/certificate bonus; same-theory lexical penalty
705	4.939503194280721	IM-271	IM-277	S	P	0.042043108446889174	0.058823529411764705	0.0	RESIDUAL DEPENDENCE AFTER CONDITIONING ON LATENT STATE IS EVIDENCE THE STATE REPRESENTATION IS INCOMPLETE	THE SAME INPUT CAN PRODUCE AN IMMEDIATE RESPONSE AND A SLOWER INTERNAL-STATE RESPONSE ON DIFFERENT CLOCKS	S-332; S-855	P-529; P-530	S-332:Latent-variable model | S-855:Violated local independence	P-529:Rate dependence | P-530:Internal interface state	mechanism/structural	certificate/exact	cross-domain; moderate semantic bridge; donor operator/certificate bonus; same-theory lexical penalty
706	4.939200361082932	IM-074	IM-236	M	S	0.035495345450586246	0.0	0.0	BALANCE MANY CONDITIONS VIA DISCREPANCY CONTROL	ITERATIVE SELF-FEEDBACK CREATES CORRELATED RESIDUALS; ADD A CORRECTION THAT CANCELS MEMORY OF PREVIOUS ITERATION	M-581; M-582; M-583; M-584; M-585; M-586	S-911; S-912	M-581:Family of subsets | M-582:All induced subsystems | M-583:Vector relaxation | M-584:Bounded incidence | M-585:High-dimensional set system | M-586:Iterative discrepancy minimization	S-911:Random high-dimensional design | S-912:AMP	active control/decision	none-explicit	cross-domain; moderate semantic bridge; donor operator/certificate bonus; same-theory lexical penalty
707	4.9388880134251725	IM-313	IM-216	P	M	0.03547008270847779	0.0	0.0	SYMMETRY CAN CERTIFY A CONSERVED QUANTITY	PROPAGATE FUTURE CONSEQUENCE BACKWARD TO PRICE TODAY’S LOCAL ACTION	P-015	M-255	P-015:Action/Lagrangian symmetry	M-255: Quantity of interest	mechanism/structural	certificate/exact	cross-domain; moderate semantic bridge; donor operator/certificate bonus; same-theory lexical penalty
708	4.9373156026050875	IM-325	IM-131	M	S	0.008222175240937244	0.0	0.0	MONOTONE POLICY RESPONSE CAN BE CERTIFIED FROM COMPLEMENTARITY/ORDER STRUCTURE WITHOUT RESOLVING EVERY PARAMETER VALUE	INFORMATION NEED NOT ENTER WITH WEIGHT 0 OR 1; LEARNING RATE CAN BE TEMPERED	M-866; M-867; M-869; M-874; M-880	S-430	M-866:Complementary coordinates | M-867:Ordered action × parameter | M-869:Lattice optimization | M-874:Set-valued optimization | M-880:Nondifferentiable/discrete optimization	S-430:Model misspecification	active control/decision	certificate/exact	cross-domain; moderate semantic bridge; donor operator/certificate bonus; same-theory lexical penalty
709	4.937073519448898	IM-225	IM-350	M	E	0.008197088429357619	0.0	0.0	DEPENDENT SEQUENTIAL DATA CAN STILL HAVE SHARP DEVIATION GUARANTEES IF SURPRISES AND PREDICTABLE VARIANCE ARE CONTROLLED	AN INFORMED AGENT CAN REVEAL TYPE BY CHOOSING A COSTLY ACTION WHOSE COST DIFFERS ACROSS TYPES	M-311; M-313	E-010; E-115	M-311:Martingale difference structure | M-313:Martingale variance process	E-010:Incentive compatibility | E-115:Single-crossing	active control/decision	certificate/exact	cross-domain; moderate semantic bridge; donor operator/certificate bonus; same-theory lexical penalty
710	4.93594754418381	IM-325	IM-365	M	E	0.00808031061241772	0.0	0.0	MONOTONE POLICY RESPONSE CAN BE CERTIFIED FROM COMPLEMENTARITY/ORDER STRUCTURE WITHOUT RESOLVING EVERY PARAMETER VALUE	AN UNPRICED EXTERNAL EFFECT CAN BE INTERNALIZED BY ADDING ITS MARGINAL SOCIAL COST TO THE PRIVATE DECISION	M-866; M-867; M-869; M-874; M-880	E-049; E-201	M-866:Complementary coordinates | M-867:Ordered action × parameter | M-869:Lattice optimization | M-874:Set-valued optimization | M-880:Nondifferentiable/discrete optimization	E-049:External cost/benefit measurable | E-201:Externality measurement	active control/decision	certificate/exact	cross-domain; moderate semantic bridge; donor operator/certificate bonus; same-theory lexical penalty
711	4.935388990172421	IM-343	IM-268	S	M	0.09560549688289065	0.07692307692307693	0.0	A VARIABLE KNOWN NOT TO LIE ON THE TARGET CAUSAL PATH CAN STILL BE USED TO EXPOSE OR BRIDGE HIDDEN CONFOUNDING	REACHING THE TARGET AND SURVIVING THE PATH TO THE TARGET ARE TWO DIFFERENT CONSTRAINTS	S-349; S-350; S-351; S-352	M-350	S-349:Known causal null | S-350:Known causal null | S-351:Completeness/proxy conditions | S-352:Integral-equation identification	M-350:Dynamic state constraints	mechanism/structural	none-explicit	cross-domain; moderate semantic bridge; donor operator/certificate bonus; same-theory lexical penalty
712	4.935255842329507	IM-225	IM-270	M	S	0.017849603592965356	0.0	0.0	DEPENDENT SEQUENTIAL DATA CAN STILL HAVE SHARP DEVIATION GUARANTEES IF SURPRISES AND PREDICTABLE VARIANCE ARE CONTROLLED	LATENT SCORES ARE NOT COMPARABLE ACROSS GROUPS/TIME IF THE MEASUREMENT MAP ITSELF CHANGES	M-311; M-313	S-330; S-331	M-311:Martingale difference structure | M-313:Martingale variance process	S-330:Measurement fairness/invariance | S-331:Multi-group latent model	active control/decision	certificate/exact	cross-domain; moderate semantic bridge; donor operator/certificate bonus; same-theory lexical penalty
713	4.935122677810034	IM-196	IM-333	M	S	0.007994662858674603	0.0	0.0	RECOVERY CAN HAVE A SHARP COMPLEXITY–MEASUREMENT GEOMETRY BOUNDARY	A HARD ASSIGNMENT THRESHOLD CAN CREATE A LOCAL COMPARISON THAT IS MUCH CLEANER THAN THE GLOBAL POPULATION	M-279; M-280	S-029	M-279: Sparsity + measurement geometry; M-280: Sparse signal class	S-029:Continuity/no precise manipulation near cutoff	passive inference/diagnostic	bound	cross-domain; moderate semantic bridge; donor operator/certificate bonus; same-theory lexical penalty
714	4.934063863779862	IM-249	IM-165	M	P	0.007884600956806943	0.0	0.0	REPLACE AN INACCESSIBLE INTERIOR SOURCE BY A BOUNDARY-EQUIVALENT SOURCE THAT PRESERVES EXTERNAL OBSERVABLES	A LARGE-SCALE UNIVERSAL LAW CAN BE CORRECT WHILE MICRO-MECHANISM IDENTIFICATION FROM THAT LAW IS IMPOSSIBLE	M-655	P-158; P-030	M-655:Potential equivalence	P-158: Shared symmetry/dimension/conservation; P-030: Scale separation/controlled approximation	passive inference/diagnostic	bound	cross-domain; moderate semantic bridge; donor operator/certificate bonus; same-theory lexical penalty
715	4.933695410333414	IM-225	IM-040	M	E;P;S	0.017703481595769097	0.0	0.0	DEPENDENT SEQUENTIAL DATA CAN STILL HAVE SHARP DEVIATION GUARANTEES IF SURPRISES AND PREDICTABLE VARIANCE ARE CONTROLLED	MEASUREMENT POLICY CAN CHANGE THE PROCESS BEING MEASURED	M-311; M-313	E-782; E-786; P-242; S-977	M-311:Martingale difference structure | M-313:Martingale variance process	E-782:Credible audits | E-786:Endogenous response | P-242:System-bath spectrum | S-977:Sequential diagnostics	active control/decision	certificate/exact	cross-domain; moderate semantic bridge; donor operator/certificate bonus; same-theory lexical penalty
716	4.933431952688851	IM-206	IM-260	M	S	0.007818848873374005	0.0	0.0	INFER LONG-TIME BEHAVIOR FROM TRANSFORM BEHAVIOR NEAR A BOUNDARY/LOW FREQUENCY	A DECISION RULE CAN SUCCEED WITHOUT IDENTIFYING THE TRUE WORLD IF ITS CUMULATIVE LOSS TRACKS A STRONG COMPARATOR	M-125; M-126	S-222	M-125: Regularity assumptions; M-126: Summability structure	S-222:Comparator class	passive inference/diagnostic	bound;local	cross-domain; moderate semantic bridge; donor operator/certificate bonus; same-theory lexical penalty
717	4.93284929450502	IM-196	IM-060	M	S	0.00775817783894674	0.0	0.0	RECOVERY CAN HAVE A SHARP COMPLEXITY–MEASUREMENT GEOMETRY BOUNDARY	UNSEEN MASS CAN BE INFERRED FROM PATTERNS OF REPEATED VISIBILITY	M-279; M-280	S-801; S-802; S-803	M-279: Sparsity + measurement geometry; M-280: Sparse signal class	S-801:Closed population + independence benchmark | S-802:Repeated partial observation | S-803:Hidden population	passive inference/diagnostic	bound	cross-domain; moderate semantic bridge; donor operator/certificate bonus; same-theory lexical penalty
718	4.932781798842168	IM-225	IM-275	M	S	0.017617831866061927	0.0	0.0	DEPENDENT SEQUENTIAL DATA CAN STILL HAVE SHARP DEVIATION GUARANTEES IF SURPRISES AND PREDICTABLE VARIANCE ARE CONTROLLED	TWO WRONG-PRONE MODELS CAN BE COMBINED SO VALIDITY SURVIVES IF EITHER ONE OF TWO DISTINCT MODELING ROUTES IS CORRECT	M-311; M-313	S-068; S-953	M-311:Martingale difference structure | M-313:Martingale variance process	S-068:At least one nuisance model correctly specified | S-953:Two nuisance models	active control/decision	certificate/exact	cross-domain; moderate semantic bridge; donor operator/certificate bonus; same-theory lexical penalty
719	4.932449186316593	IM-197	IM-191	P	S	0.09879128893127695	0.0	0.0	TRANSITION/DECAY RATE DEPENDS ON AVAILABLE FINAL STATES IN THE ENVIRONMENT, NOT ONLY ON THE SOURCE	LATENT COMPONENT NAMES MAY BE PURE SYMMETRY; A NAMED HIDDEN CLASS IS NOT AUTOMATICALLY AN IDENTIFIED ENTITY	P-269; P-270	S-269; S-270	P-269: Structured environment; P-270: Density-of-states engineering	S-269: Structural conditions; S-270: Symmetry	mechanism/structural	none-explicit	cross-domain; moderate semantic bridge; donor operator/certificate bonus; same-theory lexical penalty
720	4.9324330592279795	IM-206	IM-193	M	S	0.017585119027868145	0.0	0.0	INFER LONG-TIME BEHAVIOR FROM TRANSFORM BEHAVIOR NEAR A BOUNDARY/LOW FREQUENCY	RESETTING THE CLOCK AFTER EACH EVENT AND USING ONE GLOBAL CLOCK ARE DIFFERENT MODELS	M-125; M-126	S-312; S-313	M-125: Regularity assumptions; M-126: Summability structure	S-312: Renewal-like recurrence; S-313: Global-time effects	passive inference/diagnostic	bound;local	cross-domain; moderate semantic bridge; donor operator/certificate bonus; same-theory lexical penalty
721	4.9321591127677475	IM-249	IM-094	M	E	0.007686256022542404	0.0	0.0	REPLACE AN INACCESSIBLE INTERIOR SOURCE BY A BOUNDARY-EQUIVALENT SOURCE THAT PRESERVES EXTERNAL OBSERVABLES	LIMITED INFORMATION CAPACITY SHOULD BE SPENT ON DISTINCTIONS THAT CAN CHANGE DECISION	M-655	E-100; E-458	M-655:Potential equivalence	E-100:Information-processing constraint | E-458:Information cost	passive inference/diagnostic	bound	cross-domain; moderate semantic bridge; donor operator/certificate bonus; same-theory lexical penalty
722	4.931302380970079	IM-225	IM-374	M	P	0.007596895964219777	0.0	0.0	DEPENDENT SEQUENTIAL DATA CAN STILL HAVE SHARP DEVIATION GUARANTEES IF SURPRISES AND PREDICTABLE VARIANCE ARE CONTROLLED	REPEATED INDIVIDUALLY SUBCRITICAL LOAD CYCLES CAN GROW A HIDDEN DEFECT UNTIL FAILURE	M-311; M-313	P-233	M-311:Martingale difference structure | M-313:Martingale variance process	P-233:Cyclic loading	active control/decision	certificate/exact	cross-domain; moderate semantic bridge; donor operator/certificate bonus; same-theory lexical penalty
723	4.931179290641158	IM-311	IM-152	S	P	0.02453166308249664	0.05555555555555555	0.0	MANY SIGNALS CAN BE INDIVIDUALLY UNDETECTABLE YET COLLECTIVELY DETECTABLE THROUGH A SMALL GLOBAL DISTORTION OF NULL	MORE SCATTERING/PATHS CAN SUPPRESS TRANSPORT THROUGH COHERENT CANCELLATION RATHER THAN ENHANCE MIXING	S-174	P-172; P-173	S-174:Rare/weak regime	P-172:Coherent disorder | P-173:Phase coherence	passive inference/diagnostic	certificate/exact	cross-domain; moderate semantic bridge; donor operator/certificate bonus; same-theory lexical penalty
724	4.930127945724707	IM-311	IM-092	S	E	0.007474249243972598	0.0	0.0	MANY SIGNALS CAN BE INDIVIDUALLY UNDETECTABLE YET COLLECTIVELY DETECTABLE THROUGH A SMALL GLOBAL DISTORTION OF NULL	ACTION CAN CHANGE MACHINE THAT GENERATES FUTURE PREFERENCES/INCENTIVES	S-174	E-020; E-394; E-395	S-174:Rare/weak regime	E-020:Experience accumulation | E-394:Consumption memory | E-395:Habit stock dynamics	passive inference/diagnostic	certificate/exact	cross-domain; moderate semantic bridge; donor operator/certificate bonus; same-theory lexical penalty
725	4.929912504671186	IM-173	IM-138	M	P	0.04326289012819175	0.07692307692307693	0.0	A HARD COMBINATORIAL BOTTLENECK CAN SOMETIMES BE BOUNDED BY AN EASIER SPECTRAL SURROGATE	A BOTTLENECK CAN BECOME DYNAMICALLY UNSTABLE AND SPLIT INTO A NEW TRANSPORT ARCHITECTURE	M-351; M-352; M-353	P-510; P-511	M-351: Weighted graph; M-352: Connected graph; M-353: Graph geometry	P-510:Laminar resistive MHD | P-511:High Lundquist number	mechanism/structural	bound	cross-domain; moderate semantic bridge; donor operator/certificate bonus; same-theory lexical penalty
726	4.929670455904841	IM-181	IM-344	M	S	0.007426426591997998	0.0	0.0	INTERROGATE AN INACCESSIBLE INTERIOR THROUGH CONTROLLED BOUNDARY INPUTS AND BOUNDARY RESPONSES	WITHIN-UNIT COMPARISONS CAN REMOVE TIME-INVARIANT UNIT-LEVEL CONFOUNDING	M-431; M-432	S-315; S-316	M-431: PDE boundary access; M-432: Elliptic PDE	S-315:Transient exposure/effect | S-316:Event-dependent observation assumptions	active control/decision	bound	cross-domain; moderate semantic bridge; donor operator/certificate bonus; same-theory lexical penalty
727	4.929545464488166	IM-181	IM-338	M	S	0.007413356324444998	0.0	0.0	INTERROGATE AN INACCESSIBLE INTERIOR THROUGH CONTROLLED BOUNDARY INPUTS AND BOUNDARY RESPONSES	SEQUENTIAL WEAK LEARNERS CAN BECOME STRONG BY TARGETING THE RESIDUAL LEFT BY EARLIER LEARNERS	M-431; M-432	S-155	M-431: PDE boundary access; M-432: Elliptic PDE	S-155:Additive learner	active control/decision	bound	cross-domain; moderate semantic bridge; donor operator/certificate bonus; same-theory lexical penalty
728	4.928694762379751	IM-206	IM-191	M	S	0.007324346720439307	0.0	0.0	INFER LONG-TIME BEHAVIOR FROM TRANSFORM BEHAVIOR NEAR A BOUNDARY/LOW FREQUENCY	LATENT COMPONENT NAMES MAY BE PURE SYMMETRY; A NAMED HIDDEN CLASS IS NOT AUTOMATICALLY AN IDENTIFIED ENTITY	M-125; M-126	S-269; S-270	M-125: Regularity assumptions; M-126: Summability structure	S-269: Structural conditions; S-270: Symmetry	passive inference/diagnostic	bound;local	cross-domain; moderate semantic bridge; donor operator/certificate bonus; same-theory lexical penalty
729	4.928541505259501	IM-196	IM-347	M	S	0.007308301610077496	0.0	0.0	RECOVERY CAN HAVE A SHARP COMPLEXITY–MEASUREMENT GEOMETRY BOUNDARY	ENVIRONMENT CHANGES CAN HELP IDENTIFY CAUSAL RELATIONS BY REVEALING WHICH CONDITIONAL LAWS STAY INVARIANT	M-279; M-280	S-235	M-279: Sparsity + measurement geometry; M-280: Sparse signal class	S-235:Multiple environments	passive inference/diagnostic	bound	cross-domain; moderate semantic bridge; donor operator/certificate bonus; same-theory lexical penalty
730	4.927993058906947	IM-227	IM-305	M	P	0.04912714408973583	0.13333333333333333	0.0	ORDINARY CLOCK TIME AND ACCUMULATED CONTACT/VISIT TIME AT A BOUNDARY ARE DIFFERENT STATE VARIABLES	COST OF MAINTAINING A NONEQUILIBRIUM STATE AND COST OF MOVING BETWEEN STATES ARE DIFFERENT ACCOUNTS	M-317	P-128; P-129	M-317:Continuous semimartingale	P-128:NESS transitions | P-129:Driven steady state	mechanism/structural	bound	cross-domain; moderate semantic bridge; donor operator/certificate bonus; same-theory lexical penalty
731	4.927689873907532	IM-196	IM-300	M	S	0.0072190867719054315	0.0	0.0	RECOVERY CAN HAVE A SHARP COMPLEXITY–MEASUREMENT GEOMETRY BOUNDARY	AN INTERVENTION CAN CREATE THE CONFOUNDER THAT LATER PREVENTS CLEAN DECOMPOSITION OF ITS OWN EFFECT	M-279; M-280	S-648; S-725	M-279: Sparsity + measurement geometry; M-280: Sparse signal class	S-648:Time-varying causal structure | S-725:Longitudinal causal feedback	passive inference/diagnostic	bound	cross-domain; moderate semantic bridge; donor operator/certificate bonus; same-theory lexical penalty
732	4.927677472973519	IM-249	IM-374	M	P	0.007217787001934089	0.0	0.0	REPLACE AN INACCESSIBLE INTERIOR SOURCE BY A BOUNDARY-EQUIVALENT SOURCE THAT PRESERVES EXTERNAL OBSERVABLES	REPEATED INDIVIDUALLY SUBCRITICAL LOAD CYCLES CAN GROW A HIDDEN DEFECT UNTIL FAILURE	M-655	P-233	M-655:Potential equivalence	P-233:Cyclic loading	passive inference/diagnostic	bound	cross-domain; moderate semantic bridge; donor operator/certificate bonus; same-theory lexical penalty
733	4.927461996418817	IM-183	IM-279	S	M	0.034542965156799554	0.0	0.0	SAMPLE ONLY THE INTRACTABLE LATENT PART; INTEGRATE THE TRACTABLE PART EXACTLY	SOLVE LARGE COUPLED PROBLEMS LOCALLY, THEN USE A SHADOW-PRICE/CONSENSUS SIGNAL TO FORCE AGREEMENT	S-058	M-160	S-058: Conditional analytic structure	M-160:Separable convex structure	mechanism/structural	certificate/exact	cross-domain; moderate semantic bridge; donor operator/certificate bonus; same-theory lexical penalty
734	4.92676052129975	IM-326	IM-271	M	S	0.03448585528074156	0.0	0.0	GLOBAL TARGET ERROR SHOULD WEIGHT LOCAL RESIDUALS BY THEIR CONSEQUENCE FOR THE TARGET	RESIDUAL DEPENDENCE AFTER CONDITIONING ON LATENT STATE IS EVIDENCE THE STATE REPRESENTATION IS INCOMPLETE	M-255	S-332; S-855	M-255:Quantity of interest	S-332:Latent-variable model | S-855:Violated local independence	mechanism/structural	certificate/exact;local	cross-domain; moderate semantic bridge; donor operator/certificate bonus; same-theory lexical penalty
735	4.926623954604263	IM-206	IM-093	M	E	0.007107294105802959	0.0	0.0	INFER LONG-TIME BEHAVIOR FROM TRANSFORM BEHAVIOR NEAR A BOUNDARY/LOW FREQUENCY	COSTLY INFORMATION + FREE COPYING FROM OUTPUT → PERFECT REVELATION CAN DESTROY INCENTIVE TO CREATE INFO	M-125; M-126	E-456; E-457	M-125: Regularity assumptions; M-126: Summability structure	E-456:Informational markets | E-457:Costly information	passive inference/diagnostic	bound;local	cross-domain; moderate semantic bridge; donor operator/certificate bonus; same-theory lexical penalty
736	4.925844923071191	IM-196	IM-344	M	S	0.007025498563417686	0.0	0.0	RECOVERY CAN HAVE A SHARP COMPLEXITY–MEASUREMENT GEOMETRY BOUNDARY	WITHIN-UNIT COMPARISONS CAN REMOVE TIME-INVARIANT UNIT-LEVEL CONFOUNDING	M-279; M-280	S-315; S-316	M-279: Sparsity + measurement geometry; M-280: Sparse signal class	S-315:Transient exposure/effect | S-316:Event-dependent observation assumptions	passive inference/diagnostic	bound	cross-domain; moderate semantic bridge; donor operator/certificate bonus; same-theory lexical penalty
737	4.925795994956138	IM-249	IM-238	M	E	0.0070203587024465965	0.0	0.0	REPLACE AN INACCESSIBLE INTERIOR SOURCE BY A BOUNDARY-EQUIVALENT SOURCE THAT PRESERVES EXTERNAL OBSERVABLES	FUTURE VERIFICATION CAN RETROACTIVELY CHANGE AN EARLIER PAYOFF, SO DELAYED INFORMATION CREATES PRESENT INCENTIVES	M-655	E-336	M-655:Potential equivalence	E-336:Verifiable later information	passive inference/diagnostic	bound	cross-domain; moderate semantic bridge; donor operator/certificate bonus; same-theory lexical penalty
738	4.924462733219215	IM-325	IM-240	M	E	0.006880182758828445	0.0	0.0	MONOTONE POLICY RESPONSE CAN BE CERTIFIED FROM COMPLEMENTARITY/ORDER STRUCTURE WITHOUT RESOLVING EVERY PARAMETER VALUE	A RAW SCORE/RANKING MAY BE UNIMPLEMENTABLE; FLATTEN NONMONOTONE REGIONS UNTIL DECISION RULE SATISFIES INCENTIVES	M-866; M-867; M-869; M-874; M-880	E-349	M-866:Complementary coordinates | M-867:Ordered action × parameter | M-869:Lattice optimization | M-874:Set-valued optimization | M-880:Nondifferentiable/discrete optimization	E-349:Incentive compatibility	active control/decision	certificate/exact	cross-domain; moderate semantic bridge; donor operator/certificate bonus; same-theory lexical penalty
739	4.924047972961695	IM-249	IM-296	M	E	0.00683652939766075	0.0	0.0	REPLACE AN INACCESSIBLE INTERIOR SOURCE BY A BOUNDARY-EQUIVALENT SOURCE THAT PRESERVES EXTERNAL OBSERVABLES	TRANSFER/CLIP THE DOWNSIDE AND AN AGENT MAY RATIONALLY SEEK MORE VARIANCE	M-655	E-710	M-655:Potential equivalence	E-710:Limited liability	passive inference/diagnostic	bound	cross-domain; moderate semantic bridge; donor operator/certificate bonus; same-theory lexical penalty
740	4.92375632126007	IM-181	IM-129	M	S	0.01676779329783925	0.0	0.0	INTERROGATE AN INACCESSIBLE INTERIOR THROUGH CONTROLLED BOUNDARY INPUTS AND BOUNDARY RESPONSES	ONE ANALYSIS PATH IS NOT THE EVIDENCE; MAP RESULT OVER ALL DEFENSIBLE ANALYSIS PATHS	M-431; M-432	S-440	M-431: PDE boundary access; M-432: Elliptic PDE	S-440:Researcher degrees of freedom	active control/decision	bound	cross-domain; moderate semantic bridge; donor operator/certificate bonus; same-theory lexical penalty
741	4.923439453052723	IM-295	IM-010	M	E;P	0.03421516803645511	0.0	0.0	EFFECTIVE REDUNDANCY HAS AN EXACT DUAL: MAX DISJOINT ROUTES = MINIMUM SEPARATOR	PHYSICAL TOPOLOGY / POTENTIAL TOPOLOGY / CURRENTLY USABLE TOPOLOGY	M-375	P-1000; P-999; P-990; P-991; E-916; P-776	M-375:Graph connectivity	P-1000:State-dependent connectivity | P-999:Geometry + finite coupling | P-990:Asymmetric recovery/coupling | P-991:Propagation threshold | E-916:Heterogeneous banks | P-776:Transport accessibility	mechanism/structural	certificate/exact	cross-domain; moderate semantic bridge; donor operator/certificate bonus; same-theory lexical penalty
742	4.923355940367706	IM-311	IM-355	S	E	0.006763643986876379	0.0	0.0	MANY SIGNALS CAN BE INDIVIDUALLY UNDETECTABLE YET COLLECTIVELY DETECTABLE THROUGH A SMALL GLOBAL DISTORTION OF NULL	EXISTING SENIOR CLAIMS CAN CAPTURE THE UPSIDE OF A GOOD NEW PROJECT AND KILL THE INVESTMENT INCENTIVE	S-174	E-091	S-174:Rare/weak regime	E-091:Existing claims	passive inference/diagnostic	certificate/exact	cross-domain; moderate semantic bridge; donor operator/certificate bonus; same-theory lexical penalty
743	4.923326929091482	IM-313	IM-330	P	S	0.06443777844516946	0.0	0.0	SYMMETRY CAN CERTIFY A CONSERVED QUANTITY	RESAMPLING THE EMPIRICAL DATA CAN APPROXIMATE AN ESTIMATOR'S SAMPLING LAW	P-015	S-015	P-015:Action/Lagrangian symmetry	S-015:Resampling scheme must mimic data-generating dependence	mechanism/structural	certificate/exact	cross-domain; moderate semantic bridge; donor operator/certificate bonus; same-theory lexical penalty
744	4.9232765914563315	IM-196	IM-092	M	E	0.006755282956815096	0.0	0.0	RECOVERY CAN HAVE A SHARP COMPLEXITY–MEASUREMENT GEOMETRY BOUNDARY	ACTION CAN CHANGE MACHINE THAT GENERATES FUTURE PREFERENCES/INCENTIVES	M-279; M-280	E-020; E-394; E-395	M-279: Sparsity + measurement geometry; M-280: Sparse signal class	E-020:Experience accumulation | E-394:Consumption memory | E-395:Habit stock dynamics	passive inference/diagnostic	bound	cross-domain; moderate semantic bridge; donor operator/certificate bonus; same-theory lexical penalty
745	4.9231927245378655	IM-271	IM-244	S	M	0.045991372001570587	0.0	0.0	RESIDUAL DEPENDENCE AFTER CONDITIONING ON LATENT STATE IS EVIDENCE THE STATE REPRESENTATION IS INCOMPLETE	DECENTRALIZED LOCAL INCENTIVE MOVES CAN SOMETIMES BE REPRESENTED BY ONE GLOBAL POTENTIAL LANDSCAPE	S-332; S-855	M-286	S-332:Latent-variable model | S-855:Violated local independence	M-286:Exact/ordinal potential structure	mechanism/structural	certificate/exact	cross-domain; moderate semantic bridge; donor operator/certificate bonus; same-theory lexical penalty
746	4.922708067599064	IM-196	IM-285	M	P	0.015611069575716993	0.0	0.1111111111111111	RECOVERY CAN HAVE A SHARP COMPLEXITY–MEASUREMENT GEOMETRY BOUNDARY	THE SPEED OF A VISIBLE PATTERN NEED NOT BE THE SPEED OF ENERGY OR INFORMATION TRANSPORT	M-279; M-280	P-546	M-279: Sparsity + measurement geometry; M-280: Sparse signal class	P-546:Dispersive medium/guide	passive inference/diagnostic	bound	cross-domain; moderate semantic bridge; donor operator/certificate bonus; same-theory lexical penalty
747	4.92256575490293	IM-212	IM-357	S	E	0.03414387196193355	0.0	0.0	SUBTRACT THE PREDICTABLE PART OF AN OBSERVATION STREAM TO ISOLATE NEW INFORMATION	PUBLIC ACTIONS CAN ACCUMULATE UNTIL A NEW AGENT RATIONALLY IGNORES ITS OWN PRIVATE SIGNAL	S-105; S-120	E-099	S-105: Correct conditional model; S-120: Predictable intensity	E-099:Sequential social learning	passive inference/diagnostic	none-explicit	cross-domain; moderate semantic bridge; donor operator/certificate bonus; same-theory lexical penalty
748	4.92256575490293	IM-357	IM-212	E	S	0.03414387196193355	0.0	0.0	PUBLIC ACTIONS CAN ACCUMULATE UNTIL A NEW AGENT RATIONALLY IGNORES ITS OWN PRIVATE SIGNAL	SUBTRACT THE PREDICTABLE PART OF AN OBSERVATION STREAM TO ISOLATE NEW INFORMATION	E-099	S-105; S-120	E-099:Sequential social learning	S-105: Correct conditional model; S-120: Predictable intensity	active control/decision	none-explicit	cross-domain; moderate semantic bridge; donor operator/certificate bonus; same-theory lexical penalty
749	4.922192508133676	IM-249	IM-159	M	P	0.006640971209880569	0.0	0.0	REPLACE AN INACCESSIBLE INTERIOR SOURCE BY A BOUNDARY-EQUIVALENT SOURCE THAT PRESERVES EXTERNAL OBSERVABLES	YOU CAN INFER AN INFINITE/LARGE-SYSTEM TRANSITION FROM HOW FINITE SYSTEMS MOVE WITH SIZE	M-655	P-157	M-655:Potential equivalence	P-157:Scaling hypothesis	passive inference/diagnostic	bound	cross-domain; moderate semantic bridge; donor operator/certificate bonus; same-theory lexical penalty
750	4.922102561796072	IM-325	IM-285	M	P	0.006631479943242417	0.0	0.0	MONOTONE POLICY RESPONSE CAN BE CERTIFIED FROM COMPLEMENTARITY/ORDER STRUCTURE WITHOUT RESOLVING EVERY PARAMETER VALUE	THE SPEED OF A VISIBLE PATTERN NEED NOT BE THE SPEED OF ENERGY OR INFORMATION TRANSPORT	M-866; M-867; M-869; M-874; M-880	P-546	M-866:Complementary coordinates | M-867:Ordered action × parameter | M-869:Lattice optimization | M-874:Set-valued optimization | M-880:Nondifferentiable/discrete optimization	P-546:Dispersive medium/guide	active control/decision	certificate/exact	cross-domain; moderate semantic bridge; donor operator/certificate bonus; same-theory lexical penalty
751	4.922075797810871	IM-181	IM-274	M	S	0.029960362879813122	0.0	0.0	INTERROGATE AN INACCESSIBLE INTERIOR THROUGH CONTROLLED BOUNDARY INPUTS AND BOUNDARY RESPONSES	YOU CANNOT EVALUATE/TRANSPORT AN ACTION OR POPULATION REGION THAT SOURCE DATA NEVER SUPPORTS	M-431; M-432	S-727; S-952	M-431: PDE boundary access; M-432: Elliptic PDE	S-727:Policy support | S-952:Support overlap	active control/decision	bound	cross-domain; moderate semantic bridge; donor operator/certificate bonus; same-theory lexical penalty
752	4.922052035387463	IM-325	IM-094	M	E	0.006626147864507097	0.0	0.0	MONOTONE POLICY RESPONSE CAN BE CERTIFIED FROM COMPLEMENTARITY/ORDER STRUCTURE WITHOUT RESOLVING EVERY PARAMETER VALUE	LIMITED INFORMATION CAPACITY SHOULD BE SPENT ON DISTINCTIONS THAT CAN CHANGE DECISION	M-866; M-867; M-869; M-874; M-880	E-100; E-458	M-866:Complementary coordinates | M-867:Ordered action × parameter | M-869:Lattice optimization | M-874:Set-valued optimization | M-880:Nondifferentiable/discrete optimization	E-100:Information-processing constraint | E-458:Information cost	active control/decision	certificate/exact	cross-domain; moderate semantic bridge; donor operator/certificate bonus; same-theory lexical penalty
753	4.921996933015777	IM-088	IM-328	P	M	0.04334461300010895	0.08333333333333333	0.0	BOUNDARY IS NOT FIXED; STATE INCLUDES WHERE BOUNDARY IS	LOCAL AVERAGING/ELLIPTIC CONSTRAINTS CAN FORCE GLOBAL EXTREMES TO THE BOUNDARY	P-355	M-028; M-641; M-642	P-355:Moving phase boundary	M-028:PDE/order structure | M-641:Laplace-type equilibrium | M-642:Harmonic domain	mechanism/structural	bound	cross-domain; moderate semantic bridge; donor operator/certificate bonus; same-theory lexical penalty
754	4.921996933015777	IM-328	IM-088	M	P	0.04334461300010895	0.08333333333333333	0.0	LOCAL AVERAGING/ELLIPTIC CONSTRAINTS CAN FORCE GLOBAL EXTREMES TO THE BOUNDARY	BOUNDARY IS NOT FIXED; STATE INCLUDES WHERE BOUNDARY IS	M-028; M-641; M-642	P-355	M-028:PDE/order structure | M-641:Laplace-type equilibrium | M-642:Harmonic domain	P-355:Moving phase boundary	mechanism/structural	bound;local	cross-domain; moderate semantic bridge; donor operator/certificate bonus; same-theory lexical penalty
755	4.921104563327969	IM-249	IM-333	M	S	0.006526099320067566	0.0	0.0	REPLACE AN INACCESSIBLE INTERIOR SOURCE BY A BOUNDARY-EQUIVALENT SOURCE THAT PRESERVES EXTERNAL OBSERVABLES	A HARD ASSIGNMENT THRESHOLD CAN CREATE A LOCAL COMPARISON THAT IS MUCH CLEANER THAN THE GLOBAL POPULATION	M-655	S-029	M-655:Potential equivalence	S-029:Continuity/no precise manipulation near cutoff	passive inference/diagnostic	bound	cross-domain; moderate semantic bridge; donor operator/certificate bonus; same-theory lexical penalty
756	4.920997285998918	IM-325	IM-169	M	P	0.006514763996475307	0.0	0.0	MONOTONE POLICY RESPONSE CAN BE CERTIFIED FROM COMPLEMENTARITY/ORDER STRUCTURE WITHOUT RESOLVING EVERY PARAMETER VALUE	LOCAL AMPLIFICATION ≠ LOCAL PERSISTENCE: GROWTH CAN BE SWEPT AWAY FASTER THAN IT ACCUMULATES	M-866; M-867; M-869; M-874; M-880	P-370; P-371	M-866:Complementary coordinates | M-867:Ordered action × parameter | M-869:Lattice optimization | M-874:Set-valued optimization | M-880:Nondifferentiable/discrete optimization	P-370: Open-flow stability; P-371: Advection + growth	active control/decision	certificate/exact	cross-domain; moderate semantic bridge; donor operator/certificate bonus; same-theory lexical penalty
757	4.920715047941605	IM-249	IM-336	M	S	0.016479734637514794	0.0	0.0	REPLACE AN INACCESSIBLE INTERIOR SOURCE BY A BOUNDARY-EQUIVALENT SOURCE THAT PRESERVES EXTERNAL OBSERVABLES	THE KNOWN RANDOMIZATION MECHANISM CAN ITSELF GENERATE AN EXACT REFERENCE DISTRIBUTION	M-655	S-149	M-655:Potential equivalence	S-149:Known randomization	passive inference/diagnostic	bound	cross-domain; moderate semantic bridge; donor operator/certificate bonus; same-theory lexical penalty
758	4.920628275265772	IM-350	IM-339	E	S	0.03398564229272531	0.0	0.0	AN INFORMED AGENT CAN REVEAL TYPE BY CHOOSING A COSTLY ACTION WHOSE COST DIFFERS ACROSS TYPES	A SCORE CAN MAKE HONEST PROBABILITY REPORTING OPTIMAL	E-010; E-115	S-159	E-010:Incentive compatibility | E-115:Single-crossing	S-159:Probabilistic forecasts	active control/decision	none-explicit	cross-domain; moderate semantic bridge; donor operator/certificate bonus; same-theory lexical penalty
759	4.920531749360408	IM-311	IM-195	S	M	0.013933571116117868	0.05263157894736842	0.0	MANY SIGNALS CAN BE INDIVIDUALLY UNDETECTABLE YET COLLECTIVELY DETECTABLE THROUGH A SMALL GLOBAL DISTORTION OF NULL	WHEN UNIQUE RECOVERY BECOMES IMPOSSIBLE, RETURN A SMALL CANDIDATE LIST INSTEAD OF DECLARING TOTAL FAILURE	S-174	M-267	S-174:Rare/weak regime	M-267: Error radius beyond unique decoding	passive inference/diagnostic	certificate/exact	cross-domain; moderate semantic bridge; donor operator/certificate bonus; same-theory lexical penalty
760	4.920149380782547	IM-249	IM-285	M	P	0.006425118437732173	0.0	0.0	REPLACE AN INACCESSIBLE INTERIOR SOURCE BY A BOUNDARY-EQUIVALENT SOURCE THAT PRESERVES EXTERNAL OBSERVABLES	THE SPEED OF A VISIBLE PATTERN NEED NOT BE THE SPEED OF ENERGY OR INFORMATION TRANSPORT	M-655	P-546	M-655:Potential equivalence	P-546:Dispersive medium/guide	passive inference/diagnostic	bound	cross-domain; moderate semantic bridge; donor operator/certificate bonus; same-theory lexical penalty
761	4.920038390337822	IM-225	IM-140	M	P	0.0064133769328382365	0.0	0.0	DEPENDENT SEQUENTIAL DATA CAN STILL HAVE SHARP DEVIATION GUARANTEES IF SURPRISES AND PREDICTABLE VARIANCE ARE CONTROLLED	A CONSERVED/ACCUMULATING BURDEN CAN SELF-QUENCH GROWTH UNLESS A BOUNDARY EXPORT CHANNEL REMOVES IT	M-311; M-313	P-796; P-798	M-311:Martingale difference structure | M-313:Martingale variance process	P-796:High conductivity | P-798:Open boundaries	active control/decision	certificate/exact	cross-domain; moderate semantic bridge; donor operator/certificate bonus; same-theory lexical penalty
762	4.919959768339602	IM-325	IM-360	M	E	0.006405058661928998	0.0	0.0	MONOTONE POLICY RESPONSE CAN BE CERTIFIED FROM COMPLEMENTARITY/ORDER STRUCTURE WITHOUT RESOLVING EVERY PARAMETER VALUE	COSTLESS NONBINDING MESSAGES ARE INFORMATIVE ONLY TO THE EXTENT SENDER AND RECEIVER INCENTIVES ALIGN	M-866; M-867; M-869; M-874; M-880	E-406	M-866:Complementary coordinates | M-867:Ordered action × parameter | M-869:Lattice optimization | M-874:Set-valued optimization | M-880:Nondifferentiable/discrete optimization	E-406:Nonbinding communication	active control/decision	certificate/exact	cross-domain; moderate semantic bridge; donor operator/certificate bonus; same-theory lexical penalty
763	4.919843226059687	IM-206	IM-361	M	E	0.006392726909243212	0.0	0.0	INFER LONG-TIME BEHAVIOR FROM TRANSFORM BEHAVIOR NEAR A BOUNDARY/LOW FREQUENCY	VOLUNTARY VERIFIABLE DISCLOSURE CAN UNRAVEL RECURSIVELY FROM THE BEST TYPE DOWNWARD	M-125; M-126	E-410	M-125: Regularity assumptions; M-126: Summability structure	E-410:Ordered types + verifiable info	passive inference/diagnostic	bound;local	cross-domain; moderate semantic bridge; donor operator/certificate bonus; same-theory lexical penalty
764	4.919136688291599	IM-058	IM-285	M	P	0.045682242701273766	0.0	0.0	CAPACITY BELONGS TO GROUPS/SUBSETS, NOT NECESSARILY INDIVIDUAL EDGES	THE SPEED OF A VISIBLE PATTERN NEED NOT BE THE SPEED OF ENERGY OR INFORMATION TRANSPORT	M-545; M-546; M-549; M-550	P-546	M-545:Submodular rank function | M-546:Continuous allocation | M-549:Network + submodular boundary | M-550:Network congestion structure	P-546:Dispersive medium/guide	mechanism/structural	certificate/exact	cross-domain; moderate semantic bridge; donor operator/certificate bonus; same-theory lexical penalty
765	4.918644651539093	IM-225	IM-094	M	E	0.006265798355348903	0.0	0.0	DEPENDENT SEQUENTIAL DATA CAN STILL HAVE SHARP DEVIATION GUARANTEES IF SURPRISES AND PREDICTABLE VARIANCE ARE CONTROLLED	LIMITED INFORMATION CAPACITY SHOULD BE SPENT ON DISTINCTIONS THAT CAN CHANGE DECISION	M-311; M-313	E-100; E-458	M-311:Martingale difference structure | M-313:Martingale variance process	E-100:Information-processing constraint | E-458:Information cost	active control/decision	certificate/exact	cross-domain; moderate semantic bridge; donor operator/certificate bonus; same-theory lexical penalty
766	4.918275298428254	IM-181	IM-240	M	E	0.00622664603923185	0.0	0.0	INTERROGATE AN INACCESSIBLE INTERIOR THROUGH CONTROLLED BOUNDARY INPUTS AND BOUNDARY RESPONSES	A RAW SCORE/RANKING MAY BE UNIMPLEMENTABLE; FLATTEN NONMONOTONE REGIONS UNTIL DECISION RULE SATISFIES INCENTIVES	M-431; M-432	E-349	M-431: PDE boundary access; M-432: Elliptic PDE	E-349:Incentive compatibility	active control/decision	bound	cross-domain; moderate semantic bridge; donor operator/certificate bonus; same-theory lexical penalty
767	4.918183110418335	IM-206	IM-054	M	S	0.006216871093023144	0.0	0.0	INFER LONG-TIME BEHAVIOR FROM TRANSFORM BEHAVIOR NEAR A BOUNDARY/LOW FREQUENCY	FREEZE NUISANCE INFORMATION → MOVE ONLY INSIDE REMAINING FIBER	M-125; M-126	S-770; S-771	M-125: Regularity assumptions; M-126: Summability structure	S-770:Conditional inference | S-771:Exponential-family structure	passive inference/diagnostic	bound;local	cross-domain; moderate semantic bridge; donor operator/certificate bonus; same-theory lexical penalty
768	4.917930980034563	IM-311	IM-155	S	P	0.02961105216507554	0.0	0.0	MANY SIGNALS CAN BE INDIVIDUALLY UNDETECTABLE YET COLLECTIVELY DETECTABLE THROUGH A SMALL GLOBAL DISTORTION OF NULL	AVERAGE ACTIVITY CAN BE MISLEADING WHEN TRANSPORT/RESPONSE IS CARRIED BY RARE BURSTS OR COHERENT STRUCTURES	S-174	P-164	S-174:Rare/weak regime	P-164:Turbulence/multifractality	passive inference/diagnostic	certificate/exact	cross-domain; moderate semantic bridge; donor operator/certificate bonus; same-theory lexical penalty
769	4.917806294067832	IM-181	IM-360	M	E	0.006176904601446327	0.0	0.0	INTERROGATE AN INACCESSIBLE INTERIOR THROUGH CONTROLLED BOUNDARY INPUTS AND BOUNDARY RESPONSES	COSTLESS NONBINDING MESSAGES ARE INFORMATIVE ONLY TO THE EXTENT SENDER AND RECEIVER INCENTIVES ALIGN	M-431; M-432	E-406	M-431: PDE boundary access; M-432: Elliptic PDE	E-406:Nonbinding communication	active control/decision	bound	cross-domain; moderate semantic bridge; donor operator/certificate bonus; same-theory lexical penalty
770	4.917769142233272	IM-247	IM-383	M	P	0.0337518234562205	0.0	0.0	BOUNDARY INFLUENCE IS SET BY DYNAMICAL/GEOMETRIC ACCESSIBILITY, NOT RAW BOUNDARY SIZE	A SYSTEM CAN ENTER A LESS-STABLE INTERMEDIATE FIRST BECAUSE ITS ACCESS BARRIER IS LOWER THAN THE DIRECT PATH TO THE GLOBAL BEST STATE	M-645; M-648	P-357	M-645:Domain geometry | M-648:Fine boundary geometry	P-357:Competing kinetic barriers	mechanism/structural	bound	cross-domain; moderate semantic bridge; donor operator/certificate bonus; same-theory lexical penalty
771	4.917602891942218	IM-225	IM-238	M	E	0.0061553232730866825	0.0	0.0	DEPENDENT SEQUENTIAL DATA CAN STILL HAVE SHARP DEVIATION GUARANTEES IF SURPRISES AND PREDICTABLE VARIANCE ARE CONTROLLED	FUTURE VERIFICATION CAN RETROACTIVELY CHANGE AN EARLIER PAYOFF, SO DELAYED INFORMATION CREATES PRESENT INCENTIVES	M-311; M-313	E-336	M-311:Martingale difference structure | M-313:Martingale variance process	E-336:Verifiable later information	active control/decision	certificate/exact	cross-domain; moderate semantic bridge; donor operator/certificate bonus; same-theory lexical penalty
772	4.917541069830733	IM-026	IM-137	E;M;S	P	0.0859061539303822	0.0	0.0	NOMINAL REDUNDANCY ≠ EFFECTIVE REDUNDANCY	A FORBIDDEN TOPOLOGY CHANGE CAN BECOME ALLOWED IN A SPECIAL LAYER AND RELEASE STORED POTENTIAL	S-505; S-520; M-278; E-508	P-508; P-520	S-505:Within-cluster dependence | S-520:Multiple sampling frames | M-278:Rateless erasure setting | E-508:Spare sourcing capacity	P-508:Nonideal plasma layer | P-520:Ideal MHD	mechanism/structural	none-explicit	cross-domain; moderate semantic bridge; donor operator/certificate bonus; same-theory lexical penalty
773	4.917459533809549	IM-206	IM-347	M	S	0.006140109443317684	0.0	0.0	INFER LONG-TIME BEHAVIOR FROM TRANSFORM BEHAVIOR NEAR A BOUNDARY/LOW FREQUENCY	ENVIRONMENT CHANGES CAN HELP IDENTIFY CAUSAL RELATIONS BY REVEALING WHICH CONDITIONAL LAWS STAY INVARIANT	M-125; M-126	S-235	M-125: Regularity assumptions; M-126: Summability structure	S-235:Multiple environments	passive inference/diagnostic	bound;local	cross-domain; moderate semantic bridge; donor operator/certificate bonus; same-theory lexical penalty
774	4.917427329378199	IM-262	IM-210	M	S	0.03372384447311396	0.0	0.0	EXACT STATIONARY SAMPLING CAN BE CERTIFIED BY COALESCENCE OF ALL POSSIBLE HISTORIES, NOT LONG BURN-IN	FUTURE DATA CAN CHANGE YOUR BEST ESTIMATE OF THE PAST; ONLINE AND OFFLINE STATE ESTIMATES ARE DIFFERENT	M-333; M-334	S-106; S-107	M-333:Monotone/couplable chain | M-334:Exact coupling construction	S-106: Offline/two-sided information; S-107: Delay/latency tradeoff	mechanism/structural	certificate/exact	cross-domain; moderate semantic bridge; donor operator/certificate bonus; same-theory lexical penalty
775	4.917048057971769	IM-325	IM-159	M	P	0.006096426658436461	0.0	0.0	MONOTONE POLICY RESPONSE CAN BE CERTIFIED FROM COMPLEMENTARITY/ORDER STRUCTURE WITHOUT RESOLVING EVERY PARAMETER VALUE	YOU CAN INFER AN INFINITE/LARGE-SYSTEM TRANSITION FROM HOW FINITE SYSTEMS MOVE WITH SIZE	M-866; M-867; M-869; M-874; M-880	P-157	M-866:Complementary coordinates | M-867:Ordered action × parameter | M-869:Lattice optimization | M-874:Set-valued optimization | M-880:Nondifferentiable/discrete optimization	P-157:Scaling hypothesis	active control/decision	certificate/exact	cross-domain; moderate semantic bridge; donor operator/certificate bonus; same-theory lexical penalty
776	4.916907794348115	IM-249	IM-056	M	S	0.006081530988296665	0.0	0.0	REPLACE AN INACCESSIBLE INTERIOR SOURCE BY A BOUNDARY-EQUIVALENT SOURCE THAT PRESERVES EXTERNAL OBSERVABLES	CLUSTERING DOES NOT IDENTIFY THE INTERACTION THAT CREATED IT	M-655	S-602; S-603; S-608; S-612	M-655:Potential equivalence	S-602:Spatially varying intensity | S-603:Latent intensity field | S-608:Interacting point pattern | S-612:Second-order spatial dependence	passive inference/diagnostic	bound	cross-domain; moderate semantic bridge; donor operator/certificate bonus; same-theory lexical penalty
777	4.9165294339028724	IM-175	IM-284	M	P	0.041628704241302834	0.07142857142857142	0.0	LOCAL INFLUENCE BOUNDS CAN CERTIFY GLOBAL FORGETTING OF INITIAL CONDITIONS	FAILURE OF LONG-RANGE PROPAGATION DOES NOT MEAN THE FIELD/INFLUENCE VANISHES LOCALLY	M-380	P-542	M-380: Influence coefficients	P-542:Below-cutoff mode	mechanism/structural	certificate/exact;bound;local	cross-domain; moderate semantic bridge; donor operator/certificate bonus; same-theory lexical penalty
778	4.916377782558124	IM-249	IM-191	M	S	0.0060252214797310065	0.0	0.0	REPLACE AN INACCESSIBLE INTERIOR SOURCE BY A BOUNDARY-EQUIVALENT SOURCE THAT PRESERVES EXTERNAL OBSERVABLES	LATENT COMPONENT NAMES MAY BE PURE SYMMETRY; A NAMED HIDDEN CLASS IS NOT AUTOMATICALLY AN IDENTIFIED ENTITY	M-655	S-269; S-270	M-655:Potential equivalence	S-269: Structural conditions; S-270: Symmetry	passive inference/diagnostic	bound	cross-domain; moderate semantic bridge; donor operator/certificate bonus; same-theory lexical penalty
779	4.916303197172546	IM-092	IM-086	E	M	0.033631790164971385	0.0	0.0	ACTION CAN CHANGE MACHINE THAT GENERATES FUTURE PREFERENCES/INCENTIVES	DISCRETE OBSERVED STATES CAN BE CREATED BY OBSERVATION RULE, NOT DISCRETE REAL STATES	E-020; E-394; E-395	M-681; M-682; M-687; M-689; M-694	E-020:Experience accumulation | E-394:Consumption memory | E-395:Habit stock dynamics	M-681:Partitioned state space | M-682:Dynamical partition | M-687:Hyperbolic dynamics | M-689:Many-to-one dynamics map | M-694:Measure dynamics	active control/decision	none-explicit	cross-domain; moderate semantic bridge; donor operator/certificate bonus; same-theory lexical penalty
780	4.915927474628683	IM-225	IM-240	M	E	0.005977350634731101	0.0	0.0	DEPENDENT SEQUENTIAL DATA CAN STILL HAVE SHARP DEVIATION GUARANTEES IF SURPRISES AND PREDICTABLE VARIANCE ARE CONTROLLED	A RAW SCORE/RANKING MAY BE UNIMPLEMENTABLE; FLATTEN NONMONOTONE REGIONS UNTIL DECISION RULE SATISFIES INCENTIVES	M-311; M-313	E-349	M-311:Martingale difference structure | M-313:Martingale variance process	E-349:Incentive compatibility	active control/decision	certificate/exact	cross-domain; moderate semantic bridge; donor operator/certificate bonus; same-theory lexical penalty
781	4.915646488900503	IM-346	IM-185	S	M	0.040179543014793505	0.058823529411764705	0.0	BLOCKWISE ROBUST AGGREGATION CAN CONTROL HEAVY TAILS WITHOUT TRUSTING THE GLOBAL MEAN	HEAVY LOAD CAN REDUCE EFFECTIVE DYNAMIC DIMENSION EVEN WHILE NOMINAL DIMENSION STAYS LARGE	S-141; S-142	M-326; M-328	S-141:Heavy-tail robustness | S-142:Moment assumptions	M-326: Near-critical load; M-328: Resource pooling/heavy traffic	active control/decision	none-explicit	cross-domain; moderate semantic bridge; donor operator/certificate bonus; same-theory lexical penalty
782	4.91506867075038	IM-325	IM-333	M	S	0.005885979215414644	0.0	0.0	MONOTONE POLICY RESPONSE CAN BE CERTIFIED FROM COMPLEMENTARITY/ORDER STRUCTURE WITHOUT RESOLVING EVERY PARAMETER VALUE	A HARD ASSIGNMENT THRESHOLD CAN CREATE A LOCAL COMPARISON THAT IS MUCH CLEANER THAN THE GLOBAL POPULATION	M-866; M-867; M-869; M-874; M-880	S-029	M-866:Complementary coordinates | M-867:Ordered action × parameter | M-869:Lattice optimization | M-874:Set-valued optimization | M-880:Nondifferentiable/discrete optimization	S-029:Continuity/no precise manipulation near cutoff	active control/decision	certificate/exact	cross-domain; moderate semantic bridge; donor operator/certificate bonus; same-theory lexical penalty
783	4.914297073741324	IM-206	IM-285	M	P	0.005803802328196549	0.0	0.0	INFER LONG-TIME BEHAVIOR FROM TRANSFORM BEHAVIOR NEAR A BOUNDARY/LOW FREQUENCY	THE SPEED OF A VISIBLE PATTERN NEED NOT BE THE SPEED OF ENERGY OR INFORMATION TRANSPORT	M-125; M-126	P-546	M-125: Regularity assumptions; M-126: Summability structure	P-546:Dispersive medium/guide	passive inference/diagnostic	bound;local	cross-domain; moderate semantic bridge; donor operator/certificate bonus; same-theory lexical penalty
784	4.91425253880076	IM-181	IM-238	M	E	0.0057990568280665775	0.0	0.0	INTERROGATE AN INACCESSIBLE INTERIOR THROUGH CONTROLLED BOUNDARY INPUTS AND BOUNDARY RESPONSES	FUTURE VERIFICATION CAN RETROACTIVELY CHANGE AN EARLIER PAYOFF, SO DELAYED INFORMATION CREATES PRESENT INCENTIVES	M-431; M-432	E-336	M-431: PDE boundary access; M-432: Elliptic PDE	E-336:Verifiable later information	active control/decision	bound	cross-domain; moderate semantic bridge; donor operator/certificate bonus; same-theory lexical penalty
785	4.91402512165668	IM-167	IM-044	M	E;P	0.03344505700777695	0.0	0.0	IN A HETEROGENEOUS REPRODUCING SYSTEM, THE INTERACTION MATRIX CONTROLS SURVIVAL AND COMPOSITION	SAME AGGREGATE AMOUNT ≠ SAME FUNCTIONAL STATE	M-364; M-365	P-780; E-738; E-916	M-364: Type-dependent reproduction; M-365: Nonnegative irreducible matrix	P-780:Strong evolving heterogeneity | E-738:Heterogeneous vintages | E-916:Heterogeneous banks	active control/decision	none-explicit	cross-domain; moderate semantic bridge; donor operator/certificate bonus; same-theory lexical penalty
786	4.913565273707748	IM-181	IM-260	M	S	0.005725790449888687	0.0	0.0	INTERROGATE AN INACCESSIBLE INTERIOR THROUGH CONTROLLED BOUNDARY INPUTS AND BOUNDARY RESPONSES	A DECISION RULE CAN SUCCEED WITHOUT IDENTIFYING THE TRUE WORLD IF ITS CUMULATIVE LOSS TRACKS A STRONG COMPARATOR	M-431; M-432	S-222	M-431: PDE boundary access; M-432: Elliptic PDE	S-222:Comparator class	active control/decision	bound	cross-domain; moderate semantic bridge; donor operator/certificate bonus; same-theory lexical penalty
787	4.913209919711121	IM-234	IM-302	S	P	0.04522971145125909	0.0	0.0	ESTIMATE UNOBSERVABLE ERROR FROM HOW THE ESTIMATOR RESPONDS TO OBSERVED NOISE	PASSIVE SPONTANEOUS FLUCTUATIONS CAN REVEAL HOW THE SYSTEM WILL RESPOND TO A SMALL ACTIVE PERTURBATION	S-901; S-902	P-102	S-901:Gaussian model | S-902:Gaussian denoising	P-102:Equilibrium/time-reversal conditions	passive inference/diagnostic	none-explicit	cross-domain; moderate semantic bridge; donor operator/certificate bonus; same-theory lexical penalty
788	4.912705285790136	IM-271	IM-252	S	M	0.04519113488769644	0.0	0.0	RESIDUAL DEPENDENCE AFTER CONDITIONING ON LATENT STATE IS EVIDENCE THE STATE REPRESENTATION IS INCOMPLETE	GREEDY LOCAL CHOICE CAN BE GLOBALLY EXACT — BUT ONLY UNDER AN EXCHANGE-INDEPENDENCE GEOMETRY	S-332; S-855	M-052	S-332:Latent-variable model | S-855:Violated local independence	M-052:Matroid structure	mechanism/structural	certificate/exact	cross-domain; moderate semantic bridge; donor operator/certificate bonus; same-theory lexical penalty
789	4.9125642670684515	IM-325	IM-355	M	E	0.005618964209629818	0.0	0.0	MONOTONE POLICY RESPONSE CAN BE CERTIFIED FROM COMPLEMENTARITY/ORDER STRUCTURE WITHOUT RESOLVING EVERY PARAMETER VALUE	EXISTING SENIOR CLAIMS CAN CAPTURE THE UPSIDE OF A GOOD NEW PROJECT AND KILL THE INVESTMENT INCENTIVE	M-866; M-867; M-869; M-874; M-880	E-091	M-866:Complementary coordinates | M-867:Ordered action × parameter | M-869:Lattice optimization | M-874:Set-valued optimization | M-880:Nondifferentiable/discrete optimization	E-091:Existing claims	active control/decision	certificate/exact	cross-domain; moderate semantic bridge; donor operator/certificate bonus; same-theory lexical penalty
790	4.912395695781839	IM-181	IM-400	M	P	0.035943382493706634	0.058823529411764705	0.0	INTERROGATE AN INACCESSIBLE INTERIOR THROUGH CONTROLLED BOUNDARY INPUTS AND BOUNDARY RESPONSES	AN INVASION ADVANCES THROUGH THE CURRENTLY ACCESSIBLE FRONTIER BY SELECTING ITS LOWEST ENTRY BARRIER	M-431; M-432	P-486;P-487	M-431: PDE boundary access; M-432: Elliptic PDE	see canonical 4000-record inventory	active control/decision	bound	cross-domain; moderate semantic bridge; donor operator/certificate bonus; same-theory lexical penalty
791	4.912265697533414	IM-206	IM-056	M	S	0.005587075158897865	0.0	0.0	INFER LONG-TIME BEHAVIOR FROM TRANSFORM BEHAVIOR NEAR A BOUNDARY/LOW FREQUENCY	CLUSTERING DOES NOT IDENTIFY THE INTERACTION THAT CREATED IT	M-125; M-126	S-602; S-603; S-608; S-612	M-125: Regularity assumptions; M-126: Summability structure	S-602:Spatially varying intensity | S-603:Latent intensity field | S-608:Interacting point pattern | S-612:Second-order spatial dependence	passive inference/diagnostic	bound;local	cross-domain; moderate semantic bridge; donor operator/certificate bonus; same-theory lexical penalty
792	4.912080525257216	IM-311	IM-094	S	E	0.005567291599350569	0.0	0.0	MANY SIGNALS CAN BE INDIVIDUALLY UNDETECTABLE YET COLLECTIVELY DETECTABLE THROUGH A SMALL GLOBAL DISTORTION OF NULL	LIMITED INFORMATION CAPACITY SHOULD BE SPENT ON DISTINCTIONS THAT CAN CHANGE DECISION	S-174	E-100; E-458	S-174:Rare/weak regime	E-100:Information-processing constraint | E-458:Information cost	passive inference/diagnostic	certificate/exact	cross-domain; moderate semantic bridge; donor operator/certificate bonus; same-theory lexical penalty
793	4.91179820970863	IM-148	IM-341	P	S	0.05264381108125202	0.0	0.0	A VARIABLE CAN BE IRRELEVANT FOR THE MAIN LIMIT YET ESSENTIAL FOR A PARTICULAR OBSERVABLE	WHEN THE THEORETICAL NULL IS CONTAMINATED, THE BULK OF THE DATA CAN BE USED TO RE-ESTIMATE THE NULL BASELINE	P-159	S-175	P-159:RG structure	S-175:Many-tests structure	passive inference/diagnostic	none-explicit	cross-domain; moderate semantic bridge; donor operator/certificate bonus; same-theory lexical penalty
794	4.91179820970863	IM-341	IM-148	S	P	0.05264381108125202	0.0	0.0	WHEN THE THEORETICAL NULL IS CONTAMINATED, THE BULK OF THE DATA CAN BE USED TO RE-ESTIMATE THE NULL BASELINE	A VARIABLE CAN BE IRRELEVANT FOR THE MAIN LIMIT YET ESSENTIAL FOR A PARTICULAR OBSERVABLE	S-175	P-159	S-175:Many-tests structure	P-159:RG structure	passive inference/diagnostic	none-explicit	cross-domain; moderate semantic bridge; donor operator/certificate bonus; same-theory lexical penalty
795	4.911679418742795	IM-225	IM-332	M	S	0.02908239213181903	0.0	0.0	DEPENDENT SEQUENTIAL DATA CAN STILL HAVE SHARP DEVIATION GUARANTEES IF SURPRISES AND PREDICTABLE VARIANCE ARE CONTROLLED	DOUBLE DIFFERENCING CAN CANCEL STABLE GROUP DIFFERENCES AND COMMON TIME SHOCKS	M-311; M-313	S-028	M-311:Martingale difference structure | M-313:Martingale variance process	S-028:Parallel-trends-type assumption	active control/decision	certificate/exact	cross-domain; moderate semantic bridge; donor operator/certificate bonus; same-theory lexical penalty
796	4.911438287036395	IM-206	IM-368	M	P	0.0054986399031959465	0.0	0.0	INFER LONG-TIME BEHAVIOR FROM TRANSFORM BEHAVIOR NEAR A BOUNDARY/LOW FREQUENCY	CURVATURE/CHEMICAL-POTENTIAL DIFFERENCES CAN MOVE MATERIAL FROM SMALL STRUCTURES TO LARGE ONES, GROWING THE CHARACTERISTIC SCALE	M-125; M-126	P-082; P-083; P-149	M-125: Regularity assumptions; M-126: Summability structure	P-082:Interfacial energetics | P-083:Diffusive mass transport | P-149:Interfacial dynamics	passive inference/diagnostic	bound;local	cross-domain; moderate semantic bridge; donor operator/certificate bonus; same-theory lexical penalty
797	4.911412544167561	IM-196	IM-056	M	S	0.005495886973186159	0.0	0.0	RECOVERY CAN HAVE A SHARP COMPLEXITY–MEASUREMENT GEOMETRY BOUNDARY	CLUSTERING DOES NOT IDENTIFY THE INTERACTION THAT CREATED IT	M-279; M-280	S-602; S-603; S-608; S-612	M-279: Sparsity + measurement geometry; M-280: Sparse signal class	S-602:Spatially varying intensity | S-603:Latent intensity field | S-608:Interacting point pattern | S-612:Second-order spatial dependence	passive inference/diagnostic	bound	cross-domain; moderate semantic bridge; donor operator/certificate bonus; same-theory lexical penalty
798	4.911317009509809	IM-181	IM-159	M	P	0.005485669760183373	0.0	0.0	INTERROGATE AN INACCESSIBLE INTERIOR THROUGH CONTROLLED BOUNDARY INPUTS AND BOUNDARY RESPONSES	YOU CAN INFER AN INFINITE/LARGE-SYSTEM TRANSITION FROM HOW FINITE SYSTEMS MOVE WITH SIZE	M-431; M-432	P-157	M-431: PDE boundary access; M-432: Elliptic PDE	P-157:Scaling hypothesis	active control/decision	bound	cross-domain; moderate semantic bridge; donor operator/certificate bonus; same-theory lexical penalty
799	4.911253365423914	IM-196	IM-152	M	P	0.015578186538445808	0.0	0.0	RECOVERY CAN HAVE A SHARP COMPLEXITY–MEASUREMENT GEOMETRY BOUNDARY	MORE SCATTERING/PATHS CAN SUPPRESS TRANSPORT THROUGH COHERENT CANCELLATION RATHER THAN ENHANCE MIXING	M-279; M-280	P-172; P-173	M-279: Sparsity + measurement geometry; M-280: Sparse signal class	P-172:Coherent disorder | P-173:Phase coherence	passive inference/diagnostic	bound	cross-domain; moderate semantic bridge; donor operator/certificate bonus; same-theory lexical penalty
800	4.911055313279832	IM-314	IM-367	M	P	0.04022319238224423	0.0625	0.0	NONLINEAR STATE DYNAMICS CAN BECOME LINEAR IN A LIFTED OBSERVABLE SPACE	DYNAMICS CAN SLOW BY ORDERS OF MAGNITUDE WITHOUT A CORRESPONDING ORDINARY STATIC ORDERING TRANSITION	M-401	P-052	M-401:Deterministic dynamics + observable space	P-052:Frustration/complex energy landscape	passive inference/diagnostic	local	cross-domain; moderate semantic bridge; donor operator/certificate bonus; same-theory lexical penalty
801	4.910632083712116	IM-240	IM-339	E	S	0.07435890615343135	0.07142857142857142	0.0	A RAW SCORE/RANKING MAY BE UNIMPLEMENTABLE; FLATTEN NONMONOTONE REGIONS UNTIL DECISION RULE SATISFIES INCENTIVES	A SCORE CAN MAKE HONEST PROBABILITY REPORTING OPTIMAL	E-349	S-159	E-349:Incentive compatibility	S-159:Probabilistic forecasts	mechanism/structural	none-explicit	cross-domain; moderate semantic bridge; donor operator/certificate bonus; same-theory lexical penalty
802	4.91053545893355	IM-178	IM-383	M	P	0.03880245470183424	0.05	0.0	STATE IMPORTANCE SHOULD BE MEASURED BY HOW STRONGLY IT CONNECTS PAST INPUT TO FUTURE OUTPUT	A SYSTEM CAN ENTER A LESS-STABLE INTERMEDIATE FIRST BECAUSE ITS ACCESS BARRIER IS LOWER THAN THE DIRECT PATH TO THE GLOBAL BEST STATE	M-423; M-424; M-425; M-426	P-357	M-423: Stable linear system; M-424: Stability + Hankel singular values; M-425: Input-output linear system; M-426: Stable system	P-357:Competing kinetic barriers	passive inference/diagnostic	none-explicit	cross-domain; moderate semantic bridge; donor operator/certificate bonus; same-theory lexical penalty
803	4.910461872482442	IM-377	IM-314	P	M	0.03315248247259259	0.0	0.0	AN INTERMEDIATE AMOUNT OF NOISE CAN IMPROVE DETECTION OR REGULARITY WHEN ZERO AND LARGE NOISE BOTH PERFORM WORSE	NONLINEAR STATE DYNAMICS CAN BECOME LINEAR IN A LIFTED OBSERVABLE SPACE	P-065; P-066; P-376; P-377	M-401	P-065:Threshold/nonlinear system | P-066:Excitable dynamics | P-376:Noise + bistability | P-377:Excitable system	M-401:Deterministic dynamics + observable space	passive inference/diagnostic	none-explicit	cross-domain; moderate semantic bridge; donor operator/certificate bonus; same-theory lexical penalty
804	4.9096516795525496	IM-181	IM-285	M	P	0.005307367974585434	0.0	0.0	INTERROGATE AN INACCESSIBLE INTERIOR THROUGH CONTROLLED BOUNDARY INPUTS AND BOUNDARY RESPONSES	THE SPEED OF A VISIBLE PATTERN NEED NOT BE THE SPEED OF ENERGY OR INFORMATION TRANSPORT	M-431; M-432	P-546	M-431: PDE boundary access; M-432: Elliptic PDE	P-546:Dispersive medium/guide	active control/decision	bound	cross-domain; moderate semantic bridge; donor operator/certificate bonus; same-theory lexical penalty
805	4.909634968187527	IM-196	IM-021	M	E;S	0.0154231513409735	0.0	0.0	RECOVERY CAN HAVE A SHARP COMPLEXITY–MEASUREMENT GEOMETRY BOUNDARY	WHO GETS VERIFIED DEPENDS ON FIRST SIGNAL → VERIFIED DATA BECOMES SELECTED	M-279; M-280	S-968; S-969; E-411; E-412	M-279: Sparsity + measurement geometry; M-280: Sparse signal class	S-968:Selective verification | S-969:Multiple reference standards | E-411:Verification technology | E-412:Auditing costs	passive inference/diagnostic	bound	cross-domain; moderate semantic bridge; donor operator/certificate bonus; same-theory lexical penalty
806	4.909368872052266	IM-189	IM-150	S	M;P	0.04107011888096966	0.07142857142857142	0.0	RANDOM-TIME OBSERVATION OVERREPRESENTS LONG-LIVED STATES/EPISODES	COMPLEX MEMORY CAN SOMETIMES BE REPRESENTED AS MANY SIMPLE THRESHOLD ELEMENTS WITH INTERNAL ON/OFF STATES	S-272	P-184; M-300	S-272: Duration-biased sampling	P-184:Hysteron superposition | M-300:Superposed hysterons	passive inference/diagnostic	probabilistic	cross-domain; moderate semantic bridge; donor operator/certificate bonus; same-theory lexical penalty
807	4.909333132184584	IM-058	IM-061	M	S	0.06342581234964689	0.0	0.0	CAPACITY BELONGS TO GROUPS/SUBSETS, NOT NECESSARILY INDIVIDUAL EDGES	NO RELATION IN AGGREGATE ≠ NO RELATION AT SPECIFIC FREQUENCY/TIMESCALE	M-545; M-546; M-549; M-550	S-549; S-550; S-551; S-552	M-545:Submodular rank function | M-546:Continuous allocation | M-549:Network + submodular boundary | M-550:Network congestion structure	S-549:Bivariate stationary process | S-550:Frequency-specific dependence | S-551:Complex cross-spectrum | S-552:Multivariate stationary process	mechanism/structural	certificate/exact	cross-domain; moderate semantic bridge; donor operator/certificate bonus; same-theory lexical penalty
808	4.909331603200547	IM-181	IM-355	M	E	0.005273055230096715	0.0	0.0	INTERROGATE AN INACCESSIBLE INTERIOR THROUGH CONTROLLED BOUNDARY INPUTS AND BOUNDARY RESPONSES	EXISTING SENIOR CLAIMS CAN CAPTURE THE UPSIDE OF A GOOD NEW PROJECT AND KILL THE INVESTMENT INCENTIVE	M-431; M-432	E-091	M-431: PDE boundary access; M-432: Elliptic PDE	E-091:Existing claims	active control/decision	bound	cross-domain; moderate semantic bridge; donor operator/certificate bonus; same-theory lexical penalty
809	4.909287293752044	IM-059	IM-004	S	P	0.03305590543511456	0.0	0.0	REFERENCE MEASUREMENT IS ANOTHER SENSOR, NOT AUTOMATICALLY TRUTH	FLOW RESHAPES ITS FUTURE CONDUIT	S-961; S-967	P-764; P-765; P-876; P-877; P-967; P-980	S-961:Diagnostic evaluation | S-967:Misclassified reference	P-764:Dissolution + advection | P-765:Unstable reactive infiltration | P-876:Nonuniform electrodeposition | P-877:Metal plating | P-967:Filamentary switch | P-980:Repeated cycling	passive inference/diagnostic	none-explicit	cross-domain; moderate semantic bridge; donor operator/certificate bonus; same-theory lexical penalty
810	4.909173279953995	IM-206	IM-280	M	S	0.005256077543859694	0.0	0.0	INFER LONG-TIME BEHAVIOR FROM TRANSFORM BEHAVIOR NEAR A BOUNDARY/LOW FREQUENCY	UNCERTAINTY WIDTH ITSELF CAN BE A FEEDBACK CONTROL VARIABLE USED TO RESTORE A COVERAGE TARGET	M-125; M-126	S-390	M-125: Regularity assumptions; M-126: Summability structure	S-390:Online feedback	passive inference/diagnostic	bound;local	cross-domain; moderate semantic bridge; donor operator/certificate bonus; same-theory lexical penalty
811	4.908833336420772	IM-206	IM-238	M	E	0.005219612382849091	0.0	0.0	INFER LONG-TIME BEHAVIOR FROM TRANSFORM BEHAVIOR NEAR A BOUNDARY/LOW FREQUENCY	FUTURE VERIFICATION CAN RETROACTIVELY CHANGE AN EARLIER PAYOFF, SO DELAYED INFORMATION CREATES PRESENT INCENTIVES	M-125; M-126	E-336	M-125: Regularity assumptions; M-126: Summability structure	E-336:Verifiable later information	passive inference/diagnostic	bound;local	cross-domain; moderate semantic bridge; donor operator/certificate bonus; same-theory lexical penalty
812	4.908740388366561	IM-208	IM-292	M	P	0.046010680896605705	0.11764705882352941	0.0	A NON-MARKOV OBSERVED PROCESS CAN BECOME MARKOV AFTER ADDING THE RIGHT MEMORY VARIABLE	ELIMINATING HIDDEN DYNAMIC VARIABLES CAN TURN A MARKOV/LOCAL SYSTEM INTO MEMORY + COLORED NOISE	M-121; M-122	P-105; P-106; P-107	M-121: Markovization; M-122: Duration dependence	P-105:Projection formalism | P-106:Chosen relevant subspace | P-107:Exact projected dynamics	passive inference/diagnostic	none-explicit	cross-domain; moderate semantic bridge; donor operator/certificate bonus; same-theory lexical penalty
813	4.908644579261638	IM-123	IM-157	S	M	0.06337599292805922	0.0	0.0	GUARANTEE RELATIVE TO DATA-GENERATING SYMMETRY; WHEN SYMMETRY BREAKS GUARANTEE MAY NOT TRAVEL	A SYSTEM CAN LOOK STATIONARY ONLY BECAUSE YOU CONDITIONED ON NOT YET HAVING FAILED	S-090; S-148; S-998	M-148	S-090:Exchangeability | S-148:Exchangeability under null | S-998:Distribution shift	M-148:Absorbing dynamics	mechanism/structural	certificate/exact	cross-domain; moderate semantic bridge; donor operator/certificate bonus; same-theory lexical penalty
814	4.908439907919126	IM-225	IM-365	M	E	0.005177390289444583	0.0	0.0	DEPENDENT SEQUENTIAL DATA CAN STILL HAVE SHARP DEVIATION GUARANTEES IF SURPRISES AND PREDICTABLE VARIANCE ARE CONTROLLED	AN UNPRICED EXTERNAL EFFECT CAN BE INTERNALIZED BY ADDING ITS MARGINAL SOCIAL COST TO THE PRIVATE DECISION	M-311; M-313	E-049; E-201	M-311:Martingale difference structure | M-313:Martingale variance process	E-049:External cost/benefit measurable | E-201:Externality measurement	active control/decision	certificate/exact	cross-domain; moderate semantic bridge; donor operator/certificate bonus; same-theory lexical penalty
815	4.908380882237288	IM-181	IM-094	M	E	0.005171053926731967	0.0	0.0	INTERROGATE AN INACCESSIBLE INTERIOR THROUGH CONTROLLED BOUNDARY INPUTS AND BOUNDARY RESPONSES	LIMITED INFORMATION CAPACITY SHOULD BE SPENT ON DISTINCTIONS THAT CAN CHANGE DECISION	M-431; M-432	E-100; E-458	M-431: PDE boundary access; M-432: Elliptic PDE	E-100:Information-processing constraint | E-458:Information cost	active control/decision	bound	cross-domain; moderate semantic bridge; donor operator/certificate bonus; same-theory lexical penalty
816	4.9083475132187	IM-325	IM-093	M	E	0.00957300914073375	0.0	0.05263157894736842	MONOTONE POLICY RESPONSE CAN BE CERTIFIED FROM COMPLEMENTARITY/ORDER STRUCTURE WITHOUT RESOLVING EVERY PARAMETER VALUE	COSTLY INFORMATION + FREE COPYING FROM OUTPUT → PERFECT REVELATION CAN DESTROY INCENTIVE TO CREATE INFO	M-866; M-867; M-869; M-874; M-880	E-456; E-457	M-866:Complementary coordinates | M-867:Ordered action × parameter | M-869:Lattice optimization | M-874:Set-valued optimization | M-880:Nondifferentiable/discrete optimization	E-456:Informational markets | E-457:Costly information	active control/decision	certificate/exact	cross-domain; moderate semantic bridge; donor operator/certificate bonus; same-theory lexical penalty
817	4.908327337070372	IM-162	IM-277	M	P	0.07370864958487239	0.06666666666666667	0.0	SMOOTH RESPONSE WITHIN ONE ACTIVE-CONSTRAINT REGIME; KINK/JUMP WHEN THE ACTIVE SET CHANGES	THE SAME INPUT CAN PRODUCE AN IMMEDIATE RESPONSE AND A SLOWER INTERNAL-STATE RESPONSE ON DIFFERENT CLOCKS	M-525; M-530	P-529; P-530	M-525: Differentiable constrained optimization; M-530: Convex geometry	P-529:Rate dependence | P-530:Internal interface state	mechanism/structural	none-explicit	cross-domain; moderate semantic bridge; donor operator/certificate bonus; same-theory lexical penalty
818	4.907801691499131	IM-227	IM-210	M	S	0.04760567010528591	0.13333333333333333	0.0	ORDINARY CLOCK TIME AND ACCUMULATED CONTACT/VISIT TIME AT A BOUNDARY ARE DIFFERENT STATE VARIABLES	FUTURE DATA CAN CHANGE YOUR BEST ESTIMATE OF THE PAST; ONLINE AND OFFLINE STATE ESTIMATES ARE DIFFERENT	M-317	S-106; S-107	M-317:Continuous semimartingale	S-106: Offline/two-sided information; S-107: Delay/latency tradeoff	mechanism/structural	bound	cross-domain; moderate semantic bridge; donor operator/certificate bonus; same-theory lexical penalty
819	4.90756048879385	IM-206	IM-296	M	E	0.005082935931365728	0.0	0.0	INFER LONG-TIME BEHAVIOR FROM TRANSFORM BEHAVIOR NEAR A BOUNDARY/LOW FREQUENCY	TRANSFER/CLIP THE DOWNSIDE AND AN AGENT MAY RATIONALLY SEEK MORE VARIANCE	M-125; M-126	E-710	M-125: Regularity assumptions; M-126: Summability structure	E-710:Limited liability	passive inference/diagnostic	bound;local	cross-domain; moderate semantic bridge; donor operator/certificate bonus; same-theory lexical penalty
820	4.907399383115057	IM-250	IM-107	M	S	0.04039406096861213	0.06666666666666667	0.0	LOCAL SAFE-DIRECTION CONDITIONS AT EVERY BOUNDARY POINT CAN CERTIFY GLOBAL VIABILITY	WHEN DATA DO NOT POINT-IDENTIFY, CORRECT ANSWER MAY BE LARGE/DISCONNECTED/UNBOUNDED SET	M-289; M-290	S-131; S-136; S-447	M-289:Tangency conditions | M-290:Closed constraint set	S-131:Weak assumptions | S-136:Partial identification | S-447:Weak/nonidentification	mechanism/structural	certificate/exact;bound;local	cross-domain; moderate semantic bridge; donor operator/certificate bonus; same-theory lexical penalty
821	4.907207371242962	IM-203	IM-003	M	P	0.06327199675090713	0.0	0.0	PAIRWISE DEPENDENCE CAN VANISH IN A LARGE POPULATION WHILE COLLECTIVE MEAN-FIELD INTERACTION REMAINS	OUTPUT RESHAPES ITS GENERATOR	M-151; M-152	P-793; P-794; P-795; P-806; P-807; P-880; P-860	M-151: Weak symmetric interaction; M-152: Mean-field scaling	P-793:Nonlinear MHD | P-794:Nonlinear feedback | P-795:Mean-field dynamo | P-806:Saturating laser | P-807:Finite excited population | P-880:Coupled degradation | P-860:Dynamic catalyst surface	active control/decision	none-explicit	cross-domain; moderate semantic bridge; donor operator/certificate bonus; same-theory lexical penalty
822	4.906980315956524	IM-249	IM-054	M	S	0.00502056417849003	0.0	0.0	REPLACE AN INACCESSIBLE INTERIOR SOURCE BY A BOUNDARY-EQUIVALENT SOURCE THAT PRESERVES EXTERNAL OBSERVABLES	FREEZE NUISANCE INFORMATION → MOVE ONLY INSIDE REMAINING FIBER	M-655	S-770; S-771	M-655:Potential equivalence	S-770:Conditional inference | S-771:Exponential-family structure	passive inference/diagnostic	bound	cross-domain; moderate semantic bridge; donor operator/certificate bonus; same-theory lexical penalty
823	4.906640031416749	IM-325	IM-040	M	E;P;S	0.026116104665400243	0.058823529411764705	0.047619047619047616	MONOTONE POLICY RESPONSE CAN BE CERTIFIED FROM COMPLEMENTARITY/ORDER STRUCTURE WITHOUT RESOLVING EVERY PARAMETER VALUE	MEASUREMENT POLICY CAN CHANGE THE PROCESS BEING MEASURED	M-866; M-867; M-869; M-874; M-880	E-782; E-786; P-242; S-977	M-866:Complementary coordinates | M-867:Ordered action × parameter | M-869:Lattice optimization | M-874:Set-valued optimization | M-880:Nondifferentiable/discrete optimization	E-782:Credible audits | E-786:Endogenous response | P-242:System-bath spectrum | S-977:Sequential diagnostics	active control/decision	certificate/exact	cross-domain; moderate semantic bridge; donor operator/certificate bonus; same-theory lexical penalty
824	4.9065757095067895	IM-181	IM-191	M	S	0.004977039385533206	0.0	0.0	INTERROGATE AN INACCESSIBLE INTERIOR THROUGH CONTROLLED BOUNDARY INPUTS AND BOUNDARY RESPONSES	LATENT COMPONENT NAMES MAY BE PURE SYMMETRY; A NAMED HIDDEN CLASS IS NOT AUTOMATICALLY AN IDENTIFIED ENTITY	M-431; M-432	S-269; S-270	M-431: PDE boundary access; M-432: Elliptic PDE	S-269: Structural conditions; S-270: Symmetry	active control/decision	bound	cross-domain; moderate semantic bridge; donor operator/certificate bonus; same-theory lexical penalty
825	4.9062405817865455	IM-328	IM-383	M	P	0.03875409493260484	0.05263157894736842	0.0	LOCAL AVERAGING/ELLIPTIC CONSTRAINTS CAN FORCE GLOBAL EXTREMES TO THE BOUNDARY	A SYSTEM CAN ENTER A LESS-STABLE INTERMEDIATE FIRST BECAUSE ITS ACCESS BARRIER IS LOWER THAN THE DIRECT PATH TO THE GLOBAL BEST STATE	M-028; M-641; M-642	P-357	M-028:PDE/order structure | M-641:Laplace-type equilibrium | M-642:Harmonic domain	P-357:Competing kinetic barriers	mechanism/structural	bound;local	cross-domain; moderate semantic bridge; donor operator/certificate bonus; same-theory lexical penalty
826	4.906170503830722	IM-325	IM-009	M	E;P	0.028614707879428512	0.0	0.0	MONOTONE POLICY RESPONSE CAN BE CERTIFIED FROM COMPLEMENTARITY/ORDER STRUCTURE WITHOUT RESOLVING EVERY PARAMETER VALUE	CONDITIONAL PERMEABILITY	M-866; M-867; M-869; M-874; M-880	P-554; P-555; P-869; P-887; P-888; P-541; E-947; E-960	M-866:Complementary coordinates | M-867:Ordered action × parameter | M-869:Lattice optimization | M-874:Set-valued optimization | M-880:Nondifferentiable/discrete optimization	P-554:Periodic medium | P-555:Band structure | P-869:Mixed ionic/electronic transport | P-887:Charged membrane | P-888:Charged porous phase | P-541:Bounded transverse geometry | E-947:Contractual scope | E-960:Regulatory intervention	active control/decision	certificate/exact	cross-domain; moderate semantic bridge; donor operator/certificate bonus; same-theory lexical penalty
827	4.904799670146556	IM-311	IM-315	S	M	0.014958484158369076	0.0	0.0	MANY SIGNALS CAN BE INDIVIDUALLY UNDETECTABLE YET COLLECTIVELY DETECTABLE THROUGH A SMALL GLOBAL DISTORTION OF NULL	AN APPROXIMATE TRAJECTORY CAN CORRESPOND TO A NEARBY TRUE TRAJECTORY	S-174	M-697	S-174:Rare/weak regime	M-697:Hyperbolic regime	passive inference/diagnostic	certificate/exact	cross-domain; moderate semantic bridge; donor operator/certificate bonus; same-theory lexical penalty
828	4.904627384305838	IM-181	IM-092	M	E	0.004767135560888976	0.0	0.0	INTERROGATE AN INACCESSIBLE INTERIOR THROUGH CONTROLLED BOUNDARY INPUTS AND BOUNDARY RESPONSES	ACTION CAN CHANGE MACHINE THAT GENERATES FUTURE PREFERENCES/INCENTIVES	M-431; M-432	E-020; E-394; E-395	M-431: PDE boundary access; M-432: Elliptic PDE	E-020:Experience accumulation | E-394:Consumption memory | E-395:Habit stock dynamics	active control/decision	bound	cross-domain; moderate semantic bridge; donor operator/certificate bonus; same-theory lexical penalty
829	4.90456442525041	IM-311	IM-240	S	E	0.0047603438683069725	0.0	0.0	MANY SIGNALS CAN BE INDIVIDUALLY UNDETECTABLE YET COLLECTIVELY DETECTABLE THROUGH A SMALL GLOBAL DISTORTION OF NULL	A RAW SCORE/RANKING MAY BE UNIMPLEMENTABLE; FLATTEN NONMONOTONE REGIONS UNTIL DECISION RULE SATISFIES INCENTIVES	S-174	E-349	S-174:Rare/weak regime	E-349:Incentive compatibility	passive inference/diagnostic	certificate/exact	cross-domain; moderate semantic bridge; donor operator/certificate bonus; same-theory lexical penalty
830	4.904496723483168	IM-216	IM-365	M	E	0.044562604914893306	0.0	0.0	PROPAGATE FUTURE CONSEQUENCE BACKWARD TO PRICE TODAY’S LOCAL ACTION	AN UNPRICED EXTERNAL EFFECT CAN BE INTERNALIZED BY ADDING ITS MARGINAL SOCIAL COST TO THE PRIVATE DECISION	M-255	E-049; E-201	M-255: Quantity of interest	E-049:External cost/benefit measurable | E-201:Externality measurement	active control/decision	local	cross-domain; moderate semantic bridge; donor operator/certificate bonus; same-theory lexical penalty
831	4.904256740328158	IM-249	IM-334	M	S	0.004727144513867386	0.0	0.0	REPLACE AN INACCESSIBLE INTERIOR SOURCE BY A BOUNDARY-EQUIVALENT SOURCE THAT PRESERVES EXTERNAL OBSERVABLES	AN ACTION CAN HAVE TWO VALUES AT ONCE: CURRENT PAYOFF AND INFORMATION ABOUT FUTURE PAYOFFS	M-655	S-042; S-043; S-044	M-655:Potential equivalence	S-042:Reward feedback | S-043:Bayesian model | S-044:Concentration assumptions	passive inference/diagnostic	bound	cross-domain; moderate semantic bridge; donor operator/certificate bonus; same-theory lexical penalty
832	4.904165297333754	IM-196	IM-008	M	E	0.004717275233759149	0.0	0.0	RECOVERY CAN HAVE A SHARP COMPLEXITY–MEASUREMENT GEOMETRY BOUNDARY	EXPOSURE ≠ AUTHORITY ≠ INFORMATION ≠ LIQUIDITY	M-279; M-280	E-945; E-946; E-947; E-948; E-949; E-950; E-951; E-952; E-953; E-954; E-955; E-956; E-957; E-958; E-959; E-960; E-774; E-775; E-749; E-750	M-279: Sparsity + measurement geometry; M-280: Sparse signal class	E-945:Rival licensees excluded | E-946:Multiple licensees | E-947:Contractual scope | E-948:Territorial restriction | E-949:Delegated licensing | E-950:Commercialization discipline | E-951:Verifiable development event | E-952:Inventor moral hazard | E-953:Startup licensee | E-954:Strategic acquisition | E-955:Dormant license | E-956:Performance contingency | E-957:Follow-on innovation | E-958:Multiple essential patents | E-959:Fragmented IP rights | E-960:Regulatory intervention | E-774:Incomplete contracts | E-775:Verifiable performance | E-749:Multiple voting classes | E-750:Disproportionate rights	passive inference/diagnostic	bound	cross-domain; moderate semantic bridge; donor operator/certificate bonus; same-theory lexical penalty
833	4.903766899850448	IM-359	IM-190	E	S	0.04730043418428691	0.13333333333333333	0.0	CONTROL THE INFORMATION STRUCTURE RATHER THAN THE STATE TO CHANGE ANOTHER DECISION-MAKER'S ACTION	WHEN YOU CHOOSE TO LOOK CAN ITSELF REVEAL INFORMATION ABOUT THE HIDDEN STATE	E-401	S-874; S-875	E-401:Sender commitment to information structure	S-874: Irregular follow-up; S-875: Inspection process	information/measurement control	none-explicit	cross-domain; moderate semantic bridge; donor operator/certificate bonus; same-theory lexical penalty
834	4.903467997853435	IM-265	IM-190	M	S	0.04121003071131539	0.07692307692307693	0.0	WHEN THE PROCESS ITSELF IS UNCONTROLLABLE, TIMING OF EXIT CAN STILL BE THE CONTROL VARIABLE	WHEN YOU CHOOSE TO LOOK CAN ITSELF REVEAL INFORMATION ABOUT THE HIDDEN STATE	M-341; M-343	S-874; S-875	M-341:Stochastic process + stopping rule | M-343:Markov optimal stopping	S-874: Irregular follow-up; S-875: Inspection process	active control/decision	none-explicit	cross-domain; moderate semantic bridge; donor operator/certificate bonus; same-theory lexical penalty
835	4.903291296540617	IM-196	IM-400	M	P	0.02836958359098618	0.0	0.0	RECOVERY CAN HAVE A SHARP COMPLEXITY–MEASUREMENT GEOMETRY BOUNDARY	AN INVASION ADVANCES THROUGH THE CURRENTLY ACCESSIBLE FRONTIER BY SELECTING ITS LOWEST ENTRY BARRIER	M-279; M-280	P-486;P-487	M-279: Sparsity + measurement geometry; M-280: Sparse signal class	see canonical 4000-record inventory	passive inference/diagnostic	bound	cross-domain; moderate semantic bridge; donor operator/certificate bonus; same-theory lexical penalty
836	4.902906032746337	IM-325	IM-341	M	S	0.014775902489687347	0.0	0.0	MONOTONE POLICY RESPONSE CAN BE CERTIFIED FROM COMPLEMENTARITY/ORDER STRUCTURE WITHOUT RESOLVING EVERY PARAMETER VALUE	WHEN THE THEORETICAL NULL IS CONTAMINATED, THE BULK OF THE DATA CAN BE USED TO RE-ESTIMATE THE NULL BASELINE	M-866; M-867; M-869; M-874; M-880	S-175	M-866:Complementary coordinates | M-867:Ordered action × parameter | M-869:Lattice optimization | M-874:Set-valued optimization | M-880:Nondifferentiable/discrete optimization	S-175:Many-tests structure	active control/decision	certificate/exact	cross-domain; moderate semantic bridge; donor operator/certificate bonus; same-theory lexical penalty
837	4.902518741705777	IM-225	IM-364	M	E	0.004539366013314457	0.0	0.0	DEPENDENT SEQUENTIAL DATA CAN STILL HAVE SHARP DEVIATION GUARANTEES IF SURPRISES AND PREDICTABLE VARIANCE ARE CONTROLLED	DECENTRALIZATION TRADES A LOCAL INFORMATION ADVANTAGE AGAINST OBJECTIVE MISALIGNMENT	M-311; M-313	E-231; E-232	M-311:Martingale difference structure | M-313:Martingale variance process	E-231:Information distribution | E-232:Misaligned incentives	active control/decision	certificate/exact	cross-domain; moderate semantic bridge; donor operator/certificate bonus; same-theory lexical penalty
838	4.902106950397831	IM-325	IM-140	M	P	0.004494813012357505	0.0	0.0	MONOTONE POLICY RESPONSE CAN BE CERTIFIED FROM COMPLEMENTARITY/ORDER STRUCTURE WITHOUT RESOLVING EVERY PARAMETER VALUE	A CONSERVED/ACCUMULATING BURDEN CAN SELF-QUENCH GROWTH UNLESS A BOUNDARY EXPORT CHANNEL REMOVES IT	M-866; M-867; M-869; M-874; M-880	P-796; P-798	M-866:Complementary coordinates | M-867:Ordered action × parameter | M-869:Lattice optimization | M-874:Set-valued optimization | M-880:Nondifferentiable/discrete optimization	P-796:High conductivity | P-798:Open boundaries	active control/decision	certificate/exact	cross-domain; moderate semantic bridge; donor operator/certificate bonus; same-theory lexical penalty
839	4.902033092223999	IM-225	IM-351	M	E	0.01469161916955496	0.0	0.0	DEPENDENT SEQUENTIAL DATA CAN STILL HAVE SHARP DEVIATION GUARANTEES IF SURPRISES AND PREDICTABLE VARIANCE ARE CONTROLLED	EARLY EXIT CAN BECOME SELF-FULFILLING WHEN CLAIMS ARE LIQUID BUT THE ASSET BASE IS NOT	M-311; M-313	E-022; E-096	M-311:Martingale difference structure | M-313:Martingale variance process	E-022:Strategic complementarity + liquidity transformation | E-096:Sequential withdrawal/liquidity	active control/decision	certificate/exact	cross-domain; moderate semantic bridge; donor operator/certificate bonus; same-theory lexical penalty
840	4.9018457065819305	IM-328	IM-286	M	P	0.039498583356349926	0.0625	0.0	LOCAL AVERAGING/ELLIPTIC CONSTRAINTS CAN FORCE GLOBAL EXTREMES TO THE BOUNDARY	A LOCAL DEFECT CAN CREATE AN ALLOWED LOCALIZED STATE INSIDE A BULK-FORBIDDEN REGIME	M-028; M-641; M-642	P-556	M-028:PDE/order structure | M-641:Laplace-type equilibrium | M-642:Harmonic domain	P-556:Periodic structure + defect	mechanism/structural	bound;local	cross-domain; moderate semantic bridge; donor operator/certificate bonus; same-theory lexical penalty
841	4.901719423624632	IM-265	IM-088	M	P	0.032432044395242145	0.0	0.0	WHEN THE PROCESS ITSELF IS UNCONTROLLABLE, TIMING OF EXIT CAN STILL BE THE CONTROL VARIABLE	BOUNDARY IS NOT FIXED; STATE INCLUDES WHERE BOUNDARY IS	M-341; M-343	P-355	M-341:Stochastic process + stopping rule | M-343:Markov optimal stopping	P-355:Moving phase boundary	active control/decision	none-explicit	cross-domain; moderate semantic bridge; donor operator/certificate bonus; same-theory lexical penalty
842	4.901341880218807	IM-149	IM-180	P	M	0.0324008476867068	0.0	0.0	RETURN CONTROL PARAMETERS TO THEIR STARTING VALUES AND STILL ACCUMULATE A NET EFFECT	UNIQUE RECOVERY CAN HAVE A GEOMETRIC/TIME COVERAGE THRESHOLD, NOT JUST NOISE OR SAMPLE-SIZE THRESHOLD	P-079; P-331; P-332; P-334; P-335	M-433; M-434	P-079:Adiabatic/cyclic geometry | P-331:Gap + cyclic path | P-332:Adiabatic topology | P-334:Periodic stochastic driving | P-335:Adiabatic cyclic control	M-433: PDE/control geometry; M-434: Measurement geometry	active control/decision	none-explicit	cross-domain; moderate semantic bridge; donor operator/certificate bonus; same-theory lexical penalty
843	4.900812983845736	IM-086	IM-211	M	S	0.03235713267088764	0.0	0.0	DISCRETE OBSERVED STATES CAN BE CREATED BY OBSERVATION RULE, NOT DISCRETE REAL STATES	DON'T COMMIT TO ONE DYNAMICAL MODEL TOO EARLY; CARRY A MODEL BANK AND UPDATE MODEL PROBABILITIES	M-681; M-682; M-687; M-689; M-694	S-110	M-681:Partitioned state space | M-682:Dynamical partition | M-687:Hyperbolic dynamics | M-689:Many-to-one dynamics map | M-694:Measure dynamics	S-110: Finite model bank	passive inference/diagnostic	none-explicit	cross-domain; moderate semantic bridge; donor operator/certificate bonus; same-theory lexical penalty
844	4.900715779592954	IM-338	IM-242	S	M	0.03234909690997896	0.0	0.0	SEQUENTIAL WEAK LEARNERS CAN BECOME STRONG BY TARGETING THE RESIDUAL LEFT BY EARLIER LEARNERS	SATISFY SEVERAL GLOBAL CONSTRAINT FAMILIES BY ALTERNATELY REPAIRING ONE AT A TIME	S-155	M-100; M-159	S-155:Additive learner	M-100:Set geometry/convergence conditions | M-159:Convex sets	mechanism/structural	certificate/exact	cross-domain; moderate semantic bridge; donor operator/certificate bonus; same-theory lexical penalty
845	4.900027412167207	IM-272	IM-219	S	P	0.03229217693882134	0.0	0.0	MANY TINY SAME-DIRECTION ERRORS CAN BECOME STRONG EVIDENCE THROUGH ACCUMULATION EVEN WHEN NO SINGLE OBSERVATION IS ABNORMAL	A SYSTEM’S ARROW OF TIME CAN BE VISIBLE IN FORWARD/REVERSE PATH PROBABILITIES EVEN WHEN MACRO STATE IS STATIONARY	S-333	P-121; P-124; P-125	S-333:Sequential change detection	P-121: Nonequilibrium drive; P-124: Stochastic thermodynamics; P-125: Nonequilibrium path probabilities	passive inference/diagnostic	none-explicit	cross-domain; moderate semantic bridge; donor operator/certificate bonus; same-theory lexical penalty
846	4.898657553937686	IM-208	IM-237	M	S	0.047668246977359954	0.058823529411764705	0.14285714285714285	A NON-MARKOV OBSERVED PROCESS CAN BECOME MARKOV AFTER ADDING THE RIGHT MEMORY VARIABLE	A HUGE COUPLED ESTIMATION ALGORITHM CAN HAVE LOW-DIMENSIONAL ERROR DYNAMICS IN THE RIGHT RANDOM REGIME	M-121; M-122	S-913	M-121: Markovization; M-122: Duration dependence	S-913:AMP asymptotics	passive inference/diagnostic	none-explicit	cross-domain; moderate semantic bridge; donor operator/certificate bonus; same-theory lexical penalty
847	4.898483611853887	IM-325	IM-364	M	E	0.00410176307904528	0.0	0.0	MONOTONE POLICY RESPONSE CAN BE CERTIFIED FROM COMPLEMENTARITY/ORDER STRUCTURE WITHOUT RESOLVING EVERY PARAMETER VALUE	DECENTRALIZATION TRADES A LOCAL INFORMATION ADVANTAGE AGAINST OBJECTIVE MISALIGNMENT	M-866; M-867; M-869; M-874; M-880	E-231; E-232	M-866:Complementary coordinates | M-867:Ordered action × parameter | M-869:Lattice optimization | M-874:Set-valued optimization | M-880:Nondifferentiable/discrete optimization	E-231:Information distribution | E-232:Misaligned incentives	active control/decision	certificate/exact	cross-domain; moderate semantic bridge; donor operator/certificate bonus; same-theory lexical penalty
848	4.898388761732403	IM-181	IM-056	M	S	0.004091449023470271	0.0	0.0	INTERROGATE AN INACCESSIBLE INTERIOR THROUGH CONTROLLED BOUNDARY INPUTS AND BOUNDARY RESPONSES	CLUSTERING DOES NOT IDENTIFY THE INTERACTION THAT CREATED IT	M-431; M-432	S-602; S-603; S-608; S-612	M-431: PDE boundary access; M-432: Elliptic PDE	S-602:Spatially varying intensity | S-603:Latent intensity field | S-608:Interacting point pattern | S-612:Second-order spatial dependence	active control/decision	bound	cross-domain; moderate semantic bridge; donor operator/certificate bonus; same-theory lexical penalty
849	4.898256637130604	IM-249	IM-347	M	S	0.004077079585427239	0.0	0.0	REPLACE AN INACCESSIBLE INTERIOR SOURCE BY A BOUNDARY-EQUIVALENT SOURCE THAT PRESERVES EXTERNAL OBSERVABLES	ENVIRONMENT CHANGES CAN HELP IDENTIFY CAUSAL RELATIONS BY REVEALING WHICH CONDITIONAL LAWS STAY INVARIANT	M-655	S-235	M-655:Potential equivalence	S-235:Multiple environments	passive inference/diagnostic	bound	cross-domain; moderate semantic bridge; donor operator/certificate bonus; same-theory lexical penalty
850	4.897878978924288	IM-206	IM-338	M	S	0.0040359930040563255	0.0	0.0	INFER LONG-TIME BEHAVIOR FROM TRANSFORM BEHAVIOR NEAR A BOUNDARY/LOW FREQUENCY	SEQUENTIAL WEAK LEARNERS CAN BECOME STRONG BY TARGETING THE RESIDUAL LEFT BY EARLIER LEARNERS	M-125; M-126	S-155	M-125: Regularity assumptions; M-126: Summability structure	S-155:Additive learner	passive inference/diagnostic	bound;local	cross-domain; moderate semantic bridge; donor operator/certificate bonus; same-theory lexical penalty
851	4.897378483165512	IM-206	IM-092	M	E	0.003981511201495608	0.0	0.0	INFER LONG-TIME BEHAVIOR FROM TRANSFORM BEHAVIOR NEAR A BOUNDARY/LOW FREQUENCY	ACTION CAN CHANGE MACHINE THAT GENERATES FUTURE PREFERENCES/INCENTIVES	M-125; M-126	E-020; E-394; E-395	M-125: Regularity assumptions; M-126: Summability structure	E-020:Experience accumulation | E-394:Consumption memory | E-395:Habit stock dynamics	passive inference/diagnostic	bound;local	cross-domain; moderate semantic bridge; donor operator/certificate bonus; same-theory lexical penalty
852	4.896934117213963	IM-311	IM-283	S	E	0.012468929332170932	0.058823529411764705	0.0	MANY SIGNALS CAN BE INDIVIDUALLY UNDETECTABLE YET COLLECTIVELY DETECTABLE THROUGH A SMALL GLOBAL DISTORTION OF NULL	A TINY INFORMATION-ACQUISITION FRICTION CAN DESTROY SEARCH ENTIRELY THROUGH EQUILIBRIUM FEEDBACK	S-174	E-480	S-174:Rare/weak regime	E-480:Sequential price search	passive inference/diagnostic	certificate/exact	cross-domain; moderate semantic bridge; donor operator/certificate bonus; same-theory lexical penalty
853	4.8966510763843925	IM-225	IM-361	M	E	0.0039022649953160096	0.0	0.0	DEPENDENT SEQUENTIAL DATA CAN STILL HAVE SHARP DEVIATION GUARANTEES IF SURPRISES AND PREDICTABLE VARIANCE ARE CONTROLLED	VOLUNTARY VERIFIABLE DISCLOSURE CAN UNRAVEL RECURSIVELY FROM THE BEST TYPE DOWNWARD	M-311; M-313	E-410	M-311:Martingale difference structure | M-313:Martingale variance process	E-410:Ordered types + verifiable info	active control/decision	certificate/exact	cross-domain; moderate semantic bridge; donor operator/certificate bonus; same-theory lexical penalty
854	4.896565095380222	IM-325	IM-089	M	E	0.0315443038830543	0.0	0.05555555555555555	MONOTONE POLICY RESPONSE CAN BE CERTIFIED FROM COMPLEMENTARITY/ORDER STRUCTURE WITHOUT RESOLVING EVERY PARAMETER VALUE	COMPLEMENTARY PARTS CANNOT GENERALLY SUBSTITUTE; PARTIAL SUCCESS MAY BE WORTHLESS	M-866; M-867; M-869; M-874; M-880	E-501; E-514	M-866:Complementary coordinates | M-867:Ordered action × parameter | M-869:Lattice optimization | M-874:Set-valued optimization | M-880:Nondifferentiable/discrete optimization	E-501:Near-zero substitution | E-514:Strong complementarity	active control/decision	certificate/exact	cross-domain; moderate semantic bridge; donor operator/certificate bonus; same-theory lexical penalty
855	4.896165361697901	IM-206	IM-364	M	E	0.0038493073397100164	0.0	0.0	INFER LONG-TIME BEHAVIOR FROM TRANSFORM BEHAVIOR NEAR A BOUNDARY/LOW FREQUENCY	DECENTRALIZATION TRADES A LOCAL INFORMATION ADVANTAGE AGAINST OBJECTIVE MISALIGNMENT	M-125; M-126	E-231; E-232	M-125: Regularity assumptions; M-126: Summability structure	E-231:Information distribution | E-232:Misaligned incentives	passive inference/diagnostic	bound;local	cross-domain; moderate semantic bridge; donor operator/certificate bonus; same-theory lexical penalty
856	4.895941429045847	IM-325	IM-054	M	S	0.003824880469160586	0.0	0.0	MONOTONE POLICY RESPONSE CAN BE CERTIFIED FROM COMPLEMENTARITY/ORDER STRUCTURE WITHOUT RESOLVING EVERY PARAMETER VALUE	FREEZE NUISANCE INFORMATION → MOVE ONLY INSIDE REMAINING FIBER	M-866; M-867; M-869; M-874; M-880	S-770; S-771	M-866:Complementary coordinates | M-867:Ordered action × parameter | M-869:Lattice optimization | M-874:Set-valued optimization | M-880:Nondifferentiable/discrete optimization	S-770:Conditional inference | S-771:Exponential-family structure	active control/decision	certificate/exact	cross-domain; moderate semantic bridge; donor operator/certificate bonus; same-theory lexical penalty
857	4.894280613020538	IM-225	IM-355	M	E	0.0036434909999771563	0.0	0.0	DEPENDENT SEQUENTIAL DATA CAN STILL HAVE SHARP DEVIATION GUARANTEES IF SURPRISES AND PREDICTABLE VARIANCE ARE CONTROLLED	EXISTING SENIOR CLAIMS CAN CAPTURE THE UPSIDE OF A GOOD NEW PROJECT AND KILL THE INVESTMENT INCENTIVE	M-311; M-313	E-091	M-311:Martingale difference structure | M-313:Martingale variance process	E-091:Existing claims	active control/decision	certificate/exact	cross-domain; moderate semantic bridge; donor operator/certificate bonus; same-theory lexical penalty
858	4.894026414064379	IM-181	IM-256	M	S	0.0036156929696525577	0.0	0.0	INTERROGATE AN INACCESSIBLE INTERIOR THROUGH CONTROLLED BOUNDARY INPUTS AND BOUNDARY RESPONSES	A REPRESENTATION CAN THROW AWAY MOST RAW DETAIL YET PRESERVE ALL INFORMATION RELEVANT TO ONE TARGET	M-431; M-432	S-008	M-431: PDE boundary access; M-432: Elliptic PDE	S-008:“Information” is target/model specific	active control/decision	bound	cross-domain; moderate semantic bridge; donor operator/certificate bonus; same-theory lexical penalty
859	4.893387710292479	IM-249	IM-402	M	P	0.027522734886979025	0.0	0.0	REPLACE AN INACCESSIBLE INTERIOR SOURCE BY A BOUNDARY-EQUIVALENT SOURCE THAT PRESERVES EXTERNAL OBSERVABLES	ANISOTROPY OR RELATIVE DRIFT STORES FREE ENERGY THAT CAN TURN A SMALL COLLECTIVE MODE INTO A GROWING INSTABILITY	M-655	P-512;P-513;P-514;P-515;P-516	M-655:Potential equivalence	see canonical 4000-record inventory	passive inference/diagnostic	bound	cross-domain; moderate semantic bridge; donor operator/certificate bonus; same-theory lexical penalty
860	4.893212158210598	IM-181	IM-302	M	P	0.003526586611034316	0.0	0.0	INTERROGATE AN INACCESSIBLE INTERIOR THROUGH CONTROLLED BOUNDARY INPUTS AND BOUNDARY RESPONSES	PASSIVE SPONTANEOUS FLUCTUATIONS CAN REVEAL HOW THE SYSTEM WILL RESPOND TO A SMALL ACTIVE PERTURBATION	M-431; M-432	P-102	M-431: PDE boundary access; M-432: Elliptic PDE	P-102:Equilibrium/time-reversal conditions	active control/decision	bound	cross-domain; moderate semantic bridge; donor operator/certificate bonus; same-theory lexical penalty
861	4.893156190636088	IM-249	IM-375	M	P	0.02750286831562549	0.0	0.0	REPLACE AN INACCESSIBLE INTERIOR SOURCE BY A BOUNDARY-EQUIVALENT SOURCE THAT PRESERVES EXTERNAL OBSERVABLES	MOBILE DEGREES OF FREEDOM CAN REARRANGE THEMSELVES TO ATTENUATE A LONG-RANGE INFLUENCE	M-655	P-021; P-048	M-655:Potential equivalence	P-021:Mobile compensating degrees of freedom | P-048:Mobile response	passive inference/diagnostic	bound	cross-domain; moderate semantic bridge; donor operator/certificate bonus; same-theory lexical penalty
862	4.8931532417941135	IM-311	IM-302	S	P	0.012094351635652763	0.058823529411764705	0.0	MANY SIGNALS CAN BE INDIVIDUALLY UNDETECTABLE YET COLLECTIVELY DETECTABLE THROUGH A SMALL GLOBAL DISTORTION OF NULL	PASSIVE SPONTANEOUS FLUCTUATIONS CAN REVEAL HOW THE SYSTEM WILL RESPOND TO A SMALL ACTIVE PERTURBATION	S-174	P-102	S-174:Rare/weak regime	P-102:Equilibrium/time-reversal conditions	passive inference/diagnostic	certificate/exact	cross-domain; moderate semantic bridge; donor operator/certificate bonus; same-theory lexical penalty
863	4.892881349338339	IM-271	IM-223	S	M	0.03879025183534761	0.0625	0.0	RESIDUAL DEPENDENCE AFTER CONDITIONING ON LATENT STATE IS EVIDENCE THE STATE REPRESENTATION IS INCOMPLETE	ENFORCE A HARD STATE CONSTRAINT WITH MINIMUM NECESSARY CORRECTION AND TRACK THAT CORRECTION SEPARATELY	S-332; S-855	M-329	S-332:Latent-variable model | S-855:Violated local independence	M-329:Hard state constraint	mechanism/structural	certificate/exact	cross-domain; moderate semantic bridge; donor operator/certificate bonus; same-theory lexical penalty
864	4.8928366605332165	IM-237	IM-231	S	M	0.05697467567990487	0.05555555555555555	0.0	A HUGE COUPLED ESTIMATION ALGORITHM CAN HAVE LOW-DIMENSIONAL ERROR DYNAMICS IN THE RIGHT RANDOM REGIME	UNDER THE RIGHT CONVEX SHELL, GLOBAL FEASIBILITY CAN BE CERTIFIED BY CHECKING ONLY SMALL SUBSETS	S-913	M-199	S-913:AMP asymptotics	M-199:Finite-dimensional convexity	passive inference/diagnostic	probabilistic	cross-domain; moderate semantic bridge; donor operator/certificate bonus; same-theory lexical penalty
865	4.892724650838696	IM-265	IM-339	M	S	0.031686859554503205	0.0	0.0	WHEN THE PROCESS ITSELF IS UNCONTROLLABLE, TIMING OF EXIT CAN STILL BE THE CONTROL VARIABLE	A SCORE CAN MAKE HONEST PROBABILITY REPORTING OPTIMAL	M-341; M-343	S-159	M-341:Stochastic process + stopping rule | M-343:Markov optimal stopping	S-159:Probabilistic forecasts	active control/decision	none-explicit	cross-domain; moderate semantic bridge; donor operator/certificate bonus; same-theory lexical penalty
866	4.892297886530933	IM-236	IM-078	S	P	0.031651402045018186	0.0	0.0	ITERATIVE SELF-FEEDBACK CREATES CORRELATED RESIDUALS; ADD A CORRECTION THAT CANCELS MEMORY OF PREVIOUS ITERATION	STATE DETERIORATES → NEW CONSTRAINTS ACTIVATE → FREEDOM FALLS → FURTHER DETERIORATION	S-911; S-912	P-680; P-880	S-911:Random high-dimensional design | S-912:AMP	P-680:Dense particulate system | P-880:Coupled degradation	mechanism/structural	certificate/exact	cross-domain; moderate semantic bridge; donor operator/certificate bonus; same-theory lexical penalty
867	4.892272102594765	IM-249	IM-153	M	P	0.034730881877461026	0.0625	0.0	REPLACE AN INACCESSIBLE INTERIOR SOURCE BY A BOUNDARY-EQUIVALENT SOURCE THAT PRESERVES EXTERNAL OBSERVABLES	SMALL DIRECTIONAL ASYMMETRY REPEATED THROUGH THE BULK CAN ACCUMULATE INTO MACROSCOPIC BOUNDARY PILE-UP	M-655	P-329; P-330	M-655:Potential equivalence	P-329:Nonequilibrium interactions | P-330:Non-Hermitian lattice	passive inference/diagnostic	bound	cross-domain; moderate semantic bridge; donor operator/certificate bonus; same-theory lexical penalty
868	4.891657869909627	IM-325	IM-260	M	S	0.010709292104289177	0.05	0.0	MONOTONE POLICY RESPONSE CAN BE CERTIFIED FROM COMPLEMENTARITY/ORDER STRUCTURE WITHOUT RESOLVING EVERY PARAMETER VALUE	A DECISION RULE CAN SUCCEED WITHOUT IDENTIFYING THE TRUE WORLD IF ITS CUMULATIVE LOSS TRACKS A STRONG COMPARATOR	M-866; M-867; M-869; M-874; M-880	S-222	M-866:Complementary coordinates | M-867:Ordered action × parameter | M-869:Lattice optimization | M-874:Set-valued optimization | M-880:Nondifferentiable/discrete optimization	S-222:Comparator class	active control/decision	certificate/exact	cross-domain; moderate semantic bridge; donor operator/certificate bonus; same-theory lexical penalty
869	4.891048026974675	IM-254	IM-198	M	P	0.06210182309519866	0.0	0.0	THE SAME OBJECT CAN HAVE TWO DUAL COORDINATE SYSTEMS IN WHICH DIFFERENT OPERATIONS BECOME SIMPLE	CORRELATION/PHASE STRUCTURE CAN MAKE MANY UNITS EMIT FAR MORE OR FAR LESS THAN THE SUM OF INDEPENDENT UNITS	M-273	P-273; P-274	M-273:Information geometry	P-273: Cooperative phase coherence; P-274: Collective destructive interference	mechanism/structural	certificate/exact	cross-domain; moderate semantic bridge; donor operator/certificate bonus; same-theory lexical penalty
870	4.890669342300939	IM-311	IM-269	S	M	0.01358766224066731	0.0	0.0	MANY SIGNALS CAN BE INDIVIDUALLY UNDETECTABLE YET COLLECTIVELY DETECTABLE THROUGH A SMALL GLOBAL DISTORTION OF NULL	A RARE MACRO EVENT IS OFTEN CONTROLLED BY THE LEAST-COST ATYPICAL PATH, NOT TYPICAL FLUCTUATIONS	S-174	M-115; M-156	S-174:Rare/weak regime	M-115:Asymptotic exponential scaling | M-156:Path-space LDP	passive inference/diagnostic	certificate/exact	cross-domain; moderate semantic bridge; donor operator/certificate bonus; same-theory lexical penalty
871	4.890489143206043	IM-115	IM-107	M	S	0.03782811617228998	0.05555555555555555	0.0	CERTIFY LARGE INTERCONNECTED SYSTEM FROM MODULE-LEVEL INPUT–OUTPUT BUDGETS WITHOUT FULL INTERNAL MODEL	WHEN DATA DO NOT POINT-IDENTIFY, CORRECT ANSWER MAY BE LARGE/DISCONNECTED/UNBOUNDED SET	M-459; M-460	S-131; S-136; S-447	M-459:Storage/supply rate | M-460:Robust control	S-131:Weak assumptions | S-136:Partial identification | S-447:Weak/nonidentification	mechanism/structural	certificate/exact	cross-domain; moderate semantic bridge; donor operator/certificate bonus; same-theory lexical penalty
872	4.890095319005704	IM-068	IM-214	E	M	0.03146825457242717	0.0	0.0	CURRENT OUTPUT CAN LOOK NORMAL WHILE HIDDEN PIPELINE/RESERVOIR GUARANTEES DIFFERENT FUTURE	A CERTIFICATE CAN LOOK CORRECT ALGEBRAICALLY YET BE INVALID BECAUSE LOCAL CONSTRAINT GEOMETRY IS DEGENERATE	E-739; E-740	M-525; M-526; M-527	E-739:Construction/installation lag | E-740:Multi-stage construction	M-525: Differentiable constrained optimization; M-526: Local constraint geometry; M-527: Convex optimization	mechanism/structural	certificate/exact	cross-domain; moderate semantic bridge; donor operator/certificate bonus; same-theory lexical penalty
873	4.890041192995652	IM-267	IM-094	M	E	0.05102641741819689	0.07142857142857142	0.0	THE VALUE OF PERFECT FUTURE INFORMATION CAN BE BOUNDED WITHOUT HAVING THAT INFORMATION	LIMITED INFORMATION CAPACITY SHOULD BE SPENT ON DISTINCTIONS THAT CAN CHANGE DECISION	M-345	E-100; E-458	M-345:Sequential selection	E-100:Information-processing constraint | E-458:Information cost	mechanism/structural	bound	cross-domain; moderate semantic bridge; donor operator/certificate bonus; same-theory lexical penalty
874	4.889334795354417	IM-181	IM-093	M	E	0.003100947769799335	0.0	0.0	INTERROGATE AN INACCESSIBLE INTERIOR THROUGH CONTROLLED BOUNDARY INPUTS AND BOUNDARY RESPONSES	COSTLY INFORMATION + FREE COPYING FROM OUTPUT → PERFECT REVELATION CAN DESTROY INCENTIVE TO CREATE INFO	M-431; M-432	E-456; E-457	M-431: PDE boundary access; M-432: Elliptic PDE	E-456:Informational markets | E-457:Costly information	active control/decision	bound	cross-domain; moderate semantic bridge; donor operator/certificate bonus; same-theory lexical penalty
875	4.889014151452183	IM-007	IM-008	S	E	0.07726537474528816	0.0	0.014492753623188406	VALIDATOR IS NOT TRUTH ORACLE	EXPOSURE ≠ AUTHORITY ≠ INFORMATION ≠ LIQUIDITY	S-961; S-962; S-963; S-964; S-965; S-966; S-967; S-968; S-969; S-970; S-971; S-972; S-973; S-974; S-975; S-976; S-977; S-978; S-979; S-980; S-661; S-662; S-663; S-664; S-665; S-666; S-667; S-668; S-669; S-670; S-671; S-672; S-673; S-674; S-941; S-942; S-943; S-944; S-945; S-946; S-947; S-948; S-949; S-950; S-951; S-952; S-953; S-954; S-955; S-956; S-957; S-958; S-959; S-960	E-945; E-946; E-947; E-948; E-949; E-950; E-951; E-952; E-953; E-954; E-955; E-956; E-957; E-958; E-959; E-960; E-774; E-775; E-749; E-750	S-961:Diagnostic evaluation | S-962:Latent binary state | S-963:Population heterogeneity assumptions | S-964:Latent-class diagnostics | S-965:Shared residual mechanism | S-966:Dependent diagnostics | S-967:Misclassified reference | S-968:Selective verification | S-969:Multiple reference standards | S-970:Post-hoc verification | S-971:No single gold standard | S-972:Hidden disease status | S-973:Shared accuracy across groups | S-974:Latent diagnostic model | S-975:Bayesian weak identification | S-976:Replicate tests | S-977:Sequential diagnostics | S-978:Dynamic latent state | S-979:Covariate-dependent error | S-980:Assumption-sensitive latent model | S-661:High-quality identifiers | S-662:Noisy identifiers | S-663:Pair classification | S-664:Record pairs | S-665:Fellegi–Sunter model | S-666:Decision thresholds | S-667:Large files | S-668:Approximate ordering | S-669:Multi-record identity | S-670:Bipartite identity constraint | S-671:Probabilistic identity model | S-672:Two-stage analysis | S-673:Within-file duplicates | S-674:Noisy text fields | S-941:Probability sample | S-942:Convenience/web/admin sample | S-943:Shared covariates | S-944:Data-source selection | S-945:Estimated source propensity | S-946:Shared auxiliary variables | S-947:Reference survey | S-948:X$ modelini öğren; probability sample’daki units’in $Y$’lerini predict/impute et \| Outcome transportability | S-949:Flexible outcome relation | S-950:X$ relation nonprobability source’dan probability-target population’a taşınabiliyor varsay \| Cross-source stability | S-951:Nonprobability selection | S-952:Support overlap | S-953:Two nuisance models | S-954:Probability + nonprobability sources | S-955:Unknown selection | S-956:X$ model target’a taşınmıyorsa mass-imputation bias’ını quantify et \| Model transport failure | S-957:Observable benchmark | S-958:Unequal integration weights | S-959:Hybrid inference | S-960:Data fusion	E-945:Rival licensees excluded | E-946:Multiple licensees | E-947:Contractual scope | E-948:Territorial restriction | E-949:Delegated licensing | E-950:Commercialization discipline | E-951:Verifiable development event | E-952:Inventor moral hazard | E-953:Startup licensee | E-954:Strategic acquisition | E-955:Dormant license | E-956:Performance contingency | E-957:Follow-on innovation | E-958:Multiple essential patents | E-959:Fragmented IP rights | E-960:Regulatory intervention | E-774:Incomplete contracts | E-775:Verifiable performance | E-749:Multiple voting classes | E-750:Disproportionate rights	mechanism/structural	none-explicit	cross-domain; moderate semantic bridge; donor operator/certificate bonus; same-theory lexical penalty
876	4.888631253986284	IM-196	IM-059	M	S	0.02514127008159304	0.09090909090909091	0.0	RECOVERY CAN HAVE A SHARP COMPLEXITY–MEASUREMENT GEOMETRY BOUNDARY	REFERENCE MEASUREMENT IS ANOTHER SENSOR, NOT AUTOMATICALLY TRUTH	M-279; M-280	S-961; S-967	M-279: Sparsity + measurement geometry; M-280: Sparse signal class	S-961:Diagnostic evaluation | S-967:Misclassified reference	passive inference/diagnostic	bound	cross-domain; moderate semantic bridge; donor operator/certificate bonus; same-theory lexical penalty
877	4.887782493657745	IM-295	IM-137	M	P	0.03127567028948437	0.0	0.0	EFFECTIVE REDUNDANCY HAS AN EXACT DUAL: MAX DISJOINT ROUTES = MINIMUM SEPARATOR	A FORBIDDEN TOPOLOGY CHANGE CAN BECOME ALLOWED IN A SPECIAL LAYER AND RELEASE STORED POTENTIAL	M-375	P-508; P-520	M-375:Graph connectivity	P-508:Nonideal plasma layer | P-520:Ideal MHD	mechanism/structural	certificate/exact	cross-domain; moderate semantic bridge; donor operator/certificate bonus; same-theory lexical penalty
878	4.887661323610612	IM-181	IM-121	M	S	0.027030409180817234	0.0	0.0	INTERROGATE AN INACCESSIBLE INTERIOR THROUGH CONTROLLED BOUNDARY INPUTS AND BOUNDARY RESPONSES	DESIGN EVIDENCE OBJECT TO REMAIN VALID UNDER DATA-DEPENDENT STOPPING	M-431; M-432	S-089; S-227; S-395	M-431: PDE boundary access; M-432: Elliptic PDE	S-089:Sequentially valid evidence | S-227:Sequential validity | S-395:E-values/test martingales	active control/decision	bound	cross-domain; moderate semantic bridge; donor operator/certificate bonus; same-theory lexical penalty
879	4.887489741976738	IM-282	IM-170	E	P	0.09515971653970251	0.0	0.0	NOMINAL COMMITMENTS CAN EXCEED PHYSICAL CAPACITY WHEN ONLY A RANDOM SUBSET MATERIALIZES — AT COST OF OVERFLOW RISK	SUCCESS DEPENDS ON COMPLETING TRANSPORT/REACTION BEFORE A FINITE LIFETIME OR RESIDENCE CLOCK EXPIRES	E-465; E-466	P-465; P-466	E-465:No-show uncertainty | E-466:Random show-up	P-465: Reaction vs transport times; P-466: Timescale ratio	mechanism/structural	probabilistic	cross-domain; moderate semantic bridge; donor operator/certificate bonus; same-theory lexical penalty
880	4.887353886817736	IM-325	IM-008	M	E	0.006410050409425082	0.0	0.04081632653061224	MONOTONE POLICY RESPONSE CAN BE CERTIFIED FROM COMPLEMENTARITY/ORDER STRUCTURE WITHOUT RESOLVING EVERY PARAMETER VALUE	EXPOSURE ≠ AUTHORITY ≠ INFORMATION ≠ LIQUIDITY	M-866; M-867; M-869; M-874; M-880	E-945; E-946; E-947; E-948; E-949; E-950; E-951; E-952; E-953; E-954; E-955; E-956; E-957; E-958; E-959; E-960; E-774; E-775; E-749; E-750	M-866:Complementary coordinates | M-867:Ordered action × parameter | M-869:Lattice optimization | M-874:Set-valued optimization | M-880:Nondifferentiable/discrete optimization	E-945:Rival licensees excluded | E-946:Multiple licensees | E-947:Contractual scope | E-948:Territorial restriction | E-949:Delegated licensing | E-950:Commercialization discipline | E-951:Verifiable development event | E-952:Inventor moral hazard | E-953:Startup licensee | E-954:Strategic acquisition | E-955:Dormant license | E-956:Performance contingency | E-957:Follow-on innovation | E-958:Multiple essential patents | E-959:Fragmented IP rights | E-960:Regulatory intervention | E-774:Incomplete contracts | E-775:Verifiable performance | E-749:Multiple voting classes | E-750:Disproportionate rights	active control/decision	certificate/exact	cross-domain; moderate semantic bridge; donor operator/certificate bonus; same-theory lexical penalty
881	4.887011128711995	IM-127	IM-219	S	P	0.031211378737343136	0.0	0.0	WHEN TWO ACTIONS ALMOST EQUALLY GOOD, ESTIMATED BEST ACTION CAN BE UNSTABLE EVEN IF VALUE IS STABLE	A SYSTEM’S ARROW OF TIME CAN BE VISIBLE IN FORWARD/REVERSE PATH PROBABILITIES EVEN WHEN MACRO STATE IS STATIONARY	S-738	P-121; P-124; P-125	S-738:Near-zero treatment contrast	P-121: Nonequilibrium drive; P-124: Stochastic thermodynamics; P-125: Nonequilibrium path probabilities	active control/decision	none-explicit	cross-domain; moderate semantic bridge; donor operator/certificate bonus; same-theory lexical penalty
882	4.8867604680750105	IM-311	IM-230	S	M	0.013204960821721057	0.0	0.0	MANY SIGNALS CAN BE INDIVIDUALLY UNDETECTABLE YET COLLECTIVELY DETECTABLE THROUGH A SMALL GLOBAL DISTORTION OF NULL	LOSSLESS LOW-DIMENSIONAL REPRESENTATION CAN BE IMPOSSIBLE EVEN WITH ZERO NOISE: TOPOLOGY CAN FORCE COLLISIONS	S-174	M-196	S-174:Rare/weak regime	M-196:Continuous map sphere→lower dimension	passive inference/diagnostic	certificate/exact	cross-domain; moderate semantic bridge; donor operator/certificate bonus; same-theory lexical penalty
883	4.886561323700336	IM-181	IM-363	M	E	0.0027951286395525507	0.0	0.0	INTERROGATE AN INACCESSIBLE INTERIOR THROUGH CONTROLLED BOUNDARY INPUTS AND BOUNDARY RESPONSES	RAISING PRICE CAN FAIL TO CLEAR A MARKET BECAUSE PRICE CHANGES THE QUALITY OR BEHAVIOR OF WHO REMAINS	M-431; M-432	E-090	M-431: PDE boundary access; M-432: Elliptic PDE	E-090:Adverse selection/moral hazard	active control/decision	bound	cross-domain; moderate semantic bridge; donor operator/certificate bonus; same-theory lexical penalty
884	4.8862140156358524	IM-325	IM-363	M	E	0.0027567517270395115	0.0	0.0	MONOTONE POLICY RESPONSE CAN BE CERTIFIED FROM COMPLEMENTARITY/ORDER STRUCTURE WITHOUT RESOLVING EVERY PARAMETER VALUE	RAISING PRICE CAN FAIL TO CLEAR A MARKET BECAUSE PRICE CHANGES THE QUALITY OR BEHAVIOR OF WHO REMAINS	M-866; M-867; M-869; M-874; M-880	E-090	M-866:Complementary coordinates | M-867:Ordered action × parameter | M-869:Lattice optimization | M-874:Set-valued optimization | M-880:Nondifferentiable/discrete optimization	E-090:Adverse selection/moral hazard	active control/decision	certificate/exact	cross-domain; moderate semantic bridge; donor operator/certificate bonus; same-theory lexical penalty
885	4.885897694061092	IM-311	IM-448	S	M	0.03308013539034817	0.05263157894736842	0.0	MANY SIGNALS CAN BE INDIVIDUALLY UNDETECTABLE YET COLLECTIVELY DETECTABLE THROUGH A SMALL GLOBAL DISTORTION OF NULL	SOME SOURCE METRICS FORCE UNAVOIDABLE DISTORTION IN EVERY REPRESENTATION INSIDE A SIMPLER TARGET GEOMETRY	S-174	M-841;M-842;M-843;M-844;M-845;M-846;M-847;M-848;M-849;M-850;M-851;M-852;M-853;M-854;M-855;M-856;M-857;M-858;M-859;M-860	S-174:Rare/weak regime	see canonical 4000-record inventory	passive inference/diagnostic	certificate/exact	cross-domain; moderate semantic bridge; donor operator/certificate bonus; same-theory lexical penalty
886	4.885271982886907	IM-216	IM-236	M	S	0.031066311242596432	0.0	0.0	PROPAGATE FUTURE CONSEQUENCE BACKWARD TO PRICE TODAY’S LOCAL ACTION	ITERATIVE SELF-FEEDBACK CREATES CORRELATED RESIDUALS; ADD A CORRECTION THAT CANCELS MEMORY OF PREVIOUS ITERATION	M-255	S-911; S-912	M-255: Quantity of interest	S-911:Random high-dimensional design | S-912:AMP	active control/decision	local	cross-domain; moderate semantic bridge; donor operator/certificate bonus; same-theory lexical penalty
887	4.885271982886907	IM-236	IM-216	S	M	0.031066311242596432	0.0	0.0	ITERATIVE SELF-FEEDBACK CREATES CORRELATED RESIDUALS; ADD A CORRECTION THAT CANCELS MEMORY OF PREVIOUS ITERATION	PROPAGATE FUTURE CONSEQUENCE BACKWARD TO PRICE TODAY’S LOCAL ACTION	S-911; S-912	M-255	S-911:Random high-dimensional design | S-912:AMP	M-255: Quantity of interest	mechanism/structural	certificate/exact	cross-domain; moderate semantic bridge; donor operator/certificate bonus; same-theory lexical penalty
888	4.8842882946104	IM-325	IM-296	M	E	0.0025436348421840156	0.0	0.0	MONOTONE POLICY RESPONSE CAN BE CERTIFIED FROM COMPLEMENTARITY/ORDER STRUCTURE WITHOUT RESOLVING EVERY PARAMETER VALUE	TRANSFER/CLIP THE DOWNSIDE AND AN AGENT MAY RATIONALLY SEEK MORE VARIANCE	M-866; M-867; M-869; M-874; M-880	E-710	M-866:Complementary coordinates | M-867:Ordered action × parameter | M-869:Lattice optimization | M-874:Set-valued optimization | M-880:Nondifferentiable/discrete optimization	E-710:Limited liability	active control/decision	certificate/exact	cross-domain; moderate semantic bridge; donor operator/certificate bonus; same-theory lexical penalty
889	4.884201434157836	IM-224	IM-270	M	S	0.05059067027160481	0.0	0.0	CERTIFY STOCHASTIC STABILITY BY SHOWING ONE BADNESS FUNCTION HAS NEGATIVE EXPECTED DRIFT OUTSIDE A CORE REGION	LATENT SCORES ARE NOT COMPARABLE ACROSS GROUPS/TIME IF THE MEASUREMENT MAP ITSELF CHANGES	M-331	S-330; S-331	M-331:Markov dynamics	S-330:Measurement fairness/invariance | S-331:Multi-group latent model	mechanism/structural	certificate/exact	cross-domain; moderate semantic bridge; donor operator/certificate bonus; same-theory lexical penalty
890	4.883253669582016	IM-359	IM-341	E	S	0.05051988281771571	0.0	0.0	CONTROL THE INFORMATION STRUCTURE RATHER THAN THE STATE TO CHANGE ANOTHER DECISION-MAKER'S ACTION	WHEN THE THEORETICAL NULL IS CONTAMINATED, THE BULK OF THE DATA CAN BE USED TO RE-ESTIMATE THE NULL BASELINE	E-401	S-175	E-401:Sender commitment to information structure	S-175:Many-tests structure	information/measurement control	none-explicit	cross-domain; moderate semantic bridge; donor operator/certificate bonus; same-theory lexical penalty
891	4.883022818258936	IM-129	IM-375	S	P	0.11706869775004769	0.0	0.0	ONE ANALYSIS PATH IS NOT THE EVIDENCE; MAP RESULT OVER ALL DEFENSIBLE ANALYSIS PATHS	MOBILE DEGREES OF FREEDOM CAN REARRANGE THEMSELVES TO ATTENUATE A LONG-RANGE INFLUENCE	S-440	P-021; P-048	S-440:Researcher degrees of freedom	P-021:Mobile compensating degrees of freedom | P-048:Mobile response	mechanism/structural	none-explicit	cross-domain; moderate semantic bridge; donor operator/certificate bonus; same-theory lexical penalty
892	4.882985000110194	IM-181	IM-368	M	P	0.0023990839398109775	0.0	0.0	INTERROGATE AN INACCESSIBLE INTERIOR THROUGH CONTROLLED BOUNDARY INPUTS AND BOUNDARY RESPONSES	CURVATURE/CHEMICAL-POTENTIAL DIFFERENCES CAN MOVE MATERIAL FROM SMALL STRUCTURES TO LARGE ONES, GROWING THE CHARACTERISTIC SCALE	M-431; M-432	P-082; P-083; P-149	M-431: PDE boundary access; M-432: Elliptic PDE	P-082:Interfacial energetics | P-083:Diffusive mass transport | P-149:Interfacial dynamics	active control/decision	bound	cross-domain; moderate semantic bridge; donor operator/certificate bonus; same-theory lexical penalty
893	4.882692041395039	IM-097	IM-220	E	P	0.0651145223414937	0.0	0.0	MORE INPUT/CAPACITY/FEWER CONSTRAINTS CAN MAKE GLOBAL OUTCOME WORSE	INFER AN EQUILIBRIUM STATE DIFFERENCE FROM NONEQUILIBRIUM DRIVEN TRAJECTORIES	E-108; E-127; E-206	P-126; P-127	E-108:Multiple interacting wedges | E-127:Noncooperative routing | E-206:Elastic demand/general equilibrium	P-126: Initial equilibrium; P-127: Microscopic reversibility	mechanism/structural	none-explicit	cross-domain; moderate semantic bridge; donor operator/certificate bonus; same-theory lexical penalty
894	4.882254993094925	IM-325	IM-191	M	S	0.0023180049970503796	0.0	0.0	MONOTONE POLICY RESPONSE CAN BE CERTIFIED FROM COMPLEMENTARITY/ORDER STRUCTURE WITHOUT RESOLVING EVERY PARAMETER VALUE	LATENT COMPONENT NAMES MAY BE PURE SYMMETRY; A NAMED HIDDEN CLASS IS NOT AUTOMATICALLY AN IDENTIFIED ENTITY	M-866; M-867; M-869; M-874; M-880	S-269; S-270	M-866:Complementary coordinates | M-867:Ordered action × parameter | M-869:Lattice optimization | M-874:Set-valued optimization | M-880:Nondifferentiable/discrete optimization	S-269: Structural conditions; S-270: Symmetry	active control/decision	certificate/exact	cross-domain; moderate semantic bridge; donor operator/certificate bonus; same-theory lexical penalty
895	4.882081480992815	IM-178	IM-303	M	P	0.030799770081956182	0.0	0.0	STATE IMPORTANCE SHOULD BE MEASURED BY HOW STRONGLY IT CONNECTS PAST INPUT TO FUTURE OUTPUT	A MACRO TRANSPORT COEFFICIENT CAN BE RECOVERED FROM TIME-INTEGRATED MEMORY OF MICROSCOPIC SPONTANEOUS CURRENTS	M-423; M-424; M-425; M-426	P-104	M-423: Stable linear system; M-424: Stability + Hankel singular values; M-425: Input-output linear system; M-426: Stable system	P-104:Equilibrium statistical mechanics	passive inference/diagnostic	none-explicit	cross-domain; moderate semantic bridge; donor operator/certificate bonus; same-theory lexical penalty
896	4.8817742197328045	IM-225	IM-337	M	S	0.026522181073600066	0.0	0.0	DEPENDENT SEQUENTIAL DATA CAN STILL HAVE SHARP DEVIATION GUARANTEES IF SURPRISES AND PREDICTABLE VARIANCE ARE CONTROLLED	AVERAGING MANY LEARNERS HELPS ONLY TO THE EXTENT THEIR ERRORS ARE NOT COMMON-MODE	M-311; M-313	S-153; S-154	M-311:Martingale difference structure | M-313:Martingale variance process	S-153:Resampling stability | S-154:Ensemble diversity	active control/decision	certificate/exact	cross-domain; moderate semantic bridge; donor operator/certificate bonus; same-theory lexical penalty
897	4.881283801461841	IM-267	IM-359	M	E	0.03786928478716298	0.0625	0.0	THE VALUE OF PERFECT FUTURE INFORMATION CAN BE BOUNDED WITHOUT HAVING THAT INFORMATION	CONTROL THE INFORMATION STRUCTURE RATHER THAN THE STATE TO CHANGE ANOTHER DECISION-MAKER'S ACTION	M-345	E-401	M-345:Sequential selection	E-401:Sender commitment to information structure	mechanism/structural	bound	cross-domain; moderate semantic bridge; donor operator/certificate bonus; same-theory lexical penalty
898	4.8810813875689405	IM-311	IM-052	S	M	0.011404361154148035	0.0625	0.0	MANY SIGNALS CAN BE INDIVIDUALLY UNDETECTABLE YET COLLECTIVELY DETECTABLE THROUGH A SMALL GLOBAL DISTORTION OF NULL	NO IMPROVING LOCAL EXCHANGE → GLOBAL OPTIMUM ONLY UNDER SPECIAL EXCHANGE GEOMETRY	S-174	M-787; M-788; M-789; M-790; M-791; M-792; M-793; M-794	S-174:Rare/weak regime	M-787:Conserved integer resource | M-788:Variable total resource | M-789:Discrete allocation | M-790:Matroid bases | M-791:Integer convex duality | M-792:Discrete convex function | M-793:M-convex landscape | M-794:Exchange neighborhood	passive inference/diagnostic	certificate/exact	cross-domain; moderate semantic bridge; donor operator/certificate bonus; same-theory lexical penalty
899	4.881064159118864	IM-278	IM-236	M	S	0.10144576571208924	0.16666666666666666	0.0	ALTERNATING LOCAL CORRECTIONS MAY NEED A MEMORY OF PREVIOUS CORRECTION ERROR TO CONVERGE TO RIGHT GLOBAL OBJECT	ITERATIVE SELF-FEEDBACK CREATES CORRELATED RESIDUALS; ADD A CORRECTION THAT CANCELS MEMORY OF PREVIOUS ITERATION	M-159	S-911; S-912	M-159:Convex sets	S-911:Random high-dimensional design | S-912:AMP	mechanism/structural	local	cross-domain; moderate semantic bridge; donor operator/certificate bonus; same-theory lexical penalty
900	4.8798680750340235	IM-086	IM-367	M	P	0.03061454210736754	0.0	0.0	DISCRETE OBSERVED STATES CAN BE CREATED BY OBSERVATION RULE, NOT DISCRETE REAL STATES	DYNAMICS CAN SLOW BY ORDERS OF MAGNITUDE WITHOUT A CORRESPONDING ORDINARY STATIC ORDERING TRANSITION	M-681; M-682; M-687; M-689; M-694	P-052	M-681:Partitioned state space | M-682:Dynamical partition | M-687:Hyperbolic dynamics | M-689:Many-to-one dynamics map | M-694:Measure dynamics	P-052:Frustration/complex energy landscape	passive inference/diagnostic	none-explicit	cross-domain; moderate semantic bridge; donor operator/certificate bonus; same-theory lexical penalty
901	4.879198447037323	IM-313	IM-323	P	M	0.03055845331393846	0.0	0.0	SYMMETRY CAN CERTIFY A CONSERVED QUANTITY	CONTINUOUS DYNAMICS CAN SOMETIMES BE ENCODED BY A DISCRETE SYMBOLIC GRAMMAR	P-015	M-681; M-686; M-687	P-015:Action/Lagrangian symmetry	M-681:Partitioned state space | M-686:Markov symbolic dynamics | M-687:Hyperbolic dynamics	mechanism/structural	certificate/exact	cross-domain; moderate semantic bridge; donor operator/certificate bonus; same-theory lexical penalty
902	4.8791006346313335	IM-350	IM-269	E	M	0.05020947039153331	0.0	0.0	AN INFORMED AGENT CAN REVEAL TYPE BY CHOOSING A COSTLY ACTION WHOSE COST DIFFERS ACROSS TYPES	A RARE MACRO EVENT IS OFTEN CONTROLLED BY THE LEAST-COST ATYPICAL PATH, NOT TYPICAL FLUCTUATIONS	E-010; E-115	M-115; M-156	E-010:Incentive compatibility | E-115:Single-crossing	M-115:Asymptotic exponential scaling | M-156:Path-space LDP	active control/decision	none-explicit	cross-domain; moderate semantic bridge; donor operator/certificate bonus; same-theory lexical penalty
903	4.878996341573833	IM-088	IM-323	P	M	0.030541520040790627	0.0	0.0	BOUNDARY IS NOT FIXED; STATE INCLUDES WHERE BOUNDARY IS	CONTINUOUS DYNAMICS CAN SOMETIMES BE ENCODED BY A DISCRETE SYMBOLIC GRAMMAR	P-355	M-681; M-686; M-687	P-355:Moving phase boundary	M-681:Partitioned state space | M-686:Markov symbolic dynamics | M-687:Hyperbolic dynamics	mechanism/structural	bound	cross-domain; moderate semantic bridge; donor operator/certificate bonus; same-theory lexical penalty
904	4.878955871281953	IM-311	IM-238	S	E	0.0019505702052462382	0.0	0.0	MANY SIGNALS CAN BE INDIVIDUALLY UNDETECTABLE YET COLLECTIVELY DETECTABLE THROUGH A SMALL GLOBAL DISTORTION OF NULL	FUTURE VERIFICATION CAN RETROACTIVELY CHANGE AN EARLIER PAYOFF, SO DELAYED INFORMATION CREATES PRESENT INCENTIVES	S-174	E-336	S-174:Rare/weak regime	E-336:Verifiable later information	passive inference/diagnostic	certificate/exact	cross-domain; moderate semantic bridge; donor operator/certificate bonus; same-theory lexical penalty
905	4.878873309005106	IM-170	IM-201	P	M	0.030531210771480105	0.0	0.0	SUCCESS DEPENDS ON COMPLETING TRANSPORT/REACTION BEFORE A FINITE LIFETIME OR RESIDENCE CLOCK EXPIRES	CONDITIONING ON A RARE FUTURE EVENT CREATES A DIFFERENT EFFECTIVE PATH DYNAMICS	P-465; P-466	M-149	P-465: Reaction vs transport times; P-466: Timescale ratio	M-149: Positive harmonic function	active control/decision	none-explicit	cross-domain; moderate semantic bridge; donor operator/certificate bonus; same-theory lexical penalty
906	4.878771832828807	IM-325	IM-142	M	P	0.02626216103936024	0.0	0.0	MONOTONE POLICY RESPONSE CAN BE CERTIFIED FROM COMPLEMENTARITY/ORDER STRUCTURE WITHOUT RESOLVING EVERY PARAMETER VALUE	REPAIR CAN RESTORE LOCAL FUNCTION WHILE INCREASING CUMULATIVE IRREVERSIBLE DAMAGE	M-866; M-867; M-869; M-874; M-880	P-872	M-866:Complementary coordinates | M-867:Ordered action × parameter | M-869:Lattice optimization | M-874:Set-valued optimization | M-880:Nondifferentiable/discrete optimization	P-872:Mechanochemical cycling	active control/decision	certificate/exact	cross-domain; moderate semantic bridge; donor operator/certificate bonus; same-theory lexical penalty
907	4.878536898089192	IM-196	IM-131	M	S	0.0019037880460912797	0.0	0.0	RECOVERY CAN HAVE A SHARP COMPLEXITY–MEASUREMENT GEOMETRY BOUNDARY	INFORMATION NEED NOT ENTER WITH WEIGHT 0 OR 1; LEARNING RATE CAN BE TEMPERED	M-279; M-280	S-430	M-279: Sparsity + measurement geometry; M-280: Sparse signal class	S-430:Model misspecification	passive inference/diagnostic	bound	cross-domain; moderate semantic bridge; donor operator/certificate bonus; same-theory lexical penalty
908	4.878247116789089	IM-225	IM-333	M	S	0.0018714154717044214	0.0	0.0	DEPENDENT SEQUENTIAL DATA CAN STILL HAVE SHARP DEVIATION GUARANTEES IF SURPRISES AND PREDICTABLE VARIANCE ARE CONTROLLED	A HARD ASSIGNMENT THRESHOLD CAN CREATE A LOCAL COMPARISON THAT IS MUCH CLEANER THAN THE GLOBAL POPULATION	M-311; M-313	S-029	M-311:Martingale difference structure | M-313:Martingale variance process	S-029:Continuity/no precise manipulation near cutoff	active control/decision	certificate/exact	cross-domain; moderate semantic bridge; donor operator/certificate bonus; same-theory lexical penalty
909	4.878012172014959	IM-311	IM-159	S	P	0.0018451593607854743	0.0	0.0	MANY SIGNALS CAN BE INDIVIDUALLY UNDETECTABLE YET COLLECTIVELY DETECTABLE THROUGH A SMALL GLOBAL DISTORTION OF NULL	YOU CAN INFER AN INFINITE/LARGE-SYSTEM TRANSITION FROM HOW FINITE SYSTEMS MOVE WITH SIZE	S-174	P-157	S-174:Rare/weak regime	P-157:Scaling hypothesis	passive inference/diagnostic	certificate/exact	cross-domain; moderate semantic bridge; donor operator/certificate bonus; same-theory lexical penalty
910	4.877387038658086	IM-196	IM-280	M	S	0.0017752563138333205	0.0	0.0	RECOVERY CAN HAVE A SHARP COMPLEXITY–MEASUREMENT GEOMETRY BOUNDARY	UNCERTAINTY WIDTH ITSELF CAN BE A FEEDBACK CONTROL VARIABLE USED TO RESTORE A COVERAGE TARGET	M-279; M-280	S-390	M-279: Sparsity + measurement geometry; M-280: Sparse signal class	S-390:Online feedback	passive inference/diagnostic	bound	cross-domain; moderate semantic bridge; donor operator/certificate bonus; same-theory lexical penalty
911	4.877341720819285	IM-341	IM-165	S	P	0.04246889190990635	0.0	0.0	WHEN THE THEORETICAL NULL IS CONTAMINATED, THE BULK OF THE DATA CAN BE USED TO RE-ESTIMATE THE NULL BASELINE	A LARGE-SCALE UNIVERSAL LAW CAN BE CORRECT WHILE MICRO-MECHANISM IDENTIFICATION FROM THAT LAW IS IMPOSSIBLE	S-175	P-158; P-030	S-175:Many-tests structure	P-158: Shared symmetry/dimension/conservation; P-030: Scale separation/controlled approximation	passive inference/diagnostic	none-explicit	cross-domain; moderate semantic bridge; donor operator/certificate bonus; same-theory lexical penalty
912	4.877276952535327	IM-196	IM-238	M	E	0.0017629400938424932	0.0	0.0	RECOVERY CAN HAVE A SHARP COMPLEXITY–MEASUREMENT GEOMETRY BOUNDARY	FUTURE VERIFICATION CAN RETROACTIVELY CHANGE AN EARLIER PAYOFF, SO DELAYED INFORMATION CREATES PRESENT INCENTIVES	M-279; M-280	E-336	M-279: Sparsity + measurement geometry; M-280: Sparse signal class	E-336:Verifiable later information	passive inference/diagnostic	bound	cross-domain; moderate semantic bridge; donor operator/certificate bonus; same-theory lexical penalty
913	4.8771936858294875	IM-196	IM-283	M	E	0.0017536231275157236	0.0	0.0	RECOVERY CAN HAVE A SHARP COMPLEXITY–MEASUREMENT GEOMETRY BOUNDARY	A TINY INFORMATION-ACQUISITION FRICTION CAN DESTROY SEARCH ENTIRELY THROUGH EQUILIBRIUM FEEDBACK	M-279; M-280	E-480	M-279: Sparsity + measurement geometry; M-280: Sparse signal class	E-480:Sequential price search	passive inference/diagnostic	bound	cross-domain; moderate semantic bridge; donor operator/certificate bonus; same-theory lexical penalty
914	4.876559058828878	IM-196	IM-256	M	S	0.0016825773520002512	0.0	0.0	RECOVERY CAN HAVE A SHARP COMPLEXITY–MEASUREMENT GEOMETRY BOUNDARY	A REPRESENTATION CAN THROW AWAY MOST RAW DETAIL YET PRESERVE ALL INFORMATION RELEVANT TO ONE TARGET	M-279; M-280	S-008	M-279: Sparsity + measurement geometry; M-280: Sparse signal class	S-008:“Information” is target/model specific	passive inference/diagnostic	bound	cross-domain; moderate semantic bridge; donor operator/certificate bonus; same-theory lexical penalty
915	4.876530418690864	IM-236	IM-303	S	P	0.0367122459608454	0.05555555555555555	0.0	ITERATIVE SELF-FEEDBACK CREATES CORRELATED RESIDUALS; ADD A CORRECTION THAT CANCELS MEMORY OF PREVIOUS ITERATION	A MACRO TRANSPORT COEFFICIENT CAN BE RECOVERED FROM TIME-INTEGRATED MEMORY OF MICROSCOPIC SPONTANEOUS CURRENTS	S-911; S-912	P-104	S-911:Random high-dimensional design | S-912:AMP	P-104:Equilibrium statistical mechanics	mechanism/structural	certificate/exact	cross-domain; moderate semantic bridge; donor operator/certificate bonus; same-theory lexical penalty
916	4.876503241052864	IM-088	IM-201	P	M	0.030332457639595214	0.0	0.0	BOUNDARY IS NOT FIXED; STATE INCLUDES WHERE BOUNDARY IS	CONDITIONING ON A RARE FUTURE EVENT CREATES A DIFFERENT EFFECTIVE PATH DYNAMICS	P-355	M-149	P-355:Moving phase boundary	M-149: Positive harmonic function	mechanism/structural	bound	cross-domain; moderate semantic bridge; donor operator/certificate bonus; same-theory lexical penalty
917	4.876188916221205	IM-196	IM-302	M	P	0.001641111347505773	0.0	0.0	RECOVERY CAN HAVE A SHARP COMPLEXITY–MEASUREMENT GEOMETRY BOUNDARY	PASSIVE SPONTANEOUS FLUCTUATIONS CAN REVEAL HOW THE SYSTEM WILL RESPOND TO A SMALL ACTIVE PERTURBATION	M-279; M-280	P-102	M-279: Sparsity + measurement geometry; M-280: Sparse signal class	P-102:Equilibrium/time-reversal conditions	passive inference/diagnostic	bound	cross-domain; moderate semantic bridge; donor operator/certificate bonus; same-theory lexical penalty
918	4.875791993694806	IM-311	IM-093	S	E	0.001596621513005649	0.0	0.0	MANY SIGNALS CAN BE INDIVIDUALLY UNDETECTABLE YET COLLECTIVELY DETECTABLE THROUGH A SMALL GLOBAL DISTORTION OF NULL	COSTLY INFORMATION + FREE COPYING FROM OUTPUT → PERFECT REVELATION CAN DESTROY INCENTIVE TO CREATE INFO	S-174	E-456; E-457	S-174:Rare/weak regime	E-456:Informational markets | E-457:Costly information	passive inference/diagnostic	certificate/exact	cross-domain; moderate semantic bridge; donor operator/certificate bonus; same-theory lexical penalty
919	4.875540084462147	IM-311	IM-008	S	E	0.0015683730062300222	0.0	0.0	MANY SIGNALS CAN BE INDIVIDUALLY UNDETECTABLE YET COLLECTIVELY DETECTABLE THROUGH A SMALL GLOBAL DISTORTION OF NULL	EXPOSURE ≠ AUTHORITY ≠ INFORMATION ≠ LIQUIDITY	S-174	E-945; E-946; E-947; E-948; E-949; E-950; E-951; E-952; E-953; E-954; E-955; E-956; E-957; E-958; E-959; E-960; E-774; E-775; E-749; E-750	S-174:Rare/weak regime	E-945:Rival licensees excluded | E-946:Multiple licensees | E-947:Contractual scope | E-948:Territorial restriction | E-949:Delegated licensing | E-950:Commercialization discipline | E-951:Verifiable development event | E-952:Inventor moral hazard | E-953:Startup licensee | E-954:Strategic acquisition | E-955:Dormant license | E-956:Performance contingency | E-957:Follow-on innovation | E-958:Multiple essential patents | E-959:Fragmented IP rights | E-960:Regulatory intervention | E-774:Incomplete contracts | E-775:Verifiable performance | E-749:Multiple voting classes | E-750:Disproportionate rights	passive inference/diagnostic	certificate/exact	cross-domain; moderate semantic bridge; donor operator/certificate bonus; same-theory lexical penalty
920	4.875512340038264	IM-311	IM-140	S	P	0.0015652612052620839	0.0	0.0	MANY SIGNALS CAN BE INDIVIDUALLY UNDETECTABLE YET COLLECTIVELY DETECTABLE THROUGH A SMALL GLOBAL DISTORTION OF NULL	A CONSERVED/ACCUMULATING BURDEN CAN SELF-QUENCH GROWTH UNLESS A BOUNDARY EXPORT CHANNEL REMOVES IT	S-174	P-796; P-798	S-174:Rare/weak regime	P-796:High conductivity | P-798:Open boundaries	passive inference/diagnostic	certificate/exact	cross-domain; moderate semantic bridge; donor operator/certificate bonus; same-theory lexical penalty
921	4.875369303990672	IM-325	IM-148	M	P	0.012080762544343197	0.0	0.0	MONOTONE POLICY RESPONSE CAN BE CERTIFIED FROM COMPLEMENTARITY/ORDER STRUCTURE WITHOUT RESOLVING EVERY PARAMETER VALUE	A VARIABLE CAN BE IRRELEVANT FOR THE MAIN LIMIT YET ESSENTIAL FOR A PARTICULAR OBSERVABLE	M-866; M-867; M-869; M-874; M-880	P-159	M-866:Complementary coordinates | M-867:Ordered action × parameter | M-869:Lattice optimization | M-874:Set-valued optimization | M-880:Nondifferentiable/discrete optimization	P-159:RG structure	active control/decision	certificate/exact	cross-domain; moderate semantic bridge; donor operator/certificate bonus; same-theory lexical penalty
922	4.875015470294445	IM-189	IM-227	S	M	0.03020753952639321	0.0	0.0	RANDOM-TIME OBSERVATION OVERREPRESENTS LONG-LIVED STATES/EPISODES	ORDINARY CLOCK TIME AND ACCUMULATED CONTACT/VISIT TIME AT A BOUNDARY ARE DIFFERENT STATE VARIABLES	S-272	M-317	S-272: Duration-biased sampling	M-317:Continuous semimartingale	passive inference/diagnostic	probabilistic	cross-domain; moderate semantic bridge; donor operator/certificate bonus; same-theory lexical penalty
923	4.875015470294445	IM-227	IM-189	M	S	0.03020753952639321	0.0	0.0	ORDINARY CLOCK TIME AND ACCUMULATED CONTACT/VISIT TIME AT A BOUNDARY ARE DIFFERENT STATE VARIABLES	RANDOM-TIME OBSERVATION OVERREPRESENTS LONG-LIVED STATES/EPISODES	M-317	S-272	M-317:Continuous semimartingale	S-272: Duration-biased sampling	mechanism/structural	bound	cross-domain; moderate semantic bridge; donor operator/certificate bonus; same-theory lexical penalty
924	4.875005995980338	IM-196	IM-169	M	P	0.0015084487323797004	0.0	0.0	RECOVERY CAN HAVE A SHARP COMPLEXITY–MEASUREMENT GEOMETRY BOUNDARY	LOCAL AMPLIFICATION ≠ LOCAL PERSISTENCE: GROWTH CAN BE SWEPT AWAY FASTER THAN IT ACCUMULATES	M-279; M-280	P-370; P-371	M-279: Sparsity + measurement geometry; M-280: Sparse signal class	P-370: Open-flow stability; P-371: Advection + growth	passive inference/diagnostic	bound	cross-domain; moderate semantic bridge; donor operator/certificate bonus; same-theory lexical penalty
925	4.8749446306194155	IM-225	IM-256	M	S	0.0015015607280518966	0.0	0.0	DEPENDENT SEQUENTIAL DATA CAN STILL HAVE SHARP DEVIATION GUARANTEES IF SURPRISES AND PREDICTABLE VARIANCE ARE CONTROLLED	A REPRESENTATION CAN THROW AWAY MOST RAW DETAIL YET PRESERVE ALL INFORMATION RELEVANT TO ONE TARGET	M-311; M-313	S-008	M-311:Martingale difference structure | M-313:Martingale variance process	S-008:“Information” is target/model specific	active control/decision	certificate/exact	cross-domain; moderate semantic bridge; donor operator/certificate bonus; same-theory lexical penalty
926	4.874826115570252	IM-225	IM-159	M	P	0.0014882562389575886	0.0	0.0	DEPENDENT SEQUENTIAL DATA CAN STILL HAVE SHARP DEVIATION GUARANTEES IF SURPRISES AND PREDICTABLE VARIANCE ARE CONTROLLED	YOU CAN INFER AN INFINITE/LARGE-SYSTEM TRANSITION FROM HOW FINITE SYSTEMS MOVE WITH SIZE	M-311; M-313	P-157	M-311:Martingale difference structure | M-313:Martingale variance process	P-157:Scaling hypothesis	active control/decision	certificate/exact	cross-domain; moderate semantic bridge; donor operator/certificate bonus; same-theory lexical penalty
927	4.8746150427052015	IM-225	IM-302	M	P	0.0014645557583700495	0.0	0.0	DEPENDENT SEQUENTIAL DATA CAN STILL HAVE SHARP DEVIATION GUARANTEES IF SURPRISES AND PREDICTABLE VARIANCE ARE CONTROLLED	PASSIVE SPONTANEOUS FLUCTUATIONS CAN REVEAL HOW THE SYSTEM WILL RESPOND TO A SMALL ACTIVE PERTURBATION	M-311; M-313	P-102	M-311:Martingale difference structure | M-313:Martingale variance process	P-102:Equilibrium/time-reversal conditions	active control/decision	certificate/exact	cross-domain; moderate semantic bridge; donor operator/certificate bonus; same-theory lexical penalty
928	4.874562986325337	IM-196	IM-094	M	E	0.001458709491858512	0.0	0.0	RECOVERY CAN HAVE A SHARP COMPLEXITY–MEASUREMENT GEOMETRY BOUNDARY	LIMITED INFORMATION CAPACITY SHOULD BE SPENT ON DISTINCTIONS THAT CAN CHANGE DECISION	M-279; M-280	E-100; E-458	M-279: Sparsity + measurement geometry; M-280: Sparse signal class	E-100:Information-processing constraint | E-458:Information cost	passive inference/diagnostic	bound	cross-domain; moderate semantic bridge; donor operator/certificate bonus; same-theory lexical penalty
929	4.874433632449484	IM-181	IM-011	M	P	0.011987817609926815	0.0	0.0	INTERROGATE AN INACCESSIBLE INTERIOR THROUGH CONTROLLED BOUNDARY INPUTS AND BOUNDARY RESPONSES	SAME MACRO TRAJECTORY ≠ SAME MICRO GRAPH	M-431; M-432	P-813; P-817; P-627; P-628; P-743; P-742; P-967; P-974	M-431: PDE boundary access; M-432: Elliptic PDE	P-813:Controlled cavity Q | P-817:Multimode coherent cavity | P-627:Metastability | P-628:Mass conservation | P-743:Mobile interface | P-742:Switching barrier | P-967:Filamentary switch | P-974:Interfacial transport	active control/decision	bound	cross-domain; moderate semantic bridge; donor operator/certificate bonus; same-theory lexical penalty
930	4.874423468039965	IM-196	IM-093	M	E	0.001443038590663693	0.0	0.0	RECOVERY CAN HAVE A SHARP COMPLEXITY–MEASUREMENT GEOMETRY BOUNDARY	COSTLY INFORMATION + FREE COPYING FROM OUTPUT → PERFECT REVELATION CAN DESTROY INCENTIVE TO CREATE INFO	M-279; M-280	E-456; E-457	M-279: Sparsity + measurement geometry; M-280: Sparse signal class	E-456:Informational markets | E-457:Costly information	passive inference/diagnostic	bound	cross-domain; moderate semantic bridge; donor operator/certificate bonus; same-theory lexical penalty
931	4.874361677612214	IM-311	IM-361	S	E	0.0014360972204223556	0.0	0.0	MANY SIGNALS CAN BE INDIVIDUALLY UNDETECTABLE YET COLLECTIVELY DETECTABLE THROUGH A SMALL GLOBAL DISTORTION OF NULL	VOLUNTARY VERIFIABLE DISCLOSURE CAN UNRAVEL RECURSIVELY FROM THE BEST TYPE DOWNWARD	S-174	E-410	S-174:Rare/weak regime	E-410:Ordered types + verifiable info	passive inference/diagnostic	certificate/exact	cross-domain; moderate semantic bridge; donor operator/certificate bonus; same-theory lexical penalty
932	4.874119609855946	IM-325	IM-351	M	E	0.011956603336847343	0.0	0.0	MONOTONE POLICY RESPONSE CAN BE CERTIFIED FROM COMPLEMENTARITY/ORDER STRUCTURE WITHOUT RESOLVING EVERY PARAMETER VALUE	EARLY EXIT CAN BECOME SELF-FULFILLING WHEN CLAIMS ARE LIQUID BUT THE ASSET BASE IS NOT	M-866; M-867; M-869; M-874; M-880	E-022; E-096	M-866:Complementary coordinates | M-867:Ordered action × parameter | M-869:Lattice optimization | M-874:Set-valued optimization | M-880:Nondifferentiable/discrete optimization	E-022:Strategic complementarity + liquidity transformation | E-096:Sequential withdrawal/liquidity	active control/decision	certificate/exact	cross-domain; moderate semantic bridge; donor operator/certificate bonus; same-theory lexical penalty
933	4.8737718089435145	IM-196	IM-374	M	P	0.0013698027204734793	0.0	0.0	RECOVERY CAN HAVE A SHARP COMPLEXITY–MEASUREMENT GEOMETRY BOUNDARY	REPEATED INDIVIDUALLY SUBCRITICAL LOAD CYCLES CAN GROW A HIDDEN DEFECT UNTIL FAILURE	M-279; M-280	P-233	M-279: Sparsity + measurement geometry; M-280: Sparse signal class	P-233:Cyclic loading	passive inference/diagnostic	bound	cross-domain; moderate semantic bridge; donor operator/certificate bonus; same-theory lexical penalty
934	4.873761695630002	IM-341	IM-279	S	M	0.03010217567308531	0.0	0.0	WHEN THE THEORETICAL NULL IS CONTAMINATED, THE BULK OF THE DATA CAN BE USED TO RE-ESTIMATE THE NULL BASELINE	SOLVE LARGE COUPLED PROBLEMS LOCALLY, THEN USE A SHADOW-PRICE/CONSENSUS SIGNAL TO FORCE AGREEMENT	S-175	M-160	S-175:Many-tests structure	M-160:Separable convex structure	passive inference/diagnostic	none-explicit	cross-domain; moderate semantic bridge; donor operator/certificate bonus; same-theory lexical penalty
935	4.873712811062996	IM-196	IM-338	M	S	0.001363169017817931	0.0	0.0	RECOVERY CAN HAVE A SHARP COMPLEXITY–MEASUREMENT GEOMETRY BOUNDARY	SEQUENTIAL WEAK LEARNERS CAN BECOME STRONG BY TARGETING THE RESIDUAL LEFT BY EARLIER LEARNERS	M-279; M-280	S-155	M-279: Sparsity + measurement geometry; M-280: Sparse signal class	S-155:Additive learner	passive inference/diagnostic	bound	cross-domain; moderate semantic bridge; donor operator/certificate bonus; same-theory lexical penalty
936	4.873561608796141	IM-225	IM-169	M	P	0.0013461653778522303	0.0	0.0	DEPENDENT SEQUENTIAL DATA CAN STILL HAVE SHARP DEVIATION GUARANTEES IF SURPRISES AND PREDICTABLE VARIANCE ARE CONTROLLED	LOCAL AMPLIFICATION ≠ LOCAL PERSISTENCE: GROWTH CAN BE SWEPT AWAY FASTER THAN IT ACCUMULATES	M-311; M-313	P-370; P-371	M-311:Martingale difference structure | M-313:Martingale variance process	P-370: Open-flow stability; P-371: Advection + growth	active control/decision	certificate/exact	cross-domain; moderate semantic bridge; donor operator/certificate bonus; same-theory lexical penalty
937	4.873530478329181	IM-377	IM-291	P	S	0.03008273549082294	0.0	0.0	AN INTERMEDIATE AMOUNT OF NOISE CAN IMPROVE DETECTION OR REGULARITY WHEN ZERO AND LARGE NOISE BOTH PERFORM WORSE	IN SEQUENTIAL DISCOVERY, FUTURE TESTING BUDGET CAN BE A STOCHASTIC STATE CREATED OR DEPLETED BY EARLIER RESULTS	P-065; P-066; P-376; P-377	S-391; S-392	P-065:Threshold/nonlinear system | P-066:Excitable dynamics | P-376:Noise + bistability | P-377:Excitable system	S-391:Sequential multiple testing | S-392:Online error control	passive inference/diagnostic	none-explicit	cross-domain; moderate semantic bridge; donor operator/certificate bonus; same-theory lexical penalty
938	4.873454004646131	IM-216	IM-078	M	P	0.03007630513302203	0.0	0.0	PROPAGATE FUTURE CONSEQUENCE BACKWARD TO PRICE TODAY’S LOCAL ACTION	STATE DETERIORATES → NEW CONSTRAINTS ACTIVATE → FREEDOM FALLS → FURTHER DETERIORATION	M-255	P-680; P-880	M-255: Quantity of interest	P-680:Dense particulate system | P-880:Coupled degradation	active control/decision	local	cross-domain; moderate semantic bridge; donor operator/certificate bonus; same-theory lexical penalty
939	4.873212636165807	IM-249	IM-276	M	S	0.011866389959808914	0.0	0.0	REPLACE AN INACCESSIBLE INTERIOR SOURCE BY A BOUNDARY-EQUIVALENT SOURCE THAT PRESERVES EXTERNAL OBSERVABLES	MILLIONS OF RICH OBSERVATIONS CANNOT OUTGROW A SMALL REFERENCE ANCHOR WHEN THE ANCHOR CONNECTS DATA TO TARGET POPULATION	M-655	S-941; S-960	M-655:Potential equivalence	S-941:Probability sample | S-960:Data fusion	passive inference/diagnostic	bound	cross-domain; moderate semantic bridge; donor operator/certificate bonus; same-theory lexical penalty
940	4.873157689380791	IM-196	IM-363	M	E	0.0013007244211032448	0.0	0.0	RECOVERY CAN HAVE A SHARP COMPLEXITY–MEASUREMENT GEOMETRY BOUNDARY	RAISING PRICE CAN FAIL TO CLEAR A MARKET BECAUSE PRICE CHANGES THE QUALITY OR BEHAVIOR OF WHO REMAINS	M-279; M-280	E-090	M-279: Sparsity + measurement geometry; M-280: Sparse signal class	E-090:Adverse selection/moral hazard	passive inference/diagnostic	bound	cross-domain; moderate semantic bridge; donor operator/certificate bonus; same-theory lexical penalty
941	4.873152277080104	IM-196	IM-364	M	E	0.0013001153620133049	0.0	0.0	RECOVERY CAN HAVE A SHARP COMPLEXITY–MEASUREMENT GEOMETRY BOUNDARY	DECENTRALIZATION TRADES A LOCAL INFORMATION ADVANTAGE AGAINST OBJECTIVE MISALIGNMENT	M-279; M-280	E-231; E-232	M-279: Sparsity + measurement geometry; M-280: Sparse signal class	E-231:Information distribution | E-232:Misaligned incentives	passive inference/diagnostic	bound	cross-domain; moderate semantic bridge; donor operator/certificate bonus; same-theory lexical penalty
942	4.873133084356528	IM-196	IM-361	M	E	0.0012979555217899604	0.0	0.0	RECOVERY CAN HAVE A SHARP COMPLEXITY–MEASUREMENT GEOMETRY BOUNDARY	VOLUNTARY VERIFIABLE DISCLOSURE CAN UNRAVEL RECURSIVELY FROM THE BEST TYPE DOWNWARD	M-279; M-280	E-410	M-279: Sparsity + measurement geometry; M-280: Sparse signal class	E-410:Ordered types + verifiable info	passive inference/diagnostic	bound	cross-domain; moderate semantic bridge; donor operator/certificate bonus; same-theory lexical penalty
943	4.873087068855234	IM-196	IM-362	M	E	0.0012927769612031618	0.0	0.0	RECOVERY CAN HAVE A SHARP COMPLEXITY–MEASUREMENT GEOMETRY BOUNDARY	WHEN PAYOFF DEPENDS ON WHAT OTHERS EXPECT, HIGHER-ORDER BELIEFS CAN DOMINATE FUNDAMENTAL VALUE	M-279; M-280	E-098	M-279: Sparsity + measurement geometry; M-280: Sparse signal class	E-098:Higher-order beliefs	passive inference/diagnostic	bound	cross-domain; moderate semantic bridge; donor operator/certificate bonus; same-theory lexical penalty
944	4.873042778679405	IM-225	IM-093	M	E	0.0012877922517072096	0.0	0.0	DEPENDENT SEQUENTIAL DATA CAN STILL HAVE SHARP DEVIATION GUARANTEES IF SURPRISES AND PREDICTABLE VARIANCE ARE CONTROLLED	COSTLY INFORMATION + FREE COPYING FROM OUTPUT → PERFECT REVELATION CAN DESTROY INCENTIVE TO CREATE INFO	M-311; M-313	E-456; E-457	M-311:Martingale difference structure | M-313:Martingale variance process	E-456:Informational markets | E-457:Costly information	active control/decision	certificate/exact	cross-domain; moderate semantic bridge; donor operator/certificate bonus; same-theory lexical penalty
945	4.87254918284642	IM-148	IM-359	P	E	0.03000019825982502	0.0	0.0	A VARIABLE CAN BE IRRELEVANT FOR THE MAIN LIMIT YET ESSENTIAL FOR A PARTICULAR OBSERVABLE	CONTROL THE INFORMATION STRUCTURE RATHER THAN THE STATE TO CHANGE ANOTHER DECISION-MAKER'S ACTION	P-159	E-401	P-159:RG structure	E-401:Sender commitment to information structure	passive inference/diagnostic	none-explicit	cross-domain; moderate semantic bridge; donor operator/certificate bonus; same-theory lexical penalty
946	4.872423430952173	IM-225	IM-331	M	S	0.0012180542391802386	0.0	0.0	DEPENDENT SEQUENTIAL DATA CAN STILL HAVE SHARP DEVIATION GUARANTEES IF SURPRISES AND PREDICTABLE VARIANCE ARE CONTROLLED	AN EXOGENOUS VARIATION CHANNEL CAN IDENTIFY A CAUSAL EFFECT EVEN WHEN ORDINARY ASSOCIATION IS CONFOUNDED	M-311; M-313	S-027	M-311:Martingale difference structure | M-313:Martingale variance process	S-027:Exclusion/relevance assumptions	active control/decision	certificate/exact	cross-domain; moderate semantic bridge; donor operator/certificate bonus; same-theory lexical penalty
947	4.87236865124495	IM-196	IM-355	M	E	0.001211883167260251	0.0	0.0	RECOVERY CAN HAVE A SHARP COMPLEXITY–MEASUREMENT GEOMETRY BOUNDARY	EXISTING SENIOR CLAIMS CAN CAPTURE THE UPSIDE OF A GOOD NEW PROJECT AND KILL THE INVESTMENT INCENTIVE	M-279; M-280	E-091	M-279: Sparsity + measurement geometry; M-280: Sparse signal class	E-091:Existing claims	passive inference/diagnostic	bound	cross-domain; moderate semantic bridge; donor operator/certificate bonus; same-theory lexical penalty
948	4.872277616554671	IM-225	IM-060	M	S	0.0012016268277625886	0.0	0.0	DEPENDENT SEQUENTIAL DATA CAN STILL HAVE SHARP DEVIATION GUARANTEES IF SURPRISES AND PREDICTABLE VARIANCE ARE CONTROLLED	UNSEEN MASS CAN BE INFERRED FROM PATTERNS OF REPEATED VISIBILITY	M-311; M-313	S-801; S-802; S-803	M-311:Martingale difference structure | M-313:Martingale variance process	S-801:Closed population + independence benchmark | S-802:Repeated partial observation | S-803:Hidden population	active control/decision	certificate/exact	cross-domain; moderate semantic bridge; donor operator/certificate bonus; same-theory lexical penalty
949	4.8721649000630265	IM-196	IM-350	M	E	0.00118892590651306	0.0	0.0	RECOVERY CAN HAVE A SHARP COMPLEXITY–MEASUREMENT GEOMETRY BOUNDARY	AN INFORMED AGENT CAN REVEAL TYPE BY CHOOSING A COSTLY ACTION WHOSE COST DIFFERS ACROSS TYPES	M-279; M-280	E-010; E-115	M-279: Sparsity + measurement geometry; M-280: Sparse signal class	E-010:Incentive compatibility | E-115:Single-crossing	passive inference/diagnostic	bound	cross-domain; moderate semantic bridge; donor operator/certificate bonus; same-theory lexical penalty
950	4.871915254982042	IM-225	IM-363	M	E	0.0011607886593890029	0.0	0.0	DEPENDENT SEQUENTIAL DATA CAN STILL HAVE SHARP DEVIATION GUARANTEES IF SURPRISES AND PREDICTABLE VARIANCE ARE CONTROLLED	RAISING PRICE CAN FAIL TO CLEAR A MARKET BECAUSE PRICE CHANGES THE QUALITY OR BEHAVIOR OF WHO REMAINS	M-311; M-313	E-090	M-311:Martingale difference structure | M-313:Martingale variance process	E-090:Adverse selection/moral hazard	active control/decision	certificate/exact	cross-domain; moderate semantic bridge; donor operator/certificate bonus; same-theory lexical penalty
951	4.871852341752064	IM-225	IM-362	M	E	0.001153696210617156	0.0	0.0	DEPENDENT SEQUENTIAL DATA CAN STILL HAVE SHARP DEVIATION GUARANTEES IF SURPRISES AND PREDICTABLE VARIANCE ARE CONTROLLED	WHEN PAYOFF DEPENDS ON WHAT OTHERS EXPECT, HIGHER-ORDER BELIEFS CAN DOMINATE FUNDAMENTAL VALUE	M-311; M-313	E-098	M-311:Martingale difference structure | M-313:Martingale variance process	E-098:Higher-order beliefs	active control/decision	certificate/exact	cross-domain; moderate semantic bridge; donor operator/certificate bonus; same-theory lexical penalty
952	4.87175702749458	IM-359	IM-383	E	P	0.03543252055814845	0.047619047619047616	0.0	CONTROL THE INFORMATION STRUCTURE RATHER THAN THE STATE TO CHANGE ANOTHER DECISION-MAKER'S ACTION	A SYSTEM CAN ENTER A LESS-STABLE INTERMEDIATE FIRST BECAUSE ITS ACCESS BARRIER IS LOWER THAN THE DIRECT PATH TO THE GLOBAL BEST STATE	E-401	P-357	E-401:Sender commitment to information structure	P-357:Competing kinetic barriers	information/measurement control	none-explicit	cross-domain; moderate semantic bridge; donor operator/certificate bonus; same-theory lexical penalty
953	4.871659457082071	IM-225	IM-347	M	S	0.0011319476637882636	0.0	0.0	DEPENDENT SEQUENTIAL DATA CAN STILL HAVE SHARP DEVIATION GUARANTEES IF SURPRISES AND PREDICTABLE VARIANCE ARE CONTROLLED	ENVIRONMENT CHANGES CAN HELP IDENTIFY CAUSAL RELATIONS BY REVEALING WHICH CONDITIONAL LAWS STAY INVARIANT	M-311; M-313	S-235	M-311:Martingale difference structure | M-313:Martingale variance process	S-235:Multiple environments	active control/decision	certificate/exact	cross-domain; moderate semantic bridge; donor operator/certificate bonus; same-theory lexical penalty
954	4.871521806908076	IM-196	IM-368	M	P	0.0011164234177387516	0.0	0.0	RECOVERY CAN HAVE A SHARP COMPLEXITY–MEASUREMENT GEOMETRY BOUNDARY	CURVATURE/CHEMICAL-POTENTIAL DIFFERENCES CAN MOVE MATERIAL FROM SMALL STRUCTURES TO LARGE ONES, GROWING THE CHARACTERISTIC SCALE	M-279; M-280	P-082; P-083; P-149	M-279: Sparsity + measurement geometry; M-280: Sparse signal class	P-082:Interfacial energetics | P-083:Diffusive mass transport | P-149:Interfacial dynamics	passive inference/diagnostic	bound	cross-domain; moderate semantic bridge; donor operator/certificate bonus; same-theory lexical penalty
955	4.871500935389369	IM-236	IM-293	S	P	0.02991197173758097	0.0	0.0	ITERATIVE SELF-FEEDBACK CREATES CORRELATED RESIDUALS; ADD A CORRECTION THAT CANCELS MEMORY OF PREVIOUS ITERATION	FAST MICRO-MOTION CAN ALTER THE EFFECTIVE SLOW POTENTIAL AND STABILIZE AN OTHERWISE UNSTABLE STATE	S-911; S-912	P-114; P-115	S-911:Random high-dimensional design | S-912:AMP	P-114:High-frequency forcing | P-115:Multi-scale forcing	mechanism/structural	certificate/exact	cross-domain; moderate semantic bridge; donor operator/certificate bonus; same-theory lexical penalty
956	4.871466970496487	IM-189	IM-222	S	P	0.02990911205416627	0.0	0.0	RANDOM-TIME OBSERVATION OVERREPRESENTS LONG-LIVED STATES/EPISODES	RECOVERY TIME CAN DIVERGE BEFORE THE STATE ITSELF VISIBLY COLLAPSES	S-272	P-119; P-120	S-272: Duration-biased sampling	P-119:Near bifurcation/criticality | P-120:Specific transition classes	passive inference/diagnostic	probabilistic	cross-domain; moderate semantic bridge; donor operator/certificate bonus; same-theory lexical penalty
957	4.871399536773068	IM-325	IM-238	M	E	0.0011026312104616045	0.0	0.0	MONOTONE POLICY RESPONSE CAN BE CERTIFIED FROM COMPLEMENTARITY/ORDER STRUCTURE WITHOUT RESOLVING EVERY PARAMETER VALUE	FUTURE VERIFICATION CAN RETROACTIVELY CHANGE AN EARLIER PAYOFF, SO DELAYED INFORMATION CREATES PRESENT INCENTIVES	M-866; M-867; M-869; M-874; M-880	E-336	M-866:Complementary coordinates | M-867:Ordered action × parameter | M-869:Lattice optimization | M-874:Set-valued optimization | M-880:Nondifferentiable/discrete optimization	E-336:Verifiable later information	active control/decision	certificate/exact	cross-domain; moderate semantic bridge; donor operator/certificate bonus; same-theory lexical penalty
958	4.871347883176188	IM-325	IM-283	M	E	0.0010968039121350207	0.0	0.0	MONOTONE POLICY RESPONSE CAN BE CERTIFIED FROM COMPLEMENTARITY/ORDER STRUCTURE WITHOUT RESOLVING EVERY PARAMETER VALUE	A TINY INFORMATION-ACQUISITION FRICTION CAN DESTROY SEARCH ENTIRELY THROUGH EQUILIBRIUM FEEDBACK	M-866; M-867; M-869; M-874; M-880	E-480	M-866:Complementary coordinates | M-867:Ordered action × parameter | M-869:Lattice optimization | M-874:Set-valued optimization | M-880:Nondifferentiable/discrete optimization	E-480:Sequential price search	active control/decision	certificate/exact	cross-domain; moderate semantic bridge; donor operator/certificate bonus; same-theory lexical penalty
959	4.871086523212071	IM-250	IM-088	M	P	0.03866330567798579	0.07692307692307693	0.0	LOCAL SAFE-DIRECTION CONDITIONS AT EVERY BOUNDARY POINT CAN CERTIFY GLOBAL VIABILITY	BOUNDARY IS NOT FIXED; STATE INCLUDES WHERE BOUNDARY IS	M-289; M-290	P-355	M-289:Tangency conditions | M-290:Closed constraint set	P-355:Moving phase boundary	mechanism/structural	certificate/exact;bound;local	cross-domain; moderate semantic bridge; donor operator/certificate bonus; same-theory lexical penalty
960	4.870984317588598	IM-249	IM-455	M	E	0.03921010312269235	0.11764705882352941	0.0	REPLACE AN INACCESSIBLE INTERIOR SOURCE BY A BOUNDARY-EQUIVALENT SOURCE THAT PRESERVES EXTERNAL OBSERVABLES	AN EXTERNAL TRIGGER CAN REPLACE COSTLY OR MANIPULABLE VERIFICATION BUT CREATES BASIS RISK BETWEEN THE PROXY AND REAL LOSS	M-655	E-989;E-990;E-991;E-992;E-993;E-994;E-995;E-996;E-997;E-998;E-999;E-1000	M-655:Potential equivalence	see canonical 4000-record inventory	passive inference/diagnostic	bound	cross-domain; moderate semantic bridge; donor operator/certificate bonus; same-theory lexical penalty
961	4.870954126686861	IM-325	IM-256	M	S	0.001052368318589658	0.0	0.0	MONOTONE POLICY RESPONSE CAN BE CERTIFIED FROM COMPLEMENTARITY/ORDER STRUCTURE WITHOUT RESOLVING EVERY PARAMETER VALUE	A REPRESENTATION CAN THROW AWAY MOST RAW DETAIL YET PRESERVE ALL INFORMATION RELEVANT TO ONE TARGET	M-866; M-867; M-869; M-874; M-880	S-008	M-866:Complementary coordinates | M-867:Ordered action × parameter | M-869:Lattice optimization | M-874:Set-valued optimization | M-880:Nondifferentiable/discrete optimization	S-008:“Information” is target/model specific	active control/decision	certificate/exact	cross-domain; moderate semantic bridge; donor operator/certificate bonus; same-theory lexical penalty
962	4.870724411151521	IM-325	IM-302	M	P	0.0010264333983456592	0.0	0.0	MONOTONE POLICY RESPONSE CAN BE CERTIFIED FROM COMPLEMENTARITY/ORDER STRUCTURE WITHOUT RESOLVING EVERY PARAMETER VALUE	PASSIVE SPONTANEOUS FLUCTUATIONS CAN REVEAL HOW THE SYSTEM WILL RESPOND TO A SMALL ACTIVE PERTURBATION	M-866; M-867; M-869; M-874; M-880	P-102	M-866:Complementary coordinates | M-867:Ordered action × parameter | M-869:Lattice optimization | M-874:Set-valued optimization | M-880:Nondifferentiable/discrete optimization	P-102:Equilibrium/time-reversal conditions	active control/decision	certificate/exact	cross-domain; moderate semantic bridge; donor operator/certificate bonus; same-theory lexical penalty
963	4.870457737221624	IM-225	IM-368	M	P	0.0009963153004294903	0.0	0.0	DEPENDENT SEQUENTIAL DATA CAN STILL HAVE SHARP DEVIATION GUARANTEES IF SURPRISES AND PREDICTABLE VARIANCE ARE CONTROLLED	CURVATURE/CHEMICAL-POTENTIAL DIFFERENCES CAN MOVE MATERIAL FROM SMALL STRUCTURES TO LARGE ONES, GROWING THE CHARACTERISTIC SCALE	M-311; M-313	P-082; P-083; P-149	M-311:Martingale difference structure | M-313:Martingale variance process	P-082:Interfacial energetics | P-083:Diffusive mass transport | P-149:Interfacial dynamics	active control/decision	certificate/exact	cross-domain; moderate semantic bridge; donor operator/certificate bonus; same-theory lexical penalty
964	4.869836822337401	IM-249	IM-067	M	P	0.011529835960469626	0.0	0.0	REPLACE AN INACCESSIBLE INTERIOR SOURCE BY A BOUNDARY-EQUIVALENT SOURCE THAT PRESERVES EXTERNAL OBSERVABLES	BLOCK ONE CHANNEL → ACTIVITY REROUTES INTO ANOTHER CHANNEL	M-655	P-771; P-772	M-655:Potential equivalence	P-771:Supersaturation | P-772:Networked pores	passive inference/diagnostic	bound	cross-domain; moderate semantic bridge; donor operator/certificate bonus; same-theory lexical penalty
965	4.869612898000559	IM-225	IM-453	M	S	0.025465437729451486	0.0	0.0	DEPENDENT SEQUENTIAL DATA CAN STILL HAVE SHARP DEVIATION GUARANTEES IF SURPRISES AND PREDICTABLE VARIANCE ARE CONTROLLED	A FORECAST CAN BE CALIBRATED YET USELESSLY BROAD; SHARPNESS IS VALUABLE ONLY SUBJECT TO CALIBRATION	M-311; M-313	S-921;S-922;S-923;S-924;S-925;S-926;S-927;S-928;S-929;S-930;S-931;S-932;S-933;S-934;S-935;S-936;S-937;S-938;S-939;S-940	M-311:Martingale difference structure | M-313:Martingale variance process	see canonical 4000-record inventory	active control/decision	certificate/exact	cross-domain; moderate semantic bridge; donor operator/certificate bonus; same-theory lexical penalty
966	4.869223242227965	IM-325	IM-374	M	P	0.0008567433669724084	0.0	0.0	MONOTONE POLICY RESPONSE CAN BE CERTIFIED FROM COMPLEMENTARITY/ORDER STRUCTURE WITHOUT RESOLVING EVERY PARAMETER VALUE	REPEATED INDIVIDUALLY SUBCRITICAL LOAD CYCLES CAN GROW A HIDDEN DEFECT UNTIL FAILURE	M-866; M-867; M-869; M-874; M-880	P-233	M-866:Complementary coordinates | M-867:Ordered action × parameter | M-869:Lattice optimization | M-874:Set-valued optimization | M-880:Nondifferentiable/discrete optimization	P-233:Cyclic loading	active control/decision	certificate/exact	cross-domain; moderate semantic bridge; donor operator/certificate bonus; same-theory lexical penalty
967	4.86919610859066	IM-325	IM-331	M	S	0.0008536728936032815	0.0	0.0	MONOTONE POLICY RESPONSE CAN BE CERTIFIED FROM COMPLEMENTARITY/ORDER STRUCTURE WITHOUT RESOLVING EVERY PARAMETER VALUE	AN EXOGENOUS VARIATION CHANNEL CAN IDENTIFY A CAUSAL EFFECT EVEN WHEN ORDINARY ASSOCIATION IS CONFOUNDED	M-866; M-867; M-869; M-874; M-880	S-027	M-866:Complementary coordinates | M-867:Ordered action × parameter | M-869:Lattice optimization | M-874:Set-valued optimization | M-880:Nondifferentiable/discrete optimization	S-027:Exclusion/relevance assumptions	active control/decision	certificate/exact	cross-domain; moderate semantic bridge; donor operator/certificate bonus; same-theory lexical penalty
968	4.869186577499875	IM-325	IM-338	M	S	0.0008525943164093874	0.0	0.0	MONOTONE POLICY RESPONSE CAN BE CERTIFIED FROM COMPLEMENTARITY/ORDER STRUCTURE WITHOUT RESOLVING EVERY PARAMETER VALUE	SEQUENTIAL WEAK LEARNERS CAN BECOME STRONG BY TARGETING THE RESIDUAL LEFT BY EARLIER LEARNERS	M-866; M-867; M-869; M-874; M-880	S-155	M-866:Complementary coordinates | M-867:Ordered action × parameter | M-869:Lattice optimization | M-874:Set-valued optimization | M-880:Nondifferentiable/discrete optimization	S-155:Additive learner	active control/decision	certificate/exact	cross-domain; moderate semantic bridge; donor operator/certificate bonus; same-theory lexical penalty
969	4.8691059586774	IM-338	IM-233	S	M	0.029710171134636795	0.0	0.0	SEQUENTIAL WEAK LEARNERS CAN BECOME STRONG BY TARGETING THE RESIDUAL LEFT BY EARLIER LEARNERS	TWO UNKNOWN LAYERS CAN SOMETIMES BE RECOVERED JOINTLY IF THEY OBEY DIFFERENT STRUCTURAL CONSTRAINTS	S-155	M-174	S-155:Additive learner	M-174:Identifiability constraints	mechanism/structural	certificate/exact	cross-domain; moderate semantic bridge; donor operator/certificate bonus; same-theory lexical penalty
970	4.868781593093605	IM-270	IM-196	S	M	0.03848054365856675	0.07692307692307693	0.0	LATENT SCORES ARE NOT COMPARABLE ACROSS GROUPS/TIME IF THE MEASUREMENT MAP ITSELF CHANGES	RECOVERY CAN HAVE A SHARP COMPLEXITY–MEASUREMENT GEOMETRY BOUNDARY	S-330; S-331	M-279; M-280	S-330:Measurement fairness/invariance | S-331:Multi-group latent model	M-279: Sparsity + measurement geometry; M-280: Sparse signal class	passive inference/diagnostic	none-explicit	cross-domain; moderate semantic bridge; donor operator/certificate bonus; same-theory lexical penalty
971	4.868663030297955	IM-325	IM-347	M	S	0.0007933251299251983	0.0	0.0	MONOTONE POLICY RESPONSE CAN BE CERTIFIED FROM COMPLEMENTARITY/ORDER STRUCTURE WITHOUT RESOLVING EVERY PARAMETER VALUE	ENVIRONMENT CHANGES CAN HELP IDENTIFY CAUSAL RELATIONS BY REVEALING WHICH CONDITIONAL LAWS STAY INVARIANT	M-866; M-867; M-869; M-874; M-880	S-235	M-866:Complementary coordinates | M-867:Ordered action × parameter | M-869:Lattice optimization | M-874:Set-valued optimization | M-880:Nondifferentiable/discrete optimization	S-235:Multiple environments	active control/decision	certificate/exact	cross-domain; moderate semantic bridge; donor operator/certificate bonus; same-theory lexical penalty
972	4.868553512582249	IM-206	IM-369	M	P	0.025372936291224623	0.0	0.0	INFER LONG-TIME BEHAVIOR FROM TRANSFORM BEHAVIOR NEAR A BOUNDARY/LOW FREQUENCY	LOCAL PAIRWISE MERGERS CAN CREATE A FINITE-TIME MACROSCOPIC CONNECTED AGGREGATE	M-125; M-126	P-086; P-087	M-125: Regularity assumptions; M-126: Summability structure	P-086:Collision kernel | P-087:Kernel growth conditions	passive inference/diagnostic	bound;local	cross-domain; moderate semantic bridge; donor operator/certificate bonus; same-theory lexical penalty
973	4.868392010910931	IM-325	IM-344	M	S	0.0007626265113261423	0.0	0.0	MONOTONE POLICY RESPONSE CAN BE CERTIFIED FROM COMPLEMENTARITY/ORDER STRUCTURE WITHOUT RESOLVING EVERY PARAMETER VALUE	WITHIN-UNIT COMPARISONS CAN REMOVE TIME-INVARIANT UNIT-LEVEL CONFOUNDING	M-866; M-867; M-869; M-874; M-880	S-315; S-316	M-866:Complementary coordinates | M-867:Ordered action × parameter | M-869:Lattice optimization | M-874:Set-valued optimization | M-880:Nondifferentiable/discrete optimization	S-315:Transient exposure/effect | S-316:Event-dependent observation assumptions	active control/decision	certificate/exact	cross-domain; moderate semantic bridge; donor operator/certificate bonus; same-theory lexical penalty
974	4.868086115945198	IM-153	IM-270	P	S	0.049384372967376605	0.0	0.0	SMALL DIRECTIONAL ASYMMETRY REPEATED THROUGH THE BULK CAN ACCUMULATE INTO MACROSCOPIC BOUNDARY PILE-UP	LATENT SCORES ARE NOT COMPARABLE ACROSS GROUPS/TIME IF THE MEASUREMENT MAP ITSELF CHANGES	P-329; P-330	S-330; S-331	P-329:Nonequilibrium interactions | P-330:Non-Hermitian lattice	S-330:Measurement fairness/invariance | S-331:Multi-group latent model	mechanism/structural	bound	cross-domain; moderate semantic bridge; donor operator/certificate bonus; same-theory lexical penalty
975	4.866827592295386	IM-357	IM-338	E	S	0.04165192534714722	0.0	0.0	PUBLIC ACTIONS CAN ACCUMULATE UNTIL A NEW AGENT RATIONALLY IGNORES ITS OWN PRIVATE SIGNAL	SEQUENTIAL WEAK LEARNERS CAN BECOME STRONG BY TARGETING THE RESIDUAL LEFT BY EARLIER LEARNERS	E-099	S-155	E-099:Sequential social learning	S-155:Additive learner	active control/decision	none-explicit	cross-domain; moderate semantic bridge; donor operator/certificate bonus; same-theory lexical penalty
976	4.866254207474251	IM-206	IM-213	M	S	0.0251719189653183	0.0	0.0	INFER LONG-TIME BEHAVIOR FROM TRANSFORM BEHAVIOR NEAR A BOUNDARY/LOW FREQUENCY	THE WORLD SEEN FROM A RANDOM EVENT IS NOT THE SAME AS THE WORLD SEEN FROM A RANDOM TIME	M-125; M-126	S-115	M-125: Regularity assumptions; M-126: Summability structure	S-115: Point-process framework	passive inference/diagnostic	bound;local	cross-domain; moderate semantic bridge; donor operator/certificate bonus; same-theory lexical penalty
977	4.865789016916585	IM-206	IM-155	M	P	0.025131207609318147	0.0	0.0	INFER LONG-TIME BEHAVIOR FROM TRANSFORM BEHAVIOR NEAR A BOUNDARY/LOW FREQUENCY	AVERAGE ACTIVITY CAN BE MISLEADING WHEN TRANSPORT/RESPONSE IS CARRIED BY RARE BURSTS OR COHERENT STRUCTURES	M-125; M-126	P-164	M-125: Regularity assumptions; M-126: Summability structure	P-164:Turbulence/multifractality	passive inference/diagnostic	bound;local	cross-domain; moderate semantic bridge; donor operator/certificate bonus; same-theory lexical penalty
978	4.8627390766406595	IM-338	IM-216	S	M	0.029172155490737907	0.0	0.0	SEQUENTIAL WEAK LEARNERS CAN BECOME STRONG BY TARGETING THE RESIDUAL LEFT BY EARLIER LEARNERS	PROPAGATE FUTURE CONSEQUENCE BACKWARD TO PRICE TODAY’S LOCAL ACTION	S-155	M-255	S-155:Additive learner	M-255: Quantity of interest	mechanism/structural	certificate/exact	cross-domain; moderate semantic bridge; donor operator/certificate bonus; same-theory lexical penalty
979	4.862124364848105	IM-377	IM-163	P	M	0.029120091107652124	0.0	0.0	AN INTERMEDIATE AMOUNT OF NOISE CAN IMPROVE DETECTION OR REGULARITY WHEN ZERO AND LARGE NOISE BOTH PERFORM WORSE	PARAMETER/OBJECTIVE SPACE CAN BE PARTITIONED BY WHICH CONSTRAINT/FACE/OPTIMUM IS ACTIVE	P-065; P-066; P-376; P-377	M-531	P-065:Threshold/nonlinear system | P-066:Excitable dynamics | P-376:Noise + bistability | P-377:Excitable system	M-531: Polytope	passive inference/diagnostic	none-explicit	cross-domain; moderate semantic bridge; donor operator/certificate bonus; same-theory lexical penalty
980	4.861692795130892	IM-181	IM-008	M	E	0.0	0.0	0.0	INTERROGATE AN INACCESSIBLE INTERIOR THROUGH CONTROLLED BOUNDARY INPUTS AND BOUNDARY RESPONSES	EXPOSURE ≠ AUTHORITY ≠ INFORMATION ≠ LIQUIDITY	M-431; M-432	E-945; E-946; E-947; E-948; E-949; E-950; E-951; E-952; E-953; E-954; E-955; E-956; E-957; E-958; E-959; E-960; E-774; E-775; E-749; E-750	M-431: PDE boundary access; M-432: Elliptic PDE	E-945:Rival licensees excluded | E-946:Multiple licensees | E-947:Contractual scope | E-948:Territorial restriction | E-949:Delegated licensing | E-950:Commercialization discipline | E-951:Verifiable development event | E-952:Inventor moral hazard | E-953:Startup licensee | E-954:Strategic acquisition | E-955:Dormant license | E-956:Performance contingency | E-957:Follow-on innovation | E-958:Multiple essential patents | E-959:Fragmented IP rights | E-960:Regulatory intervention | E-774:Incomplete contracts | E-775:Verifiable performance | E-749:Multiple voting classes | E-750:Disproportionate rights	active control/decision	bound	cross-domain; moderate semantic bridge; donor operator/certificate bonus; same-theory lexical penalty
981	4.861692795130892	IM-181	IM-054	M	S	0.0	0.0	0.0	INTERROGATE AN INACCESSIBLE INTERIOR THROUGH CONTROLLED BOUNDARY INPUTS AND BOUNDARY RESPONSES	FREEZE NUISANCE INFORMATION → MOVE ONLY INSIDE REMAINING FIBER	M-431; M-432	S-770; S-771	M-431: PDE boundary access; M-432: Elliptic PDE	S-770:Conditional inference | S-771:Exponential-family structure	active control/decision	bound	cross-domain; moderate semantic bridge; donor operator/certificate bonus; same-theory lexical penalty
982	4.861692795130892	IM-181	IM-060	M	S	0.0	0.0	0.0	INTERROGATE AN INACCESSIBLE INTERIOR THROUGH CONTROLLED BOUNDARY INPUTS AND BOUNDARY RESPONSES	UNSEEN MASS CAN BE INFERRED FROM PATTERNS OF REPEATED VISIBILITY	M-431; M-432	S-801; S-802; S-803	M-431: PDE boundary access; M-432: Elliptic PDE	S-801:Closed population + independence benchmark | S-802:Repeated partial observation | S-803:Hidden population	active control/decision	bound	cross-domain; moderate semantic bridge; donor operator/certificate bonus; same-theory lexical penalty
983	4.861692795130892	IM-181	IM-131	M	S	0.0	0.0	0.0	INTERROGATE AN INACCESSIBLE INTERIOR THROUGH CONTROLLED BOUNDARY INPUTS AND BOUNDARY RESPONSES	INFORMATION NEED NOT ENTER WITH WEIGHT 0 OR 1; LEARNING RATE CAN BE TEMPERED	M-431; M-432	S-430	M-431: PDE boundary access; M-432: Elliptic PDE	S-430:Model misspecification	active control/decision	bound	cross-domain; moderate semantic bridge; donor operator/certificate bonus; same-theory lexical penalty
984	4.861692795130892	IM-181	IM-169	M	P	0.0	0.0	0.0	INTERROGATE AN INACCESSIBLE INTERIOR THROUGH CONTROLLED BOUNDARY INPUTS AND BOUNDARY RESPONSES	LOCAL AMPLIFICATION ≠ LOCAL PERSISTENCE: GROWTH CAN BE SWEPT AWAY FASTER THAN IT ACCUMULATES	M-431; M-432	P-370; P-371	M-431: PDE boundary access; M-432: Elliptic PDE	P-370: Open-flow stability; P-371: Advection + growth	active control/decision	bound	cross-domain; moderate semantic bridge; donor operator/certificate bonus; same-theory lexical penalty
985	4.861692795130892	IM-181	IM-333	M	S	0.0	0.0	0.0	INTERROGATE AN INACCESSIBLE INTERIOR THROUGH CONTROLLED BOUNDARY INPUTS AND BOUNDARY RESPONSES	A HARD ASSIGNMENT THRESHOLD CAN CREATE A LOCAL COMPARISON THAT IS MUCH CLEANER THAN THE GLOBAL POPULATION	M-431; M-432	S-029	M-431: PDE boundary access; M-432: Elliptic PDE	S-029:Continuity/no precise manipulation near cutoff	active control/decision	bound	cross-domain; moderate semantic bridge; donor operator/certificate bonus; same-theory lexical penalty
986	4.861692795130892	IM-181	IM-347	M	S	0.0	0.0	0.0	INTERROGATE AN INACCESSIBLE INTERIOR THROUGH CONTROLLED BOUNDARY INPUTS AND BOUNDARY RESPONSES	ENVIRONMENT CHANGES CAN HELP IDENTIFY CAUSAL RELATIONS BY REVEALING WHICH CONDITIONAL LAWS STAY INVARIANT	M-431; M-432	S-235	M-431: PDE boundary access; M-432: Elliptic PDE	S-235:Multiple environments	active control/decision	bound	cross-domain; moderate semantic bridge; donor operator/certificate bonus; same-theory lexical penalty
987	4.861692795130892	IM-181	IM-362	M	E	0.0	0.0	0.0	INTERROGATE AN INACCESSIBLE INTERIOR THROUGH CONTROLLED BOUNDARY INPUTS AND BOUNDARY RESPONSES	WHEN PAYOFF DEPENDS ON WHAT OTHERS EXPECT, HIGHER-ORDER BELIEFS CAN DOMINATE FUNDAMENTAL VALUE	M-431; M-432	E-098	M-431: PDE boundary access; M-432: Elliptic PDE	E-098:Higher-order beliefs	active control/decision	bound	cross-domain; moderate semantic bridge; donor operator/certificate bonus; same-theory lexical penalty
988	4.861692795130892	IM-181	IM-364	M	E	0.0	0.0	0.0	INTERROGATE AN INACCESSIBLE INTERIOR THROUGH CONTROLLED BOUNDARY INPUTS AND BOUNDARY RESPONSES	DECENTRALIZATION TRADES A LOCAL INFORMATION ADVANTAGE AGAINST OBJECTIVE MISALIGNMENT	M-431; M-432	E-231; E-232	M-431: PDE boundary access; M-432: Elliptic PDE	E-231:Information distribution | E-232:Misaligned incentives	active control/decision	bound	cross-domain; moderate semantic bridge; donor operator/certificate bonus; same-theory lexical penalty
989	4.861692795130892	IM-181	IM-374	M	P	0.0	0.0	0.0	INTERROGATE AN INACCESSIBLE INTERIOR THROUGH CONTROLLED BOUNDARY INPUTS AND BOUNDARY RESPONSES	REPEATED INDIVIDUALLY SUBCRITICAL LOAD CYCLES CAN GROW A HIDDEN DEFECT UNTIL FAILURE	M-431; M-432	P-233	M-431: PDE boundary access; M-432: Elliptic PDE	P-233:Cyclic loading	active control/decision	bound	cross-domain; moderate semantic bridge; donor operator/certificate bonus; same-theory lexical penalty
990	4.861692795130892	IM-196	IM-054	M	S	0.0	0.0	0.0	RECOVERY CAN HAVE A SHARP COMPLEXITY–MEASUREMENT GEOMETRY BOUNDARY	FREEZE NUISANCE INFORMATION → MOVE ONLY INSIDE REMAINING FIBER	M-279; M-280	S-770; S-771	M-279: Sparsity + measurement geometry; M-280: Sparse signal class	S-770:Conditional inference | S-771:Exponential-family structure	passive inference/diagnostic	bound	cross-domain; moderate semantic bridge; donor operator/certificate bonus; same-theory lexical penalty
991	4.861692795130892	IM-196	IM-130	M	S	0.0	0.0	0.0	RECOVERY CAN HAVE A SHARP COMPLEXITY–MEASUREMENT GEOMETRY BOUNDARY	BAD MODULE SHOULD NOT CONTAMINATE GOOD MODULE THROUGH FEEDBACK	M-279; M-280	S-426	M-279: Sparsity + measurement geometry; M-280: Sparse signal class	S-426:Modular Bayes	passive inference/diagnostic	bound	cross-domain; moderate semantic bridge; donor operator/certificate bonus; same-theory lexical penalty
992	4.861692795130892	IM-196	IM-240	M	E	0.0	0.0	0.0	RECOVERY CAN HAVE A SHARP COMPLEXITY–MEASUREMENT GEOMETRY BOUNDARY	A RAW SCORE/RANKING MAY BE UNIMPLEMENTABLE; FLATTEN NONMONOTONE REGIONS UNTIL DECISION RULE SATISFIES INCENTIVES	M-279; M-280	E-349	M-279: Sparsity + measurement geometry; M-280: Sparse signal class	E-349:Incentive compatibility	passive inference/diagnostic	bound	cross-domain; moderate semantic bridge; donor operator/certificate bonus; same-theory lexical penalty
993	4.861692795130892	IM-196	IM-296	M	E	0.0	0.0	0.0	RECOVERY CAN HAVE A SHARP COMPLEXITY–MEASUREMENT GEOMETRY BOUNDARY	TRANSFER/CLIP THE DOWNSIDE AND AN AGENT MAY RATIONALLY SEEK MORE VARIANCE	M-279; M-280	E-710	M-279: Sparsity + measurement geometry; M-280: Sparse signal class	E-710:Limited liability	passive inference/diagnostic	bound	cross-domain; moderate semantic bridge; donor operator/certificate bonus; same-theory lexical penalty
994	4.861692795130892	IM-196	IM-360	M	E	0.0	0.0	0.0	RECOVERY CAN HAVE A SHARP COMPLEXITY–MEASUREMENT GEOMETRY BOUNDARY	COSTLESS NONBINDING MESSAGES ARE INFORMATIVE ONLY TO THE EXTENT SENDER AND RECEIVER INCENTIVES ALIGN	M-279; M-280	E-406	M-279: Sparsity + measurement geometry; M-280: Sparse signal class	E-406:Nonbinding communication	passive inference/diagnostic	bound	cross-domain; moderate semantic bridge; donor operator/certificate bonus; same-theory lexical penalty
995	4.861692795130892	IM-206	IM-008	M	E	0.0	0.0	0.0	INFER LONG-TIME BEHAVIOR FROM TRANSFORM BEHAVIOR NEAR A BOUNDARY/LOW FREQUENCY	EXPOSURE ≠ AUTHORITY ≠ INFORMATION ≠ LIQUIDITY	M-125; M-126	E-945; E-946; E-947; E-948; E-949; E-950; E-951; E-952; E-953; E-954; E-955; E-956; E-957; E-958; E-959; E-960; E-774; E-775; E-749; E-750	M-125: Regularity assumptions; M-126: Summability structure	E-945:Rival licensees excluded | E-946:Multiple licensees | E-947:Contractual scope | E-948:Territorial restriction | E-949:Delegated licensing | E-950:Commercialization discipline | E-951:Verifiable development event | E-952:Inventor moral hazard | E-953:Startup licensee | E-954:Strategic acquisition | E-955:Dormant license | E-956:Performance contingency | E-957:Follow-on innovation | E-958:Multiple essential patents | E-959:Fragmented IP rights | E-960:Regulatory intervention | E-774:Incomplete contracts | E-775:Verifiable performance | E-749:Multiple voting classes | E-750:Disproportionate rights	passive inference/diagnostic	bound;local	cross-domain; moderate semantic bridge; donor operator/certificate bonus; same-theory lexical penalty
996	4.861692795130892	IM-206	IM-094	M	E	0.0	0.0	0.0	INFER LONG-TIME BEHAVIOR FROM TRANSFORM BEHAVIOR NEAR A BOUNDARY/LOW FREQUENCY	LIMITED INFORMATION CAPACITY SHOULD BE SPENT ON DISTINCTIONS THAT CAN CHANGE DECISION	M-125; M-126	E-100; E-458	M-125: Regularity assumptions; M-126: Summability structure	E-100:Information-processing constraint | E-458:Information cost	passive inference/diagnostic	bound;local	cross-domain; moderate semantic bridge; donor operator/certificate bonus; same-theory lexical penalty
997	4.861692795130892	IM-206	IM-130	M	S	0.0	0.0	0.0	INFER LONG-TIME BEHAVIOR FROM TRANSFORM BEHAVIOR NEAR A BOUNDARY/LOW FREQUENCY	BAD MODULE SHOULD NOT CONTAMINATE GOOD MODULE THROUGH FEEDBACK	M-125; M-126	S-426	M-125: Regularity assumptions; M-126: Summability structure	S-426:Modular Bayes	passive inference/diagnostic	bound;local	cross-domain; moderate semantic bridge; donor operator/certificate bonus; same-theory lexical penalty
998	4.861692795130892	IM-206	IM-131	M	S	0.0	0.0	0.0	INFER LONG-TIME BEHAVIOR FROM TRANSFORM BEHAVIOR NEAR A BOUNDARY/LOW FREQUENCY	INFORMATION NEED NOT ENTER WITH WEIGHT 0 OR 1; LEARNING RATE CAN BE TEMPERED	M-125; M-126	S-430	M-125: Regularity assumptions; M-126: Summability structure	S-430:Model misspecification	passive inference/diagnostic	bound;local	cross-domain; moderate semantic bridge; donor operator/certificate bonus; same-theory lexical penalty
999	4.861692795130892	IM-206	IM-169	M	P	0.0	0.0	0.0	INFER LONG-TIME BEHAVIOR FROM TRANSFORM BEHAVIOR NEAR A BOUNDARY/LOW FREQUENCY	LOCAL AMPLIFICATION ≠ LOCAL PERSISTENCE: GROWTH CAN BE SWEPT AWAY FASTER THAN IT ACCUMULATES	M-125; M-126	P-370; P-371	M-125: Regularity assumptions; M-126: Summability structure	P-370: Open-flow stability; P-371: Advection + growth	passive inference/diagnostic	bound;local	cross-domain; moderate semantic bridge; donor operator/certificate bonus; same-theory lexical penalty
1000	4.861692795130892	IM-206	IM-240	M	E	0.0	0.0	0.0	INFER LONG-TIME BEHAVIOR FROM TRANSFORM BEHAVIOR NEAR A BOUNDARY/LOW FREQUENCY	A RAW SCORE/RANKING MAY BE UNIMPLEMENTABLE; FLATTEN NONMONOTONE REGIONS UNTIL DECISION RULE SATISFIES INCENTIVES	M-125; M-126	E-349	M-125: Regularity assumptions; M-126: Summability structure	E-349:Incentive compatibility	passive inference/diagnostic	bound;local	cross-domain; moderate semantic bridge; donor operator/certificate bonus; same-theory lexical penalty
