id	domain	source_concept	primitive	constraint_shell
M-001	Mathematics	Derivative	Move a tiny amount; see how much the other thing moves	Limit must exist or some generalized replacement is needed
M-002	Mathematics	Second derivative	Ask whether the rate of change itself is speeding up or slowing down	Requires additional smoothness/generalized interpretation
M-003	Mathematics	Integral	Cut into tiny pieces and add their contributions	Measure, orientation, convergence determine what “add” means
M-004	Mathematics	Change of variables	Describe the same thing using different coordinates because the calculation becomes easier	Transformation must preserve whatever structure matters
M-005	Mathematics	Projection	Keep the component pointing in allowed/useful directions; throw away the rest	Requires a geometry/notion of orthogonality or a generalized projection
M-006	Mathematics	Duality	Instead of manipulating the thing, manipulate tests that act on the thing	Depends on pairing and conditions under which dual problem is equivalent
M-007	Mathematics	Nullspace	Find changes that the measurement cannot see at all	Depends on the operator defining visibility
M-008	Mathematics	Quotient	Declare differences irrelevant and treat objects differing only in those ways as the same	Equivalence relation must respect subsequent operations
M-009	Mathematics	Fixed point	Find something that stays unchanged after applying the rule	Existence/uniqueness requires structure such as compactness/contraction/etc.
M-010	Mathematics	Contraction	Repeatedly apply a rule that keeps bringing possibilities closer together	Distance must shrink sufficiently
M-011	Mathematics	Convexity	Mixing two allowed things does not leave the allowed region	Linear mixture structure required
M-012	Mathematics	Lagrange multiplier	If movement is constrained, measure the cost of relaxing each constraint	Smoothness/constraint qualification matter
M-013	Mathematics	Fourier decomposition	Build a complicated pattern from simple repeating patterns	Linear superposition and basis/completeness assumptions
M-014	Mathematics	Convolution	Output at one point is a weighted accumulation of nearby/past inputs	Translation structure or appropriate generalized kernel
M-015	Mathematics	Green function	Learn the answer to one tiny impulse, then combine impulses to solve larger forcing	Primarily linear operator setting
M-016	Mathematics	Eigenvector	Find a direction that changes only in size, not direction, under an operation	Linear operator or nonlinear analogue
M-017	Mathematics	Singular value decomposition	Find input directions ranked by how strongly an operator transmits them	Linear map plus metric structure
M-018	Mathematics	Compactness	Prevent possibilities from “escaping forever,” so limiting arguments actually land somewhere	Depends on topology
M-019	Mathematics	Intermediate value	Continuous movement from below to above must cross the level	Continuity and connected interval-like domain
M-020	Mathematics	Implicit function	If equations tie variables together, sometimes one can locally solve some variables using the others	Jacobian nondegeneracy/local regularity
M-021	Mathematics	Inverse function	If nearby inputs never fold together, locally undo the transformation	Local invertibility conditions
M-022	Mathematics	Taylor expansion	Approximate a complicated local shape using value + slope + curvature + higher changes	Smoothness and remainder control
M-023	Mathematics	Asymptotic expansion	Ignore details that become negligible in a specified limit	Must specify limit and relative scale
M-024	Mathematics	Perturbation	Start from something solvable, make a small change, track how the answer moves	“Small” must remain meaningful; singular perturbations can break it
M-025	Mathematics	Boundary layer	A tiny region can behave on a completely different scale from the bulk	Multiple scales/singular perturbation
M-026	Mathematics	Homogenization	Replace many tiny variations by one effective large-scale rule	Scale separation/ergodicity or structural assumptions
M-027	Mathematics	Variational principle	Instead of directly solving equations, identify the configuration making some quantity best/stationary	Correct functional and admissible space required
M-028	Mathematics	Maximum principle	Extremes cannot occur arbitrarily if local averaging/differential constraints hold	PDE/order structure
M-029	Mathematics	Comparison principle	If one object starts below another and the dynamics preserve order, it stays below	Monotonicity/order-preserving evolution
M-030	Mathematics	Topological invariant	Change shape continuously while keeping a property that cannot disappear under allowed transformations	Depends entirely on transformation class
M-031	Mathematics	Group action	Apply allowed moves to objects while preserving move-composition rules	Algebraic closure/identity/inverses
M-032	Mathematics	Orbit	Collect every place one object can reach under allowed moves	Depends on action
M-033	Mathematics	Stabilizer	Find moves that leave a chosen object unchanged	Group action structure
M-034	Mathematics	Coset	Shift one equivalence class by an allowed operation	Subgroup structure
M-035	Mathematics	Homomorphism	Translate one operation system into another while preserving how operations combine	Structure-preserving map
M-036	Mathematics	Kernel of homomorphism	Find distinctions erased by the translation	Algebraic compatibility
M-037	Mathematics	Exact sequence	Track what is lost, inherited, or newly created as structures map into each other	Exactness condition
M-038	Mathematics	Tensor product	Build a joint object that keeps bilinear interactions explicit	Universal bilinear construction
M-039	Mathematics	Exterior product	Combine directions while automatically killing repeated directions	Antisymmetry
M-040	Mathematics	Determinant	Measure how a linear transformation scales oriented volume	Finite-dimensional linear structure
M-041	Mathematics	Rank	Count how many independent directions survive a transformation	Linear independence
M-042	Mathematics	Linear independence	Ask whether one object can be built from the others	Vector-space structure
M-043	Mathematics	Basis	Find a smallest set of building blocks from which every object can be assembled uniquely	Spanning + independence
M-044	Mathematics	Sparse representation	Explain an object using only a few building blocks	Choice of dictionary/basis
M-045	Mathematics	Compressed sensing	Recover a sparse object from fewer measurements than naive dimension suggests	Sparsity + incoherence/RIP-like conditions
M-046	Mathematics	Graph cut	Split a network by removing connections between groups	Graph structure
M-047	Mathematics	Max flow	Push as much stuff as possible through a capacity-limited network	Capacity conservation
M-048	Mathematics	Min-cut duality	Maximum transferable flow equals cheapest blocking bottleneck	Network-flow assumptions
M-049	Mathematics	Matching	Pair objects without reusing them	Combinatorial compatibility
M-050	Mathematics	Hall condition	A perfect matching exists if every subset has enough possible partners	Bipartite graph
M-051	Mathematics	Matroid	Describe independence without needing coordinates	Hereditary/exchange axioms
M-052	Mathematics	Greedy optimality in matroids	Repeatedly take best available piece and still reach global optimum	Matroid structure
M-053	Mathematics	Submodularity	Extra benefit of adding something decreases as your collection grows	Diminishing marginal set returns
M-054	Mathematics	Dynamic programming	Break a long decision into smaller future-equivalent subproblems	Optimal substructure
M-055	Mathematics	Bellman principle	An optimal future must remain optimal after the past is fixed	Markov/state sufficiency
M-056	Mathematics	Branch and bound	Split possibilities, discard branches that cannot beat current best	Valid upper/lower bounds
M-057	Mathematics	Relaxation	Solve an easier larger problem to bound the harder one	Superset/approximation relation
M-058	Mathematics	Cutting plane	Repeatedly add constraints that remove impossible solutions while keeping valid ones	Separating inequalities
M-059	Mathematics	Interior point	Move through the inside of feasible space rather than along its edges	Convex/regularity conditions
M-060	Mathematics	Proximal operator	Take a step toward improvement but penalize moving too far	Convexity/generalized monotonicity
M-061	Mathematics	Bifurcation	Slowly change a setting until the number/type of possible behaviors suddenly changes	Nonlinear parameterized dynamics
M-062	Mathematics	Stable manifold	Find directions from which disturbances naturally return toward a state	Local dynamical stability
M-063	Mathematics	Unstable manifold	Find directions where tiny disturbances get amplified away from a state	Local instability
M-064	Mathematics	Center manifold	Ignore quickly dying directions and retain the few slow directions controlling nearby behavior	Local spectral separation
M-065	Mathematics	Lyapunov function	Find one number that must consistently move toward “better/stable” values	Monotonicity along trajectories
M-066	Mathematics	Invariant set	Find a region that, once entered, cannot be escaped under the rules	Dynamics must preserve set
M-067	Mathematics	Reachability	Ask which states can possibly be reached from here using allowed moves	Dynamics + admissible controls
M-068	Mathematics	Controllability	Ask whether suitable inputs can move the system wherever needed	Input-system coupling
M-069	Mathematics	Observability	Ask whether different hidden states can be distinguished from what is visible	Measurement mapping + dynamics
M-070	Mathematics	Identifiability	Ask whether two different internal rules can produce exactly the same observations	Model parameterization
M-071	Mathematics	Transversality	Make two structures cross cleanly rather than merely touch	Generic geometric conditions
M-072	Mathematics	Continuation method	Solve an easy nearby problem and gradually deform it into the hard one while following the solution	Solution branch must remain trackable
M-073	Mathematics	Homotopy	Change one problem continuously into another while tracking what survives	Continuous deformation class
M-074	Mathematics	Degree theory	Count solutions in a way that survives continuous deformation even if individual solutions move	Topological assumptions
M-075	Mathematics	Generating function	Encode an entire sequence as one algebraic object so sequence operations become algebra	Convergence/formal-series structure
M-076	Mathematics	Möbius inversion	If totals over nested groups are known, undo the accumulation to recover individual contributions	Poset/incidence structure
M-077	Mathematics	Inclusion–exclusion	Correct repeated counting by alternating additions and subtractions of overlaps	Set intersections identifiable
M-078	Mathematics	Pigeonhole principle	Too many objects forced into too few boxes means some box must contain several	Finite counting constraints
M-079	Mathematics	Ramsey mechanism	If a structure becomes large enough, some ordered pattern becomes unavoidable	Combinatorial finiteness
M-080	Mathematics	Probabilistic method	Prove something exists by showing a random construction has positive probability of having it	Valid random ensemble
M-081	Mathematics	Minimax	En kötü rakip/doğa ne yaparsa yapsın, en az kötü sonucu seç	Adversarial/worst-case criterion
M-082	Mathematics	Saddle point	Bir yönde yukarı, diğer yönde aşağı gidemediğin karşılıklı denge noktası bul	Convex-concave yapı sıklıkla gerekli
M-083	Mathematics	Separation theorem	İki uygun ayrık kümeyi aralarından geçen bir test/düzlemle ayır	Convexity/topology
M-084	Mathematics	Supporting hyperplane	Bir şekle değen ama içinden geçmeyen doğrusal test bul	Convex set
M-085	Mathematics	Fenchel conjugate	Bir eğriyi noktalarıyla değil, ona değebilecek doğruların fiyatlarıyla tarif et	Convex analysis
M-086	Mathematics	Infimal convolution	İşi iki mekanizma arasında böl; toplam maliyeti en ucuz yapan bölüşümü bul	Extended-real optimization
M-087	Mathematics	Moreau envelope	Keskin/sert bir problemi yakındaki noktaları da hesaba katarak yumuşat	Metric + penalty
M-088	Mathematics	Regularization	Birden çok olası cevaptan daha basit/stable olanı tercih etmek için ekstra bedel koy	Bias introduced deliberately
M-089	Mathematics	Tikhonov regularization	Data-fit ile çözüm büyüklüğü/karmaşıklığı arasında denge kur	Inverse problem
M-090	Mathematics	Total variation	Değerin kendisini değil, toplam ne kadar zıpladığını cezalandır	BV/ordered domain
M-091	Mathematics	Optimal transport	Bir dağılımdaki “malı” diğerine en ucuz taşıma planını bul	Mass conservation + cost geometry
M-092	Mathematics	Wasserstein distance	İki dağılımın farkını, birini diğerine dönüştürmek için gereken taşıma işiyle ölç	Probability measures + ground metric
M-093	Mathematics	Monge map	Her başlangıç parçasına tek bir hedef vererek toplu taşıma yap	Deterministic transport
M-094	Mathematics	Kantorovich relaxation	“Her parçanın tek hedefi olmalı” şartını gevşet; parçalanabilir taşıma planı kullan	Coupling formulation
M-095	Mathematics	Majorization	İki dağılımdan hangisinin daha eşitsiz/yoğunlaşmış olduğunu toplam sıralı parçalarla karşılaştır	Ordered components
M-096	Mathematics	Rearrangement inequality	En büyükleri en büyüklerle eşlemek toplam etkileşimi uç noktaya taşır	Ordered scalar sequences
M-097	Mathematics	Stochastic approximation	Gürültülü küçük düzeltmeleri tekrar tekrar yaparak görünmeyen doğru noktaya yaklaş	Step-size/noise conditions
M-098	Mathematics	Robbins–Monro root finding	Fonksiyonun kendisini temiz göremesen bile noisy işaretlerle sıfır olduğu yeri bul	Unbiased/noisy observations
M-099	Mathematics	Simulated annealing	Başta kötü hamlelere de izin ver; zamanla sistemi soğutup iyi bölgeye kilitle	Cooling schedule
M-100	Mathematics	Alternating projection	İki şartı aynı anda çözmek zor; sırayla birine, sonra diğerine uydurarak ortak noktaya yaklaş	Set geometry/convergence conditions
M-101	Mathematics	Pontryagin maximum principle	Bütün olası yolları deneme; “şu andaki küçük hareket gelecekteki hedefi nasıl değiştirir?” diye geriye doğru bir shadow-price taşı	Optimal control, adjoint dynamics
M-102	Mathematics	Hamilton–Jacobi equation	Her noktaya “buradan hedefe gitmenin en iyi kalan maliyeti”ni yaz; bu değer kendi değişim kuralını sağlar	Dynamic programming/PDE
M-103	Mathematics	Bang-bang control	Ara değerler faydasızsa kontrolü uçlardan birine yapıştır	Linear control entry + bounded actions
M-104	Mathematics	Singular control	Optimal hareket bazen ne tam aç ne tam kapıdır; ordinary first-order rule karar veremez	Degenerate switching condition
M-105	Mathematics	Sliding mode	Sistemi istenen yüzeye zorla, sonra o yüzey boyunca hareket ettir	Discontinuous control
M-106	Mathematics	Differential inclusion	“Tek sonraki hız” yerine izin verilen hızlar kümesi olsun	Set-valued dynamics
M-107	Mathematics	Viability kernel	Hangi başlangıçlardan doğru hareketlerle yasak bölgeye hiç girmeden sonsuza kadar kalabilirim?	Constraints + control
M-108	Mathematics	Reachable tube	Tek bir gelecek değil, zaman boyunca ulaşılabilecek bütün bölgeleri taşı	Set propagation
M-109	Mathematics	Grönwall inequality	Küçük farkın zamanla ne kadar büyüyebileceğine üst sınır koy	Integral/differential bound
M-110	Mathematics	Comparison via supersolution	Zor cevabı bulamıyorsan üstünde kalan kolay bir cevap yap ve gerçek çözümü sıkıştır	Order-preserving PDE/ODE
M-111	Mathematics	Martingale representation	Gelecekteki random payoff’ı yeni gelen sürprizlerin ağırlıklı toplamı gibi yaz	Filtration/completeness conditions
M-112	Mathematics	Optional sampling	“Adil” süreçte, bazı düzgün durma kuralları beklenen değeri bedavaya değiştiremez	Martingale + stopping conditions
M-113	Mathematics	Girsanov transform	Aynı path’lere bak ama probability ağırlıklarını değiştirerek drift’i başka bir şeye çevir	Absolute continuity
M-114	Mathematics	Feynman–Kac	Differential equation çözümünü random yollar üzerindeki beklenen toplam olarak yeniden ifade et	Generator/PDE compatibility
M-115	Mathematics	Large deviations	Çok nadir olayları tek tek simüle etmek yerine “en ucuz nadir yol”un maliyetini hesapla	Asymptotic exponential scaling
M-116	Mathematics	Laplace principle	Büyük ölçekte integral, en iyi/az maliyetli bölge tarafından domine edilir	Exponential asymptotics
M-117	Mathematics	Γ-convergence	Yaklaşık problemlerin minimizer’larının doğru limit probleme gitmesini garanti edecek convergence notion seç	Variational structure
M-118	Mathematics	Young measure	Çok hızlı oscillation tek bir değere yakınsamıyorsa her noktada bir değer dağılımı taşı	Weak limits
M-119	Mathematics	Compensated compactness	İki zayıf yakınsayan şeyin ürünü normalde kaybolabilir; özel differential constraints altında yine limit taşıyabilir	PDE structure
M-120	Mathematics	Concentration compactness	Limit kaçıyorsa bunun üç nedenini ayır: sıkışma, parçalanma, sonsuza kaçış	Variational loss of compactness
M-121	Mathematics	Dynamic programming with state augmentation	Geleceği hesaplamak için geçmişten gerekli olan minimum bilgiyi state’e ekle	Markovization
M-122	Mathematics	Semi-Markov process	Sonraki state sadece “neredeyim?”e değil “burada ne kadar kaldım?”a da bağlı	Duration dependence
M-123	Mathematics	Renewal equation	Bugünkü toplamı, ilk olay ne zaman oldu + ondan sonraki yeniden başlayan problem olarak parçala	Regeneration
M-124	Mathematics	Wiener–Hopf factorization	İki yönlü/random hareket problemini “yukarı giden” ve “aşağı giden” parçalara ayır	Transform/factorization conditions
M-125	Mathematics	Tauberian theorem	Büyük-zaman davranışını doğrudan hesaplamak yerine transform’un küçük-frekans/sınır davranışından çıkar	Regularity assumptions
M-126	Mathematics	Abelian theorem	Bir dizinin uzun-vade davranışını daha düzgün bir transform’a geçir	Summability structure
M-127	Mathematics	Saddle-point asymptotics	Büyük integral/toplamı dominant kritik noktanın yakınında yaklaşık hesapla	Sharp concentration
M-128	Mathematics	Steepest descent	Complex domain’de integrali en hızlı azalan yol boyunca yeniden geçir	Analyticity
M-129	Mathematics	Borel summation	Normal series diverge etse bile onu başka bir transform üzerinden anlamlı bir değere döndür	Resummability
M-130	Mathematics	Padé approximation	Uzun polynomial yerine oran kullanarak poles/singularities’i daha iyi yakala	Rational approximation
M-131	Mathematics	Continued fractions	Karmaşık oran ilişkisini iç içe basit oranlara böl	Convergence structure
M-132	Mathematics	Schur complement	Büyük sistemi çözmeden bir blok değişkenin etkisini diğerlerine göm	Block invertibility
M-133	Mathematics	Elimination	İstemediğin değişkenleri denklemlerden cebirsel olarak yok et	Algebraic solvability
M-134	Mathematics	Resultant	İki denklem ortak çözüm taşıyor mu diye değişkeni explicit çözmeden test et	Polynomial structure
M-135	Mathematics	Gröbner basis	Karmaşık polynomial kısıtlarını aynı çözüm kümesini koruyan daha düzenli kurallara dönüştür	Monomial ordering
M-136	Mathematics	Krylov subspace	Büyük matrix’in tamamını öğrenme; bir vector’e tekrar tekrar uygulandığında açığa çıkan küçük altuzayda çöz	Iterative linear algebra
M-137	Mathematics	Conjugate gradient	Minimuma doğrudan gitmek yerine birbirini bozmayacak özel yönlerde ilerle	SPD quadratic
M-138	Mathematics	Preconditioning	Problemi değiştirmeden coordinate/scale değiştirip çözümü daha kolay hale getir	Equivalent transformed system
M-139	Mathematics	Multigrid	Büyük-dalga hatayı kaba gridde, küçük-dalga hatayı ince gridde düzelt	Scale-separated numerical error
M-140	Mathematics	Domain decomposition	Büyük problemi küçük bölgelerde çöz, sınır mesajlarını iteratif uyumlu hale getir	Locality/interface conditions
M-141	Mathematics	Markov chain coupling	İki random sistemi aynı rastgeleliği paylaşacak şekilde yürüt; ne zaman birleşirlerse sonrası aynı olsun	Common construction
M-142	Mathematics	Coupling inequality	İki distribution ne kadar farklı sorusunu, iki kopyanın ne kadar geç birleştiğiyle bound et	Valid coupling
M-143	Mathematics	Doeblin condition	Her state’in biraz ortak “reset dağılımına” geçme şansı varsa geçmiş hızla unutulur	Uniform minorization
M-144	Mathematics	Mixing time	Başlangıç bilgisinin ne kadar sürede pratikte kaybolduğunu ölç	Ergodic chain
M-145	Mathematics	Spectral gap	En yavaş decay mode ile stationary mode arasındaki ayrımı ölç	Reversible/linear operator setting
M-146	Mathematics	Metastable Markov decomposition	System kısa zamanda kendi bölgesinde karışır ama bölgeler arasında çok yavaş geçer	Timescale separation
M-147	Mathematics	Lumpability	Birkaç state’i tek state sayınca aggregate process yine Markov kalabiliyor mu?	Transition compatibility
M-148	Mathematics	Quasi-stationary distribution	Absorption henüz olmadı şartıyla process uzun süre nasıl görünür?	Absorbing dynamics
M-149	Mathematics	Conditioned process / Doob h-transform	“Şu rare outcome olacak” şartıyla path dynamics nasıl değişirmiş gibi davranır?	Positive harmonic function
M-150	Mathematics	Interacting particle system	Çok sayıda basit local unit sadece komşularına göre değişerek collective dynamics üretir	Local stochastic rules
M-151	Mathematics	Mean-field limit	Çok büyük population’da herkesin tek tek etkisi yerine population average etkisini kullan	Weak symmetric interaction
M-152	Mathematics	Propagation of chaos	Büyük interacting population’da sonlu sayıda parçacık yaklaşık bağımsız hale gelir	Mean-field scaling
M-153	Mathematics	Hydrodynamic limit	Microscopic random motion’u large-scale deterministic density equation’a çevir	Space-time scaling
M-154	Mathematics	Law of large numbers for fields	Çok sayıda küçük random contribution’ın aggregate field’ı deterministic hale gelir	Weak dependence
M-155	Mathematics	Central-limit fluctuation field	Deterministic large-scale limit etrafındaki kalan noise’un ölçeğini ve şeklini çıkar	Second-order scaling
M-156	Mathematics	Large-deviation path principle	Tüm trajectory’ler arasında rare macroscopic davranışın en ucuz path’ini bul	Path-space LDP
M-157	Mathematics	Entropic regularization	Sert transport/optimization problemini küçük entropy bedeliyle yumuşat ve hızlı çöz	Regularized objective
M-158	Mathematics	Sinkhorn iteration	Satır ve sütun toplamlarını sırayla düzelt; her seferinde biri bozulsa da tekrar tekrar dengeye getir	Positive matrix/scaling
M-159	Mathematics	Dykstra algorithm	Birden çok constraint set’e sırayla project et ama önceki projection hatasını memory variable ile düzelt	Convex sets
M-160	Mathematics	Alternating direction method	Büyük problemi parçalara böl; local çözümleri multiplier/consensus sinyaliyle uyumlu hale getir	Separable convex structure
M-161	Mathematics	Ill-posed inverse problem	Sonucu görüp sebebi geri bulmaya çalışıyorsun ama minicik measurement hatası dev sebep farkına dönüşebilir	Inverse operator instability
M-162	Mathematics	Picard condition	Data’nın unstable directions’daki parçaları yeterince hızlı küçülmüyorsa inverse patlar	Compact operator spectrum
M-163	Mathematics	Truncated SVD	En tehlikeli inverse directions’ı tamamen kullanma; yalnız güvenilir singular directions’ı geri çevir	Spectral cutoff
M-164	Mathematics	Spectral filtering	Her direction’a güvenilirliğine göre farklı inverse strength uygula	Operator spectrum known/estimated
M-165	Mathematics	Discrepancy principle	Data noise seviyesinden daha iyi fit etmeye çalışma; o noktada dur	Noise bound
M-166	Mathematics	Iterative regularization	Inverse çözümü iterasyonla yaklaş; fazla iterasyon noise’u öğrenir, erken durmak regularization olur	Early stopping
M-167	Mathematics	Landweber iteration	Residual’ı operator’ın ters yönünden yavaşça geri taşı	Linear inverse problem
M-168	Mathematics	Backward heat problem	Diffusion geçmiş bilgiyi siler; bugünden geçmişi çıkarmak exponentially unstable olur	Smoothing forward dynamics
M-169	Mathematics	Unique continuation	Bir çözümü küçük bir bölgede yeterince biliyorsan bazen başka yerde de zorunlu olarak belirlenir	PDE analyticity/Carleman-type conditions
M-170	Mathematics	Carleman estimate	Gizli bölgedeki solution’ı special exponential weights ile observed bölgeden bound et	PDE geometry
M-171	Mathematics	Tomographic inversion	Bir nesneyi doğrudan görme; farklı açılardan toplam/projection ölç ve içini yeniden kur	Sufficient angular coverage
M-172	Mathematics	Radon transform	Bir field’ı çizgiler/düzlemler üzerindeki toplamlarıyla temsil et	Integral geometry
M-173	Mathematics	Phase retrieval	Büyüklüğü görüyorsun ama phase kayıp; ek structural constraints ile asıl signal’ı geri kur	Nonlinear inverse ambiguity
M-174	Mathematics	Blind deconvolution	Hem blur kernel hem true signal bilinmiyor; ikisini birlikte ayır	Identifiability constraints
M-175	Mathematics	Matrix completion	Büyük tablonun çoğu eksik; düşük-rank structure varsa az entry’den geri kur	Incoherence + low rank
M-176	Mathematics	Robust PCA	Data’yı “low-rank ortak yapı + sparse bozulma” diye ayır	Structural decomposition
M-177	Mathematics	Dictionary learning	Building blocks hazır değil; data’dan hem parçaları hem kombinasyonları öğren	Sparse representation
M-178	Mathematics	Nonnegative matrix factorization	Negative cancellation’a izin vermeden bütünü pozitif parçaların toplamına ayır	Nonnegativity
M-179	Mathematics	Tensor decomposition	Multiway interaction’ı birkaç separable latent component’e ayır	Identifiability/rank assumptions
M-180	Mathematics	Blind source separation	Karışık measurements’dan bağımsız/farklı statistical structure taşıyan kaynakları ayır	Source independence/non-Gaussianity
M-181	Mathematics	Random matrix spectrum	Çok büyük random interaction matrix’inde tek tek entries yerine eigenvalue kalabalığının şeklini incele	Matrix ensemble
M-182	Mathematics	Wigner semicircle law	Çok sayıda random interaction’ın spectrum’u microscopic details unutup predictable global shape’a yaklaşabilir	Independence/scaling
M-183	Mathematics	Marchenko–Pastur law	Dimension sample size’a yakınsa sample covariance eigenvalues noise yüzünden bile geniş bir cloud oluşturur	High-dimensional asymptotics
M-184	Mathematics	Spiked random matrix	Büyük noise cloud’una gerçek low-rank signal ekle; signal yeterince güçlüyse spectrum’dan ayrılır	Signal-strength threshold
M-185	Mathematics	BBP transition	Hidden signal yavaşça güçlense bile detectability belirli eşiğe kadar neredeyse hiç iyileşmeyebilir; sonra eigenvalue cloud’dan çıkar	High-dimensional phase transition
M-186	Mathematics	Resolvent	Matrix’i doğrudan incelemek yerine farklı probe değerlerinde inverse response’una bak	Spectral parameter off spectrum
M-187	Mathematics	Free convolution	Büyük independent-ish noncommuting random systems birleşince spectrum’ların nasıl birleştiğini ayrı algebra ile hesapla	Asymptotic freeness
M-188	Mathematics	Concentration of measure	Çok yüksek boyutta birçok random quantity beklenen değerinin yakınında sıkışabilir	Lipschitz/product-type structure
M-189	Mathematics	Johnson–Lindenstrauss	Çok sayıda noktanın pairwise distances’ını yaklaşık koruyarak çok daha az dimension’a indir	Random projection
M-190	Mathematics	Isoperimetric inequality	Sabit miktarı çevrelemek için bazı shapes minimum boundary kullanır	Geometry
M-191	Mathematics	Persistent homology	Structure’ı tek scale’da seçme; scale değişirken hangi holes/components uzun süre yaşamaya devam ediyor izle	Filtered topology
M-192	Mathematics	Mapper construction	Karmaşık high-dimensional shape’i overlapping local groups + connectivity graph olarak özetle	Cover/filter choices
M-193	Mathematics	Morse theory	Bir function’ın critical points’i değiştikçe underlying space’in topology’sinin nasıl değiştiğini takip et	Smooth manifold/function
M-194	Mathematics	Catastrophe theory	Smooth control change, folded equilibrium geometry yüzünden state’te sudden jump yaratabilir	Low-dimensional potential structure
M-195	Mathematics	Singularity theory	Normal coordinates’ın başarısız olduğu exceptional points’i classify et	Smooth-map equivalence
M-196	Mathematics	Borsuk–Ulam mechanism	Opposite points arasında bazı measurements’ın aynı olmak zorunda olduğu topology-imposed collision vardır	Continuous map sphere→lower dimension
M-197	Mathematics	Brouwer fixed point	Continuous self-map bir bounded convex region’da en az bir şeyi yerinde bırakmak zorunda	Compact convex domain
M-198	Mathematics	Sperner lemma	Local labeling constraints global olarak belirli mixed configuration’ın varlığını zorlar	Simplicial combinatorics
M-199	Mathematics	Helly theorem	Çok sayıda convex constraint’ın global intersection’ını bütün küçük subsets’in intersection’larından çıkar	Finite-dimensional convexity
M-200	Mathematics	Tverberg theorem	Yeterince çok point varsa onları gruplara ayırıp grupların convex hull’larını ortak noktada buluşturabilirsin	Euclidean dimension/count threshold
M-201	Mathematics	Hausdorff measure	“Uzunluk/alan/hacim” fikrini düzgün olmayan/fractal yapılara uygun ölçekte yeniden tanımla	Metric space
M-202	Mathematics	Minkowski dimension	Nesneyi gittikçe küçük kutularla kapla; gereken kutu sayısının ölçekle nasıl arttığına bak	Scale law
M-203	Mathematics	Fractal dimension	“Kaç boyut?” sorusunu integer olmak zorunda olmayan scaling behavior ile cevapla	Self-similar/scaling setting
M-204	Mathematics	Besicovitch covering	Çok sayıda overlapping local neighborhood’dan controlled-overlap altküme seç	Euclidean covering geometry
M-205	Mathematics	Vitali covering	İnce local sets içinden almost-everything’i disjoint-ish şekilde kapsayan seçim yap	Measure structure
M-206	Mathematics	Radon–Nikodym derivative	İki measure aynı olaylara weight veriyorsa birinin diğerine göre local yoğunluğunu tanımla	Absolute continuity
M-207	Mathematics	Lebesgue differentiation	Çok küçük neighborhoods’daki local averages, almost everywhere gerçek değere döner	Integrability
M-208	Mathematics	Coarea formula	Yüksek-boyutlu integral’i level-set slices boyunca parçala	Lipschitz/smooth maps
M-209	Mathematics	Sard theorem	Critical points çok olabilir ama onların output values’ı çoğu durumda “küçük” bir set oluşturur	Smooth maps
M-210	Mathematics	Transfinite recursion	Bir şeyi sadece 1,2,3 diye değil daha genel iyi-sıralı aşamalar boyunca kur	Well-ordering
M-211	Mathematics	Zorn lemma	Her chain’in upper bound’u varsa maximal object varlığını çıkar	Choice-equivalent principle
M-212	Mathematics	Hahn–Banach	Küçük bir altuzayda tanımlı linear test’i normu bozmadan daha büyük space’e uzat	Locally convex/normed structure
M-213	Mathematics	Uniform boundedness	Her input ayrı ayrı bounded görünüyorsa bazı koşullarda operator family’nin ortak bound’u çıkar	Banach-space completeness
M-214	Mathematics	Open mapping theorem	Surjective bounded linear map open sets’i open gönderir; inverse instability’yi sınırlayabilir	Banach spaces
M-215	Mathematics	Closed graph theorem	Bir operator’ın input-output graph’i kapalıysa, bazı koşullarda operator otomatik continuous olur	Banach spaces
M-216	Mathematics	Fredholm alternative	Linear equation ya çözülür, ya da çözülmemesinin nedeni dual nullspace’de explicit obstruction’dır	Fredholm operator
M-217	Mathematics	Compact operator	Bounded input kalabalığını output’ta daha sıkışık hale getiren operator	Functional analysis
M-218	Mathematics	Krein–Rutman theorem	Positive operator’da dominant eigenstructure pozitif olabilir	Cone/compactness positivity
M-219	Mathematics	Monotone operator	Input farkı ile output farkı “aynı yöne” davranır; inversion daha stable hale gelir	Ordered Hilbert/Banach setting
M-220	Mathematics	Maximal monotone operator	Daha fazla compatible input-output pair eklenemeyen tam monotone relation	Convex/operator theory
M-221	Mathematics	Shannon entropy	Bir sonucu görmeden önce kaç farklı şekilde yanılabileceğini tek sayıyla ölç	Probability distribution
M-222	Mathematics	Relative entropy / KL	İki probability world birbirinden ne kadar ayırt edilebilir?	Absolute continuity
M-223	Mathematics	Mutual information	Bir şeyi bilmek diğerindeki belirsizliği ne kadar azaltıyor?	Joint distribution
M-224	Mathematics	Data-processing inequality	Bilgiyi işledikten sonra, kaynakta olmayan yeni bilgi yaratamazsın	Markov information chain
M-225	Mathematics	Sufficient channel	Raw data’yı küçült ama target hakkında taşıdığı bilgiyi kaybetme	Target-dependent sufficiency
M-226	Mathematics	Rate–distortion	Her ayrıntıyı saklayamıyorsan, belirli hata toleransıyla minimum kaç bit gerekir?	Distortion metric
M-227	Mathematics	Maximum entropy	Bildiğin constraints dışında fazladan hikâye uydurma; en az committed distribution’ı seç	Moment/support constraints
M-228	Mathematics	Bregman divergence	İki noktanın farkını düz mesafeyle değil convex function’ın kaybettiği değerle ölç	Convex generator
M-229	Mathematics	Mirror descent	Aynı step’i Euclidean space’de değil problem geometrisine uygun başka coordinate system’de yap	Convex geometry
M-230	Mathematics	Subgradient	Keskin köşede ordinary slope yoksa iyileşme yönü hakkında izin verilen slope set’i kullan	Convex nonsmooth function
M-231	Mathematics	Proximal splitting	Tek problemde birkaç farklı zor ceza varsa her birini ayrı kolay işlemle çöz ve birleştir	Composite optimization
M-232	Mathematics	Douglas–Rachford splitting	İki zor constraint/operator’ı ayrı ayrı çözüp reflected corrections ile ortak solution’a yaklaş	Monotone/convex structure
M-233	Mathematics	Operator splitting	“Hepsini bir anda çöz” yerine mekanizmaları ayrı time steps’e böl	Decomposable generator/operator
M-234	Mathematics	Lie–Trotter product	Aynı anda çalışan iki dynamics’i sırayla çok kısa çalıştırınca joint dynamics’e yaklaş	Generator regularity
M-235	Mathematics	Strang splitting	Sıralı approximation’daki error’u symmetric half-step/full-step/half-step ile iptal et	Smooth operators
M-236	Mathematics	Geodesic	Bir space’in kendi geometry’sinde en düz/en kısa yolu bul	Metric/manifold
M-237	Mathematics	Parallel transport	Bir direction’ı curved space boyunca “mümkün olduğunca değiştirmeden” taşı	Connection
M-238	Mathematics	Holonomy	Bir direction’ı closed loop boyunca taşıyıp başladığın yere dönünce yine de dönmüş olabilirsin	Curvature
M-239	Mathematics	Curvature	Yakın doğrular/geodesics birbirine yaklaşır mı uzaklaşır mı ölç	Differential geometry
M-240	Mathematics	Monge–Ampère mechanism	Local volume distortion’ı second-derivative geometry ile kontrol et	Convex PDE
M-241	Mathematics	Complementarity problem	İki şeyden biri aktifse diğeri sıfır olmak zorunda; hangisinin aktif olduğunu çözüm kendi seçsin	Inequality + orthogonality
M-242	Mathematics	Linear complementarity	Linear relations altında `boşluk` ile `baskı` aynı anda pozitif olamaz	Matrix structure
M-243	Mathematics	Variational inequality	Tek equation çözmek yerine “izin verilen hiçbir küçük hareket sonucu iyileştiremiyor” koşulunu çöz	Feasible convex set
M-244	Mathematics	Obstacle problem	Surface serbestçe şekillenmek ister ama bir engelin içinden geçemez; nerede engelle temas edeceği bilinmiyor	Inequality PDE
M-245	Mathematics	Free-boundary problem	Sadece çözümü değil, farklı laws’ın geçerli olduğu sınırın nerede olduğunu da birlikte bul	Moving/unknown boundary
M-246	Mathematics	Viscosity solution	Derivative olmayan köşelerde bile PDE’nin “üstten ve alttan dokunan smooth testler” karşısındaki davranışıyla solution tanımla	Nonlinear PDE
M-247	Mathematics	Entropy solution	Conservation law birçok weak solution verirse fiziksel shock’u ek irreversibility condition ile seç	Hyperbolic PDE
M-248	Mathematics	Weak solution	Equation point-by-point çalışmıyorsa integrate edip derivative’i test function’a taşı	Integral formulation
M-249	Mathematics	Distribution	Function bile olmayan impulse gibi objeleri, onlara uygulanan smooth testlere verdikleri cevapla tanımla	Generalized function
M-250	Mathematics	Weak derivative	Bir şey ordinary differentiable olmasa da integration-by-parts davranışı derivative taşıyabilir	Sobolev structure
M-251	Mathematics	Finite element method	Büyük continuous domain’i küçük parçalar halinde approximate et, local pieces’i sınırlarında birleştir	Mesh/discretization
M-252	Mathematics	Galerkin method	Error’un seçilmiş approximation directions’a görünmemesini zorla	Trial/test space
M-253	Mathematics	Petrov–Galerkin	Solution’ı bir basis’te kur ama error’u farklı test directions ile kontrol et	Separate trial/test spaces
M-254	Mathematics	Residual minimization	Equation’ın tam çözümünü değil, geriye kalan equation error’unun büyüklüğünü en aza indir	Residual norm
M-255	Mathematics	Adjoint-weighted residual	Her residual aynı önemli değil; final quantity’yi en çok bozan residual’a daha yüksek weight ver	Quantity of interest
M-256	Mathematics	Max-plus algebra	Normal `+` yerine maksimumu, normal `×` yerine toplamı temel operation yap	Idempotent algebra
M-257	Mathematics	Min-plus convolution	Bir şeyi oluşturmanın tüm ara yollarını dene; maliyetlerin toplamı içinden en ucuzunu seç	Path/additive cost
M-258	Mathematics	Idempotent addition	Bir şeyi kendisiyle tekrar “toplamak” yeni bilgi yaratmasın: $a\oplus a=a$	Idempotent semiring
M-259	Mathematics	Max-plus eigenproblem	Repeated timing/network system’de her cycle sonrası yalnız ortak delay/growth kadar değişen schedule bul	Discrete-event systems
M-260	Mathematics	Tropical geometry	Polynomial competition’ı hangi term’in baskın olduğuna göre piecewise-linear geometry’ye çevir	Valuation/max-min structure
M-261	Mathematics	Error-correcting code	Mesaja kontrollü fazlalık ekle ki bazı parçalar bozulsa bile asıl mesaj geri bulunabilsin	Discrete channel + codebook
M-262	Mathematics	Minimum distance	İzin verilen mesajları birbirinden yeterince uzak koy; küçük corruption başka geçerli mesaj gibi görünmesin	Metric/code geometry
M-263	Mathematics	Syndrome decoding	Bütün mesajı yeniden çözmeye çalışma; parity violations’ın pattern’ından error’ın yerini/türünü çıkar	Linear code
M-264	Mathematics	Parity check	Bazı combinations’ın normalde sıfır olması gerekir; bozulma bu invariants’ı kırar	Algebraic redundancy
M-265	Mathematics	Erasure code	Hangi parçaların kayıp olduğunu biliyorsan, yeterli kalan parçadan bütünü yeniden kur	Known missing locations
M-266	Mathematics	Reed–Solomon interpolation	Bir polynomial’ın yeterli sayıda doğru values’ını biliyorsan eksik/bozuk values’a rağmen polynomial’ı recover et	Finite field polynomial
M-267	Mathematics	List decoding	Noise fazla olduğunda tek kesin cevap zorlama; observation’a uyabilecek küçük candidate listesi döndür	Error radius beyond unique decoding
M-268	Mathematics	Expander code	Global error correction’ı sparse local consistency checks ağı üzerinden yap	Expansion property
M-269	Mathematics	Low-density parity check	Çok büyük code’u az bağlantılı local parity constraints ile kur; iterative message passing kullan	Sparse factor graph
M-270	Mathematics	Belief propagation	Her local constraint komşularına “ne kadar inanıyorum?” mesajı yollar; mesajlar tekrar tekrar update olur	Tree exact; loopy approximate
M-271	Mathematics	Information projection	Bir distribution’ı constraint family içindeki en yakın distribution’a project et	Divergence geometry
M-272	Mathematics	Exponential family	Birkaç sufficient aggregate constraint’ın tüm compatible distributions içindeki doğal parametric family’sini kur	Regular statistical manifold
M-273	Mathematics	Dual affine coordinates	Aynı statistical object’i iki farklı coordinate sisteminde ifade et; birinde mixture, diğerinde exponential structure simple olur	Information geometry
M-274	Mathematics	Pythagorean information identity	Projection sonrası total divergence bazı geometrilerde orthogonal parçalar gibi ayrılır	Appropriate divergence/manifold
M-275	Mathematics	Sinkhorn scaling	Matrix’i satır ve sütun hedeflerine sırayla uydur; alternating rescaling sonunda ortak constraints’e yaklaşır	Positive support
M-276	Mathematics	Matrix balancing	Scale farklarını değiştir ama underlying relational pattern’i koruyarak numerically better representation üret	Diagonal rescaling
M-277	Mathematics	Network coding	Her relay yalnız aldığı paketi forward etmek zorunda değil; birkaç flow’u algebraically combine ederek bottleneck throughput artırabilir	Network topology/algebra
M-278	Mathematics	Fountain code	Hangi packets’ın kaybolacağını bilmeden sürekli redundant mixtures üret; yeterince alan receiver bütünü çözer	Rateless erasure setting
M-279	Mathematics	Compressed sensing phase transition	Sparse signal vardır ama measurement sayısı/sparsity belirli boundary’nin altındaysa recovery imkânsız, üstündeyse mümkün hale gelir	Sparsity + measurement geometry
M-280	Mathematics	Restricted isometry	Measurement map sparse vectors arasındaki distances’ı yaklaşık koruyorsa inversion stable olur	Sparse signal class
M-281	Mathematics	Nash equilibrium existence	Herkes diğerlerinin hareketini sabit kabul edip en iyi cevabını seçsin; ortak bir self-consistent choice var mı?	Compactness/convexity/continuity conditions
M-282	Mathematics	Best-response correspondence	Başkalarının choice’ı verilince benim optimal choices kümesini çıkar	Optimization + strategic coupling
M-283	Mathematics	Kakutani fixed point	Tek-valued rule yerine mümkün choices kümesi dönen map’te self-consistent point bul	Upper hemicontinuity/convex values
M-284	Mathematics	Minimax theorem	Bir taraf önce seçse de diğer taraf önce seçse de aynı worst-case value’ya ulaşılabilecek koşulları belirle	Convex-concave zero-sum setting
M-285	Mathematics	Correlated equilibrium	Oyuncular independent randomization yerine ortak bir signal üzerinden coordinated actions seçebilir	Obedience inequalities
M-286	Mathematics	Potential game	Her oyuncunun unilateral incentive’ını tek global landscape’in değişimiyle temsil et	Exact/ordinal potential structure
M-287	Mathematics	Replicator equation	Ortalama üstü performans gösteren strategy’nin population payı büyür, altındakinin küçülür	Population shares
M-288	Mathematics	Evolutionarily stable strategy	Küçük mutant population mevcut strategy’yi invade edemiyorsa state locally resistant	Frequency-dependent fitness
M-289	Mathematics	Viability theorem	Bir state’i allowed region içinde sonsuza kadar tutacak local direction her boundary point’te var mı?	Tangency conditions
M-290	Mathematics	Nagumo tangent-cone condition	Boundary’de dışarı çıkmamak için velocity’nin izin verilen tangent directions içinde kalması gerekir	Closed constraint set
M-291	Mathematics	Set-valued derivative	Bir set değişirken tek slope değil mümkün local movement directions kümesini taşı	Nonsmooth set dynamics
M-292	Mathematics	Hausdorff distance	İki set ne kadar farklı diye her point’in diğer sete en uzak nearest mismatch’ini ölç	Metric compact sets
M-293	Mathematics	Minkowski sum	İki possible-movement setini pairwise toplayıp joint reachable movement seti oluştur	Vector-space geometry
M-294	Mathematics	Support function	Bir convex setin tamamını taşımak yerine her direction’da ne kadar ileri gidebildiğini kaydet	Convex body
M-295	Mathematics	Polar set	“Hangi tests bu seti aşmıyor?” sorusuyla primal feasible object’i dual constraints üzerinden temsil et	Convex duality
M-296	Mathematics	Gauge / Minkowski functional	Bir point’in reference feasible body’nin kaç katı kadar büyük olduğunu ölç	Absorbing convex set
M-297	Mathematics	Prox-regularity	Set smooth olmasa bile yakındaki point’lerin nearest projection’ı iyi davranmaya devam etsin	Controlled nonsmooth geometry
M-298	Mathematics	Sweeping process	Moving constraint set bir state’i iterken state ancak boundary zorladığında hareket etsin	Time-varying closed convex/prox-regular set
M-299	Mathematics	Play operator	Input küçük hareketlerde output’u sürüklemez; gap tükenince output input’u takip eder	Rate-independent hysteresis
M-300	Mathematics	Preisach-type operator mathematics	Çok sayıda farklı switching threshold’u olan küçük memory units’i toplayıp complex hysteresis oluştur	Superposed hysterons
M-301	Mathematics	Convex hull	Verilen noktalar arasında bütün mümkün karışımları doldur	Linear mixtures
M-302	Mathematics	Carathéodory theorem	Yüksek sayıda noktadan oluşan bir mixture gerekiyormuş gibi görünse de dimension kadar küçük bir subset yeterli olabilir	Finite-dimensional convexity
M-303	Mathematics	Choquet representation	Karmaşık bir point’i extreme building blocks üzerinde bir distribution olarak temsil et	Compact convex sets
M-304	Mathematics	Extreme point	Daha basit iki feasible object’in nontrivial karışımı olarak yazılamayan uç object	Convex structure
M-305	Mathematics	Krein–Milman	Büyük compact convex object’i extreme points’inden yeniden kur	Locally convex topology
M-306	Mathematics	Convex envelope	Nonconvex function’ın altında kalan en büyük convex approximation’ı kur	Convexification
M-307	Mathematics	Relaxed control	Tek bir action seçmek yerine actions üzerinde hızlı/random mixture’a izin vererek feasible set’i convexify et	Measure-valued controls
M-308	Mathematics	Chattering approximation	Relaxed mixture’ı çok hızlı ordinary switching ile yaklaşık gerçekleştir	Fast switching
M-309	Mathematics	Young relaxation	Fine-scale oscillations explicit takip edilemiyorsa local mixtures olarak taşı	Weak convergence
M-310	Mathematics	Jensen inequality	Nonlinear function’a önce average vermek ile önce function sonra average almak aynı değildir	Convexity/concavity
M-311	Mathematics	Martingale concentration	Dependent sequential increments olsa bile predictable boundedness sayesinde total deviation’ı bound et	Martingale difference structure
M-312	Mathematics	Azuma–Hoeffding	Her adımın etkisi bounded ise uzun random sequence’in toplamı aşırı sapmayı zor yapar	Bounded increments
M-313	Mathematics	Freedman inequality	Deviation bound’unu yalnız worst-case step size değil gerçekleşen conditional variance ile de ayarla	Martingale variance process
M-314	Mathematics	Optional decomposition	Bir process’i “fair unpredictable part + systematic one-way drift” olarak parçala	Supermartingale structure
M-315	Mathematics	Skorokhod embedding	Bir target distribution’ı Brownian motion’ı uygun random zamanda durdurarak üret	Stopping-time construction
M-316	Mathematics	Reflection principle	Boundary crossing paths’i yansıtarak zor hitting probability’yi ordinary endpoint probability’ye çevir	Symmetric random walk/Brownian motion
M-317	Mathematics	Local time	Process’in bir noktada ne kadar “temas biriktirdiğini” ordinary clock’tan ayrı ölç	Continuous semimartingale
M-318	Mathematics	Excursion decomposition	Bir recurrent point’ten ayrılıp geri dönüşler arasındaki hareketleri ayrı excursions olarak parçala	Markov/local-time structure
M-319	Mathematics	Stochastic ordering	Distribution’ları tek mean ile değil “hangisi sistematik olarak daha büyük?” relation’ıyla karşılaştır	Order class
M-320	Mathematics	Coupling monotonicity	İki systems’i aynı randomness ile kurup biri başlangıçta alttaysa pathwise altta kalmasını sağla	Order-preserving dynamics
M-321	Mathematics	Lindley recursion	Yeni bekleme süresi = eski backlog + yeni iş − geçen servis zamanı; negatifse sıfıra vur	Single-server queue
M-322	Mathematics	Little’s law	Sistemde ortalama kaç şey bulunduğu = geliş hızı × içeride kalma süresi	Stable flow conservation
M-323	Mathematics	Queue stability condition	Uzun vadede gelen iş, işlenebilecekten hızlıysa backlog sonsuza büyür	Arrival/service rates
M-324	Mathematics	Pollaczek–Khinchine mechanism	Sadece ortalama service değil service-time variability de waiting’i büyütür	M/G/1 queue
M-325	Mathematics	Burke theorem	Bazı equilibrium queues’da karmaşık service sistemi çıkışı tekrar basit input process gibi görünebilir	M/M/1 stationarity
M-326	Mathematics	Heavy-traffic limit	Capacity neredeyse tamamen doluyken microscopic queue details yerine scaled diffusion behavior dominate eder	Near-critical load
M-327	Mathematics	Fluid limit	Çok büyük queue/network’i individual jobs yerine continuous mass flow olarak approximate et	Large-scale scaling
M-328	Mathematics	State-space collapse	High-dimensional congestion system heavy load altında birkaç effective direction’a sıkışabilir	Resource pooling/heavy traffic
M-329	Mathematics	Skorokhod reflection	Unconstrained path boundary’yi aşacaksa minimum correction ekleyerek feasible region içine geri it	Hard state constraint
M-330	Mathematics	Max-weight scheduling	Her anda backlog×service-opportunity en büyük olan feasible activity’ye priority ver	Capacity network
M-331	Mathematics	Lyapunov drift criterion	Bir “system badness” measure’ın expected next-step change’i dış bölgelerde negatifse system geri çekilir	Markov dynamics
M-332	Mathematics	Foster recurrence	State space’in uzaklarında systematic inward drift varsa process tekrar merkezi bölgelere döner	Stochastic recurrence
M-333	Mathematics	Coupling from the past	Simulation’ı geçmişten başlatıp bütün olası başlangıçların bugün aynı state’e birleşip birleşmediğine bak	Monotone/couplable chain
M-334	Mathematics	Perfect sampling	Uzun-run approximation yerine stationary distribution’dan tam sample üret	Exact coupling construction
M-335	Mathematics	Ergodic theorem	Tek çok uzun trajectory üzerindeki average bazı koşullarda population/ensemble average’a yaklaşır	Ergodicity
M-336	Mathematics	Ergodic decomposition	Tek global distribution aslında kendi içinde mixing olmayan birkaç invariant world’ün mixture’ı olabilir	Invariant measures
M-337	Mathematics	Subadditivity	Bir bütünün maliyeti iki parçanın ayrı maliyetleri toplamından büyük değilse large-scale average stabilize olabilir	Subadditive structure
M-338	Mathematics	Fekete lemma	Subadditive sequence’te uzun-run unit başına cost, finite-size dalgalanmalara rağmen limit’e oturur	Deterministic subadditivity
M-339	Mathematics	Subadditive ergodic theorem	Random environment’da bile büyük-scale cost/time ratio stable deterministic-like limit’e yaklaşabilir	Stationarity + subadditivity
M-340	Mathematics	FKG inequality	Local variables birbirini aynı yönde destekleyen interaction taşıyorsa increasing events positive association gösterebilir	Lattice/positive dependence
M-341	Mathematics	Optimal stopping	Süreci kontrol edemiyorsun; sadece ne zaman duracağını seçiyorsun	Stochastic process + stopping rule
M-342	Mathematics	Snell envelope	Her anda “şimdi durmanın değeri” ile “beklemeye devam etmenin değeri”nden büyüğünü taşı	Adapted payoff process
M-343	Mathematics	Stopping boundary	State smooth değişir ama “bekle/dur” kararı belirli bir boundary’de discrete değişir	Markov optimal stopping
M-344	Mathematics	Secretary problem	Seçenekler sırayla gelir, geri dönemezsin; önce biraz öğren, sonra yeterince iyi ilk adayı al	Random order + irreversible choice
M-345	Mathematics	Prophet inequality	Geleceği bilen ideal chooser ile online chooser arasındaki kaçınılmaz performance gap’ini bound et	Sequential selection
M-346	Mathematics	Dynkin game	İki taraf da ne zaman duracağını seçer; payoff kimin önce durduğuna bağlı	Two-sided stopping game
M-347	Mathematics	Differential game	Bir system state’i iki opposing controller’ın actions’ıyla birlikte hareket eder	Dynamic adversarial control
M-348	Mathematics	Isaacs equation	Bir taraf en iyisini, diğeri en kötüsünü seçerken local future value’un self-consistent equation’ını kur	Min–max dynamic programming
M-349	Mathematics	Stochastic target problem	“Expected reward maximize et” değil, final state’in belirli target set’e düşmesini garanti etmeye çalış	Controlled stochastic dynamics
M-350	Mathematics	Reach-avoid problem	Target’a ulaş ama yol boyunca forbidden region’a hiç girme	Dynamic state constraints
M-351	Mathematics	Graph Laplacian	Her node’u komşularından ne kadar farklı olduğuyla ölç	Weighted graph
M-352	Mathematics	Algebraic connectivity	Network’ün ne kadar tek parça olduğunu Laplacian’ın ilk nonzero eigenvalue’sundan ölç	Connected graph
M-353	Mathematics	Cheeger inequality	Network’teki hidden bottleneck’i yalnız combinatorial cut aramadan spectral quantity ile bound et	Graph geometry
M-354	Mathematics	Effective resistance	İki node arasındaki çok sayıda parallel route’u tek equivalent difficulty olarak özetle	Conductance-weighted graph
M-355	Mathematics	Commute time	Random walker’ın A→B→A round-trip süresi network geometry’siyle bağlantılıdır	Reversible random walk
M-356	Mathematics	Hitting time	Bir random walk’ın target node/set’e ilk erişmesine kadar geçen zamanı ölç	Markov chain
M-357	Mathematics	Cover time	Process’in network’teki her location’ı en az bir kez görmesi ne kadar sürer?	Finite graph
M-358	Mathematics	Expander graph	Az edge kullanırken her küçük node grubunun dış dünyayla çok bağlantısı olsun	Sparse highly connected graph
M-359	Mathematics	Expander mixing	Strongly expanding sparse graph, büyük subsets arasındaki edge counts açısından random-like davranabilir	Spectral expansion
M-360	Mathematics	Spectral sparsification	Çok dense network’ten edges çıkar ama önemli quadratic/flow/cut behavior’ı yaklaşık koru	Weighted graph approximation
M-361	Mathematics	Galton–Watson branching	Her unit rastgele sayıda yeni unit üretir; population ya söner ya büyüyebilir	Independent reproduction
M-362	Mathematics	Branching extinction threshold	Ortalama offspring ≤1 ise extinction baskın; >1 ise indefinite survival mümkün hale gelir	Reproduction distribution
M-363	Mathematics	Extinction probability fixed point	Population’ın tamamen yok olma probability’si offspring generating function’ın fixed point’idir	Branching process
M-364	Mathematics	Multitype branching	Farklı unit types farklı types üretir; long-run growth tek ortalamadan değil reproduction matrix’ten gelir	Type-dependent reproduction
M-365	Mathematics	Perron–Frobenius mechanism	Positive interaction matrix’inde uzun-run composition dominant positive eigenvector’a yaklaşabilir	Nonnegative irreducible matrix
M-366	Mathematics	Branching random walk	Units hem çoğalır hem space’de hareket eder; growth ile dispersion birlikte front oluşturur	Reproduction + motion
M-367	Mathematics	Contact/percolation domination	Karmaşık dependent process’i daha basit üst/alt random process ile sandwich et	Stochastic ordering
M-368	Mathematics	Bond percolation	Network edges ayrı ayrı açık/kapalı olur; yeterince bağlantı oluşunca giant/spanning structure doğar	Random graph/lattice
M-369	Mathematics	Site percolation	Nodes aktif/inaktif olur; connectivity node occupancy üzerinden belirlenir	Random occupancy
M-370	Mathematics	Oriented percolation	Connections yalnız izin verilen time/direction boyunca ilerleyebilir	Directed causal geometry
M-371	Mathematics	First-passage percolation	Her edge random travel time taşır; iki nokta arası en hızlı random path’i bul	Positive edge weights
M-372	Mathematics	Shape theorem	Random local travel times altında uzun sürede reachable region deterministic large-scale shape’e yaklaşabilir	Stationary ergodic environment
M-373	Mathematics	Last-passage percolation	Paths arasından toplam random reward’u en büyük olanı seç	Directed random environment
M-374	Mathematics	Max-flow/min-cut random medium	Random capacities altında global throughput’u weakest separating surface sınırlar	Network capacities
M-375	Mathematics	Menger theorem	İki region arasında kaç bağımsız route varsa onları tamamen ayırmak için en az o kadar bottleneck kaldırmak gerekir	Graph connectivity
M-376	Mathematics	Hall-type deficiency	Matching başarısızlığını tek tek pair eksikliğinden değil, talep grubuna göre yetersiz partner setinden teşhis et	Bipartite graph
M-377	Mathematics	Dilworth theorem	Partial order içindeki karmaşıklığı en büyük mutually incomparable set ile minimum chain decomposition arasında dualize et	Finite poset
M-378	Mathematics	Maximal coupling	İki distribution’dan samples’ı mümkün olan en yüksek probability ile aynı yapacak joint construction kur	Probability measures
M-379	Mathematics	Total variation via coupling	İki probability law’ın farkı, optimal coupling altında samples’ın farklı kalma minimum probability’sidir	Common measurable space
M-380	Mathematics	Dobrushin contraction	Local dependence yeterince zayıfsa repeated update başlangıç farklarını contract eder	Influence coefficients
M-381	Mathematics	Itô formula	Random hareket altında function’ın değişimi yalnız slope×move değildir; randomness’in quadratic variation’ı ekstra curvature term üretir	Semimartingale
M-382	Mathematics	Itô correction	Çok küçük random movements tek tek sıfıra yakın olsa da squared movements toplandığında kaybolmaz	Diffusive scaling
M-383	Mathematics	Stratonovich integral	Random differential equation’ı ordinary chain rule korunacak şekilde farklı sampling convention ile tanımla	Continuous semimartingale
M-384	Mathematics	Quadratic variation	Path’in ordinary total displacement’ı küçük olabilir ama küçük increments’in kareleri finite aggregate bırakabilir	Rough stochastic paths
M-385	Mathematics	Local martingale	Geleceği predict edilebilir drift taşımayan process, global integrability olmasa bile local bölgelerde “fair” davranabilir	Localization
M-386	Mathematics	Girsanov likelihood ratio process	Path’leri değiştirmeden hangi paths’in daha probable sayıldığını dinamik weight ile değiştir	Equivalent measures
M-387	Mathematics	Stochastic exponential	Birçok küçük multiplicative random change’i positivity koruyan continuous compounding object’e dönüştür	Semimartingale integration
M-388	Mathematics	Hörmander mechanism	Noise doğrudan her direction’a girmese bile dynamics noise directions’ı birbirine karıştırıp bütün state space’e yayabilir	Lie-bracket spanning
M-389	Mathematics	Lie bracket	A yönünde biraz git, B yönünde git, A’yı geri al, B’yi geri al; net olarak üçüncü bir direction oluşabilir	Noncommuting vector fields
M-390	Mathematics	Chow–Rashevskii reachability	İzin verilen instantaneous directions az olsa da onların brackets’ı bütün directions’ı üretirse global movement mümkün olabilir	Bracket-generating controls
M-391	Mathematics	Hypoellipticity	Noise eksik directions’da bile dynamics onu taşıyıp final distribution’ı smoothlaştırabilir	Hörmander-type structure
M-392	Mathematics	Rough path lift	Çok düzensiz path için yalnız increments yetmez; küçük loops’un oriented area bilgisini de taşı	Low-regularity driving signals
M-393	Mathematics	Path signature	Bir path’i ordered iterated interactions listesiyle temsil et; sadece endpoint değil hareket sırası da kalsın	Bounded variation/rough paths
M-394	Mathematics	Chen identity	Uzun path’in signature’ı ardışık path parçalarının algebraic product’ından birleşir	Concatenated paths
M-395	Mathematics	Wasserstein gradient flow	Distribution’ı doğrudan parameter update ile değil, probability mass’ın space içinde en hızlı energy azaltan akışıyla hareket ettir	Optimal-transport geometry
M-396	Mathematics	Entropy dissipation	System equilibrium’a yaklaşırken belirli disorder/information functional’ı tek yönde azalır	Dissipative evolution
M-397	Mathematics	Log-Sobolev inequality	Entropy’nin equilibrium’a ne kadar hızlı düşeceğini local gradient-information ile bound et	Measure functional inequality
M-398	Mathematics	Poincaré inequality	Global variation’ı local gradient variation ile sınırla	Domain/measure geometry
M-399	Mathematics	Łojasiewicz inequality	Critical point yakınında function gap ile gradient size arasında relation kurup convergence speed çıkar	Analytic/tame geometry
M-400	Mathematics	Łojasiewicz–Simon mechanism	Infinite-dimensional dynamics’in equilibrium’a gerçekten tek state olarak converge etmesini energy-gradient relation ile kontrol et	Gradient-like PDE
M-401	Mathematics	Koopman operator	Nonlinear state’i doğrudan takip etmek yerine onun üzerinde ölçtüğün observables’ın nasıl değiştiğini takip et; observable evolution linear olabilir	Deterministic dynamics + observable space
M-402	Mathematics	Perron–Frobenius transfer operator	Tek trajectory yerine probability mass’ın dynamics altında nereye taşındığını takip et	Measure transport
M-403	Mathematics	Semigroup generator	Bütün future evolution’ı saklama; çok küçük zamandaki değişim rule’undan bütün evolution’ı üret	Strongly continuous semigroup
M-404	Mathematics	Resolvent operator	Dynamics/operator’ı doğrudan çözmek yerine farklı spectral probe değerlerine verdiği inverse response’u incele	Spectrum dışında parameter
M-405	Mathematics	Hille–Yosida mechanism	Bir local operator gerçekten well-behaved time evolution üretebilir mi diye generator conditions üzerinden test et	Banach-space semigroup
M-406	Mathematics	Occupation measure	Path’in tam sırasını taşımak yerine hangi state-action bölgelerinde ne kadar zaman geçirildiğini measure olarak kaydet	Dynamical trajectory
M-407	Mathematics	Invariant measure	Dynamics çalışmasına rağmen distribution hiç değişmiyorsa statistical steady object elde et	Measure-preserving/stationary structure
M-408	Mathematics	Ergodic optimization	Hangi invariant long-run behavior belirli observable’ın time average’ını en büyük/küçük yapıyor?	Invariant measures
M-409	Mathematics	Measure-LP optimal control	Nonlinear trajectory-control problem’ini state-action occupation measures üzerinde linear optimization’a kaldır	Measure relaxation
M-410	Mathematics	Generalized moment problem	Unknown distribution’ın tamamı yerine integraller/moments ve constraints üzerinden optimize et	Positive measures
M-411	Mathematics	Sum-of-squares certificate	Polynomial’ın her yerde nonnegative olduğunu tek tek nokta kontrolüyle değil square decomposition ile kanıtla	Polynomial structure
M-412	Mathematics	Positivstellensatz	Geometric feasible set üzerindeki positivity’yi algebraic certificate’a çevir	Semialgebraic set
M-413	Mathematics	Semidefinite relaxation	Zor nonconvex polynomial condition’ı larger matrix positivity problem’ine kaldır	PSD representation
M-414	Mathematics	Moment–SOS hierarchy	Kolay ama loose relaxation’dan başla; degree arttıkça daha sıkı bounds üret	Polynomial optimization
M-415	Mathematics	Dual certificate	Candidate optimum’un gerçekten iyi olduğunu başka bir feasible witness/test function ile aşağı/yukarıdan kanıtla	Convex duality
M-416	Mathematics	Complementary slackness	Constraint gevşekse shadow price sıfır; shadow price pozitifse constraint sınırda olmalı	Convex optimization
M-417	Mathematics	Primal–dual gap	Candidate solution ile certificate arasındaki fark, optimum’dan ne kadar uzak olabileceğini ölçer	Weak/strong duality
M-418	Mathematics	Extragradient	Rakibe/monotone field’a doğru doğrudan step atma; önce trial step ile direction’ı gör, sonra gerçek step’i güncellenmiş direction’dan yap	Variational inequality
M-419	Mathematics	Mirror–Prox	Extragradient’i Euclidean değil problem geometry’sine uygun mirror coordinates’de yap	Monotone operator + Bregman geometry
M-420	Mathematics	Operator averaging	Sert operator’ı direkt tekrar tekrar uygulamak yerine identity ile karıştırıp update’i daha stable hale getir	Nonexpansive/fixed-point maps
M-421	Mathematics	Controllability Gramian	Her input direction’ın zaman boyunca hangi state directions’a ne kadar ulaşabildiğini tek geometric object’te biriktir	Linear dynamics
M-422	Mathematics	Observability Gramian	Her hidden state direction’ın future measurements üzerinde ne kadar iz bıraktığını biriktir	Linear observation system
M-423	Mathematics	Balanced realization	State coordinates’ı hem kontrol edilmesi hem görülmesi aynı scale’da sıralanacak şekilde değiştir	Stable linear system
M-424	Mathematics	Balanced truncation	Hem zor görülen hem zor etkilenebilen state directions’ı atıp küçük model kur	Stability + Hankel singular values
M-425	Mathematics	Hankel singular value	Geçmiş input’un future output’a taşınmasında bir hidden direction ne kadar güçlü ara kanal?	Input-output linear system
M-426	Mathematics	Model reduction error bound	State’i küçültürken hangi discarded directions’ın output error’a en fazla katkı verebileceğini bound et	Stable system
M-427	Mathematics	Kalman decomposition	State space’i dört parçaya ayır: görülebilir/görülemez × kontrol edilebilir/edilemez	Linear systems
M-428	Mathematics	Minimal realization	Aynı input-output behavior’ı üreten gereksiz hidden states’i sil; en küçük internal model’i tut	Realization equivalence
M-429	Mathematics	Inverse spectral problem	İç yapıyı doğrudan görme; system’ın natural frequencies/eigenvalues’ından geometry/parameters geri çıkar	Identifiability restrictions
M-430	Mathematics	Isospectrality	İki farklı internal structures aynı spectrum’u üretebilir; frequencies tek başına yapıyı unique belirlemeyebilir	Spectral nonuniqueness
M-431	Mathematics	Dirichlet-to-Neumann map	Boundary’ye verilen input’a boundary’den çıkan response’u ölç; interior’u bu input-output operator’dan infer et	PDE boundary access
M-432	Mathematics	Calderón-type inverse problem	Interior coefficient doğrudan görünmüyor; boundary experiments’ın tamamından conductivity-like field recover etmeye çalış	Elliptic PDE
M-433	Mathematics	Observability inequality	Tüm hidden energy’yi sınırlı observation region/time’daki measurement ile bound edebiliyor musun?	PDE/control geometry
M-434	Mathematics	Unique recovery threshold	Observation set/time yeterli değilse farklı states aynı data’yı üretir; yeterli hale gelince uniqueness açılır	Measurement geometry
M-435	Mathematics	Optimal transport barycenter	Birkaç distribution’ın “ortalamasını” pointwise average değil minimum transport cost’lu ortak distribution olarak seç	Wasserstein geometry
M-436	Mathematics	Displacement interpolation	İki distribution arasında probability values’ı karıştırma; mass’ı gerçekten space içinde taşıyarak ara states oluştur	Transport map/coupling
M-437	Mathematics	Unbalanced transport	Source ve target mass eşit değilse taşımanın yanında mass yaratma/yok etme maliyetine de izin ver	Relaxed conservation
M-438	Mathematics	Gromov–Wasserstein	İki spaces’de points doğrudan comparable değilse absolute coordinates yerine internal pairwise geometry’yi eşleştir	Metric-measure spaces
M-439	Mathematics	Entropic OT bias–variance mechanism	Exact transport geometry pahalı/unstable ise entropy ekleyerek daha smooth ama biased coupling seç	Regularization
M-440	Mathematics	Sinkhorn divergence correction	Entropic transport’un kendine karşı bile sıfır olmayan regularization bias’ını self-cost terms çıkararak düzelt	Entropic OT
M-441	Mathematics	Bayesian inverse problem geometry	Birçok hidden cause observation’a uyuyor; data-fit ile prior geometry’yi birlikte kullanarak possibilities’i yeniden ağırlıklandır	Forward operator + prior
M-442	Mathematics	Cameron–Martin direction	Infinite-dimensional random object’te bazı küçük shifts probability law’ı smoothly değiştirir, bazıları ise tamamen başka bir law üretir	Gaussian measure
M-443	Mathematics	Onsager–Machlup functional	Random path’ler arasında “en plausible tube”yu action-like cost ile karşılaştır	Diffusion/path measure
M-444	Mathematics	Posterior contraction	Data arttıkça possible parameter/function worlds gerçekten doğru region’ın çevresinde sıkışıyor mu?	Identifiability + prior support
M-445	Mathematics	Source condition	Inverse problem’de true solution operator’ın hangi smoothness directions’ında yaşıyorsa recovery rate ona bağlıdır	Spectral regularity
M-446	Mathematics	Morozov discrepancy stopping	Residual measurement-noise level’a indiğinde inversion’ı durdur; daha iyi fit noise’u geri kurmaya başlar	Known/estimated noise
M-447	Mathematics	Iterated Tikhonov	Tek regularized correction yetmiyorsa residual’ı tekrar regularized inverse’e sokarak bias’ı kademeli azalt	Ill-posed inverse operator
M-448	Mathematics	Bregman iteration	Regularization’ın bıraktığı systematic residual’ı dual memory’de tutup sonraki çözümde geri besle	Convex regularizer
M-449	Mathematics	Sparse recovery dual certificate	Candidate sparse solution’ın unique/optimal olduğunu measurement space’de başka bir witness ile kanıtla	Convex sparse optimization
M-450	Mathematics	Null-space property	Measurement’ın göremediği hiçbir direction sparse solution’ı daha ucuz başka solution’a çevirememeli	Compressed sensing
M-451	Mathematics	Restricted eigenvalue condition	High-dimensional inverse yalnız sparse directions’da yeterince nondegenerate olsa bile estimation mümkün olabilir	Sparse model class
M-452	Mathematics	Monotone dynamical system	Bir state başlangıçta diğerinden büyükse dynamics bu ordering’i korur	Order-preserving flow
M-453	Mathematics	Strong monotonicity	Başlangıç ordering’i zamanla strict hale gelip trajectories’i daha düzenli global behavior’a zorlayabilir	Cone order
M-454	Mathematics	Cooperative system	Bir variable artışı diğerlerinin growth rate’ini azaltmak yerine destekler	Nonnegative off-diagonal Jacobian
M-455	Mathematics	Competitive system	Variables bazı directions’da birbirlerinin growth’ını sistematik bastırır	Signed order structure
M-456	Mathematics	Comparison system	Zor nonlinear dynamics’i üst/alt simpler systems arasına sıkıştırıp bounds taşı	Order relation
M-457	Mathematics	Small-gain theorem	Birbirine feedback veren stable subsystems’in loop amplification’ı yeterince küçükse bütün system stable kalır	Input-output gains
M-458	Mathematics	Passivity	System aldığı energy’den fazlasını kendi başına üretmiyorsa feedback connection stability kazanabilir	Storage function
M-459	Mathematics	Dissipativity	Input-output behavior belirli supply budget’ını aşmıyorsa internal energy accounting ile global behavior bound edilir	Storage/supply rate
M-460	Mathematics	Integral quadratic constraint	Complex/unknown component’in exact equation’ı yerine input-output signals’ın sağlaması gereken aggregate inequality kullan	Robust control
M-461	Mathematics	Tightness	Probability mass’ın giderek sonsuza kaçmasını engelleyecek compact bölgeler bul	Probability measures
M-462	Mathematics	Prokhorov theorem	Probability laws tight ise içlerinden convergent subsequence çıkarabilirsin	Polish spaces
M-463	Mathematics	Weak convergence	Individual outcomes’ı eşleştirmek yerine bütün bounded-continuous tests’e verilen averages converge etsin	Distributional limit
M-464	Mathematics	Portmanteau theorem	Distribution convergence’i farklı observable/event inequalities üzerinden eşdeğer biçimlerde test et	Weak convergence
M-465	Mathematics	Skorokhod representation	Distribution’da converge eden random objects’i başka common probability space’de pathwise converge edecek kopyalar olarak kur	Appropriate metric spaces
M-466	Mathematics	Characteristic function	Distribution’ın tamamını oscillatory test functions’a verdiği responses ile kodla	Probability law
M-467	Mathematics	Lévy continuity theorem	Characteristic responses converge ediyorsa uygun conditions altında distributions da converge eder	Continuity at origin
M-468	Mathematics	Moment determinacy	Bütün moments’i bilmek distribution’ı her zaman unique belirlemez; hangi conditions altında belirlediğini ayır	Tail/growth conditions
M-469	Mathematics	Convex order	İki distributions aynı mean taşısa bile hangisi bütün convex losses için daha risky?	Integrability + equal means
M-470	Mathematics	Strassen coupling theorem	Distribution order relation varsa bunu pairwise random variables arasında pathwise relation taşıyan coupling olarak realize et	Stochastic/convex order
M-471	Mathematics	Martingale transport	Mass’ı taşı ama her başlangıç noktasından giden destinations’ın average’ı başlangıç noktasında kalsın	Martingale constraint
M-472	Mathematics	Wasserstein distributional robustness	True distribution tek estimate değil; estimate çevresindeki transport-distance ball içinde herhangi bir law olabilir	Ambiguity set
M-473	Mathematics	Worst-case expectation over measures	Parameter’ın worst case’ini değil, bütün possible probability laws’ın worst expected outcome’unu optimize et	Distributional ambiguity
M-474	Mathematics	Exchangeability	Observation sırasını değiştirince joint law değişmiyorsa labels/order intrinsic bilgi taşımıyor	Permutation symmetry
M-475	Mathematics	de Finetti mechanism	Sonsuz exchangeable binary sequence, hidden probability verilince independent observations mixture’ı gibi temsil edilebilir	Infinite exchangeability
M-476	Mathematics	Aldous–Hoover representation	Exchangeable network/array structure global + node + pair-specific latent randomness katmanlarına ayrılabilir	Exchangeable arrays
M-477	Mathematics	Hewitt–Savage zero–one law	Sonsuz IID sequence’de finite reorderings’dan etkilenmeyen event ya almost impossible ya almost certain olur	IID symmetry
M-478	Mathematics	Tail σ-field	Her finite başlangıcı silsen bile değişmeyen “sonsuz gelecek” bilgilerini ayrı information set olarak tanımla	Infinite sequences
M-479	Mathematics	Kolmogorov zero–one law	Independent sequence’in tail events’inin probability’si ara değer taşımaz: 0 veya 1	Independence
M-480	Mathematics	Martingale convergence	Bilgi arttıkça conditional estimates sürekli update olur ama boundedness/integrability altında eventually stable random limit’e yaklaşabilir	Increasing information filtration
M-481	Mathematics	Simplicial complex	Karmaşık shape’i points, edges, triangles ve daha yüksek basit pieces’i birbirine yapıştırarak temsil et	Combinatorial topology
M-482	Mathematics	Boundary operator	Bir parçanın “kenarlarını” çıkar; sonra kenarın da kenarını alınca hiçbir şey kalmaz	Chain complex
M-483	Mathematics	Homology	Closed structure var mı ve bu structure gerçekten bir şeyin boundary’si mi diye ayır	Topological space/complex
M-484	Mathematics	Cohomology	Holes’ı doğrudan objects olarak değil, onları test eden globally consistent measurements üzerinden yakala	Dual chain structure
M-485	Mathematics	Euler characteristic	Points−edges+faces−… gibi alternating count, decomposition değişse bile global topology hakkında sabit bilgi taşıyabilir	Finite cell/simplicial decomposition
M-486	Mathematics	Mayer–Vietoris	Bütünü tek seferde çözme; iki parçayı ve overlap’lerini bilerek global holes’ı reconstruct et	Suitable cover
M-487	Mathematics	Nerve lemma	Birçok overlapping region’ın actual geometry’si yerine hangi subsets’in ortak kesiştiğini gösteren combinatorial nerve kullan	Good-cover conditions
M-488	Mathematics	Sheaf	Her local region’a bilgi koy ve overlapping regions’daki bilgilerin birbirleriyle nasıl uyumlu olması gerektiğini kaydet	Local-to-global structure
M-489	Mathematics	Local section	Global answer bilinmese bile küçük bir region içinde internally consistent answer taşı	Sheaf/local domain
M-490	Mathematics	Gluing axiom	Local answers overlap’lerde uyuşuyorsa onları tek global answer olarak birleştir	Exact compatibility
M-491	Mathematics	Sheaf obstruction	Her local piece ayrı ayrı çalışsa bile overlap consistency failures yüzünden global solution bulunamayabilir	Local compatibility network
M-492	Mathematics	Sheaf cohomology	Global solution’ın neden kurulamadığını local mismatch’lerin higher-order pattern’ıyla ölç	Derived local-to-global structure
M-493	Mathematics	Covering space	Karmaşık looping behavior’ı, local olarak aynı görünen ama globalde açılmış daha büyük space’de çöz	Topological covering
M-494	Mathematics	Fundamental group	Closed loops’un hangileri continuous olarak yok edilebilir, hangileri global obstruction taşıyor sınıflandır	Path-connected topology
M-495	Mathematics	Monodromy	Bir local solution’ı closed loop boyunca taşı; başlangıç noktasına döndüğünde solution değişmiş olabilir	Multivalued/covering structure
M-496	Mathematics	Obstruction theory	Bir partial construction’ı bir sonraki dimension’a extend etmeyi engelleyen explicit topological object var mı bul	CW/simplicial structures
M-497	Mathematics	Hodge decomposition	Bir flow/field’i gradient-like, circulating ve harmonic pieces’e ayır	Inner-product differential complex
M-498	Mathematics	Discrete Hodge decomposition	Network flow’unu source-to-sink, local cycles ve global harmonic circulation parçalarına ayır	Oriented graph/complex
M-499	Mathematics	Lefschetz fixed-point mechanism	Bir map space’in topology’si üzerinde enough nontrivial trace bırakıyorsa en az bir fixed point kaçınılmaz olabilir	Compact topological setting
M-500	Mathematics	Local-to-global consistency principle	Local constraints’ın hepsi doğru olsa bile global consistency ayrıca test edilmelidir	Overlap/gluing architecture
M-501	Mathematics	Category	Objects’in iç yapısından çok aralarındaki allowed transformations ve bunların nasıl birleştiğini taşı	Composition + identity
M-502	Mathematics	Morphism	“A’yı B’ye götüren admissible transformation”ı primitive relation olarak ele al	Category-specific structure preservation
M-503	Mathematics	Functor	Bir entire object-relation system’ini başka bir system’e çevirirken transformation composition’ını koru	Structure-preserving mapping
M-504	Mathematics	Natural transformation	İki farklı system-level translation arasında, her object için ayrı ama birbirleriyle uyumlu dönüşüm kur	Functor compatibility
M-505	Mathematics	Universal property	Object’i coordinates/formula ile değil, diğer bütün objects’le kurduğu unique mapping relation üzerinden tanımla	Categorical uniqueness
M-506	Mathematics	Categorical product	A ve B’yi aynı anda gören universal object kur; A ve B’ye projections taşı	Joint information object
M-507	Mathematics	Coproduct	A ve B’yi common object içine en serbest biçimde göm ve dışarıya maps’i universal biçimde birleştir	Universal combination
M-508	Mathematics	Pullback	İki object aynı third object’e map ediyorsa, aynı image’a giden compatible pairs’i seç	Consistency constraint
M-509	Mathematics	Pushout	İki object shared part taşıyorsa shared part’ı identify edip onları tek global object’e yapıştır	Quotient/gluing
M-510	Mathematics	Equalizer	İki transformation’ın aynı sonucu verdiği inputs’un en büyük structured subset’ini çıkar	Agreement set
M-511	Mathematics	Coequalizer	İki transformation tarafından aynı sayılması gereken outputs’u collapse ederek quotient oluştur	Identification
M-512	Mathematics	Limit	Bir whole diagram içindeki bütün compatibility constraints’i aynı anda sağlayan universal object kur	Diagram consistency
M-513	Mathematics	Colimit	Bir diagram’daki objects’i shared relations’ı preserve ederek tek aggregate object’e birleştir	Global gluing
M-514	Mathematics	Adjunction	Bir taraftaki “free construction” ile diğer taraftaki “constraint-respecting interpretation” arasında optimal translation relation kur	Paired functors
M-515	Mathematics	Unit–counit mechanism	Bir object’i başka representation’a götürüp geri getirdiğinde original ile reconstruction arasındaki canonical map’i izle	Adjunction
M-516	Mathematics	Monad	“Transform et → transformed world’de yeniden transform et → sonucu tek transformation’a collapse et” structure’ını paketle	Associative composition
M-517	Mathematics	Galois connection	Bir side’daki expansion ile diğer side’daki restriction birbirini order-reversing/adjoint biçimde determine etsin	Ordered sets
M-518	Mathematics	Closure operator	Bir set’e zorunlu consequences ekle; ikinci kez closure almak yeni hiçbir şey eklemesin	Extensive + monotone + idempotent
M-519	Mathematics	Knaster–Tarski fixed-point theorem	Monotone rule complete lattice üzerinde çalışıyorsa least ve greatest self-consistent solutions bulunur	Complete lattice
M-520	Mathematics	Birkhoff representation	Finite distributive lattice’i simpler irreducible ordered pieces’in down-set structure’ından yeniden kur	Finite distributive lattice
M-521	Mathematics	Polyhedron	Birçok linear inequality’nin aynı anda izin verdiği region’ı oluştur	Finite linear constraints
M-522	Mathematics	Polytope	Bounded polyhedron: feasible region sonsuza kaçamaz	Bounded linear geometry
M-523	Mathematics	Farkas lemma	Ya desired linear equation nonnegative combination’larla kurulabilir ya da bunun imkânsızlığını gösteren separating witness vardır	Linear alternatives
M-524	Mathematics	Alternative theorem	İki mutually exclusive systems’den biri mutlaka feasible; infeasibility boş sonuç değil certificate üretir	Linear/conic feasibility
M-525	Mathematics	KKT conditions	Optimum’da objective’i iyileştirecek feasible first-order direction kalmamalı; active constraints bunu balance eder	Differentiable constrained optimization
M-526	Mathematics	Constraint qualification	KKT gibi local certificates’in gerçekten geçerli olması için active constraints fazla degenerate olmamalı	Local constraint geometry
M-527	Mathematics	Slater condition	Convex inequalities’in hepsini strict biçimde sağlayan interior point varsa duality/pathologies önemli ölçüde temizlenir	Convex optimization
M-528	Mathematics	Strong duality	Primal optimum ile best dual certificate aynı value’ya ulaşır	Convexity + regularity
M-529	Mathematics	Recession cone	Feasible region hangi directions’da sonsuza kadar kaçabiliyor?	Convex set
M-530	Mathematics	Normal cone	Boundary point’te hangi external directions feasible region’a “destek” verir ve outward movement’ı engeller?	Convex geometry
M-531	Mathematics	Polyhedral normal fan	Her objective direction için hangi vertex/face’in optimum olduğunu direction-space regions’ına ayır	Polytope
M-532	Mathematics	Integral polyhedron	Continuous feasible region’ın extreme solutions’ı zaten integers ise integer constraint ayrıca çözümü zorlaştırmaz	Lattice-compatible polyhedron
M-533	Mathematics	Total unimodularity	Constraint matrix’in special determinant structure’ı integer right-hand side altında LP vertices’ini integer tutar	Integer matrix structure
M-534	Mathematics	Network matrix integrality	Flow-type constraint matrix’lerinin graph incidence structure’ı integer solutions’ı naturally koruyabilir	Directed network
M-535	Mathematics	Birkhoff–von Neumann decomposition	Doubly stochastic matrix’i permutation matrices’in weighted mixture’ı olarak parçala	Nonnegative row/column sums
M-536	Mathematics	Assignment polytope	Fractional-looking assignment relaxation’ın vertices’i aslında discrete one-to-one assignments olabilir	Bipartite matching
M-537	Mathematics	Transportation polytope	Sources ve destinations arasında flows seç; row/column totals sabit kalsın	Supply-demand conservation
M-538	Mathematics	Integer hull	Continuous feasible region içinden yalnız integer feasible points’in convex hull’unu çıkar	Integer optimization
M-539	Mathematics	Chvátal–Gomory cut	Integer solutions’ın hepsini koruyup fractional relaxation’ın bir parçasını kesen yeni inequality üret	Integer linear system
M-540	Mathematics	Branch-and-cut	Search tree ile discrete possibilities’i böl; aynı anda valid inequalities ile her node’daki feasible region’ı sıkılaştır	Integer optimization
M-541	Mathematics	Matroid intersection	İki ayrı “allowed independent set” rule’unu aynı anda sağlayan en büyük subset’i bul	Two matroids on same ground set
M-542	Mathematics	Matroid union	Bir seti birkaç bağımsız subsystem’e bölünebilir mi diye test et	Multiple matroids
M-543	Mathematics	Matroid partition	Elements’i minimum/allowed sayıda independent groups’a ayır	Combinatorial independence
M-544	Mathematics	Matroid parity	Elements pairs halinde gelir; yalnız bütün pair’i seçebilirsin ve selected elements independent kalmalı	Paired combinatorial choice
M-545	Mathematics	Polymatroid	Capacity yalnız tek elements’e değil bütün subsets’e diminishing-return rank rule’u ile atanır	Submodular rank function
M-546	Mathematics	Polymatroid base polytope	Total resource sabitken her subset’in alabileceği amount submodular capacity ile bounded olsun	Continuous allocation
M-547	Mathematics	Submodular base exchange	Bir allocation bir component’te fazla ise başka component’e transfer ederek feasibility korunabilir	Base-polytope geometry
M-548	Mathematics	Greedy optimization over polymatroid	Linear reward altında en değerli coordinates’e sırayla capacity ver; submodular constraints greedy solution’ı exact yapabilir	Monotone submodular capacity
M-549	Mathematics	Submodular flow	Edge-by-edge conservation yerine vertex subsets üzerindeki aggregate imbalance’a submodular limits koy	Network + submodular boundary
M-550	Mathematics	Polymatroidal flow	Node’un incident edges’i independent capacities değil; groups of edges ortak submodular capacity paylaşır	Network congestion structure
M-551	Mathematics	Matroid-constrained matching	Matching yap ama selected edges/items ayrıca independence rule’una da uysun	Matching + matroid
M-552	Mathematics	Gammoid	“Bu elements bağımsız mı?” sorusunu vertex-disjoint paths ile represent et	Directed graph reachability
M-553	Mathematics	Transversal matroid	Bir collection içinden distinct representatives seçilebilen subsets’i independence structure yap	Bipartite matching
M-554	Mathematics	Graphic matroid	Edge subset independent iff cycle oluşturmuyor	Graph
M-555	Mathematics	Cographic matroid	Graph cuts’ın dual independence structure’ını taşı	Graph duality
M-556	Mathematics	Greedoid	Feasible set’e elementler her sırada eklenemez; ama step-by-step accessible growth path vardır	Sequential feasibility
M-557	Mathematics	Antimatroid	Once-feasible additions future feasibility’yi bozmaz; knowledge/assembly process monotone büyür	Accessible union-closed system
M-558	Mathematics	Convex geometry / anti-exchange closure	Bir element closure’a girdiğinde symmetric replacement genellikle mümkün değildir; irreversible dependency order çıkar	Closure system
M-559	Mathematics	Exchange axiom	İki feasible structures farklı sizes taşırsa büyüğünden küçüğe bir element transfer ederek feasibility genişletilebilir	Matroid-like structure
M-560	Mathematics	Common-base feasibility	İki farklı constraint system aynı exact-size basis üzerinde buluşabiliyor mu test et	Intersection of base structures
M-561	Mathematics	Tree decomposition	Karmaşık graph’ı overlapping küçük vertex bags’e böl; her edge bir bag’de görülsün ve aynı vertex’i içeren bags connected kalsın	Graph decomposition
M-562	Mathematics	Treewidth	Graph’ın tree-like representation için gereken en büyük bag’in ne kadar büyük olması gerektiğini ölç	Combinatorial width
M-563	Mathematics	Path decomposition	Tree decomposition’ın decomposition graph’ını yalnız bir path olmaya zorla	Linearized decomposition
M-564	Mathematics	Pathwidth	Graph’ı sequential processing sırasında aynı anda kaç vertex’i “memory’de” tutmak gerektiğini ölç	Ordered graph processing
M-565	Mathematics	Graph minor	Edges sil, vertices sil veya edge contract et; complex graph’ın içinde simpler structural pattern saklı mı bak	Structure under contraction
M-566	Mathematics	Minor-closed property	Bir graph property simplification/minor alma altında kaybolmuyorsa family downward-stable’dır	Graph family
M-567	Mathematics	Excluded-minor mechanism	Büyük bir graph family’yi “şu finite forbidden structural patterns yok” diyerek characterize et	Minor-closed classes
M-568	Mathematics	Separator theorem	Az sayıda vertices çıkararak büyük graph’ı birbirinden ayrılmış daha küçük parçalar haline getir	Sparse/separable graphs
M-569	Mathematics	Chordal graph	Uzun cycle’ların hepsinde shortcut chord bulunsun; global cycles local cliques üzerinden parçalanabilsin	Undirected graph
M-570	Mathematics	Perfect elimination ordering	Vertices’i sırayla çıkarırken her vertex’in kalan neighbors’ı clique oluştursun	Chordal graphs
M-571	Mathematics	Chordal completion / triangulation	Nonchordal graph’a minimum/controlled extra edges ekleyip elimination-friendly hale getir	Graph fill-in
M-572	Mathematics	Minimum fill-in	Elimination kolaylaşsın diye mümkün olan en az artificial edge ekle	Sparse factorization
M-573	Mathematics	Clique tree	Chordal graph’ın maximal cliques’ini tree halinde bağla; aynı variable’ı taşıyan cliques connected olsun	Running-intersection property
M-574	Mathematics	Dynamic programming on treewidth	Global combinatorial problem’i small bags üzerinde solve et; yalnız boundary state’i bir sonraki bag’e taşı	Bounded treewidth
M-575	Mathematics	Branch decomposition	Graph elements’i binary tree’nin leaves’ine koy; her cut’ın iki taraf arasında ne kadar boundary information taşıdığını ölç	Connectivity decomposition
M-576	Mathematics	Branchwidth	En iyi branch decomposition altında maksimum boundary size’ı minimize et	Graph connectivity width
M-577	Mathematics	Gomory–Hu tree	Weighted undirected graph’taki bütün pairwise minimum-cut values’ını tek weighted tree içinde encode et	Undirected capacities
M-578	Mathematics	Cut-equivalent tree	Original graph’ın birçok edges’ini at; relevant pairwise cut values’ını simpler tree representation’da koru	Cut structure
M-579	Mathematics	Feedback vertex set	Birkaç vertices çıkararak bütün cycles’ı kır ve graph’ı forest/DAG-like structure’a indir	Cycle destruction
M-580	Mathematics	Block–cut tree	Graph’ı articulation points ve internally 2-connected blocks halinde tree structure’a ayır	Vertex-separation structure
M-581	Mathematics	Set-system discrepancy	Elements’i iki tarafa boya; hiçbir relevant subset bir tarafta aşırı yoğunlaşmasın	Family of subsets
M-582	Mathematics	Hereditary discrepancy	Balance yalnız full system’de değil, hangi subset’e restriction yaparsan yap kötüleşmesin	All induced subsystems
M-583	Mathematics	Vector discrepancy	±1 discrete coloring yerine vectors kullanarak constraints’i daha flexible balance et	Vector relaxation
M-584	Mathematics	Beck–Fiala mechanism	Her element yalnız az sayıda constraints’e giriyorsa bütün constraints aynı anda iyi balance edilebilir	Bounded incidence
M-585	Mathematics	Spencer discrepancy phenomenon	Çok fazla simultaneous constraints olsa bile naive random fluctuation’dan şaşırtıcı biçimde daha iyi global balance mümkün olabilir	High-dimensional set system
M-586	Mathematics	Partial coloring	Her adımda bütün variables’ı fix etme; büyük bir kısmını güvenle ±1’e sabitle, kalan zor kısmı recurse et	Iterative discrepancy minimization
M-587	Mathematics	ε-net	Bütün points’i saklama; sufficiently large her relevant region’a en az bir representative düşecek küçük subset seç	Range space
M-588	Mathematics	ε-approximation	Küçük sample, bütün relevant subsets’in population proportions’ını aynı anda approximately korusun	Uniform approximation
M-589	Mathematics	VC dimension	Bir hypothesis/range family kaç point üzerinde bütün possible label patterns’ı gerçekleştirebilir?	Combinatorial complexity
M-590	Mathematics	Shattering	Seçilmiş point setinde mümkün olan her binary subset pattern family tarafından realize edilebiliyorsa set shattered	Set family
M-591	Mathematics	Sauer–Shelah mechanism	VC dimension bounded ise realized label-pattern sayısı exponential değil polynomial-type büyür	Finite VC dimension
M-592	Mathematics	Growth function	$n$ points üzerinde family en fazla kaç farklı labeling/restriction oluşturabiliyor?	Combinatorial class
M-593	Mathematics	Covering number	Space’i radius-$\epsilon$ balls ile kaplamak için minimum kaç representative gerekiyor?	Metric space
M-594	Mathematics	Packing number	Birbirinden en az $\epsilon$ uzak kaç point aynı anda yerleştirilebilir?	Metric separation
M-595	Mathematics	Metric entropy	Required approximation resolution küçüldükçe kaç distinguishable region gerektiğini log covering number ile ölç	Metric complexity
M-596	Mathematics	Dudley entropy integral	Bir random process’in global fluctuation büyüklüğünü birçok resolution’daki covering complexity’yi integrate ederek bound et	Sub-Gaussian process
M-597	Mathematics	Chaining	Tek coarse approximation kullanma; coarse→fine approximations zinciri kurup her scale’daki küçük correction’ları topla	Multiscale metric structure
M-598	Mathematics	Generic chaining	Fixed dyadic net seçmek yerine process geometry’sine en uygun multiscale approximation tree’sini optimize et	Stochastic process metric
M-599	Mathematics	$\gamma_2$ functional	Bir metric space’in multiscale stochastic complexity’sini optimized chaining cost ile tek quantity’de özetle	Gaussian/sub-Gaussian geometry
M-600	Mathematics	Majorizing-measure mechanism	Gaussian-process supremum size’ı yalnız worst distance ile değil bütün metric space’in multiscale occupancy geometry’si belirler	Gaussian processes
M-601	Mathematics	Poisson point process geometry	Space’in farklı küçük bölgelerine independently random points serp; expected point count region size ile artsın	Homogeneous random space
M-602	Mathematics	Poisson–Voronoi tessellation	Her location’ı kendisine en yakın random seed’e ver; space random ownership cells’e bölünsün	Point-generated geometry
M-603	Mathematics	Poisson–Delaunay tessellation	Voronoi cells komşuysa seeds’i bağla; random point cloud’dan dual geometric network üret	Euclidean geometry
M-604	Mathematics	Nearest-neighbor graph	Her point’i kendisine en yakın başka point’e bağla	Metric point set
M-605	Mathematics	Random geometric graph	İki random point distance threshold’un altındaysa edge aç	Spatial proximity threshold
M-606	Mathematics	Continuum percolation	Random objects/disks overlap ederek large-scale connected component oluşturabilir	Spatial random coverage
M-607	Mathematics	Boolean model	Random seeds’e random shapes yapıştır; union geometry’nin coverage/connectivity’sini incele	Random grains
M-608	Mathematics	Germ–grain representation	Complex random material’ı “random centers + center başına random object” olarak kur	Spatial random structures
M-609	Mathematics	Contact distribution	Random location’dan nearest random object’e distance distribution’ını ölç	Random closed set
M-610	Mathematics	Empty-space function	Random chosen location çevresindeki ball ne kadar büyüyene kadar ilk point/object görülmüyor?	Stationary spatial process
M-611	Mathematics	Nearest-neighbor distance distribution	Typical observed point’in en yakın diğer point’e distance’ını ölç	Point-conditioned geometry
M-612	Mathematics	Voronoi cell adjacency	Physical distance yerine “aynı boundary’yi paylaşan ownership regions” üzerinden neighbors tanımla	Tessellation
M-613	Mathematics	Johnson–Mehl tessellation	Seeds farklı zamanlarda doğsun; territory yalnız spatial distance değil birth time + growth travel time ile belirlensin	Nucleation-growth geometry
M-614	Mathematics	Laguerre / power diagram	Seeds yalnız position değil size/weight taşısın; ownership weighted distance ile belirlensin	Weighted spatial partition
M-615	Mathematics	Centroidal Voronoi tessellation	Seeds’i kendi cells’inin mass center’ına taşıyarak partition’ı iteratively düzenle	Density-weighted geometry
M-616	Mathematics	Lloyd iteration	Partition oluştur → cell centers bul → seeds’i centers’a taşı → tekrar et	Iterative spatial equilibration
M-617	Mathematics	Random sequential adsorption	Objects sırayla random locations’a gelsin; overlap varsa reddet; zamanla available insertion space tükenir	Irreversible exclusion
M-618	Mathematics	Jamming limit in RSA	Space tamamen dolmadan bile artık yeni allowed object yerleştirilemeyecek configuration’a ulaş	Geometric exclusion
M-619	Mathematics	Poisson line process	Random points değil random infinite lines üret; space random intersections/cells’e ayrılsın	Stochastic line geometry
M-620	Mathematics	Crofton-type geometric sampling	Shape’i doğrudan ölçmek yerine random lines/planes ile kaç kez kesiştiğini kullanarak length/area gibi quantities çıkar	Integral geometry
M-621	Mathematics	McDiarmid bounded-differences inequality	Bir input component değişince output en fazla az oynuyorsa birçok independent component’in toplam etkisi büyük deviation üretmekte zorlanır	Independent inputs + bounded sensitivity
M-622	Mathematics	Efron–Stein inequality	Output uncertainty’sini, her input’u tek başına yeniden çektiğinde output’un ne kadar değiştiğinin toplamıyla bound et	Independent coordinates
M-623	Mathematics	Gaussian concentration	Gaussian input altında Lipschitz function tipik değerinden uzaklaşmak için exponentially pahalı hale gelir	Gaussian measure
M-624	Mathematics	Lévy concentration on sphere	Çok yüksek-dimensional sphere’de düzgün function’ın çoğu points’te neredeyse aynı değeri vermesi mümkündür	High-dimensional sphere
M-625	Mathematics	Talagrand convex-distance mechanism	Bir outcome’un “bad set”ten kaç coordinate değişikliği uzakta olduğu büyüdükçe probability hızla küçülür	Product spaces
M-626	Mathematics	Tensorization of concentration	Bir coordinate için concentration property varsa independence altında birçok coordinates’e compose edilebilir	Product measures
M-627	Mathematics	Marton coupling concentration	Independent olmayan process’te nearby conditional distributions yeterince couple edilebiliyorsa concentration recover et	Weak dependence
M-628	Mathematics	Transportation-cost inequality	Distribution’ı reference law’dan taşımanın minimum transport cost’unu relative entropy ile bound et	Measure geometry
M-629	Mathematics	Pinsker inequality	KL divergence küçükse total-variation difference da küçük olmak zorunda	Probability distributions
M-630	Mathematics	Le Cam distance mechanism	İki statistical experiments decision açısından birbirine ne kadar dönüştürülebilir diye Markov-kernel approximation ile ölç	Statistical experiments
M-631	Mathematics	Hanson–Wright inequality	Random vector’ın quadratic form’u mean’den ne kadar sapabilir diye matrix geometry + tail assumptions ile bound et	Sub-Gaussian coordinates
M-632	Mathematics	Matrix Bernstein	Birçok independent random matrix’in toplam spectral deviation’ını variance + max-step size ile kontrol et	Matrix-valued randomness
M-633	Mathematics	Matrix Chernoff	Positive-semidefinite random matrices toplamının eigenvalues’ının expectation’dan ciddi sapmasını bound et	PSD matrix sums
M-634	Mathematics	Noncommutative Khintchine	Random signed scalar sums yerine matrices/operators toplamının size’ını noncommutative geometry ile kontrol et	Random operator sums
M-635	Mathematics	ε-net spectral bound	Continuous unit sphere üzerinde sonsuz directions kontrol etmek yerine finite dense net kontrol et ve aradaki points’i continuity ile kapat	Compact metric sphere
M-636	Mathematics	Randomized range finder	Büyük matrix’in bütün columns’ını çözme; random probes ile dominant output subspace’i yakala	Approximate low rank
M-637	Mathematics	Oblivious subspace embedding	Hangi target subspace geleceğini bilmeden random map seç; bütün vectors’in lengths’ini yaklaşık koru	Fixed low-dimensional subspace
M-638	Mathematics	Leverage-score sampling	Rows/columns’ı uniformly değil, target subspace’i temsil etmedeki geometric importance’larına göre örnekle	Low-rank linear algebra
M-639	Mathematics	Nyström approximation	Büyük positive matrix/kernel’i birkaç strategically sampled columns ve onların intersections’ından reconstruct et	PSD/kernel matrix
M-640	Mathematics	CUR decomposition	Approximation factors soyut singular vectors olmak zorunda değil; original matrix’in actual columns ve rows’unu seçerek interpretable low-rank reconstruction kur	Approximately low-rank matrix
M-641	Mathematics	Harmonic function	Bir noktadaki değer, çevresindeki küçük sphere/circle üzerindeki değerlerin average’ına eşit olsun	Laplace-type equilibrium
M-642	Mathematics	Mean-value property	Local center bilgisi neighborhood average’ından tam recover edilebiliyorsa function equilibrium-like davranır	Harmonic domain
M-643	Mathematics	Poisson kernel	Boundary’deki değerlerin interior point’e ne kadar weight taşıdığını geometry’ye göre dağıt	Disk/half-space boundary problem
M-644	Mathematics	Dirichlet problem	Interior equation belli; yalnız boundary values veriliyor. İçerideki unique equilibrium field’i bul	Boundary-value PDE
M-645	Mathematics	Harmonic measure	Interior point’ten bakınca boundary’nin hangi parçası solution üzerinde ne kadar influence taşıyor?	Domain geometry
M-646	Mathematics	Brownian exit representation	Interior value’yu, random walker’ın boundary’de ilk çıktığı location’daki payoff’ın expectation’ı olarak hesapla	Brownian motion + boundary
M-647	Mathematics	Perron envelope	Exact solution’ı doğrudan kurma; boundary’yi aşmayan bütün subsolutions’ın üst envelope’unu al	Subharmonic family
M-648	Mathematics	Wiener regularity criterion	Boundary point geometrically “yeterince görünür” mü ki imposed boundary value gerçekten orada interior solution’a ulaşsın?	Fine boundary geometry
M-649	Mathematics	Equilibrium measure	Fixed total mass/charge’ı set üzerinde energy minimum olacak şekilde dağıt	Potential-energy minimization
M-650	Mathematics	Logarithmic potential	Her source point uzaklığa bağlı log kernel üzerinden influence eklesin; total field superposition olsun	2D potential theory
M-651	Mathematics	Logarithmic capacity	Bir set’in external field/potential açısından “ne kadar büyük/hedeflenebilir” olduğunu minimum-energy charge distribution ile ölç	Compact planar set
M-652	Mathematics	Newtonian capacity	Geometric size’ı volume’dan farklı olarak potential oluşturma/charge taşıma ability’siyle ölç	Higher-dimensional potential theory
M-653	Mathematics	Capacitary potential	Set’i fixed potential’da tutmak için surrounding space’de oluşması gereken minimum-energy field’i bul	Boundary/obstacle
M-654	Mathematics	Polar set	Geometrically var olmasına rağmen potential/Brownian-motion açısından neredeyse görünmez kadar küçük set	Zero capacity
M-655	Mathematics	Balayage / sweeping	Interior charge distribution’ın outside-region potential’ını değiştirmeden mass’i boundary’ye “süpür”	Potential equivalence
M-656	Mathematics	Frostman principle	Equilibrium measure’ın potential’ı support üzerinde characteristic nearly-constant level taşır	Capacity theory
M-657	Mathematics	Transfinite diameter	Set’in capacity’sini çok sayıda mutually separated points’in optimal pairwise-spacing product’ından recover et	Compact set
M-658	Mathematics	Fekete points	Set üzerinde birbirini mümkün olduğunca iyi ayıran finite point configurations seç	Discrete potential approximation
M-659	Mathematics	Condenser capacity	İki separated plates/sets arasında fixed potential difference taşımak için minimum field energy’sini ölç	Two-boundary geometry
M-660	Mathematics	Dirichlet-energy capacity principle	Capacity’yi charge amount’dan değil, prescribed boundary behavior’ı sağlayan functions içindeki minimum gradient energy üzerinden de characterize et	Variational potential theory
M-661	Mathematics	A posteriori error estimation	Exact solution bilinmiyor; computed solution’ın kendi residual/imbalance’ından ne kadar yanlış olabileceğini sonradan estimate et	Numerical PDE approximation
M-662	Mathematics	Residual-based error estimator	Equation’ın tam sağlanmadığı local residual’ları error proxy’si olarak kullan	Discretized differential equation
M-663	Mathematics	Adaptive mesh refinement	Her yerde aynı resolution kullanma; error yüksek regions’a daha küçük cells koy	Spatially localized error
M-664	Mathematics	h-adaptivity	Approximation degree aynı kalsın, yalnız mesh cells’i küçült/büyüt	Finite-element mesh
M-665	Mathematics	p-adaptivity	Mesh’i aynı tut, difficult regions’da polynomial degree’yi artır	Polynomial approximation
M-666	Mathematics	hp-adaptivity	Bazı yerde cells’i küçült, bazı yerde polynomial degree artır; singularity/smoothness’e göre method seç	Mixed spatial regularity
M-667	Mathematics	Adaptive mesh coarsening	Solution artık smooth hale gelen bölgelerde unnecessary fine resolution’ı geri kaldır	Time-varying/local complexity
M-668	Mathematics	Local error indicator	Global error’ın hangi cells/components’den geldiğini ayrı scores’a parçala	Decomposable discretization error
M-669	Mathematics	Quasi-Monte Carlo	Random samples yerine space’i düzenli dolduran deterministic points kullanarak integration error’ı azalt	Numerical integration
M-670	Mathematics	Low-discrepancy sequence	Sample points’in hiçbir large region’da fazla boşluk veya yığılma bırakmamasını sağla	Unit cube / measure space
M-671	Mathematics	Randomized quasi-Monte Carlo	Low-discrepancy structure’ı korurken randomization ekleyip repeated error estimation mümkün kıl	Randomized deterministic design
M-672	Mathematics	Multilevel Monte Carlo	Expensive fine simulations’ın azını, cheap coarse simulations’ın çoğunu kullan; level differences’ı topla	Nested numerical resolutions
M-673	Mathematics	Multilevel telescoping estimator	Fine expectation’ı doğrudan estimate etme; coarse estimate + successive fine-minus-coarse corrections olarak yaz	Coupled approximation levels
M-674	Mathematics	Sparse grid	Full tensor grid’in bütün combinations’ını alma; high-value low-order interaction combinations’ını seç	Moderate-dimensional approximation
M-675	Mathematics	Smolyak construction	Birçok 1D approximation level’ını tensor explosion yaratmadan structured combination halinde birleştir	Sparse tensor approximation
M-676	Mathematics	Stochastic collocation	Random-input PDE’yi probability space’de selected deterministic parameter points’ında solve et	Parametric uncertainty
M-677	Mathematics	Polynomial chaos expansion	Random output’u orthogonal random-variable polynomials’ın weighted sum’ı olarak temsil et	Known/structured input distribution
M-678	Mathematics	Stochastic Galerkin	Random dimensions’ı solution basis’ine doğrudan ekleyip stochastic coefficients’i coupled system olarak solve et	Stochastic PDE
M-679	Mathematics	Hutchinson trace estimator	Dev matrix’in diagonalını/spectrum’unu tam çıkarma; random probe vectors ile trace’i estimate et	Matrix-vector products available
M-680	Mathematics	Stochastic Lanczos quadrature	Matrix function/spectral integral’i full eigendecomposition yerine random probes + Krylov/Lanczos reduction ile approximate et	Large symmetric matrix
M-681	Mathematics	Symbolic coding	Continuous trajectory’nin exact coordinates’ını saklama; ziyaret ettiği regions’ın sembol sırasını kaydet	Partitioned state space
M-682	Mathematics	Itinerary	State’in zaman boyunca geçtiği region labels dizisini trajectory’nin discrete fingerprint’i yap	Dynamical partition
M-683	Mathematics	Shift map	Symbol sequence’de bir time-step ilerlemeyi ilk sembolü atıp diziyi sola kaydırmak olarak temsil et	Bi/infinite symbolic sequence
M-684	Mathematics	Subshift	Bütün possible sequences değil, dynamics’in izin verdiği sequence subset’ini tut	Shift-invariant set
M-685	Mathematics	Subshift of finite type	Global allowed histories’i finite list of forbidden local transitions/patterns ile tanımla	Finite-memory symbolic constraint
M-686	Mathematics	Transition-matrix coding	Hangi symbolic state’ten hangisine geçilebilir bilgisini 0/1 adjacency matrix’inde sakla	Markov symbolic dynamics
M-687	Mathematics	Markov partition	Continuous hyperbolic dynamics’i finite regions’a öyle böl ki region-to-region transitions symbolic Markov process gibi encode edilebilsin	Hyperbolic dynamics
M-688	Mathematics	Topological conjugacy	İki systems’in coordinates’i tamamen farklı olsa da invertible relabeling altında aynı dynamics’i yapıyorsa structurally same say	Homeomorphic state spaces
M-689	Mathematics	Semiconjugacy	Detailed system’i coarse system’e map et ve time evolution’ı koru; several detailed states same coarse state’e collapse olabilir	Many-to-one dynamics map
M-690	Mathematics	Topological entropy	System zamanla kaç distinguishable trajectory pattern üretebiliyor diye exponential growth rate ölç	Topological dynamics
M-691	Mathematics	Kolmogorov–Sinai entropy	Belirli invariant probability altında time evolution her step ne kadar genuinely new information üretiyor ölç	Measure-preserving dynamics
M-692	Mathematics	Variational principle for entropy	Topological trajectory complexity, bütün invariant measures arasında mümkün olan en büyük metric entropy ile bağlanabilir	Compact dynamical systems
M-693	Mathematics	Shannon–McMillan–Breiman mechanism	Uzun typical trajectory block’larının log probability per step’i stable entropy-rate value’ya yaklaşabilir	Stationary ergodic source
M-694	Mathematics	Generating partition	Coarse symbolic observations’ın sonsuz geçmiş+geleceği almost every state’i ayırt etmeye yetiyorsa partition information-complete olur	Measure dynamics
M-695	Mathematics	Hyperbolic set	Her local perturbation direction ya forward time’da contract ya backward time’da contract olacak şekilde stable/unstable directions ayrılır	Uniform hyperbolicity
M-696	Mathematics	Hyperbolic splitting	Tangent directions tek bundle değil, dynamically contracting ve expanding subspaces’e ayrılır	Invariant tangent decomposition
M-697	Mathematics	Shadowing lemma	Approximate/noisy trajectory her step exact equation’ı biraz kaçırsa bile nearby true trajectory tarafından uzun süre takip edilebilir	Hyperbolic regime
M-698	Mathematics	Structural stability	Dynamics rule’u biraz perturb edilince qualitative orbit architecture değişmeden coordinate deformation ile korunur	Stable dynamical class
M-699	Mathematics	Smale horseshoe	Stretch + fold + return operation tiny regions’i repeatedly ayırıp exponential symbolic complexity yaratır	Hyperbolic map
M-700	Mathematics	Specification property	Birkaç ayrı finite trajectory segmentini aralara bounded transition gaps koyarak tek actual orbit içinde approximately concatenate et	Strong orbit-mixing property
M-701	Mathematics	Affine algebraic set	Birkaç polynomial equation yaz; hepsini aynı anda zero yapan points kümesini object say	Polynomial constraints
M-702	Mathematics	Vanishing ideal	Bir geometric set üzerinde her yerde zero olan bütün polynomials’ı topla	Geometry→algebra map
M-703	Mathematics	Radical ideal	Bir polynomial’ın herhangi bir power’ı constraint tarafından zorla zero ise polynomial’ın kendisini de zero consequence say	Algebraic zero-set information
M-704	Mathematics	Coordinate ring	Geometric object üzerindeki polynomial observables’ı, aynı values veren expressions’ı eşitleyerek tek algebraic object’e dönüştür	Quotient polynomial ring
M-705	Mathematics	Hilbert Nullstellensatz	Polynomial zero sets ile radical ideals arasında temel correspondence kur	Algebraically closed field
M-706	Mathematics	Irreducible variety	Geometric object iki proper closed pieces’in union’ı olarak ayrılamıyorsa tek algebraic “parça” say	Zariski topology
M-707	Mathematics	Prime-ideal correspondence	Irreducible geometric component’in algebraic counterpart’ı prime ideal olur	Affine algebraic geometry
M-708	Mathematics	Irreducible decomposition	Karmaşık algebraic set’i maximal irreducible pieces’e parçala	Noetherian geometry
M-709	Mathematics	Zariski closure	Observed/subset points’i içeren en küçük polynomially closed set’i al	Algebraic closure notion
M-710	Mathematics	Localization	Whole algebra yerine yalnız chosen region/point yakınında relevant olmayan denominators’ı invert ederek local information’a zoom yap	Multiplicative set
M-711	Mathematics	Local ring	Bir point çevresinde well-defined functions’ı topla; global geometry yerine point-near behavior taşı	Germ/localization
M-712	Mathematics	Krull dimension	Object’in kaç independent nested freedom layer’ı taşıdığını chains of prime ideals üzerinden ölç	Commutative algebra
M-713	Mathematics	Zariski tangent space	Equations’ı point çevresinde first-order linearize et; infinitesimal allowable directions’ı çıkar	Polynomial variety
M-714	Mathematics	Smooth point	Local tangent dimension object’in true local dimension’ıyla uyuşuyorsa point regular davranır	Local algebra
M-715	Mathematics	Singular point	Tangent possibilities local geometric dimension’dan fazla/degenerate ise ordinary smooth coordinates break olur	Algebraic singularity
M-716	Mathematics	Normalization	Singular/non-normal object’i aynı function field’i koruyan daha regular object ile replace et	Integral extension
M-717	Mathematics	Blow-up	Problematic point/subset’i tek point olarak bırakma; ona yaklaşmanın different directions’ını ayrı geometric points’e aç	Birational geometry
M-718	Mathematics	Elimination ideal	Hidden variables içeren equations’dan hidden variables’ı algebraically eliminate edip observables arasında zorunlu relations çıkar	Polynomial system
M-719	Mathematics	Constructible image	Algebraic map altında image her zaman closed olmak zorunda değil ama finite combinations of open/closed pieces biçiminde controlled kalabilir	Finite-type morphism
M-720	Mathematics	Generic point mechanism	Bir entire irreducible component’in common algebraic properties’ini tek formal point üzerinden encode et	Scheme topology
M-721	Mathematics	Chain recurrence	State exact olarak kendine dönemese bile arbitrarily küçük errors içeren finite hops zinciriyle tekrar kendine ulaşabiliyor mu?	Continuous dynamics
M-722	Mathematics	ε-chain	Her successive point true evolution’ın sonuna en fazla ε kadar uzak olsun; approximate trajectory connectivity kur	Metric dynamical system
M-723	Mathematics	Chain-recurrent set	Dynamics’in irreversible “downhill” kısmını çıkar; approximate cycles içinde kalabilen states’i tut	Compact flow/map
M-724	Mathematics	Isolating neighborhood	Bir region seç; sonsuza kadar o region içinde kalan trajectories aslında boundary’den uzakta interior invariant structure’a ait olsun	Local dynamical isolation
M-725	Mathematics	Isolated invariant set	Dışarıdaki dynamics’i çözmeden, chosen neighborhood içinde trapped kalan invariant object’i ayır	Isolating neighborhood
M-726	Mathematics	Isolating block	Region boundary’sini entry, exit ve tangent-like pieces’e ayırarak invariant dynamics’i geometrically box içine al	Flow boundary geometry
M-727	Mathematics	Exit set	Trajectory isolating block’tan çıkacaksa hangi boundary subset’inden çıkmak zorunda olduğunu kaydet	Directed flow
M-728	Mathematics	Index pair	Invariant set’in kendisini explicit bilmeden surrounding region + exit subset pair’i üzerinden topological signature kur	Conley theory
M-729	Mathematics	Conley index	Internal orbit details yerine isolated invariant set’in robust topological existence/signature bilgisini taşı	Isolated dynamics
M-730	Mathematics	Continuation invariance	Dynamics’i parameter boyunca smoothly değiştir; isolation kaybolmadıkça index aynı kalsın	Parameter continuation
M-731	Mathematics	Attractor–repeller pair	Invariant set içindeki trajectories’in geçmişte yaklaştığı repeller ve gelecekte yaklaştığı attractor arasında directed decomposition kur	Compact invariant set
M-732	Mathematics	Morse decomposition	Complex recurrent dynamics’i finite invariant pieces + aralarındaki permitted directional connections’a ayır	Conley/Morse structure
M-733	Mathematics	Morse graph	Morse pieces’i nodes, allowed asymptotic transitions’ı directed edges olarak encode et	Partial-order dynamics
M-734	Mathematics	Connection matrix	Morse pieces arasında hangi connecting orbits’in topologically gerekli olabileceğini algebraic boundary operator’la encode et	Morse decomposition
M-735	Mathematics	Complete Lyapunov function	Chain-recurrent pieces üzerinde constant, aralarındaki transient motion boyunca strictly decreasing scalar oluştur	Compact dynamical system
M-736	Mathematics	Gradient-like flow	Recurrence/cycles yoksa trajectories scalar potential benzeri quantity boyunca tek yönde ilerler	Lyapunov ordering
M-737	Mathematics	Morse–Smale system	Recurrent pieces basit hyperbolic equilibria/periodic orbits ve stable/unstable manifolds transverse bağlanır	Structurally stable dynamics
M-738	Mathematics	Heteroclinic connection	Bir trajectory geçmişte invariant object A’ya, gelecekte object B’ye yaklaşır	Multiple invariant sets
M-739	Mathematics	Homoclinic connection	Trajectory aynı invariant object’ten ayrılıp uzun excursion sonrası yine ona yaklaşır	Stable/unstable manifold intersection
M-740	Mathematics	Multivalued dynamical enclosure	Numerical uncertainty yüzünden next state tek point değil set olsun; true dynamics bu set-valued map içinde guaranteed kalsın	Computer-assisted dynamics
M-741	Mathematics	Filtered chain complex	Karmaşık object’i nested layers $F_0\subset F_1\subset\cdots$ halinde aç; operation filtration’ı bozmasın	Chain complex + filtration
M-742	Mathematics	Associated graded object	Layer’ın kendisini değil “bu layer’da yeni eklenen şey = $F_p/F_{p-1}$” olarak ayır	Nested structure
M-743	Mathematics	Spectral sequence	Zor global homology’yi tek adımda çözme; successive approximation pages üret	Filtered/graded complex
M-744	Mathematics	Higher-page differential	İlk obvious cancellations bittikten sonra daha uzak layers arasındaki hidden cancellations sonraki pages’de ortaya çıksın	Bigraded structure
M-745	Mathematics	Exact couple	Bir object, approximation object’i ve aralarındaki exact maps’ten iterative spectral sequence üret	Exact diagram
M-746	Mathematics	Page stabilization	Bir class artık future differentials tarafından ne öldürülüyor ne de değiştirilirse later pages boyunca kalır	Spectral sequence
M-747	Mathematics	$E_\infty$ object	Iterative cancellation bittikten sonra global answer’ın graded pieces’ini elde et	Convergent spectral sequence
M-748	Mathematics	Extension problem	Graded pieces’i bilmek bütün global object’i unique belirlemeyebilir; pieces’in nasıl yapıştırıldığını ayrıca çöz	Filtered reconstruction
M-749	Mathematics	Double complex	İki farklı differential direction’ı olan grid oluştur; horizontal ve vertical local structures birlikte çalışsın	Anticommuting differentials
M-750	Mathematics	Total complex	2D grid’de aynı total degree taşıyan cells’i birleştirip tek chain complex oluştur	Double complex
M-751	Mathematics	Two-filtration comparison	Aynı double complex’i önce horizontal sonra vertical veya ters sırada çözerek aynı global target’a farklı approximation yolları kur	Compatible filtrations
M-752	Mathematics	Short exact sequence of complexes	Complex A, B’nin identifiable subpart’ı; C de quotient remainder olsun	Exact chain maps
M-753	Mathematics	Long exact sequence in homology	Local exact decomposition homology aldıktan sonra disconnected groups arasında connecting maps ile uzun dependency chain oluşturur	Derived invariant
M-754	Mathematics	Connecting homomorphism	Quotient’te closed görünen object lift edildiğinde exact olmayabilir; bu failure lower structure’da yeni class üretir	Short exact sequence
M-755	Mathematics	Mapping cone	Bir map’in “ne kadar equivalence olmaktan uzak olduğunu” source ve target’ı tek larger complex’te birleştirerek ölç	Chain map
M-756	Mathematics	Quasi-isomorphism	Internal chain details farklı olsa bile aynı homology information taşıyan map’i equivalence-like kabul et	Homological equivalence
M-757	Mathematics	Chain-homotopy equivalence	Maps exact inverse olmak zorunda değil; inverse compositions identity’ye deformable olsun	Chain complexes
M-758	Mathematics	Projective resolution	Zor object’i simpler projective objects’tan oluşan uzun exact scaffold ile replace et	Abelian category/module
M-759	Mathematics	Ext mechanism	Ordinary maps’in ötesinde objects’in nontrivial extensions ile birbirine nasıl yapıştırılabileceğini derived information olarak ölç	Homological algebra
M-760	Mathematics	Tor mechanism	Tensor operation exactness’i bozduğunda kaybolan/oluşan correction information’ını derived object olarak taşı	Tensor + resolutions
M-761	Mathematics	Parameterized problem	Problem size $n$’in yanında difficulty’yi açıklayabilecek küçük structural parameter $k$ taşı	Two-scale complexity
M-762	Mathematics	Fixed-parameter tractability	Exponential difficulty bütün input size’da değil yalnız küçük $k$’de kalsın: $f(k)n^{O(1)}$	Parameterized computation
M-763	Mathematics	Parameter choice	Aynı hard problem doğru structural parameter altında easy, yanlış parameter altında hâlâ hard olabilir	Structural complexity
M-764	Mathematics	Kernelization	Large instance’i polynomial time’da aynı yes/no answer’ı taşıyan size-bounded smaller instance’a indir	Safe reductions
M-765	Mathematics	Polynomial kernel	Reduced instance size yalnız parameter $k$’nin polynomial function’ı kadar olsun	Strong compression
M-766	Mathematics	Reduction rule	Local structure gör → onu delete/contract/fix et → answer değişmediğini prove et	Problem-specific simplification
M-767	Mathematics	Exhaustive kernel reduction	Safe local rules’ı artık hiçbiri uygulanamayana kadar repeatedly uygula	Iterative preprocessing
M-768	Mathematics	Crown decomposition	Graph’ta certain matched independent structure bul; solution’ın bir kısmını güvenle fix edip graph’ı küçült	Vertex-cover-like problems
M-769	Mathematics	Bounded search tree	Hard choice geldiğinde birkaç branches’e ayrıl; her branch parameter budget’ını azaltır	Branching parameter
M-770	Mathematics	Branching vector	Her possible branch $k$’yi ne kadar düşürüyor kaydet; total search-tree growth’u bundan derive et	Recursive FPT algorithm
M-771	Mathematics	Iterative compression	Size-$k+1$ solution bilinen slightly larger instance’dan size-$k$ solution çıkarmaya çalış; input’u incrementally büyüt	Minimization problems
M-772	Mathematics	Color coding	Unknown small substructure’ın vertices’ine random colors ver; colorful hale geldiğinde dynamic programming ile kolay detect et	Small hidden pattern
M-773	Mathematics	Splitter/perfect-hash derandomization	Random coloring’in useful separation property’sini small deterministic coloring family ile guarantee et	Derandomized pattern finding
M-774	Mathematics	Important separator	Aynı terminal separation’ını yapan çok sayıda cuts içinden reachability açısından nondominated küçük representative cuts’i tut	Graph separation
M-775	Mathematics	Representative family	Huge family of partial solutions’ın future extendability behavior’ını koruyan much smaller subset seç	Matroid/extension structure
M-776	Mathematics	Cut & Count	Connectivity constraint’i directly track etmek yerine candidate structures count et; inconsistent structures cancellation/parity yoluyla yok olsun	Randomized connectivity DP
M-777	Mathematics	Parameterized duality	Small solution yoksa large packing/obstruction gibi alternative structural witness ortaya çıkabilir	Min-max/FPT structure
M-778	Mathematics	W[1]-hardness	Problem parameterized olsa bile $f(k)n^{O(1)}$ algorithm beklemek için strong reason olmayabilir	Parameterized lower bound
M-779	Mathematics	ETH/SETH lower-bound transfer	Daha hızlı parameter algorithm olsaydı canonical hard problem için forbidden exponential improvement çıkardı diye reduction yap	Fine-grained hardness
M-780	Mathematics	Kernel lower-bound mechanism	Small polynomial kernel olsaydı complexity-theoretic collapse doğuracak şekilde information-compression reduction kur	Preprocessing impossibility
M-781	Mathematics	Discrete convex analysis	Ordinary convexity’yi continuous line segments olmadan integer/discrete state space’e taşı	Integer lattice
M-782	Mathematics	Integrally convex function	Her local unit-cube neighborhood’da convex extension behave ediyorsa global discrete function’a convex-like structure ver	Integer lattice
M-783	Mathematics	Local convex extension	Integer values arasındaki missing fractional points’i nearby integer values’ın convex combinations’ıyla doldur	Local lattice geometry
M-784	Mathematics	Discrete midpoint convexity	İki lattice points’in midpoint’i integer değilse floor/ceiling midpoint pair’ını kullanarak convexity inequality kur	Integer coordinates
M-785	Mathematics	L-convex function	Coordinatewise lattice operations ve translation structure ile compatible discrete convexity taşı	Lattice/submodular geometry
M-786	Mathematics	$L^\natural$-convexity	Translation dimension’ını explicit taşımadan discrete midpoint/submodular-type convexity elde et	Integer lattice
M-787	Mathematics	M-convex function	Fixed-total integer allocation’da bir coordinate’den unit çıkarıp başka coordinate’e transfer ederek exchange-convexity kur	Conserved integer resource
M-788	Mathematics	$M^\natural$-convexity	Exchange’e ek olarak total amount değişmesine de izin veren generalized discrete convexity taşı	Variable total resource
M-789	Mathematics	Exchange axiom for M-convexity	Allocation A’da fazla olan unit’i başka coordinate’e ver; paired exchange sonrası combined objective kötüleşmesin	Discrete allocation
M-790	Mathematics	Valuated matroid	Matroid feasible bases aynı değerde olmak zorunda değil; her base’e cost/value ekleyip exchange structure’ını koru	Matroid bases
M-791	Mathematics	Discrete conjugacy	L-type ve M-type structures’i discrete Legendre/Fenchel analogue’u üzerinden dual representations’a geçir	Integer convex duality
M-792	Mathematics	Discrete subgradient	Continuous derivative yerine current integer point’te supporting linear price vector bul	Discrete convex function
M-793	Mathematics	Local-to-global optimality for M-convexity	Hiçbir one-unit feasible exchange objective’i iyileştirmiyorsa local optimum global optimum olabilir	M-convex landscape
M-794	Mathematics	Steepest-descent exchange	En iyi improving unit-transfer move’u tekrar tekrar yaparak global optimum’a ilerle	Exchange neighborhood
M-795	Mathematics	L-convex steepest descent	Current point çevresindeki structured lattice neighborhood’da en iyi descent direction seçip iterate et	L-convex function
M-796	Mathematics	Discrete convex minimizer set	Optimal points random scattered olmak yerine kendisi de structured discrete-convex set oluşturabilir	Integer optimization
M-797	Mathematics	M-convex intersection	İki ayrı exchange-convex feasibility/value structure’ını aynı allocation üzerinde jointly satisfy et	Coupled discrete systems
M-798	Mathematics	Discrete separation	Two disjoint discrete-convex structures arasında linear/separable price-like witness bulunabilir	Discrete duality
M-799	Mathematics	Discrete Fenchel duality	Primal discrete allocation problem ile dual price/potential problem arasında zero-gap relation kur	M/L-convex pair
M-800	Mathematics	Gross-substitutes ↔ discrete-convex structure	Bir item pahalılaşınca demand’den düşen item’in yerine diğer unchanged-price items geçebiliyorsa demand geometry exchange-convex form taşıyabilir	Discrete demand/allocation
M-801	Mathematics	Sumset $A+B$	İki sets’ten birer element seçip bütün possible sums’ı oluştur	Additive structure
M-802	Mathematics	Difference set $A-B$	Bütün pairwise differences’ı çıkar; relative displacement structure’ını gör	Additive group
M-803	Mathematics	Doubling constant	$A+A$, A’ya göre ne kadar büyüyor ölç; az büyüyorsa A random değil structured olabilir	Finite additive set
M-804	Mathematics	Small-doubling principle	Set’i kendiyle topladığında çok az yeni values oluşuyorsa many additive coincidences/hidden structure olmalı	Additive closure
M-805	Mathematics	Additive energy	$a_1+a_2=a_3+a_4$ eşitliğini kaç quadruple sağlıyor say; aynı sums’ın ne kadar tekrarlandığını ölç	Finite additive set
M-806	Mathematics	High-energy mechanism	Çok pair aynı sums’a collapse oluyorsa set strong internal additive redundancy taşır	Repeated additive relations
M-807	Mathematics	Ruzsa distance	Two sets’in additive similarity’sini difference-set growth üzerinden distance-like quantity ile ölç	Additive groups
M-808	Mathematics	Ruzsa triangle inequality	A ile B, B ile C additively yakınsa A ile C’nin difference structure’ı da controlled olur	Finite sets
M-809	Mathematics	Plünnecke inequality	One-step sumset growth küçükse repeated $mA-nA$ growth’unun da controlled kalacağını bound et	Small doubling
M-810	Mathematics	Ruzsa covering lemma	$A+B$ küçükse A’nın büyük kısmı few translates of $B-B$ ile cover edilebilir	Small sumset
M-811	Mathematics	Freiman homomorphism	Ordinary homomorphism gerektirmeden relevant pair-sum equalities’ini preserve eden map kullan	Local additive relations
M-812	Mathematics	Freiman isomorphism	Additive relation pattern’ını iki yönlü exact preserve ederek set’i daha convenient ambient group’a taşı	Finite additive structure
M-813	Mathematics	Freiman theorem	Small doubling taşıyan set arbitrary görünemez; bounded-rank generalized progression yakınında/ içinde organize olur	Torsion-free variants
M-814	Mathematics	Generalized arithmetic progression	Birkaç independent integer directions’ın bounded combinations’ından structured additive set oluştur	Low-rank structure
M-815	Mathematics	Approximate group	Set exact subgroup olmayabilir ama identity/inverse structure taşır ve product set few translates ile cover edilir	Nonexact algebraic closure
M-816	Mathematics	Balog–Szemerédi–Gowers mechanism	Whole set small doubling göstermese bile çok sayıda additive coincidences varsa large subset small-doubling structure taşıyabilir	High additive energy
M-817	Mathematics	Bogolyubov-type smoothing	Dense set’i birkaç kez add/subtract et; resulting combination set large structured neighborhood/subspace içermeye başlar	Dense additive set
M-818	Mathematics	Bohr set	Birkaç characters/frequencies nearly identity olduğu points’i structured approximate neighborhood yap	Finite abelian group
M-819	Mathematics	Sum–product phenomenon	Set addition altında çok büyümüyorsa multiplication altında büyük büyüme eğiliminde; simultaneously both unstructured kalamaz	Field arithmetic
M-820	Mathematics	Structure–randomness dichotomy	Set ya strong low-complexity additive organization taşır ya da additive operations onu hızla genişletir/mix eder	Additive combinatorics
M-821	Mathematics	Differential relation	“Derivative şu exact equation’ı sağlasın” yerine allowed position/value/derivative triples kümesini tanımla	Jet-space constraint
M-822	Mathematics	Formal solution	Desired derivative field’i point-by-point seç ama bunun gerçekten tek global function’ın derivative’i olması şartını geçici bırak	Local algebraic feasibility
M-823	Mathematics	Holonomic solution	Chosen derivative data gerçekten actual function’dan geliyor olsun	Integrability compatibility
M-824	Mathematics	$h$-principle	Formal solution varsa bazı flexible problems’de onu genuine solution’a deform etmek mümkün olabilir	Flexible differential relation
M-825	Mathematics	Ample relation	Allowed derivative set rank-one/appropriate slices boyunca yeterince genişse convex integration için local freedom oluşur	First-order relation
M-826	Mathematics	Open differential relation	Constraint equality gibi razor-thin değil, allowed states neighborhood içeriyor; small perturbations feasibility’yi koruyor	Open jet relation
M-827	Mathematics	Jet-space representation	Function’ın value + first derivative gibi local behavior’unu tek enlarged state point’i yap	Local differential data
M-828	Mathematics	Convex integration	Desired average derivative’i allowed derivatives arasında increasingly fine oscillations kullanarak realize et	Underdetermined PDE/relation
M-829	Mathematics	Corrugation	Smooth coarse surface/map’e small-amplitude, high-frequency wrinkles ekleyerek derivative constraint’i düzelt	Fine-scale oscillation
M-830	Mathematics	Rank-one connection	İki gradient state farkı rank one ise onları thin layers halinde spatially alternate etmek continuity ile compatible olabilir	Gradient fields
M-831	Mathematics	Lamination convex hull	Rank-one-connected states’i repeatedly mix ederek macroscopically realizable average states setini büyüt	Layered microstructure
M-832	Mathematics	Rank-one convex hull	Ordinary convex combinations’ın hepsini değil yalnız rank-one directions’la compatible convexification’ı kullan	Matrix constraints
M-833	Mathematics	Quasiconvex envelope	Fine spatial oscillations kullanıldığında energy’nin effective lower relaxed value’sini bul	Gradient variational problem
M-834	Mathematics	Laminate measure	Exact gradient tek value değil; microscopic alternating states’in probability mixture’sini local microstructure descriptor yap	Fine-scale mixtures
M-835	Mathematics	Gradient differential inclusion	Function gradient’i her point’te specified matrix set $K$ içinde kalsın	PDE inclusion
M-836	Mathematics	In-approximation	Hard closed target set’e doğrudan atlama; nested open sets içinde oscillatory solutions üretip target’a yaklaş	Convex integration construction
M-837	Mathematics	Baire-category existence mechanism	Explicit final solution formula kurmadan dense/open approximation properties üzerinden irregular solutions’ın varlığını prove et	Complete metric function space
M-838	Mathematics	Oscillation-generated relaxation	Coarse state forbidden olabilir ama microscopic allowed states arasında rapidly alternate ederek coarse average realize edilebilir	Scale separation
M-839	Mathematics	Nash–Kuiper flexibility	Smooth rigidity altında impossible görünen metric constraint, $C^1$ regularity’de arbitrarily fine corrugations sayesinde solvable hale gelebilir	Low-regularity isometric immersion
M-840	Mathematics	Wild-solution multiplicity	Weak/low-regularity constraints so loose hale gelebilir ki aynı coarse/boundary data birçok violently oscillatory genuine solution kabul eder	Underdetermined PDE
M-841	Mathematics	Metric embedding	Bir distance space’i başka space’e map et; pairwise distances mümkün olduğunca korunsun	Metric spaces
M-842	Mathematics	Bi-Lipschitz embedding	Hiçbir distance çok fazla shrink veya expand olmasın; distortion iki taraflı bounded kalsın	Metric representation
M-843	Mathematics	Embedding distortion	Representation değişiminde worst pair distance kaç factor bozuluyor ölç	Pairwise metric preservation
M-844	Mathematics	Bourgain embedding mechanism	Arbitrary finite metric’i logarithmic distortion’la Euclidean space’e represent edebilmek için multiscale random subsets’e distances kullan	Finite metrics
M-845	Mathematics	Doubling dimension	Her ball yaklaşık half-radius’lı bounded sayıda balls ile cover edilebiliyorsa space locally low-dimensional say	Metric growth
M-846	Mathematics	Doubling metric	Ambient coordinate count büyük olsa bile local covering complexity uniformly düşük olabilir	Local metric dimension
M-847	Mathematics	Snowflake transform	Distance’i $d^\alpha,\;0<\alpha<1$ yaparak troublesome geometry’yi embedding için daha regular hale getir	Metric transform
M-848	Mathematics	Assouad embedding mechanism	Doubling metric’in snowflaked version’ını finite-dimensional Euclidean space’e bounded distortion ile embed et	Doubling geometry
M-849	Mathematics	Tree metric	Pairwise distance’ları unique tree path lengths üzerinden temsil et	Hierarchical geometry
M-850	Mathematics	Ultrametric	Üç points arasında ordinary triangle yerine en büyük iki distance’ın eşit/baskın olduğu strict hierarchy geometry’si kur	Nested clusters
M-851	Mathematics	Ultrametric ball nesting	İki balls overlap ediyorsa biri diğerini içerir; partial overlap yoktur	Ultrametric space
M-852	Mathematics	FRT random tree embedding	Arbitrary finite metric’i random hierarchical tree metrics distribution’ına embed et; expected pairwise stretch logarithmic controlled olsun	Probabilistic metric approximation
M-853	Mathematics	Dominating tree metric	Tree approximation original distance’ı küçültmesin; yalnız controllably stretch etsin	One-sided metric approximation
M-854	Mathematics	Hierarchical decomposition	Space’i scale-by-scale random clusters’a böl; large scale structure önce, fine distinctions sonra açılır	Multiscale metric
M-855	Mathematics	Lipschitz extension	Function subset’te tanımlıysa distance sensitivity bound’unu mümkün olduğunca koruyarak whole space’e uzat	Partial metric-domain function
M-856	Mathematics	McShane extension	Real-valued Lipschitz function’ı domain dışına same Lipschitz constant’la explicit extend et	Metric→real maps
M-857	Mathematics	Kirszbraun extension	Euclidean/Hilbert geometry’de vector-valued Lipschitz map’i Lipschitz constant’ı artırmadan extend et	Hilbert spaces
M-858	Mathematics	Metric projection onto convex set	Outside point’i convex target içindeki nearest point’e map et; Hilbert geometry’de projection nonexpansive olabilir	Closed convex set
M-859	Mathematics	Lipschitz retraction	Büyük space’den subset’e map et, subset points sabit kalsın ve distances controllably değişsin	Retractable subset
M-860	Mathematics	Embedding obstruction	Target representation çok simple ise expander/connectivity gibi source structure low distortion embedding’i zorunlu olarak engelleyebilir	Metric incompatibility
M-861	Mathematics	Partial order	Her iki state’i mutlaka rank etmek zorunda değilsin; bazı pairs genuinely incomparable olabilir	Ordered set
M-862	Mathematics	Lattice	İki state için hem ortak en küçük upper state hem ortak en büyük lower state tanımlı olsun	Partial order
M-863	Mathematics	Meet	İki state’in ikisinin de altında kalan en büyük common state’i çıkar	Lattice
M-864	Mathematics	Join	İki state’in ikisinin de üstünde kalan en küçük common state’i çıkar	Lattice
M-865	Mathematics	Complete lattice	Yalnız pairs değil arbitrary subsets için supremum ve infimum mevcut olsun	Order completeness
M-866	Mathematics	Supermodular function	İki dimensions birbirini tamamlıyorsa one coordinate yüksekken diğerini yükseltmenin marginal gain’i daha büyük olsun	Complementary coordinates
M-867	Mathematics	Increasing differences	Parameter yükseldiğinde high action’ın low action’a göre relative payoff avantajı artsın	Ordered action × parameter
M-868	Mathematics	Decreasing differences	Parameter yükseldikçe high action’ın relative advantage’ı küçülsün	Substitute-type interaction
M-869	Mathematics	Topkis monotonicity mechanism	Objective increasing differences taşıyorsa parameter yükselince optimal actions monotone direction’da hareket edebilir	Lattice optimization
M-870	Mathematics	Argmax sublattice	Supermodular objective’in optimizers’ı arbitrary scattered olmak yerine meet/join altında closed structured set oluşturabilir	Supermodular maximization
M-871	Mathematics	Greatest optimal selection	Multiple optima varsa her parameter için greatest optimum’u seçip monotonicity track et	Ordered optimizer set
M-872	Mathematics	Least optimal selection	Aynı şekilde least optimum üzerinden monotone comparative statics kur	Ordered optimizer set
M-873	Mathematics	Strong set order	İki solution sets’i ordinary inclusion değil cross meet/join relations üzerinden “biri diğerinden daha yukarı” diye compare et	Set-valued order
M-874	Mathematics	Monotone argmax correspondence	Parameter yükselince tek optimum değil entire optimal-set correspondence order sense’de upward shift etsin	Set-valued optimization
M-875	Mathematics	Single-crossing property	Two actions’ın payoff ranking’i parameter boyunca bir kez direction değiştiriyorsa higher parameter lower action’a geri dönmesin	Ordered alternatives
M-876	Mathematics	Quasi-supermodularity	Full cardinal supermodularity yerine only ranking-preserving complementarity condition kullan	Ordinal comparative statics
M-877	Mathematics	Isotone map	Order yükselirse output order asla tersine dönmesin	Ordered spaces
M-878	Mathematics	Antitone map	Input order yükselince output systematically opposite direction’da hareket etsin	Order reversal
M-879	Mathematics	Order interval	“Between a and b” ordinary coordinate box değil partial order altında $[a,b]$ states set’i olsun	Poset/lattice
M-880	Mathematics	Order-based comparative statics	Derivative hesaplamadan yalnız order + complementarity + feasible-set movement kullanarak policy/parameter change’in direction’ını çıkar	Nondifferentiable/discrete optimization
M-881	Mathematics	Multiresolution analysis	Aynı object’i coarse→fine nested resolution spaces içinde temsil et	Nested approximation spaces
M-882	Mathematics	Scaling function	Coarse-level averages/approximation coefficients üretmek için translated/dilated base function kullan	Multiresolution basis
M-883	Mathematics	Mother wavelet	Coarse approximation’ın kaçırdığı local detail’i scale/location-specific coefficient olarak çıkar	Localized oscillatory basis
M-884	Mathematics	Dilation	Aynı analyzing shape’i genişletip daraltarak farklı spatial/time scales’e bak	Scale transformation
M-885	Mathematics	Translation	Aynı localized analyzer’ı domain boyunca kaydırarak detail’in nerede olduğunu belirle	Localization
M-886	Mathematics	Detail space	Fine approximation ile next-coarser approximation arasındaki yeni information’ı ayrı subspace yap	Orthogonal/complementary scales
M-887	Mathematics	Nested approximation spaces	Fine representation coarse representation’daki information’ı içerir ve yalnız new detail ekler	Hierarchical resolution
M-888	Mathematics	Two-scale relation	Fine scaling function’ı shifted coarse scaling functions kombinasyonundan üret	Refinement equation
M-889	Mathematics	Analysis filter bank	Signal’i low-pass approximation ve high-pass detail channels’a ayır	Discrete wavelet transform
M-890	Mathematics	Synthesis filter bank	Coarse + detail coefficients’i combine ederek original signal’ı geri kur	Perfect reconstruction
M-891	Mathematics	Quadrature-mirror condition	Analysis/synthesis filters öyle ilişkilensin ki aliasing/cross-talk reconstruction’da cancel olsun	Orthogonal filter bank
M-892	Mathematics	Perfect reconstruction	Downsampling information atıyor gibi görünse bile paired channels jointly tutulduğunda original signal exact recover edilsin	Complementary channels
M-893	Mathematics	Vanishing moment	Wavelet low-degree polynomial/trend components’e zero response versin	Moment cancellation
M-894	Mathematics	Trend annihilation	Smooth low-order background automatically cancel olup abrupt/local detail coefficient’te kalır	Local polynomial background
M-895	Mathematics	Compact support	Basis function yalnız finite neighborhood’da nonzero olsun; one local event coefficients’in tüm domain’e yayılmasın	Local support
M-896	Mathematics	Time–frequency localization tradeoff	Analyzer çok narrow time support taşıyınca frequency resolution, çok narrow frequency taşıyınca time localization sınırlanır	Uncertainty tradeoff
M-897	Mathematics	Wavelet packet decomposition	Yalnız approximation branch’i değil detail branches’i de tekrar split ederek richer frequency tree oluştur	Adaptive subbands
M-898	Mathematics	Best-basis selection	Birçok valid wavelet-packet trees arasından entropy/cost criterion’u en düşük representation’ı seç	Representation search
M-899	Mathematics	Lifting scheme	Wavelet transform’u split→predict→update local operations’ıyla construct et	Local reversible transform
M-900	Mathematics	Multiscale singularity tracking	Bir local irregularity’nin wavelet response’unu coarse→fine scales boyunca follow ederek location ve regularity’yi infer et	Local singular structure
M-901	Mathematics	Discrete Morse function	Simplicial/cellular object’in cells’ine values ver; topology-changing exceptional cells dışında adjacent dimensions boyunca controlled monotone structure kur	Finite cell complex
M-902	Mathematics	Face-poset / Hasse representation	Complex’i geometry çizmeden “hangi cell hangisinin face’i?” directed adjacency graph’ı olarak encode et	Cell incidence
M-903	Mathematics	Discrete gradient vector field	Certain $p$-cells’i adjacent $p+1$-cells ile pair et; pairing complex’in hangi parts’ının topologically cancel edilebileceğini gösterir	Incidence matching
M-904	Mathematics	Face–coface pairing	Lower-dimensional face ile onu içeren one-higher-dimensional cell’i removable pair olarak eşle	Adjacent cell dimensions
M-905	Mathematics	Acyclic matching	Pairing graph içinde forbidden closed gradient cycle oluşturma; yoksa matching valid Morse reduction taşır	Directed Hasse graph
M-906	Mathematics	Critical cell	Pair edilemeyen cell topology’nin irreducible surviving feature carrier’ı olur	Morse matching
M-907	Mathematics	Elementary collapse	Free face ve onu unique içeren coface’i birlikte sil; homotopy type değişmesin	Simplicial/CW complex
M-908	Mathematics	Free face	Yalnız tek maximal higher cell içinde bulunan face güvenli collapse candidate olabilir	Local incidence
M-909	Mathematics	Collapse sequence	Tek büyük simplification yerine topology-preserving elementary deletions zinciri uygula	Iterative reduction
M-910	Mathematics	Collapsibility	Whole complex repeated elementary collapses ile one point’e indirilebiliyor mu?	Strong contractibility notion
M-911	Mathematics	Simple-homotopy equivalence	Collapse ve inverse expansion operations ile objects arasında stronger-than-homotopy relation kur	Finite complexes
M-912	Mathematics	Discrete Morse inequalities	Her dimension’daki critical-cell sayısı ilgili homology complexity’sinden az olamaz	Morse function
M-913	Mathematics	Critical-cells bound Betti numbers	$k$-dimensional holes sayısı, $k$-critical cells sayısına lower bound koyar	Homology
M-914	Mathematics	Morse complex	Original huge cell complex yerine yalnız critical cells’den smaller chain complex kur	Morse reduction
M-915	Mathematics	Gradient path	Pairings boyunca alternating up/down cell sequence ile one critical cell’den another critical cell’e connection taşı	Discrete vector field
M-916	Mathematics	Morse boundary via gradient paths	Reduced complex’in boundary coefficient’lerini original full complex yerine gradient paths sayarak üret	Morse complex
M-917	Mathematics	Optimal Morse matching	Topology korunurken mümkün olduğunca çok cells pair/cancel et, minimum critical core bırakmaya çalış	Combinatorial optimization
M-918	Mathematics	Discrete Morse reduction	Geometry/topology problem çözmeden önce redundant cells’i collapse ederek computational state space’i küçült	Topology-preserving preprocessing
M-919	Mathematics	Algebraic Morse theory	Geometric cells şart değil; chain-complex matrix entries üzerinde matching/cancellation yaparak homology computation’ını küçült	Chain complexes
M-920	Mathematics	Persistence-compatible Morse reduction	Filtered complex’i küçültürken filtration/persistent-homology information’ını bozmayacak pairings seç	Filtered complexes
M-921	Mathematics	Morphological dilation	Shape’in her point’i çevresine structuring element kadar yayılır; nearby pieces birleşebilir	Set + structuring element
M-922	Mathematics	Morphological erosion	Structuring element’in tamamen sığmadığı boundary regions’i sil; shape küçülür	Geometric inclusion
M-923	Mathematics	Erosion–dilation adjunction	Dilation ile erosion arbitrary opposites değil; “expanded A B’nin içinde mi?” sorusu dual containment relation taşır	Lattice morphology
M-924	Mathematics	Morphological opening	Önce erosion ile küçük protrusions/components’i sil, sonra surviving structure’u dilation ile restore et	Size/shape filter
M-925	Mathematics	Morphological closing	Önce dilation ile small gaps/holes bridge et, sonra expansion’ı erosion ile geri çek	Gap-filling filter
M-926	Mathematics	Opening idempotence	Aynı opening’i ikinci kez uygulamak yeni değişiklik üretmez; first pass already projected object into stable family	Idempotent operator
M-927	Mathematics	Hit-or-miss transform	Object ve background’un belirli local configuration’ı aynı anda uyuşuyorsa pattern bulundu de	Binary morphology
M-928	Mathematics	Morphological gradient	Dilated outer envelope ile eroded inner core arasındaki farkı alarak boundary band çıkar	Boundary extraction
M-929	Mathematics	White top-hat transform	Opening’in sildiği small bright/local structures’i original−opened difference ile isolate et	Local bright features
M-930	Mathematics	Black top-hat transform	Closing’in doldurduğu small dark gaps/features’i closed−original difference ile isolate et	Local dark features
M-931	Mathematics	Morphological reconstruction	Marker yalnız allowed mask içinde iterative dilation/growth yapsın; surviving connected structure’u shape bozmadan recover et	Constrained growth
M-932	Mathematics	Geodesic dilation	Dilation yap ama expansion mask boundary’sini geçemesin	Constrained morphology
M-933	Mathematics	Geodesic erosion	Erosion yap ama prescribed marker/mask geometry içindeki allowable contraction’a bağlı kal	Constrained erosion
M-934	Mathematics	Connected opening	Small intensity/shape noise’u remove et ama surviving components’in contours’unu ordinary opening kadar distort etme	Connected components
M-935	Mathematics	Granulometry	Structuring-element scale’i progressively büyüt; hangi scale’de hangi structure disappears kaydet	Multiscale morphology
M-936	Mathematics	Morphological size distribution	Opening sequence boyunca removed mass/area değişimini object-size spectrum’una çevir	Granulometric scale
M-937	Mathematics	Morphological skeleton	Thick shape’i connectivity/topology ve gross geometry’yi koruyan thin centerline-like representation’a indir	Shape reduction
M-938	Mathematics	Medial axis	Shape içinde iki veya daha fazla boundary point’e equally nearest olan centers’i geometric backbone yap	Euclidean shape
M-939	Mathematics	Distance transform	Her interior point’e nearest boundary/background distance’ını ata	Metric morphology
M-940	Mathematics	Watershed transform	Scalar landscape’de local minima’dan basins doldur; competing floods buluştuğu ridges’i region boundaries yap	Topographic scalar field
M-941	Mathematics	Lattice	Space’de integer combinations’la tekrar eden discrete point grid’i oluştur	Discrete additive subgroup
M-942	Mathematics	Lattice basis	Aynı lattice’i üreten minimum independent direction setini seç	Integer linear combinations
M-943	Mathematics	Fundamental parallelepiped	Bir lattice basis’in translate edilmesiyle bütün space’i overlap olmadan tile eden canonical cell oluştur	Periodic lattice
M-944	Mathematics	Lattice determinant / covolume	Fundamental cell volume’u ile lattice points’in spatial density’sini ölç	Full-rank lattice
M-945	Mathematics	Minkowski convex-body theorem	Symmetric convex region lattice cell volume’una göre sufficiently büyükse içinde nonzero lattice point olmak zorunda	Convex symmetry + lattice density
M-946	Mathematics	Blichfeldt principle	Region volume lattice fundamental volume’u aşınca two points aynı lattice residue class’e düşmek zorunda	Volume pigeonhole
M-947	Mathematics	Successive minima	Region’u scale et; first lattice vector ne zaman giriyor, second independent vector ne zaman giriyor... ayrı thresholds tut	Convex body + lattice
M-948	Mathematics	Shortest vector problem	Origin dışında minimum norm taşıyan lattice point’i bul	Lattice metric
M-949	Mathematics	Closest vector problem	Arbitrary target point’e en yakın lattice point’i bul	Offset target
M-950	Mathematics	Packing radius	Lattice points etrafındaki nonoverlapping equal balls ne kadar büyüyebilir?	Periodic packing
M-951	Mathematics	Covering radius	Space’in her point’i bir lattice point’e en fazla ne kadar uzak olabilir?	Periodic covering
M-952	Mathematics	Lattice Voronoi cell	Her location’ı nearest lattice point’e ata; one periodic nearest-neighbor decision cell’i elde et	Euclidean lattice
M-953	Mathematics	Dual lattice	Original lattice vectors’ıyla integer inner products veren vectors’den reciprocal lattice oluştur	Inner-product geometry
M-954	Mathematics	Primal–dual transference	Original lattice’de short directions ile dual lattice’de thin/long constraints birbirine quantitative bounds koyar	Dual lattices
M-955	Mathematics	Gram–Schmidt basis geometry	Basis vectors’den successive orthogonal innovations çıkar; hidden near-dependencies görünür hale gelsin	Euclidean basis
M-956	Mathematics	Lattice basis reduction	Aynı lattice’i değiştirmeden badly skewed long basis’i shorter, more orthogonal basis ile replace et	Integer basis changes
M-957	Mathematics	LLL reduction	Polynomial-time local swaps/size reductions ile reasonably short and nearly orthogonal lattice basis üret	Euclidean lattice
M-958	Mathematics	Babai nearest-plane	Exact CVP çözmeden reduced basis üzerinde target’ı successive nearest hyperplanes’e round ederek approximate closest lattice point bul	Reduced basis
M-959	Mathematics	Lattice width	Convex body’nin integer-dual direction’lardaki minimum thickness’ini ölç	Integer geometry
M-960	Mathematics	Flatness principle	Convex body lattice points içermiyorsa en az bir integer direction’da bounded-thickness “flat” olmak zorunda	Lattice-free convex body
M-961	Mathematics	Compactness theorem	Sonsuz constraint collection’ın her finite subset’i jointly satisfiable ise bütün collection için de model vardır	First-order logic
M-962	Mathematics	Finite satisfiability	Global infinite consistency’yi önce her finite demand set’inin gerçekleştirilebilirliğiyle test et	Formula family
M-963	Mathematics	Finite consequence witness	Infinite assumptions set’i statement $\phi$’yi logically force ediyorsa aslında finite subset bunu force etmeye yeter	First-order consequence
M-964	Mathematics	Downward Löwenheim–Skolem	Huge model’de belirtilen small set’i içeren much smaller elementary submodel bul	First-order structure
M-965	Mathematics	Upward Löwenheim–Skolem	Infinite model varsa same first-order theory’nin arbitrarily larger cardinality’de models’i bulunabilir	Infinite first-order model
M-966	Mathematics	Elementary equivalence	İki structures physically farklı olabilir ama bütün first-order sentences için aynı truth values taşır	Logical observability
M-967	Mathematics	Elementary embedding	Small structure’u large structure içine map et; parameters dahil bütün first-order statements’in truth’u korunsun	Structure-preserving map
M-968	Mathematics	Elementary substructure	Subsystem yalnız operations’ı değil, kendi elements’i hakkında full first-order truth’u parent system ile paylaşsın	Nested structures
M-969	Mathematics	Diagram method	Existing structure’un atomic facts’ına elements için names ekle; onu larger structure içine embedding’i force edecek theory kur	Structural extension
M-970	Mathematics	Ultraproduct	Çok sayıda structures’i coordinatewise birleştir; “almost all indices” notion’ını ultrafilter ile tek model’e collapse et	Family of models
M-971	Mathematics	Łoś theorem	Ultraproduct’ta formula true iff formula component structures’in ultrafilter-large subset’inde true	Ultraproduct
M-972	Mathematics	Ultrapower	Aynı structure’un many copies’ini ultraproduct yaparak larger elementary extension üret	Single base model
M-973	Mathematics	Type	Bir hypothetical element’in existing parameters’la simultaneously satisfy etmesi istenen formulas collection’ını object yap	Local logical profile
M-974	Mathematics	Type realization	Abstractly consistent property bundle’ını gerçekten taşıyan element model içinde bulunuyor mu sor	Model capacity
M-975	Mathematics	Omitting a type	Theory consistent kalırken specified unwanted infinite property profile’ını hiçbir element’in realize etmediği model kur	Model construction
M-976	Mathematics	Saturated model	Small parameter sets üzerinde finitely consistent olan mümkün types’ın tamamı model içinde realized olsun	Rich model
M-977	Mathematics	Homogeneous model	Small partial elementary symmetry/mapping’leri whole-model automorphisms’a extend et	Internal symmetry
M-978	Mathematics	Back-and-forth construction	İki countable structures arasında partial isomorphism’i dönüşümlü olarak one element each side genişleterek total isomorphism kur	Countable structures
M-979	Mathematics	Quantifier elimination	Every formula’yı equivalent quantifier-free form’a reduce et; hidden existential layers’i explicit local relations’a çevir	Special theory
M-980	Mathematics	Fraïssé amalgamation mechanism	Compatible finite structures’i repeatedly glue et; bütün finite patterns’i taşıyan homogeneous countable limit üret	Hereditary + joint embedding + amalgamation
M-981	Mathematics	Transverse intersection	İki geometric objects kesişiyorsa tangent directions together ambient space’i span etsin; intersection “grazing” değil robust crossing olsun	Smooth manifolds
M-982	Mathematics	Transverse preimage theorem	Map target submanifold’a transversely değiyorsa preimage ya boş ya da predictable codimension’lı smooth manifold olur	Smooth map
M-983	Mathematics	Generic transversality	Exact tangency special tuning ister; arbitrarily small perturbation usually transverse configuration’a götürür	Smooth-map space
M-984	Mathematics	General position	Coincidences/tangencies gerekli değilse perturb edip only dimension-forced intersections bırak	Geometric degeneracy
M-985	Mathematics	Stability under perturbation	Transverse intersection small perturbation sonrası disappear/change-type etmez; degenerate tangency edebilir	Structural stability
M-986	Mathematics	Jet extension	Function’ın point value + derivatives up to order $k$’yi tek higher-dimensional state olarak encode et	Local differential behavior
M-987	Mathematics	Singularity stratum	Same local degeneracy type taşıyan jets’i common subset/manifold içinde group et	Jet space
M-988	Mathematics	Critical point of map	Jacobian full rank kaybettiğinde locally independent output directions azalır	Smooth mapping
M-989	Mathematics	Critical value / discriminant	Critical points’i output space’e map et; qualitative inverse behavior’ın değiştiği boundary/contour çıkar	Singular map
M-990	Mathematics	Fold singularity	Mapping two nearby branches’i same side/output region’e fold eder; boundary geçildiğinde solution/preimage count iki değişebilir	Generic codimension-1 singularity
M-991	Mathematics	Cusp singularity	Fold boundary itself degenerates; two fold branches meet/terminate and parameter response sharper qualitative change gösterir	Higher degeneracy
M-992	Mathematics	Singularity codimension	Particular degeneracy’yi force etmek için kaç independent conditions tune etmek gerektiğini say	Jet conditions
M-993	Mathematics	Low-codimension genericity	Available parameters degeneracy codimension’dan azsa generic family o singularity’yi encounter etmeyebilir	Parameterized families
M-994	Mathematics	Unfolding	Degenerate singularity’ye control parameters ekleyip nearby qualitatively distinct behaviors’ın family’sini aç	Parameter perturbation
M-995	Mathematics	Versal unfolding	Minimum-ish parameter family nearby all relevant perturbation behaviors’ını coordinate changes altında reproduce etsin	Singularity classification
M-996	Mathematics	Structural stability of singularity type	Perturbation exact point’i oynatsa bile qualitative local singularity class aynı kalsın	Stable singularity
M-997	Mathematics	Bifurcation/discriminant set	Parameter space’de solution structure’ın qualitative type değiştirdiği lower-dimensional boundary’yi çıkar	Parameter family
M-998	Mathematics	Catastrophe normal form	Complicated local transition’ı coordinate changes ile simple polynomial canonical form’a reduce et	Smooth equivalence
M-999	Mathematics	Multi-jet transversality	One point değil several distinct points’in simultaneous local configurations/self-intersections’ını joint jet object olarak test et	Multiple-point geometry
M-1000	Mathematics	Degeneracy-as-thin-set principle	Fragile exact coincidences full state space’i doldurmaz; generally lower-dimensional conditions üzerinde yaşar	Generic smooth systems
S-001	Statistics	Arithmetic mean	Add observations and share total equally	Useful target depends on loss/distribution
S-002	Statistics	Median	Find a point with half the observations on either side	Order structure; robust to magnitude of extremes
S-003	Statistics	Quantile	Ask what threshold contains a chosen fraction of outcomes	Distribution/order-based
S-004	Statistics	Variance	Measure average squared distance from center	Squaring heavily weights large deviations
S-005	Statistics	Covariance	Ask whether two deviations tend to point the same way	Captures second-order linear dependence only
S-006	Statistics	Correlation	Rescale covariance so units no longer dominate	Still second-order/linear
S-007	Statistics	Conditional expectation	After learning something, recompute the average using only compatible possibilities	Probability model/conditioning structure
S-008	Statistics	Sufficient statistic	Compress data without losing information about a specified target	“Information” is target/model specific
S-009	Statistics	Ancillary statistic	Find a data feature whose distribution does not depend on the parameter of interest	Model dependent
S-010	Statistics	Rao–Blackwellization	Replace a noisy estimator by its average conditional on a more informative summary	Requires sufficient/conditioning structure
S-011	Statistics	Maximum likelihood	Choose the model setting under which what happened was most compatible	Assumes model class and likelihood are meaningful
S-012	Statistics	Bayesian update	Reweight possible explanations according to how compatible each is with new evidence	Prior + likelihood
S-013	Statistics	Shrinkage	Pull unstable estimates toward a common/simple value to reduce total error	Accept bias to reduce variance
S-014	Statistics	James–Stein effect	Estimating many quantities together can beat estimating each separately	Particular dimension/loss/model conditions
S-015	Statistics	Bootstrap	Pretend the observed sample is a small population; repeatedly resample to see estimator variability	Resampling scheme must mimic data-generating dependence
S-016	Statistics	Jackknife	Recompute after deleting pieces to measure dependence on observations	Smooth estimator behavior helps
S-017	Statistics	Influence function	Ask how much the estimator moves if an infinitesimal amount of contamination is added here	Local contamination analysis
S-018	Statistics	M-estimation	Estimate by making an average score/penalty condition balance	Choice of loss/score defines robustness/efficiency
S-019	Statistics	Huber loss	Treat small errors quadratically but stop letting huge errors dominate	Threshold controls tradeoff
S-020	Statistics	Winsorization	Keep an extreme observation but cap how extreme it is allowed to count	Explicit information destruction
S-021	Statistics	Trimming	Remove extreme observations before estimating	Assumes extremes are less trustworthy/relevant
S-022	Statistics	Censoring	Know that an event/value lies beyond a boundary without knowing its exact value	Observation mechanism matters
S-023	Statistics	Truncation	Certain cases never enter the dataset at all	Selection alters population
S-024	Statistics	Competing risks	Several endings can occur, but the first one prevents seeing the others	Events interfere with observability
S-025	Statistics	Inverse probability weighting	Give rare-to-be-observed cases more weight to undo selective observation	Selection probabilities must be sufficiently correct/nonzero
S-026	Statistics	Propensity score	Compress treatment-selection information into probability of treatment given covariates	Identification assumptions such as exchangeability
S-027	Statistics	Instrumental variable	Use something that moves the cause but reaches the outcome only through that cause	Exclusion/relevance assumptions
S-028	Statistics	Difference-in-differences	Compare how two groups change rather than their raw levels	Parallel-trends-type assumption
S-029	Statistics	Regression discontinuity	Compare cases just on opposite sides of an assignment boundary	Continuity/no precise manipulation near cutoff
S-030	Statistics	Change-point detection	Find when the rule generating observations changed	Need distinguish genuine change from noise
S-031	Statistics	Kaplan–Meier	Recalculate survival only at moments when events can happen, accounting for disappearances	Independent/noninformative censoring
S-032	Statistics	Nelson–Aalen	Accumulate small hazard contributions over time	Counting-process framework
S-033	Statistics	Cox proportional hazards	Let covariates multiply a common baseline risk over time	Proportional-hazards assumption
S-034	Statistics	Accelerated failure time	Covariates stretch or compress the time scale itself	Parametric/semiparametric time model
S-035	Statistics	Frailty model	Add hidden shared vulnerability that makes observations dependent	Latent random effects
S-036	Statistics	Recurrent-event model	Same unit can fail/event repeatedly, so reset/count history matters	Dependence across events
S-037	Statistics	Sequential probability ratio test	Keep observing until evidence is strong enough to stop	Error-rate guarantees under model
S-038	Statistics	Alpha spending	Use a finite false-positive budget gradually over repeated looks	Sequential testing control
S-039	Statistics	Group sequential design	Allow early stopping at planned checkpoints	Predefined boundaries
S-040	Statistics	Adaptive trial	Change allocation/design using accumulating outcomes	Prespecified adaptation + inference correction
S-041	Statistics	Response-adaptive randomization	Send more future subjects toward arms currently looking better	Sequential allocation bias/control
S-042	Statistics	Multi-armed bandit	Balance trying uncertain options against exploiting the current best	Reward feedback
S-043	Statistics	Thompson sampling	Randomly act according to posterior probability each option is best	Bayesian model
S-044	Statistics	UCB	Prefer options with high estimate plus uncertainty bonus	Concentration assumptions
S-045	Statistics	Experimental blocking	Compare treatments within deliberately similar groups	Block captures nuisance variation
S-046	Statistics	Latin square	Balance two nuisance dimensions while testing one factor	Structured design
S-047	Statistics	Fractional factorial	Study many factors with fewer runs by accepting controlled aliasing	Interaction assumptions
S-048	Statistics	D-optimal design	Choose measurements that maximize parameter-information volume	Local/model-based design
S-049	Statistics	A-optimal design	Choose measurements minimizing average parameter variance	Information-matrix criterion
S-050	Statistics	C-optimal design	Choose measurements to estimate one chosen linear combination especially well	Target functional specified
S-051	Statistics	Spatial kriging	Predict an unseen location using nearby observations weighted by dependence structure	Covariance/variogram assumptions
S-052	Statistics	Variogram	Measure how difference size grows with separation	Intrinsic stationarity or related structure
S-053	Statistics	Gaussian process	Treat an unknown function as jointly distributed values with covariance structure	Kernel choice
S-054	Statistics	Conditional random field	Model labels jointly given observations rather than modeling observations themselves	Graphical dependence
S-055	Statistics	Hidden Markov model	Let unseen states evolve and produce observations	Markov latent state + emissions
S-056	Statistics	State-space filter	Repeatedly predict hidden state, then correct with new observation	Transition/measurement model
S-057	Statistics	Particle filter	Represent uncertainty by many weighted possible states and resample them	Monte Carlo approximation
S-058	Statistics	Rao–Blackwellized particle filter	Sample only the hard part; integrate the tractable part exactly	Conditional analytic structure
S-059	Statistics	EM algorithm	Guess hidden assignments, update parameters, repeat until consistent	Latent-variable likelihood
S-060	Statistics	Data augmentation	Add artificial hidden variables that make the hard calculation easier	Augmented model preserves target
S-061	Statistics	Empirical Bayes	Use the population of similar cases to estimate the prior used for each case	Exchangeability/hierarchical structure
S-062	Statistics	Hierarchical model	Let individuals differ while sharing parameters drawn from a common higher-level process	Conditional population structure
S-063	Statistics	Partial pooling	Estimate units partly from themselves and partly from the group	Bias-variance exchange
S-064	Statistics	Random effects	Explain repeated/grouped observations using hidden shared offsets	Distributional assumptions
S-065	Statistics	Fixed effects	Remove all time-stable differences between units before estimating changing relationships	Within-unit variation required
S-066	Statistics	Synthetic control	Build an untreated comparison by mixing several other units until their past resembles the treated unit	Pre-treatment comparability
S-067	Statistics	Matching estimator	Compare cases that looked similar before treatment	Conditional exchangeability
S-068	Statistics	Doubly robust estimation	Combine two correction models so getting either one right can be enough	At least one nuisance model correctly specified
S-069	Statistics	Orthogonal score	Construct an estimator whose target barely moves under small nuisance-estimation errors	Local derivative cancellation
S-070	Statistics	Cross-fitting	Estimate nuisance components on other observations so self-fitting contamination is reduced	Sample splitting
S-071	Statistics	Sandwich variance	Correct uncertainty estimates when some model assumptions are wrong	Asymptotic regularity
S-072	Statistics	Cluster-robust variance	Allow observations within groups to share arbitrary dependence	Independence mainly across clusters
S-073	Statistics	HAC estimator	Allow nearby observations in time to have correlated errors	Weak dependence/mixing
S-074	Statistics	Newey–West weighting	Estimate long-run variance by combining autocovariances with decreasing lag weights	Bandwidth/kernel selection
S-075	Statistics	Prewhitening	Remove predictable dependence first, estimate residual variation, then transform back	Preliminary model approximately useful
S-076	Statistics	Variance stabilizing transform	Change scale so noise magnitude becomes roughly constant	Mean-variance relationship known/estimable
S-077	Statistics	Box–Cox transform	Change measurement scale until relationship/noise behaves more simply	Positive data/transform family
S-078	Statistics	Isotonic regression	Fit values while forcing them never to decrease/increase against known ordering	Monotonicity known
S-079	Statistics	Shape-constrained inference	Estimate without choosing full functional form, but impose properties like monotonicity/convexity	Correct qualitative shape
S-080	Statistics	Deconvolution	Observed data are true signal blurred by noise; mathematically undo the blur	Noise distribution/operator identifiable
S-081	Statistics	Minimax estimation	Hangi gerçek durum çıkarsa çıksın en kötü estimation kaybını küçült	Parameter class + loss
S-082	Statistics	Bayes risk	Her olası gerçekliğin kaybını inanç ağırlığıyla ortala	Prior
S-083	Statistics	Least favorable prior	Bayes problemini, estimator için mümkün olan en zor prior üzerinden kur	Minimax duality conditions
S-084	Statistics	Complete class theorem	Bazı decision rule’ları baştan çöpe at çünkü başka bir rule her durumda en az onlar kadar iyi	Decision-theoretic dominance
S-085	Statistics	Admissibility	Hiçbir alternatif her durumda seni geçemiyorsa rule “yenilmez” sayılır	Loss/parameter space
S-086	Statistics	Sequential estimation	Kaç veri toplayacağına da veriyi görürken karar ver	Stopping rule
S-087	Statistics	Optional stopping correction	“İstediğim sonucu görünce durdum” seçiminin inference’ı bozmasını hesaba kat	Stopping/data dependence
S-088	Statistics	Martingale test	Geçmişe göre adil kalan bir bahis/statistic kur; sistematik büyüme model ihlaline işaret eder	Filtration/null assumptions
S-089	Statistics	E-value	Null doğruysa ortalama değeri ≤1 kalan nonnegative evidence score üret	Sequentially valid evidence
S-090	Statistics	Conformal prediction	Yeni gözlem ile eskileri değiş-tokuş edilebilir kabul edip prediction set coverage garanti et	Exchangeability
S-091	Statistics	Split conformal	Modeli bir parçada öğren, hata sınırını ayrı parçada kalibre et	Calibration split
S-092	Statistics	Covariate-shift correction	X dağılımı değişti ama Y\	X mekanizması kaldıysa eski örnekleri yeni dünyaya göre yeniden ağırlıklandır | Conditional invariance
S-093	Statistics	Importance sampling	Nadir ama önemli bölgeleri daha sık örnekle; sonra ağırlıkla düzelt	Support overlap
S-094	Statistics	Stratified sampling	Population’ı anlamlı gruplara ayırıp her grubu kontrollü ölç	Strata known
S-095	Statistics	Neyman allocation	Daha değişken/büyük gruplara daha fazla ölçüm bütçesi ver	Known/estimated stratum variance
S-096	Statistics	Capture–recapture	Göremediğin toplam sayıyı, tekrar yakalananların oranından çıkar	Capture mechanism assumptions
S-097	Statistics	Multiple imputation	Eksik değere tek sayı uydurma; birkaç olası dünya üretip belirsizliği koru	Missingness/imputation model
S-098	Statistics	Pattern-mixture model	Eksikliği düzeltmeden önce “hangi kaybolma biçimi?”ne göre dağılımları ayrı modelle	Missing-data pattern
S-099	Statistics	Selection model	Bir değerin ne olduğu ile görülüp görülmemesini birlikte modelle	Selection mechanism
S-100	Statistics	Sensitivity analysis for MNAR	Tanımlanamayan missingness parçasını tek doğruymuş gibi seçme; makul alternatiflarda sonucu tekrar hesapla	Explicit unverifiable parameter
S-101	Statistics	Kalman–Bucy filter	Tahmin et → measurement gelince hata kadar düzelt → tekrar tahmin et	Linear-Gaussian continuous-time
S-102	Statistics	Wonham filter	Hidden state birkaç discrete durumda; noisy continuous observation’dan state probability’lerini sürekli güncelle	Finite-state Markov signal
S-103	Statistics	Kushner–Stratonovich equation	Full hidden-state distribution’ını observation innovation geldikçe güncelle	Nonlinear filtering
S-104	Statistics	Zakai equation	Nonlinear normalized filter yerine unnormalized ama linear stochastic equation çöz	Change of representation
S-105	Statistics	Innovation process	Observation’daki “zaten beklediğim kısmı” çıkar; sadece yeni sürpriz kalsın	Correct conditional model
S-106	Statistics	Smoothing	Gelecekte gördüğün veriyi de kullanıp geçmiş hidden state’i yeniden değerlendir	Offline/two-sided information
S-107	Statistics	Fixed-lag smoothing	Sonsuza kadar bekleme; sadece birkaç adım geleceği görüp geçmiş estimate’i düzelt	Delay/latency tradeoff
S-108	Statistics	Robust filtering	Noise/model tam doğru değilken de estimate’in fazla sapmamasını sağla	Uncertainty class
S-109	Statistics	H∞ filtering	Average error değil, en kötü disturbance’ın output’a transferini küçült	Worst-case energy gain
S-110	Statistics	Interacting multiple model	Tek dynamics seçmek yerine birkaç modeli paralel taşı; hangisinin olası olduğunu da güncelle	Finite model bank
S-111	Statistics	Change-of-measure filtering	Zor observation dependence’ını probability measure değiştirerek daha basit bir problem yap	Absolute continuity
S-112	Statistics	Renewal process	Her event’ten sonra “bekleme saati” yeniden başlar	IID interarrival baseline
S-113	Statistics	Renewal reward	Her renewal cycle’a ödül bağla; uzun vadeli rate’i cycle başına reward/time ile hesapla	Regeneration
S-114	Statistics	Regenerative simulation	Process içinde “geçmişi unutturan restart noktaları” bul ve independent-ish cycles olarak analiz et	True regeneration
S-115	Statistics	Palm probability	Rastgele bir zamanda değil, “bir event’in gözünden dünya nasıl görünür?” diye conditional sampling yap	Point-process framework
S-116	Statistics	Hawkes process	Bir event kısa süreliğine yeni event ihtimalini artırır; excitation zamanla söner	Self-exciting point process
S-117	Statistics	Self-correcting process	Event geldikçe bir sonraki event baskılanır	Negative feedback point process
S-118	Statistics	Cox process	Event rate’in kendisi random bir hidden process’tir	Doubly stochastic Poisson
S-119	Statistics	Marked point process	Event sadece “oldu” değil, yanında büyüklük/tip/konum bilgisi taşır	Mark distribution
S-120	Statistics	Compensator	Raw event count’tan modelin beklediği event akışını çıkar; geriye sürpriz/martingale kalır	Predictable intensity
S-121	Statistics	Semiparametric efficiency	Her şeyi parametrize etmeden target için mümkün olan en düşük asymptotic variance’ı bul	Tangent-space theory
S-122	Statistics	Efficient influence function	Küçük data contamination’ın target’ı nasıl oynattığını temsil eden en iyi local direction’ı bul	Regular models
S-123	Statistics	Neyman orthogonality	Nuisance estimate biraz yanlış olsa bile target score ilk mertebede etkilenmesin	Differentiability/local insensitivity
S-124	Statistics	Double machine learning	Nuisance’ları flexible ML ile tahmin et; orthogonal score + sample splitting ile target bias’ını bastır	High-dimensional nuisance
S-125	Statistics	Targeted maximum likelihood	Initial model’i sadece target functional’ı düzeltmek için özel bir update ile tilt et	Semiparametric model
S-126	Statistics	G-estimation	Treatment mekanizmasını kullanıp structural causal parameter’ı “effect kaldı mı?” diye solve et	Structural nested model
S-127	Statistics	Marginal structural model	Time-varying confounding’i inverse weighting ile düzeltip intervention history effect’ini estimate et	Sequential exchangeability
S-128	Statistics	Structural nested model	Treatment zamanlaması ve evolving covariates ile counterfactual paths’i parametrize et	Causal assumptions
S-129	Statistics	Principal stratification	Treatment sonrası oluşan bir variable’a göre naive subgroup yapma; latent joint response type’larını kullan	Potential outcomes
S-130	Statistics	Instrumental inequalities	Exact estimator kurmadan observed distribution’ın IV assumptions ile uyumlu olup olmadığını sınırlarla test et	Instrument structure
S-131	Statistics	Partial identification	Tek bir point estimate zorlamadan, data + assumptions’ın izin verdiği bütün target aralığını taşı	Weak assumptions
S-132	Statistics	Manski bounds	Eksik identification’da mümkün olan en geniş ama guaranteed doğru aralığı hesapla	Minimal assumptions
S-133	Statistics	Sensitivity parameter	Doğrulanamayan assumption’ın gücünü explicit parameter yapıp sonucu onun boyunca izle	Model uncertainty
S-134	Statistics	Rosenbaum sensitivity	Hidden bias ne kadar güçlü olmalı ki causal conclusion kaybolsun?	Matched observational studies
S-135	Statistics	Falsification frontier	Hangi assumptions ne kadar gevşetilince model data ile ilk kez uyumlu hale geliyor?	Moment/identifying restrictions
S-136	Statistics	Moment inequalities	Equality zorlamak yerine parameter’ın karşılaması gereken inequality setleri kullan	Partial identification
S-137	Statistics	Empirical likelihood	Parametric density seçmeden observation weights’i moment conditions’a uydur	Moment constraints
S-138	Statistics	Generalized method of moments	Model’in doğruysa sıfır olması gereken birkaç average discrepancy bul; onları mümkün olduğunca sıfırla	Moment validity
S-139	Statistics	Overidentification test	Gerekenden fazla restrictions varsa birbirleriyle tutarlı mı kontrol et	Valid instruments/moments
S-140	Statistics	Weak-instrument robust inference	Instrument zayıf olduğunda normal approximation’a güvenme; identification strength’ini inference’a göm	Weak identification
S-141	Statistics	Median-of-means	Data’yı gruplara böl, grup ortalamalarını al, sonra bu ortalamaların medianını kullan	Heavy-tail robustness
S-142	Statistics	Catoni estimator	Büyük deviations’ın etkisini smoothly cap eden estimating equation kullan	Moment assumptions
S-143	Statistics	Huber contamination model	Data’nın küçük bir kısmının arbitrary kötü olmasına açıkça izin ver	ε-contamination
S-144	Statistics	Breakdown point	Estimator’ı tamamen mahvetmek için data’nın en az ne kadarı bozulmalı?	Robustness metric
S-145	Statistics	Redescending estimator	Çok uç observation’ın etkisini artırmak yerine belli noktadan sonra tekrar azalt	Nonconvex robust loss
S-146	Statistics	Rank statistic	Sayısal büyüklükler yerine yalnız sıralamayı kullan	Order information
S-147	Statistics	Sign test	Sadece gözlemin hedefin hangi tarafında olduğuna bak	Minimal distribution assumptions
S-148	Statistics	Permutation test	Label’lar gerçekten anlamsızsa yeniden karıştırıldığında statistic ne kadar extreme kalıyor?	Exchangeability under null
S-149	Statistics	Randomization inference	Treatment assignment mekanizmasının kendisini exact null distribution üretmekte kullan	Known randomization
S-150	Statistics	U-statistic	Pair/triple gibi küçük observation gruplarında hesaplanan kernel’i bütün kombinasyonlarda ortala	Symmetric kernel
S-151	Statistics	Hájek projection	Karmaşık estimator’ın first-order behavior’ını observation başına basit contributions’a ayır	Asymptotic linearity
S-152	Statistics	Jackknife-after-bootstrap	Bootstrap sonucunun hangi observation’lara hassas olduğunu tekrar deletion ile ölç	Nested resampling
S-153	Statistics	Bagging	Instable model’i birçok perturbed dataset’te fit et, outputs’u ortala	Resampling stability
S-154	Statistics	Random forest decorrelation	Çok sayıda tree üret ama hepsinin aynı hatayı yapmaması için feature randomness ekle	Ensemble diversity
S-155	Statistics	Boosting	Önce zorlanan observations’a giderek daha çok ağırlık verip sequential weak models ekle	Additive learner
S-156	Statistics	Calibration	Tahmin “%70” diyorsa gerçekten benzer cases’in yaklaşık %70’i oluyor mu kontrol et	Probabilistic prediction
S-157	Statistics	Isotonic calibration	Score sırasını bozmadan probability mapping’i monoton şekilde düzelt	Monotone calibration
S-158	Statistics	Reliability diagram	Tahmin probability bins ile gerçek frequencies’i karşılaştır	Grouped calibration diagnostic
S-159	Statistics	Proper scoring rule	Tahmin yapanın gerçekten inandığı distribution’ı söylemesini optimal kılan loss kullan	Probabilistic forecasts
S-160	Statistics	Brier decomposition	Probability forecast error’ını calibration, resolution ve base uncertainty parçalarına ayır	Binary outcome
S-161	Statistics	Principal components	En fazla variation taşıyan orthogonal directions’ı sırala	Linear second-order geometry
S-162	Statistics	Factor analysis	Birçok observable’daki ortak hareketi az sayıda hidden cause + özel noise ile açıkla	Covariance model
S-163	Statistics	Independent component analysis	Components’ı correlation değil statistical independence’a göre ayır	Non-Gaussianity/independence
S-164	Statistics	Canonical correlation	İki variable grubunda birbirini en çok anlatan linear combinations’ı bul	Linear dependence
S-165	Statistics	Partial least squares	Input direction’ı kendi variance’ına göre değil target’la beraber değişmesine göre seç	Supervised dimension reduction
S-166	Statistics	Reduced-rank regression	Birçok predictor→outcome relation’ın aslında birkaç shared response direction’dan geçtiğini varsay	Low-rank coefficient matrix
S-167	Statistics	Sufficient dimension reduction	$X$’in tamamı yerine $Y$ hakkında bütün gerekli bilgiyi taşıyan birkaç projection bul	Conditional-independence target
S-168	Statistics	Sliced inverse regression	$X\to Y$ zor relation’ını ters çevirip farklı Y seviyelerinde X ortalamalarının nasıl değiştiğine bak	Ellipticity-type conditions
S-169	Statistics	Sparse PCA	High-variance directions bul ama bunları az sayıda variable ile ifade etmeye zorla	Sparsity
S-170	Statistics	Graphical lasso	Covariance değil conditional-dependence network’ünü sparse precision matrix ile çıkar	Gaussian graphical model
S-171	Statistics	Neighborhood selection	Her variable’ı diğerlerinden predict et; conditional neighbors network edge olur	Sparse regression
S-172	Statistics	Knockoffs	Gerçek feature’ların sahte ikizlerini üret; gerçek feature ancak ikizinden daha iyi ise seç	Exchangeability construction
S-173	Statistics	False discovery rate	“Hiç hata yapma” yerine seçtiklerinin içinde beklenen yanlış oranını kontrol et	Multiple testing
S-174	Statistics	Higher criticism	Tek tek çok zayıf ama topluca var olan sparse sinyalleri p-value distribution’ın küçük sapmalarından bul	Rare/weak regime
S-175	Statistics	Empirical null	Theoretical null yanlış kalibre olmuş olabilir; bulk data’dan gerçek null center/scale öğren	Many-tests structure
S-176	Statistics	Local FDR	Tek bir bulgunun null olma posterior probability’sini estimate et	Mixture model
S-177	Statistics	Change-point segmentation	Zamanı farklı rule’ların geçerli olduğu parçalara böl	Piecewise stability
S-178	Statistics	Wild binary segmentation	Change point’i global tarama yerine birçok random interval içinde arayıp lokal signal’ı görünür yap	Multiple abrupt changes
S-179	Statistics	Fused lasso	Komşu estimates farklılaşmasın diye difference’ları cezalandır; gerçekten gerekirse jump’a izin ver	Piecewise constancy
S-180	Statistics	Trend filtering	Smooth polynomial-like parçaları korurken az sayıda kink/change yarat	Sparse higher-order differences
S-181	Statistics	Dirichlet process	Kaç latent group olduğunu baştan sabitlemeden random distribution üzerinde prior kur	Bayesian nonparametrics
S-182	Statistics	Chinese restaurant process	Yeni observation ya mevcut büyük cluster’a katılır ya da yeni cluster açar	Exchangeable partition
S-183	Statistics	Pitman–Yor process	Rich-get-richer clustering’e daha güçlü rare-cluster/heavy-tail davranışı ekle	Discount parameter
S-184	Statistics	Gaussian-process posterior	Function’ın her noktasını parametrize etme; observed points yeni noktalar hakkındaki joint uncertainty’yi değiştirir	Kernel
S-185	Statistics	Bayesian model averaging	Tek model seçip diğerlerini atma; model uncertainty’yi predictions içine taşı	Model prior/posterior
S-186	Statistics	Bayesian stacking	Model gerçekten doğru mu diye değil, predictive mixture’da hangi ağırlık en iyi çalışıyor diye combine et	Out-of-sample predictive criterion
S-187	Statistics	Posterior predictive check	Fit edilmiş model kendi dünyasını yeniden üretince gerçek data’ya benzeyen özellikler çıkarıyor mu?	Chosen discrepancy
S-188	Statistics	Prior predictive check	Data’yı görmeden önce prior’ın ürettiği dünyalar saçma mı kontrol et	Prior/model
S-189	Statistics	Extreme-value block maxima	Bütün distribution’ı modellemek yerine bloklardaki en büyükleri modelle	Extreme-value domain
S-190	Statistics	Peaks over threshold	Yalnız yeterince büyük observations’ın threshold üzerindeki excess’lerini modelle	High threshold
S-191	Statistics	Generalized Pareto tail	Yeterince uç threshold sonrası excess distribution basit limiting family’ye yaklaşabilir	EVT regularity
S-192	Statistics	Hill estimator	Tail heaviness’i en büyük birkaç order statistic’in relative spacing’inden çıkar	Pareto-type tail
S-193	Statistics	Tail dependence	İki variable normal zamanda weak bağlı olsa bile extremes’de birlikte patlıyor mu ölç	Joint tail
S-194	Statistics	Extremal index	Extreme observations cluster oluyorsa effective independent-extreme sayısını düzelt	Stationary dependence
S-195	Statistics	Rare-event logistic correction	Outcome çok nadirse standard estimation/calibration bias’ını rare-event structure’a göre düzelt	Binary rare outcome
S-196	Statistics	Zero-inflated model	Çok fazla zero tek mechanism’dan gelmiyor olabilir: “structural zero” + ordinary count process ayır	Mixture structure
S-197	Statistics	Hurdle model	Önce zero barrier’ını geçip geçmediğini, sonra positive amount’u ayrı modelle	Two-stage process
S-198	Statistics	Tobit model	Hidden continuous value var ama boundary altında/üstünde exact value yerine cap görülüyor	Censoring
S-199	Statistics	Heckman correction	Sample’a girme kararı outcome’la ortak hidden causes taşıyorsa selection equation’dan correction term üret	Joint-error assumptions
S-200	Statistics	Case-control sampling	Rare outcome cases’i bilinçli oversample et; sampling design’i inference’da geri düzelt	Outcome-dependent sampling
S-201	Statistics	Kernel density estimation	Her observation’ın etrafına küçük bump koy; hepsini toplayıp smooth density üret	Bandwidth choice
S-202	Statistics	Adaptive bandwidth KDE	Data seyrekse geniş, yoğunsa dar pencere kullan	Local density variation
S-203	Statistics	Nearest-neighbor estimation	Sabit spatial window yerine sabit komşu sayısı kullan; physical radius data density’ye göre değişsin	Metric
S-204	Statistics	Local polynomial regression	Bir noktaya yakın veriyi daha çok ağırlıklandırıp local slope/curvature fit et	Smooth local function
S-205	Statistics	LOESS	Global tek form seçme; her location’da yakın observations’dan ayrı local fit üret	Local smoothness
S-206	Statistics	Spline smoothing	Esnek parçalı polynomial kullan ama fazla kıvrılmayı cezalandır	Roughness penalty
S-207	Statistics	Smoothing spline	Fit error + curvature cost arasında optimum bul	Quadratic smoothness
S-208	Statistics	Wavelet thresholding	Signal’ı location-scale atoms’a ayır; küçük coefficients’i noise sayıp sil	Sparse multiscale representation
S-209	Statistics	Wavelet shrinkage	Coefficients’i tamamen kesmek yerine küçült	Bias-variance tradeoff
S-210	Statistics	Functional data analysis	Her observation bir sayı değil bir curve/function olabilir; curves arası variation’ı modelle	Function-space data
S-211	Statistics	Functional PCA	Curve variation’ını birkaç dominant deformation pattern’ına indir	Covariance operator
S-212	Statistics	Dynamic functional PCA	Curves zaman içinde bağlıysa lagged dependence’i de mode extraction’a kat	Functional time series
S-213	Statistics	Long-memory process	Çok eski observations’ın etkisi hızlı ölmez; uzak geçmiş aggregate behavior’ı etkiler	Slow autocorrelation decay
S-214	Statistics	Fractional differencing	Long memory’yi yok etmeden series’i daha stationary hale getirecek “tam sayı olmayan fark” al	Fractional integration
S-215	Statistics	Copula	Marginal distributions’ı ayrı tutup dependence yapısını ayrı bir object olarak modelle	Sklar conditions
S-216	Statistics	Vine copula	Çok-boyutlu dependence’i pairwise conditional copulas zincirine parçala	Pair-copula construction
S-217	Statistics	Tail copula	Dependence’in yalnız extreme bölgelerdeki kısmını ayrı modelle	Tail regularity
S-218	Statistics	Spatial autoregression	Bir location’ın outcome’u komşu locations’ın outcomes’undan etkilenir	Spatial weight matrix
S-219	Statistics	Conditional autoregression	Her location’ı komşularına conditional olarak bağlayıp global joint field üret	Compatible neighborhood structure
S-220	Statistics	Gaussian Markov random field	Global covariance dense olabilir ama conditional dependence local/sparse olabilir	Precision sparsity
S-221	Statistics	Online learning	Data tek tek gelir; her tahminden sonra hatanı görüp rule’u düzelt	Sequential feedback
S-222	Statistics	Regret minimization	“Gerçeği tam öğrendim mi?” yerine hindsight’daki en iyi sabit strategy’den ne kadar geri kaldım ölç	Comparator class
S-223	Statistics	Exponential weights	İyi çalışan experts’in ağırlığını hızla artır, kötülerin azalt	Bounded losses
S-224	Statistics	Hedge algorithm	Tek expert seçme; performance’a göre sürekli değişen mixture taşı	Online decision
S-225	Statistics	Follow-the-regularized-leader	Geçmişte en iyi görünen action’a git ama aşırı zıplamayı regularization ile engelle	Convex loss
S-226	Statistics	Prequential evaluation	Modeli tüm data’da bir kere fit edip ölçme; her yeni noktayı yalnız geçmişten tahmin edip değerlendir	Temporal ordering
S-227	Statistics	Anytime-valid inference	Ne zaman bakıp durduğuna bakılmaksızın validity koruyan inference üret	Sequential validity
S-228	Statistics	Confidence sequence	Tek sample-size CI yerine bütün zamanlar için aynı anda geçerli moving interval üret	Time-uniform coverage
S-229	Statistics	Test martingale	Null altında büyümemesi gereken evidence wealth process kur; sistematik büyürse null şüpheli	Sequential null
S-230	Statistics	Density-ratio estimation	İki density’yi ayrı ayrı tahmin etmeden doğrudan oranlarını tahmin et	Support overlap
S-231	Statistics	Covariate balancing	Treatment groups arasında prediction model kurmak yerine covariate distributions’ı doğrudan dengele	Causal weighting
S-232	Statistics	Entropy balancing	Weights’i mümkün olduğunca az değiştirirken exact moment balance constraints’i sağla	Convex reweighting
S-233	Statistics	Transportability weighting	Bir population’daki sonucu başka population’a taşımak için aradaki composition farkını weight’lerle düzelt	Shared mechanisms
S-234	Statistics	Domain adaptation	Training world ile target world farklıysa değişmeyen structure’ı bulup prediction’ı ona bağla	Shift assumptions
S-235	Statistics	Invariant causal prediction	Environment değişse bile target’ın doğru causes’a conditional relation’ı sabit kalmalı	Multiple environments
S-236	Statistics	Anchor regression	Hidden shift’lere dayanıklı relation bulmak için observed disturbance proxies’e sensitivity’yi cezalandır	Shift interventions
S-237	Statistics	Quantile regression	Mean yerine “hangi değerin altında şu kadar probability var?”ı doğrudan tahmin et	Conditional quantile
S-238	Statistics	Expectile regression	Asymmetric squared loss ile tail-sensitive center tahmin et	Asymmetric loss
S-239	Statistics	Distribution regression	Tek mean/quantile değil, birçok threshold için $P(Y\le y\mid X)$ tahmin ederek distribution kur	Binary regressions across thresholds
S-240	Statistics	Approximate Bayesian computation	Likelihood hesaplanamıyorsa modelden worlds simulate et; observed summary’ye benzeyen parameterları tut	Simulator + summary/tolerance
S-241	Statistics	Selective inference	Data’ya bakıp hypothesis/model seçtiysen inference’ı “bunu seçmiş olma” şartına göre düzelt	Selection event
S-242	Statistics	Post-selection interval	“En ilginç görünen coefficient” seçildikten sonra ordinary CI yerine seçim bias’ını içeren interval üret	Model selection
S-243	Statistics	Debiased lasso	Sparse shrinkage bias’ını ikinci bir correction step ile geri çıkarıp inference yapılabilir coefficient üret	High-dimensional sparsity
S-244	Statistics	Stability selection	Tek fit’te seçilen feature’a güvenme; data perturb edilince sürekli geri gelenleri seç	Repeated subsampling
S-245	Statistics	Cross-validation	Bir modelin kendi gördüğü data’daki başarısına değil, saklanan observations’daki başarısına bak	Train/test exchangeability
S-246	Statistics	Rolling-origin validation	Time series’de geleceği geçmişe sızdırma; her evaluation’da yalnız o ana kadarki data’yı kullan	Temporal order
S-247	Statistics	Block bootstrap	Dependent observations’ı tek tek karıştırma; komşuluk structure’ını koruyan blokları resample et	Local dependence
S-248	Statistics	Stationary bootstrap	Random-length blocks ile dependence korurken resampled series’i stationary tutmaya çalış	Stationary process
S-249	Statistics	Subsampling	Full sampling distribution’ı modellemek yerine küçük overlapping subsamples’daki estimator behavior’ından çıkar	Weak assumptions
S-250	Statistics	Sieve bootstrap	Dependence’i finite approximate model ile öğren, residual’ları resample edip synthetic series üret	Approximation order
S-251	Statistics	Horvitz–Thompson estimator	Görülme ihtimali düşük observation’a daha fazla weight vererek population total’ı düzelt	Known inclusion probabilities
S-252	Statistics	Hájek survey estimator	Weighted total’ı weighted population size’a bölerek unstable HT estimate’i normalize et	Survey design
S-253	Statistics	Raking	Sample weights’i sırayla farklı known margins’a uydur; tekrar ederek hepsini aynı anda yaklaşık sağla	Known population margins
S-254	Statistics	Calibration weighting	Original sampling weights’den mümkün olduğunca az uzaklaşırken auxiliary totals’ı exact tuttur	Survey auxiliary data
S-255	Statistics	GREG estimator	Direct survey estimate’e auxiliary prediction error correction ekle	Working regression model
S-256	Statistics	Small-area estimation	Bir subgroup’ta data azsa yalnız subgroup data’sına güvenme; diğer alanlardan structured borrowing yap	Hierarchical structure
S-257	Statistics	Fay–Herriot model	Noisy direct area estimates’i common regression/random-effect model’e doğru shrink et	Area-level model
S-258	Statistics	Synthetic estimation	Local data zayıfsa broader population relation’ını local population composition’ına uygula	Transportability
S-259	Statistics	Nonresponse adjustment	Cevap vermeyenlerin dağılımı farklıysa respondent weights’i response probability’ye göre düzelt	Response mechanism
S-260	Statistics	Balanced repeated replication	Complex survey uncertainty’sini carefully constructed half-sample replicates üzerinden ölç	Survey design structure
S-261	Statistics	Classical measurement error	X’i noise’lu görüyorsan naive relation genellikle gerçek relation’ı zayıflatır/bozar	Additive error assumptions
S-262	Statistics	Errors-in-variables	Hem predictor hem response measurement error taşıyorsa ordinary regression geometry’sini değiştirmek gerekir	Error variance structure
S-263	Statistics	Regression calibration	Hidden true exposure yerine observed proxy’den conditional expected true exposure kullan	Measurement model
S-264	Statistics	SIMEX	Measurement noise’a bilerek daha fazla noise ekle, estimate nasıl bozuluyor öğren, sonra “zero noise”a extrapolate et	Parametric error mechanism
S-265	Statistics	Validation subsample	Küçük subset’te true measurement al; büyük noisy sample’ı bu subset ile calibrate et	Representative validation data
S-266	Statistics	Latent class model	Observations, doğrudan görünmeyen birkaç discrete type’ın farklı response patterns’ından geliyor	Conditional independence-type assumptions
S-267	Statistics	Latent profile model	Hidden discrete groups var ama indicators continuous	Mixture structure
S-268	Statistics	Finite mixture	Tek population distribution yerine birkaç hidden subpopulation distribution’ının weighted sum’ını kullan	Mixture identifiability
S-269	Statistics	Mixture identifiability	Aynı observed distribution’ı farklı latent decompositions üretebiliyorsa hidden groups unique değildir	Structural conditions
S-270	Statistics	Label switching	Mixture components’in adlarını değiştirmek observable model’i değiştirmez	Symmetry
S-271	Statistics	Zero-truncated count model	Zero observations population’a hiç giremiyorsa ordinary count model’i observed sample’a doğrudan uygulama	Truncation
S-272	Statistics	Length-biased sampling	Uzun süren events’i random observation zamanında görme ihtimalin daha yüksek	Duration-biased sampling
S-273	Statistics	Size-biased sampling	Büyük units sample’a daha sık giriyorsa observed distribution population distribution değildir	Inclusion ∝ size
S-274	Statistics	Left truncation	Event sample başlamadan önce olduysa unit hiç görülmüyor	Delayed entry
S-275	Statistics	Interval censoring	Event’in tam zamanı bilinmiyor; sadece iki observation arasında olduğunu biliyorsun	Observation schedule
S-276	Statistics	Current-status data	Her individual için yalnız “şu ana kadar oldu mu?” bilgisi var	Single inspection
S-277	Statistics	Misclassification correction	Observed category gerçek category’nin noisy version’ıysa confusion mechanism’ını inference’a kat	Sensitivity/specificity
S-278	Statistics	Verification bias correction	Gold-standard test herkese değil selected cases’e uygulanıyorsa validation sample’ın selection’ını düzelt	Selective verification
S-279	Statistics	Latent transition model	Hidden class sabit değil; zaman içinde class değiştirme probabilities’ini modelle	Longitudinal latent states
S-280	Statistics	Hidden semi-Markov model	Hidden state değişimi sadece current state’e değil orada geçirilen süreye de bağlı	Duration-dependent latent dynamics
S-281	Statistics	Metropolis–Hastings	Candidate world öner; target distribution’a göre bazen kabul et, bazen bulunduğun yerde kal	Evaluatable density ratio
S-282	Statistics	Gibbs sampling	Tüm variables’ı bir anda örnekleme; diğerleri sabitken her parçayı conditional distribution’dan sırayla yenile	Conditional sampling possible
S-283	Statistics	Hamiltonian Monte Carlo	Random walk gibi gezinme; probability landscape’ında momentum ekleyip uzun directed paths kullan	Differentiable log density
S-284	Statistics	Slice sampling	Density value’sini doğrudan normalize etme; altında kalan horizontal slice’dan joint sample al	Evaluatable unnormalized density
S-285	Statistics	Reversible-jump MCMC	Parameter dimension bile modelden modele değişiyorsa farklı-dimensional spaces arasında proposal yap	Dimension-matching transformation
S-286	Statistics	Sequential Monte Carlo	Bir anda zor target’tan sample alma; easy distribution’dan başlayıp particles’ı aşamalı target’a taşı	Weighting/resampling sequence
S-287	Statistics	Annealed importance sampling	Easy density’den hard density’ye intermediate temperatures üzerinden ilerleyip weight ratios biriktir	Bridging distributions
S-288	Statistics	Particle MCMC	Hidden-state particle estimate’ini parameter MCMC içinde kullan	Unbiased likelihood approximation
S-289	Statistics	Variational inference	Exact posterior zor; tractable family içindeki en yakın distribution’ı optimization ile seç	Approximation family/divergence
S-290	Statistics	Mean-field variational approximation	Joint posterior dependence’ını kesip factors bağımsızmış gibi approximate et	Factorization
S-291	Statistics	Expectation propagation	Her difficult likelihood factor’ı simple approximation’la değiştir; local moments’i tekrar tekrar eşleştir	Moment matching
S-292	Statistics	Laplace approximation	Probability mass’ın çoğu mode yakınındaysa local curvature ile Gaussian approximation yap	Smooth unimodal locality
S-293	Statistics	Bridge sampling	İki normalizing constant oranını, iki distribution arasında overlap sağlayan bridge üzerinden tahmin et	Distribution overlap
S-294	Statistics	Pareto-smoothed importance sampling	Aşırı büyük importance weights’i tail model ile stabilize et	Heavy importance-weight tail
S-295	Statistics	Effective sample size	Observation sayısını değil, dependence/weight imbalance sonrası gerçekte kaç bağımsız-equivalent observation kaldığını ölç	Weighted/dependent sample
S-296	Statistics	Posterior predictive residual	Observed feature modelin posterior predictive dünyalarında ne kadar sıra dışı?	Chosen diagnostic
S-297	Statistics	Simulation-based calibration	Parameter’ı prior’dan üret → data simulate et → inference yap; true parameter posterior ranks içinde uniform mi kontrol et	Self-consistent simulator
S-298	Statistics	Probability integral transform	Doğru continuous predictive distribution altında realized CDF values uniform olmalı	Calibrated continuous distribution
S-299	Statistics	Leave-one-out predictive checking	Her observation’ı kendisini görmeyen modelle tahmin ederek generalization failure ara	Conditional refitting/approximation
S-300	Statistics	Influence-based LOO approximation	Her point’i tek tek refit etmek yerine onun çıkarılmasının local effect’ini approximate et	Smooth estimator/posterior
S-301	Statistics	Cause-specific hazard	Competing event types için her birinin instantaneous occurrence rate’ini ayrı taşı	Competing risks
S-302	Statistics	Subdistribution hazard	Competing event olsa bile target event’in cumulative incidence population’ında unit’i özel biçimde risk setinde tut	Fine–Gray framework
S-303	Statistics	Multi-state model	Individual yalnız alive/dead değil birkaç state arasında hareket eder	Transition graph
S-304	Statistics	Illness–death model	Healthy → ill → dead yollarını ve direct healthy → dead yolunu ayrı modelle	Ordered multi-state process
S-305	Statistics	Semi-competing risks	Bir event diğerini engeller ama tersi engellemez	Asymmetric terminal event
S-306	Statistics	Landmark analysis	Prediction yapmak istediğin zamanı seç; o ana kadar hayatta/available kalanları kullanıp geçmişi yeniden özetle	Dynamic prediction
S-307	Statistics	Time-dependent covariate	Predictor zaman içinde değişir; future predictor değerini geçmiş outcome’a sızdırma	Temporal observation
S-308	Statistics	Joint longitudinal-survival model	Zamanla ölçülen biomarker ve event time’ı shared hidden structure ile birlikte modelle	Shared latent effects
S-309	Statistics	Informative dropout	Birinin gözlemden kaybolması kendi hidden outcome/state’i hakkında bilgi taşıyabilir	Nonignorable dropout
S-310	Statistics	Shared-parameter model	Missingness/event ve outcome’u ortak latent variable üzerinden bağla	Latent dependence
S-311	Statistics	Recurrent-event frailty	Aynı individual’ın eventleri shared hidden risk nedeniyle cluster olur	Random effect
S-312	Statistics	Gap-time model	Her event sonrası saat yeniden başlar; bir sonraki event’e kadar süreyi modelle	Renewal-like recurrence
S-313	Statistics	Calendar-time model	Event sayacını resetleme; bütün events’i absolute timeline üzerinde tut	Global-time effects
S-314	Statistics	Andersen–Gill model	Recurrent events’i counting-process extension ile tek intensity framework’ünde taşı	Conditional intensity
S-315	Statistics	Case-crossover design	Bir kişiyi başkasıyla değil, kendi event öncesi exposure’sunu kendi control zamanlarıyla karşılaştır	Transient exposure/effect
S-316	Statistics	Self-controlled case series	Time-invariant individual confounding’i aynı kişinin farklı zamanlarını karşılaştırarak yok et	Event-dependent observation assumptions
S-317	Statistics	Distributed-lag model	Bugünkü outcome yalnız bugünkü exposure değil geçmiş birçok exposure’ın weighted effect’ini taşıyabilir	Lag structure
S-318	Statistics	Distributed-lag nonlinear model	Exposure amount ve gecikme süresi birlikte nonlinear response surface oluşturur	Exposure–lag surface
S-319	Statistics	Functional concurrent model	Function-valued predictor’ın aynı andaki değeri function-valued outcome’u etkiler	Functional data alignment
S-320	Statistics	Dynamic prediction updating	Yeni longitudinal observation geldikçe future-risk prediction’ını yeniden hesapla	Sequential observation
S-321	Statistics	Generalized estimating equations	Full joint distribution’ı doğru modellemek zorunda kalmadan mean relation + rough dependence kullan	Correlated observations
S-322	Statistics	Working correlation	Dependence model’i tam doğru olmasa bile efficiency kazanmak için approximate correlation structure kullan	GEE robustness
S-323	Statistics	Exchangeable correlation	Aynı cluster’daki bütün pairs’e ortak correlation varsay	Clustered data
S-324	Statistics	Autoregressive working correlation	Yakın zaman observations’ı uzaklardan daha bağlı kabul et	Ordered repeated measures
S-325	Statistics	Random-slope model	Units yalnız başlangıç level’ında değil response/change rate’inde de farklı olsun	Multilevel data
S-326	Statistics	Latent growth curve	Repeated measurements’ı hidden intercept + hidden growth trajectory üzerinden açıkla	Longitudinal latent structure
S-327	Statistics	Growth-mixture model	Population tek growth trajectory family değil, birkaç hidden trajectory class’ından oluşabilir	Mixture + longitudinal data
S-328	Statistics	Item response theory	Gözlenen cevapları hidden ability ile item difficulty/discrimination interaction’ından üret	Latent trait model
S-329	Statistics	Rasch model	Person ability ve item difficulty aynı latent scale’da fark olarak karşılaşsın	Specific logistic IRT
S-330	Statistics	Differential item functioning	Aynı hidden ability’de iki group aynı item’a farklı cevap veriyorsa item measurement-neutral değildir	Measurement fairness/invariance
S-331	Statistics	Measurement invariance	Group/time değişince measurement map değişiyorsa latent scores doğrudan karşılaştırılamaz	Multi-group latent model
S-332	Statistics	Local independence diagnostic	Latent variable’ı condition ettikten sonra indicators hâlâ bağlıysa hidden-state representation eksik olabilir	Latent-variable model
S-333	Statistics	CUSUM	Küçük directional deviations tek tek önemsiz görünse de aynı yönde birikirse alarm ver	Sequential change detection
S-334	Statistics	EWMA monitoring	En yeni observation’ı en çok, eski observations’ı giderek daha az ağırlıklandırarak persistent shift ara	Sequential monitoring
S-335	Statistics	Sequential generalized likelihood ratio	Change’in zamanı/büyüklüğü bilinmiyorsa her olası change açıklamasından en güçlüsünü sürekli test et	Unknown change parameter
S-336	Statistics	Page stopping rule	Evidence kötü yöne giderse geçmiş negative accumulation’ı sıfırla ve yeni run başlat	Persistent one-sided shifts
S-337	Statistics	Scan statistic	Global average’a bakma; birçok possible local window arasında olağandışı yoğun region ara	Local clustering
S-338	Statistics	Spatial scan statistic	Hem location hem cluster size bilinmiyorsa birçok spatial region’ı tarayıp unusually high concentration bul	Spatial null model
S-339	Statistics	Runs test	Değer büyüklüğü değil aynı sign/category’nin normalden uzun sıra oluşturup oluşturmadığına bak	Sequence randomness
S-340	Statistics	Change-point with epidemic alternative	Rule bir süre bozulup sonra eski haline dönebilir; permanent-change assumption zorlama	Temporary regime shift
S-341	Statistics	DAG factorization	Büyük joint distribution’ı “her variable kendi parents’ına bağlı” local factors’a parçala	Acyclic causal graph
S-342	Statistics	d-separation	Graph paths’ına bakarak hangi variables’ın conditioning sonrası bağımsız olması gerektiğini çıkar	DAG Markov property
S-343	Statistics	Back-door adjustment	Treatment-outcome causal path dışındaki confounding yolları uygun variables’a condition ederek kapat	Observed confounders
S-344	Statistics	Front-door adjustment	Hidden confounding olsa bile treatment→mediator→outcome structure ve ek independences ile effect recover et	Front-door criteria
S-345	Statistics	Markov equivalence	Farklı causal direction graphs aynı observational independences’i üretebilir	Observational data only
S-346	Statistics	PC algorithm	Conditional-independence tests ile impossible edges/directions’ı sırayla silerek graph family çıkar	Causal sufficiency + faithfulness baseline
S-347	Statistics	FCI algorithm	Hidden confounders olabilirken observational independences’tan partial ancestral graph çıkar	Latent confounding
S-348	Statistics	Faithfulness	Data’daki independence’in accidental cancellation değil graph separation’dan geldiğini varsay	Generic causal parameters
S-349	Statistics	Negative-control exposure	Outcome’u causal etkilememesi gereken ama confounder’ı hisseden exposure kullan; ilişki görünürse hidden confounding sinyali al	Known causal null
S-350	Statistics	Negative-control outcome	Treatment’tan etkilenmemesi gereken ama confounder’ı hisseden outcome kullan	Known causal null
S-351	Statistics	Proximal causal inference	Hidden confounder’ı doğrudan ölçmeden, onu farklı yönlerden gören proxy variables çiftini kullanarak bias’ı çözmeye çalış	Completeness/proxy conditions
S-352	Statistics	Bridge function	Görünmeyen confounder’ın etkisini, observed proxies arasında kurulan bir function ile “köprüle”	Integral-equation identification
S-353	Statistics	Local-randomization RD	Cutoff’a çok yakın units’ı küçük randomized experiment’e benzer kabul et	Narrow bandwidth/local assumptions
S-354	Statistics	Synthetic difference-in-differences	Unit weighting ile synthetic-control balance, time weighting ile DiD correction’ı birleştir	Panel counterfactual structure
S-355	Statistics	Interactive fixed effects	Unobserved confounding’i sadece additive unit/time effects değil latent factors × heterogeneous loadings olarak taşı	Low-rank panel structure
S-356	Statistics	Matrix-completion counterfactual	Missing treated outcomes’ı observed untreated panel’in low-rank structure’ından reconstruct et	Structured missingness/low rank
S-357	Statistics	Partial interference	Herkes herkesi etkilemiyor; interference yalnız belirli clusters/networks içinde olsun	Restricted spillover graph
S-358	Statistics	Exposure mapping	Network treatment vector’ının tamamını değil kişinin maruz kaldığı treatment pattern’ını birkaç exposure state’e sıkıştır	Correct exposure representation
S-359	Statistics	Spillover effect estimation	Ben tedavi almasam bile komşularımın treatment’ı outcome’umu değiştirebilir	Interference
S-360	Statistics	Stepped-wedge design	Clusters intervention’a farklı zamanlarda sırayla geçer; geçiş timing’ini causal comparison için kullan	Staggered randomized rollout
S-361	Statistics	Multivariate extreme-value model	Variables’ın ordinary joint behavior’ından ayrı olarak joint extremes’in limiting structure’unu modelle	Extreme-value regularity
S-362	Statistics	Extremal coefficient	Bir grup locations’ın extremes bakımından tek variable gibi mi yoksa bağımsız variables gibi mi davrandığını özetle	Max-stable setting
S-363	Statistics	Max-stable process	Spatial maxima’nın scale büyüdükçe aynı family içinde kalmasını sağlayan process kullan	Spatial extremes
S-364	Statistics	Conditional extremes	X aşırı büyük olduğunda Y’nin nasıl davrandığını doğrudan conditional limit ile modelle	Tail conditioning
S-365	Statistics	Hidden regular variation	Ana tail limit independence gösterse bile daha derin tail scale’da joint-extreme structure kalmış olabilir	Multiple tail scales
S-366	Statistics	Peaks-over-threshold declustering	Aynı underlying extreme episode’dan gelen çok sayıda exceedance’ı ayrı independent event sanma	Temporal clustering
S-367	Statistics	Robust covariance	Birkaç outlier bütün covariance geometry’sini döndürmesin diye center/shape’i robust estimate et	Contamination
S-368	Statistics	Minimum covariance determinant	Data’nın en internally consistent subset’ini bulup covariance’ı onun üzerinden kur	High-breakdown robustness
S-369	Statistics	Tyler shape estimator	Radial magnitude’dan çok direction geometry’sini kullanarak heavy-tail-resistant scatter estimate et	Elliptical distributions
S-370	Statistics	Robust Mahalanobis distance	Outlier detection’ı contaminated mean/covariance yerine robust center/shape üzerinden yap	Multivariate contamination
S-371	Statistics	Sequential experimental design	Bir sonraki measurement location/action’ını önceki observations’a göre seç	Adaptive sampling
S-372	Statistics	Bayesian optimal design	Measurement’ı expected posterior information/value gain en yüksek yere koy	Prior + utility
S-373	Statistics	Active learning	Label pahalıysa modelin en çok faydalanacağı unlabeled case’i seçip label iste	Query access
S-374	Statistics	Uncertainty sampling	Modelin en kararsız olduğu case’leri ölç	Predictive uncertainty
S-375	Statistics	Query-by-committee	Birkaç plausible model en çok nerede disagreement gösteriyorsa orayı ölç	Model ensemble
S-376	Statistics	Expected model change	Yeni label hangi case’de model parameters’ını en fazla oynatacaksa onu seç	Differentiable learner
S-377	Statistics	Optimal stopping in sampling	Ek bir observation’ın expected value’si cost’un altına düştüğünde data toplamayı bırak	Sampling cost
S-378	Statistics	Group-sequential futility	Treatment effect bulunabilir olsa bile current evidence artık success ihtimalini çok düşürdüyse trial’ı erken kes	Interim monitoring
S-379	Statistics	Adaptive enrichment	Treatment signal belirli subgroup’ta yoğunlaşıyorsa future recruitment’ı o subgroup’a kaydır	Predefined adaptation
S-380	Statistics	Response-surface design	İlk measurements’dan local shape öğrenip sonraki experiments’ı optimum’a yakın bölgeye concentrate et	Smooth experimental response
S-381	Statistics	Concept drift	$P(Y\mid X)$ zamanla değişebilir; eski predictive relation artık aynı olmayabilir	Nonstationary prediction
S-382	Statistics	Prior-probability shift	Class proportions değişir ama class içi feature distributions aynı kalabilir	Label shift
S-383	Statistics	Covariate shift	$P(X)$ değişir ama $P(Y\mid X)$ sabit kalır	Support overlap
S-384	Statistics	Conditional shift	Aynı X artık farklı Y anlamına geliyor	Mechanism change
S-385	Statistics	Domain-generalization invariance	Birkaç environment’ta değişmeyen predictive relation bulup görülmemiş environment’a taşı	Shared stable structure
S-386	Statistics	Importance-weight clipping	Extreme density ratios variance’ı patlatıyorsa büyük weights’i sınırlayıp biraz bias kabul et	Shift estimation
S-387	Statistics	Effective-overlap diagnostic	Nominal sample büyük olsa da target population’a benzeyen usable sample çok küçük olabilir	Reweighting
S-388	Statistics	Conformal under covariate shift	Calibration cases’i target population resemblance’ına göre weight ederek prediction coverage’ı taşı	Weighted exchangeability assumptions
S-389	Statistics	Mondrian conformal	Bütün population’a tek coverage yerine predefined subgroups içinde ayrı calibration yap	Group partition
S-390	Statistics	Adaptive conformal inference	Sequential prediction errors arttığında future intervals’ı genişletip coverage target’ına geri dön	Online feedback
S-391	Statistics	Online FDR	Hypotheses sırayla gelirken geçmiş discoveries’e göre future significance budget’ını ayarla	Sequential multiple testing
S-392	Statistics	Alpha investing	Rejection kazandıkça future testing budget’ı artabilir; başarısız tests budget tüketir	Online error control
S-393	Statistics	LORD-type procedure	Discovery times’a bağlı schedule ile future alpha levels dağıt	Online FDR assumptions
S-394	Statistics	E-process	Her zaman okunabilecek, null altında expected growth’u sınırlı evidence process taşı	Anytime validity
S-395	Statistics	Safe testing	Sample size/stopping plan değişse bile evidence validity’sini koruyacak test object’i kullan	E-values/test martingales
S-396	Statistics	Sequential probability calibration	Forecasts geldikçe calibration error biriktir; systematic directional miscalibration varsa düzelt	Online probabilistic prediction
S-397	Statistics	Drift detector	Prediction error distribution’ındaki persistent change’i sequential statistic ile alarm et	Monitoring process
S-398	Statistics	Page–Hinkley mechanism	Mean’den cumulative directional departures birikir; yeterince büyürse change alarmı ver	Sequential mean shift
S-399	Statistics	ADWIN	Recent data’yı iki candidate window’a böl; distributions anlamlı ayrışıyorsa eski kısmı bırak	Adaptive window
S-400	Statistics	Forgetting-factor estimation	Eski observations’ı tamamen silmeden exponentially daha az weight vererek moving system’i takip et	Gradual nonstationarity
S-401	Statistics	Maximum mean discrepancy	İki distributions aynı mı diye onları kernel feature space’deki average representations üzerinden karşılaştır	Characteristic kernel
S-402	Statistics	Energy distance	İki samples arası distances ile sample-içi distances’ı karşılaştır; distributions farklıysa cross-distance pattern değişir	Negative-type metric
S-403	Statistics	Distance covariance	Ordinary correlation zero olsa bile arbitrary dependence’i pairwise distance geometry’sinden yakala	Finite moments/metric structure
S-404	Statistics	HSIC	X ve Y arasındaki dependence’i kernel representations’ın cross-covariance büyüklüğüyle ölç	Characteristic kernels
S-405	Statistics	Kernel two-sample test	Density tahmin etmeden distributions’ın kernel embeddings’i eşit mi test et	IID/exchangeable samples
S-406	Statistics	Permutation calibration	Null altında labels değiş-tokuş edilebiliyorsa statistic’in reference distribution’ını labels’ı karıştırarak üret	Exchangeability
S-407	Statistics	Geometric median	Points’in coordinate-wise average’ı yerine bütün distance toplamını minimize eden center kullan	Metric/vector space
S-408	Statistics	Geometric median-of-means	Data’yı groups’a böl, group means çıkar, sonra multivariate center’ı geometric median ile robustlaştır	Heavy-tailed data
S-409	Statistics	Robust scatter via trimming	Covariance’ı bütün observations’dan değil internally consistent majority subset’ten çıkar	Contamination bound
S-410	Statistics	RANSAC	Küçük random subsets’ten candidate model üret; en çok observations’ın uyduğu candidate’ı seç	High-outlier setting
S-411	Statistics	Least-trimmed squares	En kötü residual’ların bir kısmını objective’den çıkarıp kalan majority’ye iyi fit ol	Contaminated regression
S-412	Statistics	Studentized permutation	Groups’ın variance yapıları farklı olabildiğinde raw difference yerine kendi estimated scale’ına bölünmüş statistic permute et	Approximate exchangeability
S-413	Statistics	Wild bootstrap	Heteroskedastic residual’ların magnitude pattern’ını koruyup sign/multiplier randomness ile resample et	Regression heteroskedasticity
S-414	Statistics	Multiplier bootstrap	Observations’ı yeniden seçmek yerine contributions’a random weights koyarak sampling fluctuation taklit et	Asymptotic linear structure
S-415	Statistics	m-out-of-n bootstrap	Ordinary n-out-of-n bootstrap başarısız olduğunda daha küçük resamples ile problematic limit behavior’ı stabilize et	Nonregular inference
S-416	Statistics	Randomized PIT	Discrete predictive distribution’da CDF jumps içindeki position’ı randomize ederek uniform calibration target üret	Discrete outcomes
S-417	Statistics	Posterior predictive p-value	Modelin ürettiği replicated datasets’te discrepancy gerçek data kadar extreme mi bak	Bayesian model checking
S-418	Statistics	Missing-data tipping-point analysis	Eksik values hakkında assumption’ı giderek kötüleştir; conclusion’ın ilk değiştiği assumption strength’i bul	Unverifiable missingness
S-419	Statistics	Delta-adjusted imputation	MAR-imputed missing values’a explicit shift ekleyip MNAR sensitivity scenario’ları oluştur	Sensitivity parameter
S-420	Statistics	Reference-based imputation	Missing post-treatment outcome’u aynı arm’ın continuation’ı yerine başka reference trajectory’ye göre impute et	Clinical/sensitivity setting
S-421	Statistics	Robust Bayes	Prior/model biraz yanlış olsa bile decision ne kadar değişiyor diye neighborhood içindeki alternative models’i taşı	Model uncertainty set
S-422	Statistics	ε-contaminated prior	Prior’ın büyük kısmına güven ama küçük arbitrary parçanın yanlış olabileceğine izin ver	Prior robustness
S-423	Statistics	Power prior	Historical data’yı full current data kadar sayma; likelihood contribution’ını fractional weight ile azalt	External/historical evidence
S-424	Statistics	Commensurate prior	Historical information’a ancak current data ile compatible göründüğü ölçüde borrow strength yap	Cross-study compatibility
S-425	Statistics	Prior-data conflict diagnostic	Prior’ın yüksek probability verdiği worlds ile observed data aşırı uyumsuz mu kontrol et	Bayesian model
S-426	Statistics	Cut posterior	Modelin güvenmediğin bir parçasından gelen feedback’in diğer module’ü bozmasını engelle	Modular Bayes
S-427	Statistics	Modular inference	Büyük probabilistic model’i modules’a böl; bazı information flows’a izin ver, bazılarını kes	Possibly misspecified modules
S-428	Statistics	Tempered likelihood	Data’nın model üzerindeki etkisini tam likelihood yerine fractional power ile yumuşat	Robust/generalized Bayes
S-429	Statistics	Generalized Bayes	Probability model likelihood’ına bağlı kalmadan chosen loss üzerinden posterior-like update kur	Loss-defined updating
S-430	Statistics	Safe Bayes	Likelihood misspecification altında learning rate’i predictive performance’a göre ayarla	Model misspecification
S-431	Statistics	Conformal risk control	Tek prediction coverage değil, chosen loss/risk’in sample dışında belirli seviyeyi aşmamasını calibration data ile kontrol et	Exchangeability/calibration
S-432	Statistics	Risk-controlling prediction set	Set size ve error arasında rule seçip finite-sample risk guarantee elde et	Calibratable loss
S-433	Statistics	Group-conditional calibration	Overall calibration iyi olsa bile subgroup failures’ını ayrı test/calibrate et	Predefined groups
S-434	Statistics	Multicalibration	Çok sayıda overlapping subgroup üzerinde systematic probability bias kalmamasını zorla	Rich group family
S-435	Statistics	Calibration under label shift	Class prevalence değiştiğinde old posterior probabilities’i new prior proportions’a göre yeniden ayarla	Stable class-conditionals
S-436	Statistics	Sensitivity curve	Unobserved confounding strength arttıkça causal estimate’in nasıl hareket ettiğini tam curve olarak çiz	Parametric confounding model
S-437	Statistics	E-value for confounding	Observed effect’i açıklamak için hidden confounder treatment ve outcome ile en az ne kadar güçlü ilişkili olmalı?	Risk-ratio sensitivity framework
S-438	Statistics	Bias function	Hidden selection/confounding’in target estimate’e eklediği distortion’ı explicit function olarak yaz	Sensitivity assumptions
S-439	Statistics	Tipping-point sensitivity	Assumption parameter’ını değiştirip scientific conclusion’ın ilk ters döndüğü noktayı bul	Decision threshold
S-440	Statistics	Specification curve	Tek “preferred” analysis verme; defensible analytic choices kombinasyonlarının hepsinde result nasıl değişiyor göster	Researcher degrees of freedom
S-441	Statistics	Anderson–Rubin inference	Instrument coefficient estimate’ine güvenmek yerine candidate causal effect verilince transformed outcome instrument’tan bağımsız mı test et	Weak-IV robust
S-442	Statistics	Conditional likelihood ratio test	Identification strength’i nuisance gibi condition ederek weak instruments altında validity koru	IV model
S-443	Statistics	Fieller interval	Target iki noisy quantity’nin oranıysa denominator zero’ya yakınken ordinary symmetric CI kullanma	Ratio parameter
S-444	Statistics	Profile likelihood	Nuisance parameters’ı her candidate target value için yeniden optimize edip yalnız target’ın support curve’ünü taşı	Likelihood model
S-445	Statistics	Partial likelihood	Full data-generating distribution’ı modellemeden target parameter hakkında informative likelihood parçasını ayır	Semiparametric structure
S-446	Statistics	Conditional likelihood	Nuisance information’ı sufficient statistic üzerinde condition ederek inference’dan yok et	Conditional exponential-family structure
S-447	Statistics	Identification-robust confidence set	Data target’ı point-identify etmiyorsa interval devleşmesine/ayrık setlere izin ver; sahte precision üretme	Weak/nonidentification
S-448	Statistics	Weak identification diagnostic	Standard error’dan önce objective/likelihood’in target direction’da gerçekten curvature taşıyıp taşımadığını kontrol et	Flat likelihood/moments
S-449	Statistics	Finite-mixture posterior allocation	Observation tek latent class’a kesin atanmaz; her class için responsibility probability taşı	Mixture model
S-450	Statistics	Mixture separation threshold	Components çok overlap ederse “iki class var” mathematically mümkün olsa bile individual classification unreliable olur	Component overlap
S-451	Statistics	Dirichlet-process mixture	Distribution shape’i tek parametric curve’e zorlamadan data-driven sayıda local components ile approximate et	Bayesian nonparametrics
S-452	Statistics	Mixture-of-experts	Hangi model/component’in kullanılacağını X’e bağlı gating mechanism seçsin	Conditional heterogeneity
S-453	Statistics	Robust mixture fitting	Birkaç outlier’ın yeni sahte latent cluster oluşturmasını engellemek için contamination component/robust loss ekle	Mixture contamination
S-454	Statistics	Contaminated-normal model	Her cluster içinde “normal core + aynı center etrafında daha yaygın bad points” ayır	Structured outliers
S-455	Statistics	Adaptive Huberization	Error scale/tail heaviness’e göre robustification threshold’unu data’dan ayarla	Unknown tail scale
S-456	Statistics	Lepski adaptation	Smoothness’i bilmiyorsan birçok smoothing level hesapla; estimates birbirinden ayrılmaya başladığı scale’da dur	Nested estimators
S-457	Statistics	Robust change detection	Tek extreme observation alarm vermesin ama persistent distribution change biriksin	Sequential contamination
S-458	Statistics	Distribution-free control chart	Parametric Gaussian assumption yerine ranks/signs/exchangeability ile monitoring rule kur	Weak distribution assumptions
S-459	Statistics	Conformal change detection	Yeni observations eski exchangeable population’a gittikçe daha uyumsuzsa conformal scores üzerinden evidence biriktir	Pre-change exchangeability
S-460	Statistics	Sequential rank test	Values’ın absolute scale’ı değişebilir; yalnız relative order üzerinden persistent shift izle	Ordered observations
S-461	Statistics	Fixed-effect meta-analysis	Studies aynı true effect’i ölçüyor varsay; precision yüksek study’ye daha fazla weight ver	Common effect
S-462	Statistics	Random-effects meta-analysis	Studies’in true effects’i de birbirinden değişebilir; sampling error ile between-study heterogeneity’yi ayır	Effect distribution
S-463	Statistics	Between-study heterogeneity	Study estimates farklı çünkü noise mu, yoksa underlying effects gerçekten farklı mı?	Multiple studies
S-464	Statistics	Meta-regression	Study-to-study effect differences’ın bir kısmını study-level characteristics ile açıkla	Aggregate moderators
S-465	Statistics	Prediction interval in meta-analysis	“Average effect ne?” yanında yeni bir study’de true effect hangi range’e düşebilir sorusunu cevapla	Random effects
S-466	Statistics	Leave-one-study-out analysis	Meta-result tek bir study çıkarıldığında dramatik değişiyor mu?	Study influence
S-467	Statistics	Influence diagnostics in meta-analysis	Bir study’nin weight’inden daha fazla structural leverage taşıyıp taşımadığını ölç	Heterogeneous studies
S-468	Statistics	Small-study effect	Küçük studies’in effects distribution’ı büyük studies’den sistematik farklı görünüyorsa selection/bias/heterogeneity ara	Study size relation
S-469	Statistics	Publication-selection model	Study’nin görülme probability’sini p-value/effect/result’a bağlayıp hidden unpublished studies’i modelle	Selection mechanism
S-470	Statistics	Funnel asymmetry	Precision düştükçe effect estimates’ın symmetric widening yerine directional distortion gösterip göstermediğine bak	Meta-analytic diagnostics
S-471	Statistics	Trim-and-fill mechanism	Apparent asymmetric study cloud’un eksik tarafını estimate edip sensitivity-style corrected center üret	Strong symmetry assumptions
S-472	Statistics	Multivariate meta-analysis	Studies birkaç correlated outcomes estimate ediyorsa ortak information’ı birlikte kullan	Cross-outcome covariance
S-473	Statistics	Network meta-analysis	A–B ve B–C trials varsa A–C için indirect evidence üret ve direct evidence varsa consistency test et	Treatment network
S-474	Statistics	Transitivity assumption	Indirect comparison’ın geçerli olması için different trial comparisons arasında effect modifiers compatible olmalı	Network meta-analysis
S-475	Statistics	Inconsistency diagnostic	A→B→C indirect path ile A→C direct evidence uyuşmuyorsa network assumptions’da problem ara	Evidence loops
S-476	Statistics	Hierarchical meta-analysis	Effects study, site, population gibi birkaç heterogeneity level’ında vary edebilir	Nested evidence
S-477	Statistics	Meta-analytic shrinkage	Noisy study-specific estimates’i common effect distribution’a doğru kısmen çek	Hierarchical model
S-478	Statistics	Transportability diagnostic	Source studies ile target population’ın effect modifiers distribution’ları yeterince overlap ediyor mu?	Target population
S-479	Statistics	Evidence synthesis with bias parameters	Her evidence source’a aynı güveni verme; source-specific bias parameters ekle	Multiple evidence qualities
S-480	Statistics	Multisource triangulation	Farklı bias mechanisms taşıyan designs aynı conclusion’a işaret ediyor mu diye jointly değerlendir	Partially independent biases
S-481	Statistics	Bonferroni correction	Çok soru sorunca accidental success artar; her testin error budget’ını küçült	Familywise error
S-482	Statistics	Holm step-down	En güçlü evidence’den başla; ilk başarısız threshold sonrası kalan claims’i durdur	Multiple testing
S-483	Statistics	Hochberg step-up	Weak-to-strong ordered p-values içinde collective rejection structure kullanarak Bonferroni’den daha fazla power kazan	Dependence conditions
S-484	Statistics	Closed testing	Bir hypothesis’i ancak onu içeren bütün relevant intersection hypotheses da reddedildiyse reddet	Familywise control
S-485	Statistics	Hierarchical testing	Parent claim desteklenmeden child claims’i açma	Tree-structured hypotheses
S-486	Statistics	Gatekeeping	Bir hypothesis family’sindeki başarı future family’ye testing budget açsın	Ordered scientific priorities
S-487	Statistics	Benjamini–Hochberg	Hiç false discovery olmasın deme; selected discoveries içindeki expected false fraction’ı kontrol et	FDR conditions
S-488	Statistics	Storey q-value	Her finding için onu discovery sayarsan minimum achievable FDR yaklaşık ne olur hesapla	Multiple testing mixture
S-489	Statistics	Knockoff+	Real feature’ları dependency-matched fake twins ile yarıştırıp selections içinde FDR kontrol et	Feature-X/model-X assumptions
S-490	Statistics	Local false-sign rate	Effect’in zero olup olmadığından öte estimated sign’ın yanlış olma probability’sini hesapla	Posterior/empirical-Bayes model
S-491	Statistics	False coverage-statement rate	Birçok selected parameter için confidence intervals raporlarken yanlış coverage oranını kontrol et	Selective intervals
S-492	Statistics	Alpha recycling	Bir test unused/earned error budget bırakırsa bunu predetermined graph üzerinden başka tests’e aktar	Multiple-testing graph
S-493	Statistics	Conformalized quantile regression	Quantile model heteroskedastic interval shape’ini öğrenir; conformal calibration remaining misspecification’ı düzeltir	Exchangeability
S-494	Statistics	Jackknife+	Her observation’ı dışarıda bırakan fits’den prediction errors kullanıp finite-sample predictive interval kur	Exchangeability
S-495	Statistics	CV+	Leave-one-out yerine cross-validation folds ile jackknife+-style predictive uncertainty approximate et	Fold structure
S-496	Statistics	Positive–unlabeled learning	Positive labels biliniyor ama “negative” pool aslında hidden positives da içeriyor; unlabeled’ı temiz negative sayma	Label mechanism
S-497	Statistics	PU class-prior estimation	Unlabeled mixture içindeki hidden positive fraction’ı estimate et	Identifiability/separability assumptions
S-498	Statistics	Label-noise matrix	Observed class’ın true class’a hangi probabilities ile yanlış dönüştüğünü ayrı mechanism olarak modelle	Misclassification process
S-499	Statistics	Noise-transition correction	Loss/predictions’ı observed labels üzerinden değil estimated true→observed corruption matrix’ini ters hesaba katarak düzelt	Identifiable transition matrix
S-500	Statistics	Selective-label problem	Outcome label yalnız geçmiş decision belirli action’ı seçtiyse görülüyorsa training data action policy tarafından filtrelenmiştir	Decision-dependent observation
S-501	Statistics	Simple random sampling	Population’daki her allowed sample set’e aynı selection chance ver	Finite population
S-502	Statistics	Probability-proportional-to-size sampling	Büyük/important units’i daha yüksek probability ile seç ama inference’ta unequal inclusion’ı hesaba kat	Known size measure
S-503	Statistics	Unequal-probability sampling	Her unit aynı probability ile seçilmek zorunda değil; inclusion mechanism estimate’in parçası olur	Known inclusion probabilities
S-504	Statistics	Systematic sampling	Random başlangıç seç, sonra ordered frame üzerinde düzenli aralıklarla units al	Ordered population
S-505	Statistics	Cluster sampling	Individuals yerine natural groups seç; collection ucuzlaşabilir ama observations daha redundant olabilir	Within-cluster dependence
S-506	Statistics	Multistage sampling	Önce büyük units, sonra onların içinden küçük units seçerek sample tree boyunca aşağı in	Hierarchical population
S-507	Statistics	Two-phase sampling	Çok kişiden ucuz auxiliary bilgi al; pahalı target measurement’ı smaller second sample’da yap	Differential measurement cost
S-508	Statistics	Rotation sampling	Repeated surveys’de sample’ın bir kısmını tut, bir kısmını yenile; continuity ve fresh representation’ı birlikte taşı	Repeated population surveys
S-509	Statistics	Rotation composite estimation	Current sample ile önceki overlapping sample’ın change information’ını birleştirerek estimate stabilize et	Partial panel overlap
S-510	Statistics	Finite-population correction	Population’ın büyük fraction’ını gözlediğinde “unseen uncertainty” ordinary infinite-population formula’dan daha hızlı azalır	Sampling without replacement
S-511	Statistics	Design effect	Aynı nominal $n$, complex design altında simple-random-sample $n$ kadar information taşımayabilir	Weighting/clustering/stratification
S-512	Statistics	Cluster design effect	Cluster içindeki observations birbirine benziyorsa yeni kişi eklemek tamamen yeni information eklemez	Intracluster correlation
S-513	Statistics	Self-weighting design	Different stages’de unequal probabilities’i öyle ayarla ki final units’in overall inclusion probabilities eşit olsun	Multistage design
S-514	Statistics	Informative sampling	Selection probability outcome ile, observed covariates sonrası bile ilişkiliyse sample model population model’den farklı olabilir	Selection mechanism
S-515	Statistics	Survey pseudo-likelihood	Ordinary likelihood contributions’ını sampling weights ile yeniden ağırlıklandırarak population target’a geri yönelt	Complex design
S-516	Statistics	Sampling weight	Sampled unit’in temsil ettiği population mass’ını inverse inclusion probability ile taşı	Probability sampling
S-517	Statistics	Replicate weights	Variance’ı analytic formula yerine birçok systematic pseudo-sample weight seti üzerinden yeniden hesapla	Complex survey
S-518	Statistics	Balanced sampling	Random sample seç ama important auxiliary totals sample içinde population totals’a çok yakın/exact kalsın	Auxiliary information
S-519	Statistics	Cube method	Inclusion probabilities’i korurken sample’ı auxiliary balancing constraints’ına doğru random-flight/landing süreciyle taşı	Balanced unequal-probability sampling
S-520	Statistics	Dual-frame sampling	Population’ın tamamını tek listede bulamıyorsan overlapping frames kullan ve overlap’i double-count etmeden birleştir	Multiple sampling frames
S-521	Statistics	Compositional data simplex	Components absolute quantities değil, fixed-total içindeki relative shares olarak yaşar	Positive parts summing to constant
S-522	Statistics	Closure operation	Positive vector’ü ortak factor ile rescale edip total’i sabit değere getir	Composition
S-523	Statistics	Perturbation operation	Ordinary addition yerine componentwise multiply et ve tekrar normalize et	Aitchison simplex geometry
S-524	Statistics	Powering operation	Ordinary scalar multiplication yerine component powers alıp normalize et	Compositional geometry
S-525	Statistics	Additive log-ratio	Bir reference component seç; diğer parts’ı onunla ratios üzerinden unconstrained coordinates’e taşı	Positive composition
S-526	Statistics	Centered log-ratio	Her component’i composition’ın geometric mean’ine oranlayarak log coordinates üret	Positive composition
S-527	Statistics	Isometric log-ratio	Relative information’ı orthonormal coordinates’e taşı	Aitchison geometry
S-528	Statistics	Aitchison distance	İki composition’ı raw percentage differences yerine log-ratio geometry’sinde karşılaştır	Strictly positive parts
S-529	Statistics	Subcompositional coherence	Bazı components çıkarıldığında kalan parts arasındaki relative conclusion keyfi biçimde ters dönmesin	Composition subset
S-530	Statistics	Closure-induced spurious correlation	Total sabit olduğu için bir component artınca başkaları mechanically azalır; raw correlations sahte dependence üretebilir	Constant-sum constraint
S-531	Statistics	Balance coordinate	Bir component grubunun geometric mean’ini başka grubunkiyle log-ratio olarak karşılaştır	Partitioned composition
S-532	Statistics	Sequential binary partition	Composition’ı successive group-vs-group contrasts ile orthogonal balances’a ayır	Hierarchical parts
S-533	Statistics	Amalgamation	Birkaç components’i toplayıp tek larger part oluştur	Domain-valid grouping
S-534	Statistics	Structural zero	Component gerçekten process gereği hiç var olamaz; küçük measurement değeri sanma	Zero-generating mechanism
S-535	Statistics	Rounded/measurement zero	Component var olabilir ama detection limit altında kaldığı için zero gözlenir	Censoring/detection
S-536	Statistics	Zero replacement	Log-ratio analysis mümkün olsun diye measurement zeros’u küçük positive values ile replace et, ama uncertainty/bias yaratabileceğini taşı	Positive transformation requirement
S-537	Statistics	Logistic-normal composition	Latent unconstrained Gaussian coordinates’i softmax/log-ratio map ile simplex’e taşı	Flexible compositional dependence
S-538	Statistics	Dirichlet compositional model	Positive proportions için total-one constraint taşıyan parametric distribution kullan	Dirichlet assumptions
S-539	Statistics	Circular mean	Angles’ı arithmetic mean ile toplama; unit-circle vectors’ını average edip direction çıkar	Periodic variable
S-540	Statistics	von Mises distribution	Linear normal distribution’ın circle üzerindeki concentration-around-direction analogue’unu kullan	Angular data
S-541	Statistics	Spectral density	Time series variance’ını hangi frequencies ne kadar taşıyor diye parçala	Weakly stationary process
S-542	Statistics	Periodogram	Finite series’in Fourier amplitudes’ını square ederek raw frequency-by-frequency power çıkar	Equally spaced observations
S-543	Statistics	Periodogram inconsistency	Data uzasa bile raw periodogram’ın pointwise variance’ı sıfıra gitmeyebilir	Spectral estimation
S-544	Statistics	Spectral smoothing	Neighboring Fourier frequencies’i average ederek variance azalt, resolution’dan biraz vazgeç	Smooth spectrum
S-545	Statistics	Tapering	Finite observation window’un edges’ini yumuşatıp sharp truncation’ın spectral leakage’ını azalt	Windowed finite series
S-546	Statistics	Spectral leakage	Strong frequency component finite-window truncation yüzünden nearby frequencies’e energy saçar	Finite observation
S-547	Statistics	Multitaper estimation	Tek taper yerine birkaç orthogonal taper kullanıp spectra’yı average ederek leakage/variance tradeoff’unu iyileştir	Finite stationary series
S-548	Statistics	Welch spectral averaging	Series’i overlapping segments’e böl; segment periodograms’ını average et	Quasi-stationary signal
S-549	Statistics	Cross-spectrum	X ve Y’nin shared variation’ını frequency-by-frequency complex quantity olarak ölç	Bivariate stationary process
S-550	Statistics	Spectral coherence	Belirli frequency’de X variation’ının ne kadarı Y ile linearly shared?	Frequency-specific dependence
S-551	Statistics	Phase spectrum	Shared oscillatory component içinde X, Y’den ne kadar önce/sonra geliyor?	Complex cross-spectrum
S-552	Statistics	Partial coherence	Z üzerinden açıklanabilen frequency-domain dependence’i çıkarıp X–Y residual spectral relation’ı ölç	Multivariate stationary process
S-553	Statistics	Transfer-function estimation	Input’un farklı frequencies’inin output’a hangi gain ve delay ile geçtiğini estimate et	Input-output time series
S-554	Statistics	Frequency response	System low/high/particular frequencies’i ne kadar amplify, attenuate veya delay ediyor?	Linear time-invariant approximation
S-555	Statistics	Whittle likelihood	Large stationary series’in expensive time-domain covariance likelihood’ını approximate independent Fourier components üzerinden çöz	Stationary Gaussian approximation
S-556	Statistics	Bispectrum	Ordinary spectrum’ın göremediği nonlinear phase coupling’i three-frequency interactions üzerinden ara	Third-order stationarity
S-557	Statistics	Bicoherence	Three-frequency coupling strength’ini normalized scale’da ölç	Nonlinear spectral dependence
S-558	Statistics	Cepstrum	Spectrum’un log’unu tekrar Fourier-transform ederek repeated echo/delay structure’ını başka domain’de ayır	Multiplicative/convolutional spectral structure
S-559	Statistics	Lomb–Scargle periodogram	Irregular observation times altında periodic components ara; regular grid’e zorla interpolate etmek gerekmesin	Uneven sampling
S-560	Statistics	Evolutionary/time-varying spectrum	“Hangi frequencies var?” yanında “hangi frequency ne zaman güçlü?” sorusunu taşı	Locally nonstationary process
S-561	Statistics	Erdős–Rényi/Bernoulli random graph	Her possible edge’i aynı independent probability ile aç; structure bundan ne kadar sapıyor gör	Homogeneous dyads
S-562	Statistics	Configuration model	Random graph üret ama observed degree sequence’i approximately/exactly koru	Degree constraints
S-563	Statistics	Chung–Lu model	Node-specific expected degrees belirle; edge probability’lerini degree propensity products’ından üret	Heterogeneous degree
S-564	Statistics	Stochastic block model	Hidden groups var; edge probability yalnız sender/receiver group pair’ına bağlı olsun	Latent communities
S-565	Statistics	Degree-corrected SBM	Community structure ile node popularity/degree heterogeneity’yi ayrı taşı	Blocks + degree parameters
S-566	Statistics	Mixed-membership SBM	Node tek group’a ait olmak zorunda değil; different interactions’da farklı latent role kullanabilir	Mixed latent roles
S-567	Statistics	Dynamic SBM	Community memberships veya block connection rates zaman içinde değişebilir	Longitudinal network
S-568	Statistics	Exponential random graph model	Edge probabilities yalnız individual dyads değil triangles, reciprocity, degree gibi whole-network statistics tarafından birlikte belirlenir	Dependent network observations
S-569	Statistics	Dyadic-independence model	Node attributes edge probability’yi değiştirir ama dyads conditionally independent kalır	Pairwise network regression
S-570	Statistics	Latent-space model	Her node hidden geometric position taşır; birbirine latent-space’de yakın nodes daha kolay bağlanır	Latent geometry
S-571	Statistics	Latent-distance model	Similarity/community’yi explicit categories yerine pairwise hidden distance ile temsil et	Metric latent space
S-572	Statistics	Random dot-product graph	Connection propensity latent vectors’ın inner product’ına bağlıdır	Low-rank latent positions
S-573	Statistics	Graphon	Büyük exchangeable network’i continuous latent node coordinates üzerindeki edge-probability function ile temsil et	Dense exchangeable networks
S-574	Statistics	Sparse graphon / graphex mechanism	Graph büyürken density’nin zero’ya gitmesine izin vererek sparse network asymptotics kur	Sparse exchangeable networks
S-575	Statistics	Motif-count inference	Tek edge count yerine triangles, wedges ve küçük subgraphs’ın frequency’sinden structural information çıkar	Network motifs
S-576	Statistics	Network autocorrelation	Neighboring nodes’ın outcomes’ı network structure üzerinden benzer olabilir	Graph-correlated observations
S-577	Statistics	Respondent-driven sampling	Hidden population’a birkaç seed ile gir; participants network neighbors’ını recruit ederek sample büyüsün	Link-tracing population
S-578	Statistics	Snowball sampling	Mevcut sampled nodes’ın neighbors’ını successive waves halinde ekle	Network accessibility
S-579	Statistics	Degree-biased link tracing	Çok bağlantılı nodes recruitment paths üzerinde daha sık karşılaşıldığı için raw sample population’ı overrepresent eder	Network sampling
S-580	Statistics	Network model misspecification diagnostic	Observed degree, clustering, path, motif statistics fitted network model’in simulated worlds’ında reproduce oluyor mu kontrol et	Generative network model
S-581	Statistics	GWAS marginal scan	Çok sayıda variants’ın her birini phenotype ile ayrı ayrı test et	Genome-wide multiplicity
S-582	Statistics	Population-stratification confounding	Ancestry hem allele frequencies hem phenotype ile ilişkiliyse noncausal genetic association oluşabilir	Structured populations
S-583	Statistics	Genomic control	Genome-wide test-statistic inflation’ını ortak scale factor ile estimate edip statistics’i rescale et	Approximately uniform confounding
S-584	Statistics	Principal-component ancestry adjustment	Genotype variation’ın büyük ancestry axes’lerini çıkarıp association modeline covariate olarak koy	Low-dimensional population structure
S-585	Statistics	Linear mixed-model association	Individuals arasındaki genome-wide genetic similarity’yi random effect olarak taşı	Relatedness/polygenic background
S-586	Statistics	Genomic relationship matrix	Pairwise genetic similarity’yi çok sayıda markers üzerinden aggregate matrix olarak ölç	Genome-wide genotype data
S-587	Statistics	Linkage disequilibrium	Nearby variants independent signals değil; inheritance history yüzünden alleles birlikte taşınabilir	Correlated genetic markers
S-588	Statistics	LD clumping	Bir association region’da highly correlated hits’in hepsini independent discovery sayma; representative signals seç	LD threshold
S-589	Statistics	Conditional/joint association	Strong marker’ın effect’ini condition ettikten sonra region’da independent second signal kalıyor mu ara	Correlated predictors
S-590	Statistics	Fine-mapping credible set	Tek “causal SNP budur” deme; chosen posterior probability mass’ını taşıyan small candidate set döndür	LD + association uncertainty
S-591	Statistics	Posterior inclusion probability	Her candidate variant’ın causal model içinde bulunma posterior probability’sini ayrı taşı	Bayesian fine-mapping
S-592	Statistics	Statistical colocalization	İki traits aynı region’da association gösteriyor; aynı underlying variant mı yoksa LD içindeki farklı variants mı ayır	Shared locus + LD
S-593	Statistics	SNP heritability	Observed phenotype variance’ın genome-wide measured variants tarafından statistically explained fraction’ını estimate et	Genetic random-effects model
S-594	Statistics	LD-score regression	Test-statistic inflation LD tagging amount ile nasıl değişiyor bakarak polygenic signal ile roughly uniform confounding’i ayır	GWAS summary statistics
S-595	Statistics	Cross-trait LD-score genetic correlation	İki traits’in GWAS effect covariance’ının genome-wide shared genetic component’ini estimate et	Summary statistics + LD reference
S-596	Statistics	Polygenic score	Çok sayıda individually tiny marker effect’ini weighted sum halinde individual-level predictor’a aggregate et	Estimated marker effects
S-597	Statistics	LD-aware PRS shrinkage	Correlated variants’ın noisy marginal effects’ini joint LD structure ve shrinkage kullanarak stabilize et	Reference LD + prior/penalty
S-598	Statistics	GWAS winner’s curse	Discovery threshold’unu geçen estimated effects conditional selection yüzünden true effects’i systematically overestimate edebilir	Selection on significance
S-599	Statistics	Rare-variant burden test	Çok nadir variants ayrı ayrı güçsüzse, aynı gene/region içindekileri tek aggregate genetic burden’a collapse et	Shared-effect-direction assumption
S-600	Statistics	SKAT-type variance-component test	Rare variants aynı direction’da etki etmek zorunda olmasın; region’daki heterogeneous effects’in aggregate variance signal’ını test et	Set-based genetic association
S-601	Statistics	Spatial Poisson process	Events space’de independent olarak belirli local intensity ile ortaya çıksın	Point-event data
S-602	Statistics	Inhomogeneous Poisson process	Event density location’a göre değişsin ama conditional interaction olmasın	Spatially varying intensity
S-603	Statistics	Log-Gaussian Cox process	Hidden continuous spatial field local event intensity’yi random biçimde yükseltip azaltarak clustering üretsin	Latent intensity field
S-604	Statistics	Neyman–Scott cluster process	Hidden parent points üret; her parent çevresinde child events kümesi doğsun	Clustered events
S-605	Statistics	Thomas process	Cluster children parent çevresinde Gaussian displacement ile dağılsın	Isotropic cluster process
S-606	Statistics	Matérn cluster process	Parent çevresindeki finite-radius region içinde offspring üret	Finite cluster radius
S-607	Statistics	Matérn hard-core process	Random candidate points’ı birbirine fazla yakınsa sil; minimum spacing üret	Spatial inhibition
S-608	Statistics	Gibbs point process	Event oluşma probability’si mevcut nearby events’e attraction/repulsion potential üzerinden bağlı olsun	Interacting point pattern
S-609	Statistics	Strauss process	Nearby pair sayısını explicit penalty/reward ile kontrol ederek inhibition veya clustering modelle	Finite interaction radius
S-610	Statistics	Conditional intensity	“Bu location’da yeni event çıkma propensity’si, diğer observed events verilince ne?” sorusunu modelle	Point process
S-611	Statistics	Ripley’s K function	Typical event çevresinde radius büyüdükçe expected neighbor count’u Poisson benchmark’ıyla karşılaştır	Stationary/isotropic pattern
S-612	Statistics	Pair-correlation function	Belirli separation distance’ında pair occurrence random baseline’ın üstünde mi altında mı ölç	Second-order spatial dependence
S-613	Statistics	Nearest-neighbor G function	Typical event’ten en yakın başka event’e distance distribution’ını ölç	Point-centered statistic
S-614	Statistics	Empty-space F function	Random location’dan nearest event’e distance distribution’ını ölç	Space-centered statistic
S-615	Statistics	J-function	Event-centered spacing ile random-location spacing’i karşılaştırıp clustering vs inhibition’ı ayır	Stationary point process
S-616	Statistics	Edge correction	Observation window dışındaki unobserved neighbors yüzünden boundary events’in neighborhood’unu eksik sayma bias’ını düzelt	Finite spatial window
S-617	Statistics	Spatial point-process residual	Fitted conditional intensity’nin predicted event mass’i ile actual events arasında spatial mismatch ara	Fitted process
S-618	Statistics	Quadrat-count diagnostic	Space’i cells’e bölüp observed count variability/clustering fitted modelle uyumlu mu bak	Spatial partition
S-619	Statistics	Marked point process	Event location’a ek olarak size/type/severity gibi mark taşı; location–mark interaction’ını modelle	Point + attribute
S-620	Statistics	Multitype point process	Farklı event classes arasındaki attraction/repulsion structure’ını type-pair bazında ayır	Multiple event types
S-621	Statistics	Fréchet mean	Ordinary average tanımlanamıyorsa “bütün observations’a squared distance toplamını minimize eden point”i center seç	General metric space
S-622	Statistics	Fréchet variance	Average’dan ordinary subtraction yapmadan center’a squared metric distances üzerinden spread ölç	Metric-space data
S-623	Statistics	Intrinsic mean	Manifold’un kendi curved geodesic distance’ını kullanarak center bul	Riemannian manifold
S-624	Statistics	Extrinsic mean	Curved object’i daha büyük flat space’e göm, orada average al, sonra manifold’a project et	Embedded manifold
S-625	Statistics	Procrustes alignment	Shapes’i karşılaştırmadan önce translation, rotation ve gerekiyorsa scale differences’ı çıkar	Landmark configurations
S-626	Statistics	Generalized Procrustes analysis	Tek reference shape bilmeden bütün shapes’i repeatedly align edip consensus shape estimate et	Multiple landmark shapes
S-627	Statistics	Kendall shape space	Size/location/orientation gibi irrelevant transformations’ı quotient ederek yalnız pure shape’i state olarak tut	Landmark shape geometry
S-628	Statistics	Tangent-space approximation	Curved manifold üzerinde local neighborhood küçükse onu tangent plane’de approximately Euclidean analiz et	Local manifold geometry
S-629	Statistics	Principal geodesic analysis	Curved-data analogue of PCA: straight principal directions yerine center’dan geçen dominant geodesic variation yollarını bul	Riemannian data
S-630	Statistics	Manifold principal components	High-dimensional observations lower-dimensional curved manifold yakınındaysa variation’ı manifold-aware coordinates’ta çıkar	Nonlinear geometry
S-631	Statistics	Riemannian regression	Outcome ordinary vector değil manifold object ise predictor change’i geodesic movement olarak modelle	Manifold-valued response
S-632	Statistics	Geodesic regression	Linear regression’ın “straight line”ını curved space’de shortest-path trajectory ile değiştir	Riemannian outcome
S-633	Statistics	Functional registration	İki curves aynı process’i farklı clocks altında gösteriyorsa amplitude comparison’dan önce time axes’lerini align et	Functional observations
S-634	Statistics	Landmark registration	Curves üzerindeki known comparable events/peaks’i aynı time positions’a getir	Known functional landmarks
S-635	Statistics	Phase–amplitude separation	“Ne kadar yüksek?” variation’ı ile “ne zaman oldu?” variation’ını ayrı latent components olarak taşı	Functional data
S-636	Statistics	Time-warping function	Individual internal clock’un common clock’a nonlinear mapping’ini estimate et	Monotone temporal transformation
S-637	Statistics	Elastic functional data analysis	Curve difference’i yalnız vertical error değil, optimal smooth time deformation + amplitude difference olarak ölç	Functional geometry
S-638	Statistics	Dynamic time warping	İki sequences’ın events’i farklı hızlarda gerçekleşiyorsa many-to-one temporal matching ile low-cost alignment bul	Ordered sequences
S-639	Statistics	SPD-manifold covariance analysis	Covariance matrices’i ordinary vectors gibi subtract etme; positive-definiteness’i koruyan curved geometry’de karşılaştır	SPD matrices
S-640	Statistics	Spherical/directional regression	Outcome direction olduğunda ordinary linear prediction yerine sphere/circle geometry’sine uygun conditional direction modelle	Direction-valued data
S-641	Statistics	Controlled direct effect	Mediator’ı herkes için aynı fixed value’a zorlasaydık treatment outcome’u yine ne kadar değiştirirdi?	Hypothetical mediator intervention
S-642	Statistics	Natural direct effect	Treatment değişsin ama mediator, kişinin control treatment altında naturally alacağı değerde tutulsun	Cross-world counterfactual assumptions
S-643	Statistics	Natural indirect effect	Treatment fixed kalsın; yalnız mediator treatment değişince naturally nasıl değişecekse onu değiştir	Mediation identification
S-644	Statistics	Mediation formula	Treatment→mediator ve mediator→outcome relations’ını uygun adjustment altında integrate ederek mediated effect’i identify et	No relevant unmeasured confounding
S-645	Statistics	Sequential ignorability	Treatment assignment ve mediator–outcome relation için gereken confounding restrictions’ı aşamalı impose et	Causal mediation
S-646	Statistics	Exposure–mediator interaction	Mediator effect’i treatment state’e göre değişebilsin; direct+indirect decomposition simple additive olmak zorunda değil	Interaction
S-647	Statistics	Mediator–outcome confounding	Mediator ile outcome ortak hidden cause taşıyorsa mediator association’ını causal pathway sanma	Post-treatment observational link
S-648	Statistics	Exposure-induced mediator–outcome confounder	Treatment bir intermediate variable yaratır; bu variable hem mediator hem outcome’u etkiler ve standard natural-effects identification’ını bozar	Time-varying causal structure
S-649	Statistics	Interventional direct effect	Her kişiye kendi exact natural mediator counterfactual’ını vermek yerine mediator’ı population-level treatment-specific distribution’dan random draw yap	Stochastic intervention
S-650	Statistics	Interventional indirect effect	Treatment’in mediator distribution’ını nasıl kaydırdığını outcome üzerinde propagate et	Population mediation
S-651	Statistics	Stochastic mediation effect	Mediator’ı deterministic set etmek yerine specified stochastic policy ile manipulate et	Randomized mediator intervention
S-652	Statistics	Path-specific effect	Treatment→outcome graph’ında yalnız seçilmiş causal paths’i açık bırakıp onların contribution’ını hedefle	Causal DAG
S-653	Statistics	Recanting-witness obstruction	Aynı intermediate variable bir allowed path’de bir treatment state, forbidden path’de başka treatment state gerektiriyorsa target path effect nonidentifiable olabilir	Conflicting path assignments
S-654	Statistics	Multiple-mediator decomposition	Total treatment effect’i birden fazla intermediate channel üzerinden parçalamaya çalış	Several mediators
S-655	Statistics	Parallel mediation	Mediators birbirini cause etmiyorsa multiple side-by-side routes olarak taşı	Parallel pathways
S-656	Statistics	Sequential mediation	Treatment M1’i, M1 M2’yi, M2 outcome’u etkiliyorsa order/path dependency’yi explicit koru	Ordered mediators
S-657	Statistics	Surrogate paradox	Treatment surrogate’ı iyileştirir ve surrogate outcome’la pozitif ilişkili olsa bile true clinical outcome kötüleşebilir	Invalid surrogacy structure
S-658	Statistics	Proportion mediated / explained	Total effect’in ne kadarının specified mediator-associated component üzerinden geçtiğini normalize et	Effect decomposition
S-659	Statistics	Surrogate threshold effect	Surrogate üzerindeki treatment effect ne kadar büyük olmalı ki true endpoint effect’in belirli direction’da olması beklenebilsin?	Meta-analytic surrogacy
S-660	Statistics	Trial-level vs individual-level surrogacy	Surrogate kişileri iyi predict ediyor olabilir ama treatment effects across trials’ı predict etmeyebilir — veya tersi	Hierarchical trials
S-661	Statistics	Deterministic record linkage	Records yalnız exact/shared identifiers belirli rule’u sağlıyorsa aynı entity say	High-quality identifiers
S-662	Statistics	Probabilistic record linkage	Name/address/date fields partially agree etse bile bütün agreement pattern’den match probability/weight çıkar	Noisy identifiers
S-663	Statistics	Fellegi–Sunter linkage	Observed comparison pattern true-match world’de ne kadar probable, nonmatch world’de ne kadar probable diye likelihood ratio kullan	Pair classification
S-664	Statistics	Comparison vector	“Name similar, DOB exact, address different...” gibi field-by-field evidence’i tek pair-level evidence object’i yap	Record pairs
S-665	Statistics	m/u probabilities	Her agreement pattern’in match durumunda ve nonmatch durumunda occurrence rates’ini ayrı estimate et	Fellegi–Sunter model
S-666	Statistics	Match / clerical / nonmatch triage	Evidence çok güçlüyse otomatik match, çok zayıfsa reject, aradaysa manual/expensive review’a gönder	Decision thresholds
S-667	Statistics	Blocking	Her record’ı diğer bütün records’la karşılaştırma; coarse compatible groups içinde candidate pairs üret	Large files
S-668	Statistics	Sorted-neighborhood linkage	Records’i noisy key’e göre sırala ve yalnız yakın window’daki pairs’i compare et	Approximate ordering
S-669	Statistics	Entity-resolution clustering	Pairwise matches’i ayrı kararlar olarak bırakma; many records’ın hangi latent real-world entity’ye ait olduğunu jointly partition et	Multi-record identity
S-670	Statistics	One-to-one linkage constraint	Bir file’daki record aynı ikinci-file record’larının birkaçına simultaneously match olamasın	Bipartite identity constraint
S-671	Statistics	Bayesian record linkage	Linkage configuration’ı latent variable olarak taşı ve posterior uncertainty üret	Probabilistic identity model
S-672	Statistics	Linkage-uncertainty propagation	“Best linked file”ı fixed truth sayma; downstream estimate’i multiple plausible linkages üzerinden hesapla	Two-stage analysis
S-673	Statistics	Deduplication	Aynı dataset içindeki repeated/noisy records’ın aynı entity’den gelip gelmediğini çöz	Within-file duplicates
S-674	Statistics	Fuzzy string comparison	Typo/transliteration/edit differences yüzünden exact inequality’yi nonmatch sanma; graded similarity evidence üret	Noisy text fields
S-675	Statistics	Differential privacy	Bir kişinin data’ya girip çıkması released output distribution’ını çok fazla değiştiremesin	Formal privacy guarantee
S-676	Statistics	Global sensitivity	Tek kişinin record’u değiştiğinde chosen statistic maximum ne kadar oynayabilir ölç	Neighboring datasets
S-677	Statistics	Laplace mechanism	Statistic sensitivity’sine göre calibrated random noise ekleyerek privacy guarantee üret	Numeric query
S-678	Statistics	Gaussian mechanism	Sensitivity-scaled Gaussian noise ile approximate differential privacy family’si elde et	$(\epsilon,\delta)$-type privacy
S-679	Statistics	Privacy composition	Bir kişiye ilişkin birkaç separate private query birlikte yayımlandığında privacy loss’lar birikir	Repeated releases
S-680	Statistics	Post-processing immunity	Private release üzerinde downstream transformations yeni raw-data leakage yaratmaz; privacy guarantee processing sonrası korunur	Data-independent postprocessing
S-681	Statistics	Semi-supervised learning	Az labeled + çok unlabeled observation’ı birlikte kullan	Partially labeled sample
S-682	Statistics	Self-training	Mevcut model en confident unlabeled cases’e kendi labels’ını verip onları future training’e ekler	Confidence threshold
S-683	Statistics	Pseudo-labeling	Soft/hard model predictions’ı temporary training labels olarak kullan	Unlabeled observations
S-684	Statistics	Co-training	İki sufficiently complementary feature views birbirlerinin confident labels’ından öğrenir	Multi-view structure
S-685	Statistics	Cluster assumption	Aynı high-density feature cluster içindeki observations çoğunlukla aynı label taşısın	Feature geometry aligned with labels
S-686	Statistics	Low-density separation	Decision boundary yoğun data region’larının içinden değil sparse gaps’ten geçsin	Density-class alignment
S-687	Statistics	Entropy minimization	Unlabeled points üzerinde model predictions’ını kararsız 50/50 yerine confident hale getirmeyi teşvik et	Correct cluster structure needed
S-688	Statistics	Consistency regularization	Observation’a harmless perturbation uygula; prediction’ın değişmemesini zorla	Label-preserving augmentation
S-689	Statistics	Graph label propagation	Labeled information’ı similarity graph edges boyunca nearby unlabeled nodes’a yay	Smoothness on graph
S-690	Statistics	Graph-Laplacian regularization	Prediction function neighboring/highly connected observations arasında gereksiz keskin değişmesin	Similarity graph
S-691	Statistics	Labeling function	Ground-truth yerine heuristic/rule/external model cheap noisy label üretir	Programmatic weak supervision
S-692	Statistics	Weak-supervision label model	Birçok noisy labeling source’un çıktısını doğrudan vote etmek yerine hidden true label etrafındaki source reliabilities ile combine et	Multiple noisy sources
S-693	Statistics	Unsupervised source-accuracy estimation	Gold labels olmadan labeling sources arasındaki agreement/disagreement pattern’den source accuracies infer etmeye çalış	Identifiability assumptions
S-694	Statistics	Label-source dependency correction	İki sources aynı underlying heuristic’i kopyalıyorsa iki independent votes sanıp evidence’i double-count etme	Correlated labeling errors
S-695	Statistics	Partial-label learning	Observation için exact class değil birkaç possible class’tan oluşan candidate set ver	Set-valued weak label
S-696	Statistics	Complementary-label learning	“Bu class değildir” bilgisinden actual class öğrenmeye çalış	Negative class information
S-697	Statistics	Dawid–Skene crowdsourcing	Annotators’ın different reliability/error patterns’ını latent true labels ile birlikte infer et	Repeated human labels
S-698	Statistics	Annotator confusion matrix	Her labeler’ın class-specific mistakes’ini tek scalar accuracy yerine full true→reported matrix ile taşı	Asymmetric annotation error
S-699	Statistics	Adversarial weak supervision	Noisy rules için full probabilistic generative model şart koşmadan worst-compatible labels/sources karşısında robust predictor seç	Weak supervision constraints
S-700	Statistics	Abstention-aware labeling	Weak source yalnız bildiği region’da label versin, diğer cases’de abstain et; coverage ve conditional accuracy’yi ayrı taşı	Selective weak source
S-701	Statistics	Sensitivity	Condition gerçekten varsa test ne sıklıkla positive oluyor?	Binary reference condition
S-702	Statistics	Specificity	Condition yoksa test ne sıklıkla negative oluyor?	Binary reference condition
S-703	Statistics	Positive predictive value	Test positive geldiğinde condition gerçekten ne kadar probable?	Population prevalence dependent
S-704	Statistics	Negative predictive value	Test negative geldiğinde condition’ın gerçekten absent olma probability’si nedir?	Population prevalence dependent
S-705	Statistics	Positive likelihood ratio	Positive result diseased world’de non-diseased world’e göre kaç kat daha compatible?	Diagnostic test
S-706	Statistics	Negative likelihood ratio	Negative result diseased world’de non-diseased world’e göre ne kadar plausible?	Diagnostic test
S-707	Statistics	Diagnostic odds ratio	Positive-vs-negative evidence separation’ını single odds-ratio scale’da özetle	Binary test
S-708	Statistics	ROC curve	Threshold’u baştan sabitleme; bütün thresholds boyunca true-positive vs false-positive tradeoff’unu çiz	Continuous score
S-709	Statistics	AUROC	Random positive case’in random negative case’den daha yüksek score alma probability’sini aggregate discrimination ölçüsü yap	Ranking metric
S-710	Statistics	Threshold-dependent classification	Aynı underlying score, threshold değişince tamamen farklı sensitivity/specificity pair’i üretir	Decision threshold
S-711	Statistics	Youden index	Sensitivity + specificity − 1’i maximize eden threshold’u symmetric error benchmark’ı olarak seç	Equal-style weighting
S-712	Statistics	Prevalence-dependent predictive value	Test characteristics aynı kalsa bile population prevalence değişince PPV/NPV değişebilir	Base-rate shift
S-713	Statistics	Spectrum effect	Test performance yalnız disease yes/no’dan değil tested population’ın severity/case mix spectrum’undan da değişebilir	Population composition
S-714	Statistics	Pretest→posttest odds update	Prior disease odds’ını test likelihood ratio ile çarpıp result sonrası belief’e geçir	Diagnostic Bayes update
S-715	Statistics	Decision threshold	Probability estimate doğru olsa bile action ancak expected loss/benefit threshold’u geçince değişir	Decision costs
S-716	Statistics	Decision-curve analysis	Accuracy yerine threshold-specific clinical/action value üzerinden model/test usefulness karşılaştır	Decision consequences
S-717	Statistics	Net benefit	True positives’a value, false positives’a threshold-derived penalty koyup useful decisions’ın net score’unu hesapla	Action utility
S-718	Statistics	Tests in series	İkinci test ancak ilk olumluysa devam et; specificity artabilir ama true cases kaçırma riski büyür	Sequential AND rule
S-719	Statistics	Tests in parallel	Testlerden herhangi biri positive ise positive say; sensitivity artabilir ama false positives büyüyebilir	OR rule
S-720	Statistics	Sequential diagnostic testing	Bir test bütün kararı vermek zorunda değil; first test belief’i değiştirir, sonraki test ancak remaining uncertainty/action value yeterliyse yapılır	Test cost + conditional information
S-721	Statistics	Dynamic treatment regime	Tek treatment seçme; her decision time’da accumulated patient/history state’ine göre next action rule’u seç	Sequential intervention
S-722	Statistics	Regime value	Bir decision rule sequence’i population uygulasaydı expected final outcome ne olurdu?	Counterfactual policy
S-723	Statistics	Optimal dynamic regime	Her history state için future expected value’yu maximize eden treatment action’ını seç	Sequential causal optimization
S-724	Statistics	Parametric g-formula	Longitudinal covariate/treatment processes’i modelle; specified policy altında future histories simulate edip causal outcome estimate et	Sequential exchangeability + positivity
S-725	Statistics	Time-varying confounder affected by prior treatment	Bir variable future treatment ve outcome’u etkiliyor ama kendisi geçmiş treatment’tan etkilenmişse ordinary regression adjustment causal paths’i bozabilir	Longitudinal causal feedback
S-726	Statistics	Sequential exchangeability	Her stage’de treatment assignment, observed history verildiğinde relevant future potential outcomes hakkında ek hidden information taşımamalı	Longitudinal causal inference
S-727	Statistics	Sequential positivity	Regime’in isteyebileceği her action relevant histories içinde observed data’da nonzero chance ile gerçekleşmiş olmalı	Policy support
S-728	Statistics	Q-learning for regimes	Her stage’de “şimdi action a seçersem ve sonra optimal davranırsam future value nedir?” regression’ını backward solve et	Multistage treatment
S-729	Statistics	Q-function	Current history + current treatment verildiğinde optimal continuation altındaki future expected outcome’u encode et	Sequential decisions
S-730	Statistics	Backward induction in DTR	Son decision stage’i önce solve et; onun optimal future value’sini bir önceki stage’in outcome’una çevir; geriye doğru ilerle	Finite treatment stages
S-731	Statistics	A-learning	Full outcome model’den çok treatment’ın incremental “blip” effect’ini modelleyip optimal action boundary’sini öğren	Treatment contrast
S-732	Statistics	Blip function	Current history altında treatment değiştirilince optimal continuation value ne kadar değişiyor?	Contrast-specific regime learning
S-733	Statistics	SMART design	Responders/nonresponders intermediate outcomes’a göre sequentially yeniden randomize edilerek adaptive regimes hakkında experimental evidence üret	Sequential randomized trial
S-734	Statistics	Embedded treatment regime	Aynı SMART trial birçok complete if-then treatment sequence hakkında evidence taşıyabilir	Multi-stage randomization
S-735	Statistics	Regime comparison weighting	Observed treatment path candidate regime’e uyuyorsa contribution taşı; inverse assignment probabilities ile reweight et	Sequential randomization/IPW
S-736	Statistics	Artificial censoring for regimes	Observation candidate regime’den saptığı anda o regime analysis’inde takip dışı say	Dynamic policy adherence
S-737	Statistics	Clone–censor–weight	Bir kişiyi başlangıçta several candidate strategies’e duplicate et; path strategy’den sapınca ilgili clone’u censor et ve induced censoring’i weight ile düzelt	Dynamic strategies
S-738	Statistics	Nonregularity in optimal-regime inference	Bazı histories’de treatments almost equally good ise estimated optimal rule küçük noise ile flip eder ve ordinary asymptotics bozulabilir	Near-zero treatment contrast
S-739	Statistics	Treatment-effect decision boundary	History space’i treatment A daha iyi / B daha iyi regions’a ayıran surface’i estimate et	Heterogeneous treatment effect
S-740	Statistics	Regime transportability	Learned policy source population’da iyi olabilir; target population’ın histories/effect modifiers distribution’ı değişirse value değişebilir	Population shift
S-741	Statistics	Complete randomization	Sabit sayıda treated unit seç; bu sayıyı koruyan bütün assignments eşit chance taşısın	Finite experiment
S-742	Statistics	Bernoulli randomization	Her unit treatment’a independently probability $p$ ile girsin; final treated count random olsun	Independent assignment
S-743	Statistics	Restricted randomization	Bütün mathematically possible assignments yerine önceden “yeterince balanced” kabul edilen subset içinden randomize et	Design restriction
S-744	Statistics	Rerandomization	Random assignment üret; covariate balance kötü ise reddet ve yeniden randomize et	Pretreatment covariates
S-745	Statistics	Mahalanobis balance criterion	Treatment-control covariate imbalance’ını covariance-aware distance ile ölçüp acceptable assignment region belirle	Multivariate covariates
S-746	Statistics	Biased-coin design	Current treatment counts/covariate imbalance bir tarafa kaydıysa next randomization probability’sini opposite direction’a hafifçe eğ	Sequential allocation
S-747	Statistics	Minimization design	Yeni participant’ı hangi arm’a koyunca covariate imbalance en az olacak hesapla; randomness’i tamamen veya kısmen koru	Sequential balancing
S-748	Statistics	Urn randomization	Geçmiş allocations urn composition’ını değiştirir; urn da future assignment probabilities’ini feedback ile belirler	Adaptive assignment
S-749	Statistics	Covariate-adaptive randomization	Incoming subject’ın covariates ve existing arm balance’ına göre assignment mechanism’ı adapt et	Sequential experiment
S-750	Statistics	Covariate-adaptive randomization inference	Analysis reference distribution’ını ideal simple randomization’dan değil gerçekten kullanılan adaptive assignment law’dan üret	Design-aware inference
S-751	Statistics	Cluster randomization	Treatment individuals’a değil whole groups’a randomize edilir	Group-level treatment
S-752	Statistics	Pair-matched cluster randomization	Similar clusters pairs oluştur; her pair içinde hangisinin treated olacağını randomize et	Matched groups
S-753	Statistics	Split-plot randomization	Bazı factors whole clusters’a, diğerleri cluster içi subunits’e farklı randomization stages ile atanır	Multilevel experiment
S-754	Statistics	Randomization distribution	Null altında outcome’ları fixed tut; allowed treatment assignments boyunca statistic’in distribution’ını oluştur	Known assignment mechanism
S-755	Statistics	Sharp-null randomization test	“Treatment hiçbir unit üzerinde hiçbir effect yaratmıyor” varsayımı altında bütün missing potential outcomes known hale gelir	Fisher sharp null
S-756	Statistics	Randomization-test inversion	Candidate treatment-effect values’ını tek tek test et; reddedilemeyen values setini confidence set yap	Effect model
S-757	Statistics	Design-based variance	Uncertainty’yi outcome superpopulation modelinden değil treatment assignment randomness’ından derive et	Finite population
S-758	Statistics	Randomization inference under interference	Assignment vector’ın neighbors üzerindeki effects’ini exposure mapping ile incorporate edip appropriate assignment permutations kullan	Spillovers
S-759	Statistics	Randomization-based regression adjustment	Regression’ı causal identification kaynağı değil, randomized design içindeki variance reduction device olarak kullan	Randomized treatment
S-760	Statistics	Design–analysis compatibility	Analysis’ın assumed randomness’i actual assignment mechanism’la eşleşmezse nominal inference yanlış calibration taşıyabilir	Experimental design
S-761	Statistics	Fisher exact test	2×2 table margins fixed verilince null altında mümkün tables’ın exact conditional distribution’ını kullan	Small contingency table
S-762	Statistics	Exact binomial test	Normal approximation kullanma; observed success count’un exact binomial tail probability’sini hesapla	Binary IID trials
S-763	Statistics	Clopper–Pearson interval	Binomial tails’i invert ederek finite-sample coverage guarantee eden confidence interval çıkar	Discrete binomial data
S-764	Statistics	Mid-$P$ adjustment	Exact discrete test’in conservatism’ini azaltmak için observed table probability’sinin yarısını tail’e ekle	Discrete test
S-765	Statistics	Barnard unconditional exact test	2×2 table’de both margins’a condition etmek zorunda kalmadan nuisance parameter üzerinde optimize ederek exact test kur	Two independent binomials
S-766	Statistics	Boschloo exact test	Fisher test’in p-value’sunu ordering statistic yapıp unconditional exact rejection region oluştur	2×2 comparison
S-767	Statistics	Exact conditional logistic regression	Stratum-specific nuisance intercepts’i sufficient statistics’e condition ederek eliminate et	Sparse matched strata
S-768	Statistics	Exact conditional Poisson inference	Stratum total count’a condition ederek nuisance rates’i çıkar, relative-rate parameter’a odaklan	Stratified counts
S-769	Statistics	Exact CMH-type inference	Birçok stratified 2×2 table’de nuisance strata effects’i condition edip common association’ı test et	Stratified categorical data
S-770	Statistics	Conditional sample space	Observed sufficient statistics’i fixed tutan bütün datasets/tables’ı relevant reference universe yap	Conditional inference
S-771	Statistics	Nuisance elimination by conditioning	Target parameter dışında kalan nuisance parameter için sufficient statistic’e condition edip nuisance dependence’i distribution’dan çıkar	Exponential-family structure
S-772	Statistics	Exact enumeration	Relevant sample space küçükse bütün allowed outcomes’u tek tek hesaplayıp exact tail probability üret	Finite state space
S-773	Statistics	Monte Carlo exact test	Exact null distribution’dan sample al; enormous enumeration yerine randomized exact-valid p-value machinery kullan	Samplable null
S-774	Statistics	Markov-basis conditional sampling	Fixed margins/sufficient statistics altında disconnected table space’e takılmadan valid local moves ile bütün conditional fiber’ı dolaş	Algebraic statistics
S-775	Statistics	Fiber of contingency tables	Aynı sufficient statistics’i paylaşan bütün nonnegative integer tables’ı one conditional state space olarak gör	Linear integer constraints
S-776	Statistics	Conditional randomization test	$X$’in $Z$ given distribution’ı biliniyor/modelled ise $X$’i $Z$ conditional yeniden sample edip $X$–$Y$ association’ını test et	Conditional exposure model
S-777	Statistics	Matched-set conditional inference	Matching ile oluşturulan sets içinde comparison yapıp between-set nuisance heterogeneity’yi eliminate et	Matched observational/experimental data
S-778	Statistics	Exact confidence-set inversion	Exact hypothesis test’i bütün candidate parameter values üzerinde invert ederek confidence set üret	Discrete parameter testing
S-779	Statistics	Randomized exact test	Discrete statistic yüzünden exact level $\alpha$ unreachable ise boundary outcome’da explicit randomization kullan	Discrete null distribution
S-780	Statistics	Conditional relevance principle	Probability calculation’ını observed experiment’in actually realized ancillary/sufficient structure’una restrict ederek irrelevant unrealized designs’in influence’unu azalt	Conditional inference
S-781	Statistics	Empirical measure	Unknown population distribution yerine observed sample’a equal mass koyan random distribution kullan	IID sample
S-782	Statistics	Empirical process	Empirical average ile true expectation arasındaki error’u tek function için değil whole function class boyunca random process olarak taşı	Indexed function class
S-783	Statistics	Glivenko–Cantelli class	Sample averages bütün function class üzerinde simultaneously true expectations’a converge etsin	Uniform law of large numbers
S-784	Statistics	Uniform convergence	Her fixed model için convergence yetmez; worst model/function over class error da zero’ya gitsin	Model selection/class
S-785	Statistics	Donsker class	Rescaled empirical-process fluctuations whole function class üzerinde Gaussian-process limit’e converge etsin	Functional CLT
S-786	Statistics	Brownian-bridge limit	Empirical CDF’nin centered $\sqrt n$-scaled fluctuation’ı limiting bridge process’e gider	IID distribution functions
S-787	Statistics	Stochastic equicontinuity	Index/model biraz değiştiğinde empirical-process fluctuation da uniformly küçük değişsin	Random function process
S-788	Statistics	Asymptotic tightness	Random functions probability mass’ını increasingly uncontrollable oscillatory regions’a kaçırmasın	Function-space convergence
S-789	Statistics	Bracketing number	Every candidate function’ı lower/upper function pair arasında sıkıştırmak için kaç brackets gerektiğini ölç	Function-class complexity
S-790	Statistics	Bracketing entropy	Resolution küçüldükçe needed bracket count’un log büyümesini complexity measure yap	Empirical-process class
S-791	Statistics	Symmetrization	Unknown population expectation içeren empirical error’u auxiliary random ± signs kullanarak more tractable sample-only fluctuation’a bound et	Independent sample
S-792	Statistics	Rademacher complexity	Function class sample üzerindeki random ± noise pattern’larını ne kadar iyi fit edebiliyor ölç	Prediction class
S-793	Statistics	Functional delta method	Infinite-dimensional estimator/process’in limitini smooth functional transformation üzerinden propagate et	Hadamard-type smoothness
S-794	Statistics	Hadamard differentiability	Functional’ın perturbation response’u relevant directions boyunca stable linear first-order map ile approximate edilebilsin	Function-space map
S-795	Statistics	Argmax/argmin continuous-mapping mechanism	Random objective uniformly deterministic objective’e yaklaşırsa estimated optimizer true optimizer’a yaklaşabilir	Identifiable optimum
S-796	Statistics	Z-estimator linearization	Estimator estimating-equation root’uysa equation’ı true parameter çevresinde linearize ederek asymptotic distribution çıkar	Smooth estimating equation
S-797	Statistics	Asymptotic linear representation	Complex estimator first order’da sample-average contribution + negligible remainder biçimine indirgenebilir	Regular estimator
S-798	Statistics	Multiplier bootstrap empirical process	Observations’ı resample etmek yerine random weights/multipliers ile empirical-process fluctuations’ı mimic et	Conditional bootstrap
S-799	Statistics	Bootstrap consistency in function space	Resampled process conditional distribution’ı original estimator/process’in sampling limitini correctly reproduce etsin	Weak convergence
S-800	Statistics	Bahadur representation	Quantile/order-type nonlinear estimator’ı empirical CDF fluctuation’ın approximately linear transformation’ı olarak yaz	Quantile regularity
S-801	Statistics	Dual-system estimator	Population’ın iki incomplete lists’teki overlap oranından never-observed population’ı infer et	Closed population + independence benchmark
S-802	Statistics	Capture history	Her individual için hangi occasions/lists’te görüldüğünü binary sequence olarak kaydet	Repeated partial observation
S-803	Statistics	Never-observed cell	Asıl bilinmeyen population component, hiçbir listede görünmeyen all-zero capture-history cell’idir	Hidden population
S-804	Statistics	List dependence	List A’da görünmek B’de görünme chance’ini değiştiriyorsa independent-lists estimator biased olabilir	Multiple lists
S-805	Statistics	Positive list dependence	Aynı easy-to-observe individuals several lists’te tekrar görünür → overlap aşırı yüksek olabilir	Heterogeneous access
S-806	Statistics	Negative list dependence	Bir listede görünmek diğerinde görünmeyi azaltabilir; referral/exclusion mechanisms overlap’i bastırabilir	Dependent ascertainment
S-807	Statistics	Time-varying capture probability	Same individual’ın detectability’si occasions arasında değişebilir	Repeated captures
S-808	Statistics	Behavioral capture response	İlk capture’dan sonra individual “trap happy” veya “trap shy” olup future detection chance’ini değiştirir	Capture affects future capture
S-809	Statistics	Individual capture heterogeneity	Population içinde bazı units intrinsically much easier to observe than others	Latent detectability
S-810	Statistics	Latent-class capture model	Heterogeneous population’ı internally homogeneous hidden detectability classes’a ayır	Mixture structure
S-811	Statistics	Log-linear multiple-systems estimation	Lists arasındaki interactions’ı incomplete contingency table üzerinde log-linear terms ile modelle	Three or more sources
S-812	Statistics	Highest-order interaction ambiguity	All-zero cell observed olmadığı için sufficiently rich list-interaction model hidden population size’ı identify etmeyebilir	Incomplete table
S-813	Statistics	Model-dependent hidden-count instability	Different plausible list-dependence models radically different unobserved population estimates verebilir	Sparse multiple systems
S-814	Statistics	Cormack–Jolly–Seber mechanism	Population closed değilse capture histories’den survival ve recapture probabilities’i estimate et; births/deaths/exit’e izin ver	Open population
S-815	Statistics	Apparent survival	“Next period alive and still in study region” probability’sini estimate et; death ile permanent emigration tamamen ayrılmayabilir	Open-population recapture
S-816	Statistics	Recruitment/entry process	Previously absent/unavailable individuals later observation population’ına girebilir	Open population
S-817	Statistics	Robust-design capture–recapture	Closely spaced occasions içinde population approximately closed, distant periods arasında open kabul ederek two timescales birleştir	Nested sampling occasions
S-818	Statistics	Spatial capture–recapture	Detection probability’yi detector–latent activity-center distance’ına bağla	Spatial detection
S-819	Statistics	Latent activity center	Individual observed positions’ın arkasında unobserved home-range/location center taşı	Spatial population
S-820	Statistics	Capture/linkage uncertainty coupling	Aynı kişinin multiple lists’teki records’ını yanlış link etmek overlap counts’i ve dolayısıyla hidden population estimate’ini doğrudan değiştirir	MSE + imperfect record linkage
S-821	Statistics	Case-cohort design	Expensive exposure’ı bütün cohort’ta ölçme; random subcohort + tüm incident cases üzerinde ölç	Large cohort + rare outcome
S-822	Statistics	Subcohort	Outcome’dan bağımsız olarak baseline’da seçilen representative cohort subset’ini reusable comparison sample yap	Case-cohort
S-823	Statistics	Prentice case-cohort weighting	Sampled subcohort/person-time contributions’ını design’e uygun weights ile full-cohort risk-set information’a approximate et	Survival analysis
S-824	Statistics	Nested case-control design	Her case oluştuğu anda o anda hâlâ risk altında olan cohort üyelerinden birkaç control seç	Time-to-event cohort
S-825	Statistics	Risk-set sampling	Control’u “hiç case olmadı” diye değil, case event time’ında event-free/risk altında diye seç	Incidence-density sampling
S-826	Statistics	Countermatching	Controls’u case’e benzer yapmak yerine known surrogate/exposure categories bakımından deliberately farklı seçerek expensive exposure contrast’ını artır	Auxiliary information
S-827	Statistics	Two-phase outcome-dependent sampling	Cheap phase-I data herkeste; expensive phase-II variables outcome/auxiliary strata’ya göre unequal probability ile seçilen subset’te	Costly measurement
S-828	Statistics	Extreme-outcome sampling	Continuous outcome’un middle cases’ini az, tails’ini fazla sample ederek slope/effect information’ı concentrate et	Continuous response
S-829	Statistics	Residual-dependent sampling	Cheap phase-I model’in poorly predicted/high-residual observations’ını phase II’de oversample et	Auxiliary outcome model
S-830	Statistics	Two-stage case-control sampling	Initial disease/exposure information ile strata kur; expensive covariates için second-stage targeted subsample al	Rare disease/exposure
S-831	Statistics	Phase-II inclusion probability	Her observation’ın expensive measurement alma probability’sini explicit design quantity olarak taşı	Unequal sampling
S-832	Statistics	Ascertainment-corrected likelihood	Sample outcome-dependent seçildiği için naive likelihood kullanma; selection mechanism’ını likelihood’a dahil et	Biased ascertainment
S-833	Statistics	Two-phase inverse-probability weighting	Rarely sampled strata observations’a larger weights vererek original cohort/population estimating equation’ını reconstruct et	Known inclusion probabilities
S-834	Statistics	Augmented two-phase estimator	Phase-II weights yanında phase-I’de herkeste bulunan cheap information’ı regression/augmentation ile tekrar kullan	Auxiliary variables
S-835	Statistics	Calibration of phase-II weights	Weighted phase-II sample’ın known full phase-I totals/moments’ını reproduce etmesini zorla	Auxiliary population information
S-836	Statistics	Two-phase multiple imputation	Expensive variable’ı phase-II data’dan learn et; phase-I-only units için plausible values impute ederek information kaybını azalt	Missing-by-design variable
S-837	Statistics	Validation subsample design	Noisy measure herkeste, gold-standard measure küçük strategically selected subset’te alınsın	Measurement error
S-838	Statistics	Optimal phase-II allocation	Limited expensive measurements’ı equal değil, target estimator variance’ını en çok azaltacak strata’ya dağıt	Fixed measurement budget
S-839	Statistics	Nested exposure case-control	Outcome common ama exposure rare/time-dependent ise bütün exposed periods/subjects + sampled unexposed comparisons kullan	Rare dynamic exposure
S-840	Statistics	Phase-I information recovery	Phase-II analysis yalnız selected cases’e bakmasın; sampling dışında kalan phase-I outcomes/covariates de efficiency için kullanılabilsin	Two-phase design
S-841	Statistics	2PL item-response model	Item difficulty yanında item’in latent trait differences’ını ne kadar sharply ayırdığını ayrı discrimination parameter’ı yap	Binary IRT
S-842	Statistics	3PL item-response model	Very-low ability’de bile guessing nedeniyle nonzero correct-response floor ekle	Multiple-choice type response
S-843	Statistics	Item characteristic curve	Latent trait $\theta$ değiştikçe specific item’a response probability nasıl değişiyor çiz	IRT item
S-844	Statistics	Item discrimination	Same latent-score difference bazı items’da response probability’yi çok, bazılarında az değiştirir	Item heterogeneity
S-845	Statistics	Item difficulty/location	Item response curve hangi latent-trait region’da transition yapıyor ölç	Latent trait
S-846	Statistics	Guessing/lower-asymptote parameter	Low-trait responses sıfıra gitmek zorunda değil; random/strategic success floor taşıyabilir	Binary response
S-847	Statistics	Item information function	Bir item latent trait’in hangi region’ında uncertainty’yi en çok azaltıyor ölç	Fisher information
S-848	Statistics	Test information function	Individual item informations’ı aggregate ederek whole test’in precision’ının trait boyunca nasıl değiştiğini çıkar	Test battery
S-849	Statistics	Conditional standard error of measurement	Measurement precision one global number değil; latent-trait level’a göre değişsin	IRT information
S-850	Statistics	Graded-response model	Ordered categories için each threshold’dan above response probability’sini ayrı cumulative curves ile modelle	Ordinal items
S-851	Statistics	Partial-credit model	Polytomous item’de adjacent category steps farklı difficulty taşıyabilsin	Ordered item scores
S-852	Statistics	Nominal-response model	Categories ordered olmak zorunda değil; each response option latent trait’le farklı relation taşısın	Categorical item
S-853	Statistics	Multidimensional IRT	Tek latent trait yerine several latent dimensions same item responses’ı jointly drive etsin	Multidimensional ability
S-854	Statistics	Testlet effect	Same passage/stimulus altında grouped items latent trait verildiğinde bile residual dependence taşıyabilir	Clustered items
S-855	Statistics	Local-dependence IRT	One latent score conditioned on olsa bile certain items still directly correlated olabilir	Violated local independence
S-856	Statistics	Item-bank calibration	Large item pool’daki different questions’ı common latent scale üzerinde parameterize et	Reusable item pool
S-857	Statistics	Anchor-item linking	Different test forms arasında shared items kullanarak latent-score scales’i align et	Multiple forms
S-858	Statistics	Test equating	Two forms raw difficulty differences taşısa da scores’i comparable latent-performance scale’a map et	Parallel assessments
S-859	Statistics	Computerized adaptive testing	Current answers’dan trait estimate et; next item’i information contribution’ı highest olacak şekilde seç	Sequential testing
S-860	Statistics	CAT stopping rule	Fixed item count zorunlu değil; estimated precision target’a ulaşınca testing’i bitir	Adaptive measurement
S-861	Statistics	Coarsened observation	True value $X$’i görme; yalnız $X$’i içerdiğini bildiğin set $A$ gözle	Set-valued observation
S-862	Statistics	Coarsening mechanism	True state hangi coarse set/precision altında gözlenecek onu ayrıca stochastic process yap	Observation process
S-863	Statistics	Coarsened at random (CAR)	Aynı observed coarse set ile compatible exact states arasında coarsening probability değişmiyorsa mechanism target inference için ignorable olabilir	Coarse data
S-864	Statistics	CAR ignorability	CAR + parameter distinctness altında full coarsening modelini estimate etmeden target-data likelihood üzerinden inference yapılabilir	Likelihood inference
S-865	Statistics	Nonignorable coarsening	Observation precision/set selection unseen exact value hakkında extra information taşıyorsa coarsening mechanism’ını modelden atamazsın	Informative observation
S-866	Statistics	Grouped-data likelihood	Exact value yerine observed interval/set’in probability mass’ını likelihood contribution yap	Grouped/coarse data
S-867	Statistics	Full coarsening likelihood	Target distribution ile “hangi coarse observation oluştu?” mechanism’ını jointly integrate et	Stochastic coarsening
S-868	Statistics	Rounding as coarsening	Exact continuous value yerine rounded bin gör; precision loss’u observation map olarak taşı	Digit preference/rounding
S-869	Statistics	Heaping	Observations certain convenient numbers çevresinde disproportionately coarse-report edilsin	Reporting behavior
S-870	Statistics	Random precision	Her observation aynı number of digits/interval width ile gelmek zorunda değil	Variable coarseness
S-871	Statistics	Monotone coarsening	Information levels nested olsun: later/greater coarsening önceki finer information’ın many-to-one collapse’ı olsun	Ordered information loss
S-872	Statistics	Dropout as monotone coarsening	Longitudinal history dropout time’a kadar görünür; future observations wholesale disappear	Longitudinal data
S-873	Statistics	Randomized monotone coarsening	Information successive stochastic stages’de nested biçimde kaybolsun	Sequential observation
S-874	Statistics	Informative visit process	State kötü/iyi olduğu için individual daha sık ölçülüyorsa observation times process hakkında information taşır	Irregular follow-up
S-875	Statistics	Informative inspection time	“Ne zaman baktık?” unobserved process state’iyle ilişkiliyse observed interval/current-status information biased olabilir	Inspection process
S-876	Statistics	Coarsening sensitivity parameter	CAR’dan departure magnitude/direction’ını explicit sensitivity quantity yap	Nonidentified mechanism
S-877	Statistics	Pattern-mixture coarsening model	Outcome/state distribution’ını observed coarsening pattern conditional ayrı modelle	Informative coarse data
S-878	Statistics	Selection-model coarsening	Full-data model × coarsening-probability model şeklinde factorization kullan	Nonignorable observation
S-879	Statistics	Coarsening-aware weighting	Fine-enough observation alma probability’sine göre inverse weights kullanarak selectively observed information’ı rebalance et	Known/modelled coarsening
S-880	Statistics	Coarsening-resolution hierarchy	Missing / censored / rounded / interval-observed / exact-observed states’i tek information-resolution lattice’inde taşı	General incomplete data
S-881	Statistics	Classical test theory	Observed score’u latent true score + measurement error olarak ayır	Repeated measurement
S-882	Statistics	Reliability coefficient	Observed-score variance’ın ne kadarı stable between-object differences’tan geliyor ölç	Measurement instrument
S-883	Statistics	Reliability vs agreement	Instrument subjects’i birbirinden iyi rank edebilir ama absolute measurements birbirine yakın olmayabilir	Repeated measurements
S-884	Statistics	Test–retest reliability	Aynı instrument farklı zamanlarda same subjects üzerinde stable ordering üretiyor mu	Temporal repetition
S-885	Statistics	Inter-rater reliability	Different raters aynı objects’i consistently similar relative biçimde değerlendiriyor mu	Multiple raters
S-886	Statistics	Intra-rater reliability	Aynı rater repeated assessments’da kendi decisions’ını ne kadar reproducibly tekrar ediyor	Repeated rater
S-887	Statistics	Intraclass correlation	Between-object variance’ı total between+within variation’a göre normalize et	Continuous repeated measures
S-888	Statistics	Absolute-agreement ICC	Measurements yalnız rank olarak değil same numerical level’da uyuşmalı	Method/rater comparison
S-889	Statistics	Consistency ICC	One rater/method systematic +5 bias taşısa bile relative ordering korunuyorsa high consistency mümkün	Relative agreement
S-890	Statistics	Cronbach’s alpha	Several items ortak construct ölçüyorsa covariance structure’dan internal consistency summary çıkar	Parallel-ish items
S-891	Statistics	McDonald’s omega	Item loadings unequal olabildiğinde latent-factor contribution üzerinden reliability estimate et	Factor measurement model
S-892	Statistics	Generalizability theory	Error’ı tek residual yerine person×rater×occasion×item gibi several facets’e parçala	Multifacet measurement
S-893	Statistics	Generalizability coefficient	Relative decisions için which variance components matter onları target decision’a göre combine et	G-theory
S-894	Statistics	Dependability coefficient	Absolute decisions için systematic facet variation’ını da measurement error’a dahil et	Criterion decisions
S-895	Statistics	Bland–Altman difference analysis	Two methods’in pairwise differences’ını magnitude/mean karşısında inceleyerek bias ve spread gör	Continuous method agreement
S-896	Statistics	Limits of agreement	Individual-level method difference çoğu cases’de hangi interval içinde kalacak estimate et	Method comparison
S-897	Statistics	Proportional bias	Method difference measurement magnitude büyüdükçe systematically değişiyor mu kontrol et	Heteroscedastic method difference
S-898	Statistics	Deming regression	Both X and Y measurement error taşıyorsa ordinary least squares yerine errors-in-both-variables line fit et	Known/estimated error ratio
S-899	Statistics	Concordance correlation coefficient	Correlation yüksek mi yanında fitted relation identity line’a ne kadar yakın birlikte ölç	Agreement + precision
S-900	Statistics	Repeatability coefficient	Same method repeated measurements arasındaki within-subject difference’ın practical upper scale’ını çıkar	Short-term repeatability
S-901	Statistics	Stein identity	Gaussian noise altında unknown mean içeren expectation’ı estimator derivative/divergence içeren observable expectation’a dönüştür	Gaussian model
S-902	Statistics	Stein unbiased risk estimate — SURE	True parameter bilinmeden estimator’ın mean-squared error risk’ini data’dan unbiased estimate et	Gaussian denoising
S-903	Statistics	Effective degrees of freedom	Model complexity’yi yalnız parameter count değil fitted values’ın noisy observations’a sensitivity’siyle ölç	Adaptive estimator
S-904	Statistics	Optimism correction	Training fit’in gerçek prediction error’dan fazla iyimser olmasını estimator sensitivity üzerinden düzelt	In-sample fitting
S-905	Statistics	Divergence-based complexity	Nonlinear estimator’da $\sum_i \partial \hat\mu_i/\partial y_i$ gibi local response quantity’sini effective flexibility yap	Weakly differentiable estimator
S-906	Statistics	Soft thresholding	Small noisy coefficients’i zero’ya çek; large coefficients’i threshold kadar shrink et	Sparse normal means
S-907	Statistics	Hard thresholding	Threshold altındakileri sil, üstündekileri nearly unchanged bırak	Sparse signal
S-908	Statistics	SURE threshold selection	Threshold’u externally fix etme; estimated risk’i minimize eden threshold’u data’dan seç	Gaussian coefficient noise
S-909	Statistics	SureShrink	Wavelet scale’lerinde SURE-adaptive threshold kullanarak unknown smoothness/sparsity’ye kendini ayarla	Wavelet denoising
S-910	Statistics	Oracle-risk comparison	Data-driven estimator’ın riskini, true signal bilinseydi seçilecek best rule’un unattainable oracle risk’iyle karşılaştır	Adaptive estimation
S-911	Statistics	Approximate message passing — AMP	High-dimensional linear inverse problem’de residual + denoising iteration kullan; naive iterative feedback’e correction ekle	Random high-dimensional design
S-912	Statistics	Onsager correction	Previous iteration’ın feedback correlation’ını explicit cancel ederek residual’ı fresh-noise-like hale getir	AMP
S-913	Statistics	State evolution	Huge random iterative algorithm’ın aggregate error dynamics’ini low-dimensional scalar recursion ile predict et	AMP asymptotics
S-914	Statistics	Scalar-channel decoupling	High-dimensional coupled estimation problem asymptotically many simple signal-plus-Gaussian-noise scalar problems gibi davranabilir	Random matrix regime
S-915	Statistics	Denoiser–prior matching	AMP inner denoiser signal sparsity/distribution structure’a uydukça achievable error değişir	Structured signal
S-916	Statistics	Iterative soft thresholding	Gradient/residual step yap → sparse threshold uygula → repeat	Sparse regression/inverse problem
S-917	Statistics	Sorted-$\ell_1$ shrinkage	Coefficients’in penalties’ini magnitudes rank’ına göre değiştirerek sparsity selection’ı jointly regulate et	High-dimensional regression
S-918	Statistics	Group shrinkage	Coefficients’i individual değil predefined groups halinde zero/nonzero olmaya teşvik et	Group structure
S-919	Statistics	Adaptive shrinkage intensity	Strong-looking coordinates’e less shrinkage, weak/noisy coordinates’e more shrinkage uygula	Heterogeneous signal
S-920	Statistics	Risk-guided regularization	Regularization parameter’ını raw fit değil estimated out-of-sample/denoising risk üzerinden seç	Bias–variance tradeoff
S-921	Statistics	Forecast sharpness	Predictive distribution ne kadar concentrated/narrow?	Probabilistic forecast
S-922	Statistics	Probabilistic calibration	Forecast CDF probabilities repeated realizations ile statistically consistent mi?	Distribution forecast
S-923	Statistics	Marginal calibration	Forecast distributions’ın time-average marginal distribution’ı observed outcome distribution’ıyla uyuşuyor mu?	Sequence of forecasts
S-924	Statistics	Exceedance calibration	Different thresholds için forecasted exceedance probabilities realized exceedance rates ile compatible mi?	Threshold events
S-925	Statistics	Conditional calibration	Forecast belirli information/state subsets’inde de calibrated mı; unconditional averaging hidden miscalibration saklıyor mu?	Conditional information
S-926	Statistics	Auto-calibration	Forecast $F$ verildiğinde realized outcome distribution gerçekten $F$ mi?	Forecast-as-information
S-927	Statistics	Continuous ranked probability score	Entire forecast CDF ile realized outcome arasındaki discrepancy’yi integrated threshold-wise loss olarak score et	Continuous predictive distribution
S-928	Statistics	Logarithmic forecast score	Realized outcome’a assigned predictive density ne kadar yüksekse reward; near-zero assigned probability catastrophic penalty üretir	Predictive density
S-929	Statistics	Interval score	Prediction interval’ı narrow olmaya teşvik et ama outcome interval dışına düşerse distance-based penalty ver	Central prediction interval
S-930	Statistics	Quantile score	Chosen quantile forecast altında asymmetric under/over-prediction loss kullan	Quantile prediction
S-931	Statistics	Weighted interval score	Several central prediction intervals + median scores’ını weighted aggregate ederek distributional forecast evaluate et	Quantile/interval forecast
S-932	Statistics	Forecast combination	Birkaç predictive models’in information’ını tek predictive distribution’a birleştir	Multiple forecasters
S-933	Statistics	Linear opinion pool	Predictive distributions/probabilities’i nonnegative weighted average ile combine et	Weighted ensemble
S-934	Statistics	Beta-transformed linear pool	Linear-pool forecast’ını nonlinear beta transform’dan geçirerek over/under-dispersion ve calibration defect’lerini düzelt	Probability combination
S-935	Statistics	Quantile averaging	Different models’in same probability-level quantiles’ını average ederek combined quantile forecast üret	Quantile forecasts
S-936	Statistics	Vincentized distribution	Quantile functions’i probability level boyunca combine ederek new full distribution oluştur	Distribution aggregation
S-937	Statistics	Rank histogram	Ensemble members ile realization arasındaki rank repeated samples’da uniform mu bak	Exchangeable ensemble
S-938	Statistics	Spread–skill relationship	Ensemble predictive spread büyüdüğü occasions gerçekten larger forecast errors taşıyor mu kontrol et	Flow-dependent uncertainty
S-939	Statistics	Forecast recalibration	Existing predictive distribution’ı observed forecast–outcome relationship üzerinden transform edip calibration improve et	Out-of-sample recalibration
S-940	Statistics	Tail calibration	Entire central distribution doğru görünse bile rare/extreme threshold regions’daki probabilities separately calibrated mı test et	Tail-risk forecasts
S-941	Statistics	Probability-sample anchor	Küçük/expensive ama known inclusion mechanism taşıyan sample’ı target population için design-valid reference yap	Probability sample
S-942	Statistics	Nonprobability rich sample	Büyük/cheap/rich outcomes taşıyan ama unknown/self-selected inclusion mechanism’lı sample kullan	Convenience/web/admin sample
S-943	Statistics	Common auxiliary bridge	Probability ve nonprobability datasets’te ortak measured $X$ variables iki sources arasında adjustment bridge’i oluşturur	Shared covariates
S-944	Statistics	Sample-membership propensity	Unit’in probability-reference yerine nonprobability source’da görünme chance’ini common covariates’tan modelle	Data-source selection
S-945	Statistics	Inverse-odds integration weighting	Nonprobability observations’ı target/reference population’daki representation eksikliğini düzeltecek inverse sampling odds ile weight et	Estimated source propensity
S-946	Statistics	Covariate-balancing integration	Individual inclusion probabilities doğru tahmin edilmese bile weighted nonprobability sample’ın auxiliary moments’ını reference sample’a match ettir	Shared auxiliary variables
S-947	Statistics	Probability-reference calibration	Nonprobability weights’i known population totals yerine probability sample’ın design-weighted totals’ına calibrate et	Reference survey
S-948	Statistics	Mass imputation	Outcome-rich nonprobability sample’dan $Y	X$ modelini öğren; probability sample’daki units’in $Y$’lerini predict/impute et | Outcome transportability
S-949	Statistics	Nonparametric mass imputation	Linear outcome model yerine donor/matching/kernel/tree-like predictor ile reference sample’a outcomes transfer et	Flexible outcome relation
S-950	Statistics	Outcome-model transportability	$Y	X$ relation nonprobability source’dan probability-target population’a taşınabiliyor varsay | Cross-source stability
S-951	Statistics	Selection ignorability for integration	Shared $X$ verildiğinde source membership residual outcome information taşımıyor kabul et	Nonprobability selection
S-952	Statistics	Source-overlap/positivity	Target population’daki relevant covariate regions’in rich sample’da sufficient representation’ı bulunmalı	Support overlap
S-953	Statistics	Doubly robust data integration	Selection model veya outcome model’den en az biri doğruysa estimator consistency koruyabilsin	Two nuisance models
S-954	Statistics	Augmented integration estimator	Weighted observed outcomes + reference population’daki outcome predictions correction olarak birlikte kullan	Probability + nonprobability sources
S-955	Statistics	Selection-model misspecification sensitivity	Source inclusion model yanlışsa reweighted rich sample’ın residual bias’ı nasıl değişiyor stress-test et	Unknown selection
S-956	Statistics	Outcome-model misspecification sensitivity	Rich sample’daki $Y	X$ model target’a taşınmıyorsa mass-imputation bias’ını quantify et | Model transport failure
S-957	Statistics	Benchmark-variable validation	Rich sample’da adjustment sonrası known/reference outcomes veya external margins reproduce oluyor mu kontrol et	Observable benchmark
S-958	Statistics	Integration effective sample size	Huge nonprobability $n$ extreme weights/model dependence yüzünden nominal sample size kadar information taşımayabilir	Unequal integration weights
S-959	Statistics	Design + model variance propagation	Probability-reference design uncertainty ile outcome/selection-model estimation uncertainty’yi birlikte final variance’a taşı	Hybrid inference
S-960	Statistics	Reference-sample bottleneck	Millions of rich records olsa bile target-population anchoring information küçük/noisy reference sample tarafından limitlenebilir	Data fusion
S-961	Statistics	Imperfect reference standard	“Truth” diye kullanılan comparator’ın kendisi false-positive/false-negative üretebilir	Diagnostic evaluation
S-962	Statistics	No-gold-standard latent disease	True disease/class directly observed değil; several imperfect tests’in shared hidden cause’u olarak infer et	Latent binary state
S-963	Statistics	Hui–Walter identification mechanism	Several populations with different prevalences + multiple imperfect tests kullanarak test sensitivities/specificities’i gold standard olmadan identify et	Population heterogeneity assumptions
S-964	Statistics	Conditional test independence	Hidden true state verildiğinde tests’in residual errors’ı independent kabul et	Latent-class diagnostics
S-965	Statistics	Conditional test dependence	Aynı biology/sample/reader nedeniyle disease state verilse bile test errors correlated kalabilsin	Shared residual mechanism
S-966	Statistics	Local dependence parameter	Specific test pair için latent class içindeki residual association’ı explicit covariance/odds-ratio term yap	Dependent diagnostics
S-967	Statistics	Imperfect-reference bias	Fallible reference’ı perfect truth sayınca candidate test’in apparent sensitivity/specificity’si distort olabilir	Misclassified reference
S-968	Statistics	Partial verification bias	Gold/reference verification yalnız selected screen results’ta yapılıyorsa verified subset full population’ı temsil etmez	Selective verification
S-969	Statistics	Differential verification	Different test-result groups farklı reference procedures ile verified edilirse truth quality itself group-dependent olur	Multiple reference standards
S-970	Statistics	Discrepant-analysis bias	New test reference’la disagree ettiğinde extra test kullanıp yalnız disagreements’i reclassify etmek candidate test lehine circular bias yaratabilir	Post-hoc verification
S-971	Statistics	Composite reference standard	Birkaç imperfect measurements/rules’i AND/OR/algorithm ile combine edip operational reference oluştur	No single gold standard
S-972	Statistics	Latent prevalence–accuracy joint estimation	Disease prevalence ile test error rates’i aynı likelihood içinde birlikte infer et	Hidden disease status
S-973	Statistics	Multiple-population prevalence leverage	Same tests different-prevalence groups’ta kullanıldığında changing mixture proportions latent classes’i ayırmaya extra information verebilir	Shared accuracy across groups
S-974	Statistics	Bayesian no-gold-standard model	Weakly identified accuracy/prevalence parameters’a prior information ekleyip posterior uncertainty’yi explicit taşı	Latent diagnostic model
S-975	Statistics	Prior-sensitive nonidentification	Data accuracy parameters’i tek başına identify etmiyorsa posterior apparently precise olsa bile result prior assumptions’a strongly depend edebilir	Bayesian weak identification
S-976	Statistics	Imperfect-test repeated measurement	Same hidden status üzerinde several noisy measurements classification-error rates hakkında information yaratabilir	Replicate tests
S-977	Statistics	Test-order effect	Earlier testing/intervention later true state veya test measurement’ını değiştiriyorsa replicate tests exchangeable değil	Sequential diagnostics
S-978	Statistics	Disease-state evolution between tests	“Same latent truth” assumption fail edebilir çünkü actual condition test occasions arasında değişir	Dynamic latent state
S-979	Statistics	Accuracy heterogeneity	Sensitivity/specificity one constant değil; severity, age, subgroup veya latent state features’e göre change etsin	Covariate-dependent error
S-980	Statistics	No-gold-standard model checking	Fitted latent model pairwise/test-pattern frequencies ve residual dependence structure’ını reproduce ediyor mu kontrol et	Assumption-sensitive latent model
S-981	Statistics	Conformal prediction	Black-box predictor’ın point estimate’i etrafında data-defined prediction set oluştur ve exchangeability altında finite-sample coverage guarantee et	Exchangeable observations
S-982	Statistics	Nonconformity score	Candidate observation mevcut data/model’e ne kadar “garip” diye scalar score üret	Exchangeable scoring
S-983	Statistics	Rank-based conformal calibration	New score’un calibration scores arasındaki rank’ını kullan; unknown error distribution’ı parametric modelleme	Exchangeability
S-984	Statistics	Full conformal prediction	Her candidate $y$ için candidate’i dataset’e ekle, scores’i yeniden hesapla ve candidate acceptable mı test et	Computationally expensive exact conformal
S-985	Statistics	Split conformal	Data’nın one part’ıyla model fit et, independent calibration part’ıyla residual/score quantile çıkar	Train/calibration split
S-986	Statistics	Calibration residual quantile	Model error distribution’ını fully estimate etme; desired coverage için relevant empirical upper quantile yeterli	Split conformal
S-987	Statistics	Marginal coverage guarantee	Random future observation population average’ında prediction set’e desired probability ile girsin	Exchangeability
S-988	Statistics	Marginal ≠ conditional coverage	Overall 90% coverage, every $X=x$ subgroup’unda 90% demek değildir	Heterogeneous covariates
S-989	Statistics	Mondrian conformal	Calibration ranks’i predefined groups/categories içinde ayrı kurarak group-conditional validity hedefle	Exchangeable within groups
S-990	Statistics	Locally weighted conformal	Nearby/relevant calibration points’e more weight vererek uncertainty width’ini local difficulty’ye adapt et	Covariate shift/locality assumptions
S-991	Statistics	Conformalized quantile regression	Lower/upper conditional quantile modelini residual conformal correction ile finite-sample marginally valid interval’a çevir	Heteroscedastic regression
S-992	Statistics	Adaptive interval width	Easy regions narrow, noisy regions wide interval alsın; coverage target same kalsın	Heterogeneous noise
S-993	Statistics	Jackknife+	Leave-one-out predictions/residuals’i combine ederek dedicated calibration split olmadan prediction interval üret	Exchangeable IID-like data
S-994	Statistics	Cross-conformal aggregation	Several train/calibration folds’undan scores/p-values combine ederek data efficiency improve etmeye çalış	Cross-validation structure
S-995	Statistics	Conformal p-value	Candidate label/value’nin exchangeable observations arasındaki extremeness rank’ını valid p-value-like score’a dönüştür	Candidate hypothesis
S-996	Statistics	Label-conditional conformal	Classification’da coverage/error guarantee’ini labels/classes bazında control etmeye çalış	Class imbalance
S-997	Statistics	Conformal set size	Prediction quality yalnız coverage değil; same coverage altında set ne kadar small/informative ölç	Efficiency criterion
S-998	Statistics	Coverage under covariate shift	Test $X$ distribution’ı training’den değişirse ordinary exchangeability bozulur; density/importance weighting gibi correction gerekebilir	Distribution shift
S-999	Statistics	Online conformal calibration	Observations sırayla gelirken past conformity ranks üzerinden next prediction set’i oluştur	Sequential exchangeable data
S-1000	Statistics	Validity–efficiency separation	Coverage guarantee prediction modelinin accuracy’sinden conceptually ayrıdır; poor model valid ama very wide sets üretebilir	Distribution-free uncertainty
E-001	Economics / Econometrics	Opportunity cost	Choosing one option destroys the possibility of using the same resource elsewhere	Scarcity/exclusivity
E-002	Economics / Econometrics	Marginal utility	Ask how much one more unit changes value	Preferences/utility representation
E-003	Economics / Econometrics	Diminishing returns	Each extra unit helps, but often less than the previous one	Technology/preferences shape curvature
E-004	Economics / Econometrics	Comparative advantage	Compare relative sacrifice, not absolute productivity	Trade possibilities and opportunity costs
E-005	Economics / Econometrics	Arbitrage	Combine trades so costs cancel but a nonnegative payoff remains with some positive gain	Market admissibility/transaction constraints
E-006	Economics / Econometrics	General equilibrium	Every agent changes behavior while prices adjust until all connected markets are mutually compatible	Simultaneous feedback + clearing
E-007	Economics / Econometrics	Externality	One actor changes another actor's outcome without paying/being paid through the modeled transaction	Missing price/contract channel
E-008	Economics / Econometrics	Moral hazard	Hidden action changes outcome after a contract is made	Action not fully observable/contractible
E-009	Economics / Econometrics	Adverse selection	Hidden type affects both participation and outcomes	Information asymmetry before transaction
E-010	Economics / Econometrics	Signaling	Burn/use resources in a way that reveals hidden type because types face different costs	Incentive compatibility
E-011	Economics / Econometrics	Screening	Design choices so different hidden types separate themselves	Menu design + self-selection constraints
E-012	Economics / Econometrics	Mechanism design	Choose the rules so self-interested behavior produces desired outcomes	Strategic agents
E-013	Economics / Econometrics	Matching	Pair two sides under compatibility/preferences/capacity restrictions	Bilateral/multilateral constraints
E-014	Economics / Econometrics	Search friction	Valuable counterpart may exist but cannot be found instantly or costlessly	Time/information constraints
E-015	Economics / Econometrics	Inventory adjustment	Hold a stock because arrivals and demand do not coincide perfectly in time	Storage/holding/shortage costs
E-016	Economics / Econometrics	Cobweb dynamics	Today's production responds to yesterday's price, creating delayed feedback	Production lag
E-017	Economics / Econometrics	Accelerator mechanism	Desired stock depends on activity, so changes in activity induce amplified investment changes	Adjustment dynamics
E-018	Economics / Econometrics	Multiplier	One person's spending becomes another's income and recursively generates further spending	Leakage parameters/institutional structure
E-019	Economics / Econometrics	Creative destruction	New productive structures replace old ones while creating output and destroying incumbent value	Entry/innovation/competition
E-020	Economics / Econometrics	Learning by doing	Performing the activity changes future productivity	Experience accumulation
E-021	Economics / Econometrics	Network externality	Value changes when more other users choose compatible participation	Interdependence through adoption network
E-022	Economics / Econometrics	Bank run	Expectation of others withdrawing changes whether withdrawing is individually rational	Strategic complementarity + liquidity transformation
E-023	Economics / Econometrics	Coordination failure	Multiple mutually reinforcing actions produce several stable outcomes	Complementarity/multiple equilibria
E-024	Economics / Econometrics	Principal–agent	One party wants an action/output from another but cannot perfectly observe/control them	Information + incentive constraints
E-025	Economics / Econometrics	Real option	Waiting preserves the ability to act later when uncertainty resolves	Irreversibility + uncertainty
E-026	Economics / Econometrics	Hotelling rule	A depletable resource kept underground competes with financial return from extracting now	Exhaustibility/intertemporal arbitrage
E-027	Economics / Econometrics	Queueing/congestion pricing	One more user slows everyone else	Shared capacity
E-028	Economics / Econometrics	Spatial equilibrium	Location advantage is offset by prices/wages/transport until migration arbitrage weakens	Mobility + transport/housing constraints
E-029	Economics / Econometrics	Labor matching	Workers/jobs arrive, search, match and separate over time	Frictions + heterogeneous compatibility
E-030	Economics / Econometrics	Rational expectations	Forecast rule and realized system must be mutually consistent	Agents understand/learn model structure
E-031	Economics / Econometrics	Bertrand competition	Firms choose prices while customers move toward cheaper substitutes	Strategic pricing/substitutability
E-032	Economics / Econometrics	Cournot competition	Firms choose quantities knowing total quantity changes market price	Strategic quantity interaction
E-033	Economics / Econometrics	Stackelberg competition	One actor moves first and exploits the follower’s response rule	Sequential strategic commitment
E-034	Economics / Econometrics	Contestable market	Even few incumbents may behave competitively if entry/exit threat is strong	Low sunk-entry barriers
E-035	Economics / Econometrics	Limit pricing	Incumbent sacrifices current margin to make entry less attractive	Entry deterrence
E-036	Economics / Econometrics	Predatory pricing	Accept current losses to change rivals’ future presence/behavior	Capital/commitment/information constraints
E-037	Economics / Econometrics	Two-sided market	Subsidizing one user group can raise value on the other side	Cross-side network effects
E-038	Economics / Econometrics	Platform tipping	Small adoption advantage can snowball into dominance	Positive feedback/network effects
E-039	Economics / Econometrics	Switching cost	Past choice makes changing later costly	Lock-in/path dependence
E-040	Economics / Econometrics	Experience goods	Quality is learned only after consumption	Information arrives after purchase
E-041	Economics / Econometrics	Credence goods	Even after purchase, buyer may not know true quality	Persistent information asymmetry
E-042	Economics / Econometrics	Efficiency wage	Paying more can change worker effort/turnover enough to offset cost	Effort/retention response
E-043	Economics / Econometrics	Reservation wage	Worker accepts only if offered value crosses a threshold	Search/friction/preferences
E-044	Economics / Econometrics	Human capital accumulation	Current learning raises future productivity	Investment with delayed payoff
E-045	Economics / Econometrics	Skill depreciation	Unused or outdated skills lose productive value over time	Time/use dependence
E-046	Economics / Econometrics	Monopsony	Buyer power lets one purchaser influence the price it pays	Upward-sloping supply to buyer
E-047	Economics / Econometrics	Tax incidence	Legal payer is not necessarily economic bearer because prices adjust	Elasticities/equilibrium
E-048	Economics / Econometrics	Deadweight loss	A wedge prevents mutually beneficial exchanges	Distorted marginal conditions
E-049	Economics / Econometrics	Pigouvian correction	Add a price to an unpriced external effect	External cost/benefit measurable
E-050	Economics / Econometrics	Public good	One person’s use does not fully prevent another’s, and exclusion is difficult	Nonrivalry/nonexcludability
E-051	Economics / Econometrics	Common-pool resource	Users share a depletable stock but do not fully bear depletion cost	Rivalry + weak exclusion
E-052	Economics / Econometrics	Fiscal federalism	Assign decisions to levels where benefit/spillover geography fits best	Jurisdictional structure
E-053	Economics / Econometrics	Tiebout sorting	People relocate toward bundles of taxes/public services they prefer	Mobility/information
E-054	Economics / Econometrics	Poverty trap	Low resources reduce ability to invest, keeping future resources low	Nonlinearity/threshold effects
E-055	Economics / Econometrics	Big push	Several complementary investments only pay off if undertaken together	Coordination/complementarity
E-056	Economics / Econometrics	Dutch disease	Resource boom shifts prices/resources and weakens other tradable sectors	General-equilibrium reallocation
E-057	Economics / Econometrics	Lewis dual-sector transition	Labor moves from low-productivity surplus sector to higher-productivity sector	Structural transformation
E-058	Economics / Econometrics	Learning externality	One firm’s experience produces knowledge benefits others can use	Spillovers
E-059	Economics / Econometrics	Infant-industry argument	Temporary protection may allow learning scale before exposure to competition	Dynamic learning + policy credibility
E-060	Economics / Econometrics	Agglomeration	Being near others raises productivity/value, causing geographic clustering	Local spillovers + transport costs
E-061	Economics / Econometrics	Price discrimination	Charge different prices when willingness-to-pay groups can be separated	Market power + limited resale
E-062	Economics / Econometrics	Bundling	Combine goods so differences in individual willingness-to-pay partly average out	Demand heterogeneity
E-063	Economics / Econometrics	Peak-load pricing	Raise price when many users compete for the same limited capacity	Time-varying congestion
E-064	Economics / Econometrics	Capacity commitment	Choose costly capacity before later uncertainty/competition resolves	Irreversibility
E-065	Economics / Econometrics	Hold-up problem	Once one side makes a specific irreversible investment, the other can renegotiate from a stronger position	Incomplete contracting
E-066	Economics / Econometrics	Relationship-specific investment	Value is high inside one relationship but low outside it	Asset specificity
E-067	Economics / Econometrics	Coase mechanism	If rights are clear and bargaining frictionless, parties can rearrange rights toward mutually preferred allocation	Extremely low transaction costs
E-068	Economics / Econometrics	Transaction-cost boundary	Perform activity inside a firm when coordinating through markets becomes more costly	Contracting/measurement costs
E-069	Economics / Econometrics	Double marginalization	Two monopolistic layers each add markup, jointly restricting quantity too much	Vertical market power
E-070	Economics / Econometrics	Vertical integration	Merge sequential decision makers so internal transfer no longer creates independent markups	Ownership/control
E-071	Economics / Econometrics	Holdout problem	One necessary participant can demand disproportionate value because everyone else’s agreement is useless without them	Complementary ownership
E-072	Economics / Econometrics	Free riding	Individual gains from a collective benefit without paying enough toward producing it	Nonexcludability
E-073	Economics / Econometrics	Rent seeking	Spend resources to capture existing value rather than create new value	Contest over transfers
E-074	Economics / Econometrics	Regulatory capture	Regulated actors influence the rule-maker because benefits are concentrated and monitoring costs diffuse	Political-information asymmetry
E-075	Economics / Econometrics	Time inconsistency	A plan optimal before the future arrives is no longer optimal once it arrives	Inability to commit
E-076	Economics / Econometrics	Commitment device	Remove future choices so later incentives cannot overturn current plan	Credible restriction
E-077	Economics / Econometrics	Ricardian equivalence mechanism	Government debt may cause households to alter saving because future taxes are anticipated	Strong foresight/capital-market assumptions
E-078	Economics / Econometrics	Precautionary saving	More future uncertainty raises value of keeping resources available today	Convex marginal utility/incomplete insurance
E-079	Economics / Econometrics	Consumption smoothing	Shift resources across time so temporary income changes cause smaller consumption changes	Intertemporal borrowing/saving
E-080	Economics / Econometrics	Permanent-income mechanism	React differently to temporary and persistent information because only persistent changes strongly affect lifetime resources	Forward-looking expectations
E-081	Economics / Econometrics	Option value of waiting	Bugün karar vermeyerek yarınki bilgiyi kullanma hakkını koru	Irreversibility + uncertainty
E-082	Economics / Econometrics	Sunk cost	Geri alınamayan geçmiş ödeme bugünkü marjinal kararı değiştirmemeli	Rational benchmark
E-083	Economics / Econometrics	Adjustment cost	İstenen seviyeye bir anda sıçramak pahalı; yavaş yaklaş	Convex/nonconvex change cost
E-084	Economics / Econometrics	(S,s) policy	Küçük sapmalarda hiçbir şey yapma; sınırı geçince büyük düzeltme yap	Fixed adjustment cost
E-085	Economics / Econometrics	Menu cost	Fiyatı değiştirmenin kendisi pahalı olduğu için küçük yanlış fiyatlara katlan	Nominal adjustment friction
E-086	Economics / Econometrics	Irreversible investment	Yatırım yaptıktan sonra sermayeyi tam geri alamazsın	Asymmetric adjustment
E-087	Economics / Econometrics	Hysteresis in trade	Geçici shock kalıcı giriş/çıkış yaratabilir çünkü giriş maliyeti tekrar ödenmek zorunda	Sunk entry cost
E-088	Economics / Econometrics	Kinked adjustment	Yukarı ve aşağı hareketlerin maliyeti farklı	Asymmetry
E-089	Economics / Econometrics	Buffer-stock saving	Kaynak stoğunu tehlikeli alt sınırdan uzak tutacak şekilde tasarruf et	Income risk + borrowing constraint
E-090	Economics / Econometrics	Credit rationing	Fiyatı/faizi artırmak talebi temizlemeyebilir çünkü müşteri kalitesi/davranışı değişir	Adverse selection/moral hazard
E-091	Economics / Econometrics	Debt overhang	Yeni iyi yatırımın getirisi eski alacaklıya gidecekse yatırımcı projeyi yapmayabilir	Existing claims
E-092	Economics / Econometrics	Financial accelerator	Bilanço bozulması finansmanı pahalılaştırır; pahalı finansman bilançoyu daha da bozar	Credit friction feedback
E-093	Economics / Econometrics	Fire-sale externality	Satmak zorunda kalanlar fiyatı düşürür; düşen fiyat başkalarını da satmaya zorlar	Mark-to-market/leverage
E-094	Economics / Econometrics	Margin spiral	Volatilite/düşüş teminatı artırır → satış → daha fazla düşüş → daha fazla teminat	Collateral constraint
E-095	Economics / Econometrics	Liquidity hoarding	Gelecekte erişememe korkusu bugünkü kullanılabilir kaynağı harcamamaya iter	Funding uncertainty
E-096	Economics / Econometrics	Diamond–Dybvig maturity transformation	Uzun vadeli varlığı kısa vadede çekilebilir yükümlülükle finanse etmek fayda sağlar ama coordination fragility yaratır	Sequential withdrawal/liquidity
E-097	Economics / Econometrics	Global games	Küçük private noise, çoklu denge coordination problemini tek threshold davranışına seçebilir	Noisy private information
E-098	Economics / Econometrics	Beauty contest	En doğru şeyi değil, başkalarının neyi doğru sanacağını tahmin etmek önemli hale gelir	Higher-order beliefs
E-099	Economics / Econometrics	Information cascade	Kendi sinyalin olsa bile önceki insanların davranışı daha güçlü görünürse onları takip et	Sequential social learning
E-100	Economics / Econometrics	Rational inattention	Her bilgiyi işlemek pahalı; karar için en değerli bilgiyi seçerek dikkat harca	Information-processing constraint
E-101	Economics / Econometrics	Search-and-matching Beveridge mechanism	Aynı anda işsiz ve açık iş olabilir çünkü doğru eşleşmeyi bulmak zaman alır	Frictional matching
E-102	Economics / Econometrics	Matching function	İki taraftaki stock daha çoksa daha çok eşleşme olur ama congestion da oluşur	Aggregate search technology
E-103	Economics / Econometrics	Vacancy creation condition	Firma boş pozisyon açar çünkü beklenen gelecekteki match değeri bugünkü ilan maliyetini aşar	Forward-looking firm
E-104	Economics / Econometrics	Job destruction threshold	Match productivity düşünce bir noktadan sonra sürdürmek yerine ilişkiyi bitirmek daha ucuz olur	Separation decision
E-105	Economics / Econometrics	Reservation productivity	“Bu match’i tutmaya değer mi?” için minimum hidden/productive quality eşiği	Dynamic surplus
E-106	Economics / Econometrics	Wage bargaining	Oluşan surplus’u tarafların outside option’larına göre böl	Bargaining protocol
E-107	Economics / Econometrics	Efficiency frontier	Birini daha iyi yapmadan diğerini kötüleştiremeyeceğin sınırı bul	Feasible allocations
E-108	Economics / Econometrics	Second-best theorem	Bir distortion düzeltilemiyorsa diğerlerini tek tek kaldırmak toplam sonucu daha kötü yapabilir	Multiple interacting wedges
E-109	Economics / Econometrics	Tinbergen rule	Bağımsız hedef sayısı kadar bağımsız policy instrument gerekebilir	Local controllability/rank
E-110	Economics / Econometrics	Lucas critique	İnsanların davranış kuralı policy değişince değişiyorsa eski reduced-form ilişkisini yeni policy’ye taşıma	Endogenous expectations
E-111	Economics / Econometrics	Goodhart mechanism	Bir ölçü hedef olunca insanlar o ölçüyü optimize eder ve ölçü artık aynı şeyi temsil etmez	Strategic response
E-112	Economics / Econometrics	Lucas island model	Local price değişiminin economy-wide inflation mı local demand shock mı olduğunu anında ayırt edemezsin	Signal extraction
E-113	Economics / Econometrics	Rational expectations signal extraction	Gözlenen toplam değişimi birkaç hidden cause’a olasılıkla ayır	Model-consistent beliefs
E-114	Economics / Econometrics	Akerlof lemons	Quality hidden olduğunda kötü ürünler piyasa ortalamasını aşağı çeker ve iyileri kaçırabilir	Adverse selection feedback
E-115	Economics / Econometrics	Spence signaling equilibrium	Gerçek üretkenliği doğrudan göstermeden, farklı tiplerin farklı maliyetle yapabildiği bir action ile ayrış	Single-crossing
E-116	Economics / Econometrics	Rothschild–Stiglitz screening	Insurer contract menu koyar; hidden risk types kendi choice’larıyla ayrışır	Self-selection
E-117	Economics / Econometrics	Revelation principle	Karmaşık strategic mechanism yerine agent’ın type’ını doğru söylemesinin optimal olduğu eşdeğer direct mechanism ara	Incentive compatibility
E-118	Economics / Econometrics	VCG mechanism	Her kişinin ödediği bedeli başkalarına verdiği external damage üzerinden kur	Quasilinear/private values
E-119	Economics / Econometrics	Arrow impossibility	Birkaç makul collective-choice şartını aynı anda istiyorsan hepsini birlikte sağlayan rule olmayabilir	Social preference aggregation
E-120	Economics / Econometrics	Gibbard–Satterthwaite	Yeterince zengin seçim ortamında non-dictatorial deterministic voting rule manipulation’dan kaçamayabilir	≥3 alternatives/domain conditions
E-121	Economics / Econometrics	Queue discipline	Kıt hizmet kapasitesine kim önce erişecek diye sıra kuralı belirle	Congestion/service process
E-122	Economics / Econometrics	Priority pricing	Daha acil kullanıcı daha fazla ödeyip sırada öne geçer	Heterogeneous urgency
E-123	Economics / Econometrics	Congestion externality	Ben sisteme girince herkesin bekleme süresini artırırım	Shared capacity
E-124	Economics / Econometrics	Bottleneck pricing	En kıt geçiş noktasındaki yoğunluğu zaman/fiyat ile yay	Capacity constraint
E-125	Economics / Econometrics	Peak spreading	Kullanıcıları aynı anda yüklenmekten vazgeçirip zamana dağıt	Time substitution
E-126	Economics / Econometrics	Network congestion game	Herkes aynı route’a gidince route kötüleşir ve choices birbirini değiştirir	Endogenous travel cost
E-127	Economics / Econometrics	Braess paradox	Ağa yeni yol eklemek herkesin selfish routing altında toplam performansı kötüleştirebilir	Noncooperative routing
E-128	Economics / Econometrics	Wardrop equilibrium	Kullanılan route’ların maliyetleri eşitlenir; kullanılmayanlar daha iyi değildir	Continuum users
E-129	Economics / Econometrics	Price of anarchy	Selfish equilibrium, coordinated optimum’dan ne kadar kötü olabilir ölç	Game equilibrium
E-130	Economics / Econometrics	Capacity reserve	Normal zamanda boş kapasite tutup rare spike geldiğinde kullan	Uncertainty + option value
E-131	Economics / Econometrics	Safety stock	Ortalama talep için değil, belirsizliğin kuyruğu için ekstra stok taşı	Demand uncertainty
E-132	Economics / Econometrics	Bullwhip effect	Küçük consumer demand variation upstream’e çıktıkça büyüyebilir	Forecast/order feedback
E-133	Economics / Econometrics	Base-stock policy	Her dönemde inventory position’ı hedef seviyeye geri çek	Lead time/demand
E-134	Economics / Econometrics	Newsvendor	Fazla stok ve eksik stok maliyetlerini karşılaştırıp tek dönemlik optimal quantile seç	One-period uncertainty
E-135	Economics / Econometrics	Rationing	Kıt kaynak herkesin istediğini karşılamıyorsa bazı talepleri bilinçli reddet	Capacity scarcity
E-136	Economics / Econometrics	Option rationing	Kaynağı bugün harcamayıp daha değerli gelecekteki kullanım için sakla	Dynamic uncertainty
E-137	Economics / Econometrics	Learning curve	Kümülatif üretim arttıkça birim maliyet sistematik düşer	Experience accumulation
E-138	Economics / Econometrics	Forgetting/depreciation in learning	Üretim durunca veya teknoloji değişince kazanılmış verimlilik kaybolur	Time/use decay
E-139	Economics / Econometrics	Capacity hysteresis	Demand geçici düşse bile capacity hemen kapanmaz; geri açma maliyeti kararları path-dependent yapar	Fixed/sunk adjustment costs
E-140	Economics / Econometrics	Network reliability externality	Bir node’un failure-prevention yatırımı diğer node’ların riskini de değiştirir	Interdependent network
E-141	Economics / Econometrics	Matching market stability	Kimse mevcut eşleşmesini bırakıp birbirini karşılıklı tercih eden yeni pair oluşturamıyorsa matching stable	Preferences
E-142	Economics / Econometrics	Deferred acceptance	Bir taraf teklif eder, diğer taraf en iyiyi geçici tutup kalanları reddeder; süreç tekrar eder	Stable matching structure
E-143	Economics / Econometrics	Rural hospitals phenomenon	Preference details değişse bile stable matchings’de bazı institution’ların doldurduğu slot sayısı değişmeyebilir	Matching-market conditions
E-144	Economics / Econometrics	Top trading cycles	Herkes en istediği elde edilebilir şeyi gösterir; cycle oluşunca cycle içindeki takasları aynı anda yap	Housing allocation
E-145	Economics / Econometrics	Core allocation	Bir alt grup kendi arasında ayrılıp herkesi daha iyi yapamıyorsa allocation coalition-proof	Cooperative game
E-146	Economics / Econometrics	Shapley value	Joint surplus’u her oyuncunun tüm olası katılma sıralarındaki marginal katkısını ortalayarak böl	Transferable utility
E-147	Economics / Econometrics	Network formation	Link oluşturmanın private benefit/cost’u bütün network topology’sini endogenous yapar	Strategic links
E-148	Economics / Econometrics	Preferential attachment economics	Başlangıçta biraz büyük olan aktör yeni bağlantıları daha kolay çekerek daha da büyür	Cumulative advantage
E-149	Economics / Econometrics	Social multiplier	Bir kişinin davranış değişimi peers’in davranışını değiştirir ve ilk shock büyür	Social interaction
E-150	Economics / Econometrics	Peer effect	Benzer kişiler birbirlerinin outcome’unu değiştirebilir	Reflection/endogeneity problem
E-151	Economics / Econometrics	Threshold public-good contribution	Katkı ancak toplam belli seviyeye ulaşırsa değer yaratır	Collective threshold
E-152	Economics / Econometrics	Volunteer’s dilemma	Bir kişinin maliyeti üstlenmesi herkese yeter; herkes başkasının yapmasını ister	Public benefit + private cost
E-153	Economics / Econometrics	War of attrition	Herkes bekleyebilir ama beklemenin maliyeti akar; ilk vazgeçen kaybeder	Timing game
E-154	Economics / Econometrics	Preemption game	İlk hareket eden avantaj kazanır; bu yüzden herkes diğerinden önce davranmak ister	First-mover advantage
E-155	Economics / Econometrics	Coordination on focal point	Birden çok equilibrium varsa ortak salience beklentileri aynı seçeneğe çekebilir	Multiple equilibria
E-156	Economics / Econometrics	Sunspot equilibrium	Fundamentally irrelevant signal, herkes onun başkalarını etkilediğine inanırsa gerçek outcome’u etkileyebilir	Expectations coordination
E-157	Economics / Econometrics	Self-fulfilling crisis	Crisis beklentisi savunma/withdrawal davranışı yaratıp crisis’i gerçekten doğurur	Strategic complementarity
E-158	Economics / Econometrics	Debt-deflation	Düşen fiyatlar real debt yükünü artırır; deleveraging satış getirir; daha fazla fiyat düşüşü yaratır	Nominal debt
E-159	Economics / Econometrics	Balance-sheet recession	Private sector yeni borç almak yerine debt repayment’i önceliklendirince normal monetary stimulus zayıflar	Leverage damage
E-160	Economics / Econometrics	Hysteresis in unemployment	Geçici işsizlik shock’u skill loss/network loss yüzünden natural unemployment’ı kalıcı yükseltebilir	Duration dependence
E-161	Economics / Econometrics	First-price auction shading	Kazanmak için yüksek teklif iyi, ucuza almak için düşük teklif iyi; ikisini dengele	Private values/strategic bidding
E-162	Economics / Econometrics	Second-price truthfulness	Kazanırsan kendi bid’ini değil ikinci fiyatı ödediğin için gerçek value’yu söylemek dominant olabilir	Independent private-value benchmark
E-163	Economics / Econometrics	Winner’s curse	Kazanmış olman, senin estimate’inin diğerlerinden yüksek olduğunu haber verir; bu kötü haber olabilir	Common value
E-164	Economics / Econometrics	Revenue equivalence	Farklı auction rules bazı güçlü assumptions altında aynı expected seller revenue verebilir	Symmetry/risk neutrality etc.
E-165	Economics / Econometrics	Reserve price	Seller düşük teklifleri reddederek daha az satış ama daha yüksek conditional revenue seçebilir	Market power/value distribution
E-166	Economics / Econometrics	All-pay auction	Kazanamasan da bid maliyetini ödersin; effort waste arise	Contest structure
E-167	Economics / Econometrics	Common-agency problem	Aynı agent birden fazla principal’dan farklı incentives alır	Multiple contracts
E-168	Economics / Econometrics	Multitask incentive distortion	Tek ölçülebilen task’ı ödüllendirirsen effort ölçülmeyen task’tan ona kayabilir	Effort substitution
E-169	Economics / Econometrics	Career concerns	Bugünkü effort sadece output değil, başkalarının senin hidden ability hakkındaki belief’ini de değiştirir	Reputation learning
E-170	Economics / Econometrics	Ratchet effect	Bugün yüksek performans gösterirsen yarın target yükseltilir; bunu bilen kişi performansı saklayabilir	Dynamic incentives
E-171	Economics / Econometrics	Soft budget constraint	Başarısız olunca kurtarılacağını bilen organization baştan fazla risk/harcama yapabilir	Credible bailout expectation
E-172	Economics / Econometrics	Too-big-to-fail	Failure’ın system cost’u büyükse rescue beklentisi private risk-taking’i değiştirir	Systemic externality
E-173	Economics / Econometrics	Contestable rents	Kazanç yüksek oldukça daha fazla rakip entry/effort çekip rent’i eritmeye çalışır	Entry response
E-174	Economics / Econometrics	Limit order priority	Aynı fiyatı veren orders zaman/size gibi rules ile execution sırası kazanır	Market microstructure
E-175	Economics / Econometrics	Adverse selection spread	Dealer informed trader’a karşı kaybı telafi etmek için spread koyar	Hidden information
E-176	Economics / Econometrics	Inventory spread	Dealer inventory taşımanın riskini fiyatın iki tarafına farklı yansıtır	Position risk
E-177	Economics / Econometrics	Kyle price impact	Büyük informed order, market maker’ın hidden information inference’ı nedeniyle price’ı hareket ettirir	Strategic trading
E-178	Economics / Econometrics	Glosten–Milgrom learning	Her trade buy/sell direction’ıyla asset value hakkında belief update yaratır	Sequential Bayesian market maker
E-179	Economics / Econometrics	Strategic experimentation	Bugünkü risky action hem payoff verir hem de gelecekte kullanılacak bilgi üretir	Learning + control
E-180	Economics / Econometrics	Information externality	Benim action’ım başkalarına hidden state hakkında bilgi verir ama bu benefit/cost’u tam fiyatlamam	Social learning
E-181	Economics / Econometrics	Endogenous growth	Bugünkü investment sadece bugünkü output değil gelecekteki üretme kapasitesini de değiştirir	Accumulable knowledge/capital
E-182	Economics / Econometrics	AK mechanism	Accumulable factor’ın diminishing return’ü yeterince zayıfsa long-run growth kendi kendini sürdürebilir	Production structure
E-183	Economics / Econometrics	Romer variety expansion	Yeni idea yalnız mevcut şeyi iyileştirmez; kullanılabilir intermediate variety sayısını artırır	Nonrival ideas
E-184	Economics / Econometrics	Quality ladder	Innovation mevcut leader’ı biraz iyileştirmek yerine daha yüksek quality rung ile yerinden eder	Sequential innovation
E-185	Economics / Econometrics	Schumpeterian business stealing	Innovator’ın private gain’inin bir kısmı yeni social value değil incumbent rent’ini ele geçirmektir	Creative destruction
E-186	Economics / Econometrics	Standing-on-shoulders	Önceden üretilmiş knowledge yeni knowledge üretimini kolaylaştırır	Knowledge spillover
E-187	Economics / Econometrics	Fishing-out	Kolay discoveries önce bulunur; knowledge stock büyüdükçe sonraki discovery zorlaşabilir	Research difficulty
E-188	Economics / Econometrics	Patent race	Winner çoğu reward’u alıyorsa firms socially redundant parallel R&D’ye aşırı kaynak koyabilir	Winner-take-most
E-189	Economics / Econometrics	Patent breadth	Daha geniş protection innovation reward’u artırır ama follow-on innovation space’ini daraltabilir	IP exclusion
E-190	Economics / Econometrics	Patent length	Daha uzun monopoly reward ex ante incentive’ı artırır fakat ex post distortion’ı uzatır	Dynamic trade-off
E-191	Economics / Econometrics	Learning spillover	Bir firmanın deneyimi başka firmaların future cost’unu da düşürür	Nonappropriable knowledge
E-192	Economics / Econometrics	Technology diffusion	Innovation bir anda herkese geçmez; adoption network/cost/information boyunca yayılır	Adoption friction
E-193	Economics / Econometrics	S-curve adoption	İlk adoption yavaş, social/scale feedback ile hızlı, saturation yakınında tekrar yavaş	Bounded population
E-194	Economics / Econometrics	Path dependence	Early random advantage future returns’ı değiştirip hangi technology’nin kazandığını kilitleyebilir	Increasing returns
E-195	Economics / Econometrics	QWERTY-type lock-in	Global olarak daha iyi alternative olsa bile switching/network costs incumbent standard’ı koruyabilir	Coordination + sunk adoption
E-196	Economics / Econometrics	General-purpose technology	Tek innovation birçok sector’un production possibility’sini değiştirir ama complementary adaptation zaman alır	Cross-sector complementarity
E-197	Economics / Econometrics	Productivity J-curve	Yeni technology ilk geldiğinde measured productivity düşebilir çünkü complementary intangible investment önce yapılır	Adjustment/reorganization
E-198	Economics / Econometrics	Vintage capital	Yeni machines farklı technology taşır; aggregate productivity installed vintages’ın mixture’ıdır	Embodied technology
E-199	Economics / Econometrics	Replacement cycle	Asset çalışıyor olsa bile new technology gap yeterince büyüyünce replacement optimal olur	Fixed replacement cost
E-200	Economics / Econometrics	Directed technical change	Innovation effort, hangi factor/market daha büyük reward veriyorsa o direction’a kayar	Endogenous R&D incentives
E-201	Economics / Econometrics	Pigouvian tax	Private decision dışarıya zarar veriyorsa karara o zarar kadar ek fiyat koy	Externality measurement
E-202	Economics / Econometrics	Cap-and-trade	Toplam quantity’yi sınırla, scarce kullanım haklarının kendi aralarında trade edilmesine izin ver	Enforceable cap
E-203	Economics / Econometrics	Tradable permit equalization	Farklı firms’ın marginal abatement costs permit trade ile eşitlenir	Competitive permit market
E-204	Economics / Econometrics	Double dividend	Distortion-correcting environmental tax’ın revenue’su başka distortion’ı azaltmak için kullanılabilir	Existing tax system
E-205	Economics / Econometrics	Rebound effect	Efficiency artınca kullanım ucuzlar; insanlar daha çok kullanıp beklenen saving’in bir kısmını geri alır	Demand response
E-206	Economics / Econometrics	Jevons paradox	Efficiency improvement bazı koşullarda total resource use’u azaltmak yerine artırabilir	Elastic demand/general equilibrium
E-207	Economics / Econometrics	Green paradox	Gelecekte sıkı carbon policy bekleyen resource owner extraction’ı bugüne çekebilir	Intertemporal extraction
E-208	Economics / Econometrics	Hotelling scarcity rent	Exhaustible stock’un shadow value’si zamanla opportunity return taşır	Depletable resource
E-209	Economics / Econometrics	Resource curse	Büyük resource income kurumlar/incentives/sector allocation üzerinden development’ı bozabilir	Institutional channels
E-210	Economics / Econometrics	Common-property overuse	Kullanıcı stock’un depletion cost’unun tamamını taşımadığı için fazla extraction yapar	Shared resource
E-211	Economics / Econometrics	Fishery maximum sustainable yield	Biological growth ile harvest’ı dengeleyerek sürdürülebilir extraction level ara	Renewable stock dynamics
E-212	Economics / Econometrics	Open-access fishery	Rent pozitif oldukça yeni effort girer; sonunda economic rent eriyebilir	Free entry
E-213	Economics / Econometrics	Demographic transition	Mortality düşüşü önce population growth’u artırır; fertility daha sonra düşer	Delayed behavioral adjustment
E-214	Economics / Econometrics	Malthusian mechanism	Productivity gain kısa vadede income artırır ama population response uzun vadede kişi başı gain’i eritir	Pre-modern demographic feedback
E-215	Economics / Econometrics	Quantity–quality tradeoff	Aile daha çok çocuk ile çocuk başına daha fazla yatırım arasında resource bölüştürür	Household budget
E-216	Economics / Econometrics	Skill-biased technical change	Technology bazı skill’lerin productivity’sini diğerlerinden daha çok artırır	Complementarity
E-217	Economics / Econometrics	Task displacement	Automation bütün occupation’ı değil belirli tasks’ı ikame eder	Task-based production
E-218	Economics / Econometrics	Task creation	New technology bazı tasks’ı yok ederken yeni human-comparative-advantage tasks yaratabilir	Endogenous task set
E-219	Economics / Econometrics	Spatial mismatch	Jobs ile workers geographic olarak ayrışınca unemployment yalnız skill değil distance/transport yüzünden artabilir	Mobility/friction
E-220	Economics / Econometrics	Agglomeration shadow	Daha büyük cluster productivity’yi artırırken rent/congestion da artırır; net benefit non-monotone olabilir	Local externalities
E-221	Economics / Econometrics	Taylor principle	Inflation yükselince nominal rate’i bundan daha fazla artır ki real rate de tightening yönünde gitsin	Monetary transmission
E-222	Economics / Econometrics	Liquidity trap	Nominal rate aşağı sınıra gelince daha fazla conventional rate cut yapılamaz	Effective lower bound
E-223	Economics / Econometrics	Forward-guidance channel	Bugünkü rate’i değil, gelecekteki policy path beklentisini değiştirerek bugünkü decisions’ı değiştir	Expectations
E-224	Economics / Econometrics	Expectations trap	Policy’nin gelecekte ne yapacağına dair belief bugünkü outcome’u değiştirip policy’yi o belief’e uymaya zorlayabilir	Self-confirming expectations
E-225	Economics / Econometrics	Inflation tax	Money balance tutanın purchasing power’ı inflation ile azalır	Nominal money
E-226	Economics / Econometrics	Seigniorage	Currency yaratma gücü issuer’a real resources transfer edebilir	Money demand
E-227	Economics / Econometrics	Currency attack	Reserve savunmasının biteceğine collective belief oluşunca herkes aynı anda currency’den çıkar ve reserve depletion hızlanır	Fixed/semi-fixed regime
E-228	Economics / Econometrics	Impossible trinity	Free capital flow, fixed exchange rate ve independent monetary policy’nin üçünü tam aynı anda tutamazsın	Open-economy arbitrage
E-229	Economics / Econometrics	Bank lending channel	Policy yalnız interest rate’i değil bankaların kredi verme kapasitesini de değiştirir	Bank-dependent borrowers
E-230	Economics / Econometrics	Collateral channel	Asset value düşer → borrowing capacity düşer → spending/investment düşer → asset value daha da etkilenir	Pledgeability
E-231	Economics / Econometrics	Delegation	Her kararı merkez çözmesin; local information taşıyan kişiye authority ver	Information distribution
E-232	Economics / Econometrics	Delegation loss	Local agent daha bilgili olabilir ama objective’i principal’dan farklıdır	Misaligned incentives
E-233	Economics / Econometrics	Span of control	Bir manager daha çok unit yönetince scale artar ama attention per unit düşer	Limited managerial capacity
E-234	Economics / Econometrics	Team production	Output ortak üretilince kimin ne kadar katkı yaptığını ayırmak zorlaşır	Joint production
E-235	Economics / Econometrics	Holmström team problem	Joint output üzerinden bireysel incentives vermek budget-balance ile çatışabilir	Hidden individual effort
E-236	Economics / Econometrics	Tournament incentives	Absolute output yerine diğerlerine göre rank için reward ver	Relative performance
E-237	Economics / Econometrics	Relative-performance filtering	Herkesi etkileyen common shock’u peers’in sonuçlarıyla karşılaştırıp individual performance’dan ayır	Shared shocks
E-238	Economics / Econometrics	Promotion tournament	Bir üst role çıkma ihtimali effort incentive yaratır	Discrete prize hierarchy
E-239	Economics / Econometrics	Internal labor market	Hiring/wages sadece spot market değil organization içi promotion ladders ve rules ile belirlenir	Firm-specific institutions
E-240	Economics / Econometrics	Unemployment-insurance search tradeoff	Insurance bad shock’u tamponlar ama job search urgency’sini de değiştirebilir	Search incentives
E-241	Economics / Econometrics	Hopenhayn firm dynamics	Productivity sürekli değişir; kötü firms çıkar, iyi firms büyür, yeni firms girer	Entry/exit + heterogeneous productivity
E-242	Economics / Econometrics	Productivity cutoff	Tek tek her firm için complex decision yerine bir threshold: altındaysan çık, üstündeysen devam et	Monotone value function
E-243	Economics / Econometrics	Selection through exit	Aggregate productivity sadece firm içi improvement’dan değil düşük-productivity firms’ın yok olmasından da artabilir	Entry/exit
E-244	Economics / Econometrics	Recruiting intensity	Firma yalnız vacancy sayısını değil, vacancy’yi ne kadar agresif doldurmaya çalışacağını da seçer	Search friction
E-245	Economics / Econometrics	Directed search	Worker rastgele her yere bakmaz; wage/job-finding probability trade-off’una göre hangi market’e bakacağını seçer	Search submarkets
E-246	Economics / Econometrics	On-the-job search	Match varken bile daha iyi match aramaya devam et	Search while employed
E-247	Economics / Econometrics	Job ladder	Workers zamanla worse matches’dan better matches’a offer geldikçe yukarı tırmanır	Employer heterogeneity
E-248	Economics / Econometrics	Probationary screening	İşe al ama hemen permanent commitment yapma; initial period’ı hidden match quality öğrenmek için kullan	Learning + firing option
E-249	Economics / Econometrics	Firing cost	Match kötüleşse bile termination’ın kendisi pahalıysa firm daha uzun süre tutar	Adjustment friction
E-250	Economics / Econometrics	Labor hoarding	Temporary downturn’da worker’ı çıkarıp sonra yeniden bulmak pahalıysa düşük utilization ile elde tut	Rehiring/training costs
E-251	Economics / Econometrics	Tax smoothing	Aynı government revenue’yu tek dönemde büyük distortion yerine zaman boyunca daha küçük distortions’a yay	Intertemporal public finance
E-252	Economics / Econometrics	Mirrlees taxation	Ability hidden olduğu için tax schedule hem redistribution yapmalı hem insanların effort/type revelation incentives’ını korumalı	Private productivity
E-253	Economics / Econometrics	Bunching at kink	Budget/tax rule slope’u bir noktada değişince heterogeneous people decision’larını o noktada yığabilir	Optimization around kink
E-254	Economics / Econometrics	Taxable-income elasticity	Tax rate değişince yalnız hours değil avoidance, timing, deductions dahil reported base değişir	Behavioral response
E-255	Economics / Econometrics	Tax salience	Aynı economic tax cost, daha görünür sunulursa behavior’ı daha çok etkileyebilir	Imperfect attention
E-256	Economics / Econometrics	Bracket creep	Nominal income inflation ile artarken tax thresholds sabit kalırsa real income artmadan effective tax yükselir	Nominal tax schedule
E-257	Economics / Econometrics	Sovereign default	Borcu ödemek ile reputation/market access kaybetmek arasında dynamic choice yap	Limited enforcement
E-258	Economics / Econometrics	Rollover crisis	Fundamental aynı kalsa bile investors yeni debt’i çevirmeyi reddederse old debt ödenemez hale gelebilir	Maturity/refinancing
E-259	Economics / Econometrics	Debt maturity tradeoff	Kısa debt sık repricing/refinancing getirir; uzun debt commitment sağlar ama future flexibility azaltır	Intertemporal borrowing
E-260	Economics / Econometrics	Fiscal dominance	Fiscal needs monetary authority’nin normal price-stability reaction’ını kısıtlayabilir	Consolidated government budget
E-261	Economics / Econometrics	Iceberg trade cost	Bir malın 1 birimini hedefe ulaştırmak için yola 1’den fazla birim çıkarmak gerekir; aradaki fark “erir”	Proportional trade friction
E-262	Economics / Econometrics	Gravity mechanism	Büyük ekonomik masses daha çok trade çeker; bilateral frictions trade’i azaltır	General-equilibrium trade
E-263	Economics / Econometrics	Multilateral resistance	İki ülke arasındaki trade yalnız birbirleri arasındaki cost’a değil, her ikisinin bütün alternative partners’a erişimine bağlı	Structural gravity
E-264	Economics / Econometrics	Home-market effect	Scale economy altında büyük local market bazı industries’i orantısız şekilde kendine çekebilir	Increasing returns + trade costs
E-265	Economics / Econometrics	Market-access effect	Bir location’ın değeri yalnız kendi talebinden değil yakın erişilebilir markets’in toplamından gelir	Spatial trade costs
E-266	Economics / Econometrics	Supplier-access effect	Firm, inputs/suppliers yakın ve çeşitli olduğunda production advantage kazanabilir	Intermediate-input linkage
E-267	Economics / Econometrics	Backward linkage	Firms büyük demand olan yere gider	Increasing returns/spatial mobility
E-268	Economics / Econometrics	Forward linkage	Workers/firms çok supplier/product variety bulunan yere çekilir	Price-index/input linkage
E-269	Economics / Econometrics	Core–periphery mechanism	Biraz concentration → daha iyi market/supplier access → daha çok concentration; dispersion forces buna karşı koyar	Mobility + scale economies
E-270	Economics / Econometrics	Iceberg asymmetry	Aynı physical route iki yönde ekonomik olarak aynı friction taşımak zorunda değildir	Direction-specific trade barriers
E-271	Economics / Econometrics	Comparative-advantage specialization	Absolute best olmasan bile relative opportunity cost düşük activity’de specialize et	Trade possibilities
E-272	Economics / Econometrics	Extensive margin of trade	Trade increase yalnız mevcut products’ın daha çok satılması değil, daha fazla product/firm’ın trade’e başlamasıyla gelebilir	Fixed export costs
E-273	Economics / Econometrics	Export cutoff	Productivity yeterince yüksek firm fixed export cost’u karşılayıp foreign market’e girer	Heterogeneous firms
E-274	Economics / Econometrics	Melitz selection	Trade opening güçlü firms’ın market share’ini büyütüp zayıfların çıkışını hızlandırabilir	Heterogeneous productivity
E-275	Economics / Econometrics	Trade diversion	Preferential agreement, en efficient world producer yerine agreement içindeki daha pahalı producer’a demand kaydırabilir	Tariff discrimination
E-276	Economics / Econometrics	Trade creation	Barrier azalınca expensive domestic production daha efficient partner imports ile yer değiştirebilir	Comparative costs
E-277	Economics / Econometrics	Urban bid-rent	Central access değerli olduğu için land users accessibility için daha fazla rent teklif eder	Spatial commuting/access
E-278	Economics / Econometrics	Commuting-cost gradient	Merkezden uzaklaştıkça cheaper land ile daha yüksek travel cost arasında trade-off oluşur	Monocentric/spatial model
E-279	Economics / Econometrics	Spatial sorting	Different household/firm types farklı location attributes’a farklı value verip space boyunca ayrışır	Heterogeneous preferences/productivity
E-280	Economics / Econometrics	Amenity capitalization	Bir location daha desirable olursa advantage’ın bir kısmı higher rent/land price içine gömülür	Mobile agents/housing supply
E-281	Economics / Econometrics	Risk pooling	Birçok independent-ish risk’i aynı havuza koy; herkesin aynı anda zarar görme ihtimali düşükse individual uncertainty azalır	Limited common shocks
E-282	Economics / Econometrics	Coinsurance	Loss’un tamamını insurer ödemesin; insured de bir kısmını taşısın ki behavior distortion azalsın	Moral hazard
E-283	Economics / Econometrics	Deductible	Küçük losses bireyde kalsın, büyük tail losses insurance’a geçsin	Contract threshold
E-284	Economics / Econometrics	Experience rating	Gelecekteki premium geçmiş claims behavior’ına bağlanınca bugün incentive değişir	Persistent type/action signal
E-285	Economics / Econometrics	Community rating	Individual risk differences premium’a tam yansıtılmasın	Redistribution/regulation
E-286	Economics / Econometrics	Risk adjustment	High-risk customers alan insurer cezalanmasın diye payment’i expected risk’e göre düzelt	Observable risk predictors
E-287	Economics / Econometrics	Reinsurance	Insurer kendi extreme tail risk’inin bir kısmını daha üst havuza aktarır	Layered risk transfer
E-288	Economics / Econometrics	Stop-loss contract	Aggregate loss belirli threshold’u geçince üst layer başka tarafça karşılanır	Tail protection
E-289	Economics / Econometrics	Catastrophe bond	Rare disaster olursa investor principal’ının bir kısmı insurer’a geçer; disaster olmazsa investor premium kazanır	Verifiable trigger
E-290	Economics / Econometrics	Incomplete contracts	Gelecekteki her contingency contract’a yazılamadığı için ownership residual control rights taşır	Noncontractibility
E-291	Economics / Econometrics	Property-rights allocation	Contract boşluklarında son sözü kim söylüyor sorusu ex ante investment incentives’ını değiştirir	Specific investment
E-292	Economics / Econometrics	Residual claimant	Extra output’un marginal gain’ini kim alıyorsa effort incentive ona göre değişir	Output ownership
E-293	Economics / Econometrics	Franchise contract	Brand/system merkezde kalırken local operator residual incentives taşır	Shared control
E-294	Economics / Econometrics	Vertical restraint	Upstream firm downstream behavior’ı price/territory/quantity rules ile şekillendirir	Vertical relation
E-295	Economics / Econometrics	Exclusive dealing	Buyer/seller başka partners’la trade etmeme sözü vererek investment koruyabilir veya entry’yi engelleyebilir	Contract enforcement
E-296	Economics / Econometrics	Most-favored-customer clause	Bir buyer’a gelecekte daha düşük fiyat verirsen eski buyer da o avantajı alır; future price flexibility azalır	Price commitment
E-297	Economics / Econometrics	Two-part tariff	Kullanım başına fiyat + access fee’yi ayırarak usage incentive ve surplus extraction’ı ayrı yönet	Market power
E-298	Economics / Econometrics	Nonlinear pricing	Quantity arttıkça marginal price değişecek şekilde contract design et	Hidden demand/type
E-299	Economics / Econometrics	Quantity discount	Daha fazla alana düşük unit price vererek self-selection veya scale response yarat	Demand heterogeneity
E-300	Economics / Econometrics	Ramsey pricing	Birkaç marketten fixed revenue toplarken demand’i daha az bozan yerlere daha çok markup yükle	Revenue constraint + elasticities
E-301	Economics / Econometrics	Relationship banking	Bank repeated interaction sayesinde public data’da olmayan borrower bilgisi biriktirir	Repeated lending
E-302	Economics / Econometrics	Soft information	Local/contextual bilgi kolayca sayıya veya merkezi database’e dönüştürülemez	Information transmission limits
E-303	Economics / Econometrics	Hard information	Standardized/verifiable bilgi organization içinde kolay taşınabilir	Codifiability
E-304	Economics / Econometrics	Bank monitoring	Lender borrower’ın hidden behavior/state’ini gözlemek için resource harcar	Delegated monitoring
E-305	Economics / Econometrics	Diamond delegated monitoring	Birçok saver borrower’ı ayrı ayrı izlemek yerine tek intermediary’nin monitoring’ine dayanır	Diversification + verification cost
E-306	Economics / Econometrics	Credit line	Borrower bugün cash almaz; gelecekte ihtiyaç olursa predetermined access hakkı satın alır	Commitment/liquidity insurance
E-307	Economics / Econometrics	Covenant	Loan devam ederken bazı observable state sınırları aşılırsa lender’ın control rights’ı değişir	Contractible signals
E-308	Economics / Econometrics	Covenant tripwire	Default’u beklemeden erken warning threshold’unda intervention hakkı doğar	Threshold contract
E-309	Economics / Econometrics	Collateral substitution	Borrower ödemezse lender cash flow yerine pledged asset’e geçer	Enforceable collateral
E-310	Economics / Econometrics	Haircut	Collateral’ın full market value’sini sayma; price uncertainty/liquidation risk için buffer bırak	Secured lending
E-311	Economics / Econometrics	Margin call	Collateral/value ratio threshold’u geçince borrower hemen equity/collateral eklemek zorunda	Mark-to-market constraint
E-312	Economics / Econometrics	Debt capacity	Future cash flows’un tamamı pledge edilemediği için borrowing upper bound oluşur	Limited enforcement
E-313	Economics / Econometrics	Seniority	Failure halinde bazı claims diğerlerinden önce ödeme hakkı taşır	Bankruptcy priority
E-314	Economics / Econometrics	Debt dilution	Yeni debt eski creditors’ın repayment pool’una ortak olup eski claims’in value’sini düşürebilir	Nonexclusive borrowing
E-315	Economics / Econometrics	Cross-default	Bir contract’taki default başka obligations’ı da otomatik trigger eder	Contract network
E-316	Economics / Econometrics	Netting	İki tarafın gross karşılıklı obligations’ını ayrı ayrı ödemek yerine farkını settle et	Enforceable offset
E-317	Economics / Econometrics	Central clearing	Bilateral obligations network’ünü central counterparty’ye yeniden bağla	Clearing institution
E-318	Economics / Econometrics	Mutualization of losses	Bir member failure’ının residual loss’unu başka members ortak fund üzerinden paylaşır	Default fund
E-319	Economics / Econometrics	Ring-fencing	Bir organization’ın belirli assets/liabilities bölümünü diğer bölümün failure’ından legal olarak ayır	Legal separability
E-320	Economics / Econometrics	Bankruptcy stay	Creditor’ların ayrı ayrı assets’e koşmasını geçici durdurup coordinated resolution’a zaman kazandır	Insolvency law
E-321	Economics / Econometrics	Durable-goods monopoly	Bugün yüksek fiyat koyarsan bekleyebilen buyers yarın daha düşük fiyat bekler; future pricing bugünkü demand’i değiştirir	Durable good + no commitment
E-322	Economics / Econometrics	Coase-conjecture mechanism	Seller future price cuts’a commit olamazsa waiting buyers monopoly power’ı eritebilir	Patient agents/rapid repricing
E-323	Economics / Econometrics	Planned obsolescence	Product lifetime’ı kısaltmak future replacement demand’i öne çekebilir	Durable goods/market power
E-324	Economics / Econometrics	Compatibility choice	Product’un başka systems’la çalışıp çalışmaması own demand kadar network size’ı da değiştirir	Network goods
E-325	Economics / Econometrics	Standardization	Farklı incompatible systems ortak interface’e geçince cross-user/network value artabilir	Coordination
E-326	Economics / Econometrics	Tying	Bir product’a access’i ikinci product alma şartına bağla	Market power/contractibility
E-327	Economics / Econometrics	Vertical foreclosure	Bir input/distribution channel’ını kontrol ederek rival’ın market access’ini kötüleştir	Vertical integration
E-328	Economics / Econometrics	Raising rivals’ costs	Rival’ı direkt çıkarmak yerine onun input/compliance/access maliyetini artır	Strategic market structure
E-329	Economics / Econometrics	Essential-facility bottleneck	Downstream competition çok olsa bile hepsinin geçmek zorunda olduğu tek infrastructure owner market power taşıyabilir	Nonduplicable bottleneck
E-330	Economics / Econometrics	Switching-cost harvesting	Customer lock-in olduktan sonra firm acquisition phase’den extraction phase’e geçebilir	Switching friction
E-331	Economics / Econometrics	Introductory pricing	Başta düşük fiyatla installed base oluştur; future switching/network effects daha sonra value yaratır	Dynamic customer value
E-332	Economics / Econometrics	Dynamic moral hazard	Bugünkü hidden action yalnız bugünkü outcome değil future state/continuation value’yu da değiştirir	Repeated contract
E-333	Economics / Econometrics	Relational contract	Court’a yazılamayan promises repeated future relationship’ın kaybedilmesi tehdidiyle uygulanır	Repeated interaction
E-334	Economics / Econometrics	Deferred compensation	Worker’ın reward’unun bir kısmını geleceğe taşıyarak early shirking/exit cost’u yükselt	Long-term employment
E-335	Economics / Econometrics	Backloaded incentive	Aynı total compensation’ın daha büyük kısmını future performance/survival’a bağla	Commitment/retention
E-336	Economics / Econometrics	Clawback	Önceden verilmiş reward, sonradan hidden bad outcome ortaya çıkarsa geri alınabilir	Verifiable later information
E-337	Economics / Econometrics	Renegotiation constraint	Bugün yazılan contract yarın tarafların ikisi de değiştirmek isteyecekse original incentive plan credible değildir	Future bargaining
E-338	Economics / Econometrics	Self-enforcing contract	Contract breach’in future relationship loss’u immediate deviation gain’den büyük olacak şekilde rule kur	Repetition
E-339	Economics / Econometrics	Trigger strategy	Bir violation görülene kadar cooperate et; violation sonrası behavior’ı keskin şekilde değiştir	Observable deviations
E-340	Economics / Econometrics	Reputation discipline	Bugünkü opportunistic gain future counterparties’in beliefs’ini bozup uzun-vade business kaybettirebilir	Repeated/observed interaction
E-341	Economics / Econometrics	Double auction	Buyers ve sellers aynı anda prices submit eder; market matching price/quantity üretir	Two-sided trading
E-342	Economics / Econometrics	Uniform-price auction	Birden fazla winner aynı clearing price öder	Multi-unit auction
E-343	Economics / Econometrics	Discriminatory auction	Her winner kendi bid’ine bağlı farklı price öder	Multi-unit allocation
E-344	Economics / Econometrics	Combinatorial auction	Value tek item’da değil item combinations’ında olabilir; packages üzerinden bid ver	Complementarity
E-345	Economics / Econometrics	Package bidding	A ve B birlikte değerli ama ayrı ayrı değersizse bidder parçalanma riskine karşı bundle bid verir	Nonadditive valuations
E-346	Economics / Econometrics	Exposure problem	Complementary items ayrı auctions’da alınıyorsa yalnız birini kazanıp işe yaramayan position’da kalabilirsin	Complementarity + decentralized auctions
E-347	Economics / Econometrics	Winner determination	Çok package bid içinden mutually compatible combination’ı seçerek total value maximize et	Combinatorial constraints
E-348	Economics / Econometrics	Virtual valuation	Buyer’ın raw willingness-to-pay’ini distribution + informational rent etkisini içeren transformed value’a çevir	Mechanism-design assumptions
E-349	Economics / Econometrics	Ironing	Raw incentive index monotone değilse implementable allocation için nonmonotone regions’ı flatten et	Incentive compatibility
E-350	Economics / Econometrics	Linkage principle	Seller, bidders’ın common-value information’ını daha fazla reveal edince winner’s-curse uncertainty azalabilir ve bids değişebilir	Affiliated/common values
E-351	Economics / Econometrics	Multihoming	Kullanıcı aynı anda birkaç platformda bulunabilir; winner-take-all pressure azalabilir	Low multi-platform cost
E-352	Economics / Econometrics	Single-homing	Bir side yalnız tek platform seçebiliyorsa o side’a erişim bottleneck haline gelebilir	Exclusive platform use
E-353	Economics / Econometrics	Platform interoperability	Bir network’e katılan user başka network users’ıyla da interact edebiliyorsa installed-base barrier zayıflar	Compatible interfaces
E-354	Economics / Econometrics	Platform envelopment	Bir platform başka platformun core functionality’sini kendi bundle’ına ekleyip shared users üzerinden entry yapar	Shared user base/complements
E-355	Economics / Econometrics	Cross-subsidization	Bir side’ı ucuz/bedava yapıp diğer side’daki value artışından revenue kazan	Cross-side externality
E-356	Economics / Econometrics	Financial-network clearing	Bir bankanın ödeyebileceği miktar başkalarından aldığı payments’a bağlı; bütün payment vector’ü birlikte solve et	Interlocking liabilities
E-357	Economics / Econometrics	Eisenberg–Noe clearing fixed point	Her node ya obligations’ı öder ya mevcut resources kadar öder; consistent payments mutual dependence altında fixed point oluşturur	Limited liability + priority/pro-rata structure
E-358	Economics / Econometrics	Default cascade	Bir node ödemez → creditor resources düşer → creditor da ödeme yapamaz hale gelebilir	Liability network
E-359	Economics / Econometrics	Payment gridlock	Her participant outgoing payment için incoming payment beklerse system solvent olsa bile transactions donabilir	Intraday liquidity/timing
E-360	Economics / Econometrics	Systemic importance by network position	Aynı-size institution farklı counterpart topology yüzünden çok farklı system-wide damage üretebilir	Network contagion
E-361	Economics / Econometrics	Median-voter mechanism	Tek boyutlu preference altında majority competition policies’i middle voter’ın ideal noktasına çekebilir	Single-peaked preferences
E-362	Economics / Econometrics	Condorcet cycle	Pairwise majority A’yı B’ye, B’yi C’ye, C’yi A’ya tercih edebilir; collective ranking döngüye girer	Multidimensional/general preferences
E-363	Economics / Econometrics	Agenda control	Voting outcome yalnız preferences’a değil seçeneklerin hangi sırayla oylamaya geldiğine de bağlı olabilir	Sequential collective choice
E-364	Economics / Econometrics	Logrolling	Actors farklı issues’da vote exchange ederek birbirlerinin yoğun preferences’ını destekler	Repeated/multi-issue voting
E-365	Economics / Econometrics	Common-agency lobbying	Bir policymaker birkaç organized group’tan aynı anda incentives/pressure alır	Multiple principals
E-366	Economics / Econometrics	Concentrated benefits, diffuse costs	Küçük group kişi başı büyük benefit için çok effort harcar; büyük public kişi başı küçük cost için organize olmaz	Collective-action asymmetry
E-367	Economics / Econometrics	Olson collective-action mechanism	Group büyüdükçe individual contribution’ın decisive etkisi azalır ve free-riding artabilir	Public/collective good
E-368	Economics / Econometrics	Veto-player mechanism	Policy change için birden fazla actor’un onayı gerekiyorsa status quo daha sticky olur	Institutional veto points
E-369	Economics / Econometrics	Policy gridlock	Her actor bazı changes’i veto edebilir; individually acceptable reform olsa bile common agreement bulunamayabilir	Heterogeneous preferences
E-370	Economics / Econometrics	Institutional complementarity	Bir rule’un değeri başka bir rule’un varlığına bağlı olabilir; institutions tek tek bağımsız değerlendirilemez	Complementary institutions
E-371	Economics / Econometrics	Institutional persistence	Rule ortadan kalksa bile ona göre kurulmuş organizations, skills ve expectations eski path’i sürdürür	Adjustment costs/path dependence
E-372	Economics / Econometrics	Extractive equilibrium	Control sahibi actor productive reform’dan social gain olsa bile kendi rent/control’u azalacaksa reformu engelleyebilir	Political rents
E-373	Economics / Econometrics	Commitment through institution	Future ruler’ın action set’ini constitution/rule/independent body ile bugünden sınırla	Institutional enforcement
E-374	Economics / Econometrics	Checks and balances	Tek actor’un action’ı başka independent actor’un approval/review’üne bağlanır	Separated authority
E-375	Economics / Econometrics	Fiscal common-pool problem	Her spending group full benefit’i alır ama funding cost’unu broader tax base’e yayar; aggregate spending aşırı büyür	Shared budget
E-376	Economics / Econometrics	Soft-state enforcement	Formal rule güçlü görünür ama expected enforcement düşükse actual behavior rule’a uymayabilir	Enforcement credibility
E-377	Economics / Econometrics	Corruption coordination	Herkes başkalarının corrupt olduğunu düşündüğünde clean behavior individual olarak daha maliyetli olabilir	Strategic complementarity
E-378	Economics / Econometrics	Informal institution	Written rule olmadan repeated expectations/social sanction stable behavior üretir	Social enforcement
E-379	Economics / Econometrics	State-capacity complementarity	Tax collection, information, enforcement ve public goods birbirini besleyerek high-capacity veya low-capacity equilibria yaratabilir	Institutional feedback
E-380	Economics / Econometrics	Fiscal-capacity investment	Government bugün collection/enforcement capacity’ye yatırım yapıp gelecekte daha büyük feasible revenue seti yaratır	Dynamic public investment
E-381	Economics / Econometrics	Present bias	Yakın gelecekteki bedel/ödülü uzak geleceğe göre orantısız güçlü ağırlıklandır	Quasi-hyperbolic preferences
E-382	Economics / Econometrics	Hyperbolic discounting	İki future date arasındaki preference, o dates bugüne yaklaştıkça tersine dönebilir	Time-inconsistent discounting
E-383	Economics / Econometrics	Preference reversal	Pazartesi “Cuma sabredeceğim” de; Cuma geldiğinde immediate option’u seç	Dynamic inconsistency
E-384	Economics / Econometrics	Sophisticated present bias	Future self’in sabırsız davranacağını bugünkü self önceden bilir ve ona göre plan yapar	Self-awareness
E-385	Economics / Econometrics	Naive present bias	Future self’in preferences’ının değişeceğini hesaba katma	Misforecasting own behavior
E-386	Economics / Econometrics	Commitment demand	Future choice freedom’ını bilinçli azaltmak bugünkü self için değerli olabilir	Self-control conflict
E-387	Economics / Econometrics	Temptation cost	Seçmediğin attractive option bile choice set’te bulunduğu için self-control maliyeti yaratabilir	Menu-dependent utility
E-388	Economics / Econometrics	Reference dependence	Outcome value’si absolute level’dan çok reference point’e göre gain/loss olmasına bağlıdır	Reference point
E-389	Economics / Econometrics	Loss aversion	Reference point’in altına düşmenin acısı eşit büyüklükte yukarı çıkmanın faydasından büyük olabilir	Prospect-type preferences
E-390	Economics / Econometrics	Endowment effect	Sırf sahip olmaya başladıktan sonra aynı object’ten vazgeçmek için istediğin bedel artabilir	Reference/ownership
E-391	Economics / Econometrics	Status-quo bias	Default/current state’den ayrılmanın subjective cost’u değişimi baskılar	Reference/default
E-392	Economics / Econometrics	Default effect	Choice architecture’daki preselected option behavior’ı güçlü biçimde yönlendirebilir	Inertia/inattention
E-393	Economics / Econometrics	Projection bias	Future tastes’in bugünkü tastes’e fazla benzeyeceğini varsay	State-dependent preferences
E-394	Economics / Econometrics	Habit formation	Geçmiş consumption bugünkü reference/need’i yükseltip aynı consumption’ın utility’sini değiştirebilir	Consumption memory
E-395	Economics / Econometrics	Rational addiction mechanism	Bugünkü consumption future desire/state’i güçlendirdiği için current and future demand complements olur	Habit stock dynamics
E-396	Economics / Econometrics	Ambiguity aversion	Probability’yi bilmediğin gamble, aynı expected payoff’lı known-risk gamble’dan daha kötü değerlendirilebilir	Unknown probability law
E-397	Economics / Econometrics	Salience weighting	Normalden çok farklı görünen attributes decision weight’ini orantısız artırabilir	Context-dependent attention
E-398	Economics / Econometrics	Mental accounting	Economic olarak fungible resources farklı mental buckets’a konunca aynı unit’in kullanım rule’u bucket’a göre değişir	Nonfungibility in cognition
E-399	Economics / Econometrics	Sunk-cost behavioral effect	Geri alınamayan geçmiş investment rationally irrelevant olsa da continuation decision’ını etkileyebilir	Behavioral departure
E-400	Economics / Econometrics	Escalation of commitment	Kötü project’e geçmiş investment/ego/information nedeniyle yeni resources koyarak çıkışı geciktir	Dynamic self-justification
E-401	Economics / Econometrics	Bayesian persuasion	State’i değiştiremezsin; receiver’ın state hakkında hangi bilgiyi göreceğini seçerek action’ını değiştir	Sender commitment to information structure
E-402	Economics / Econometrics	Bayes plausibility	Information design posterior beliefs yaratabilir ama posteriorların ortalaması prior’a geri dönmek zorunda	Bayesian consistency
E-403	Economics / Econometrics	Concavification in persuasion	Her posterior tek tek optimize etmek yerine sender payoff’unun feasible posterior mixtures altındaki en iyi convex combination’ını bul	Information design
E-404	Economics / Econometrics	Blackwell informativeness	Bir signal diğerinden yalnız ek noise/garbling ile üretilebiliyorsa ilk signal daha informative’dır	Experiments/signals
E-405	Economics / Econometrics	Garbling	Signal’a noise ekleyerek decision-maker’ın ayırt edebildiği states’i bilinçli azalt	Stochastic information channel
E-406	Economics / Econometrics	Cheap talk	Message’in direct cost/enforcement’i yok; credibility yalnız sender-receiver incentive alignment’dan çıkar	Nonbinding communication
E-407	Economics / Econometrics	Babbling equilibrium	Interests yeterince çatışıyorsa messages information taşımayabilir ve receiver onları ignore eder	Cheap-talk game
E-408	Economics / Econometrics	Crawford–Sobel partition	Full truth yerine sender state space’i coarse intervals’a bölüp hangi interval’da olduğunu informative biçimde söyleyebilir	Preference misalignment
E-409	Economics / Econometrics	Verifiable disclosure	Sender istediği evidence’ı saklayabilir ama gösterdiği evidence hakkında yalan söyleyemez	Verifiability
E-410	Economics / Econometrics	Disclosure unraveling	En iyi type kendini açıklar → onun disclosure’ı ikinci en iyiyi ayırır → süreç aşağı doğru çözülür	Ordered types + verifiable info
E-411	Economics / Econometrics	Costly state verification	Hidden outcome ancak audit cost’u ödenirse öğrenilebilir	Verification technology
E-412	Economics / Econometrics	Verification-triggered contract	Normal zamanda audit etme; reported outcome şüpheli/belirli region’a düşerse verification aç	Auditing costs
E-413	Economics / Econometrics	Certification	Informed third party hidden quality’yi standard signal’a dönüştürür	Credible certifier
E-414	Economics / Econometrics	Certification threshold	Quality ancak belirli minimumu aşınca certificate alır; continuous hidden state discrete observable’a dönüşür	Threshold standard
E-415	Economics / Econometrics	Strategic complements on networks	Komşular daha çok action yaptıkça benim action’ın return’ü de artar	Positive cross-effects
E-416	Economics / Econometrics	Strategic substitutes on networks	Komşular daha çok action yaptıkça benim action’ın return’ü azalır	Negative cross-effects
E-417	Economics / Econometrics	Bonacich network amplification	Bir node’un importance’ı yalnız direct neighbors değil neighbors’ın neighbors üzerinden feedback walks tarafından büyütülür	Linear network game
E-418	Economics / Econometrics	Key-player effect	Küçük görünen bir node’u kaldırmak, network complementarity nedeniyle aggregate action’ı disproportionate azaltabilir	Network strategic complements
E-419	Economics / Econometrics	Threshold social adoption	Kişi ancak yeterince komşusu davranışı seçtiyse kendisi de seçer	Local threshold
E-420	Economics / Econometrics	Schelling segregation mechanism	Individuals yalnız hafif local-composition preference taşısa bile repeated relocation güçlü global segregation üretebilir	Local relocation + neighborhood composition
E-421	Economics / Econometrics	Deposit insurance	Depositor bank failure riskini daha az taşır; run incentive azalır ama bank risk discipline’i de zayıflayabilir	Credible insurance
E-422	Economics / Econometrics	Lender of last resort	Solvent ama geçici illiquid institution’a emergency liquidity vererek forced liquidation cascade’ini durdur	Solvency distinguishable from liquidity
E-423	Economics / Econometrics	Bagehot mechanism	Crisis liquidity’sini geniş ver ama bad collateral/risk-taking’i sınırlamak için terms koy	Emergency lending
E-424	Economics / Econometrics	Liquidity transformation	Liquid short-term claims üretmek için illiquid long-term assets hold et	Maturity mismatch
E-425	Economics / Econometrics	Liquidity premium	Aynı expected cash flow’da kolayca satılabilir asset daha değerli olabilir	Trading friction
E-426	Economics / Econometrics	Market liquidity spiral	Price düşüşü → liquidity kötüleşmesi → leverage/inventory capacity düşüşü → daha fazla satış → daha düşük price	Funding–market feedback
E-427	Economics / Econometrics	Adverse-selection freeze	Quality uncertainty büyüdüğünde buyers good ve bad assets’i ayıramayıp market’ten tamamen çekilebilir	Asymmetric information
E-428	Economics / Econometrics	Market for lemons collapse	Average offer quality-sensitive sellers’ı kaçırdıkça remaining average quality düşer ve market unravel edebilir	Hidden quality
E-429	Economics / Econometrics	Flight to quality	Uncertainty yükselince investors risky assets’tan daha safe/liquid assets’e topluca kayar	Risk/ambiguity shock
E-430	Economics / Econometrics	Flight to liquidity	Fundamental quality aynı olsa bile trading ease kritik hale geldiğinde demand en liquid assets’e akar	Liquidity preference
E-431	Economics / Econometrics	Convenience yield	Bazı safe/liquid assets financial return dışında collateral/payment/liquidity service sağlar	Special asset services
E-432	Economics / Econometrics	Repo haircut spiral	Volatility yükselir → haircut artar → leverage azalır → asset satışları → volatility daha da artabilir	Secured wholesale funding
E-433	Economics / Econometrics	Dealer balance-sheet constraint	Arbitrage opportunity olsa bile intermediaries’in capital/inventory capacity’si fiyat farkını kapatmaya yetmeyebilir	Intermediary constraints
E-434	Economics / Econometrics	Limits to arbitrage	Mispricing görülebilir ama risk, financing veya horizon constraint yüzünden exploitable olmayabilir	Constrained arbitrageurs
E-435	Economics / Econometrics	Noise-trader risk	Irrational price distortion daha da büyüyebileceği için rational trader correction yaparken zarar görebilir	Finite horizon/risk
E-436	Economics / Econometrics	Slow-moving capital	Capital bir opportunity’den diğerine frictionless anında geçmez; temporary price wedges yaşayabilir	Reallocation frictions
E-437	Economics / Econometrics	Order-flow imbalance	Buy ve sell pressure eşit değilse dealer/inventory/price response ile quote hareket eder	Market microstructure
E-438	Economics / Econometrics	Price discovery	Birkaç venue’daki trades/common information zamanla tek latent value hakkında shared price oluşturur	Fragmented trading
E-439	Economics / Econometrics	Information share	Aynı asset birkaç venue’da trade ediyorsa hangi venue latent common price’a yeni bilgiyi önce ekliyor ölç	Cointegrated prices
E-440	Economics / Econometrics	Latency arbitrage	Aynı information farklı venues’a farklı hızda ulaştığında geçici stale quotes oluşabilir	Fragmented electronic market
E-441	Economics / Econometrics	Nash bargaining solution	Joint surplus var; anlaşmazlıkta herkesin ne alacağına göre surplus’u paylaş	Bargaining set + disagreement point
E-442	Economics / Econometrics	Rubinstein bargaining	Taraflar sırayla offer yapar; bekleme maliyeti/patience bargaining power’a dönüşür	Alternating offers
E-443	Economics / Econometrics	Outside option	Anlaşmazsan gidebileceğin alternatif ne kadar iyiyse minimum kabul edeceğin deal değişir	Credible alternative
E-444	Economics / Econometrics	Outside-option principle	Alternatif bazen sürekli bargaining share’i değiştirmez; yalnız agreement value onun altına düşecekken binding olur	Specific bargaining structures
E-445	Economics / Econometrics	Breakdown risk	Her bargaining delay’i negotiation’ın tamamen çökme ihtimalini artırıyorsa hızlı agreement değerlenir	Random breakdown
E-446	Economics / Econometrics	Bargaining delay as screening	Different types’ın waiting costs farklıysa delay itself hidden type hakkında bilgi çıkarabilir	Private information
E-447	Economics / Econometrics	Ultimatum rejection	Receiver düşük offer’ı kabul ederse positive payoff alacak olsa bile fairness/reference preference nedeniyle reddedebilir	Nonstandard preferences
E-448	Economics / Econometrics	Absolute-priority rule	Bankruptcy’de senior claims tamamen ödenmeden junior claims ödeme almamalı	Legal priority
E-449	Economics / Econometrics	Priority violation bargaining	Formal priority olsa bile reorganization sırasında junior claimant holdout/bargaining power ile value elde edebilir	Bankruptcy negotiation
E-450	Economics / Econometrics	Debt restructuring	Nominal claims’in timing/face value/interest terms’ini değiştirip total liquidation yerine viable continuation üret	Creditor coordination
E-451	Economics / Econometrics	Collective-action clause	Bondholders’ın qualified majority kararı minority holdouts’a da uygulanabilsin	Sovereign/corporate debt
E-452	Economics / Econometrics	Holdout creditor	Çoğunluk restructuring kabul etse bile tek creditor full payment talep ederek agreement’ı engelleyebilir	Unanimity/legal enforcement
E-453	Economics / Econometrics	Debt-equity swap	Fixed repayment obligation’ın bir kısmını state-contingent residual claim’e çevir	Restructuring
E-454	Economics / Econometrics	State-contingent debt	Repayment economic state’e göre otomatik değişsin	Verifiable state
E-455	Economics / Econometrics	Income-contingent repayment	Borrower’ın payment burden’ını current repayment capacity’ye bağla	Observable income
E-456	Economics / Econometrics	Information acquisition externality	Bir trader costly research yapınca yaptığı trades price’a information sokar ve free riders bundan yararlanabilir	Informational markets
E-457	Economics / Econometrics	Grossman–Stiglitz mechanism	Prices tüm information’ı bedava açığa çıkarırsa kimse bilgi toplamak için para harcamaz; bu yüzden perfectly informative equilibrium impossible olabilir	Costly information
E-458	Economics / Econometrics	Rational inattention channel capacity	Actor bütün signals’ı process edemez; limited information capacity’yi decision-relevant distinctions’a ayırır	Information cost
E-459	Economics / Econometrics	Disagreement trading	Aynı public data farklı beliefs/models nedeniyle farklı valuations üretip trade yaratabilir	Heterogeneous beliefs
E-460	Economics / Econometrics	No-trade theorem mechanism	Common prior + common knowledge + purely informational motives altında “sen benimle trade etmek istiyorsan bir şey biliyor olabilirsin” inference’ı trade’i çökertebilir	Strong common-knowledge assumptions
E-461	Economics / Econometrics	Revenue management	Sabit capacity’yi farklı zaman/değer müşterilerine hangi price/allocation ile satacağını optimize et	Perishable capacity
E-462	Economics / Econometrics	Yield management	Yüksek-value future customer ihtimali için bugünkü düşük-value demand’in bir kısmını reddet	Capacity reservation
E-463	Economics / Econometrics	Booking-limit policy	Düşük-fare class’a maximum slots koyup geri kalanı yüksek-fare arrivals için sakla	Sequential demand
E-464	Economics / Econometrics	Protection level	Future high-value demand için kaç unit capacity’nin korunacağını seç	Demand uncertainty
E-465	Economics / Econometrics	Overbooking	Bazı customers gelmeyecek diye physical capacity’den fazla reservation kabul et	No-show uncertainty
E-466	Economics / Econometrics	Overbooking tradeoff	Empty seat cost ile too-many-arrive compensation cost’unu karşılaştır	Random show-up
E-467	Economics / Econometrics	Dynamic pricing	Inventory/time/demand state değiştikçe aynı product’ın price’ını yeniden ayarla	State-dependent demand
E-468	Economics / Econometrics	Strategic waiting	Customer future markdown bekliyorsa bugünkü demand’i erteler	Forward-looking buyers
E-469	Economics / Econometrics	Markdown pricing	Deadline yaklaşıp unsold inventory değeri düşerken price’ı aşamalı azalt	Perishable inventory
E-470	Economics / Econometrics	Price skimming	Early high-WTP customers’a yüksek fiyatla sat; daha sonra price düşürüp lower-WTP demand’e açıl	Intertemporal segmentation
E-471	Economics / Econometrics	Penetration pricing	Initial low price ile installed base/learning/network oluşturup future value kazan	Dynamic scale/network effects
E-472	Economics / Econometrics	Clearance externality	Bugün fazla inventory tutmak future forced markdown probability’sini artırır	Inventory dynamics
E-473	Economics / Econometrics	Stockout substitution	Preferred product yoksa customer başka product’a kayabilir; bir item’ın inventory kararı diğerinin demand’ini değiştirir	Substitutable products
E-474	Economics / Econometrics	Demand cannibalization	Yeni product sales’in bir kısmını competitor’dan değil kendi old product’ından çeker	Product portfolio
E-475	Economics / Econometrics	Versioning	Aynı temel product’ın quality/features’ını değiştirerek different willingness-to-pay groups’ı self-select ettir	Screening
E-476	Economics / Econometrics	Damaged goods strategy	High-quality product’ı bilerek sınırlayıp cheaper version yaratmak segmentation’ı mümkün kılabilir	Market power + unverifiable type
E-477	Economics / Econometrics	Sales/promotions equilibrium	Regular high price ile temporary discounts arasında cycling, heterogeneous consumer search/storage behavior’ından çıkabilir	Search/inventory consumers
E-478	Economics / Econometrics	Price dispersion	Identical product aynı anda farklı sellers’da farklı prices taşıyabilir çünkü search perfect değildir	Consumer search friction
E-479	Economics / Econometrics	Search reservation price	Consumer observed offer yeterince düşükse search’ü bırak; değilse yeni seller araştır	Search cost
E-480	Economics / Econometrics	Diamond search paradox	Minicik positive search cost bile bazı settings’de consumers’ın hiç search etmemesine ve monopoly-like price’a yol açabilir	Sequential price search
E-481	Economics / Econometrics	Covered interest parity	Aynı future currency payoff’u iki farklı route’dan kurabiliyorsan no-arbitrage onların locked-in returns’ını eşitler	Forward market + funding access
E-482	Economics / Econometrics	Uncovered interest parity	Higher nominal interest currency’nin expected depreciation ile offset olması gerekir benchmark’ını kur	Expectations + risk conditions
E-483	Economics / Econometrics	Cross-currency basis	CIP route’ları tam eşit değilse funding/balance-sheet frictions persistent wedge bırakabilir	Intermediary constraints
E-484	Economics / Econometrics	Carry trade	Higher-yield currency borrow/lend relation expected depreciation ile tam offset olmuyorsa systematic return exposure oluşabilir	Exchange-rate risk
E-485	Economics / Econometrics	Peso problem	Sample’da henüz görülmeyen rare disaster ihtimali observed average returns’ı misleading gösterebilir	Rare latent state
E-486	Economics / Econometrics	Original sin	Borrower kendi currency’sinde uzun-vadeli dış borçlanamıyorsa foreign-currency debt taşımaya zorlanabilir	Currency of denomination
E-487	Economics / Econometrics	Currency mismatch	Assets/income bir currency’de, liabilities başka currency’deyse exchange-rate move net worth’ü değiştirir	Balance sheet
E-488	Economics / Econometrics	Balance-sheet depreciation effect	Currency depreciation exports’ı destekleyebilir ama foreign-currency debt yükünü aynı anda büyütüp demand’i düşürebilir	Liability denomination
E-489	Economics / Econometrics	Sudden stop	Foreign capital inflow gradual azalmak yerine çok kısa sürede büyük ölçüde kesilebilir	External financing
E-490	Economics / Econometrics	Capital-flow reversal	Önceden net inflow olan system kısa sürede net outflow’a dönebilir	Mobile capital
E-491	Economics / Econometrics	Sovereign–bank doom loop	Banks sovereign debt taşır; sovereign zayıflayınca banks zayıflar; banks rescue ihtiyacı sovereign’i daha da zayıflatır	Balance-sheet linkage
E-492	Economics / Econometrics	Home bias	Diversification faydalı olsa da investors domestic assets’i disproportionate tutabilir	Information/institution/currency frictions
E-493	Economics / Econometrics	Safe-asset shortage	Global demand güvenli/liquid claims için supply’dan hızlı büyürse safe yields düşer ve financial structure değişir	Limited safe collateral
E-494	Economics / Econometrics	Global financial cycle	Domestic conditions yalnız local policy’ye değil global risk appetite/funding conditions’a ortak biçimde bağlanabilir	Cross-border finance
E-495	Economics / Econometrics	Dollar funding squeeze	Institution assets olarak solvent görünse bile required funding currency’ye erişemiyorsa forced deleveraging yaşayabilir	Currency-specific liquidity
E-496	Economics / Econometrics	Currency-specific collateral constraint	Total collateral yeterli olabilir ama accepted currency/collateral form yanlışsa funding alınamayabilir	Pledgeability + denomination
E-497	Economics / Econometrics	Reserve accumulation as self-insurance	Country costly reserves tutarak future external funding stop karşısında liquid buffer biriktirir	Foreign-currency reserve asset
E-498	Economics / Econometrics	Macroprudential capital-flow wedge	Private borrowing’ın system-wide external riskini fiyatlamak için inflow/outflow incentives’a ekstra wedge koy	Systemic externality
E-499	Economics / Econometrics	Sterilized intervention	Central bank FX asset alıp domestic money effect’ini ayrı operation ile offset etmeye çalışır	Separate balance-sheet instruments
E-500	Economics / Econometrics	Exchange-rate pass-through	Currency price değişiminin imported/local consumer prices’a ne kadarı ve ne hızla geçtiğini ayır	Pricing currency/contracts/competition
E-501	Economics / Econometrics	Leontief input complementarity	Output için A ve B birlikte gerekiyorsa fazla A, eksik B’yi telafi edemez	Near-zero substitution
E-502	Economics / Econometrics	Input–output multiplier	Bir sector’un output’u başkasının input’uysa direct demand/supply change birkaç production round’u boyunca tekrar yayılır	Intermediate-input network
E-503	Economics / Econometrics	Upstream supply-shock propagation	Supplier daha az üretir → customer input kaybeder → customer output düşer → onun customers’ı da etkilenir	Directed production links
E-504	Economics / Econometrics	Downstream demand propagation	Customer demand düşer → supplier orders düşer → supplier kendi suppliers’ından daha az alır	Upstream response to demand
E-505	Economics / Econometrics	Production-network amplification	Local shock network feedback ve input dependencies yüzünden initial direct impact’tan büyük aggregate effect üretebilir	Input-output architecture
E-506	Economics / Econometrics	Input specificity	Bir supplier’ın input’u kolay değiştirilemiyorsa onun shock’u customer’da çok daha güçlü loss yaratır	Low substitutability
E-507	Economics / Econometrics	Supplier diversification	Aynı required input birkaç independent source’dan alınırsa tek supplier failure’ın etkisi azalır	Multiple available suppliers
E-508	Economics / Econometrics	Multisourcing redundancy	Normal zamanda redundant görünen parallel suppliers failure zamanında substitute capacity sağlar	Spare sourcing capacity
E-509	Economics / Econometrics	Supplier concentration risk	Input procurement birkaç supplier’a yoğunlaşırsa idiosyncratic supplier shock system-level importance kazanır	Concentrated sourcing
E-510	Economics / Econometrics	Just-in-time fragility	Inventory çok küçültülürse ordinary carrying cost düşer fakat delivery interruption’a reaction time da küçülür	Low inventories
E-511	Economics / Econometrics	Inventory shock buffer	Upstream flow kesildiğinde stored input production’ı bir süre devam ettirip propagation’ı geciktirir	Finite stocks
E-512	Economics / Econometrics	Supplier-switching friction	Alternative supplier var olsa bile qualification, tooling, contracts veya information yüzünden hemen geçilemeyebilir	Adjustment delay
E-513	Economics / Econometrics	Input substitution elasticity	Bir input pahalı/eksik olduğunda production başka input composition’a ne kadar kayabilir?	Technology
E-514	Economics / Econometrics	Bottleneck-input mechanism	Çok input bol olsa bile tek indispensable input eksikse total production onun availability’siyle sınırlanır	Strong complementarity
E-515	Economics / Econometrics	Granular origin of aggregate fluctuations	Çok büyük/central individual firms varsa idiosyncratic firm shocks averaging-out olmak yerine aggregate economy’de görünür kalabilir	Fat-tailed firm size/network influence
E-516	Economics / Econometrics	Network-centrality amplification	Aynı-size iki firmden daha upstream/central olanın shock’u daha fazla downstream paths’e ulaşabilir	Network position
E-517	Economics / Econometrics	Trade-credit propagation	Supplier customer’a ödeme zamanı tanır; customer distress’i unpaid receivable üzerinden supplier balance sheet’ine geri taşınır	Interfirm credit
E-518	Economics / Econometrics	Working-capital amplification	Firm input için bugün cash ödeyip output’tan daha sonra cash alıyorsa liquidity loss production capacity’yi düşürür	Financing gap
E-519	Economics / Econometrics	Shortage rationing	Supply herkese yetmiyorsa allocation rule kimin production’ının duracağını ve shock’un hangi paths’ten yayılacağını belirler	Scarce intermediate input
E-520	Economics / Econometrics	Endogenous network rewiring	Shock sonrası firms supplier/customer links’ini değiştirerek network topology’sini kendisi dönüştürür	Search/switching costs
E-521	Economics / Econometrics	Taste-based discrimination	Employer/coworker/customer belirli worker type ile interaction’a subjective extra cost koyar	Preference-based discrimination
E-522	Economics / Econometrics	Statistical discrimination	Individual productivity tam bilinmiyorsa employer group-level information’ı individual hakkında proxy olarak kullanır	Imperfect information
E-523	Economics / Econometrics	Employer learning	Worker hakkında başlangıçta noisy signal kullan; zamanla actual performance observations geldikçe belief’i güncelle	Repeated employment
E-524	Economics / Econometrics	Credential-weight decay	Early career’da observable credential güçlü proxy olabilir; direct productivity evidence geldikçe credential weight azalabilir	Employer learning
E-525	Economics / Econometrics	Public employer learning	Bir employer’ın öğrendiği productivity information marketteki diğer employers’a da görünür hale gelir	Portable/public performance signal
E-526	Economics / Econometrics	Private employer learning	Current employer worker hakkında outsiders’dan daha fazla bilgi biriktirir	Asymmetric employer information
E-527	Economics / Econometrics	Wage compression under private information	Outside firms worker quality’yi tam ayıramazsa very productive worker’ın outside offer’ı true productivity kadar hızlı yükselmeyebilir	Private learning
E-528	Economics / Econometrics	Statistical-discrimination feedback	Group hakkında pessimistic belief → daha az opportunity/investment → daha az observed performance → initial belief’in persist etmesi	Endogenous human-capital response
E-529	Economics / Econometrics	Occupational sorting	Workers productivity kadar preferences/amenities ve comparative advantage nedeniyle different occupations’a self-select eder	Heterogeneous workers/jobs
E-530	Economics / Econometrics	Compensating wage differential	Daha kötü/risky job amenity kabul ettirmek için wage’nin daha yüksek olması gerekebilir	Worker amenity preferences
E-531	Economics / Econometrics	Hedonic wage equilibrium	Job bundles wage + risk + flexibility + location gibi attributes kombinasyonları olarak price edilir	Worker–firm sorting
E-532	Economics / Econometrics	Risk–wage tradeoff	Greater workplace risk, workers riskten kaçınıyorsa equilibrium’da higher pay gerektirebilir	Risk perception/market equilibrium
E-533	Economics / Econometrics	Amenity capitalization into wages	Better nonwage amenity worker için değerliyse firms daha düşük monetary wage ile recruit edebilir	Competitive sorting
E-534	Economics / Econometrics	Employer-provided training investment	Firm bugün worker productivity’ye yatırım yapar; benefit future employment relation devam ederse geri kazanılır	Training + retention
E-535	Economics / Econometrics	General training problem	Skill başka firms’de de değerliyse worker ayrılabilir; investing firm return’ü capture edemeyebilir	Transferable human capital
E-536	Economics / Econometrics	Firm-specific human capital	Skill current match içinde daha değerliyse separation iki taraf için productive capital destruction yaratır	Match specificity
E-537	Economics / Econometrics	Noncompete retention mechanism	Worker’ın competitors’a geçiş option’ını sınırlayarak firm-specific investment appropriation’ını artırabilir ama mobility’yi düşürür	Enforceable mobility restriction
E-538	Economics / Econometrics	Wage-posting dispersion	Similar workers identical-looking jobs’da bile search frictions yüzünden different posted wages görebilir	Imperfect job search
E-539	Economics / Econometrics	Monopsony wage markdown	Worker outside options’a kolay geçemiyorsa employer marginal productivity’nin altında wage ödeyebilir	Upward-sloping labor supply to firm
E-540	Economics / Econometrics	Quit-elasticity discipline	Wage düşürdüğünde workers hızla ayrılıyorsa employer wage-setting power zayıf; ayrılmıyorsa power güçlenir	Mobility/search frictions
E-541	Economics / Econometrics	Mortgage amortization	Fixed payment’ın composition’ı zamanla interest-heavy’den principal-heavy’ye kayar	Long-term installment debt
E-542	Economics / Econometrics	Mortgage prepayment option	Borrower scheduled maturity’yi beklemeden debt’i par’dan kapatabilir	Callable-by-borrower debt
E-543	Economics / Econometrics	Refinancing option	Market borrowing rate sufficiently düşünce old mortgage’u kapatıp yeni cheaper loan açmak değerli hale gelir	Transaction/refinancing costs
E-544	Economics / Econometrics	Refinancing threshold	Rate biraz düştü diye hemen refinance etme; fixed cost nedeniyle gain belirli threshold’u aşmalı	Option exercise cost
E-545	Economics / Econometrics	Mortgage rate lock-in	Existing mortgage rate market rate’den çok düşükse house değiştirmek/refinance etmek valuable cheap debt’i kaybettirir	Nonportable mortgage
E-546	Economics / Econometrics	Prepayment burnout	Refinance incentive’e en responsive borrowers erken çıkınca remaining pool giderek daha inert hale gelir	Borrower heterogeneity
E-547	Economics / Econometrics	Negative convexity	Rates düşünce borrowers prepay edip upside duration’ı kısaltır; rates yükselince prepayment düşüp downside duration uzar	Embedded borrower option
E-548	Economics / Econometrics	Extension risk	Rates yükselince expected mortgage maturity uzar çünkü borrowers düşük-rate debt’i kapatmaz	Fixed-rate mortgage
E-549	Economics / Econometrics	Contraction risk	Rates düşünce refinancing/prepayment hızlanır ve expected maturity kısalır	Prepayable mortgage
E-550	Economics / Econometrics	Negative equity	Mortgage balance house value’yu aşarsa selling/refinancing option set’i daralır	Collateralized debt
E-551	Economics / Econometrics	Double-trigger mortgage default	Negative equity tek başına yeterli olmayabilir; income/job shock ile birleşince default probability keskin artar	Household liquidity + collateral
E-552	Economics / Econometrics	Strategic mortgage default	Borrower ödeme kapasitesi olsa bile sufficiently deep negative equity altında walk-away option’ını kullanabilir	Recourse/default costs
E-553	Economics / Econometrics	Foreclosure externality	Foreclosed property nearby prices/neighborhood condition üzerinden başkalarının collateral values’ını da azaltabilir	Spatial housing market
E-554	Economics / Econometrics	Mortgage insurance	Low borrower equity’den doğan lender credit riskinin bir kısmını insurer’a aktar	Insurable mortgage loss
E-555	Economics / Econometrics	Mortgage securitization	Birçok mortgages’i pool edip loan cash flows’u tradable securities’e dönüştür	Pooling + legal transfer
E-556	Economics / Econometrics	Mortgage pass-through	Underlying principal/interest/prepayments security holders’a approximately pro rata akar	Pooled mortgages
E-557	Economics / Econometrics	Prepayment-risk redistribution	Same mortgage pool cash flows’unu different claims’e ayırarak some investors’a more/less prepayment exposure ver	Structured MBS
E-558	Economics / Econometrics	Interest-only strip	Mortgage pool’dan mainly interest cash flows alan claim prepayment hızlanınca future interest kaybeder	Structured MBS
E-559	Economics / Econometrics	Principal-only strip	Mainly principal cash flows alan claim early prepayment’dan farklı biçimde faydalanabilir	Structured MBS
E-560	Economics / Econometrics	Servicing-right duration mechanism	Servicer future fee stream’i loan outstanding kaldığı sürece alır; prepayment/default hızlanınca servicing asset’in expected life/value’si düşer	Mortgage servicing
E-561	Economics / Econometrics	Risk-weighted capital requirement	Bank assets’i estimated risk’e göre weight et; riskier portfolio için daha fazla loss-absorbing equity iste	Regulatory risk weights
E-562	Economics / Econometrics	Leverage-ratio backstop	Risk modeline bakmaksızın gross exposure başına minimum capital koy	Model-independent balance-sheet constraint
E-563	Economics / Econometrics	Capital conservation buffer	Minimum capital’ın üstünde extra cushion tut; cushion erirse dividends/buybacks gibi distributions kısıtlansın	Bank capital
E-564	Economics / Econometrics	Countercyclical capital buffer	System-wide credit/risk build-up döneminde extra capital biriktir; stress geldiğinde buffer serbest bırakılabilir	Macroprudential cycle
E-565	Economics / Econometrics	Systemic-risk surcharge	Failure’ı daha büyük system-wide damage üretecek institution’a daha fazla loss-absorption requirement koy	Systemic importance
E-566	Economics / Econometrics	Liquidity Coverage Ratio	Short stress horizon’da expected cash outflows’u karşılayacak yeterli high-quality liquid asset tut	30-day liquidity stress
E-567	Economics / Econometrics	Net Stable Funding Ratio	Uzun-lived assets’i çok kısa/unstable funding ile finanse etme; funding maturity’yi asset structure’a yaklaştır	Structural funding
E-568	Economics / Econometrics	Large-exposure limit	Tek counterparty’ye exposure aşırı büyümesin; one-name failure bank capital’ını yıkmasın	Concentration constraint
E-569	Economics / Econometrics	Regulatory stress test	Normal-time balance sheet’i severe hypothetical scenarios’dan geçir; losses sonrası capital yeterli mi bak	Scenario-dependent resilience
E-570	Economics / Econometrics	Pillar-2 capital add-on	Standard formula’nın yakalayamadığı institution-specific risks için supervisor extra requirement koy	Supervisory judgment
E-571	Economics / Econometrics	Risk-weight arbitrage	Economic risk aynı kalırken assets’i lower regulatory weight alan form/category’ye taşı	Rule-sensitive balance sheet
E-572	Economics / Econometrics	Internal-model gaming	Regulatory constraint model output’una bağlıysa institution reported/measured risk’i azaltacak modeling choices seçebilir	Endogenous risk measurement
E-573	Economics / Econometrics	Regulatory perimeter migration	Strictly regulated activity economic function’ı değiştirmeden less-regulated entity/channel’a taşınabilir	Uneven regulation
E-574	Economics / Econometrics	Shadow-banking maturity transformation	Bank dışı intermediary short/redeemable claims verip less-liquid assets hold ederek bank-benzeri run exposure yaratabilir	Nonbank finance
E-575	Economics / Econometrics	First-mover advantage in open-ended funds	Early redeemer liquidation cost’unun tamamını taşımıyorsa diğer investors’dan önce çıkma incentive’ı doğar	Redeemable pooled assets
E-576	Economics / Econometrics	Swing pricing	Large redemption/subscription’ın transaction/liquidity cost’unu fund NAV adjustment ile işlem yapan investors’a yükle	Open-ended funds
E-577	Economics / Econometrics	Redemption gate	Extreme outflow sırasında withdrawals’ı geçici sınırla; forced-sale spiral’ı kesmeye çalış	Contractual redemption restriction
E-578	Economics / Econometrics	Bail-in	Failed bank losses’ını taxpayer bailout yerine specified creditors’ claims’ini write-down/equity conversion ile absorb ettir	Resolution hierarchy
E-579	Economics / Econometrics	TLAC/MREL loss-absorbing debt	Normal zamanda debt gibi duran ama resolution’da equity/write-down’a çevrilebilecek prepositioned claims tut	Resolvable bank structure
E-580	Economics / Econometrics	Bridge-bank mechanism	Critical functions’ı failed legal entity’de bırakma; temporarily solvent operational vehicle’a transfer edip service continuity koru	Bank resolution
E-581	Economics / Econometrics	Calvo price adjustment	Her period yalnız random subset firms price değiştirme şansı bulur	Time-dependent nominal rigidity
E-582	Economics / Econometrics	Taylor staggered contracts	Prices/wages preset contract intervals’ında farklı cohorts tarafından farklı zamanlarda reset edilir	Deterministic staggering
E-583	Economics / Econometrics	Time-dependent pricing	Price adjustment zamanı current economic state’e değil takvime bağlıdır	Exogenous adjustment clock
E-584	Economics / Econometrics	State-dependent pricing	Price gap sufficiently costly hale geldiğinde firm adjustment yapar	Endogenous adjustment timing
E-585	Economics / Econometrics	Selection effect in repricing	Shock sonrası average price change yalnız her changer’ın amount’ından değil özellikle en yanlış-priced firms’in adjustment’a seçilmesinden gelir	State-dependent selection
E-586	Economics / Econometrics	Extensive margin of price adjustment	Aggregate adjustment’ın ne kadarı “kaç firma price değiştirdi?” üzerinden geliyor?	Adjustment frequency
E-587	Economics / Econometrics	Intensive margin of price adjustment	Price değiştiren firms ne kadar büyük change yapıyor?	Adjustment size
E-588	Economics / Econometrics	Reference-price rigidity	Weekly transaction prices sık oynasa bile underlying commonly used/reference price çok daha seyrek değişebilir	Sales/reference distinction
E-589	Economics / Econometrics	Temporary-sales mechanism	Observed price kısa süre düşüp geri dönebilir; bunu persistent reset ile aynı sayma	Transitory promotions
E-590	Economics / Econometrics	Strategic complementarity in pricing	Rakiplerin prices’i yavaş değişiyorsa benim desired price adjustment’ım da küçülebilir	Interdependent markups/demand
E-591	Economics / Econometrics	Real rigidity	Nominal adjustment mümkün olsa bile relative-price/markup incentives desired real adjustment’ı küçük tutar	Strategic/compositional incentives
E-592	Economics / Econometrics	Sticky-information pricing	Firm price değiştirebilir ama current macro information’ı her period güncellemez	Infrequent information updating
E-593	Economics / Econometrics	Inattentive repricing	Physical price-change cost değil information acquisition/processing friction adjustment’ı geciktirir	Limited attention
E-594	Economics / Econometrics	Monetary non-neutrality from nominal rigidity	Nominal spending değişir ama prices/wages hemen uyum sağlamazsa quantities/output kısa vadede hareket eder	Sticky nominal contracts
E-595	Economics / Econometrics	New-Keynesian Phillips mechanism	Current inflation, real marginal pressure ve expected future inflation’ın joint result’ı olur	Forward-looking staggered pricing
E-596	Economics / Econometrics	Expectation channel of price setting	Firm yalnız current cost’a değil future desired prices/costs hakkında expectation’a göre bugünkü reset price’ı seçer	Forward-looking contracts
E-597	Economics / Econometrics	Unexpected-inflation debt redistribution	Nominal debt önceden fixed ise unanticipated inflation real repayment burden’ını borrower’dan creditor’a doğru değiştirir	Nominal contracts
E-598	Economics / Econometrics	Monetary-policy cash-flow channel	Interest-rate change borrowing cost veya asset income’ı değiştirip current spendable cash flow’u etkiler	Interest-sensitive balance sheets
E-599	Economics / Econometrics	Floating-rate repricing channel	Policy rates değişince floating-rate debt payments kısa sürede reset olur	Variable-rate contracts
E-600	Economics / Econometrics	Fixed-rate insulation/delayed-transmission channel	Existing fixed-rate borrowers immediate rate shock’tan korunur; transmission mainly refinancing/new borrowing zamanı gelir	Fixed-rate debt maturity
E-601	Economics / Econometrics	Alonso monocentric-city equilibrium	Jobs center’da; household distance seçerken cheap land ile expensive commuting arasında trade-off yapar	Single employment center
E-602	Economics / Econometrics	Urban land-rent gradient	Center’a yaklaştıkça commute saving büyüdüğü için land için willingness-to-pay yükselir	Commuting cost
E-603	Economics / Econometrics	Endogenous city fringe	Land rent urban use value’dan agricultural/outside value’ya düştüğü yerde city biter	Alternative land use
E-604	Economics / Econometrics	Urban density gradient	Expensive central land households/developers’ı land’i daha intensive kullanmaya iter	Housing/land substitution
E-605	Economics / Econometrics	Housing capital–land substitution	Land pahalı olduğunda aynı housing service’i daha fazla structure/capital ve daha az land ile üret	Housing production technology
E-606	Economics / Econometrics	Building-height response	Central land value yükseldiğinde vertical construction ekonomik hale gelebilir	Construction technology
E-607	Economics / Econometrics	Transport-cost city expansion	Commuting cheaper hale gelirse farther locations feasible olur ve city spatially genişleyebilir	Transport technology
E-608	Economics / Econometrics	Urban decentralization	Transport/communication friction düşünce employment/residence center’dan dışarı kayabilir	Falling spatial friction
E-609	Economics / Econometrics	Endogenous subcenter formation	Peripheral activity enough scale kazanınca yalnız CBD’ye bağlı olmayan secondary employment center oluşabilir	Agglomeration vs commuting
E-610	Economics / Econometrics	Polycentric equilibrium	Birkaç employment center land rents ve commute flows’u birlikte şekillendirir	Multiple centers
E-611	Economics / Econometrics	Spatial equilibrium utility equalization	Mobile households different locations’da rent, wage, amenity ve commuting differences sonrası aynı utility’ye doğru arbitrage eder	Mobility
E-612	Economics / Econometrics	Local productivity capitalization	Daha productive location’ın benefit’i yalnız wage’de kalmayıp land/rent prices’a da geçebilir	Limited land supply
E-613	Economics / Econometrics	Local amenity–migration adjustment	Amenity iyileşir → migration gelir → rent yükselir → direct utility gain’in bir kısmı land value’ya gider	Mobile residents
E-614	Economics / Econometrics	Housing filtering	Housing stock yaşlandıkça relative quality/value düşer ve different income groups’a geçebilir	Durable housing
E-615	Economics / Econometrics	Housing-stock durability	Demand düşse bile buildings anında yok olmaz; quantity adjustment downward yavaş olur	Durable capital
E-616	Economics / Econometrics	Construction lag	Housing demand yükselse de new supply planning/building delay nedeniyle hemen yetişmez	Time-to-build
E-617	Economics / Econometrics	Redevelopment option	Existing low-intensity building’i bugün yıkmak yerine future land value yeterince yükselene kadar beklemek optimal olabilir	Irreversible rebuilding
E-618	Economics / Econometrics	Land assembly holdout	Redevelopment için birkaç adjacent parcel’ın hepsi gerekiyorsa tek owner project surplus’ının büyük kısmını talep edebilir	Complementary parcels
E-619	Economics / Econometrics	Zoning-induced scarcity	Allowed density/use sınırı market demand’in istediği construction’ı engellerse land/housing scarcity rent’i doğabilir	Regulatory land-use constraint
E-620	Economics / Econometrics	Urban growth boundary	Development dışarı doğru belirli boundary’yi aşamazsa spatial quantity adjustment yerine prices/density başka margins üzerinden değişir	Hard geographic regulation
E-621	Economics / Econometrics	Matching with contracts	“A, B ile eşleşti” yetmez; pair hangi wage/terms/role contract’ıyla eşleştiğini de allocation’ın parçası yap	Bilateral contracts
E-622	Economics / Econometrics	Contract choice function	Agent’a available contract set ver; hangi subset’i birlikte kabul edeceğini rule olarak taşı	Set-valued choice
E-623	Economics / Econometrics	Contract substitutability	Yeni attractive contract geldiğinde previously rejected contract’ın tekrar desirable hale gelmemesi gibi substitution structure impose et	Matching existence conditions
E-624	Economics / Econometrics	Irrelevance of rejected contracts	Agent bir contract’ı larger menu’de reddettiyse, yalnız başka rejected contracts çıkarılınca choice’ının relevant kısmı değişmesin	Choice consistency
E-625	Economics / Econometrics	Law of aggregate demand in matching	Agent’ın opportunity set’i genişlediğinde chosen contracts sayısının sistematik olarak düşmemesini impose et	Discrete contract choice
E-626	Economics / Econometrics	Cumulative-offer process	Contracts sırayla önerilir; receiving side geçmiş offers’ın içinden currently chosen subset’i tutar, rejected contracts geri dönmez	Matching algorithm
E-627	Economics / Econometrics	Worker-optimal stable contract allocation	Stable allocations arasından workers’ın her biri için en iyi achievable stable contract configuration’ını seç	Stable set exists
E-628	Economics / Econometrics	Contract-to-salary representation	Bazı substitutable contract preferences’i multidimensional contracts yerine appropriately constructed salary choices olarak temsil et	Substitutes structure
E-629	Economics / Econometrics	Bilateral-contract trading network	Aynı firm upstream contracts’ta buyer, downstream contracts’ta seller olabilir; matching two-sided olmak zorunda değil	Trading network
E-630	Economics / Econometrics	Full substitutability in trading networks	Yeni purchase opportunity diğer purchases’a substitute ama sales’a complement gibi davranabilir; buying/selling choice beraber discipline edilir	Network contracts
E-631	Economics / Econometrics	Trail stability	Whole coalition yerine network boyunca sequentially executable blocking contract trail’lerine karşı stability iste	Trading network
E-632	Economics / Econometrics	Distributional constraints in matching	Individual capacity yetmez; accepted matches’in group/region/type totals’ına da constraints koy	Aggregate quotas
E-633	Economics / Econometrics	Regional quota	Birkaç institutions’ın toplam admissions/hiring capacity’sine ortak upper/lower limit koy	Cross-institution constraint
E-634	Economics / Econometrics	Reserve system	Capacity’nin bir kısmını particular category için priority reserve olarak ayır ama unused reserve’in başka category’ye geçip geçemeyeceğini rule ile belirle	Controlled priority
E-635	Economics / Econometrics	Flexible allotment	Organization içindeki divisions capacity’yi fixed quotas değil state-dependent shared allotment rule’u ile paylaşsın	Cross-division constraint
E-636	Economics / Econometrics	Slot-specific priority	Institution’daki different positions aynı applicants için different ranking/priorities taşısın	Heterogeneous slots
E-637	Economics / Econometrics	Couple/complementarity matching	İki agents placements’i package olarak değerlendirirse single-agent substitutability bozulabilir	Joint preferences
E-638	Economics / Econometrics	Complementarity-induced instability	Bir contract ancak another contract varsa değerliyse ordinary stable-allocation existence machinery çözülebilir	Complementary contracts
E-639	Economics / Econometrics	One-sided strategy-proof stable mechanism	Stability korunurken market’in bir side’ına truthful reporting incentive guarantee etmeye çalış	Restricted preferences
E-640	Economics / Econometrics	Pre-match investment response	Matching rule yalnız mevcut allocation’ı belirlemez; agents matching öncesinde skill/capacity investment incentives’ını da değiştirir	Endogenous pre-market investment
E-641	Economics / Econometrics	Merit-order dispatch	Available generators’ı marginal operating cost’a göre ucuzdan pahalıya sırala; demand karşılanana kadar sırayla aç	Dispatchable capacity
E-642	Economics / Econometrics	Marginal market-clearing price	Demand’i karşılamak için gereken son unit’in marginal offer/cost’u bütün cleared energy için benchmark price olabilir	Uniform-price electricity market
E-643	Economics / Econometrics	Inframarginal rent	Marginal unit’ten daha ucuz çalışan generator market price ile own variable cost arasındaki farkı kazanır	Common clearing price
E-644	Economics / Econometrics	Scarcity pricing	Capacity reserve çok daraldığında price yalnız marginal fuel cost’u değil scarce capacity’nin opportunity value’sini de taşır	Reliability scarcity
E-645	Economics / Econometrics	Missing-money problem	Price caps/market rules scarcity rents’i bastırırsa generators fixed capacity costs’ını recover edemeyebilir ve investment incentive eksilebilir	Capped energy market
E-646	Economics / Econometrics	Capacity market	Bugünkü MWh üretimine ek olarak future available capacity commitment’ına ayrı payment ver	Resource adequacy
E-647	Economics / Econometrics	Reliability option	Generator capacity payment alır ama spot price strike’ın üstüne çıktığında high-price gains’in bir kısmını geri verir	Capacity + scarcity hedge
E-648	Economics / Econometrics	Operating-reserve demand curve	Reserve quantity azaldıkça extra MW reserve’in reliability value’sini increasingly yüksek price ile encode et	Reserve scarcity
E-649	Economics / Econometrics	Energy–reserve co-optimization	Bir generator’ın aynı capacity’sini energy veya reserve için kullanma opportunity cost’unu jointly optimize et	Shared generation capacity
E-650	Economics / Econometrics	Unit commitment	“Kaç MW üret?”ten önce hangi generators physically on/off olacak kararını solve et	Binary operating state
E-651	Economics / Econometrics	Startup-cost nonconvexity	Generator zero’dan on state’e geçerken fixed cost öder; marginal energy cost full economic cost’u temsil etmez	Thermal generation
E-652	Economics / Econometrics	Minimum up/down time	Generator açıldıktan/kapatıldıktan hemen sonra tersine çevrilemez; state belirli süre locked kalır	Technical intertemporal constraint
E-653	Economics / Econometrics	Ramp constraint	Generator output’u bir interval’dan diğerine arbitrary hızlı değişemez	Rate-of-change capacity
E-654	Economics / Econometrics	Uplift / make-whole payment	Uniform energy prices generator’ın nonconvex startup/min-run cost’unu karşılamıyorsa off-market extra payment ile feasible dispatch’i compensate et	Nonconvex market clearing
E-655	Economics / Econometrics	Locational marginal pricing	Aynı anda aynı electricity commodity grid’in farklı nodes’unda congestion/loss nedeniyle farklı marginal value taşıyabilir	Transmission network
E-656	Economics / Econometrics	Congestion rent	Cheap source ile expensive constrained destination arasındaki nodal-price wedge scarce transmission capacity’nin value’sini üretir	Binding line constraint
E-657	Economics / Econometrics	Financial transmission right	Specific nodal-price congestion difference’ına linked financial claim ile transmission-price riskini hedge et	Nodal market
E-658	Economics / Econometrics	Negative electricity price	Inflexible/subsidized/avoid-shutdown generators output azaltmak yerine consumers’a effectively ödeme yapmayı tercih edebilir	Nonconvexity + oversupply
E-659	Economics / Econometrics	Renewable merit-order effect	Very-low-marginal-cost renewable output merit order’da pahalı marginal generators’ı dışarı iter ve clearing price’ı düşürebilir	Variable renewable supply
E-660	Economics / Econometrics	Renewable curtailment	Available zero/low-cost generation var ama transmission, minimum-generation veya system-balance constraint yüzünden output kabul edilemez	Grid feasibility
E-661	Economics / Econometrics	Cash-on-hand state	Household decision’ını total wealth değil bugün gerçekten spend edilebilen resources üzerinden condition et	Liquid resources
E-662	Economics / Econometrics	Buffer-stock saving	Future income shocks’a karşı consumption collapse etmesin diye liquid asset buffer tut	Income uncertainty
E-663	Economics / Econometrics	Precautionary saving	Future uncertainty yükseldikçe today consumption’dan vazgeçip more assets tutmanın option value’si artar	Risk + incomplete insurance
E-664	Economics / Econometrics	Target wealth ratio	Household buffer’ı sonsuza büyütmez; impatience ile precautionary motive balance olup target wealth/income zone oluşturabilir	Buffer-stock model
E-665	Economics / Econometrics	Borrowing-constraint kink	Desired borrowing constraint’in altına geçmek isterse optimization boundary’ye çarpar ve consumption rule slope değişebilir	Debt limit
E-666	Economics / Econometrics	Liquidity constraint	Total lifetime wealth yüksek olsa bile bugün borrow/convert edemiyorsan current spending limited olabilir	Intertemporal market incompleteness
E-667	Economics / Econometrics	Poor hand-to-mouth	Liquid wealth de total net wealth de düşük; transitory cash arrival consumption’ı güçlü değiştirebilir	Low financial wealth
E-668	Economics / Econometrics	Wealthy hand-to-mouth	House/retirement wealth yüksek ama liquid wealth çok düşük; asset-rich olup current cash-constrained kalabilirsin	Illiquid assets + transaction cost
E-669	Economics / Econometrics	MPC heterogeneity	Aynı \$1 transfer different households’ta farklı consumption response üretir	Heterogeneous liquidity/wealth/preferences
E-670	Economics / Econometrics	Liquidity-dependent MPC	Liquid buffer azaldıkça extra cash’in immediate spending probability’si/magnitude’i yükselir	Concave consumption rule
E-671	Economics / Econometrics	Illiquid-asset accumulation	Higher-return asset’a wealth koymak long-run return artırabilir ama short-run buffer’ı azaltabilir	Return–liquidity tradeoff
E-672	Economics / Econometrics	Liquid–illiquid portfolio split	Aynı total savings’in ne kadarı easy-access low-return, ne kadarı costly-access high-return assets’ta tutulacak seç	Two-asset household
E-673	Economics / Econometrics	Fixed portfolio-adjustment cost	Illiquid asset’a küçük miktarda girip çıkmak bile fixed cost taşıyorsa households adjustment’ı lumpy yapar	Nonconvex transaction cost
E-674	Economics / Econometrics	Emergency liquidity buffer	Rare income/expenditure shock olduğunda illiquid wealth satmadan expenditures’ı sürdürecek liquid reserve tut	Emergency risk
E-675	Economics / Econometrics	Consumption commitment	Housing, contracts veya recurring expenses gibi current consumption’ın bir kısmı short run’da kolay azaltılamaz	Predetermined expenditure
E-676	Economics / Econometrics	Durable-adjustment friction	Car/house/durable consumption continuous flow gibi ayarlanmaz; transaction cost nedeniyle intermittent large adjustment olur	Durable goods
E-677	Economics / Econometrics	Collateralized household borrowing	Household future income yerine pledgeable asset value’ye karşı daha kolay borrow edebilir	Collateral constraint
E-678	Economics / Econometrics	Credit-line drawdown	Income shock geldiğinde new loan negotiate etmek yerine pre-existing credit capacity’yi hızlı kullan	Precommitted borrowing option
E-679	Economics / Econometrics	Unused credit as liquidity insurance	Kullanılmayan borrowing capacity bugün cash değildir ama future adverse state’te spendable liquidity’ye dönüşebilir	Credible contingent credit
E-680	Economics / Econometrics	Debt-service liquidity burden	Balance-sheet net worth positive olsa bile mandatory near-term repayments cash flow’un büyük kısmını absorbe edip discretionary consumption’ı sıkıştırabilir	Payment timing
E-681	Economics / Econometrics	Rate-of-return regulation	Firm allowed capital base üzerinde belirlenmiş normal return kazanabilsin; prices buna göre ayarlansın	Regulated monopoly
E-682	Economics / Econometrics	Averch–Johnson effect	Allowed return on capital yeterince attractive ise firm socially efficient olandan fazla capital kullanmaya incentive kazanabilir	Rate-base regulation
E-683	Economics / Econometrics	Cost-of-service regulation	Regulated price actual/allowed operating costs + approved return’ü recover edecek şekilde kurulur	Observable accounting costs
E-684	Economics / Econometrics	Price-cap regulation	Firm’in individual costs’ını her period reimburse etme; allowed price path’a external cap koy	Incentive regulation
E-685	Economics / Econometrics	CPI/RPI-X mechanism	Price cap economy-wide inflation kadar artsın ama expected productivity factor $X$ kadar aşağı çekilsin	Regulatory benchmark
E-686	Economics / Econometrics	Regulatory lag	Firm bugün efficiency gain kazanır; regulator ancak future review’da prices’i reset eder, dolayısıyla temporary retained profit incentive yaratır	Periodic review
E-687	Economics / Econometrics	Yardstick competition	Firm’i kendi claimed costs’ıyla değil comparable firms’in performance’ıyla benchmark et	Multiple comparable regulated firms
E-688	Economics / Econometrics	Benchmark regulation	Efficient cost frontier/peer benchmark üret; payment/allowed revenue’yu relative efficiency’ye bağla	Cross-sectional comparison
E-689	Economics / Econometrics	Earnings-sharing regulation	Actual profit benchmark’ın çok üstüne çıkarsa excess gain’in bir kısmını consumers ile paylaş	Banded incentive contract
E-690	Economics / Econometrics	Sliding-scale regulation	Price/profit adjustment rule’u realized cost/performance ile kısmen link et; pure cost-plus ve fixed-price arasında risk paylaş	Intermediate incentive intensity
E-691	Economics / Econometrics	Access pricing	Monopoly bottleneck owner’ın rivals’a network/infrastructure access için hangi price’ı charge edeceğini düzenle	Essential network input
E-692	Economics / Econometrics	Efficient-component pricing mechanism	Access price’a direct incremental cost yanında incumbent’ın lost contribution/opportunity cost’unu da yansıt	Bottleneck access
E-693	Economics / Econometrics	Stranded-cost recovery	Regulatory/technology change sonrası geçmiş prudent investment artık competitive revenue üretemiyorsa unrecovered sunk cost’u kimin taşıyacağını belirle	Regulatory transition
E-694	Economics / Econometrics	Franchise bidding / competition for the market	Natural monopoly market içinde competition yapılamıyorsa monopoly işletme hakkı için firms’i ex ante yarıştır	Exclusive franchise
E-695	Economics / Econometrics	Competitive procurement auction	Government/buyer contract’ı potential suppliers arasında bid competition ile allocate et	Procured good/service
E-696	Economics / Econometrics	Cost-plus procurement	Contractor realized allowable cost’u recover eder + fee alır; cost risk buyer’da kalır	Verifiable costs
E-697	Economics / Econometrics	Fixed-price procurement	Contract price önceden sabitlenir; realized cost surprise’ının çoğunu supplier taşır	Defined deliverable
E-698	Economics / Econometrics	Cost-sharing incentive contract	Cost overrun/saving’in yalnız bir fraction’ını contractor taşır; risk sharing ile cost-reduction incentive arasında ara nokta kur	Observable cost
E-699	Economics / Econometrics	Post-award performance moral hazard	Winning bid contract’ı kazandırır ama quality/delay/cost-control actions sonradan imperfectly contractible ise low bid tek başına good execution garanti etmez	Incomplete procurement contract
E-700	Economics / Econometrics	Competition–execution tradeoff	Daha çok bidding competition award price’ı düşürebilir fakat low-cost bidders/post-award incentives nedeniyle execution quality aynı yönde iyileşmek zorunda değildir	Procurement with incomplete contracts
E-701	Economics / Econometrics	Modigliani–Miller irrelevance benchmark	Taxes/frictions/agency/information yoksa aynı underlying assets’i debt-equity diye yeniden dilimlemek total firm value’yu tek başına değiştirmez	Frictionless benchmark
E-702	Economics / Econometrics	Interest tax shield	Debt interest deduction tax payment’ı azaltır; leverage private value kazanabilir	Corporate taxation
E-703	Economics / Econometrics	Expected financial-distress cost	Debt tax benefit getirir ama bad state’lerde default/restructuring/direct+indirect costs probability-weighted büyür	Default risk
E-704	Economics / Econometrics	Static trade-off theory	Debt’i tax benefit marginal distress/agency cost’uyla balance eden target leverage seç	Debt benefits + costs
E-705	Economics / Econometrics	Target-leverage adjustment	Current debt ratio target’tan uzaksa firm financing choices’ıyla zaman içinde target’a geri hareket eder	Adjustment costs
E-706	Economics / Econometrics	Pecking-order finance	Internal cash varsa onu kullan; yetmezse safer debt; information-sensitive equity en son gelsin	Financing asymmetry
E-707	Economics / Econometrics	Financial slack	Future financing friction çıkmadan investment yapabilmek için unused debt/cash capacity tut	Future funding option
E-708	Economics / Econometrics	Equity adverse-selection discount	Managers firm value hakkında outsiders’dan fazla bilgi biliyorsa equity issue “belki overpriced” sinyali taşıyıp discount gerektirebilir	Asymmetric information
E-709	Economics / Econometrics	Debt as disciplinary hard claim	Mandatory repayment free cash flow’u management’ın discretionary spending’inden çekip agency problem’ını azaltabilir	Managerial discretion
E-710	Economics / Econometrics	Asset substitution / risk shifting	Equity holders debt outstanding iken project riskini yükselterek upside’ın çoğunu alıp downside’ın bir kısmını creditors’a bırakabilir	Limited liability
E-711	Economics / Econometrics	Debt monitoring channel	Certain lenders recurring monitoring/control rights ile management behavior üzerindeki agency cost’u azaltabilir	Monitored borrowing
E-712	Economics / Econometrics	Market-timing financing	Equity perceived expensive/cheap değil, firm’s own shares perceived over/undervalued olduğunda issuance choice değişebilir	Mispricing beliefs
E-713	Economics / Econometrics	Convertible debt	Claim önce debt downside protection taşır; equity sufficiently değerlenirse conversion upside verir	Hybrid security
E-714	Economics / Econometrics	Callable debt	Issuer state favorable hale geldiğinde debt’i early redeem etme hakkı taşır	Issuer exercise option
E-715	Economics / Econometrics	Puttable debt	Investor specified conditions/times’da issuer’a early repayment dayatabilir	Investor liquidity/protection option
E-716	Economics / Econometrics	Warrant financing	Investor future predetermined price’dan equity alma option’ı alır; current financing + future dilution coupling oluşur	Equity option
E-717	Economics / Econometrics	Preferred equity	Common equity’den senior ama debt’ten farklı contingent/discretionary cash-flow claim oluştur	Hybrid priority
E-718	Economics / Econometrics	Contingent-convertible mechanism	Observable stress trigger’ı aşılınca debt-like claim automatically equity/write-down state’ine geçebilir	Contractual trigger
E-719	Economics / Econometrics	Security-design state contingency	Same project cash flows’u farklı states’de farklı claimant groups’a transfer edecek claims tasarla	Contractibility
E-720	Economics / Econometrics	Financing-history persistence	Current capital structure yalnız current optimum’u değil past deficits, stock prices ve financing actions’ın accumulated path’ini taşıyabilir	Adjustment/path dependence
E-721	Economics / Econometrics	Marginal q	Bir extra unit capital’ın discounted future value contribution’ını acquisition cost’una oranla	Investment margin
E-722	Economics / Econometrics	Average q	Firm market value’sini installed capital replacement cost’una oranla	Observable valuation ratio
E-723	Economics / Econometrics	Hayashi q equivalence	Belirli competitive/constant-returns assumptions altında observable average q, theoretically relevant marginal q’ya eşit olabilir	Strong production/market assumptions
E-724	Economics / Econometrics	q-driven investment	Marginal installed capital value purchase+adjustment cost’unu aşınca investment attractive olur	Forward-looking firm
E-725	Economics / Econometrics	Convex capital adjustment cost	Capital stock’u ne kadar hızlı değiştirirsen marginal installation/disruption cost daha da artsın	Smooth adjustment
E-726	Economics / Econometrics	Smooth partial adjustment	Desired capital bir anda kurulmaz; adjustment costs nedeniyle gap zaman boyunca kapatılır	Convex adjustment
E-727	Economics / Econometrics	Fixed investment adjustment cost	Capital değiştirmeye başlamak bile fixed setup/disruption cost gerektirir	Nonconvex investment
E-728	Economics / Econometrics	Investment inaction region	Desired capital biraz değişti diye action alma; gain fixed cost’u aşana kadar current capital’ı tut	Fixed costs
E-729	Economics / Econometrics	Investment spike	Inaction uzun sürebilir; threshold geçince büyük discrete capital adjustment bir anda yapılır	Lumpy investment
E-730	Economics / Econometrics	Partial irreversibility	Capital satın almak kolay ama installed asset’i aynı fiyata geri satmak mümkün değil	Resale wedge
E-731	Economics / Econometrics	Irreversibility option value	Uncertain environment’da irreversible investment’ı bugün yapmak future information geldikten sonra karar verme option’ını yok eder	Uncertainty + sunk capital
E-732	Economics / Econometrics	User cost of capital	Capital’ın economic cost’unu finance cost + depreciation − expected capital gain + taxes gibi pieces’e ayır	Capital services
E-733	Economics / Econometrics	Capital utilization choice	Installed machines sabit olsa bile ne kadar yoğun çalıştırıldığını değiştirerek effective capital services’i hızlı ayarla	Variable utilization
E-734	Economics / Econometrics	Utilization–depreciation tradeoff	Machine’i daha yoğun kullan → bugün daha fazla output → future wear/depreciation daha hızlı	Endogenous depreciation
E-735	Economics / Econometrics	Maintenance–replacement tradeoff	Old capital’ı bakım ile yaşatmak mı, new capital’a replace etmek mi daha ucuz?	Aging durable capital
E-736	Economics / Econometrics	Scrappage threshold	Capital’ın continuation value’si salvage/outside value’nun altına düşünce kullanım bitir	Irreversible retirement
E-737	Economics / Econometrics	Embodied technical change	Yeni technology existing capital’a ücretsiz gelmez; productivity improvement almak için yeni vintage investment gerekebilir	Vintage capital
E-738	Economics / Econometrics	Capital vintage composition	Same aggregate capital quantity farklı ages/technologies taşıyorsa productive capacity farklı olabilir	Heterogeneous vintages
E-739	Economics / Econometrics	Time-to-build capital	Investment expenditure bugün yapılır ama productive capital birkaç periods sonra available olur	Construction/installation lag
E-740	Economics / Econometrics	Investment gestation pipeline	Birkaç unfinished projects stage-by-stage ilerler; future capital supply current pipeline composition’a bağlıdır	Multi-stage construction
E-741	Economics / Econometrics	Market for corporate control	Management kötü performans gösterirse outsiders shares/control satın alıp yönetimi değiştirebilir	Transferable corporate control
E-742	Economics / Econometrics	Tender offer	Acquirer shareholders’a belirli price’dan shares’ini doğrudan satma teklifinde bulunur	Dispersed shareholders
E-743	Economics / Econometrics	Takeover free-rider problem	Her shareholder acquisition sonrası value artacağını biliyorsa tender etmeyip improvement’ı ücretsiz almaya çalışabilir	Atomistic shareholders
E-744	Economics / Econometrics	Control premium	Voting/control sağlayan block, same cash-flow claim’in passive unit’inden daha değerli olabilir	Private/control benefits
E-745	Economics / Econometrics	Proxy contest	Firm’i satın almadan shareholder votes toplayarak board/control değiştir	Voting rights
E-746	Economics / Econometrics	Poison-pill mechanism	Hostile acquirer belirli ownership threshold’una ulaştığında diğer shareholders’a dilution rights açarak takeover cost’unu keskin yükselt	Board-adopted defense
E-747	Economics / Econometrics	Staggered board	Directors aynı yıl seçilmez; acquirer tek election’da whole board’u değiştiremez	Board terms
E-748	Economics / Econometrics	Golden parachute	Control change sonrası executive kaybını compensation ile karşılayıp management’ın value-increasing takeover’a kişisel job-loss nedeniyle direnmesini azaltabilir	Executive contract
E-749	Economics / Econometrics	Dual-class equity	Cash-flow rights ile voting rights’i different share classes arasında disproportionate dağıt	Multiple voting classes
E-750	Economics / Econometrics	Control–cash-flow wedge	Actor economic ownership’u küçükken voting control’u büyük tutabilir	Disproportionate rights
E-751	Economics / Econometrics	Ownership pyramid	A, B’yi; B, C’yi kontrol ederek small ultimate cash investment ile lower-tier company üzerinde control yarat	Layered ownership
E-752	Economics / Econometrics	Cross-ownership	Firms birbirlerinin shares’ini tutarak voting/control graph’ını circular hale getirebilir	Corporate ownership network
E-753	Economics / Econometrics	Blockholder monitoring	Large shareholder monitoring cost’unu kendi sufficiently large stake’i sayesinde internalize edip management’ı izle	Concentrated ownership
E-754	Economics / Econometrics	Activist intervention	Investor stake alıp governance/strategy/capital-allocation change talep ederek firm policy’sini değiştirmeye çalışır	Influence/control rights
E-755	Economics / Econometrics	Independent-board monitoring	Management’ın kendisini tamamen denetlememesi için decision/review rights’in bir kısmını less-dependent directors’a ver	Board governance
E-756	Economics / Econometrics	CEO–chair separation	Management execution ile board agenda/oversight authority’sini aynı kişide toplama	Organizational authority
E-757	Economics / Econometrics	Majority-vote director election	Director election için plurality yetmesin; support threshold’u aşamayan director’ın seat’i daha contestable olsun	Shareholder voting
E-758	Economics / Econometrics	Say-on-pay	Compensation contract’ı shareholder vote/review signal’ına açarak board–shareholder feedback channel oluştur	Executive compensation
E-759	Economics / Econometrics	Proxy access	Qualifying shareholders kendi director nominees’larını company proxy materials üzerinden shareholders’a sunabilsin	Nomination rights
E-760	Economics / Econometrics	Dual-class sunset	Founder/control-enhancing voting rights belirli time/event sonrası ordinary voting structure’a otomatik dönsün	Time-contingent governance
E-761	Economics / Econometrics	Staged venture financing	Startup’a bütün capital’i bugün verme; successive rounds halinde release et	Severe uncertainty
E-762	Economics / Econometrics	Milestone-contingent financing	Next funding yalnız observable technical/commercial milestone gelirse açılsın	Verifiable milestone
E-763	Economics / Econometrics	Financing runway discipline	Founder mevcut cash bitmeden next milestone’a ulaşmak zorunda; limited runway effort/priority choice’ını değiştirir	Cash constraint
E-764	Economics / Econometrics	VC screening	Investment öncesi team, technology, market ve risk hakkında costly information üret	Adverse selection
E-765	Economics / Econometrics	VC monitoring	Investment sonrası board/info rights ile entrepreneur actions ve performance hakkında information üret	Moral hazard
E-766	Economics / Econometrics	VC value-added support	Investor yalnız police etmez; recruiting, customers, strategy ve future financing’e input sağlayabilir	Active investor
E-767	Economics / Econometrics	Convertible preferred financing	Downside’da preferred liquidation protection, upside’da common-equity conversion option’ını aynı security’de birleştir	Hybrid startup claim
E-768	Economics / Econometrics	Liquidation preference	Exit poor/moderate olduğunda investor proceeds’i common holders’dan önce geri alır	Priority waterfall
E-769	Economics / Econometrics	Participating preferred	Investor önce preference alır, sonra remaining proceeds’te common-like participation da alabilir	Layered cash-flow rights
E-770	Economics / Econometrics	Anti-dilution protection	Future round lower price’dan olursa investor conversion terms’ini adjust ederek dilution loss’unun bir kısmını founder/common’a aktar	Down round
E-771	Economics / Econometrics	Founder vesting	Founder ownership’unu time/service boyunca earn ettir; early departure halinde unvested equity geri alınabilir	Human-capital dependency
E-772	Economics / Econometrics	Cliff vesting	Initial minimum service period tamamlanmadan substantial equity vest olmasın	Early quit risk
E-773	Economics / Econometrics	Protective provisions	Certain major actions management/majority common approval’ı yetmeden preferred investor consent de gerektirsin	Veto rights
E-774	Economics / Econometrics	Board-seat allocation	Cash-flow ownership’dan ayrı olarak monitoring/decision authority’sini investor–founder arasında böl	Incomplete contracts
E-775	Economics / Econometrics	State-contingent control transfer	Performance kötüleşirse investor control rights artsın; performans çok iyi olursa entrepreneur control retain/recover etsin	Verifiable performance
E-776	Economics / Econometrics	Pro-rata participation right	Existing investor future financing’de ownership share’ını koruyacak kadar new securities alma option’ına sahip olsun	Follow-on rounds
E-777	Economics / Econometrics	Pay-to-play provision	Existing investor future weak round’da participate etmezse some preferred protections kaybetsin	Coordination in down rounds
E-778	Economics / Econometrics	VC syndication	Tek investor yerine several VCs aynı round’a girerek capital, screening ve expertise paylaşsın	Multiple investors
E-779	Economics / Econometrics	Follow-on financing option	Initial small investment investor’a startup hakkında learning sonrası expand/stop choice bırakır	Sequential information
E-780	Economics / Econometrics	Abandonment discipline	Bad news geldikçe capital automatically continue etmesin; future funding refusal economically viable termination mechanism olsun	Soft assets + staged funding
E-781	Economics / Econometrics	Allingham–Sandmo evasion margin	Taxpayer hidden income ile expected audit/penalty cost arasında choice yapar	Self-reported taxable base
E-782	Economics / Econometrics	Audit-probability deterrence	Detection chance yükselirse hidden reporting’in expected cost’u artar	Credible audits
E-783	Economics / Econometrics	Penalty-rate deterrence	Detected evasion başına sanction büyürse cheating payoff’u düşer	Enforceable penalties
E-784	Economics / Econometrics	General deterrence / audit ripple	Bir kişiyi audit etmek yalnız ondan revenue toplamaz; başkalarının perceived detection riskini değiştirir	Observable enforcement
E-785	Economics / Econometrics	Risk-based audit targeting	Scarce audit capacity’yi uniform dağıtma; suspected noncompliance probability/expected yield yüksek cases’e yoğunlaştır	Limited enforcement capacity
E-786	Economics / Econometrics	Strategic audit targeting feedback	Taxpayers authority’nin targeting rule’unu öğrenirse reporting davranışını modelin low-risk region’ına taşımaya çalışabilir	Endogenous response
E-787	Economics / Econometrics	Third-party information reporting	Taxpayer’ın own declaration’ını independent employer/bank/customer record ile cross-check edilebilir hale getir	Verifiable counterparty data
E-788	Economics / Econometrics	Information-trail enforcement	Transaction birden fazla records’da iz bırakıyorsa conceal etmek coordinated falsification gerektirir	Administrative paper trail
E-789	Economics / Econometrics	Withholding at source	Tax liability’nin bir kısmını taxpayer cash’i almadan payer/remitter üzerinden collect et	Observable formal payer
E-790	Economics / Econometrics	Remittance-regime mechanism	Legal incidence aynı kalsa bile tax’ı physically kimin government’a remit ettiği enforcement difficulty’yi değiştirebilir	Intermediated collection
E-791	Economics / Econometrics	VAT invoice-credit chain	Buyer input-tax credit almak için seller invoice ister; one firm’in report’u trading partner’ın report’u için verification trail yaratır	Business-to-business VAT
E-792	Economics / Econometrics	Self-enforcement through counterparty incentives	Counterparty’nin own tax benefit’i transaction’ın hidden kalmasına karşı incentive üretir	Opposing reporting incentives
E-793	Economics / Econometrics	Enforcement spillover along transaction network	Bir node üzerindeki stronger verification upstream/downstream counterparties’in reporting incentives’ını da değiştirir	Transaction network
E-794	Economics / Econometrics	Consumer-as-auditor mechanism	Final customer’a receipt istemek/reporting yapmak için reward ver; dispersed customers enforcement sensors’a dönüşür	Retail transactions
E-795	Economics / Econometrics	Whistleblower threat	Collusive hidden reporting more participants/records gerektirdikçe one participant’ın reveal etmesi scheme’i bozabilir	Internal verifiability
E-796	Economics / Econometrics	Offset-margin evasion response	Authority one reported margin’i verify edince firm başka less-verifiable deduction/cost margin’ını manipulate ederek tax liability’yi geri düşürebilir	Multidimensional tax base
E-797	Economics / Econometrics	Formalization threshold	Third-party records/formal transactions arttıkça hiding complementary margins simultaneously daha costly hale gelebilir	Firm scale/formality
E-798	Economics / Econometrics	Audit-capacity bottleneck	Information discrepancy bulunması tek başına collection değildir; authority follow-up/enforcement capacity insufficient ise detected noncompliance persist edebilir	Administrative capacity
E-799	Economics / Econometrics	Compliance communication effect	Audit probability/penalty/rule hakkında message actual enforcement change olmadan perceived risk ve reporting’i değiştirebilir	Beliefs/behavior
E-800	Economics / Econometrics	Enforcement-induced reporting spillover	Targeted taxpayer üzerindeki intervention connected co-owners/counterparties’in reports’unu da değiştirebilir	Social/ownership network
E-801	Economics / Econometrics	Debtor-in-possession control	Insolvent firm immediate external takeover olmadan existing management altında business’i işletmeye devam eder ama creditor-oriented fiduciary constraints kazanır	Chapter 11
E-802	Economics / Econometrics	Going-concern preservation	Assets’i tek tek liquidate etmek yerine operating network olarak tutmak daha yüksek total value yaratabilir	Complementary firm assets
E-803	Economics / Econometrics	Stay-induced coordination	Individual creditors collateral/assets’e ayrı ayrı koşamasın; collective restructuring için temporary breathing space oluşsun	Collective insolvency
E-804	Economics / Econometrics	Cash-collateral control	Firm operating cash’e sahip görünebilir ama secured creditor’ın lien’i varsa cash free resource değildir	Secured collateral
E-805	Economics / Econometrics	Adequate-protection mechanism	Debtor collateral kullanırken secured creditor’ın collateral-value erosion riskini replacement lien/payment ile compensate et	Collateral usage
E-806	Economics / Econometrics	DIP financing	Bankruptcy sonrası fresh lender operating capital sağlar	Distressed but continuing firm
E-807	Economics / Econometrics	DIP superpriority	New financing olmazsa firm yaşayamayacaksa court-approved new lender eski unsecured claims’in önüne geçirilebilir	Priority restructuring
E-808	Economics / Econometrics	Financing-priority reset	Preexisting priority order absolute immutable olmayabilir; continuation value yaratmak için new money exceptional seniority kazanabilir	Court-governed insolvency
E-809	Economics / Econometrics	Executory-contract assumption	Still-useful unfinished contract’ı bankruptcy sonrası continue edip associated obligations’ı retain et	Incomplete bilateral contract
E-810	Economics / Econometrics	Executory-contract rejection	Burdensome unfinished contract’ı continue etmek yerine breach-like claim’e dönüştürüp operating firm’den ayır	Reorganization option
E-811	Economics / Econometrics	Preference avoidance	Insolvency hemen öncesinde selected creditor’a yapılan preferential transfer geri alınarak collective pool’a döndürülebilir	Prepetition transfers
E-812	Economics / Econometrics	Fraudulent-transfer avoidance	Debtor estate’den improperly transferred value recovery action ile geri çekilebilir	Asset stripping
E-813	Economics / Econometrics	Claims classification	Creditors same legal/economic treatment taşımak zorunda değil; claims classes halinde ayrılır	Reorganization plan
E-814	Economics / Econometrics	Impaired-class voting	Contractual rights plan tarafından kötüleştirilen class plan acceptance/rejection vote’unda relevant olur	Creditor voting
E-815	Economics / Econometrics	Cramdown	Bir impaired class reddetse bile statutory fairness requirements karşılanırsa court planı o class üzerinde impose edebilir	Holdout constraint
E-816	Economics / Econometrics	Collective holdout suppression	Single creditor/class entire going-concern surplus’u veto yoluyla capture edemesin diye unanimity requirement kaldırılır	Collective action
E-817	Economics / Econometrics	Section-363 going-concern sale	Full reorganization plan beklemeden substantial assets/business court-supervised sale ile başka owner’a transfer edilebilir	Bankruptcy asset sale
E-818	Economics / Econometrics	Credit bidding	Secured creditor cash koymak yerine secured claim’in bir kısmını asset bid’inde kullanabilir	Collateral sale
E-819	Economics / Econometrics	Creditor committee monitoring	Dispersed unsecured creditors individually monitor edemezse representative committee debtor conduct ve plan negotiation’ını kolektifleştirir	Creditor coordination
E-820	Economics / Econometrics	Reorganization-vs-liquidation option	Insolvency “firm ekonomik olarak yok olmalı” demek değildir; asset network’in continuation value’sini breakup value ile karşılaştır	Financial vs economic distress
E-821	Economics / Econometrics	Wholesale-price contract	Supplier unit başına wholesale price koyar; retailer quantity riskini kendi objective’ine göre seçer	Decentralized channel
E-822	Economics / Econometrics	Buyback contract	Supplier unsold units’in bir kısmını predetermined refund ile geri alarak retailer’ın overstock riskini paylaşır	Stochastic demand
E-823	Economics / Econometrics	Return-credit mechanism	Unsold inventory’nin terminal value’sini retailer için contractually yükselt; ordering incentive değişsin	Inventory risk
E-824	Economics / Econometrics	Revenue-sharing contract	Retailer lower wholesale charge karşılığında realized revenue’nun fraction’ını supplier’a verir	Observable sales revenue
E-825	Economics / Econometrics	Consignment revenue sharing	Inventory ownership supplier’da kalsın; retailer sold units revenue’sinden share alsın	Supplier-owned inventory
E-826	Economics / Econometrics	Quantity-flexibility contract	Retailer initial commitment yapar ama realized demand görülünce quantity’yi bounded range’de revise edebilir	Adjustment window
E-827	Economics / Econometrics	Backup agreement	Retailer base quantity commit eder; supplier additional backup capacity/inventory tutup only-if-needed units sağlar	Demand uncertainty
E-828	Economics / Econometrics	Quantity-discount contract	Per-unit wholesale price ordered quantity thresholds’ına göre düşer; larger orders teşvik edilir	Nonlinear procurement price
E-829	Economics / Econometrics	Sales-rebate contract	Retailer sales target’ı aşarsa incremental reward/rebate alır	Observable downstream sales
E-830	Economics / Econometrics	Supply option contract	Retailer upfront option premium ödeyip later specified price’dan extra quantity alma hakkı satın alır	Demand revealed later
E-831	Economics / Econometrics	Capacity-reservation contract	Buyer supplier capacity’sinin bir kısmını future use için fee karşılığında reserve eder	Scarce production capacity
E-832	Economics / Econometrics	Advance-purchase discount	Early firm commitment cheaper price alır; later flexibility azalır	Timing tradeoff
E-833	Economics / Econometrics	Vendor-managed inventory	Inventory/order decision downstream retailer’dan supplier’a devredilir	Decision-right relocation
E-834	Economics / Econometrics	Retailer-managed inventory benchmark	Demand-facing retailer replenishment/order decision’ını kendisi taşır	Conventional channel
E-835	Economics / Econometrics	Push–pull inventory-risk allocation	Inventory demand gerçekleşmeden downstream’a push edilirse risk retailer’da; supplier demand gördükçe replenishes ise risk upstream’da daha fazla kalır	Timing of ownership
E-836	Economics / Econometrics	Supply-chain coordination contract	Decentralized actors’ın individually optimal actions’ını integrated-system optimum’ıyla aynı hale getirecek payoff rule tasarla	Strategic decentralization
E-837	Economics / Econometrics	Contract equivalence	Different-looking payment formulas bazı model shells altında identical ordering incentives/profit mappings oluşturabilir	Restricted environment
E-838	Economics / Econometrics	Profit-allocation flexibility	Contract total channel optimum’u achieve etse bile generated surplus supplier–retailer arasında arbitrary split edilebiliyor mu ayrıca sor	Participation constraints
E-839	Economics / Econometrics	Effort-sensitive coordination failure	Revenue-sharing/order contract quantity’yi doğru align etse bile unobservable costly retail effort de relevant ise same contract coordination’ı kaybedebilir	Multidimensional action
E-840	Economics / Econometrics	Decision-right relocation failure	Contract retailer decision-maker iken coordinating olabilir ama inventory choice supplier’a devredilince incentive map değişip coordination bozulabilir	VMI vs RMI
E-841	Economics / Econometrics	Real-time gross settlement	Her payment ayrı ayrı central-bank money’da immediate gross settlement olsun	Large-value payments
E-842	Economics / Econometrics	Deferred net settlement	Payments gün boyunca accumulate olsun; later bilateral/multilateral net obligations settle edilsin	Batch settlement
E-843	Economics / Econometrics	Settlement-finality mechanism	Payment belirli point’ten sonra legally/operationally irrevocable olsun	Payment infrastructure
E-844	Economics / Econometrics	Gross-settlement liquidity burden	Credit exposure’u azaltmak için payments individually settle edilince much more intraday liquidity gerekir	RTGS
E-845	Economics / Econometrics	Intraday central-bank credit	Temporary daylight funding payment timing mismatch’ını bridge etsin	Central-bank settlement account
E-846	Economics / Econometrics	Collateralized intraday credit	Central bank temporary liquidity verir ama collateral pledge ister	Credit-risk control
E-847	Economics / Econometrics	Payment queue	Liquidity yetersiz payment immediately fail etmesin; ordered waiting queue’ya girsin	RTGS queue
E-848	Economics / Econometrics	Payment prioritization	Participant limited liquidity’yi hangi queued obligations’ın önce settle edilmesine ayıracağını seçsin	Strategic queue management
E-849	Economics / Econometrics	Incoming-payment recycling	Received settlement balance same day new outgoing payment’ları fund etmek için tekrar kullanılsın	Intraday liquidity
E-850	Economics / Econometrics	Liquidity-saving mechanism	Queued payments arasında offsetting cycles/sets bulup gross liquidity need’den daha az liquidity ile simultaneous settlement yap	Hybrid RTGS
E-851	Economics / Econometrics	Bilateral offset trigger	A→B ve B→A queued payments birbirini partially finance edebiliyorsa birlikte release et	Two-party payment queue
E-852	Economics / Econometrics	Multilateral offset cycle	Several participants’ın circular obligations’ını simultaneous settle ederek each party’nin gross funding need’ini azalt	Payment network
E-853	Economics / Econometrics	Liquidity–delay tradeoff	Less prefunding için payment’ı queue’da bekletmek mümkün; liquidity efficiency settlement speed cost’u taşıyabilir	Hybrid payment system
E-854	Economics / Econometrics	Throughput requirement	Participants payments’ı strategic olarak gün sonuna kadar bekletmesin diye intraday completion targets koy	Timing externality
E-855	Economics / Econometrics	Payment-timing externality	Bank outgoing payment’ı geciktirerek kendi liquidity’sini korur ama recipient’ın incoming liquidity’sini geciktirir	Network liquidity
E-856	Economics / Econometrics	Strategic liquidity hoarding in RTGS	Participant expected incoming flows/bad states nedeniyle available balance’ı hemen release etmeyebilir	Intraday uncertainty
E-857	Economics / Econometrics	Queue gridlock resolution	Individually hiçbir payment settle edemese bile group halinde simultaneously settle edilebilecek cycle bul	Circular obligations
E-858	Economics / Econometrics	Prefunding	Future settlement obligations için funds önceden dedicated account/pool’a koy	Ex ante liquidity commitment
E-859	Economics / Econometrics	Payment-versus-payment	FX exchange’in two currency legs’i atomic/linked execute olsun; one side delivered while other fails riski azaltılsın	Cross-currency settlement
E-860	Economics / Econometrics	Delivery-versus-payment	Securities transfer ile cash transfer birbirine conditional olsun; asset leg tek başına settle olamasın	Securities settlement
E-861	Economics / Econometrics	Migration as household diversification	Household members aynı local income shock’a exposed kalmasın; bir üyeyi başka labor market’e taşı	Spatial income diversification
E-862	Economics / Econometrics	Migrant remittance transfer	Migrant destination earnings’in bir kısmını origin household’a göndererek geographically separated incomes’i yeniden pool et	Cross-border household
E-863	Economics / Econometrics	Remittance risk sharing	Origin household adverse shock yaşadığında migrant transferi yükselterek consumption smoothing sağlayabilir	Partially observed household shocks
E-864	Economics / Econometrics	Altruistic remittance motive	Origin household welfare düştükçe migrant transfer utility’si yükselsin	Family preferences
E-865	Economics / Econometrics	Exchange-motivated remittance	Remittance yalnız gift değil; property care, services, inheritance claims vb karşılığında implicit exchange olabilir	Repeated family relationship
E-866	Economics / Econometrics	Strategic inheritance remittance	Future inheritance/access beklentisi current transfer behavior’ını değiştirebilir	Family asset control
E-867	Economics / Econometrics	Remittance transaction-cost wedge	Same desired transfer, transfer fee/exchange friction yükseldikçe recipient’a daha az ulaşır veya transfer frequency değişir	Payment friction
E-868	Economics / Econometrics	Migration-network cost reduction	Earlier migrants destination information/housing/jobs vererek later migrants’ın migration fixed cost’unu düşürür	Social network
E-869	Economics / Econometrics	Chain migration	Bir migrant destination foothold kurar → relatives/network members için migration probability artar → network daha da büyür	Endogenous migrant network
E-870	Economics / Econometrics	Diaspora information bridge	Migrants origin ve destination markets hakkında bilateral knowledge taşıyıp trade/investment matching friction’ını azaltabilir	Cross-country information
E-871	Economics / Econometrics	Brain drain	High-skill worker departure origin economy’nin domestic skill stock/public-service capacity’sini azaltabilir	Skilled emigration
E-872	Economics / Econometrics	Prospective brain gain	Migration option education return’ünü yükseltirse migration gerçekleşmeden önce daha çok individuals skill investment yapabilir	Migration probability + education
E-873	Economics / Econometrics	Retained brain-gain component	More people educate themselves because migration possible, fakat hepsi emigrate etmez; remaining skilled stock yükselebilir	Uncertain migration
E-874	Economics / Econometrics	Return-migration skill transfer	Migrant acquired knowledge/capital/network ile origin’e geri dönüp local productivity stock’una re-enter eder	Temporary migration
E-875	Economics / Econometrics	Circular migration	Worker once-and-for-all relocate etmek yerine repeated origin↔destination movement ile incomes/skills/network’i iki yerde bağlar	Repeat mobility
E-876	Economics / Econometrics	Remittance-dependent labor response	Transfer recipient household local labor supply/risk-taking/enterprise choice’ını change edebilir	Nonlabor income
E-877	Economics / Econometrics	Split-household information asymmetry	Migrant origin household’ın exact need/use actions’ını, household da migrant earnings/actions’ını tam gözlemleyemez	Geographic separation
E-878	Economics / Econometrics	Earmarked/controlled remittance	Migrant generic cash yerine designated account/good/payment channel kullanarak transferin use margin’ını partly control eder	Intra-household agency
E-879	Economics / Econometrics	Migration financing constraint	Potential migrant high future earnings taşısa bile upfront travel/recruitment/visa cost’u finance edemiyorsa move gerçekleşmez	Upfront liquidity
E-880	Economics / Econometrics	Network-financed migration	Existing migrant/community network upfront migration cost veya insurance sağlayıp otherwise constrained move’u mümkün kılar	Social finance
E-881	Economics / Econometrics	Open-account trade	Seller goods’u şimdi yollar; buyer later pays; seller buyer-credit riskini taşır	Trust-based trade
E-882	Economics / Econometrics	Advance payment	Buyer önce öder; seller payment riskinden korunur ama buyer delivery/performance riskini taşır	Prepayment
E-883	Economics / Econometrics	Trade-credit term	Seller buyer’a explicit payment delay vererek transaction yanında short-term financing de sağlar	Supplier financing
E-884	Economics / Econometrics	Documentary collection	Banks payment guarantee vermeden shipping/title documents’i payment/acceptance karşılığında exchange eder	Documentary intermediation
E-885	Economics / Econometrics	Letter of credit	Buyer’s bank compliant documents sunulursa seller’a payment commitment verir	Bank-guaranteed documentary trade
E-886	Economics / Econometrics	Confirmed letter of credit	Seller yalnız issuing bank/country riskini taşımak istemez; second bank payment promise ekler	Cross-border bank risk
E-887	Economics / Econometrics	Documentary compliance trigger	Bank goods’un economic quality’sini değil specified documents’ın contract terms’e uyup uymadığını kontrol eder	Document-based guarantee
E-888	Economics / Econometrics	Discrepancy risk	Physical shipment doğru olsa bile document mismatch payment delay/refusal yaratabilir	Documentary conditions
E-889	Economics / Econometrics	LC discounting	Future bank-guaranteed receivable today financer’a discount ederek exporter working capital’a çevrilir	Bankable receivable
E-890	Economics / Econometrics	Factoring	Seller receivables’i financier’a assign/sell ederek collection delay’i immediate liquidity’ye çevirir	Accounts receivable
E-891	Economics / Econometrics	Reverse factoring	Strong buyer approved invoice’i doğrular; supplier financing buyer credit quality üzerinden cheaper hale gelebilir	Buyer-confirmed payables
E-892	Economics / Econometrics	Forfaiting	Medium/longer-term export receivables often without recourse şekilde financier’a satılır	Export receivables
E-893	Economics / Econometrics	Inventory finance	Goods themselves collateral/control object olur; financier inventory value/release üzerinde rights taşır	Tradable inventory
E-894	Economics / Econometrics	Warehouse-receipt finance	Independent warehouse stored goods’u certify eder; receipt collateralizable claim’e dönüşür	Verifiable warehousing
E-895	Economics / Econometrics	Performance bond	Contractor promised performance’i yerine getirmezse guarantor beneficiary’ye specified compensation sağlar	Service/project contract
E-896	Economics / Econometrics	Bid bond	Winning bidder contract’tan kaçarsa buyer’ın rebid/transaction loss’unun bir kısmını guarantee et	Procurement bidding
E-897	Economics / Econometrics	Payment guarantee	Buyer ödeme yapmazsa guarantor seller’a payment sağlar	Trade credit risk
E-898	Economics / Econometrics	Documentary risk substitution	Seller unknown foreign buyer yerine bank/guarantor credit quality’sine exposure taşır	Intermediated trade
E-899	Economics / Econometrics	Supply-chain finance anchor mechanism	Financier weak supplier’ı yalnız standalone balance sheet’iyle değil strong anchor buyer’ın verified transactions’ı üzerinden fund eder	Network-based credit
E-900	Economics / Econometrics	Transaction-verifiability financing	Physical commercial event digital/documentary evidence ürettikçe financier cash flow’un gerçekten trade-linked olduğunu daha iyi verify eder	Observable supply-chain records
E-901	Economics / Econometrics	Scarce-reserves regime	Banks aggregate reserves için actively compete eder; small reserve-supply shifts overnight rate’i materially değiştirebilir	Low reserve supply
E-902	Economics / Econometrics	Ample-reserves regime	Reserve supply demand curve’nin sufficiently flat region’ında tutulur; daily quantity fine-tuning yerine administered rates rate control’ü anchor eder	Ample central-bank reserves
E-903	Economics / Econometrics	Reserve-demand curve	Reserve quantity azaldıkça extra reserve unit’in marginal liquidity value’si yükselir	Bank reserve demand
E-904	Economics / Econometrics	Reserve-scarcity kink	Reserves sufficiently low region’a yaklaşınca small quantity decline market rates/volatility üzerinde disproportionately large effect yaratabilir	Nonlinear reserve demand
E-905	Economics / Econometrics	Interest on reserve balances — IORB	Eligible banks için reserves’i Fed’de tutmanın administered return’ünü belirle; alternative overnight lending için benchmark oluştur	Depository institutions
E-906	Economics / Econometrics	Floor-system implementation	Reserve quantity abundant/ample iken market overnight rate’i administered-rate opportunity costs yakınında steer et	Ample reserves
E-907	Economics / Econometrics	Corridor-system implementation	Deposit/floor facility ile lending/ceiling facility arasında market overnight rate için bounded corridor oluştur	Scarcer reserves
E-908	Economics / Econometrics	Overnight reverse repo facility	Banks dışındaki eligible cash investors’a central-bank overnight investment option ver	Broader money-market counterparties
E-909	Economics / Econometrics	Reservation-rate floor	Lender central bank facility’de $r$ kazanabiliyorsa private borrower’a materially lower rate’den lend etme incentive’i azalır	Accessible standing facility
E-910	Economics / Econometrics	Standing repo facility	Eligible counterparties collateral karşılığında standing overnight cash source’una erişebilir; severe upward funding pressure’a backstop oluşturur	Secured money market
E-911	Economics / Econometrics	Discount-window backstop	Depository institution private funding unavailable/expensive olduğunda central-bank credit channel’ına başvurabilir	Eligible banks
E-912	Economics / Econometrics	Open-market reserve injection	Central bank securities satın aldığında banking system reserve balances artırılabilir	Central-bank balance sheet
E-913	Economics / Econometrics	Balance-sheet runoff reserve drainage	Central-bank assets mature/run off oldukça liabilities composition’a bağlı olarak reserves aşağı gelebilir	QT/runoff
E-914	Economics / Econometrics	Treasury General Account reserve displacement	Treasury balance Fed’de yükseldiğinde, diğer things equal, banking-system reserves azalabilir	Central-bank liability composition
E-915	Economics / Econometrics	Calendar liquidity shock	Tax dates/Treasury settlement dates large predictable balance movements ile temporary reserve/funding pressure yaratabilir	Payment calendar
E-916	Economics / Econometrics	Reserve-distribution friction	Aggregate reserves sufficient görünse bile wrong institutions’da concentrated ise local funding scarcity persist edebilir	Heterogeneous banks
E-917	Economics / Econometrics	Repo-rate scarcity signal	Repo rates administered benchmarks’a relative firmleşmeye başladığında reserve/liquidity conditions tightening signal’i taşıyabilir	Secured funding market
E-918	Economics / Econometrics	Reserve-management purchase	Policy stance’ı değiştirmek için değil ample reserve supply maintain etmek amacıyla securities purchase et	Implementation balance sheet
E-919	Economics / Econometrics	Balance-sheet-size / rate-control separation	Administered-rate framework altında same target-rate control belirli range’de different aggregate balance-sheet sizes ile coexist edebilir	Ample reserves
E-920	Economics / Econometrics	Administered-rate transmission	Central-bank standing rates private lenders’ın reservation opportunities’ını değiştirip money-market rates’e propagate olur	Arbitrage/opportunity costs
E-921	Economics / Econometrics	Spot–futures cost-of-carry relation	Commodity’yi bugün satın alıp future’a taşımanın finance+storage costs’i spot ve futures prices arasında arbitrage relation yaratır	Storable commodity
E-922	Economics / Econometrics	Cash-and-carry arbitrage	Futures sufficiently expensive ise commodity spot al → finance/store et → futures üzerinden future sale lock et	Storage available
E-923	Economics / Econometrics	Reverse cash-and-carry	Futures sufficiently cheap ise physical/borrowable commodity short/sell et → futures’la later replace et	Shortability
E-924	Economics / Econometrics	Futures basis	Spot ve futures price difference inventory/funding/storage state hakkında compact market signal taşır	Commodity term structure
E-925	Economics / Econometrics	Calendar spread	Aynı commodity’nin two maturities futures prices difference’ı intertemporal scarcity/storage signal taşır	Futures curve
E-926	Economics / Econometrics	Storage arbitrage band	Interest, physical storage, spoilage, transaction and shorting frictions exact spot–future equality yerine no-arbitrage band yaratır	Frictional storage
E-927	Economics / Econometrics	Inventory carry decision	One unit’i bugün satmak yerine store etmek future sale option/value’si için current revenue’dan vazgeçmektir	Physical inventory
E-928	Economics / Econometrics	Stockout-avoidance value	Inventory yalnız speculative asset değildir; unforeseen demand/production disruption geldiğinde physical availability sağlar	Operational commodity demand
E-929	Economics / Econometrics	Inventory-dependent scarcity value	Physical stocks çok düşükken one extra inventory unit’in operational/convenience value’si disproportionately büyüyebilir	Nonlinear inventory value
E-930	Economics / Econometrics	Working storage relation	Futures basis/convenience-like scarcity value inventory level ile nonlinear relation taşıyabilir	Theory of storage
E-931	Economics / Econometrics	Backwardation scarcity regime	Near-term physical commodity future delivery’den expensive olduğunda immediate availability shortage/scarcity signal’i taşıyabilir	Low inventories
E-932	Economics / Econometrics	Contango carry regime	Futures price spot’un sufficiently üstündeyse storing inventory future delivery için economically compensated olabilir	Positive carry
E-933	Economics / Econometrics	Nonnegative inventory constraint	Physical stocks zero’nun altına inemez; desired negative inventory impossible olduğunda price adjustment quantity adjustment’ın yerini alır	Physical commodity
E-934	Economics / Econometrics	Stockout regime	Inventory zero boundary’ye çarpınca consumption/production demand current physical supply üzerinden directly clear olmak zorunda	Inventory boundary
E-935	Economics / Econometrics	Storage-capacity shadow value	Tanks/silos/warehouses full’e yaklaşınca extra storage-space unit itself scarce resource haline gelir	Finite storage capacity
E-936	Economics / Econometrics	Storage congestion	Commodity abundant olsa bile storage slots scarce ise carrying cost/endogenous price spread keskin değişebilir	Capacity bottleneck
E-937	Economics / Econometrics	Seasonal inventory accumulation	Predictable future scarcity season’i için earlier surplus döneminde stocks deliberately build edilir	Seasonal supply/demand
E-938	Economics / Econometrics	Seasonal inventory drawdown	Scarcity/high-demand season’da previously accumulated physical stock systematically release edilir	Seasonal cycle
E-939	Economics / Econometrics	Harvest-storage smoothing	Large discrete harvest inflow instantly consumed edilmez; storage supply’ı calendar boyunca redistribute eder	Agricultural commodity
E-940	Economics / Econometrics	Inventory state as futures-risk signal	Futures return/risk premium same commodity’de time boyunca inventory state’e göre farklılaşabilir	Inventory-dependent risk
E-941	Economics / Econometrics	Fixed-fee patent license	Licensee technology-use right için upfront fixed amount öder; marginal output tax edilmez	Verifiable ownership right
E-942	Economics / Econometrics	Per-unit royalty	Licensee each output unit başına licensor’a payment yapar	Observable quantity
E-943	Economics / Econometrics	Ad-valorem royalty	Payment output quantity değil realized sales/revenue’nun fraction’ına bağlıdır	Observable revenue
E-944	Economics / Econometrics	Two-part licensing tariff	Fixed fee + running royalty’yi combine ederek surplus extraction ve marginal incentives’i separately tune et	Technology license
E-945	Economics / Econometrics	Exclusive license	Licensor technology-use right’ını specified field/market’te yalnız one licensee’ye verir	Rival licensees excluded
E-946	Economics / Econometrics	Nonexclusive licensing	Aynı technology several firms’e simultaneously license edilebilir	Multiple licensees
E-947	Economics / Econometrics	Field-of-use restriction	Licensee technology’yi yalnız specified application/industry/product class’ta kullanabilir	Contractual scope
E-948	Economics / Econometrics	Geographic licensing scope	Rights only specified countries/territories’de geçerli olsun	Territorial restriction
E-949	Economics / Econometrics	Sublicensing right	Licensee acquired rights’in bir kısmını third parties’e transfer edebilsin	Delegated licensing
E-950	Economics / Econometrics	Minimum annual royalty	Sales düşük olsa bile yearly minimum payment iste; inactive licensee’nin right’ı cheaply warehouse etmesini zorlaştır	Commercialization discipline
E-951	Economics / Econometrics	Milestone payment	Payment development/regulatory/commercialization stage gerçekleşince trigger olsun	Verifiable development event
E-952	Economics / Econometrics	Royalty-linked inventor incentive	Inventor future commercialization success’tan share aldığında post-license development assistance effort incentive’i korunabilir	Inventor moral hazard
E-953	Economics / Econometrics	Equity-based license consideration	Cash/royalty yerine veya yanında licensee equity stake transfer ederek licensor payoff’u upside’a bağla	Startup licensee
E-954	Economics / Econometrics	Shelving incentive	Firm technology’yi develop etmek için değil competing technology’yi block etmek için license alıp dormant tutabilir	Strategic acquisition
E-955	Economics / Econometrics	Annual-fee anti-shelving mechanism	Technology inactive kalsa bile recurring fee ödendiği için unused license holding costly hale gelir	Dormant license
E-956	Economics / Econometrics	License take-back / reversion	Commercialization obligations karşılanmazsa rights licensor’a geri dönebilsin	Performance contingency
E-957	Economics / Econometrics	Grant-back clause	Licensee underlying technology üzerinde improvements üretirse specified improvement rights’in bir kısmını original licensor’a geri verir	Follow-on innovation
E-958	Economics / Econometrics	Patent pool	Complementary patent owners rights’i package olarak jointly license ederek multi-licensor transaction burden’ını azalt	Multiple essential patents
E-959	Economics / Econometrics	Royalty stacking	One product several separate patent licenses gerektiriyorsa individual royalties accumulate edip total marginal burden büyür	Fragmented IP rights
E-960	Economics / Econometrics	Compulsory licensing	Right holder’ın voluntary consent’i olmadan legally specified compensation altında others’a use right aç	Regulatory intervention
E-961	Economics / Econometrics	ROSCA fixed contribution	Group members regular fixed amount common pot’a yatırır	Informal savings group
E-962	Economics / Econometrics	Rotating lump-sum allocation	Each period accumulated pot one member’a gider; zamanla all members one lump sum receive eder	Repeated group
E-963	Economics / Econometrics	Random-order ROSCA	Pot recipient order lottery/random rule ile belirlenir	Ex ante symmetric members
E-964	Economics / Econometrics	Bidding ROSCA	Pot’u earlier almak için members current round’da discount/bid compete eder; urgency/value allocation’ı etkiler	Endogenous priority
E-965	Economics / Econometrics	ROSCA forced illiquidity	Small contributions freely withdrawn edilemez; future lump sum’a kadar resources locked olur	Commitment savings
E-966	Economics / Econometrics	Social-pressure commitment	Saving private promise olmaktan çıkar; missed contribution visible group norm violation olur	Repeated social group
E-967	Economics / Econometrics	Group-lending joint liability	One borrower default ederse repayment burden/access consequences peers’e de düşebilir	Group microcredit
E-968	Economics / Econometrics	Peer selection	Borrowers lender’dan daha iyi local information kullanarak reliable partners’la group kurmaya çalışır	Endogenous group formation
E-969	Economics / Econometrics	Peer monitoring	Group members geographically/socially close olduğu için lender’ın göremediği effort/project behavior’ını observe edebilir	Local information
E-970	Economics / Econometrics	Peer enforcement	Formal collateral yerine future group access/social sanction default cost’u yaratabilir	Repeated interaction
E-971	Economics / Econometrics	Dynamic repayment incentive	Current repayment future larger/repeat loan access’in condition’ı olur	Repeated credit
E-972	Economics / Econometrics	Progressive lending	Successful repayment sonrası borrowing limit size’ı stepwise yükselir	Performance-contingent credit
E-973	Economics / Econometrics	Commitment savings account	Deposits predetermined date/target condition gelmeden freely withdrawn edilemesin	Self-control demand
E-974	Economics / Econometrics	Hard commitment penalty	Saving/repayment schedule breach explicit financial loss üretir	Contractual penalty
E-975	Economics / Econometrics	Soft commitment reminder	Rule’u violate etmeyi legally block etmeden attention/social salience üzerinden compliance teşvik et	Behavioral friction
E-976	Economics / Econometrics	Flexible commitment	Schedule discipline korunurken limited postponement/skipping option ekle	Income-shock exposure
E-977	Economics / Econometrics	Lockbox mechanism	Funds physically/access-wise separated tutulup impulsive immediate spending zorlaştırılır	Low-tech commitment
E-978	Economics / Econometrics	Group savings as emergency insurance	Pot/contributions formal insurance olmadan member shock’larında social support/temporary liquidity channel’ına dönüşebilir	Reciprocal group
E-979	Economics / Econometrics	Microcredit as liquidity flexibility	Small loan highly profitable enterprise yaratmasa bile household’ın irregular expenditures/income timing mismatch’ını bridge edebilir	Credit-constrained household
E-980	Economics / Econometrics	Commitment–flexibility tradeoff	Stronger withdrawal/repayment restriction self-control’u improve edebilir ama genuine adverse shock’ta adaptation capacity’sini azaltır	Uncertain household cash flow
E-981	Economics / Econometrics	Indemnity insurance	Payout observed individual realized loss’a bağlı olsun	Verifiable loss
E-982	Economics / Econometrics	Deductible	Initial loss segment insured üzerinde kalsın; insurer only threshold üstünü ödesin	Partial risk sharing
E-983	Economics / Econometrics	Coinsurance	Threshold sonrası loss’un yalnız fixed fraction’ını insurer taşısın	Shared marginal loss
E-984	Economics / Econometrics	Policy limit	Insurer liability upper cap’e ulaşınca additional loss yeniden insured üzerinde kalsın	Tail exposure
E-985	Economics / Econometrics	Experience rating	Future premium current/past claims history’ye bağlı olsun	Repeated insurance
E-986	Economics / Econometrics	No-claims bonus	Claim-free history future premium discount üretir; small claims filing incentive’i düşebilir	Repeated contract
E-987	Economics / Econometrics	Moral-hazard deductible mechanism	Insured her small loss’un tamamından protected değilse preventive effort/claim discipline incentive’i partly korunur	Hidden prevention/action
E-988	Economics / Econometrics	Adverse-selection screening menu	Different deductible/premium combinations offer et; hidden risk types self-select etsin	Private risk type
E-989	Economics / Econometrics	Index insurance	Individual realized loss inspect etme; observable external index threshold’a ulaşınca payout yap	Weather/area/index risk
E-990	Economics / Econometrics	Parametric trigger	Rainfall, wind speed, earthquake magnitude vb measurable parameter contract trigger’ını mechanically determine etsin	Verifiable external signal
E-991	Economics / Econometrics	Basis risk	Index payout actual individual loss’la imperfect match ettiği için loss without payout veya payout without loss mümkün	Proxy-based insurance
E-992	Economics / Econometrics	Spatial basis risk	Weather station/satellite area condition’i insured’s exact location shock’ından farklı olabilir	Geographic mismatch
E-993	Economics / Econometrics	Temporal basis risk	Index relevant cumulative/measurement window individual loss-producing time pattern’ını miss edebilir	Timing mismatch
E-994	Economics / Econometrics	Product-design basis risk	Index variable doğru measured olsa bile chosen trigger/formula underlying damage mapping’ini yanlış represent edebilir	Model mismatch
E-995	Economics / Econometrics	Index granularity tradeoff	More local/specific index loss correlation’ını improve edebilir ama measurement noise/manipulation/admin cost artabilir	Resolution tradeoff
E-996	Economics / Econometrics	Manipulation-resistant trigger	Payout individually reported loss yerine independently observed signal’a bağlanınca insured’ın payout’u kendi action/reporting’iyle artırması zorlaşır	Moral hazard reduction
E-997	Economics / Econometrics	Claims-adjustment elimination	Individual inspections/loss verification kaldırılınca payout speed/admin cost improve olabilir	Index contract
E-998	Economics / Econometrics	Catastrophe layer	Insurance ordinary high-frequency losses değil specified extreme-loss interval’ını cover etsin	Layered loss distribution
E-999	Economics / Econometrics	Reinsurance attachment/exhaustion	Primary insurer losses threshold’u geçince reinsurer layer açılır; upper point’te reinsurer liability dolar	Risk-layer transfer
E-1000	Economics / Econometrics	Verification–basis-risk tradeoff	Loss’u directly verify etmek costly/manipulable olabilir; proxy index cheap/clean olur ama individual loss mismatch risk’i yaratır	Insurance information architecture
P-001	Physics	Conservation law	Stuff can move between places/forms but total amount does not spontaneously change	Physical conservation symmetry/law
P-002	Physics	Continuity equation	Local stock changes because material flows in or out	Conservation + flux
P-003	Physics	Diffusion	Local differences cause spreading until contrast weakens	Random motion/gradient-driven transport
P-004	Physics	Advection	A field is carried along by bulk motion	Velocity field
P-005	Physics	Reaction	Existing quantities locally transform into each other	Reaction law/stoichiometry
P-006	Physics	Reaction–diffusion	Things transform locally while simultaneously spreading spatially	Combination of reaction and transport
P-007	Physics	Wave propagation	Disturbance moves while retaining oscillatory structure because local changes feed neighboring changes	Hyperbolic dynamics/finite propagation
P-008	Physics	Resonance	Repeated forcing at the right rhythm accumulates rather than canceling	Frequency relation + low enough damping
P-009	Physics	Damping	Motion loses organized amplitude into other degrees of freedom	Dissipation
P-010	Physics	Hysteresis	Current response depends on how the present state was reached	Memory/path dependence
P-011	Physics	Phase transition	Small parameter change can reorganize collective behavior qualitatively	Many-body/cooperative structure
P-012	Physics	Critical point	Correlation scale grows and normal local approximations can fail	Near transition
P-013	Physics	Renormalization	Repeatedly zoom out and update effective rules; irrelevant details disappear, relevant ones survive	Scale transformation
P-014	Physics	Symmetry breaking	Rules are symmetric but realized state picks one of equivalent possibilities	Degeneracy/instability
P-015	Physics	Noether mechanism	A continuous symmetry implies a conserved quantity	Action/Lagrangian symmetry
P-016	Physics	Least action	Actual path makes an accumulated quantity stationary	Correct variational physical law
P-017	Physics	Entropy production	Many microscopic possibilities produce a preferred macroscopic direction of evolution	Coarse-graining/statistical mechanics
P-018	Physics	Detailed balance	Every microscopic transition is exactly balanced by its reverse at equilibrium	Equilibrium/reversibility
P-019	Physics	Metastability	System can remain a very long time in a locally stable state before rare escape	Energy/free-energy barrier
P-020	Physics	Nucleation	A new phase needs a sufficiently large seed before growth beats surface cost	Competing bulk/surface effects
P-021	Physics	Screening	Many interacting units rearrange so a long-range influence becomes weaker at distance	Mobile compensating degrees of freedom
P-022	Physics	Localization	Disorder/interference prevents what normally spreads from traveling far	Interference/disorder
P-023	Physics	Percolation	Global connectivity suddenly appears once enough local connections exist	Random connectivity structure
P-024	Physics	Self-organized criticality	Driven dissipative system can move itself toward avalanche-like scale-free behavior	Slow drive + threshold release
P-025	Physics	Mode locking	Oscillator frequencies become trapped in rational relationships	Nonlinear forcing
P-026	Physics	Parametric resonance	Varying a system parameter at the right rhythm amplifies motion	Time-varying coefficients
P-027	Physics	Landau damping	Collective field decays without ordinary collisions because particles dephase	Distribution of velocities/phase mixing
P-028	Physics	Kramers escape	Noise occasionally pushes a system over a stability barrier	Rare fluctuations + barrier
P-029	Physics	Boundary condition	Interior law does not determine solution until behavior at edges is supplied	Domain/boundary physics
P-030	Physics	Effective theory	Ignore inaccessible microscopic detail but preserve its large-scale consequences in a reduced rule	Scale separation/controlled approximation
P-031	Physics	Random walk	Repeated small random moves accumulate into wandering	Step distribution/dependence
P-032	Physics	Brownian motion	Infinitely many tiny random moves produce continuous irregular motion	Diffusive scaling
P-033	Physics	Anomalous diffusion	Spread grows at a nonstandard rate because steps/waits have unusual structure	Heavy tails/memory/traps
P-034	Physics	Lévy flight	Rare very large jumps dominate displacement	Heavy-tailed jump lengths
P-035	Physics	Continuous-time random walk	Separate randomness in jump size from randomness in waiting time	Renewal structure
P-036	Physics	Persistent random walk	Motion tends to keep its previous direction for a while	Directional memory
P-037	Physics	Telegraph process	Move between discrete velocities/states with random switching	Finite switching rates
P-038	Physics	Ballistic transport	Motion travels roughly linearly with time instead of diffusing	Weak scattering
P-039	Physics	Diffusive transport	Many scattering events turn directed motion into spreading	Local randomization
P-040	Physics	Subdiffusion	Trapping/waiting makes spread slower than ordinary diffusion	Long waiting times
P-041	Physics	Superdiffusion	Correlations/large jumps make spread faster than ordinary diffusion	Long-range effects
P-042	Physics	Anderson transition	Increasing disorder can switch system from extended transport to localization	Quantum interference/disorder
P-043	Physics	Mobility edge	Only some energy ranges remain extended while others localize	Spectral/disorder structure
P-044	Physics	Band gap	Certain energy ranges cannot propagate through periodic medium	Periodicity/wave interference
P-045	Physics	Bloch state	In periodic structure, wave repeats up to a phase factor	Translational symmetry
P-046	Physics	Fermi surface	Many-particle behavior is dominated by states near an occupancy boundary	Fermionic statistics
P-047	Physics	Quasiparticle	Replace complicated collective interactions with effective particle-like excitations	Controlled low-energy approximation
P-048	Physics	Screening length	Compensation suppresses an influence beyond a characteristic distance	Mobile response
P-049	Physics	Debye relaxation	Disturbance forgets exponentially toward equilibrium with one dominant timescale	Linear single-time relaxation
P-050	Physics	Stretched exponential relaxation	Many timescales produce slower non-single-exponential decay	Heterogeneous relaxation
P-051	Physics	Aging	Response depends on how long system has existed since preparation	Broken time-translation invariance
P-052	Physics	Glass transition	Dynamics become extremely slow without ordinary crystalline ordering	Frustration/complex energy landscape
P-053	Physics	Jamming	System loses ability to rearrange when density/load/constraints cross a threshold	Geometric/mechanical constraints
P-054	Physics	Avalanche	Small trigger produces cascading rearrangements of widely varying size	Threshold interactions
P-055	Physics	Depinning	Driven structure stays stuck until force crosses threshold, then moves collectively	Disorder + pinning
P-056	Physics	Stick-slip	Slow loading alternates with rapid release	Friction/threshold/storage
P-057	Physics	Synchronization	Interacting oscillators adjust until rhythms lock	Coupling
P-058	Physics	Chimera state	Identical coupled units split into synchronized and unsynchronized groups	Nonlocal/nonlinear coupling
P-059	Physics	Chaos	Deterministic rules amplify tiny initial differences into very different futures	Nonlinearity/sensitive dependence
P-060	Physics	Lyapunov exponent	Measure how quickly nearby trajectories separate or converge	Dynamical-system metric
P-061	Physics	Mode coupling	Different patterns interact so energy/information moves between modes	Nonlinear interactions
P-062	Physics	Phase mixing	Parts rotate/evolve at different rates so their organized sum cancels despite each part persisting	Distribution of frequencies
P-063	Physics	Echo phenomenon	Information apparently lost by dephasing can reappear when dynamics re-align phases	Reversible microscopic structure
P-064	Physics	Fermi acceleration	Repeated encounters with moving boundaries can systematically increase particle energy	Timing/collision dynamics
P-065	Physics	Stochastic resonance	Adding some noise can make a weak periodic signal easier to detect	Threshold/nonlinear system
P-066	Physics	Coherence resonance	Noise itself can create more regular oscillations than zero noise	Excitable dynamics
P-067	Physics	Noise-induced transition	Random fluctuations change the qualitative state occupied by the system	Multiplicative/nonlinear noise
P-068	Physics	Ratchet effect	Unbiased fluctuations plus broken symmetry generate directed motion	Nonequilibrium + asymmetry
P-069	Physics	Brownian motor	Random microscopic motion becomes useful directed transport through asymmetry and nonequilibrium driving	Thermodynamic constraints
P-070	Physics	Negative differential resistance	Increasing the push can reduce the resulting flow over some range	Nonlinear transport
P-071	Physics	Saturation	Increasing input eventually stops producing proportional output	Finite states/resources/nonlinearity
P-072	Physics	Threshold activation	Almost nothing happens until a control variable crosses a critical level	Barrier/nonlinearity
P-073	Physics	Excitability	Small disturbances die but sufficiently large ones trigger a large stereotyped excursion	Threshold + recovery dynamics
P-074	Physics	Refractory period	After a large response the system temporarily cannot respond normally again	Recovery variable
P-075	Physics	Entrainment	External rhythm captures an oscillator so it follows the forcing	Coupling + frequency range
P-076	Physics	Frequency pulling	Interaction shifts oscillator frequencies toward each other without full locking	Weak coupling
P-077	Physics	Beats	Two nearby frequencies repeatedly reinforce and cancel, producing slow envelope variation	Linear superposition
P-078	Physics	Parametric amplification	Pump energy into a system by varying one of its own parameters rather than directly forcing output	Resonant modulation
P-079	Physics	Geometric phase	After parameters complete a cycle, system retains a shift depending on the path taken, not just endpoints	Adiabatic/cyclic geometry
P-080	Physics	Memory kernel	Current evolution depends on a weighted record of earlier states rather than only the present	Non-Markovian dynamics
P-081	Physics	Spinodal decomposition	Sistem zaten kararsız bölgede; küçük fluctuations bile bariyer beklemeden büyür	Free-energy curvature
P-082	Physics	Coarsening	Küçük domains zamanla birleşir/yok olur ve karakteristik yapı büyür	Interfacial energetics
P-083	Physics	Ostwald ripening	Küçük parçalar çözülür, büyükler büyür çünkü curvature küçükleri daha pahalı yapar	Diffusive mass transport
P-084	Physics	Coalescence	İki ayrı yapı temas edip tek büyük yapı olur	Interface/contact dynamics
P-085	Physics	Fragmentation	Büyük yapı süreç içinde daha küçük parçalara ayrılır	Breakage kernel
P-086	Physics	Smoluchowski coagulation	Birçok parçacık belirli karşılaşma hızlarıyla ikişer ikişer birleşir	Collision kernel
P-087	Physics	Gelation	Birleşme süreci sonunda tek dev yapı finite zamanda macroscopic pay kaplar	Kernel growth conditions
P-088	Physics	Kinetic proofreading	Doğru ve yanlış bağlanmayı ayırmak için tek kontrol yerine enerji harcayan ardışık kontroller kullan	Nonequilibrium dissipation
P-089	Physics	Error catastrophe	Kopyalama hatası kritik eşiği geçince organize bilgi sürdürülemez	Replication-selection balance
P-090	Physics	Turing instability	Tek başına stable olan local dynamics, farklı diffusion hızları yüzünden spatial pattern üretir	Reaction-diffusion coupling
P-091	Physics	Pattern selection	Birçok mümkün instability mode’undan yalnız bazı wavelengths sonunda baskın olur	Dispersion/nonlinearity
P-092	Physics	Soliton	Nonlinear steepening ile dispersion birbirini dengeler ve pulse dağılmadan ilerler	Specific nonlinear PDE balance
P-093	Physics	Shock wave	Daha hızlı kısımlar yavaşları yakalar; smooth profile keskin discontinuity’ye çöker	Hyperbolic conservation law
P-094	Physics	Rarefaction wave	Bir discontinuity tek şok olmak yerine açılarak smooth fan oluşturur	Characteristic ordering
P-095	Physics	Characteristics	PDE’de bilginin hangi yollar boyunca taşındığını takip et	Hyperbolic structure
P-096	Physics	Caustic	Yakın yollar aynı bölgeye yığılıp yoğunluğu aşırı büyütür	Geometric focusing
P-097	Physics	Dispersion	Farklı frequencies farklı hızlarda ilerlediği için başlangıç şekli zamanla yayılır	Frequency-dependent propagation
P-098	Physics	Non-normal transient growth	Bütün eigenmodes sonunda sönse bile birbirine eğik directions geçici dev amplification yaratabilir	Non-orthogonal operator
P-099	Physics	Pseudospectrum	Küçük operator hatası eigenvalue’ları beklenenden çok oynatabiliyorsa nominal spectrum yanıltıcıdır	Non-normal/sensitive operator
P-100	Physics	Exceptional point	İki mode sadece aynı eigenvalue’ya değil aynı eigenvector’a da çökerek aşırı sensitivity yaratır	Non-Hermitian parameter tuning
P-101	Physics	Kubo linear response	Sistemi çok az dürt; response’un ne kadarını equilibrium fluctuations zaten söylüyor bak	Near-equilibrium
P-102	Physics	Fluctuation–dissipation theorem	Sistem kendiliğinden ne kadar oynuyorsa dışarıdan küçük dürtüye response’u onunla bağlantılıdır	Equilibrium/time-reversal conditions
P-103	Physics	Onsager reciprocity	Bir flux’u süren force ile ters eş process arasında symmetric relation olabilir	Near equilibrium + microscopic reversibility
P-104	Physics	Green–Kubo relation	Macroscopic transport coefficient’i microscopic spontaneous correlation’ların zaman integralinden çıkar	Equilibrium statistical mechanics
P-105	Physics	Mori projection	Çok büyük system dynamics’inden sadece seçtiğin observables’ı tut; kalanların etkisi memory + noise olarak geri gelir	Projection formalism
P-106	Physics	Zwanzig projection	“Relevant variables” ile geri kalan degrees of freedom’ı projection ile ayır	Chosen relevant subspace
P-107	Physics	Generalized Langevin equation	Unuttuğun microscopic variables current state’e memory kernel ve colored noise olarak geri döner	Exact projected dynamics
P-108	Physics	Adiabatic elimination	Çok hızlı variable hemen dengeye geliyor varsay; onu ayrı state olarak taşımadan slow dynamics’e göm	Time-scale separation
P-109	Physics	Born–Oppenheimer separation	Ağır/yavaş ve hafif/hızlı parçaları farklı time scales’larda çöz	Mass/time-scale hierarchy
P-110	Physics	Multiple-scale analysis	Aynı variable’ın fast oscillation ve slow envelope davranışını ayrı saatlerle takip et	Separated scales
P-111	Physics	Averaging theorem	Fast cycle’ın her detayını takip etmek yerine slow variable üzerinde cycle-average etkisini kullan	Fast periodic/ergodic motion
P-112	Physics	Secular term removal	Approximation’da zamanla büyüyüp sonunda her şeyi bozan sahte terimi coordinate/frequency correction ile kaldır	Perturbation theory
P-113	Physics	Poincaré–Lindstedt	Oscillation period’u da perturbation’la beraber düzelt ki approximation uzun zamanda drift etmesin	Weak nonlinearity
P-114	Physics	Kapitza stabilization	Çok hızlı titreşim, normalde unstable olan slow configuration’ı effective olarak stable yapabilir	High-frequency forcing
P-115	Physics	Dynamic stabilization	Instantaneous force hep “stabilizing” görünmese de fast motion average effective potential’ı değiştirir	Multi-scale forcing
P-116	Physics	Landau–Zener crossing	İki state’in enerji seviyeleri yaklaşırken geçiş ihtimali sweep speed’e bağlı olur	Avoided crossing
P-117	Physics	Adiabatic theorem	System parameters yeterince yavaş değişirse state instantaneous structure’ı takip eder	Spectral gap + slow variation
P-118	Physics	Kibble–Zurek mechanism	Critical point’e yaklaşırken relaxation çok yavaşlar; dış değişim sistemi takip edemeyecek kadar hızlı hale gelir ve defects freeze olur	Critical slowing down
P-119	Physics	Critical slowing down	Stability kaybolmaya yaklaşınca system perturbation’dan normale dönmekte giderek yavaşlar	Near bifurcation/criticality
P-120	Physics	Early-warning indicators	Transition öncesi recovery yavaşlayınca autocorrelation/variance gibi işaretler büyüyebilir	Specific transition classes
P-121	Physics	Detailed-balance breaking	Forward ve reverse microscopic flows artık eşit değil; circulation oluşur	Nonequilibrium drive
P-122	Physics	Probability current	Distribution stationary olsa bile probability state-space içinde dolaşıyor olabilir	Nonequilibrium steady state
P-123	Physics	Nonequilibrium steady state	Makro distribution sabit görünür ama altta sürekli flux/energy consumption vardır	Open driven system
P-124	Physics	Entropy production rate	Irreversibility’yi microscopic forward/reverse path asymmetry ile ölç	Stochastic thermodynamics
P-125	Physics	Fluctuation theorem	Kısa zamanda “tersine giden” entropy events mümkün ama probability oranı belli law’a uyar	Nonequilibrium path probabilities
P-126	Physics	Jarzynski equality	Equilibrium free-energy difference’ı equilibrium-dışı hızlı work experiments’ın exponential average’ından çıkar	Initial equilibrium
P-127	Physics	Crooks relation	Forward experiment ile time-reversed experiment path probabilities arasından free-energy farkını çıkar	Microscopic reversibility
P-128	Physics	Hatano–Sasa relation	Stationary nonequilibrium states arasında sürerken housekeeping vs excess dissipation ayır	NESS transitions
P-129	Physics	Housekeeping heat	System aynı nonequilibrium state’i korumak için sürekli enerji harcar	Driven steady state
P-130	Physics	Stochastic resetting	Random süreç bazen başlangıç/özel noktaya resetlenir; search time dramatik değişebilir	Reset protocol
P-131	Physics	Restart optimization	Çok uzun süren kötü trajectories’i bırakıp yeniden başlamak mean completion time’ı azaltabilir	Heavy-tail/variable completion time
P-132	Physics	First-passage time	“Nerede olacağım?” değil, bir boundary’ye ilk ne zaman dokunacağım?	Absorbing boundary
P-133	Physics	Mean-recurrence relation	Bir state’e geri dönüş süresi onun stationary probability’siyle bağlantılı	Ergodic Markov process
P-134	Physics	Kramers turnover	Barrier crossing rate friction arttıkça sürekli artmaz/azalmaz; intermediate optimum olabilir	Noise + damping
P-135	Physics	Resonant activation	Fluctuating barrier’ın switching speed’i doğru aralıkta olursa escape daha hızlı olur	Time-dependent barrier
P-136	Physics	Noise-enhanced stability	Noise bazen unstable region’dan escape’i hızlandırmak yerine lifetime’ı uzatabilir	Nonlinear barrier geometry
P-137	Physics	Mpemba effect	Daha sıcak başlangıç bazı koşullarda daha soğuk başlangıçtan önce soğuyabilir	Multiple relaxation modes
P-138	Physics	Kovacs memory effect	Observable equilibrium değerinde olsa bile hidden modes dengesizse sonradan overshoot çıkar	Hidden relaxation modes
P-139	Physics	Aging fluctuation relation	System yaşı arttıkça response/statistics measurement start time’a bağlı hale gelir	Nonstationary aging
P-140	Physics	Weak ergodicity breaking	Tek uzun trajectory’nin time average’ı ensemble average’a yaklaşmayabilir	Heavy-tailed trapping
P-141	Physics	Contact process	Active site komşusunu activate edebilir ama kendisi de die-out olabilir	Local birth-death
P-142	Physics	Voter model	Site rastgele komşusunun state’ini kopyalar	Neutral imitation
P-143	Physics	Ising Glauber dynamics	Local state komşular + noise etkisiyle flip eder	Energy-based stochastic dynamics
P-144	Physics	Kawasaki dynamics	Komşu states yer değiştirir ama toplam conserved quantity korunur	Conserved order parameter
P-145	Physics	Exclusion process	Particles hop etmek ister ama occupied site’a giremez	Hard-core constraint
P-146	Physics	ASEP/TASEP	Exclusion + directional bias collective current ve jams üretir	Driven lattice gas
P-147	Physics	Zero-range process	Bir site’dan çıkış hızı sadece o site’daki occupancy’ye bağlıdır	Mass transport
P-148	Physics	Condensation in zero-range process	Yeterince mass varsa macroscopic fraction tek site’da toplanabilir	Rate-tail conditions
P-149	Physics	Coarsening dynamics	Domains küçükleri kaybedip büyükleri büyüterek characteristic length artırır	Interfacial dynamics
P-150	Physics	Domain-wall motion	Global state change çoğu zaman bulk’un her yerde değişmesiyle değil boundary’nin ilerlemesiyle olur	Interface dynamics
P-151	Physics	Pinning	Interface defect/disorder’a takılıp driving force’a rağmen hareketsiz kalır	Quenched disorder
P-152	Physics	Creep	Threshold altında bile thermal noise çok yavaş activated motion yaratabilir	Barrier activation
P-153	Physics	Griffiths phase	Rare locally ordered regions global transition’dan uzakta bile çok yavaş decay yaratır	Quenched disorder
P-154	Physics	Rare-region effect	Küçük ama olağandışı local bölgeler aggregate long-time behavior’ı domine edebilir	Disorder/extreme heterogeneity
P-155	Physics	Self-averaging	System büyüdükçe sample-to-sample differences küçülür ve tek büyük sample typical olur	Weak enough correlations
P-156	Physics	Non-self-averaging	System çok büyük olsa bile different samples farklı macroscopic outcomes verebilir	Disorder/criticality
P-157	Physics	Finite-size scaling	Infinite-system transition’ı göremesen bile farklı system sizes’daki pattern’i kullanıp limit behavior çıkar	Scaling hypothesis
P-158	Physics	Universality	Microscopic details farklı olsa bile large-scale critical behavior birkaç aggregate property ile aynı olabilir	Shared symmetry/dimension/conservation
P-159	Physics	Dangerous irrelevant variable	Naive scale analysis “önemsiz” der ama bazı observables’ın scaling’ini yine de değiştirir	RG structure
P-160	Physics	Crossover	Bir scale/regime’de bir law, başka scale’de başka law dominate eder; arada geçiş bölgesi vardır	Competing fixed points/scales
P-161	Physics	Energy cascade	Büyük-scale motion doğrudan yok olmaz; energy daha küçük scales’a aktarılıp sonunda dissipate olur	Nonlinear turbulence
P-162	Physics	Inverse cascade	Bazı conserved quantities küçük scale’dan büyük scale’a taşınabilir	2D/quasi-2D turbulence etc.
P-163	Physics	Kolmogorov inertial range	Injection ve dissipation scales arasında detaylardan bağımsız constant flux region oluşur	Turbulent scale separation
P-164	Physics	Intermittency	Ortalama scaling düzgün görünür ama activity space/time’da rare bursts halinde yoğunlaşır	Turbulence/multifractality
P-165	Physics	Vortex stretching	Dönen yapı uzadıkça angular/vorticity intensity büyüyebilir	3D incompressible flow
P-166	Physics	Enstrophy cascade	Vorticity-related quantity başka scale direction’ında taşınır	2D turbulence
P-167	Physics	Coherent structure	Çok noisy turbulent field içinde uzun yaşayan organized patterns taşımanın büyük kısmını üstlenebilir	Nonlinear organization
P-168	Physics	Wave turbulence	Birçok weak wave resonance üzerinden energy distribution yavaşça değişir	Weak nonlinear waves
P-169	Physics	Four-wave mixing	Birkaç wave interaction’ı yeni frequencies/modes üretir	Nonlinear medium + phase matching
P-170	Physics	Modulational instability	Neredeyse uniform wave envelope küçük modulation’ları büyütüp localized packets yaratabilir	Nonlinear dispersion
P-171	Physics	Rogue wave mechanism	Ordinary background’tan rare, aşırı büyük amplitude events nonlinear focusing ile çıkabilir	Specific wave dynamics
P-172	Physics	Anderson localization of waves	Random scattering yayılmayı desteklemek yerine interference ile transmission’ı durdurabilir	Coherent disorder
P-173	Physics	Weak localization	Full localization öncesi reverse paths constructive interference yapıp diffusion’ı azaltır	Phase coherence
P-174	Physics	Coherent backscattering	Reciprocal scattering paths belirli yönde birbirini güçlendirir	Wave interference
P-175	Physics	Anderson orthogonality catastrophe	Local küçük perturbation, çok-particle system büyüdükçe old/new ground states’i neredeyse orthogonal yapabilir	Fermi sea
P-176	Physics	Many-body localization	Interactions olsa bile disorder system’in thermalize olmasını engelleyebilir	Quantum many-body disorder
P-177	Physics	Prethermalization	Full equilibrium çok geç gelir; system önce uzun süre başka quasi-steady structure’da kalır	Separated relaxation times
P-178	Physics	Hydrodynamic long-time tails	Normal exponential relaxation yerine conserved quantities slow algebraic memory bırakır	Conservation + fluctuations
P-179	Physics	Mode-coupling feedback	Bir mode başka modes’u etkiler; onların değişimi geri gelip ilk mode’un relaxation’ını yavaşlatır	Nonlinear self-consistent dynamics
P-180	Physics	Critical opalescence	Correlation length büyüyünce birçok scale’daki density fluctuations güçlü scattering üretir	Near critical point
P-181	Physics	Random-field Ising mechanism	Local units birbirini taklit eder ama her birinin fixed private bias’ı da vardır	Quenched random field
P-182	Physics	Barkhausen noise	Smooth external forcing altında aggregate response smooth değil, avalanche jumps halinde gelir	Pinned domains
P-183	Physics	Return-point memory	Input eski extremum’a döndüğünde system belirli eski internal configuration’a tam dönebilir	Hysteretic ordering
P-184	Physics	Preisach hysteresis	Complex memory’yi farklı up/down thresholds taşıyan çok sayıda basit switches toplamı olarak kur	Hysteron superposition
P-185	Physics	Spin glass	Pairwise preferences birbirleriyle aynı anda tatmin edilemez; çok sayıda competing local minima çıkar	Frustrated disorder
P-186	Physics	Frustration	Her local relation ayrı ayrı mümkün olsa da closed interaction loop hepsinin aynı anda tatminini imkânsız yapar	Incompatible constraints
P-187	Physics	Replica-symmetry breaking	“Typical equilibrium state” tek basin değil, hierarchical çok sayıda state family’sine parçalanır	Mean-field glass models
P-188	Physics	Energy landscape ruggedness	State space çok sayıda valley/barrier içerdiği için local movement global optimum’u kolay bulamaz	Nonconvex landscape
P-189	Physics	Trap model	System çoğunlukla uzun süre random-depth traps’te bekler; dynamics waiting times tarafından domine edilir	Broad trap-depth distribution
P-190	Physics	Activated dynamics	Barrier’ı deterministic aşamıyorsan rare fluctuation bekleyerek geç	Noise + energy barrier
P-191	Physics	Griffith crack criterion	Crack büyüyünce released elastic energy yeni surface yaratma cost’unu aşarsa crack kendi kendine ilerler	Fracture mechanics
P-192	Physics	Stress concentration	Küçük geometric defect local stress’i global average’ın çok üstüne çıkarabilir	Elastic geometry
P-193	Physics	Crack-tip singularity	Failure risk bulk average’da değil defect boundary’sindeki diverging local field’da yaşayabilir	Continuum fracture approximation
P-194	Physics	Fiber-bundle model	Bir element kırılınca yük kalanlara yeniden dağılır ve secondary failures tetikleyebilir	Load-sharing rule
P-195	Physics	Progressive failure	Damage local başlar, redistribution yeni damage üretir, cascade global failure’a dönüşebilir	Interaction/load transfer
P-196	Physics	Percolation threshold	Local connections yavaş yavaş artarken global spanning path bir threshold’da birden ortaya çıkar	Connectivity geometry
P-197	Physics	Bootstrap percolation	Site ancak yeterince active neighbors varsa aktive olur; local threshold global cascade yaratabilir	Deterministic threshold rule
P-198	Physics	k-core collapse	Network’den zayıf nodes’u çıkar; onların çıkması başkalarını zayıflatır; iterative pruning sudden collapse yaratabilir	Minimum-degree constraint
P-199	Physics	Rigidity percolation	Connections sadece connectivity değil, mechanical degrees of freedom’ı da yeterince kısıtladığında system rigid olur	Constraint counting/geometry
P-200	Physics	Jamming transition	Daha fazla particle/constraint sonunda hareket için gerekli free directions’ı ortadan kaldırır	Packing/contact constraints
P-201	Physics	Active matter	Units sadece thermal noise ile hareket etmiyor; kendi enerjilerini kullanıp kendileri propulsion üretiyor	Nonequilibrium particles
P-202	Physics	Motility-induced phase separation	Direct attraction olmasa bile yoğun bölgede yavaşlayan self-propelled particles daha da birikip phase separate olabilir	Density-dependent motility
P-203	Physics	Active turbulence	Çok sayıda self-driven unit chaotic vortical flow oluşturabilir	Active stresses
P-204	Physics	Flocking transition	Local alignment rules global collective direction üretir	Vicsek-type interaction
P-205	Physics	Toner–Tu mechanism	Moving collective, equilibrium symmetry expectations’ından farklı long-range order sürdürebilir	Active nonequilibrium field
P-206	Physics	Chemotaxis	Unit local chemical gradient’i hissedip hareket direction’ını bias eder	Sensing + transport
P-207	Physics	Keller–Segel collapse	Cells attractant üretir, attractant cells’i çeker; positive feedback concentration blow-up yaratabilir	Diffusion vs attraction
P-208	Physics	Marangoni flow	Surface-tension difference interface boyunca fluid motion üretir	Surface gradients
P-209	Physics	Capillary action	Surface energy + geometry fluid’i gravity’ye karşı bile çekebilir	Wetting/interfacial tension
P-210	Physics	Contact-angle hysteresis	Droplet boundary advance ve retreat için farklı thresholds taşır	Surface disorder
P-211	Physics	Viscoelasticity	Material bir yandan spring gibi memory taşır, bir yandan fluid gibi relax eder	Mixed elastic/viscous response
P-212	Physics	Maxwell material	Short time elastic, long time viscous davranış	Single relaxation time
P-213	Physics	Kelvin–Voigt material	Elastic restoring ve viscous damping aynı anda load’a karşı koyar	Parallel constitutive elements
P-214	Physics	Shear thinning	Daha hızlı zorladıkça effective viscosity azalır	Non-Newtonian microstructure
P-215	Physics	Shear thickening	Daha hızlı zorladıkça material daha dirençli hale gelir	Stress-induced contacts/structure
P-216	Physics	Yield stress	Küçük force altında material solid gibi kalır; threshold sonrası flow başlar	Plasticity/jamming
P-217	Physics	Thixotropy	Zorlama material structure’ını zamanla bozar; dinlenince structure geri kurulur	Structural memory
P-218	Physics	Rheopexy	Zorlama bazı materials’da zamanla structure/viscosity’yi artırır	Opposite structural evolution
P-219	Physics	Topological protection	Local perturbations global topological class’ı değiştiremediği için bazı modes robust kalır	Gap/topological invariant
P-220	Physics	Edge state	Bulk izin vermese bile boundary boyunca özel transport mode yaşayabilir	Bulk-boundary correspondence
P-221	Physics	Force chain	Granular yük bütün particles’a eşit dağılmaz; birkaç connected contact path büyük load taşır	Granular contacts
P-222	Physics	Arching	Material load’unu doğrudan aşağı vermek yerine side structures’a yönlendirip kendi altında düşük-pressure region oluşturabilir	Frictional geometry
P-223	Physics	Silo clogging	Outlet açık olsa bile birkaç grain stable arch kurup bütün flow’u durdurabilir	Geometry + friction
P-224	Physics	Intermittent unclogging	Vibration/noise arch’ı kırar; flow tekrar başlar; sonra yeni arch oluşabilir	Driven granular flow
P-225	Physics	Brazil-nut effect	Shaking altında büyük particles beklenmedik şekilde surface’e migrate edebilir	Granular convection/percolation
P-226	Physics	Shear banding	Material’ın tamamı aynı rate’de deform olmak yerine strain dar bölgelerde yoğunlaşır	Nonlinear constitutive law
P-227	Physics	Strain localization	Global deformation küçük görünürken local region çok büyük deformation taşıyabilir	Material instability
P-228	Physics	Plastic yield	Elastic deformation geri döner; threshold sonrası internal structure kalıcı değişir	Yield surface
P-229	Physics	Work hardening	Plastic deformation ilerledikçe sonraki deformation daha zor hale gelir	Dislocation accumulation
P-230	Physics	Softening	Damage/reorganization ilerledikçe sonraki deformation daha kolay hale gelir	Structural degradation
P-231	Physics	Dislocation glide	Crystal deformation bütün lattice’in kaymasıyla değil küçük line defect’in hareketiyle olur	Crystal defects
P-232	Physics	Dislocation pile-up	Moving defects obstacle önünde birikir ve local stress’i büyütür	Barriers
P-233	Physics	Crack fatigue	Tek load failure yaratmaz; çok sayıda küçük cycle defect’i yavaşça büyütür	Cyclic loading
P-234	Physics	Paris-law regime	Crack-growth rate, cyclic stress-intensity range ile systematic ölçek ilişkisi taşır	Fatigue regime
P-235	Physics	Creep rupture	Failure threshold altında constant load bile yeterince uzun tutulursa damage biriktirip rupture yaratabilir	Time-dependent material
P-236	Physics	Hall effect	Moving charges sideways deflect olduğunda transverse voltage oluşur	Magnetic field
P-237	Physics	Skin effect	High-frequency current conductor’ın tamamını değil giderek yüzeye yakın kısmını kullanır	Electromagnetic diffusion
P-238	Physics	Thermophoresis	Temperature gradient particles’ı sıcak/soğuk yönlerden birine bias edebilir	Nonequilibrium thermal field
P-239	Physics	Soret effect	Temperature difference mixture composition’ında concentration gradient yaratabilir	Coupled transport
P-240	Physics	Dufour effect	Concentration gradient yalnız mass flow değil heat flow da üretebilir	Cross-transport coupling
P-241	Physics	Quantum Zeno effect	Sisteme çok sık “değiştin mi?” diye bakmak bazı koşullarda değişimin kendisini yavaşlatabilir	Quantum measurement
P-242	Physics	Anti-Zeno effect	Daha sık measurement bazı frequency regimes’de decay’i yavaşlatmak yerine hızlandırabilir	System-bath spectrum
P-243	Physics	Decoherence	Environment ile interaction, farklı quantum alternatives’ın phase relation’ını görünmez hale getirir	Open quantum system
P-244	Physics	Pointer states	Environment bazı states’i diğerlerinden daha stable şekilde “seçer”; onlar classical-like survive eder	System-environment coupling
P-245	Physics	Dynamical decoupling	İstenmeyen environment interaction’ı hızlı controlled flips ile average ederek bastır	Fast control pulses
P-246	Physics	Spin echo	Farklı local rates yüzünden dephase olan ensemble’ı doğru anda reverse edip tekrar rephase et	Reversible inhomogeneous dephasing
P-247	Physics	Motional narrowing	Environment çok hızlı değişirse heterogeneity’nin etkisi büyümek yerine average olup line width daralabilir	Fast fluctuation regime
P-248	Physics	Kondo screening	Local magnetic impurity, surrounding electrons’ın collective response’u tarafından düşük sıcaklıkta maskelenir	Many-body fermions
P-249	Physics	RKKY interaction	İki distant local moments doğrudan dokunmadan conduction electrons üzerinden effective interaction kurar	Mediating electron sea
P-250	Physics	Cooper pairing	Normalde repelling fermions, lattice-mediated effective interaction ile correlated pairs oluşturabilir	Low-temperature Fermi system
P-251	Physics	Superconducting gap	Collective paired state belirli low-energy excitations’ı yasaklayan energy gap açar	Broken-symmetry superconducting state
P-252	Physics	Meissner effect	Superconductor yalnız düşük resistance değildir; magnetic field’i bulk’tan aktif biçimde dışlar	Superconducting phase
P-253	Physics	Flux quantization	Closed superconducting loop’taki magnetic flux arbitrary değil discrete units halinde değişebilir	Phase single-valuedness
P-254	Physics	Abrikosov vortex	Field tamamen dışlanamayınca quantized flux küçük vortex tubes halinde içeri girer	Type-II superconductor
P-255	Physics	Flux pinning	Vortices defects’e takılır; external force olsa bile kolay hareket edemez	Material disorder
P-256	Physics	Josephson effect	İki coherent superconducting region ince barrier ile ayrılsa bile phase difference current üretebilir	Quantum coherence
P-257	Physics	Phase slip	Order parameter kısa süre çöker; phase bir quantum/winding unit atlayarak system başka flow state’e geçer	Narrow superconducting structure
P-258	Physics	Mott transition	Band theory “metal olmalı” derken strong interactions electrons’ın hareketini kilitleyip insulator yapabilir	Correlation-dominated lattice
P-259	Physics	Peierls instability	1D conducting lattice küçük periodic distortion yaparak electronic energy düşürür ve gap açabilir	Electron-lattice coupling
P-260	Physics	Polaron	Moving particle environment’ı deforme eder; sonra çıplak particle değil kendi deformation cloud’uyla birlikte hareket eder	Particle-medium coupling
P-261	Physics	Rabi oscillation	İki coupled state arasında population düzenli biçimde ileri geri transfer olur	Coherent two-level dynamics
P-262	Physics	Detuning	Driving frequency natural transition’dan uzaklaştıkça transfer efficiency değişir	Driven resonance
P-263	Physics	Adiabatic rapid passage	Exact timing’e hassas pulse yerine parameter’ı yavaşça resonance üzerinden geçirerek robust state transfer yap	Slow sweep/gap
P-264	Physics	Dark state	Coupling paths birbirini cancel ederek dış drive’a rağmen bazı state combination’ı hiç excite olmayabilir	Coherent interference
P-265	Physics	Electromagnetically induced transparency	Normalde absorbing transition’a ikinci coherent path ekle; destructive interference absorption’ı kapatır	Three-level coherence
P-266	Physics	Coherent population trapping	Dynamics bazı special superposition’a girince drive devam etse bile oradan çıkmaz	Dark-state structure
P-267	Physics	Fano resonance	Direct path ile indirect resonant path interference yapıp asymmetric response oluşturur	Competing pathways
P-268	Physics	Autler–Townes splitting	Strong coupling tek resonance’ı dressed-state pair’e böler	Strong coherent drive
P-269	Physics	Purcell effect	Emitter’ın decay rate’i yalnız emitter’a değil surrounding allowed electromagnetic modes’a bağlıdır	Structured environment
P-270	Physics	Inhibited spontaneous emission	Environment final states’i azaltırsa normally spontaneous process ciddi yavaşlayabilir	Density-of-states engineering
P-271	Physics	Cavity QED strong coupling	Matter excitation ve cavity photon ayrı davranmak yerine repeatedly exchange excitation	Coupling > loss scales
P-272	Physics	Vacuum Rabi splitting	Strongly coupled light-matter system tek spectral peak yerine iki hybrid mode üretir	Strong coupling
P-273	Physics	Superradiance	Emitters coherent collective state kurarsa total emission independent emitters toplamından çok daha hızlı olabilir	Cooperative phase coherence
P-274	Physics	Subradiance	Bazı collective combinations interference yüzünden environment’a çok zayıf couple olup uzun yaşayabilir	Collective destructive interference
P-275	Physics	Dicke transition	Çok sayıda emitters ortak field ile collective macroscopic state’e geçebilir	Collective coupling
P-276	Physics	Quantum jump	Continuous smooth state evolution içinde measurement record discrete random transition event’leri gösterebilir	Open quantum trajectory
P-277	Physics	Non-Hermitian loss engineering	Loss sadece damage değildir; hangi modes’un yaşayacağını seçen dynamical filter olarak kullanılabilir	Controlled dissipation
P-278	Physics	PT-symmetry mechanism	Balanced gain/loss system belli regime’e kadar real-like spectrum taşıyabilir; threshold sonrası symmetry breaks	Non-Hermitian balance
P-279	Physics	Bound state in continuum	Energy propagation continuum’unda olmasına rağmen symmetry/interference yüzünden mode dışarı kaçmadan trapped kalabilir	Decoupling condition
P-280	Physics	Exceptional-point encircling	Parameter path exceptional point çevresinde dolaşınca final mode yalnız endpoint’e değil dolaşım path/direction’ına bağlı olabilir	Non-Hermitian topology
P-281	Physics	Kerr nonlinearity	Medium response field gücü arttıkça kendisi değişir; wave kendi propagation condition’ını değiştirir	Intensity-dependent refractive index
P-282	Physics	Self-phase modulation	Pulse’un kendi intensity profile’ı kendi phase’ini farklı zamanlarda farklı değiştirip yeni frequencies üretir	Kerr medium
P-283	Physics	Cross-phase modulation	Bir wave’in intensity’si başka wave’in phase velocity’sini değiştirir	Co-propagating nonlinear waves
P-284	Physics	Self-focusing	Daha intense center refractive index’i değiştirip wave’i lens gibi kendi üzerine toplar	Focusing nonlinearity
P-285	Physics	Optical collapse	Self-focusing diffraction’ı yeterince aşarsa beam width runaway küçülebilir	Nonlinear Schrödinger regime
P-286	Physics	Saturable absorption	Input arttıkça absorber’ın ek absorption kapasitesi tükenir ve medium daha transparent olur	Finite absorbing states
P-287	Physics	Optical bistability	Aynı external input altında history’ye göre iki stable output mümkün olabilir	Nonlinearity + feedback
P-288	Physics	Four-wave phase matching	Interaction mümkün olsa da generated waves ancak phase accumulation uyumluysa uzun mesafede coherent birikir	Momentum/phase relation
P-289	Physics	Quasi-phase matching	Natural phase mismatch’i periodic sign reversals ile tekrar tekrar resetleyip contributions’ın aynı yönde birikmesini sağla	Engineered modulation
P-290	Physics	Soliton balance	Dispersion pulse’u yaymak ister; nonlinearity sıkıştırmak ister; exact balance shape’i korur	Nonlinear dispersive medium
P-291	Physics	Topological defect	Local order düzgün olsa bile global geometry bazı nokta/line çevresinde order’ı continuous tamamlamayı imkânsız yapar	Broken symmetry/topology
P-292	Physics	Defect annihilation	Opposite topological defects karşılaşınca birbirini yok edip stored distortion energy’yi azaltır	Opposite charges
P-293	Physics	Defect unbinding	Paired defects thermal/noise drive yükselince ayrılıp long-range order’ı bozabilir	BKT-type setting
P-294	Physics	Grain boundary	Farklı local ordering orientations aynı yerde buluşunca interface concentrated mismatch taşır	Polycrystalline structure
P-295	Physics	Grain growth	Boundary energy azaltmak için küçük grains küçülür, büyük grains büyür	Curvature-driven interfaces
P-296	Physics	Phonon bottleneck	Energy bir subsystem’den çıkmak istese de taşıyacak compatible modes azsa relaxation yavaşlar	Mode availability
P-297	Physics	Hot-phonon effect	Energy taşıyan intermediate modes kendileri dolunca source’un cooling’i yavaşlar	Nonequilibrium occupation
P-298	Physics	Ballistic–diffusive crossover	Mesafe mean-free-path’tan küçükken taşıma directed; büyüyünce repeated scattering diffusion’a çevirir	Length-scale ratio
P-299	Physics	Knudsen layer	Bulk continuum law boundary yakınında mean-free-path scale’da bozulur	Rarefied transport
P-300	Physics	Boundary resistance / Kapitza resistance	İki iyi iletken medium’un bulk’u değil, aralarındaki interface transport’un ana bottleneck’i olabilir	Mode mismatch at interface
P-301	Physics	Plasmon	Tek tek electrons yerine collective charge-density oscillation particle-like mode gibi davranır	Conducting medium
P-302	Physics	Phonon	Çok sayıda atomun collective vibration’ını discrete excitation olarak taşı	Crystal lattice
P-303	Physics	Magnon	Çok sayıda spin’in collective disturbance’ını propagating excitation gibi temsil et	Ordered magnet
P-304	Physics	Polariton	İki farklı excitation güçlü couple olduğunda artık ayrı değil hybrid modes halinde hareket eder	Strong mode coupling
P-305	Physics	Avoided crossing	İki coupled levels yaklaşınca kesişmek yerine birbirini iter ve identities exchange eder	Nonzero coupling
P-306	Physics	Hybridization	İki ayrı mode karşılaştığında yeni modes her ikisinin karışımına dönüşür	Coupled degrees of freedom
P-307	Physics	Landau quasiparticle lifetime	Excitation energy yükseldikçe interactions yüzünden effective particle daha kısa ömürlü olabilir	Fermi liquid regime
P-308	Physics	Cherenkov emission	Source medium’daki wave propagation’dan hızlı giderse coherent radiation cone oluşturabilir	Phase velocity threshold
P-309	Physics	Mach cone	Moving disturbance sound speed’i aşınca signals önünde kaçamaz ve shock cone’a yığılır	Supersonic motion
P-310	Physics	Wake	Moving object arkasında medium’un memory/transport response’u spatial pattern bırakır	Propagating medium
P-311	Physics	Wakefield acceleration	Bir leading object medium’da wake yaratır; trailing object bu stored field’dan energy alabilir	Proper phase placement
P-312	Physics	Cherenkov threshold	Effect source varlığıyla değil relative speed’in medium propagation speed’ini aşmasıyla açılır	Velocity inequality
P-313	Physics	Impedance matching	Source ile load/medium coupling uyumluysa energy reflection yerine transfer olur	Wave/circuit interface
P-314	Physics	Reflection from mismatch	İki medium iyi olsa bile interface properties uyuşmuyorsa incoming energy’nin büyük kısmı geri dönebilir	Impedance contrast
P-315	Physics	Anti-reflection interference	Interface’e ek layer koyup reflected paths’i birbirini söndürecek phase’e getir	Coherent waves
P-316	Physics	Resonant tunneling	Normalde geçilemeyen barriers arasında doğru resonance oluşursa transmission dramatik artabilir	Coherent multiple barriers
P-317	Physics	Quantum tunneling	Classical barrier’ı aşacak energy yokken wave amplitude barrier’ın ötesine sızabilir	Quantum wave dynamics
P-318	Physics	Anderson impurity resonance	Localized state surrounding continuum ile interaction sonucu broadened resonance oluşturur	Local-continuum coupling
P-319	Physics	Feshbach resonance	Closed-channel bound state open-channel scattering energy’sine yaklaşınca interaction strength çok büyüyebilir	Channel coupling
P-320	Physics	Fano antiresonance	İki transmission path belirli energy’de birbirini tamamen söndürüp transmission zero yaratabilir	Coherent path interference
P-321	Physics	Negative differential mobility	Daha güçlü driving force bazı regimes’de object’i daha yavaş hareket ettirebilir	Crowding/trapping/nonlinearity
P-322	Physics	Absolute negative mobility	Applied force bir yönde olsa bile nonequilibrium coupling average motion’ı ters yöne üretebilir	Driven nonlinear system
P-323	Physics	Shear-induced migration	Suspended particles shear-rate differences yüzünden high-shear bölgelerden başka bölgelere göç edebilir	Dense suspension
P-324	Physics	Shear-induced ordering	Random/disordered structure external shear altında daha düzenli hale gelebilir	Driven particulate system
P-325	Physics	Lane formation	Opposite-moving populations collision azaltmak için kendiliğinden ayrı flow lanes oluşturabilir	Counter-driven particles
P-326	Physics	Giant number fluctuations	Active system’de region büyüdükçe density fluctuations equilibrium expectation’dan çok daha hızlı büyüyebilir	Active matter
P-327	Physics	Active nematic defects	Self-driven orientational field sürekli defect pair üretip yok ederek chaotic flow sürdürebilir	Active nematic
P-328	Physics	Odd viscosity	Dissipation yaratmadan force ile velocity-gradient arasında transverse coupling olabilir	Broken time-reversal/parity
P-329	Physics	Nonreciprocal interaction	A, B’yi nasıl etkiliyorsa B’nin A’yı aynı şekilde etkilemesi gerekmez	Nonequilibrium interactions
P-330	Physics	Non-Hermitian skin effect	Bulk eigenmodes normalde space’e yayılacakken nonreciprocal hopping yüzünden boundary’ye yığılabilir	Non-Hermitian lattice
P-331	Physics	Topological pumping	Parameters cyclic değişirken her cycle’da quantized/robust transport oluştur	Gap + cyclic path
P-332	Physics	Thouless pump	Local state sonunda başlangıca benzese bile cycle boyunca net particle transport edilmiş olabilir	Adiabatic topology
P-333	Physics	Current reversal	Aynı asymmetric driven system’de noise/frequency/forcing değişince directed flow işaret değiştirebilir	Ratchet dynamics
P-334	Physics	Stochastic pump	Instantaneous state’de net bias görünmese bile time-dependent parameter cycle net probability current üretebilir	Periodic stochastic driving
P-335	Physics	Geometric pumping	Net transported amount cycle’ın yalnız süresine değil parameter-space’de çizdiği loop geometry’sine bağlı olabilir	Adiabatic cyclic control
P-336	Physics	Allen–Cahn coarsening	Nonconserved local order field interface movement ile domains büyütür	Curvature-driven nonconserved dynamics
P-337	Physics	Cahn–Hilliard phase separation	Local concentration değişebilir ama total material conserved olduğu için domains diffusion yoluyla reorganize olur	Conserved order parameter
P-338	Physics	Front propagation	Bir locally favored state neighboring region’ı sırayla dönüştürerek moving boundary şeklinde yayılır	Bistable/reaction medium
P-339	Physics	Pulled front	Front speed arka nonlinear bulk’tan değil öndeki çok küçük perturbations’ın linear growth’undan belirlenebilir	Unstable leading edge
P-340	Physics	Coarsening arrest	Domains büyümek ister ama competing interaction/elasticity/drive belli scale’da büyümeyi durdurabilir	Competing length scales
P-341	Physics	First-order phase transition	Control variable smooth değişirken equilibrium state discontinuously başka state’e atlayabilir	Competing free-energy minima
P-342	Physics	Latent heat	Transition sırasında energy verilir/alınır ama temperature bir süre aynı kalabilir çünkü energy state conversion’a gider	First-order thermodynamics
P-343	Physics	Supercooling	New phase daha stable olsa bile old phase barrier yüzünden transition’ı geciktirir	Nucleation barrier
P-344	Physics	Superheating	Old phase equilibrium boundary geçildikten sonra bile metastable kalabilir	Barrier/metastability
P-345	Physics	Classical nucleation barrier	Tiny new-phase droplet surface cost yüzünden küçülür; critical size sonrası bulk gain dominate edip büyür	Surface-vs-volume competition
P-346	Physics	Critical nucleus	Aynı new phase seed’i küçükse ölür, kritik boyutu aşarsa self-growing olur	Threshold radius
P-347	Physics	Heterogeneous nucleation	Surface/defect nucleus yaratmanın interface cost’unu azaltıp transition’ı kolaylaştırır	Foreign boundary
P-348	Physics	Cavitation	Liquid tension yeterince büyük olduğunda vapor cavity oluşup büyüyebilir	Negative pressure/nucleation
P-349	Physics	Gibbs–Thomson effect	Küçük curved interface’de equilibrium condition flat interface’den farklı olur	Curvature
P-350	Physics	Capillary condensation	Dar confinement içinde phase transition bulk condition’dan farklı pressure/chemical potential’da gerçekleşebilir	Surface geometry
P-351	Physics	Rayleigh–Plateau instability	Uzun liquid cylinder surface area azaltmak için bumps büyütüp droplets’a parçalanır	Surface tension
P-352	Physics	Saffman–Taylor fingering	Daha az viscous fluid daha viscous fluid’i iterken smooth front fingers’a ayrılabilir	Viscosity contrast
P-353	Physics	Mullins–Sekerka instability	Growing interface’de tiny protrusion daha iyi diffusive supply aldığı için daha hızlı büyür ve interface destabilize olur	Diffusion-limited growth
P-354	Physics	Dendritic growth	Interface instability + anisotropy branching tree-like crystal structure üretir	Solidification
P-355	Physics	Stefan problem	Phase boundary’nin yeri önceden bilinmez; heat flow boundary’yi hareket ettirir, boundary de heat problem’ini değiştirir	Moving phase boundary
P-356	Physics	Morphological instability	Flat/smooth interface local perturbation’ları bastırmak yerine büyütebilir	Coupled transport/interface
P-357	Physics	Ostwald step rule	System bazen doğrudan en stable phase’e değil barrier’ı daha düşük intermediate phase’e önce geçer	Competing kinetic barriers
P-358	Physics	Wetting transition	Surface ile phase interaction değişince droplet finite contact angle’dan surface’i tamamen kaplayan film’e geçebilir	Surface energies
P-359	Physics	Contact-line pinning	Bulk force droplet’i hareket ettirmek istese bile edge microscopic defects’e takılı kalabilir	Boundary disorder
P-360	Physics	Interface-controlled kinetics	Bulk conversion hızlı olabilir ama overall transformation rate boundary’nin ilerleme hızınca belirlenir	Moving interface bottleneck
P-361	Physics	Fisher–KPP front	Local reproduction + diffusion, empty region’a traveling invasion front gönderir	Reaction-diffusion
P-362	Physics	Bistable reaction front	İki locally stable state arasındaki interface hangi state energetically/dynamically favored ise ona doğru ilerler	Bistability
P-363	Physics	Excitable-medium wave	Small perturbation ölür; threshold geçen perturbation büyük pulse üretip space boyunca yayılır	Excitability
P-364	Physics	Refractory wake	Traveling excitation arkasında geçici olarak yeniden excite edilemeyen region bırakır	Recovery variable
P-365	Physics	Spiral wave	Excitable medium’da broken wavefront kendi çevresinde dönüp sürekli excitation source haline gelebilir	2D geometry
P-366	Physics	Spiral-wave breakup	Stable rotating wave secondary instabilities ile çok sayıda chaotic fragments’a ayrılabilir	Excitable nonlinear medium
P-367	Physics	Wave annihilation	İki excitation front karşılaşınca birbirini geçmek yerine refractory structure yüzünden yok olabilir	Excitable medium
P-368	Physics	Pacemaker entrainment	Daha hızlı oscillating source surrounding slower regions’ı kendi rhythm’ine capture eder	Coupled oscillatory medium
P-369	Physics	Frequency competition	Birden fazla wave source varsa en hızlı/uygun source diğerlerinin territory’sini ele geçirebilir	Propagating phase waves
P-370	Physics	Absolute instability	Perturbation yalnız downstream taşınmaz; fixed location’da da zamanla büyür	Open-flow stability
P-371	Physics	Convective instability	Perturbation büyür ama flow tarafından taşındığı için fixed point sonunda sakinleşebilir	Advection + growth
P-372	Physics	Front pinning	Driving advantage olsa bile spatial heterogeneity/discreteness front’u belirli location’da durdurabilir	Heterogeneous medium
P-373	Physics	Depinning transition	Driving threshold aşınca pinned front tekrar hareket etmeye başlar	Pinning landscape
P-374	Physics	Negative mobility from trapping	Force arttıkça system daha derin/uzun-lived traps’e yönlenip mean speed düşebilir	Nonequilibrium trapping
P-375	Physics	Giant diffusion enhancement	System threshold/separatrix yakınında küçük noise çok büyük effective diffusion üretebilir	Nonlinear driven dynamics
P-376	Physics	Stochastic resonance threshold crossing	Subthreshold periodic forcing tek başına yetmez; doğru noise seviyesi crossing’leri forcing rhythm’ine senkronize eder	Noise + bistability
P-377	Physics	Coherence resonance optimum	Noise sıfırken rhythm yok, çok noise’da düzensiz; orta noise’da en regular cycles çıkabilir	Excitable system
P-378	Physics	Noise-induced drift	Spatially/state-dependent noise amplitude, explicit deterministic force olmadan average motion yaratabilir	Multiplicative noise
P-379	Physics	Brownian ratchet current reversal	Asymmetry aynı kalsa bile switching/noise/time-scale değişince net transport yönü tersine dönebilir	Driven nonequilibrium ratchet
P-380	Physics	Resonant transport	Driving frequency internal travel/escape time ile eşleştiğinde throughput keskin biçimde artabilir	Timescale matching
P-381	Physics	Seebeck effect	Temperature difference electric voltage üretir	Thermoelectric coupling
P-382	Physics	Peltier effect	Electric current interface’de heat absorption/release üretir	Thermoelectric reciprocal effect
P-383	Physics	Thomson effect	Current + temperature gradient conductor bulk’unda distributed heating/cooling üretir	Thermoelectric transport
P-384	Physics	Nernst effect	Temperature gradient + magnetic field transverse voltage oluşturabilir	Broken transverse symmetry
P-385	Physics	Ettingshausen effect	Electric current + magnetic field transverse temperature gradient üretir	Thermomagnetic reciprocal effect
P-386	Physics	Hall magnetoresistance geometry	Magnetic field current paths’i değiştirerek longitudinal resistance’ı da etkileyebilir	Conducting medium
P-387	Physics	Giant magnetoresistance	Magnetic layers’ın relative orientation’ı electron scattering’i dramatik değiştirir	Spin-dependent transport
P-388	Physics	Tunneling magnetoresistance	Barrier’dan transmission probability electrode spin alignment’a güçlü bağlıdır	Magnetic tunnel junction
P-389	Physics	Spin Hall effect	Longitudinal charge current opposite spins’i transverse directions’a ayırabilir	Spin–orbit coupling
P-390	Physics	Inverse spin Hall	Spin current transverse electric voltage/current’a dönüşebilir	Spin–orbit coupling
P-391	Physics	Spin-transfer torque	Flowing spin angular momentum magnetic order’a aktarılıp magnetization’ı döndürebilir	Spin-polarized current
P-392	Physics	Spin pumping	Moving/precessing magnetization neighboring medium’a spin current fırlatabilir	Dynamic magnetic interface
P-393	Physics	Spin Seebeck effect	Temperature gradient spin current üretebilir	Magnetic nonequilibrium
P-394	Physics	Magnon drag	Moving collective spin excitations başka carriers’ı sürükleyebilir	Magnon-carrier coupling
P-395	Physics	Quantum Hall effect	2D electrons + strong magnetic field altında bulk gapped olurken quantized edge transport çıkar	Landau levels/topology
P-396	Physics	Integer Hall plateau	Density/field biraz değişse bile measured conductance disorder localization sayesinde aynı quantized value’da kalabilir	Mobility gap/localization
P-397	Physics	Fractional quantum Hall mechanism	Strong interactions electrons’dan yeni collective fractionalized excitations üretir	Correlated 2D electron fluid
P-398	Physics	Edge–bulk separation	Bulk insulating/nonconducting davranırken boundary transport taşıyabilir	Topological phase
P-399	Physics	Chiral edge transport	Boundary modes yalnız tek yönde ilerleyip ordinary backscattering channels’ını azaltabilir	Broken time-reversal/topology
P-400	Physics	Spin-momentum locking	Hareket direction’ı internal spin orientation ile bağlanır; direction change internal state change gerektirir	Spin–orbit/topological surface
P-401	Physics	Dynamical heterogeneity	Aynı material’ın farklı küçük bölgeleri aynı anda çok farklı hızlarda relax olabilir	Glassy dynamics
P-402	Physics	Cage effect	Particle hareket etmek ister ama yakın neighbors geçici bir kafes oluşturup onu local region’da tutar	Dense packing
P-403	Physics	β relaxation	Tam structural rearrangement olmadan cage içinde küçük/local motions oluşur	Glassy intermediate timescale
P-404	Physics	α relaxation	Cage structure sonunda cooperative rearrangement ile kırılır ve system structural memory kaybeder	Long relaxation
P-405	Physics	Dynamic facilitation	Bir region’ın hareket edebilmesi nearby region daha önce hareket ettiğinde kolaylaşabilir	Kinetic constraints
P-406	Physics	Four-point susceptibility	Ortalama relaxation değil, “hangi bölgeler birlikte hızlı/yavaş?” correlations’ını ölç	Dynamic correlation
P-407	Physics	Cooperative length	Bir rearrangement için birlikte hareket etmesi gereken region size’ını ölç	Glass transition
P-408	Physics	Rejuvenation	Yaşlanmış slow system yeni forcing/temperature protocol sonrası daha genç/fast dynamics gösterir	Nonequilibrium glass
P-409	Physics	Glass memory	System geçmiş waiting/forcing protocol’larının izini sonraki relaxation response’unda taşıyabilir	Aging/history dependence
P-410	Physics	Temperature chaos	Küçük temperature change equilibrium-relevant configurations’ı large scales’da çok farklı hale getirebilir	Disordered systems
P-411	Physics	Shear transformation zone	Amorphous solid bütün halinde kaymaz; küçük local cluster aniden başka configuration’a geçer	Local plastic event
P-412	Physics	Eshelby stress redistribution	Bir local plastic rearrangement çevresindeki stress field’ı uzun menzilli, sign-changing pattern ile yeniden dağıtır	Elastic medium
P-413	Physics	Elastoplastic avalanche	Bir local rearrangement başka bölgelerin threshold’unu aşmasına neden olur ve cascade başlar	Stress redistribution + thresholds
P-414	Physics	Yielding transition	External stress altında isolated rearrangements bir noktadan sonra sustained system-wide flow’a dönüşür	Driven amorphous material
P-415	Physics	Shear-band nucleation	Plastic events uniform dağılmak yerine feedback ile dar high-strain zone’da yoğunlaşabilir	Softening/heterogeneity
P-416	Physics	Nonlocal rheology	Bir location’ın flow rate’i yalnız kendi local stress’inden değil yakın regions’ın plastic activity’sinden de etkilenir	Cooperative material
P-417	Physics	Fluidity diffusion	“Flow etmeye yatkınlık” local events tarafından yaratılıp surrounding space’e yayılabilir	Mesoscopic rheology
P-418	Physics	Fractional Langevin dynamics	Current motion geçmiş forces/velocities’in power-law memory’sini taşır	Long-memory bath
P-419	Physics	Viscoelastic subdiffusion	Elastic memory + noise particle spread’ini ordinary diffusion’dan daha yavaş yapabilir	Viscoelastic medium
P-420	Physics	Stokes–Einstein breakdown	Large-scale diffusion ile local structural relaxation normalde bağlıyken glassy heterogeneity altında birbirinden ayrılabilir	Supercooled/glassy state
P-421	Physics	Lévy walk	Çok uzun hareketler olabilir ama distance ile travel time birlikte bağlıdır; infinite-speed jump yoktur	Heavy-tailed run times
P-422	Physics	Fractional diffusion	Ordinary local derivative yerine long-tail waiting/jump memory space-time spread’i yönetir	Anomalous transport
P-423	Physics	Single-file diffusion	Particles birbirini geçemediği için tagged particle ordinary diffusion’dan daha yavaş yayılır	One-dimensional exclusion
P-424	Physics	Taylor dispersion	Flow profile içindeki farklı velocities + transverse diffusion birlikte uzun yönde enhanced spreading üretir	Shear flow
P-425	Physics	Taylor–Aris homogenization	Cross-section’daki detaylı velocity differences uzun mesafede tek effective diffusion coefficient gibi görünür	Long-time/long-distance limit
P-426	Physics	Knudsen diffusion	Collisions molecule–molecule yerine çoğunlukla boundary ile olduğunda transport law değişir	Narrow pores/low density
P-427	Physics	Surface diffusion	Particle bulk içinde değil interface boyunca hareket eder	Adsorbed species
P-428	Physics	Facilitated diffusion	Target searcher 3D bulk motion ile 1D surface sliding’i dönüşümlü kullanarak target bulmayı hızlandırabilir	Mixed-dimensional search
P-429	Physics	Intermittent search	Fast nonreactive relocation ile slow reactive local search arasında switch etmek search time’ı azaltabilir	Two-mode search
P-430	Physics	Reset-assisted search	Çok kötü trajectories’i random reset ederek average target time düşürülebilir	Broad first-passage times
P-431	Physics	Synchronization breakdown	Coupling yeterli değilse formerly locked oscillators phase slips biriktirmeye başlar	Coupled oscillators
P-432	Physics	Phase slip synchronization loss	Average frequencies yakın kalsa bile occasional $2\pi$ slips exact phase relation’ı bozar	Noisy/weak synchronization
P-433	Physics	Amplitude death	Coupling normalde oscillators’ı synchronize etmek yerine oscillations’ı tamamen söndürebilir	Mismatch/delay/coupling
P-434	Physics	Oscillation death	Coupling identical equilibrium’a değil farklı symmetry-broken stationary states’e kilitleyebilir	Nonlinear coupling
P-435	Physics	Remote synchronization	A ve C doğrudan synchronized olabilirken aradaki B onlarla synchronized olmayabilir	Network-mediated oscillators
P-436	Physics	Explosive synchronization	Coupling yavaş artarken synchronization gradual değil sudden jump ile ortaya çıkabilir	Frequency-topology correlations/nonlinearity
P-437	Physics	Chimera collapse	Coherent ve incoherent regions coexist ederken parameter change whole system’i tek synchronized/desynchronized phase’e itebilir	Nonlocal coupling
P-438	Physics	Synchronization hysteresis	Coupling artırırken locking threshold ile coupling azaltırken unlocking threshold farklı olabilir	Multistability
P-439	Physics	Nonlocal diffusion	Flux yalnız nearest local gradient’e değil uzak regions’ın state’ine de doğrudan bağlı olabilir	Long-range kernel
P-440	Physics	Fractional Laplacian transport	Bir noktadaki evolution uzak noktalarla power-law weighted differences üzerinden belirlenir	Lévy/nonlocal spatial dynamics
P-441	Physics	Mass-action kinetics	Reaction rate, gerekli reactants’ın local amounts/concentrations product’una bağlı olsun	Well-mixed reaction system
P-442	Physics	Stoichiometric conservation	Reactions species’leri değiştirir ama bazı weighted totals hiçbir reaction tarafından değiştirilemez	Reaction network
P-443	Physics	Stoichiometric subspace	System bütün concentration space’de gezemez; reaction vectors’ın span ettiği manifold/plane içinde kalır	Conservation constraints
P-444	Physics	Autocatalysis	Product kendi üretim reaction’ını hızlandırır	Positive chemical feedback
P-445	Physics	Cross-catalysis	A, B’yi; B, C’yi; C tekrar A’yı üretmeyi hızlandırarak loop oluşturabilir	Catalytic network
P-446	Physics	Substrate depletion	Growth initially hızlanır ama consumed resource azaldıkça aynı mechanism kendi fuel’ını yok eder	Finite reactant pool
P-447	Physics	Product inhibition	Üretilen output reaction’ın devamını yavaşlatır	Negative feedback
P-448	Physics	Enzyme saturation	Substrate artışı başlangıçta reaction rate’i yükseltir; binding machinery dolunca rate ceiling’e yaklaşır	Finite catalytic capacity
P-449	Physics	Competitive inhibition	İki substrate/inhibitor aynı limited binding site için yarışınca biri diğerinin effective access’ini azaltır	Shared site
P-450	Physics	Cooperative binding	Bir molecule bağlanınca sonraki molecule’un bağlanma probability’si artabilir	Allosteric interaction
P-451	Physics	Ultrasensitivity	Smooth input change, cooperative/multistep mechanism yüzünden çok keskin output transition’a dönüşebilir	Nonlinear biochemical network
P-452	Physics	Chemical bistability	Aynı external conditions altında iki stable concentration state mümkün olabilir	Positive feedback/nonlinearity
P-453	Physics	Chemical oscillator	Delayed negative feedback + replenishment concentrations’ı sürekli cycle’a sokabilir	Nonequilibrium reaction network
P-454	Physics	Brusselator mechanism	Autocatalysis ve feed/removal reaction’larının dengesi steady state’i oscillatory instability’ye çevirebilir	Open reaction system
P-455	Physics	Limit cycle	Perturbation sonrası system tek fixed point’e değil aynı closed periodic orbit’e geri döner	Nonlinear autonomous dynamics
P-456	Physics	Chemical affinity	Reaction network equilibrium’dan ne kadar uzakta diye forward/reverse chemical-potential imbalance taşı	Nonequilibrium thermodynamics
P-457	Physics	Cycle current	Macroscopic concentrations steady görünse bile reaction graph içinde net cyclic flux devam edebilir	Broken detailed balance
P-458	Physics	Schnakenberg network decomposition	Entropy production’ı reaction graph’ın fundamental cycles’ındaki currents × affinities olarak parçala	Markov/reaction networks
P-459	Physics	Futile cycle	Net useful product değişmeden forward/back pathways dönüp sürekli energy tüketebilir	Driven biochemical network
P-460	Physics	Kinetic proofreading cascade	Similar substrates’ı ayırmak için equilibrium discrimination yetmez; irreversible energy-consuming intermediate checks error’ı kat kat azaltır	Nonequilibrium verification
P-461	Physics	Thermal runaway	Temperature artar → reaction/current heating artar → daha fazla temperature artar	Positive thermal feedback
P-462	Physics	Thermal quenching	Heat loss reaction heat production’ı aşarsa otherwise self-sustaining process söner	Cooling/geometry
P-463	Physics	Ignition threshold	Reaction theoretically mümkün olsa bile heat generation losses’ı aşana kadar self-sustaining olmaz	Activation + thermal balance
P-464	Physics	Combustion front	Reaction heat neighboring unreacted material’ı ignite eder; reaction zone space boyunca ilerler	Exothermic reaction + transport
P-465	Physics	Flame extinction by stretch	Reaction chemistry yeterli olsa bile flow/interface stretching residence time’ı fazla azaltırsa flame sönebilir	Reaction vs transport times
P-466	Physics	Damköhler competition	Reaction’ın characteristic time’ı transport/mixing time’a göre büyük veya küçük olduğunda regime tamamen değişir	Timescale ratio
P-467	Physics	Diffusion-limited reaction	Chemistry çok hızlıdır; overall rate reactants’ın birbirine ne kadar hızlı ulaşabildiğince belirlenir	Transport bottleneck
P-468	Physics	Reaction-limited regime	Transport yeterince hızlıdır; overall rate local conversion chemistry’since belirlenir	Kinetic bottleneck
P-469	Physics	Mixed-control regime	Reaction ve transport times comparable olduğunda ikisini de görmezden gelemezsin	Coupled kinetics
P-470	Physics	Reaction front localization	Reactants farklı taraflardan geliyorsa actual conversion bütün volume’da değil dar meeting zone’da yoğunlaşabilir	Counter-diffusion
P-471	Physics	Autowave	Medium’un her parçası locally excitable/recoverable olduğu için wave material taşımadan state-change pattern’i taşır	Active medium
P-472	Physics	Wave blocking by refractory gradient	Wave mevcut olsa bile önündeki tissue/material yeterince recover olmadıysa propagation durabilir	Spatial recovery state
P-473	Physics	Source–sink mismatch	Küçük active region büyük passive load’u excite etmeye yetmeyebilir	Excitation current balance
P-474	Physics	Curvature-induced front slowing	Curved front’un local velocity’si flat front’tan farklı olabilir; fazla curvature propagation’ı durdurabilir	Eikonal-type relation
P-475	Physics	Critical nucleus in excitable media	Küçük excited region söner; yeterince büyük excited patch self-propagating wave yaratır	Excitation threshold + geometry
P-476	Physics	Giant nonequilibrium fluctuations	Macroscopic gradient altında thermal fluctuations ordinary equilibrium’dan çok daha büyük long-range correlations oluşturabilir	Driven fluids/mixtures
P-477	Physics	Long-range nonequilibrium correlation	Local interactions olsa bile maintained gradient distant regions arasında correlations yaratabilir	Nonequilibrium steady state
P-478	Physics	Fluctuation-induced force	Constrained fluctuation spectrum boundaries arasında effective force oluşturabilir	Boundary-modified fluctuations
P-479	Physics	Casimir-type mode exclusion	Boundaries hangi modes’un var olabileceğini değiştirir; allowed-mode imbalance measurable force üretir	Field fluctuations + geometry
P-480	Physics	Critical Casimir effect	Near criticality’de order-parameter fluctuations confinement yüzünden boundaries arasında force üretir	Critical correlation length
P-481	Physics	Darcy flow	Porous medium içindeki average fluid flow pressure gradient ile artar, permeability/viscosity ile belirlenir	Continuum porous medium
P-482	Physics	Poroelasticity	Fluid pressure solid skeleton’ı deforme eder; skeleton deformation da pore pressure/flow’u değiştirir	Coupled solid-fluid system
P-483	Physics	Poroelastic diffusion	Applied load’un effect’i instantaneous değil; trapped fluid dışarı aktıkça material yavaş relax eder	Finite permeability
P-484	Physics	Imbibition	Wetting fluid capillary forces ile porous medium içine external pump olmadan çekilebilir	Wetting pores
P-485	Physics	Washburn mechanism	Capillary pull başlangıçta hızlı invasion yaratır ama path uzadıkça viscous resistance büyür ve front yavaşlar	Narrow pore/capillary
P-486	Physics	Haines jump	Interface pore throat threshold’unu geçince smooth ilerlemek yerine aniden next pore’a sıçrar	Capillary invasion
P-487	Physics	Invasion percolation	Fluid her adımda accessible boundaries içindeki en düşük local entry threshold’dan ilerler	Disordered pore thresholds
P-488	Physics	Drainage	Nonwetting phase wetting phase’i pores’dan iter; invasion order capillary thresholds tarafından seçilir	Two-phase porous media
P-489	Physics	Imbibition hysteresis	Aynı saturation’a drainage ve reverse filling sırasında farklı pressure/configuration ile ulaşılabilir	Contact/interface history
P-490	Physics	Trapping in porous media	Invading phase yolları kapatınca displaced fluid isolated pockets halinde çıkamaz duruma gelebilir	Connectivity loss
P-491	Physics	Euler buckling	Straight structure compression artınca belirli threshold’da sideways bending state’i daha favorable hale gelir	Slender elastic structure
P-492	Physics	Post-buckling	Threshold geçildikten sonra load artışı artık mainly compression değil shape amplitude değişimine gider	Nonlinear elasticity
P-493	Physics	Snap-through	Structure smooth deformation yerine energy barrier geçince bir shape’ten diğerine ani atlar	Bistable elastic geometry
P-494	Physics	Elastic wrinkling	Compression uniform shrink yerine wavelength-selected surface undulations yaratabilir	Thin layer/substrate
P-495	Physics	Creasing	Surface compression smooth sinusoidal wrinkle yerine sharply folded self-contacting structure oluşturabilir	Soft nonlinear solid
P-496	Physics	Delamination buckling	Thin layer substrate’dan ayrıldığı yerde compression release ederek blister/buckle oluşturabilir	Weak interface adhesion
P-497	Physics	Crack deflection toughening	Crack düz weak path yerine interface/heterogeneity yüzünden yön değiştirirse ilerlemek için daha fazla energy harcar	Fracture path geometry
P-498	Physics	Fiber pull-out toughening	Crack açılırken bridging fibers tamamen kırılmadan önce sliding/pullout ile energy tüketir	Composite material
P-499	Physics	Transformation toughening	Crack-tip stress surrounding material’da phase transformation tetikleyip crack propagation’a karşı compressive resistance yaratır	Transformable microstructure
P-500	Physics	Sacrificial-bond toughening	Main structure kırılmadan önce weaker internal bonds sırayla kırılıp büyük energy absorb eder	Hierarchical material
P-501	Physics	Debye shielding	Local charge surrounding mobile opposite charges’ı yeniden düzenler; electric influence uzaklıkla çıplak Coulomb interaction’dan çok daha hızlı bastırılır	Mobile plasma charges
P-502	Physics	Plasma oscillation	Electrons equilibrium’dan topluca kayınca ions’a göre charge separation restoring force yaratır ve collective oscillation başlar	Quasineutral plasma
P-503	Physics	Langmuir wave	Electron-density perturbation collective electrostatic wave olarak yayılır/oscillate eder	Electron plasma
P-504	Physics	Ion-acoustic wave	Electron pressure ve ion inertia birlikte sound-like density disturbance taşır	Plasma temperature regime
P-505	Physics	Alfvén wave	Magnetic field lines tension-like restoring structure sağlar; plasma + magnetic perturbation field boyunca propagate eder	Magnetized conducting plasma
P-506	Physics	Magnetosonic wave	Magnetic pressure/tension ile ordinary compressive pressure birlikte propagating compressional mode üretir	MHD plasma
P-507	Physics	Cyclotron resonance	Particle’ın magnetic orbit frequency’si wave frequency relation’ına girince repeated kicks aynı phase’de energy biriktirebilir	Magnetized charged particles
P-508	Physics	Magnetic reconnection	Daha önce ayrı magnetic-connectivity regions, thin current layer içinde topology değiştirip stored magnetic energy’yi flow/heat/particles’a çevirebilir	Nonideal plasma layer
P-509	Physics	Tearing instability	Thin current sheet üzerindeki küçük perturbation magnetic topology’yi islands’a bölerek büyüyebilir	Resistive/current-sheet plasma
P-510	Physics	Sweet–Parker bottleneck	Reconnection inflow, dar diffusion region’dan mass/flux çıkarmak zorunda olduğu için geometry global rate’i yavaşlatır	Laminar resistive MHD
P-511	Physics	Plasmoid instability	Current sheet yeterince uzun/thin olduğunda tek smooth sheet secondary magnetic islands ve daha küçük sheets zincirine parçalanır	High Lundquist number
P-512	Physics	Firehose instability	Field boyunca particle pressure aşırı büyük olduğunda magnetic tension perturbations’ı geri toplamakta yetersiz kalabilir	Pressure anisotropy
P-513	Physics	Mirror instability	Perpendicular pressure anisotropy magnetic-field-strength variations’ını self-amplifying magnetic bottles’a çevirebilir	Magnetized anisotropic plasma
P-514	Physics	Two-stream instability	Birbirine göre akan two particle populations’ın collective wave ile energy exchange’i perturbation’ı büyütebilir	Relative drift
P-515	Physics	Buneman instability	Electron–ion relative drift yeterince hızlı olduğunda electrostatic fluctuations explosively büyüyebilir	Strong current/drift
P-516	Physics	Weibel instability	Velocity distribution anisotropy tiny magnetic perturbation’ı currents oluşturacak şekilde amplify edebilir	Collisionless anisotropic plasma
P-517	Physics	Current filamentation	Initially broad current transverse instability ile separate high-current filaments’a ayrılabilir	Counterstreaming beams
P-518	Physics	Drift-wave instability	Density gradient + magnetized particle drifts free energy sağlayarak fluctuations’ı büyütebilir	Cross-field gradient
P-519	Physics	Interchange instability	Heavy/high-pressure flux tube configuration daha favorable positions’la yer değiştirerek gravitational/curvature-like energy azaltabilir	Magnetized pressure gradient
P-520	Physics	Flux freezing	Ideal conducting limit’te magnetic connectivity plasma motion’ıyla birlikte taşınır; topology ordinary smooth motionla değişmez	Ideal MHD
P-521	Physics	Hertzian contact	İki elastic curved body bastırıldıkça contact area büyür; force yalnız nominal geometry değil deformation-created contact üzerinden taşınır	Nonadhesive elastic contact
P-522	Physics	Real contact area	Rough surfaces görünürde geniş temas etse bile actual load küçük asperity patches üzerinden taşınır	Surface roughness
P-523	Physics	Bowden–Tabor friction mechanism	Macroscopic friction, microscopic real contact junctions’ın toplam shear strength’inden çıkar	Multi-asperity interface
P-524	Physics	Amontons–Coulomb friction	Belirli regime’de friction force normal load’la yaklaşık proportional olur	Dry sliding approximation
P-525	Physics	Static friction threshold	Interface applied shear’ı bir limite kadar movement olmadan taşıyabilir; threshold geçince slip açılır	Sticking interface
P-526	Physics	Kinetic friction branch	Sliding başladıktan sonraki resistance static threshold’dan farklı rule izleyebilir	Moving interface
P-527	Physics	Contact aging	Interface bekledikçe microcontacts deform/bond olup real contact strength zamanla artabilir	Stationary contact
P-528	Physics	Rate-and-state friction	Friction yalnız instantaneous velocity’ye değil interface’in accumulated internal “state/age” variable’ına da bağlıdır	Sliding rough interface
P-529	Physics	Direct velocity effect	Sliding velocity aniden değişince friction daha state yeniden organize olmadan immediate response verir	Rate dependence
P-530	Physics	State evolution	Sliding eski contacts’i yenileriyle değiştirir; interface memory’si characteristic slip/time scale’da update olur	Internal interface state
P-531	Physics	Velocity weakening	Steady sliding speed arttıkça friction azalırsa small speed-up daha fazla slipping’i teşvik edebilir	Destabilizing friction law
P-532	Physics	Velocity strengthening	Speed arttıkça friction artarsa perturbations self-damping olabilir	Stabilizing friction law
P-533	Physics	Frictional nucleation length	Tiny slipping patch sönebilir; patch yeterli spatial size’a ulaşınca unstable rupture kendi kendine büyüyebilir	Elastic stiffness + friction weakening
P-534	Physics	JKR adhesive contact	Surface attraction contact patch’i external compression olmadan bile koruyabilir; unloading’de finite pull-off force gerekir	Soft adhesive contact
P-535	Physics	Adhesive jump-to-contact	Surfaces yavaş yaklaşırken attractive instability belirli gap’te sudden contact yaratabilir	Adhesive interaction
P-536	Physics	Adhesive pull-off instability	Separation smooth olmayabilir; interface metastable kalıp threshold’da aniden kopabilir	Adhesive contact
P-537	Physics	Boundary lubrication	Surfaces arasında çok ince molecular film direct asperity interaction’ı değiştirerek friction/wear kontrol eder	Thin-film regime
P-538	Physics	Mixed lubrication	Load’un bir kısmını fluid film, bir kısmını solid asperity contacts taşır	Intermediate lubrication
P-539	Physics	Hydrodynamic lubrication	Relative motion fluid pressure üretir; surfaces’i ayırıp load’u mostly fluid film taşır	Sufficient film/speed
P-540	Physics	Stribeck transition	Speed/viscosity/load değiştikçe contact boundary → mixed → fluid-separated regimes arasında geçer ve friction nonmonotonic değişebilir	Lubricated contact
P-541	Physics	Waveguide cutoff	Geometry bir mode için minimum frequency belirler; altında traveling wave yerine propagation kapanır	Bounded transverse geometry
P-542	Physics	Evanescent mode	Propagation yasaklandığında field aniden sıfır olmaz; distance ile exponential decay eder	Below-cutoff mode
P-543	Physics	Dominant waveguide mode	Birçok possible mode içinde cutoff’u en düşük olan, long-distance transmission’da ilk/ana propagating mode olur	Waveguide spectrum
P-544	Physics	Higher-order mode onset	Frequency yeni cutoff’ları geçtikçe extra propagation channels discrete biçimde açılır	Multimode guide
P-545	Physics	Modal dispersion	Farklı waveguide modes aynı signal’ın components’ını different propagation speeds ile taşır	Multimode transport
P-546	Physics	Phase/group velocity separation	Constant-phase pattern’ın speed’i ile energy/information packet’ın speed’i aynı olmak zorunda değildir	Dispersive medium/guide
P-547	Physics	Group-velocity slowdown near cutoff	Propagating mode cutoff’a yaklaşırken energy/information transport speed’i çok küçülebilir	Guided dispersive mode
P-548	Physics	Mode orthogonality	Different allowed field patterns suitable inner product altında birbirine karışmayan independent channels gibi davranabilir	Linear waveguide
P-549	Physics	Mode conversion	Geometry/material değişimi incoming mode energy’sini başka allowed modes’a aktarabilir	Inhomogeneous guide
P-550	Physics	Adiabatic mode conversion	Geometry yeterince yavaş değişirse wave sudden scattering yerine evolving local mode’u takip edebilir	Slowly varying guide
P-551	Physics	Nonadiabatic mode mixing	Geometry hızlı değişirse local mode tracking bozulur ve multiple modes excite olur	Abrupt transition
P-552	Physics	Single-mode window	Frequency range’i öyle seç ki dominant mode açık, higher modes kapalı kalsın	Mode cutoff spacing
P-553	Physics	Overmoding	Frequency çok yükselince birçok modes simultaneously propagate eder ve signal structure karmaşıklaşır	Large guide/high frequency
P-554	Physics	Bragg reflection	Periodic structure’da successive weak reflections doğru phase’de toplanıp strong reflection üretir	Periodic medium
P-555	Physics	Stop band	Belirli frequency interval’ında periodic scattering propagating bulk solutions’ı engeller	Band structure
P-556	Physics	Defect mode in band gap	Normally forbidden frequency’de local defect confined allowed state yaratabilir	Periodic structure + defect
P-557	Physics	Band-edge slow propagation	Dispersion relation flatleştiği yerde group velocity küçülür ve wave energy local olarak daha uzun kalabilir	Periodic/dispersive medium
P-558	Physics	Total internal reflection	Angle threshold sonrası interface boyunca transmission channel kapanır ve wave bulk’a geri döner	Refractive-index contrast
P-559	Physics	Evanescent coupling	Propagating olmayan decaying field yakındaki ikinci structure’a ulaşırsa energy transfer yeniden açılabilir	Small separation
P-560	Physics	Frustrated total internal reflection	Normalde total-reflected wave, ikinci medium evanescent tail içine yeterince yakın konursa barrier üzerinden finite transmission gösterebilir	Finite gap
P-561	Physics	Rayleigh–Bénard convection	Alt taraf ısınır; buoyant fluid yükselmek ister ama viscosity/diffusion bastırır; driving yeterince güçlenince organized circulation başlar	Heated fluid layer
P-562	Physics	Critical Rayleigh number	Temperature gradient varlığı tek başına convection başlatmaz; buoyancy/diffusion/viscosity ratio threshold’u aşmalı	Linear stability threshold
P-563	Physics	Convection-cell formation	Uniform conducting state destabilize olunca system spatially periodic rolls/cells seçebilir	Pattern-forming instability
P-564	Physics	Kelvin–Helmholtz instability	Yan yana farklı velocities ile akan layers arasındaki tiny interface wave shear’dan energy alıp büyüyebilir	Velocity discontinuity/shear
P-565	Physics	Rayleigh–Taylor instability	Heavy fluid light fluid’ın üstündeyse tiny vertical perturbations buoyancy tarafından büyütülür	Adverse density stratification
P-566	Physics	Richtmyer–Meshkov instability	Density interface shock/impulsive acceleration görünce tiny corrugations büyümeye başlar	Shock + density contrast
P-567	Physics	Taylor–Couette instability	Rotating cylinders arasındaki simple circular shear belirli rotation regime’inde secondary vortices’a destabilize olur	Rotating annular flow
P-568	Physics	Taylor vortices	Basic azimuthal flow yerine axis boyunca stacked toroidal circulation cells oluşur	Post-instability Taylor–Couette flow
P-569	Physics	Boundary-layer separation	Near-wall flow adverse pressure gradient yüzünden momentum kaybeder, wall’u takip edemeyip bulk’tan ayrılır	Viscous boundary layer
P-570	Physics	Vortex shedding	Bluff body arkasında steady wake yerine alternating vortices periodic olarak kopar	Separated flow
P-571	Physics	von Kármán vortex street	Alternating shed vortices downstream’da ordered staggered pattern oluşturur	Wake instability
P-572	Physics	Vortex-induced vibration lock-in	Structural oscillation frequency vortex shedding frequency’ye yaklaşınca fluid forcing structure’a synchronize olup large vibration üretir	Fluid–structure coupling
P-573	Physics	Drag crisis	Reynolds number belirli regime’e geçince boundary-layer state değişir ve separation point ani kayarak drag keskin düşebilir	Bluff-body flow
P-574	Physics	Ekman layer	Rotation yüzünden interior flow ile no-slip boundary arasındaki adjustment thin rotating viscous layer’da gerçekleşir	Rotating fluid + boundary
P-575	Physics	Ekman pumping	Ekman-layer’daki horizontal convergence/divergence interior’a vertical flow pompalayabilir	Rotation + boundary friction
P-576	Physics	Geostrophic balance	Large-scale rotating flow’da pressure-gradient force ile Coriolis force yaklaşık balance olur; flow pressure gradient’e doğrudan aşağı değil çoğunlukla yan gider	Small Rossby number
P-577	Physics	Rossby wave	Latitude/geometry ile effective planetary vorticity değişimi large-scale restoring mechanism üretir	Rotating stratified/geophysical flow
P-578	Physics	Baroclinic instability	Horizontal temperature/density gradients içinde stored potential energy, growing waves/eddies’e dönüşebilir	Rotating stratified fluid
P-579	Physics	Double-diffusive convection	İki density-affecting substance farklı speeds’le diffuse ederse individually stable-looking stratification unstable olabilir	Unequal diffusivities
P-580	Physics	Salt-finger instability	Warm salty water colder fresher water üstündeyken heat salt’tan hızlı diffüz olur; descending parcel heat kaybedip relatively salty/heavy kalarak daha da batar	Thermohaline double diffusion
P-581	Physics	Mean free path	Traveling particle/photon iki interactions arasında ortalama ne kadar gider?	Random interaction medium
P-582	Physics	Absorption coefficient	Distance başına radiation’ın gerçekten medium tarafından yok edilme/energy-transfer rate’ini taşı	Absorbing medium
P-583	Physics	Scattering coefficient	Distance başına radiation direction/state değiştiren ama necessarily yok etmeyen interaction rate’ini taşı	Scattering medium
P-584	Physics	Extinction coefficient	Beam’den removal’ın absorption + scattering toplam rate’ini taşı	Radiative attenuation
P-585	Physics	Optical depth	Physical distance değil, path boyunca accumulated interaction opportunity’yi ölç	Spatially varying opacity
P-586	Physics	Beer–Lambert attenuation	Independent removal events altında unscattered/direct beam distance ile exponentially azalır	Homogeneous/simple extinction
P-587	Physics	Single-scattering albedo	Her extinction event’in ne kadarı absorption yerine scattering?	Competing interaction types
P-588	Physics	Scattering phase function	Photon scatter olduğunda yeni direction uniform değilse angular redistribution rule’unu taşı	Angular scattering
P-589	Physics	Scattering anisotropy	Scattering predominantly forward mı backward mı diye average directional persistence’i ölç	Phase-function geometry
P-590	Physics	Radiative-transfer equation	Radiation bir direction’dan streaming yaparken absorption, out-scattering, in-scattering ve sources’i aynı balance law’da birleştir	Intensity in position-angle space
P-591	Physics	Radiative source function	Local emitted + scattered-in radiation’ın extinction’a oranını effective replenishment term olarak taşı	Transfer equation
P-592	Physics	Multiple scattering	Photon tek interaction sonrası çıkmaz; birçok kez direction değiştirerek complex random path izler	Optically thick scattering medium
P-593	Physics	Transport mean free path	Forward scattering çok güçlüyse ordinary collision distance değil direction memory’sini gerçekten kaybetmek için gereken longer scale’i kullan	Anisotropic scattering
P-594	Physics	Radiative diffusion approximation	Çok sayıda scattering sonrası directional detail neredeyse kaybolduğunda angular transport’ı coarse diffusion law’a indir	Optically thick, near-isotropic field
P-595	Physics	Ballistic→diffusive radiative crossover	Thin/short-distance regime’de direct trajectories dominate; repeated scattering arttıkça random-walk-like diffusion dominate eder	Optical thickness
P-596	Physics	Photon trapping	Escape öncesi repeated absorption/scattering/re-emission path length ve residence time’ı büyütür	High optical thickness
P-597	Physics	Escape probability	Created photon’ın yeniden interact etmeden system’den çıkabilme probability’sini geometry + opacity belirler	Finite medium
P-598	Physics	Line trapping / self-absorption	Emitted photon aynı transition’daki material tarafından tekrar absorb edilip yeniden emit edilebilir	Resonant opacity
P-599	Physics	Frequency redistribution	Scattering/re-emission yalnız direction’ı değil photon frequency’sini de değiştirip future mean-free-path/escape chance’i dönüştürür	Noncoherent scattering
P-600	Physics	Opacity window	Medium çoğu frequencies’de opaque olsa bile belirli spectral interval’da extinction düşükse transport o dar channel’dan disproportionately geçebilir	Frequency-dependent opacity
P-601	Physics	Kolmogorov–Johnson–Mehl–Avrami transformation	New phase random nuclei olarak doğar, domains büyür, birbirine çarptıkça untransformed space tükenir; transformation önce hızlanıp sonra yavaşlar	Nucleation + growth + impingement
P-602	Physics	Extended transformed volume	Growing domains birbirinin içinden geçebilseydi ne kadar volume kaplardı hesapla; sonra overlap correction ile real transformed fraction’a dön	Random nucleation geometry
P-603	Physics	Impingement correction	İki growth front karşılaşınca aynı material iki kez transform olamaz; overlap apparent growth’u gerçek growth’a çevirirken çıkarılmalı	Exclusive transformed state
P-604	Physics	Site-saturated nucleation	Nuclei büyük ölçüde başlangıçta hazırdır; sonraki kinetics esas olarak existing domains’ın growth’undan gelir	Fixed nucleus population
P-605	Physics	Continuous nucleation	Transformation sürerken yeni nuclei doğmaya devam eder	Time-dependent nucleation
P-606	Physics	Nucleation-site exhaustion	Kolay nucleation sites erken kullanıldıkça future nucleation rate düşebilir	Finite heterogeneous sites
P-607	Physics	Growth-dimensionality effect	Domains 1D needles, 2D plates veya 3D volumes gibi büyüyorsa transformed fraction’ın time scaling’i değişir	Growth geometry
P-608	Physics	Avrami-exponent mechanism	Observed transformation curve shape nucleation timing + growth dimensionality kombinasyonunun compact signature’ını taşır	Idealized KJMA assumptions
P-609	Physics	Athermal martensitic transformation	Phase fraction transformation temperature crossing’e strongly bağlı olup waiting time’dan çok driving-state change ile artar	Diffusionless transformation
P-610	Physics	Diffusionless cooperative transformation	Atoms long-range diffuse etmeden coordinated small displacements ile crystal structure değiştirir	Crystalline solid
P-611	Physics	Martensitic habit plane	Parent/new phase boundary, transformation strain’i geometrically compatible yapabilen preferred orientation seçer	Lattice compatibility
P-612	Physics	Transformation variant selection	Symmetry-equivalent possible product orientations arasından stress/boundary condition’a en uygun variant büyür	External/internal stress
P-613	Physics	Self-accommodating variants	Bir variant’ın shape strain’ini başka orientation’daki variant counterbalance ederek aggregate distortion’ı azaltır	Multiple variants
P-614	Physics	Twinning accommodation	Crystal lattice incompatible deformation’ı atom planes’ının coordinated shear reorientation’ıyla karşılar	Crystalline symmetry
P-615	Physics	Autocatalytic martensite	Bir transformed region’ın stress field’i nearby regions’da başka variants’ın nucleation’ını kolaylaştırabilir	Elastic interaction
P-616	Physics	Transformation-induced plasticity	Stress altında phase transformation deformation taşıdığı için material total strain capacity/toughness artabilir	Metastable phase
P-617	Physics	Shape-memory recovery	Deformed low-temperature variants heating sonrası preferred high-temperature structure’a dönüp macroscopic original shape’i geri getirebilir	Reversible martensitic transformation
P-618	Physics	Superelasticity	Applied stress phase transformation yaratır; stress kaldırılınca reverse transformation large strain’i geri alır	Transformation temperature regime
P-619	Physics	Transformation hysteresis	Forward ve reverse phase transformations aynı control-variable value’da gerçekleşmez çünkü barriers/interface friction vardır	Metastability
P-620	Physics	LSW critical-radius mechanism	Curvature nedeniyle belirli anda critical radius’tan küçük particles çözünürken büyük particles büyür; mass small→large domains’a transfer olur	Diffusion-controlled coarsening
P-621	Physics	Lubrication approximation	Thin layer’da vertical scale horizontal scale’dan çok küçükse full fluid equations’ın çoğunu atıp thickness evolution’a indir	Small aspect ratio
P-622	Physics	Thin-film equation	Film’in local thickness’i pressure gradients ve mobility üzerinden slow nonlinear flow ile evolve olsun	Viscous thin layer
P-623	Physics	Disjoining pressure	Çok ince film’de two interfaces/substrate arasındaki molecular interaction thickness-dependent effective pressure üretir	Mesoscopic film
P-624	Physics	Precursor-film mechanism	Moving dry/wet boundary’yi literal zero-thickness contact line yerine molecularly thin residual film ile regularize et	Partial wetting
P-625	Physics	Dewetting	Initially covering film substrate üzerinde energetically unfavorable ise holes/dry regions büyüyerek coverage geri çekilir	Partial/nonwetting film
P-626	Physics	Spinodal dewetting	Flat film linearly unstable ise explicit finite seed gerekmeksizin tiny thickness fluctuations selected wavelengths’da kendiliğinden büyür	Unstable interface potential
P-627	Physics	Nucleated dewetting	Flat film locally metastable ise small fluctuations ölür; sufficiently large hole/defect barrier geçip dewetting başlatır	Metastability
P-628	Physics	Dewetting rim	Receding film’in displaced liquid’i moving edge önünde thick ridge/rim halinde birikir	Mass conservation
P-629	Physics	Thin-film rupture	Growing thickness depression minimum thickness’i molecular/zero scale’a indirip continuous film’i ayrı regions’a böler	Film instability
P-630	Physics	Slip length	Wall’daki fluid velocity exactly zero olmak zorunda değil; extrapolated velocity profile wall altında belirli distance’da zero olur	Partial-slip boundary
P-631	Physics	Moving-contact-line singularity	Strict no-slip + sharp contact line continuum model’de divergent viscous stress/dissipation üretebilir	Classical continuum boundary conditions
P-632	Physics	Capillary leveling	Uneven film surface curvature pressure yaratır; viscous flow height variations’ı zamanla smoothlaştırır	Surface tension + viscosity
P-633	Physics	Landau–Levich–Derjaguin coating	Plate liquid bath’tan çekilirken speed, viscosity ve surface tension selected residual film thickness belirler	Withdrawal coating
P-634	Physics	Bretherton film	Long bubble/capsule narrow tube’da ilerlerken wall ile object arasında thin lubricating film bırakır	Capillary tube
P-635	Physics	Elastocapillarity	Surface tension küçük/soft solid’i deforme edebilir; “surface belongs to solid” diye geometry fixed kalmaz	Soft elastic substrate
P-636	Physics	Helfrich membrane bending	Thin membrane stretch etmekten çok curvature değiştirerek deformation taşır; bending energy preferred curvature’dan sapmayı cezalandırır	Fluid membrane
P-637	Physics	Vesicle budding	Local curvature/composition forcing membrane’in bir kısmını neck ile bağlı separate bud’a dönüştürebilir	Closed/continuous membrane
P-638	Physics	Membrane tether pulling	Localized force membrane’den long thin tube çekebilir; tube radius force, tension ve bending stiffness balance’ından çıkar	Flexible membrane
P-639	Physics	Curvature-mediated interaction	Membrane üzerindeki inclusions birbirini direct force olmadan, oluşturdukları curvature fields’in overlap’i üzerinden etkileyebilir	Elastic membrane field
P-640	Physics	Pearling instability	Long cylindrical membrane/tube smooth kalmak yerine radius modulation büyütüp beads-on-string pattern’ına geçebilir	Membrane tension/curvature
P-641	Physics	Intrinsic semiconductor	Thermal excitation az sayıda electron-hole pairs üretir; electron ve hole densities birbirine bağlıdır	Undoped semiconductor
P-642	Physics	Doping / majority–minority carriers	Tiny impurity concentration available carrier population’ını orders-of-magnitude değiştirip one carrier type’ı dominant yapabilir	Donor/acceptor states
P-643	Physics	p–n junction formation	High-electron ve high-hole materials temas edince carriers concentration gradient boyunca karşı tarafa diffuse eder	Joined doped regions
P-644	Physics	Depletion region	Diffusing electrons/holes recombine edince mobile carriers boundary’den çekilir ve immobile ionized dopants space-charge region bırakır	Junction interface
P-645	Physics	Built-in electric field	Depletion-region charge diffusion’a karşı electric field üretir; equilibrium’da drift ve diffusion birbirini balance eder	p–n junction equilibrium
P-646	Physics	Forward-bias barrier lowering	External voltage built-in barrier’ı azaltır; majority carriers junction üzerinden çok daha kolay inject olur	Correct voltage polarity
P-647	Physics	Reverse-bias depletion widening	External field built-in field’i güçlendirir; mobile-carrier-depleted region genişler ve ordinary current baskılanır	Reverse bias
P-648	Physics	Drift current	Electric field carriers’a directed average motion verir	Mobile charge + electric field
P-649	Physics	Diffusion current	Carrier-density gradient carriers’ı high-concentration region’dan low-concentration region’a taşır	Spatial concentration gradient
P-650	Physics	Generation–recombination balance	Electron-hole pairs sürekli yaratılıp yok olabilir; observed carrier density bu opposing rates’in balance’ından çıkar	Semiconductor carrier kinetics
P-651	Physics	Minority-carrier diffusion length	Injected minority carrier recombine olmadan önce average ne kadar uzağa diffüz edebilir?	Diffusion + finite lifetime
P-652	Physics	Quasi-Fermi-level splitting	Nonequilibrium’da electrons ve holes tek common equilibrium chemical potential ile tarif edilemez; ayrı effective levels taşıyabilir	Driven/illuminated semiconductor
P-653	Physics	Shockley diode mechanism	Forward bias barrier’ı azaltınca injected minority-carrier populations exponential biçimde büyüyebilir ve diode current highly nonlinear olur	Ideal junction approximations
P-654	Physics	Depletion capacitance	Reverse voltage depletion width’i değiştirir; junction stored separated charge açısından voltage-dependent capacitor gibi davranır	Reverse-biased junction
P-655	Physics	Avalanche breakdown	Reverse electric field yeterince güçlü olunca tiny carrier population self-multiplying cascade başlatabilir	High-field junction
P-656	Physics	Impact ionization	Fast carrier lattice electron’a çarpıp yeni electron-hole pair yaratır; yeni carriers de aynı şeyi yapabilir	Sufficient carrier energy
P-657	Physics	Zener breakdown	Heavily doped narrow junction’da barrier çok ince olduğunda carriers classical barrier crossing yerine quantum tunnel eder	Strong field + narrow depletion region
P-658	Physics	Punch-through	Depletion region device geometry boyunca o kadar genişler ki normally separated regions electrostatically birleşip current-control barrier’ı kaybeder	Short/thin semiconductor geometry
P-659	Physics	Space-charge-limited current	Injected carriers background carriers’dan çok olursa onların kendi electric field’i future injection/transport’u limitler	Injection-dominated material
P-660	Physics	Ambipolar diffusion	Electrons ve holes individually farklı mobility/diffusion istese de charge separation electric field yaratıp iki populations’ı coupled packet halinde taşımaya zorlar	Nearly neutral electron-hole cloud
P-661	Physics	Kinetic sieving	Sheared mixed grains arasında temporary voids açılır; small particles bu voids’a large particles’dan daha kolay düşer	Size-polydisperse granular flow
P-662	Physics	Squeeze expulsion	Small grains aşağı percolate ederken contact forces large grains’i relative olarak yukarı iter	Dense granular shear
P-663	Physics	Brazil-nut segregation	Repeated shaking/shearing sonunda large particles mixture’ın üst tarafında concentrate olabilir	Size segregation
P-664	Physics	Reverse Brazil-nut effect	Density/size/friction regime değişince large particles instead downward segregate olabilir	Competing segregation mechanisms
P-665	Physics	Granular convection segregation	Container-scale circulation grains’i taşıyarak size/density segregation’a katkı verebilir	Vibrated granular bed
P-666	Physics	Fine-particle percolation	Small particles larger-grain skeleton’ın aralarındaki accessible pore paths boyunca downward migrate eder	Geometric void network
P-667	Physics	Segregation–remixing balance	Systematic species drift ayırmaya çalışırken random collisional diffusion tekrar karıştırır; final profile ikisinin balance’ıdır	Flowing mixture
P-668	Physics	Segregation front/shock	Different species concentrations farklı transport speeds taşıyınca sharp concentration interface oluşabilir	Nonlinear segregation flux
P-669	Physics	Granular temperature	Ordinary thermodynamic temperature yerine random grain-velocity fluctuation energy’sini local agitation scale olarak taşı	Athermal granular system
P-670	Physics	Inelastic cooling	Grain collisions kinetic energy conserve etmez; external forcing yoksa random motion zamanla söner	Inelastic collisions
P-671	Physics	Stress-activated frictional contacts	Low stress’te particles lubrication/separation forces’la kayarken stress yükselince direct frictional contacts açılabilir	Dense suspension
P-672	Physics	Lubricated→frictional contact crossover	Interaction network aynı particles’la kalır ama load taşıyan contact type stress altında değişir	Suspension microstructure
P-673	Physics	Continuous shear-thickening mechanism	Applied stress arttıkça frictional-contact fraction smooth büyür ve effective viscosity giderek artar	Dense suspension
P-674	Physics	Discontinuous shear thickening	Narrow stress range’de frictional contact network rapidly percolate/grow edip viscosity’de abrupt jump üretebilir	High particle concentration
P-675	Physics	Shear jamming	Initially flowable dense particles shear altında system-spanning stress-bearing contact network kurup rigid-like state’e geçebilir	Dense frictional particles
P-676	Physics	Fragile jammed state	Jammed structure bazı load directions’ını taşıyabilir ama force direction değişince kolay collapse edebilir	Anisotropic contact network
P-677	Physics	Reynolds dilatancy	Densely packed grains shear etmek için birbirlerinin yanından geçerken extra volume açmak zorunda kalabilir	Dense granular packing
P-678	Physics	Confinement-induced shear resistance	Material dilate etmek ister ama boundary expansion’ı engellerse normal stress artıp shear resistance çok büyüyebilir	Fixed-volume/confining boundary
P-679	Physics	Contact-network percolation under stress	Isolated contacts, stress arttıkça connected load-bearing network’e dönüşebilir	Dense suspension/granular material
P-680	Physics	Constraint-rheology mechanism	Particle motion’a ek constraints/contact modes açıldıkça accessible configurations azalır, viscosity yükselir ve sonunda jamming oluşabilir	Dense particulate system
P-681	Physics	Metamaterial effective-medium design	Unit cells wavelength’den yeterince küçükse complex microstructure’u unusual effective density/modulus/index taşıyan coarse medium gibi gör	Subwavelength structure
P-682	Physics	Negative effective mass density	Applied acceleration direction’ına karşı internal resonator antiphase force’u dominant olup coarse response negative inertia gibi görünebilir	Locally resonant medium
P-683	Physics	Negative effective bulk modulus	Compression’a internal resonator volume response antiphase ve güçlü olursa effective compressibility/modulus sign değiştirebilir	Acoustic resonators
P-684	Physics	Double-negative acoustic regime	Effective density ve bulk modulus uygun frequency range’de birlikte negative hale gelerek unusual propagation/refraction açabilir	Resonant engineered medium
P-685	Physics	Subwavelength local-resonance band gap	Wavelength unit-cell spacing’den çok büyük olsa bile internal resonators belirli frequency range’de propagation’ı engelleyebilir	Local resonance
P-686	Physics	Mass-in-mass resonance	Outer load-bearing mass içine internal oscillator koy; internal relative motion effective inertia’yı frequency-dependent hale getir	Mechanical metamaterial cell
P-687	Physics	Helmholtz-resonator metamaterial	Cavity + narrow neck local acoustic oscillator gibi davranarak effective compressibility/dispersion’ı keskin değiştirir	Resonant acoustic cavity
P-688	Physics	Membrane acoustic metamaterial	Stretched membrane + attached/associated mass local resonance üzerinden effective dynamic mass response üretir	Membrane resonator
P-689	Physics	Hybridization gap	Propagating continuum mode local resonator frequency’sine yaklaşınca modes hybridize olur ve avoided-crossing-like forbidden interval açılabilir	Continuum + local oscillator
P-690	Physics	Antiresonant response	Internal components öyle opposite-phase hareket eder ki externally driven total response/transmission belirli frequency’de near-zero olur	Coupled oscillators
P-691	Physics	Resonance-induced effective-parameter sign flip	Frequency resonance’ın bir tarafından diğerine geçince coarse effective parameter positive’dan negative’e dönebilir	Dispersive resonance
P-692	Physics	Slow-sound resonance	Strong dispersion near resonance group transport’u çok yavaşlatıp energy residence time’ını büyütebilir	Resonant acoustic structure
P-693	Physics	Graded-resonance / rainbow trapping	Resonance frequency position boyunca değişsin; different frequencies farklı locations’da progressively slow/localize olsun	Spatially graded resonators
P-694	Physics	Acoustic metasurface phase discontinuity	Bulk material volume’u yerine thin patterned interface her position’da controlled phase shift uygulasın	Subwavelength surface elements
P-695	Physics	Generalized wave steering	Interface boyunca engineered phase gradient conventional refraction law’a ek transverse momentum verip beam direction’ını yeniden seçsin	Metasurface
P-696	Physics	Transformation acoustics	Coordinate deformation altında desired wave paths’i hesaplayıp equivalent anisotropic material parameters tasarla	Effective-medium wave equation
P-697	Physics	Acoustic cloaking	Wave paths’i hidden region etrafından yönlendirip dışarıdaki scattered field’i unobstructed reference’a yaklaştır	Anisotropic engineered medium
P-698	Physics	Willis coupling	Effective stress/pressure yalnız strain’e, momentum yalnız velocity’ye bağlı olmak zorunda değil; momentum–strain / stress–velocity cross-couplings ortaya çıkabilir	Dynamic heterogeneous medium
P-699	Physics	Acoustic nonreciprocity by active/time modulation	A→B transmission ile B→A transmission’ı time-varying/active medium kullanarak farklılaştır	Broken reciprocity
P-700	Physics	Resonance-controlled topological transition	Bragg-scattering topology local resonance frequency’si değiştirilerek ordinary/topological band configuration arasında geçirilebilir	Coupled Bragg + local resonance
P-701	Physics	Neutron multiplication	Bir fission birkaç neutrons üretir; bunların bir kısmı yeni fissions oluşturursa population generation-to-generation multiply olabilir	Fission chain
P-702	Physics	Effective multiplication factor $k_{\text{eff}}$	Bir neutron generation’dan sonraki generation’a surviving/produced neutron ratio’sunu single stability indicator olarak taşı	Reactor neutron balance
P-703	Physics	Subcritical chain	Her generation öncekinin altında kalır; external source olmazsa chain reaction söner	$k_{\text{eff}}<1$
P-704	Physics	Critical chain	Her generation yaklaşık kendini replace eder; average neutron population stable kalır	$k_{\text{eff}}=1$
P-705	Physics	Supercritical chain	Her generation bir öncekinden daha fazla effective neutrons bırakır; neutron population büyür	$k_{\text{eff}}>1$
P-706	Physics	Neutron moderation	Fast neutron’u repeated scattering ile yavaşlat; bazı fuels’da slow neutron fission probability’sini yükselt	Moderator material
P-707	Physics	Thermalization	Neutron repeated collisions sonrası surrounding medium’un thermal-energy scale’ına yaklaşır	Scattering medium
P-708	Physics	Resonance absorption	Neutron belirli energy bands’den geçerken non-fission absorbers/fuel isotopes tarafından strongly captured olabilir	Energy-dependent cross sections
P-709	Physics	Neutron leakage	Neutron fuel region’dan escape ederse future chain reaction’a artık katkı yapamaz	Finite reactor geometry
P-710	Physics	Neutron reflection	Escaping-direction neutron’un bir kısmını surrounding material scatter ederek active region’a geri yönlendirebilir	Reflective boundary material
P-711	Physics	Absorber-control mechanism	Neutron-absorbing material eklemek available future-fission neutrons’u azaltıp chain multiplication’ı aşağı çeker	Control absorber
P-712	Physics	Delayed-neutron production	Fission neutrons’ın küçük kısmı fission instantında değil unstable precursors decay ettikten sonra gelir	Fission-product precursors
P-713	Physics	Prompt–delayed timescale separation	Aynı multiplication process iki çok farklı clocks taşır: immediate prompt neutrons + slower delayed contribution	Reactor kinetics
P-714	Physics	Precursor reservoir	Current fission activity future neutron supply yaratacak delayed precursor population biriktirir	Delayed-neutron kinetics
P-715	Physics	Doppler reactivity feedback	Fuel temperature değişince resonance absorption spectrum broadens ve neutron economy değişir	Temperature-dependent nuclear cross sections
P-716	Physics	Moderator-density feedback	Moderator density/temperature değişince slowing-down ability ve neutron leakage/absorption balance birlikte değişebilir	Moderated reactor
P-717	Physics	Xenon-135 poisoning	Fission-product xenon güçlü neutron absorber olarak transient negative reactivity yaratabilir	Fission-product inventory
P-718	Physics	Iodine→xenon delay	Xenon inventory yalnız current fission rate’e değil precursor iodine inventory ve decay delay’ine de bağlıdır	Delayed poison production
P-719	Physics	Burnable absorber	Başlangıçta excess neutron availability’yi absorbe eden material irradiation ile zamanla tükenerek kendi negative effect’ini azaltır	Depleting absorber
P-720	Physics	Fuel-depletion feedback	Energy üretildikçe fissile inventory ve isotopic composition değişir; system dynamics kendi future multiplication parameters’ını yavaşça değiştirir	Long-timescale burnup
P-721	Physics	Bose–Einstein condensation	Sufficiently cold bosons’ın macroscopic fraction’ı aynı lowest/coherent quantum state’te toplanabilir	Bosonic statistics
P-722	Physics	Condensate fraction	Total particles’ın ne kadarı macroscopically occupied coherent state’te?	BEC
P-723	Physics	Macroscopic wavefunction	Çok sayıda particles’ın coherent component’ını single complex amplitude field ile temsil et	Weakly interacting condensate
P-724	Physics	Gross–Pitaevskii nonlinearity	Condensate wavefunction kendi density’si üzerinden local interaction potential’ını değiştirir	Weak contact interactions
P-725	Physics	Healing length	Condensate order parameter defect/boundary sonrası bulk value’ya ne kadar distance’da geri döner?	Interaction + kinetic energy balance
P-726	Physics	Quantum pressure	Density’yi çok keskin spatially değiştirmek wavefunction-gradient energy cost’u üretir	Inhomogeneous condensate
P-727	Physics	Bogoliubov excitation	Particle-like excitations interaction altında particle/hole components’in coherent mixture’ına dönüşür	Weakly interacting Bose gas
P-728	Physics	Phonon-to-particle crossover	Long wavelengths’de excitation collective sound-like; short wavelengths’de individual-particle-like olur	Bogoliubov spectrum
P-729	Physics	Landau critical velocity	Moving object/flow ancak velocity excitations yaratmayı energetically possible kılacak threshold’u aşınca dissipation channel açar	Excitation spectrum
P-730	Physics	Superfluid metastable flow	Flow state ordinary friction olmadan uzun süre persist edebilir çünkü decay için allowed excitation/topological transition gerekir	Phase coherence
P-731	Physics	Quantized circulation	Closed loop çevresindeki superfluid phase single-valued olmak zorunda olduğu için circulation arbitrary değil discrete units taşır	Coherent phase
P-732	Physics	Quantized vortex	Circulation concentrated defect core çevresinde phase tam integer turns yapar; core’da condensate density düşer	Superfluid order parameter
P-733	Physics	Vortex nucleation barrier	Rotation/flow vortex state’i favorable yapmış olsa bile vortex oluşması için finite energetic/topological barrier geçilebilir	Metastability
P-734	Physics	Vortex entry threshold	External rotation/flow belirli condition’a gelince boundary’den vortex penetration mümkün/favorable hale gelir	Finite condensate boundary
P-735	Physics	Vortex shedding	Obstacle superfluid içinde critical speed’i aşınca downstream quantized vortices repeatedly emit edilebilir	Flow around obstacle
P-736	Physics	Vortex–antivortex pair	Opposite circulation defects pair halinde oluşup separate veya annihilate olabilir	2D superfluid
P-737	Physics	Vortex lattice	Rotation altında many same-sign vortices mutual interactions nedeniyle ordered approximately triangular array oluşturabilir	Rapidly rotating condensate
P-738	Physics	Phase stiffness	Spatial phase twist energy cost taşır; coherent system phase gradients’ı arbitrary cheap oluşturamaz	Superfluid order
P-739	Physics	Phase coherence loss	Thermal/quantum fluctuations phase relations’ı long-range taşıyamaz hale getirince superfluid-like global order kaybolabilir	Dimensionality/fluctuations
P-740	Physics	Condensate collective mode	Trap/density cloud whole shape’i breathing, quadrupole vb coherent modes halinde oscillate edebilir	Interacting trapped BEC
P-741	Physics	Ferroelectric polarization switching	External electric field local polarization orientation’ını opposite stable orientation’a çevirebilir	Multistable polarization
P-742	Physics	Reverse-domain nucleation	Whole crystal aynı anda dönmez; önce küçük opposite-polarization region doğabilir	Switching barrier
P-743	Physics	Domain-wall propagation switching	Once reversed nucleus oluştuğunda total switching, boundary’nin surrounding domain içine hareket etmesiyle devam eder	Mobile interface
P-744	Physics	Coercive-field scale	Applied field belirli scale’a yaklaştığında polarization reversal macroscopically accessible hale gelir	Ferroelectric hysteresis
P-745	Physics	Merz-type switching law	Switching time field biraz arttığında linearly değil exponentially/orders-of-magnitude azalabilir	Activated domain dynamics
P-746	Physics	Subcoercive thermal creep	Zero-temperature depinning threshold’unun altında bile thermal activation wall’u çok yavaş ilerletebilir	Disorder + finite temperature
P-747	Physics	Defect pinning of domain wall	Local defects wall motion için uneven energy landscape yaratıp boundary’yi belirli locations’a bağlar	Quenched disorder
P-748	Physics	Domain-wall bowing	Wall pins arasında bütünüyle translate olamazsa flexible interface olarak eğilip drive altında protrude eder	Elastic wall + discrete pins
P-749	Physics	Domain-wall roughening	Different wall segments disorder’a farklı tepki verince initially smooth boundary multiscale rough geometry kazanır	Elastic interface disorder
P-750	Physics	Random-bond pinning	Disorder wall’ın local energy/cost’unu değiştirir ama preferred bulk polarization sign’ını doğrudan seçmez	Energy-landscape disorder
P-751	Physics	Random-field pinning	Disorder local olarak polarization/magnetization’ın hangi sign/orientation’da olmasını tercih ettiğini bias eder	Field-like disorder
P-752	Physics	Charged domain wall	Polarization normal component’i wall boyunca discontinuous ise bound charge wall üzerinde birikebilir	Electrostatic compatibility
P-753	Physics	Neutral domain wall	Domain orientations charge accumulation’ını minimize edecek geometry’de buluşabilir	Electrostatic boundary condition
P-754	Physics	Conductive domain wall	Bulk insulating olsa bile local symmetry, band structure veya defects nedeniyle thin domain boundary daha conductive olabilir	Emergent interface state
P-755	Physics	Ferroelastic switching	Domain change yalnız internal polarization değil crystal strain orientation’ını da değiştirir	Coupled lattice distortion
P-756	Physics	Strain-compatibility selection	Arbitrary domains yan yana gelemez; interface boyunca lattice distortion geometrically compatible olmalı	Elastic compatibility
P-757	Physics	Domain-wall obstacle interaction	Moving wall başka ferroelastic wall/defect/interface’e ulaşınca propagation stall, deflect veya başka switching mode’a geçebilir	Heterogeneous interfaces
P-758	Physics	Nucleation-versus-propagation control	Total switching time bazı regimes’de new domains doğma rate’iyle, bazılarında existing walls’ın travel speed’iyle sınırlanır	Competing kinetic bottlenecks
P-759	Physics	Walker breakdown	Magnetic wall drive arttıkça önce speed artar; threshold sonrası wall internal orientation precess etmeye başlayıp simple translation regime’i bozar	Magnetic-domain-wall dynamics
P-760	Physics	Current-driven wall translation	Spin-polarized/current-induced torque magnetic texture’a angular momentum verip wall’u external magnetic field olmadan hareket ettirebilir	Spin-transfer/spin-orbit torque
P-761	Physics	Reactive porous transport	Fluid pores içinde taşınırken solid surface ile reaction yapar; transport ve geometry birbirinden bağımsız kalmaz	Flow + chemical reaction
P-762	Physics	Dissolution-induced porosity increase	Solid çözündükçe pore volume büyür	Dissolving matrix
P-763	Physics	Dissolution-induced permeability increase	Pore/throat geometry genişledikçe hydraulic resistance düşüp flow capacity artabilir	Connected porous medium
P-764	Physics	Reactive-infiltration feedback	Bir path biraz daha çok flow alır → daha çok reactant gelir → daha çok çözünür → permeability daha da artar → daha çok flow alır	Dissolution + advection
P-765	Physics	Wormhole formation	Initially small permeability advantage self-amplify olup narrow high-flow dissolution channel’a dönüşür	Unstable reactive infiltration
P-766	Physics	Wormhole competition	Birkaç channels başlangıçta büyür; daha başarılı channel flow’u kendine çekip neighbors’ın reactant supply’ını azaltabilir	Shared pressure/flow field
P-767	Physics	Wormhole breakthrough	Preferential channel outlet’a ulaştığında system-wide hydraulic conductance suddenly çok büyüyebilir	Finite porous sample
P-768	Physics	Face dissolution	Reactant penetration shallow ise reaction mostly inlet-facing moving front’ta kalır	Fast reaction / low penetration
P-769	Physics	Uniform dissolution	Reactant deep penetrate ediyorsa material broadly distributed biçimde çözünür	Slow reaction / strong transport
P-770	Physics	Channeling regime	Pre-existing heterogeneous connected pore pathway preferential flow’u dominant biçimde taşıyıp dissolution pattern’ını template edebilir	Strong structural heterogeneity
P-771	Physics	Precipitation clogging	Dissolved species başka location’da precipitate olup pore throat daraltır ve permeability düşürür	Supersaturation
P-772	Physics	Flow diversion by precipitation	Bir channel clog olunca pressure-driven flow başka available paths’e reroute olur	Networked pores
P-773	Physics	Dissolution–precipitation relocation	Solid mass bir region’dan solution’a geçip başka region’da yeniden solid olabilir	Reactive solute transport
P-774	Physics	Mineral armoring	New precipitated layer reactive mineral surface’i kapatıp further dissolution’a access’i azaltabilir	Surface coating
P-775	Physics	Reactive-surface evolution	Geometric surface area fixed değildir; dissolution roughness/new pores yaratabilir veya surfaces yok olabilir	Evolving interface
P-776	Physics	Dead-pore shielding	Geometric pore var ama through-flow/reactant access zayıfsa chemically relevant surface contribution’ı çok küçük olabilir	Transport accessibility
P-777	Physics	Reaction-front migration	Reactant-depleted ve unreacted material arasındaki active reaction zone space boyunca hareket eder	Limited reactant penetration
P-778	Physics	Reaction-front retraction	Geometry/surface generation değişimi nedeniyle effective reactive front imposed flow direction’ının tersine bile hareket edebilir	Evolving porous structure
P-779	Physics	Reaction-induced density instability	Chemical reaction fluid density’yi değiştirip previously stable flow’a buoyancy-driven convection ekleyebilir	Reactive compositional density
P-780	Physics	Pore-scale→Darcy-scale closure failure	Same bulk porosity/reactivity averages different pore geometries’de different macroscopic flow/reaction gösterebilir; coarse parameters tek başına yeterli olmayabilir	Strong evolving heterogeneity
P-781	Physics	Magnetic induction equation	Conducting fluid motion magnetic field’i advect/stretch ederken resistive diffusion field gradients’i smoothlaştırır	MHD
P-782	Physics	Magnetic Reynolds number	Field transport by flow ile magnetic diffusion hangisi daha hızlı diye dimensionless ratio kur	Conducting flow
P-783	Physics	Dynamo threshold	Flow magnetic diffusion losses’ı yeterince yenmeden infinitesimal magnetic seed sustained growth göstermez	Conducting fluid
P-784	Physics	Kinematic dynamo	Magnetic field henüz zayıfken flow field’i approximately fixed say; seed field büyüyor mu test et	Negligible Lorentz backreaction
P-785	Physics	Small-scale dynamo	Turbulent stretching magnetic energy’yi flow forcing scale’ından daha küçük structures’da hızla amplify edebilir	Turbulent conductor
P-786	Physics	Large-scale dynamo	Turbulent/rotating flow forcing scale’ından çok daha büyük coherent magnetic field oluşturabilir	Broken symmetry/helicity/rotation
P-787	Physics	Alpha effect	Helical turbulence small-scale velocity/magnetic correlations üzerinden large-scale electromotive force üretir	Mean-field MHD
P-788	Physics	Omega effect	Differential rotation existing poloidal field lines’ı shear ederek strong toroidal field’e dönüştürür	Differential rotation
P-789	Physics	Alpha–Omega dynamo loop	Shear poloidal→toroidal dönüşüm yapar; helical turbulence toroidal structure’dan yeniden poloidal component üretir	Rotating turbulent conductor
P-790	Physics	Turbulent magnetic diffusion	Chaotic eddies mean magnetic gradients’i molecular resistivity’den çok daha hızlı spread/mix edebilir	Turbulent medium
P-791	Physics	Flux expulsion	Closed circulating flow magnetic field’i cell interior’dan dışarı/boundary layers’a concentrate edebilir	High magnetic Reynolds flow
P-792	Physics	Seed-field amplification	Dynamo field’i sıfırdan yaratmak zorunda değil; arbitrarily weak pre-existing seed’i exponential/rapid growth ile macroscopic hale getirebilir	Unstable magnetic mode
P-793	Physics	Lorentz-force backreaction	Magnetic field güçlendikçe current×field force onu yaratan fluid motions’ı değiştirmeye başlar	Nonlinear MHD
P-794	Physics	Dynamo saturation	Field amplification, Lorentz backreaction generation mechanism’ını losses ile balance edecek kadar değiştirdiğinde growth durur	Nonlinear feedback
P-795	Physics	Alpha quenching	Growing magnetic field turbulence/helicity correlations’ını değiştirerek effective alpha regeneration’ını azaltabilir	Mean-field dynamo
P-796	Physics	Magnetic-helicity constraint	Nearly ideal conductor’da helicity approximate conserved olduğundan large-scale helical field growth compensating small-scale helicity üretimi/transportıyla constrained olabilir	High conductivity
P-797	Physics	Inverse magnetic-helicity transfer	Magnetic-helicity content turbulent interactions üzerinden smaller scales’den larger scales’e transfer olabilir	Helical MHD turbulence
P-798	Physics	Helicity-flux relief	Accumulated small-scale helicity system’den transport/escape edebilirse large-scale dynamo quenching constraint’i hafifleyebilir	Open boundaries
P-799	Physics	Convective dynamo	Buoyancy-driven motion conducting fluid’i hareket ettirir; flow magnetic field üretir, field de convection’ı geri etkiler	Rotating conducting fluid
P-800	Physics	Magnetostrophic self-consistency	Rapidly rotating dynamo’da Coriolis, pressure/buoyancy ve Lorentz forces birlikte flow geometry’sini belirler; generated field generation mechanism’ının medium’unu geri şekillendirir	Planetary-core regime
P-801	Physics	Stimulated emission	Incoming photon excited atom’u same frequency/phase/direction-compatible extra photon üretmeye tetikleyebilir	Excited gain medium
P-802	Physics	Population inversion	Gain elde etmek için upper laser state population’ı lower state population’dan sufficiently büyük hale getir	Nonequilibrium pumping
P-803	Physics	Optical gain	Stimulated emission absorption/loss’tan baskın olduğunda propagating optical field amplitude/intensity büyür	Active medium
P-804	Physics	Cavity feedback	Amplified light mirrors arasında repeatedly dönerek same modes gain medium’den tekrar tekrar geçsin	Resonator
P-805	Physics	Laser threshold	Round-trip gain total round-trip loss’u ancak geçtiğinde tiny field fluctuations self-sustaining macroscopic oscillation’a dönüşür	Gain–loss balance
P-806	Physics	Gain clamping	Above threshold lasing field gain medium’i deplete eder; steady-state gain çoğu durumda cavity-loss threshold’una yakın pinned kalır	Saturating laser
P-807	Physics	Gain saturation	Optical intensity yükseldikçe available inversion tüketilir ve incremental amplification düşer	Finite excited population
P-808	Physics	Spatial hole burning	Standing-wave/high-intensity regions local inversion’ı daha çok tüketip gain medium içinde spatially uneven unused gain bırakır	Spatial cavity mode
P-809	Physics	Homogeneous gain competition	Modes aynı atomic population reservoir’ını güçlü biçimde paylaşırsa bir mode’un growth’u diğerinin available gain’ini azaltır	Homogeneously broadened gain
P-810	Physics	Inhomogeneous gain coexistence	Different spectral subpopulations farklı frequencies’e hizmet edebildiği için modes resource sharing’i daha az complete olabilir	Inhomogeneous broadening
P-811	Physics	Laser mode competition	Several cavity modes initially above threshold olabilir; shared saturated gain nedeniyle one/few modes others’ı suppress eder	Multimode cavity
P-812	Physics	Relaxation oscillation	Pump inversion’ı doldurur → photons hızla inversion tüketir → photon field düşer → inversion yeniden birikir; damped predator–prey-like oscillation çıkar	Gain–photon timescale separation
P-813	Physics	Active Q-switching	Cavity loss’u external control ile önce high tut; inversion accumulate olsun; sonra loss’u aniden düşürüp stored gain’i short intense pulse’a boşalt	Controlled cavity Q
P-814	Physics	Passive Q-switching	Intensity-dependent saturable absorber low intensity’de cavity’yi kapatır; field yeterince büyüyünce absorber bleaches ve pulse release olur	Nonlinear loss
P-815	Physics	Saturable absorber	Low light’ta strongly absorb, high intensity’de available absorbers saturate olduğu için loss azalır	Intensity-dependent loss
P-816	Physics	Gain switching	Pump/gain’i zamanla hızlı modulate ederek lasing threshold’unu transient cross ettir ve short pulse oluştur	Time-dependent gain
P-817	Physics	Mode locking	Many longitudinal cavity modes’un relative phases’ini lock et; continuous/random interference yerine periodically aligned ultrashort pulse oluşsun	Multimode coherent cavity
P-818	Physics	Active mode locking	External periodic modulation cavity modes arasında fixed phase relation oluşturur	Driven modulation
P-819	Physics	Passive mode locking	Intensity-dependent loss/nonlinearity high-intensity short pulse’a low-intensity continuous field’den larger net round-trip gain verir	Nonlinear intracavity element
P-820	Physics	Injection locking	External coherent signal free-running oscillator’ın frequency/phase’ını finite detuning range içinde kendi frequency’sine çekip lock edebilir	Driven nonlinear oscillator
P-821	Physics	van der Waals colloidal attraction	Neutral-looking particles fluctuating electromagnetic polarization nedeniyle short-range net attraction taşıyabilir	Close colloidal surfaces
P-822	Physics	Electric double layer	Charged particle surface çevresinde counterions redistribute olup screening cloud oluşturur	Ionic fluid
P-823	Physics	DLVO competition	Net pair interaction’ı van der Waals attraction + screened electrostatic repulsion balance’ından oluştur	Charged colloids
P-824	Physics	DLVO energy barrier	Particles attractive minimum’a ulaşmadan önce electrostatic repulsive barrier geçmek zorunda olabilir	Competing interactions
P-825	Physics	Critical coagulation concentration	Salt concentration screening’i yeterince güçlendirince repulsive barrier collapse edip rapid aggregation açılabilir	Electrolyte-controlled stability
P-826	Physics	Zeta-potential proxy	Surface charge’ın tamamını değil moving particle ile fluid arasındaki shear plane’de effective electrokinetic potential’ı ölç	Electrokinetics
P-827	Physics	Depletion attraction	Small nonadsorbing particles big colloids arasındaki narrow gap’e giremeyince outside osmotic pressure big particles’i birbirine iter	Size-asymmetric mixture
P-828	Physics	Asakura–Oosawa mechanism	Depletion zones overlap ettiğinde small particles için accessible volume artar; entropy/osmotic pressure colloids’i attract eder	Ideal/weakly interacting depletant
P-829	Physics	Steric stabilization	Particle surfaces’a polymer layers ekle; approach polymer conformations/overlap için costly hale gelsin ve aggregation engellensin	Grafted/adsorbed polymers
P-830	Physics	Polymer-brush repulsion	Dense tethered chains compress edilince osmotic + entropic penalty sharp repulsive force üretir	Brush-coated surfaces
P-831	Physics	Bridging flocculation	Bir polymer chain aynı anda two particles’a adsorb olup literal molecular bridge kurarak attraction yaratabilir	Adsorbing polymer
P-832	Physics	Depletion flocculation	Polymer adsorb olmadan da excluded-volume/osmotic mechanism particles’i aggregate edebilir	Nonadsorbing polymer
P-833	Physics	SALR interaction	Short-range attraction particles’i cluster yapmaya çekerken long-range repulsion unlimited coalescence’ı engeller	Competing-range forces
P-834	Physics	Equilibrium finite-cluster phase	Attraction aggregation başlatır ama longer-range repulsion cluster büyüklüğünü finite scale’da arrest edebilir	SALR
P-835	Physics	Colloidal gelation	Attractive bonds particles arasında system-spanning slowly relaxing network kurarak fluid-like dispersion’ı solid-like arrested state’e geçirir	Attractive colloids
P-836	Physics	Arrested phase separation	Demixing/coarsening başlar ama dense phase glass/gel gibi arrest olduğu için ordinary macroscopic phase separation tamamlanmaz	Attraction + dynamical arrest
P-837	Physics	Patchy-particle valence control	Attraction particle surface’in yalnız birkaç patches’inde mümkün olsun; maximum neighbor/bond count geometrically sınırla	Directional interaction sites
P-838	Physics	Directional colloidal self-assembly	Same isotropic particles yerine bond direction/orientation rules ekleyerek selected architectures favor et	Anisotropic interactions
P-839	Physics	Capillary colloid attraction	Fluid interface’i deforme eden particles birbirlerini direct molecular force olmadan shared interface deformation üzerinden çekebilir/itebilir	Particles at interface
P-840	Physics	Colloidal crystallization	Thermal motion + pair interactions uygun density/range’de particles’i long-range positional order taşıyan lattice’e self-organize edebilir	Brownian colloids
P-841	Physics	Langmuir adsorption	Surface sites finite; gas molecules vacant sites’e adsorb olur ve increasing pressure coverage’ı saturation’a götürür	Finite identical sites
P-842	Physics	Surface coverage	Catalyst’ın active sites’inin ne kadarı hangi species tarafından occupied diye state variable taşı	Adsorbing surface
P-843	Physics	Adsorption–desorption balance	Molecules surface’e gelirken diğerleri leave eder; steady coverage opposing flux balance’ından çıkar	Reversible adsorption
P-844	Physics	Competitive adsorption	Several species same site population için yarışıyorsa one species coverage diğerinin available sites’ini azaltır	Shared catalytic sites
P-845	Physics	Site blocking	Species react etmese bile active location’ı occupy ederek productive reactant’ın access’ini engelleyebilir	Finite surface capacity
P-846	Physics	Langmuir–Hinshelwood reaction	Reactant A ve B önce surface’e adsorb olur; reaction two adsorbed species karşılaştığında gerçekleşir	Surface diffusion/adjacency
P-847	Physics	Eley/Langmuir–Rideal-type reaction	One species surface’de adsorbed; other mobile/gas-phase species surface-bound reactant’la direct react eder	One adsorbed reactant
P-848	Physics	Mars–van Krevelen mechanism	Reactant catalyst lattice atomunu—tipik oxygen—reaction’da tüketir; gas-phase oxidant sonra catalyst lattice’i restore eder	Redox catalyst
P-849	Physics	Catalyst lattice participation	Catalyst yalnız passive platform değildir; kendi atomic species’i reaction intermediate/product formation’a girer	Reactive catalyst solid
P-850	Physics	Catalyst reoxidation/regeneration	Reaction catalyst’ı locally reduced/depleted yapar; another feed species active lattice state’i restore eder	Cyclic catalyst state
P-851	Physics	Oxygen-vacancy cycle	Lattice oxygen reaction’da çıkınca vacancy oluşur; vacancy oxygen uptake/migration ile sonra doldurulur	Reducible oxide
P-852	Physics	Surface spillover	Adsorbed/reactive species bir active material’dan adjacent support/phase’e migrate ederek remote sites’i etkiler	Multi-component catalyst
P-853	Physics	Catalyst poisoning	Strongly bound impurity/reactant active sites’i uzun süre occupy veya chemically modify ederek activity düşürür	Site-specific contamination
P-854	Physics	Selective poisoning	Poison bütün sites’i equally etkilemez; specific high-activity ensemble’ları preferentially disable edebilir	Heterogeneous active sites
P-855	Physics	Catalyst coking	Carbonaceous deposits surface/pore network üzerinde accumulate olup sites ve transport paths’i kapatır	Hydrocarbon reactions
P-856	Physics	Catalyst sintering	Small active particles high temperature’da coalesce/grow; exposed active surface area azalır	Thermal restructuring
P-857	Physics	Structure sensitivity	Same chemical composition different particle size/facet/ensemble geometry’de different turnover rate/selectivity gösterebilir	Heterogeneous surface sites
P-858	Physics	Sabatier optimum	Reactant surface’e çok weak bağlanırsa activate olmaz; çok strong bağlanırsa product/intermediate ayrılamaz; intermediate binding optimum verir	Adsorption-energy tradeoff
P-859	Physics	Volcano relation	Catalyst activity descriptor/binding strength boyunca low→high→low pattern gösterebilir çünkü activation ve release opposite directions ister	Sabatier tradeoff
P-860	Physics	Surface-reconstruction feedback	Reaction conditions adsorbate coverage/oxidation state’i değiştirir; catalyst surface structure yeniden organize olur ve yeni structure reaction kinetics’i değiştirir	Dynamic catalyst surface
P-861	Physics	Lithium intercalation	Li ions host crystal’ı tamamen destroy etmeden existing structural sites/layers içine girsin	Intercalation electrode
P-862	Physics	Deintercalation	Stored Li host structure’dan çıkarılıp electrolyte üzerinden karşı electrode’a taşınsın	Reversible insertion
P-863	Physics	Graphite staging	Lithium graphite layers’a uniformly değil ordered occupied/unoccupied layer patterns halinde girebilir	Layered host
P-864	Physics	Solid-state diffusion limitation	Surface’de Li available olsa bile particle interior’a diffusion slow ise full active material hızlı kullanılamaz	Finite diffusion coefficient
P-865	Physics	Concentration polarization	Fast current local lithium concentration gradients yaratıp interface potential/transport driving force’u distort eder	Finite mass transport
P-866	Physics	Charge-transfer overpotential	Electrochemical reaction finite rate taşıdığı için desired current equilibrium potential’dan extra voltage displacement ister	Electrode interface
P-867	Physics	Butler–Volmer kinetics	Forward/reverse charge-transfer rates overpotential ile nonlinear/exponential biçimde bias olur	Activated electrochemistry
P-868	Physics	SEI formation	Electrolyte reduction products negative electrode üzerinde thin passivating solid layer oluşturur	Reactive electrode/electrolyte interface
P-869	Physics	Selective SEI transport	Useful SEI Li ions geçirsin ama electrons’ı block ederek continued electrolyte reduction’ı bastırsın	Mixed ionic/electronic transport
P-870	Physics	SEI growth	Passivation complete freeze değildir; slow transport/leakage üzerinden layer cycling/calendar time ile kalınlaşabilir	Aging interface
P-871	Physics	SEI growth capacity loss	Additional SEI cyclable lithium/electrolyte tüketerek stored-charge inventory’sini irreversible azaltır	Parasitic reaction
P-872	Physics	SEI cracking–repair cycle	Electrode volume change SEI’yi crack eder → fresh reactive surface açılır → new SEI oluşur → more lithium tüketilir	Mechanochemical cycling
P-873	Physics	Lithium plating	Li ions host içine intercalate olmak yerine electrode surface’de metallic lithium olarak deposit olur	Fast charge/low temperature/high polarization
P-874	Physics	Lithium stripping	Deposited metal electrochemically dissolve olup ionic state’e geri döner	Reverse current
P-875	Physics	Dead lithium	Deposited metallic lithium electronic contact kaybederse chemically var olsa da reversible electrochemical inventory’den çıkar	Connectivity loss
P-876	Physics	Protrusion current focusing	Surface bump local electric/current field’i concentrate edip deposition’ı bump üzerinde daha hızlı hale getirebilir	Nonuniform electrodeposition
P-877	Physics	Dendritic growth	Local current focusing + transport/interphase instability needle/branch-like metal protrusions’u self-amplify edebilir	Metal plating
P-878	Physics	Electrode-particle cracking	Repeated insertion/extraction composition gradients ve volume change internal stress üretip active particles’i fracture edebilir	Chemo-mechanical stress
P-879	Physics	Loss of active material	Cracked/isolated material ionic veya electronic pathway kaybederek chemically intact olsa da capacity contribution’ını yitirir	Connectivity/percolation
P-880	Physics	Degradation-area feedback	Active surface azalır → same total current remaining area’ya concentrate olur → local current density yükselir → plating/SEI/cracking daha hızlı olabilir	Coupled degradation
P-881	Physics	Nernst–Planck ionic flux	Ion flux’u diffusion + electric-field migration + gerekiyorsa fluid advection contributions’ına ayır	Ionic solution
P-882	Physics	Electromigration	Electric field positive/negative ions’ı opposite directed drift’e zorlar	Charged species
P-883	Physics	Ionic diffusion	Concentration gradient ions’ı high concentration’dan low concentration’a taşır	Chemical-potential gradient
P-884	Physics	Convective ionic transport	Bulk fluid movement dissolved ions’ı concentration’dan bağımsız olarak advect eder	Flowing electrolyte
P-885	Physics	Transference number	Total electric current’ın ne kadarını each ionic species taşıyor ayrı fraction olarak ölç	Multicomponent electrolyte
P-886	Physics	Ambipolar/electroneutral coupling	One ion tek başına hızlı ayrılamaz; charge separation electric field üretip counterion/coion motion’larını couple eder	Nearly electroneutral electrolyte
P-887	Physics	Ion-selective membrane	Membrane one charge/species family’sini preferential pass ederken others’ı strongly suppress eder	Charged membrane
P-888	Physics	Donnan exclusion	Fixed membrane charge same-sign mobile ions’ı energetically/chemically exclude edip counterions’ı enrich eder	Charged porous phase
P-889	Physics	Concentration polarization	Selective transport interface yakınındaki ion consumption/removal bulk replenishment’ı aşınca depletion/enrichment layers oluşur	Finite mass transport
P-890	Physics	Diffusion boundary layer	Interface çevresinde bulk mixing zayıfsa concentration gradient mostly thin layer içinde düşer	Near-interface transport
P-891	Physics	Limiting current	Depleted-side interface concentration nearly zero’ya yaklaşınca ordinary diffusion supply maximum’a ulaşır; more voltage current’ı artırmaz	Diffusion-limited ion supply
P-892	Physics	Current plateau	Driving force artsa bile supply bottleneck nedeniyle current nearly saturate olur	Limiting transport regime
P-893	Physics	Overlimiting current	Nominal diffusion-limited plateau sonrası additional transport mechanism açılıp current tekrar artabilir	Beyond classical limiting regime
P-894	Physics	Electroconvection	Strong electric forcing charge-density fluctuations/fluid motion yaratıp depletion layer’ını mix ederek new ion supply sağlar	Ion-selective interface
P-895	Physics	Surface conduction	Bulk solution severely depleted olsa bile charged surface yakınındaki counterion-rich layer current taşıyabilir	Charged nano/microchannel
P-896	Physics	Electro-osmotic slip	Electric field diffuse charge layer üzerinde tangential body force üretip fluid’ı surface boyunca sürükler	Electric double layer
P-897	Physics	Water-splitting assisted transport	Strong polarization regime’de water dissociation additional charge carriers üretip current path’ine katılabilir	High-field membrane interface
P-898	Physics	Concentration-shock propagation	Nonlinear selective ionic transport sharp concentration transition/front oluşturup space boyunca move ettirebilir	Charged porous medium
P-899	Physics	Depletion-front focusing	Selective transport low-concentration zone’u spatially extend ederek resistance’ın büyük kısmını narrow/advancing region’a concentrate edebilir	Strong polarization
P-900	Physics	Transport-mechanism switching at limiting state	Same I–V system diffusion-limited plateau’ya kadar one mechanism, plateau sonrası electroconvection/surface conduction/other channel ile another mechanism kullanabilir	Nonlinear electrotransport
P-901	Physics	Field-induced magnetic dipole	External magnetic field particle/droplet üzerinde dipole moment oluşturur veya align eder	Magnetizable particle
P-902	Physics	Dipole–dipole chaining	Head-to-tail alignment energetically favorable olduğunda initially separate particles field direction boyunca chains kurar	Magnetic particles
P-903	Physics	Field-aligned chain	Chain orientation external field direction tarafından selected olur	Applied uniform field
P-904	Physics	Chain lengthening	Existing chain ends new particles/chains için enhanced attachment sites olur	Dipolar attraction
P-905	Physics	Chain bundling / column formation	Separate chains side-by-side organization ile thicker columns/superstructures oluşturabilir	Dense magnetic suspension
P-906	Physics	Field-induced yield stress	Applied field load-bearing magnetic particle structures oluşturur; flow başlatmak için finite shear stress gerekir	Magnetorheological fluid
P-907	Physics	Field-reversible solidification	Field off olduğunda Brownian/shear forces structures’i dağıtabilir; field on olduğunda solid-like resistance geri oluşur	Reversible particle structures
P-908	Physics	Field-controlled rheology	Same particle concentration’ın apparent viscosity/yield behavior’ı external magnetic field ile tune edilir	MR suspension
P-909	Physics	Magnetoviscous effect	Field-induced orientation/aggregation flow’a rotational/structural resistance ekleyip effective viscosity’yi artırır	Ferrofluid
P-910	Physics	Rosensweig normal-field instability	Flat ferrofluid free surface strong normal magnetic field altında peaks oluşturacak şekilde destabilize olabilir	Magnetic fluid interface
P-911	Physics	Spike-pattern lattice	Surface instability sonrası isolated random peaks yerine ordered periodic peak array emerge edebilir	Surface tension + gravity + magnetism
P-912	Physics	Critical magnetic field	Magnetic destabilizing force capillary/gravity restoring forces’i aşmadan flat interface unstable olmaz	Normal-field instability
P-913	Physics	Magnetic–capillary competition	Field surface’i deform etmek isterken surface tension area increase’i cezalandırır	Ferrofluid interface
P-914	Physics	Magnetic–gravity competition	Peaks field energy kazanabilir ama lifting dense fluid gravitational energy cost taşır	Horizontal free surface
P-915	Physics	Zipped-chain stabilization	Neighboring dipolar chains additional attraction/packing ile more persistent bundles/superstructures oluşturabilir	Magnetic colloids
P-916	Physics	Thermal dissociation	Magnetic/dipolar binding thermal energy’ye yeterince üstün değilse chains continuously break/reform eder	Brownian suspension
P-917	Physics	Confinement-selected morphology	Same interactions cell thickness/geometry değişince chains, disks, columns veya labyrinthine structures arasından farklı morphology seçebilir	Confined magnetic fluid
P-918	Physics	Field-ramp-rate trapping	Magnetic interaction too rapidly güçlenirse particles low-energy configuration explore edemeden metastable local structures içinde lock olabilir	Finite relaxation time
P-919	Physics	Interaction-driven kinetic arrest	Strong field-induced attraction rearrangement speed’ini bastırıp equilibrium’dan farklı persistent pattern bırakabilir	Nonequilibrium self-assembly
P-920	Physics	Magnetophoretic drift	Spatial magnetic-field gradient magnetizable particles’i stronger/weaker field regions’a directed translate edebilir	Nonuniform magnetic field
P-921	Physics	Rayleigh inertial collapse	External liquid pressure bubble interior pressure’dan strongly büyük olduğunda surrounding liquid inertia bubble radius’u hızla inward accelerate eder	Spherical cavity
P-922	Physics	Rayleigh–Plesset balance	Bubble radius dynamics’i liquid inertia, pressure difference, surface tension ve viscosity contributions’ın coupled balance’ıyla taşı	Spherical bubble
P-923	Physics	Inertial bubble growth	Pressure suddenly below vapor/internal pressure olduğunda bubble interface liquid inertia’ya karşı rapidly expand eder	Strong driving
P-924	Physics	Bubble rebound	Collapse sırasında compressed gas/internal pressure tekrar bubble’ı outward drive edip secondary expansion yaratabilir	Noncondensable gas
P-925	Physics	Radial bubble resonance	Bubble finite natural radial oscillation frequency taşır; periodic pressure forcing yakınında response strongly amplify olabilir	Acoustic forcing
P-926	Physics	Nonlinear radial oscillation	Large-amplitude forcing altında expansion ve compression phases symmetric değildir; waveform harmonic/subharmonic complexity kazanır	Finite-amplitude bubble
P-927	Physics	Stable acoustic cavitation	Bubble many acoustic cycles boyunca survive edip bounded oscillations gösterir	Moderate ultrasound
P-928	Physics	Inertial cavitation	Bubble one/few cycles’de dramatic expansion sonrası violent collapse yaşar	Strong acoustic pressure
P-929	Physics	Shape-mode instability	Bubble radial olarak stable görünse bile tiny nonspherical surface perturbations grow edip spherical symmetry bozabilir	Surface modes
P-930	Physics	Collapse asymmetry near wall	Nearby rigid/free boundary pressure field’i asymmetric yapar; bubble collapse center’a doğru uniform değildir	Boundary proximity
P-931	Physics	Microjet formation	Asymmetric collapse sırasında high-speed liquid jet bubble cavity’sini delip boundary’ye doğru odaklanabilir	Nonspherical collapse
P-932	Physics	Primary Bjerknes force	Spatially varying acoustic pressure field, oscillating bubble’a cycle-averaged translational force uygulayabilir	Single bubble + acoustic gradient
P-933	Physics	Secondary Bjerknes interaction	Two oscillating bubbles birbirlerinin pressure fields’i üzerinden effective attraction/repulsion gösterebilir	Multiple bubbles
P-934	Physics	Rectified diffusion	Oscillatory bubble expansion/compression symmetric görünse bile diffusion nonlinearities nedeniyle cycle başına net gas transferi oluşabilir	Dissolved gas
P-935	Physics	Diffusive bubble stability	Average gas influx ile outflux balance olursa oscillating bubble long-term size’ını koruyabilir	Gas exchange
P-936	Physics	Laplace-pressure-driven dissolution	Small bubble yüksek curvature/surface tension nedeniyle elevated internal pressure taşır; dissolved gas liquid’e diffuse edip bubble küçülebilir	Surface tension + solubility
P-937	Physics	Bubble-cloud acoustic shielding	Many bubbles incident acoustic energy’yi scatter/absorb edip inner bubbles’ın forcing amplitude’ını reduce edebilir	Dense bubble population
P-938	Physics	Collective bubble resonance	Bubble population’s collective compressibility/interaction single-bubble resonance’dan distinct acoustic modes yaratabilir	Bubble cloud
P-939	Physics	Collapse energy focusing	Macroscopic bubble volume collapse energy’si shrinking cavity içinde increasingly small spatial region/time interval’a concentrate olur	Violent collapse
P-940	Physics	Sonoluminescent compression	Extreme collapse trapped gas’ı strongly compress/heat ederek short light-emission event’i mümkün kılar	Stable strongly driven bubble
P-941	Physics	Frenkel exciton	Electron–hole excitation tightly bound ve roughly molecular/site scale’da localized olsun	Molecular solid
P-942	Physics	Exciton binding energy	Free electron+hole state ile bound exciton arasındaki energetic separation’ı ölç	Coulomb-bound excitation
P-943	Physics	Exciton hopping	Bound excitation material içinde actual particle mass taşımadan site-to-site energy transfer ile move etsin	Localized excitons
P-944	Physics	Exciton diffusion	Many stochastic transfer steps aggregate olarak exciton population spread’i oluştursun	Disordered semiconductor
P-945	Physics	Exciton diffusion length	Exciton decay/recombination olmadan önce typically ne kadar distance explore edebilir?	Diffusion + finite lifetime
P-946	Physics	Förster resonance energy transfer	Donor exciton energy’si long-range dipole–dipole coupling ile acceptor’a transfer olsun	Spectral overlap + dipoles
P-947	Physics	Dexter exchange transfer	Excitation short-range electron-exchange/two-electron mechanism ile nearby molecule’a transfer olsun	Wavefunction overlap
P-948	Physics	Energetic-disorder trapping	Exciton random hopping sırasında low-energy sites’e düşüp escape zorlaştıkça effective mobility/diffusion azalır	Disordered energy landscape
P-949	Physics	Exciton trap quenching	Trap site exciton energy’sini productive transport/emission yerine nonradiative loss’a çevirir	Defect/quencher
P-950	Physics	Exciton–exciton annihilation	İki excitons birbirine sufficiently yaklaşınca one excitation effectively kaybolur ve population nonlinear şekilde azalır	High excitation density
P-951	Physics	Exciton–polaron quenching	Exciton mobile charge carrier ile karşılaşıp nonradiative decay channel’ına girebilir	Excitons + free charges
P-952	Physics	Diffusion-to-interface bottleneck	Exciton dissociation only interface’de mümkünse bulk içinde created exciton interface’e lifetime dolmadan ulaşmalı	Heterojunction
P-953	Physics	Interfacial charge-transfer state	Exciton donor–acceptor interface’de electron ve hole different phases/molecules’e kısmen ayrılmış bound CT pair’e dönüşebilir	Donor–acceptor interface
P-954	Physics	CT-state dissociation	Bound interfacial electron–hole pair thermal/delocalization/field effects ile farther separated mobile charges’a ayrılır	Charge-transfer state
P-955	Physics	Geminate recombination	Aynı initial excitation’dan doğan electron–hole pair fully separate olmadan tekrar birleşir	Correlated pair
P-956	Physics	Nongeminate recombination	Independent histories’den gelen free electron ve hole later encounter edip recombine olur	Mobile carrier populations
P-957	Physics	Charge delocalization-assisted separation	Electron/hole wavefunction birkaç molecules/site’a yayıldığında Coulomb attraction effectively azalabilir ve separation kolaylaşabilir	Delocalized CT state
P-958	Physics	Singlet–triplet intersystem crossing	Excited state spin character change ederek singlet manifold’dan longer-lived triplet manifold’a geçer	Spin–orbit/vibronic coupling
P-959	Physics	Triplet–triplet annihilation	Two triplets encounter; one/both excitation energy combine olup higher-energy excited state oluşturabilir veya one excitation survive eder	High triplet density
P-960	Physics	Excitation-pathway competition	One exciton aynı anda diffusion, radiative decay, trapping, annihilation, interface charge transfer gibi competing exit channels taşıyabilir	Finite-lifetime excited state
P-961	Physics	Electroforming	Initially insulating device’e relatively strong first electrical stress uygula; mobile ions/defects reorganize olup future switching path’i oluşturur	Virgin resistive-switching cell
P-962	Physics	SET transition	High-resistance state’ten conductive low-resistance state’e geç	Resistive memory
P-963	Physics	RESET transition	Conductive state’in current path’ini disrupt edip high-resistance state’e dön	Resistive memory
P-964	Physics	Electrochemical metallization — ECM	Active metal electrode oxidize olur → cations dielectric boyunca migrate eder → reduction ile metallic filament büyür	Cation conductor
P-965	Physics	Valence-change mechanism — VCM	Oxygen-ion/vacancy redistribution local oxidation state ve electronic conductivity’yi değiştirir	Transition-metal oxide
P-966	Physics	Oxygen-vacancy drift	Applied field charged vacancies’i spatially redistribute ederek conductive suboxide/path geometry’sini değiştirir	Ionic defect conductor
P-967	Physics	Conductive-filament bridging	Narrow high-conductivity path two electrodes’i connect ettiğinde device resistance orders-of-magnitude düşebilir	Filamentary switch
P-968	Physics	Filament-gap control	Full filament’i tamamen yok etmek gerekmez; nm-scale insulating gap open/close ederek total resistance strongly modulate et	Local bottleneck
P-969	Physics	Filament rupture	Reverse field, oxidation veya heating narrowest filament section’ı disconnect eder	RESET
P-970	Physics	Compliance-current control	SET sırasında maximum current’i limit ederek filament’in uncontrolled thickening/damage’ını engelle	External circuit constraint
P-971	Physics	Joule-assisted RESET	Current filament’i locally heat eder; enhanced diffusion/redox path’in rupture’unu hızlandırır	Thermal–ionic coupling
P-972	Physics	Unipolar switching	SET ve RESET opposite polarity gerektirmez; current/thermal state switching’i belirleyebilir	Thermally assisted device
P-973	Physics	Bipolar switching	SET ve RESET için voltage polarity reversal ionic/redox motion direction’ını değiştirir	Field-driven ionic motion
P-974	Physics	Interface-type resistive switching	Whole bulk filament yerine electrode–oxide interface barrier/depletion state’i resistance’ı modulate eder	Interfacial transport
P-975	Physics	Barrier-height modulation	Defect/charge redistribution interface electronic barrier’ını raise/lower edip current’u exponential-like değiştirebilir	Schottky/tunnel interface
P-976	Physics	Multilevel conductance	Filament size/gap/vacancy profile binary olmak zorunda değil; several intermediate stable resistances programlanabilir	Analog/multibit switching
P-977	Physics	Retention by frozen ionic state	Programming voltage kaldırıldıktan sonra ions/defects sufficiently slow relax ettiği için resistance state persist eder	Nonvolatile device
P-978	Physics	Volatile threshold switching	Field conductive configuration yaratır ama drive kaldırılınca configuration spontaneously relax edip high resistance’a döner	Short-lived state
P-979	Physics	Cycle-to-cycle filament variability	Each rupture’dan sonra next filament identical path’te yeniden doğmak zorunda değil; stochastic defect landscape switching voltage/state’i değiştirir	Nanoscale stochasticity
P-980	Physics	Endurance degradation by pathway evolution	Repeated switching defect reservoir, interfaces veya preferred migration region’ı permanently değiştirerek eventual stuck-ON/stuck-OFF behavior üretebilir	Repeated cycling
P-981	Physics	Excitable resting state	Small perturbation decay eder; sufficiently large perturbation large excursion başlatır	Threshold nonlinear medium
P-982	Physics	Excitation threshold	Input critical level altında response small, üstünde stereotyped large event üretir	Excitable element
P-983	Physics	All-or-none excursion	Trigger threshold aşıldığında response amplitude input strength’la linearly büyümek yerine system dynamics tarafından largely determined olur	Excitable kinetics
P-984	Physics	Refractory state	Excitation sonrası medium temporary period boyunca yeniden excite edilemez veya higher threshold taşır	Recovery variable
P-985	Physics	Recovery variable	Fast activator event’ten sonra slow inhibitory/state variable resting excitability’yi gradually restore eder	Fast–slow system
P-986	Physics	Traveling excitation front	Excited region neighboring resting region’ı threshold üstüne taşıyarak self-propagating wave oluşturur	Diffusive/local coupling
P-987	Physics	Wave back / recovery front	Wave geçtiği regions immediate resting excitability’ye dönmez; recovery tail front’u takip eder	Finite refractory time
P-988	Physics	Refractory tail	Moving wave arkasında temporary nonexcitable strip bırakır	Propagating excitation
P-989	Physics	Wave annihilation on collision	Two excitation fronts head-on buluştuğunda each front other’s refractory wake’e girip disappear edebilir	Excitable medium
P-990	Physics	Unidirectional block	Perturbation/heterogeneity one propagation direction’ını block ederken opposite direction wave’i pass ettirebilir	Asymmetric recovery/coupling
P-991	Physics	Conduction failure threshold	Coupling/excitability sufficiently düşerse neighboring cells next element’i threshold’a çıkaramaz ve wave stops	Propagation threshold
P-992	Physics	Wave break	Front’un only one segment’i fail/block olursa continuous front free ends kazanır	Spatial heterogeneity
P-993	Physics	Spiral-wave initiation	Free wave end excitable tissue çevresine curl ederek rotating self-sustaining wave source’u oluşturabilir	2D excitable medium
P-994	Physics	Reentry	Wave recovered region’a dönüp tekrar excite edebilecek closed propagation path bulur	Recovery + closed path
P-995	Physics	Spiral core	Rotating excitation center çevresinde wave tip trajectory central repeatedly unexcited/weakly excited region bırakabilir	Spiral wave
P-996	Physics	Spiral drift	Spatial gradient, heterogeneity, forcing veya boundaries rotating core’un position’ını systematically move ettirebilir	Broken spatial symmetry
P-997	Physics	Spiral breakup	Single rotating wave stability kaybedip several wavelets/spirals’a fragment olabilir	Spatiotemporal instability
P-998	Physics	Obstacle anchoring	Nonexcitable obstacle spiral/reentrant wave için geometric rotation path/core oluşturup pattern’i pinleyebilir	Heterogeneous medium
P-999	Physics	Source–sink mismatch	Small excited source large resting load’u depolarize/excite etmeye yetmezse propagation block olabilir	Geometry + finite coupling
P-1000	Physics	Recovery-controlled propagation permission	Same spatial path structurally intact olsa bile wave arrival time tissue recovery time’dan early ise path effectively closed; later arrival’da open olabilir	State-dependent connectivity
