supplier	consumer	shared_tags	supplier_strength	consumer_gap
P001	P002	selection	feasibility-gated selection	declared score
P001	P003	selection	feasibility-gated selection	declared score
P001	P004	selection	feasibility-gated selection	declared score
P001	P005	selection	feasibility-gated selection	declared score
P001	P006	selection	feasibility-gated selection	declared score
P001	P007	selection	feasibility-gated selection	declared score
P001	P008	selection	feasibility-gated selection	declared score
P001	P012	selection	feasibility-gated selection	declared score
P001	P013	selection	feasibility-gated selection	declared score
P001	P014	selection	feasibility-gated selection	declared score
P001	P015	selection	feasibility-gated selection	declared score
P001	P016	selection	feasibility-gated selection	declared score
P001	P017	selection	feasibility-gated selection	declared score
P001	P019	selection	feasibility-gated selection	declared score
P001	P028	selection	feasibility-gated selection	declared score
P001	P034	selection	feasibility-gated selection	declared score
P001	P035	selection	feasibility-gated selection	declared score
P001	P038	selection	feasibility-gated selection	declared score
P001	P039	selection	feasibility-gated selection	declared score
P001	P061	selection	feasibility-gated selection	declared score
P001	P067	selection	feasibility-gated selection	declared score
P001	P068	selection	feasibility-gated selection	declared score
P001	P077	selection	feasibility-gated selection	declared score
P001	P100	selection	feasibility-gated selection	declared score
P001	P101	selection	feasibility-gated selection	declared score
P001	P102	selection	feasibility-gated selection	declared score
P001	P103	selection	feasibility-gated selection	declared score
P001	P104	selection	feasibility-gated selection	declared score
P001	P105	selection	feasibility-gated selection	declared score
P001	P116	selection	feasibility-gated selection	declared score
P001	P118	selection	feasibility-gated selection	declared score
P001	P120	selection	feasibility-gated selection	declared score
P001	P121	selection	feasibility-gated selection	declared score
P001	P124	selection	feasibility-gated selection	declared score
P001	P127	selection	feasibility-gated selection	declared score
P001	P128	selection	feasibility-gated selection	declared score
P001	P129	selection	feasibility-gated selection	declared score
P001	P130	selection	feasibility-gated selection	declared score
P001	P132	selection	feasibility-gated selection	declared score
P001	P133	selection	feasibility-gated selection	declared score
P001	P134	selection	feasibility-gated selection	declared score
P001	P139	selection	feasibility-gated selection	declared score
P002	P001	selection	feasibility-gated selection	declared score
P002	P003	selection	feasibility-gated selection	declared score
P002	P004	selection	feasibility-gated selection	declared score
P002	P005	selection	feasibility-gated selection	declared score
P002	P006	selection	feasibility-gated selection	declared score
P002	P007	selection	feasibility-gated selection	declared score
P002	P008	selection	feasibility-gated selection	declared score
P002	P012	selection	feasibility-gated selection	declared score
P002	P013	selection	feasibility-gated selection	declared score
P002	P014	selection	feasibility-gated selection	declared score
P002	P015	selection	feasibility-gated selection	declared score
P002	P016	selection	feasibility-gated selection	declared score
P002	P017	selection	feasibility-gated selection	declared score
P002	P019	selection	feasibility-gated selection	declared score
P002	P028	selection	feasibility-gated selection	declared score
P002	P034	selection	feasibility-gated selection	declared score
P002	P035	selection	feasibility-gated selection	declared score
P002	P038	selection	feasibility-gated selection	declared score
P002	P039	selection	feasibility-gated selection	declared score
P002	P061	selection	feasibility-gated selection	declared score
P002	P067	selection	feasibility-gated selection	declared score
P002	P068	selection	feasibility-gated selection	declared score
P002	P077	selection	feasibility-gated selection	declared score
P002	P100	selection	feasibility-gated selection	declared score
P002	P101	selection	feasibility-gated selection	declared score
P002	P102	selection	feasibility-gated selection	declared score
P002	P103	selection	feasibility-gated selection	declared score
P002	P104	selection	feasibility-gated selection	declared score
P002	P105	selection	feasibility-gated selection	declared score
P002	P116	selection	feasibility-gated selection	declared score
P002	P118	selection	feasibility-gated selection	declared score
P002	P120	selection	feasibility-gated selection	declared score
P002	P121	selection	feasibility-gated selection	declared score
P002	P124	selection	feasibility-gated selection	declared score
P002	P127	selection	feasibility-gated selection	declared score
P002	P128	selection	feasibility-gated selection	declared score
P002	P129	selection	feasibility-gated selection	declared score
P002	P130	selection	feasibility-gated selection	declared score
P002	P132	selection	feasibility-gated selection	declared score
P002	P133	selection	feasibility-gated selection	declared score
P002	P134	selection	feasibility-gated selection	declared score
P002	P139	selection	feasibility-gated selection	declared score
P003	P001	selection	feasibility-gated selection	declared score
P003	P002	selection	feasibility-gated selection	declared score
P003	P004	selection	feasibility-gated selection	declared score
P003	P005	selection	feasibility-gated selection	declared score
P003	P006	selection	feasibility-gated selection	declared score
P003	P007	selection	feasibility-gated selection	declared score
P003	P008	selection	feasibility-gated selection	declared score
P003	P012	selection	feasibility-gated selection	declared score
P003	P013	selection	feasibility-gated selection	declared score
P003	P014	selection	feasibility-gated selection	declared score
P003	P015	selection	feasibility-gated selection	declared score
P003	P016	selection	feasibility-gated selection	declared score
P003	P017	selection	feasibility-gated selection	declared score
P003	P019	selection	feasibility-gated selection	declared score
P003	P028	selection	feasibility-gated selection	declared score
P003	P034	selection	feasibility-gated selection	declared score
P003	P035	selection	feasibility-gated selection	declared score
P003	P038	selection	feasibility-gated selection	declared score
P003	P039	selection	feasibility-gated selection	declared score
P003	P061	selection	feasibility-gated selection	declared score
P003	P067	selection	feasibility-gated selection	declared score
P003	P068	selection	feasibility-gated selection	declared score
P003	P077	selection	feasibility-gated selection	declared score
P003	P100	selection	feasibility-gated selection	declared score
P003	P101	selection	feasibility-gated selection	declared score
P003	P102	selection	feasibility-gated selection	declared score
P003	P103	selection	feasibility-gated selection	declared score
P003	P104	selection	feasibility-gated selection	declared score
P003	P105	selection	feasibility-gated selection	declared score
P003	P116	selection	feasibility-gated selection	declared score
P003	P118	selection	feasibility-gated selection	declared score
P003	P120	selection	feasibility-gated selection	declared score
P003	P121	selection	feasibility-gated selection	declared score
P003	P124	selection	feasibility-gated selection	declared score
P003	P127	selection	feasibility-gated selection	declared score
P003	P128	selection	feasibility-gated selection	declared score
P003	P129	selection	feasibility-gated selection	declared score
P003	P130	selection	feasibility-gated selection	declared score
P003	P132	selection	feasibility-gated selection	declared score
P003	P133	selection	feasibility-gated selection	declared score
P003	P134	selection	feasibility-gated selection	declared score
P003	P139	selection	feasibility-gated selection	declared score
P004	P001	selection	feasibility-gated selection	declared score
P004	P002	selection	feasibility-gated selection	declared score
P004	P003	selection	feasibility-gated selection	declared score
P004	P005	selection	feasibility-gated selection	declared score
P004	P006	selection	feasibility-gated selection	declared score
P004	P007	selection	feasibility-gated selection	declared score
P004	P008	selection	feasibility-gated selection	declared score
P004	P012	selection	feasibility-gated selection	declared score
P004	P013	selection	feasibility-gated selection	declared score
P004	P014	selection	feasibility-gated selection	declared score
P004	P015	selection	feasibility-gated selection	declared score
P004	P016	selection	feasibility-gated selection	declared score
P004	P017	selection	feasibility-gated selection	declared score
P004	P019	selection	feasibility-gated selection	declared score
P004	P028	selection	feasibility-gated selection	declared score
P004	P034	selection	feasibility-gated selection	declared score
P004	P035	selection	feasibility-gated selection	declared score
P004	P038	selection	feasibility-gated selection	declared score
P004	P039	selection	feasibility-gated selection	declared score
P004	P061	selection	feasibility-gated selection	declared score
P004	P067	selection	feasibility-gated selection	declared score
P004	P068	selection	feasibility-gated selection	declared score
P004	P077	selection	feasibility-gated selection	declared score
P004	P100	selection	feasibility-gated selection	declared score
P004	P101	selection	feasibility-gated selection	declared score
P004	P102	selection	feasibility-gated selection	declared score
P004	P103	selection	feasibility-gated selection	declared score
P004	P104	selection	feasibility-gated selection	declared score
P004	P105	selection	feasibility-gated selection	declared score
P004	P116	selection	feasibility-gated selection	declared score
P004	P118	selection	feasibility-gated selection	declared score
P004	P120	selection	feasibility-gated selection	declared score
P004	P121	selection	feasibility-gated selection	declared score
P004	P124	selection	feasibility-gated selection	declared score
P004	P127	selection	feasibility-gated selection	declared score
P004	P128	selection	feasibility-gated selection	declared score
P004	P129	selection	feasibility-gated selection	declared score
P004	P130	selection	feasibility-gated selection	declared score
P004	P132	selection	feasibility-gated selection	declared score
P004	P133	selection	feasibility-gated selection	declared score
P004	P134	selection	feasibility-gated selection	declared score
P004	P139	selection	feasibility-gated selection	declared score
P005	P001	selection	feasibility-gated selection	declared score
P005	P002	selection	feasibility-gated selection	declared score
P005	P003	selection	feasibility-gated selection	declared score
P005	P004	selection	feasibility-gated selection	declared score
P005	P006	selection	feasibility-gated selection	declared score
P005	P007	selection	feasibility-gated selection	declared score
P005	P008	selection	feasibility-gated selection	declared score
P005	P012	selection	feasibility-gated selection	declared score
P005	P013	selection	feasibility-gated selection	declared score
P005	P014	selection	feasibility-gated selection	declared score
P005	P015	selection	feasibility-gated selection	declared score
P005	P016	selection	feasibility-gated selection	declared score
P005	P017	selection	feasibility-gated selection	declared score
P005	P019	selection	feasibility-gated selection	declared score
P005	P028	selection	feasibility-gated selection	declared score
P005	P034	selection	feasibility-gated selection	declared score
P005	P035	selection	feasibility-gated selection	declared score
P005	P038	selection	feasibility-gated selection	declared score
P005	P039	selection	feasibility-gated selection	declared score
P005	P061	selection	feasibility-gated selection	declared score
P005	P067	selection	feasibility-gated selection	declared score
P005	P068	selection	feasibility-gated selection	declared score
P005	P077	selection	feasibility-gated selection	declared score
P005	P100	selection	feasibility-gated selection	declared score
P005	P101	selection	feasibility-gated selection	declared score
P005	P102	selection	feasibility-gated selection	declared score
P005	P103	selection	feasibility-gated selection	declared score
P005	P104	selection	feasibility-gated selection	declared score
P005	P105	selection	feasibility-gated selection	declared score
P005	P116	selection	feasibility-gated selection	declared score
P005	P118	selection	feasibility-gated selection	declared score
P005	P120	selection	feasibility-gated selection	declared score
P005	P121	selection	feasibility-gated selection	declared score
P005	P124	selection	feasibility-gated selection	declared score
P005	P127	selection	feasibility-gated selection	declared score
P005	P128	selection	feasibility-gated selection	declared score
P005	P129	selection	feasibility-gated selection	declared score
P005	P130	selection	feasibility-gated selection	declared score
P005	P132	selection	feasibility-gated selection	declared score
P005	P133	selection	feasibility-gated selection	declared score
P005	P134	selection	feasibility-gated selection	declared score
P005	P139	selection	feasibility-gated selection	declared score
P006	P001	selection	feasibility-gated selection	declared score
P006	P002	selection	feasibility-gated selection	declared score
P006	P003	selection	feasibility-gated selection	declared score
P006	P004	selection	feasibility-gated selection	declared score
P006	P005	selection	feasibility-gated selection	declared score
P006	P007	selection	feasibility-gated selection	declared score
P006	P008	selection	feasibility-gated selection	declared score
P006	P012	selection	feasibility-gated selection	declared score
P006	P013	selection	feasibility-gated selection	declared score
P006	P014	selection	feasibility-gated selection	declared score
P006	P015	selection	feasibility-gated selection	declared score
P006	P016	selection	feasibility-gated selection	declared score
P006	P017	selection	feasibility-gated selection	declared score
P006	P019	selection	feasibility-gated selection	declared score
P006	P028	selection	feasibility-gated selection	declared score
P006	P034	selection	feasibility-gated selection	declared score
P006	P035	selection	feasibility-gated selection	declared score
P006	P038	selection	feasibility-gated selection	declared score
P006	P039	selection	feasibility-gated selection	declared score
P006	P061	selection	feasibility-gated selection	declared score
P006	P067	selection	feasibility-gated selection	declared score
P006	P068	selection	feasibility-gated selection	declared score
P006	P077	selection	feasibility-gated selection	declared score
P006	P100	selection	feasibility-gated selection	declared score
P006	P101	selection	feasibility-gated selection	declared score
P006	P102	selection	feasibility-gated selection	declared score
P006	P103	selection	feasibility-gated selection	declared score
P006	P104	selection	feasibility-gated selection	declared score
P006	P105	selection	feasibility-gated selection	declared score
P006	P116	selection	feasibility-gated selection	declared score
P006	P118	selection	feasibility-gated selection	declared score
P006	P120	selection	feasibility-gated selection	declared score
P006	P121	selection	feasibility-gated selection	declared score
P006	P124	selection	feasibility-gated selection	declared score
P006	P127	selection	feasibility-gated selection	declared score
P006	P128	selection	feasibility-gated selection	declared score
P006	P129	selection	feasibility-gated selection	declared score
P006	P130	selection	feasibility-gated selection	declared score
P006	P132	selection	feasibility-gated selection	declared score
P006	P133	selection	feasibility-gated selection	declared score
P006	P134	selection	feasibility-gated selection	declared score
P006	P139	selection	feasibility-gated selection	declared score
P007	P001	selection	feasibility-gated selection	declared score
P007	P002	selection	feasibility-gated selection	declared score
P007	P003	selection	feasibility-gated selection	declared score
P007	P004	selection	feasibility-gated selection	declared score
P007	P005	selection	feasibility-gated selection	declared score
P007	P006	selection	feasibility-gated selection	declared score
P007	P008	selection	feasibility-gated selection	declared score
P007	P012	selection	feasibility-gated selection	declared score
P007	P013	selection	feasibility-gated selection	declared score
P007	P014	selection	feasibility-gated selection	declared score
P007	P015	selection	feasibility-gated selection	declared score
P007	P016	selection	feasibility-gated selection	declared score
P007	P017	selection	feasibility-gated selection	declared score
P007	P019	selection	feasibility-gated selection	declared score
P007	P028	selection	feasibility-gated selection	declared score
P007	P034	selection	feasibility-gated selection	declared score
P007	P035	selection	feasibility-gated selection	declared score
P007	P038	selection	feasibility-gated selection	declared score
P007	P039	selection	feasibility-gated selection	declared score
P007	P061	selection	feasibility-gated selection	declared score
P007	P067	selection	feasibility-gated selection	declared score
P007	P068	selection	feasibility-gated selection	declared score
P007	P077	selection	feasibility-gated selection	declared score
P007	P100	selection	feasibility-gated selection	declared score
P007	P101	selection	feasibility-gated selection	declared score
P007	P102	selection	feasibility-gated selection	declared score
P007	P103	selection	feasibility-gated selection	declared score
P007	P104	selection	feasibility-gated selection	declared score
P007	P105	selection	feasibility-gated selection	declared score
P007	P116	selection	feasibility-gated selection	declared score
P007	P118	selection	feasibility-gated selection	declared score
P007	P120	selection	feasibility-gated selection	declared score
P007	P121	selection	feasibility-gated selection	declared score
P007	P124	selection	feasibility-gated selection	declared score
P007	P127	selection	feasibility-gated selection	declared score
P007	P128	selection	feasibility-gated selection	declared score
P007	P129	selection	feasibility-gated selection	declared score
P007	P130	selection	feasibility-gated selection	declared score
P007	P132	selection	feasibility-gated selection	declared score
P007	P133	selection	feasibility-gated selection	declared score
P007	P134	selection	feasibility-gated selection	declared score
P007	P139	selection	feasibility-gated selection	declared score
P008	P001	selection	feasibility-gated selection	declared score
P008	P002	selection	feasibility-gated selection	declared score
P008	P003	selection	feasibility-gated selection	declared score
P008	P004	selection	feasibility-gated selection	declared score
P008	P005	selection	feasibility-gated selection	declared score
P008	P006	selection	feasibility-gated selection	declared score
P008	P007	selection	feasibility-gated selection	declared score
P008	P012	selection	feasibility-gated selection	declared score
P008	P013	selection	feasibility-gated selection	declared score
P008	P014	selection	feasibility-gated selection	declared score
P008	P015	selection	feasibility-gated selection	declared score
P008	P016	selection	feasibility-gated selection	declared score
P008	P017	selection	feasibility-gated selection	declared score
P008	P019	selection	feasibility-gated selection	declared score
P008	P028	selection	feasibility-gated selection	declared score
P008	P034	selection	feasibility-gated selection	declared score
P008	P035	selection	feasibility-gated selection	declared score
P008	P038	selection	feasibility-gated selection	declared score
P008	P039	selection	feasibility-gated selection	declared score
P008	P061	selection	feasibility-gated selection	declared score
P008	P067	selection	feasibility-gated selection	declared score
P008	P068	selection	feasibility-gated selection	declared score
P008	P077	selection	feasibility-gated selection	declared score
P008	P100	selection	feasibility-gated selection	declared score
P008	P101	selection	feasibility-gated selection	declared score
P008	P102	selection	feasibility-gated selection	declared score
P008	P103	selection	feasibility-gated selection	declared score
P008	P104	selection	feasibility-gated selection	declared score
P008	P105	selection	feasibility-gated selection	declared score
P008	P116	selection	feasibility-gated selection	declared score
P008	P118	selection	feasibility-gated selection	declared score
P008	P120	selection	feasibility-gated selection	declared score
P008	P121	selection	feasibility-gated selection	declared score
P008	P124	selection	feasibility-gated selection	declared score
P008	P127	selection	feasibility-gated selection	declared score
P008	P128	selection	feasibility-gated selection	declared score
P008	P129	selection	feasibility-gated selection	declared score
P008	P130	selection	feasibility-gated selection	declared score
P008	P132	selection	feasibility-gated selection	declared score
P008	P133	selection	feasibility-gated selection	declared score
P008	P134	selection	feasibility-gated selection	declared score
P008	P139	selection	feasibility-gated selection	declared score
P012	P001	selection	feasibility-gated selection	declared score
P012	P002	selection	feasibility-gated selection	declared score
P012	P003	selection	feasibility-gated selection	declared score
P012	P004	selection	feasibility-gated selection	declared score
P012	P005	selection	feasibility-gated selection	declared score
P012	P006	selection	feasibility-gated selection	declared score
P012	P007	selection	feasibility-gated selection	declared score
P012	P008	selection	feasibility-gated selection	declared score
P012	P013	selection	feasibility-gated selection	declared score
P012	P014	selection	feasibility-gated selection	declared score
P012	P015	selection	feasibility-gated selection	declared score
P012	P016	selection	feasibility-gated selection	declared score
P012	P017	selection	feasibility-gated selection	declared score
P012	P019	selection	feasibility-gated selection	declared score
P012	P028	selection	feasibility-gated selection	declared score
P012	P034	selection	feasibility-gated selection	declared score
P012	P035	selection	feasibility-gated selection	declared score
P012	P038	selection	feasibility-gated selection	declared score
P012	P039	selection	feasibility-gated selection	declared score
P012	P061	selection	feasibility-gated selection	declared score
P012	P067	selection	feasibility-gated selection	declared score
P012	P068	selection	feasibility-gated selection	declared score
P012	P077	selection	feasibility-gated selection	declared score
P012	P100	selection	feasibility-gated selection	declared score
P012	P101	selection	feasibility-gated selection	declared score
P012	P102	selection	feasibility-gated selection	declared score
P012	P103	selection	feasibility-gated selection	declared score
P012	P104	selection	feasibility-gated selection	declared score
P012	P105	selection	feasibility-gated selection	declared score
P012	P116	selection	feasibility-gated selection	declared score
P012	P118	selection	feasibility-gated selection	declared score
P012	P120	selection	feasibility-gated selection	declared score
P012	P121	selection	feasibility-gated selection	declared score
P012	P124	selection	feasibility-gated selection	declared score
P012	P127	selection	feasibility-gated selection	declared score
P012	P128	selection	feasibility-gated selection	declared score
P012	P129	selection	feasibility-gated selection	declared score
P012	P130	selection	feasibility-gated selection	declared score
P012	P132	selection	feasibility-gated selection	declared score
P012	P133	selection	feasibility-gated selection	declared score
P012	P134	selection	feasibility-gated selection	declared score
P012	P139	selection	feasibility-gated selection	declared score
P013	P001	selection	feasibility-gated selection	declared score
P013	P002	selection	feasibility-gated selection	declared score
P013	P003	selection	feasibility-gated selection	declared score
P013	P004	selection	feasibility-gated selection	declared score
P013	P005	selection	feasibility-gated selection	declared score
P013	P006	selection	feasibility-gated selection	declared score
P013	P007	selection	feasibility-gated selection	declared score
P013	P008	selection	feasibility-gated selection	declared score
P013	P012	selection	feasibility-gated selection	declared score
P013	P014	selection	feasibility-gated selection	declared score
P013	P015	selection	feasibility-gated selection	declared score
P013	P016	selection	feasibility-gated selection	declared score
P013	P017	selection	feasibility-gated selection	declared score
P013	P019	selection	feasibility-gated selection	declared score
P013	P028	selection	feasibility-gated selection	declared score
P013	P034	selection	feasibility-gated selection	declared score
P013	P035	selection	feasibility-gated selection	declared score
P013	P038	selection	feasibility-gated selection	declared score
P013	P039	selection	feasibility-gated selection	declared score
P013	P061	selection	feasibility-gated selection	declared score
P013	P067	selection	feasibility-gated selection	declared score
P013	P068	selection	feasibility-gated selection	declared score
P013	P077	selection	feasibility-gated selection	declared score
P013	P100	selection	feasibility-gated selection	declared score
P013	P101	selection	feasibility-gated selection	declared score
P013	P102	selection	feasibility-gated selection	declared score
P013	P103	selection	feasibility-gated selection	declared score
P013	P104	selection	feasibility-gated selection	declared score
P013	P105	selection	feasibility-gated selection	declared score
P013	P116	selection	feasibility-gated selection	declared score
P013	P118	selection	feasibility-gated selection	declared score
P013	P120	selection	feasibility-gated selection	declared score
P013	P121	selection	feasibility-gated selection	declared score
P013	P124	selection	feasibility-gated selection	declared score
P013	P127	selection	feasibility-gated selection	declared score
P013	P128	selection	feasibility-gated selection	declared score
P013	P129	selection	feasibility-gated selection	declared score
P013	P130	selection	feasibility-gated selection	declared score
P013	P132	selection	feasibility-gated selection	declared score
P013	P133	selection	feasibility-gated selection	declared score
P013	P134	selection	feasibility-gated selection	declared score
P013	P139	selection	feasibility-gated selection	declared score
P014	P001	selection	feasibility-gated selection	declared score
P014	P002	selection	feasibility-gated selection	declared score
P014	P003	selection	feasibility-gated selection	declared score
P014	P004	selection	feasibility-gated selection	declared score
P014	P005	selection	feasibility-gated selection	declared score
P014	P006	selection	feasibility-gated selection	declared score
P014	P007	selection	feasibility-gated selection	declared score
P014	P008	selection	feasibility-gated selection	declared score
P014	P012	selection	feasibility-gated selection	declared score
P014	P013	selection	feasibility-gated selection	declared score
P014	P015	selection	feasibility-gated selection	declared score
P014	P016	selection	feasibility-gated selection	declared score
P014	P017	selection	feasibility-gated selection	declared score
P014	P019	selection	feasibility-gated selection	declared score
P014	P028	selection	feasibility-gated selection	declared score
P014	P034	selection	feasibility-gated selection	declared score
P014	P035	selection	feasibility-gated selection	declared score
P014	P038	selection	feasibility-gated selection	declared score
P014	P039	selection	feasibility-gated selection	declared score
P014	P061	selection	feasibility-gated selection	declared score
P014	P067	selection	feasibility-gated selection	declared score
P014	P068	selection	feasibility-gated selection	declared score
P014	P077	selection	feasibility-gated selection	declared score
P014	P100	selection	feasibility-gated selection	declared score
P014	P101	selection	feasibility-gated selection	declared score
P014	P102	selection	feasibility-gated selection	declared score
P014	P103	selection	feasibility-gated selection	declared score
P014	P104	selection	feasibility-gated selection	declared score
P014	P105	selection	feasibility-gated selection	declared score
P014	P116	selection	feasibility-gated selection	declared score
P014	P118	selection	feasibility-gated selection	declared score
P014	P120	selection	feasibility-gated selection	declared score
P014	P121	selection	feasibility-gated selection	declared score
P014	P124	selection	feasibility-gated selection	declared score
P014	P127	selection	feasibility-gated selection	declared score
P014	P128	selection	feasibility-gated selection	declared score
P014	P129	selection	feasibility-gated selection	declared score
P014	P130	selection	feasibility-gated selection	declared score
P014	P132	selection	feasibility-gated selection	declared score
P014	P133	selection	feasibility-gated selection	declared score
P014	P134	selection	feasibility-gated selection	declared score
P014	P139	selection	feasibility-gated selection	declared score
P015	P001	selection	feasibility-gated selection	declared score
P015	P002	selection	feasibility-gated selection	declared score
P015	P003	selection	feasibility-gated selection	declared score
P015	P004	selection	feasibility-gated selection	declared score
P015	P005	selection	feasibility-gated selection	declared score
P015	P006	selection	feasibility-gated selection	declared score
P015	P007	selection	feasibility-gated selection	declared score
P015	P008	selection	feasibility-gated selection	declared score
P015	P012	selection	feasibility-gated selection	declared score
P015	P013	selection	feasibility-gated selection	declared score
P015	P014	selection	feasibility-gated selection	declared score
P015	P016	selection	feasibility-gated selection	declared score
P015	P017	selection	feasibility-gated selection	declared score
P015	P019	selection	feasibility-gated selection	declared score
P015	P028	selection	feasibility-gated selection	declared score
P015	P034	selection	feasibility-gated selection	declared score
P015	P035	selection	feasibility-gated selection	declared score
P015	P038	selection	feasibility-gated selection	declared score
P015	P039	selection	feasibility-gated selection	declared score
P015	P061	selection	feasibility-gated selection	declared score
P015	P067	selection	feasibility-gated selection	declared score
P015	P068	selection	feasibility-gated selection	declared score
P015	P077	selection	feasibility-gated selection	declared score
P015	P100	selection	feasibility-gated selection	declared score
P015	P101	selection	feasibility-gated selection	declared score
P015	P102	selection	feasibility-gated selection	declared score
P015	P103	selection	feasibility-gated selection	declared score
P015	P104	selection	feasibility-gated selection	declared score
P015	P105	selection	feasibility-gated selection	declared score
P015	P116	selection	feasibility-gated selection	declared score
P015	P118	selection	feasibility-gated selection	declared score
P015	P120	selection	feasibility-gated selection	declared score
P015	P121	selection	feasibility-gated selection	declared score
P015	P124	selection	feasibility-gated selection	declared score
P015	P127	selection	feasibility-gated selection	declared score
P015	P128	selection	feasibility-gated selection	declared score
P015	P129	selection	feasibility-gated selection	declared score
P015	P130	selection	feasibility-gated selection	declared score
P015	P132	selection	feasibility-gated selection	declared score
P015	P133	selection	feasibility-gated selection	declared score
P015	P134	selection	feasibility-gated selection	declared score
P015	P139	selection	feasibility-gated selection	declared score
P016	P001	selection	feasibility-gated selection	declared score
P016	P002	selection	feasibility-gated selection	declared score
P016	P003	selection	feasibility-gated selection	declared score
P016	P004	selection	feasibility-gated selection	declared score
P016	P005	selection	feasibility-gated selection	declared score
P016	P006	selection	feasibility-gated selection	declared score
P016	P007	selection	feasibility-gated selection	declared score
P016	P008	selection	feasibility-gated selection	declared score
P016	P012	selection	feasibility-gated selection	declared score
P016	P013	selection	feasibility-gated selection	declared score
P016	P014	selection	feasibility-gated selection	declared score
P016	P015	selection	feasibility-gated selection	declared score
P016	P017	selection	feasibility-gated selection	declared score
P016	P019	selection	feasibility-gated selection	declared score
P016	P028	selection	feasibility-gated selection	declared score
P016	P034	selection	feasibility-gated selection	declared score
P016	P035	selection	feasibility-gated selection	declared score
P016	P038	selection	feasibility-gated selection	declared score
P016	P039	selection	feasibility-gated selection	declared score
P016	P061	selection	feasibility-gated selection	declared score
P016	P067	selection	feasibility-gated selection	declared score
P016	P068	selection	feasibility-gated selection	declared score
P016	P077	selection	feasibility-gated selection	declared score
P016	P100	selection	feasibility-gated selection	declared score
P016	P101	selection	feasibility-gated selection	declared score
P016	P102	selection	feasibility-gated selection	declared score
P016	P103	selection	feasibility-gated selection	declared score
P016	P104	selection	feasibility-gated selection	declared score
P016	P105	selection	feasibility-gated selection	declared score
P016	P116	selection	feasibility-gated selection	declared score
P016	P118	selection	feasibility-gated selection	declared score
P016	P120	selection	feasibility-gated selection	declared score
P016	P121	selection	feasibility-gated selection	declared score
P016	P124	selection	feasibility-gated selection	declared score
P016	P127	selection	feasibility-gated selection	declared score
P016	P128	selection	feasibility-gated selection	declared score
P016	P129	selection	feasibility-gated selection	declared score
P016	P130	selection	feasibility-gated selection	declared score
P016	P132	selection	feasibility-gated selection	declared score
P016	P133	selection	feasibility-gated selection	declared score
P016	P134	selection	feasibility-gated selection	declared score
P016	P139	selection	feasibility-gated selection	declared score
P017	P001	selection	feasibility-gated selection	declared score
P017	P002	selection	feasibility-gated selection	declared score
P017	P003	selection	feasibility-gated selection	declared score
P017	P004	selection	feasibility-gated selection	declared score
P017	P005	selection	feasibility-gated selection	declared score
P017	P006	selection	feasibility-gated selection	declared score
P017	P007	selection	feasibility-gated selection	declared score
P017	P008	selection	feasibility-gated selection	declared score
P017	P012	selection	feasibility-gated selection	declared score
P017	P013	selection	feasibility-gated selection	declared score
P017	P014	selection	feasibility-gated selection	declared score
P017	P015	selection	feasibility-gated selection	declared score
P017	P016	selection	feasibility-gated selection	declared score
P017	P019	selection	feasibility-gated selection	declared score
P017	P028	selection	feasibility-gated selection	declared score
P017	P034	selection	feasibility-gated selection	declared score
P017	P035	selection	feasibility-gated selection	declared score
P017	P038	selection	feasibility-gated selection	declared score
P017	P039	selection	feasibility-gated selection	declared score
P017	P061	selection	feasibility-gated selection	declared score
P017	P067	selection	feasibility-gated selection	declared score
P017	P068	selection	feasibility-gated selection	declared score
P017	P077	selection	feasibility-gated selection	declared score
P017	P100	selection	feasibility-gated selection	declared score
P017	P101	selection	feasibility-gated selection	declared score
P017	P102	selection	feasibility-gated selection	declared score
P017	P103	selection	feasibility-gated selection	declared score
P017	P104	selection	feasibility-gated selection	declared score
P017	P105	selection	feasibility-gated selection	declared score
P017	P116	selection	feasibility-gated selection	declared score
P017	P118	selection	feasibility-gated selection	declared score
P017	P120	selection	feasibility-gated selection	declared score
P017	P121	selection	feasibility-gated selection	declared score
P017	P124	selection	feasibility-gated selection	declared score
P017	P127	selection	feasibility-gated selection	declared score
P017	P128	selection	feasibility-gated selection	declared score
P017	P129	selection	feasibility-gated selection	declared score
P017	P130	selection	feasibility-gated selection	declared score
P017	P132	selection	feasibility-gated selection	declared score
P017	P133	selection	feasibility-gated selection	declared score
P017	P134	selection	feasibility-gated selection	declared score
P017	P139	selection	feasibility-gated selection	declared score
P018	P011	decision	downstream decision alignment	certificate failure is not universal impossibility
P018	P024	decision	downstream decision alignment	declared loss may omit real consequences
P018	P025	decision	downstream decision alignment	declared loss may omit real consequences
P018	P042	decision	downstream decision alignment	declared loss may omit real consequences
P018	P043	decision	downstream decision alignment	declared loss may omit real consequences
P018	P046	decision	downstream decision alignment	declared loss may omit real consequences
P018	P053	decision	downstream decision alignment	declared loss may omit real consequences
P018	P062	decision	downstream decision alignment	declared loss may omit real consequences
P018	P066	decision	downstream decision alignment	declared loss may omit real consequences
P018	P071	decision	downstream decision alignment	declared loss may omit real consequences
P018	P073	decision	downstream decision alignment	certificate must not transfer outside its shell
P018	P075	decision	downstream decision alignment	declared loss may omit real consequences
P018	P090	decision	downstream decision alignment	declared loss may omit real consequences
P018	P091	decision	downstream decision alignment	declared loss may omit real consequences
P018	P092	decision	downstream decision alignment	declared loss may omit real consequences
P018	P093	decision	downstream decision alignment	declared loss may omit real consequences
P018	P107	decision	downstream decision alignment	declared loss may omit real consequences
P018	P113	decision	downstream decision alignment	declared loss may omit real consequences
P019	P001	selection	feasibility-gated selection	declared score
P019	P002	selection	feasibility-gated selection	declared score
P019	P003	selection	feasibility-gated selection	declared score
P019	P004	selection	feasibility-gated selection	declared score
P019	P005	selection	feasibility-gated selection	declared score
P019	P006	selection	feasibility-gated selection	declared score
P019	P007	selection	feasibility-gated selection	declared score
P019	P008	selection	feasibility-gated selection	declared score
P019	P012	selection	feasibility-gated selection	declared score
P019	P013	selection	feasibility-gated selection	declared score
P019	P014	selection	feasibility-gated selection	declared score
P019	P015	selection	feasibility-gated selection	declared score
P019	P016	selection	feasibility-gated selection	declared score
P019	P017	selection	feasibility-gated selection	declared score
P019	P028	selection	feasibility-gated selection	declared score
P019	P034	selection	feasibility-gated selection	declared score
P019	P035	selection	feasibility-gated selection	declared score
P019	P038	selection	feasibility-gated selection	declared score
P019	P039	selection	feasibility-gated selection	declared score
P019	P061	selection	feasibility-gated selection	declared score
P019	P067	selection	feasibility-gated selection	declared score
P019	P068	selection	feasibility-gated selection	declared score
P019	P077	selection	feasibility-gated selection	declared score
P019	P100	selection	feasibility-gated selection	declared score
P019	P101	selection	feasibility-gated selection	declared score
P019	P102	selection	feasibility-gated selection	declared score
P019	P103	selection	feasibility-gated selection	declared score
P019	P104	selection	feasibility-gated selection	declared score
P019	P105	selection	feasibility-gated selection	declared score
P019	P116	selection	feasibility-gated selection	declared score
P019	P118	selection	feasibility-gated selection	declared score
P019	P120	selection	feasibility-gated selection	declared score
P019	P121	selection	feasibility-gated selection	declared score
P019	P124	selection	feasibility-gated selection	declared score
P019	P127	selection	feasibility-gated selection	declared score
P019	P128	selection	feasibility-gated selection	declared score
P019	P129	selection	feasibility-gated selection	declared score
P019	P130	selection	feasibility-gated selection	declared score
P019	P132	selection	feasibility-gated selection	declared score
P019	P133	selection	feasibility-gated selection	declared score
P019	P134	selection	feasibility-gated selection	declared score
P019	P139	selection	feasibility-gated selection	declared score
P025	P011	decision	downstream decision alignment	certificate failure is not universal impossibility
P025	P018	decision	downstream decision alignment	declared loss may omit real consequences
P025	P024	decision	downstream decision alignment	declared loss may omit real consequences
P025	P042	decision	downstream decision alignment	declared loss may omit real consequences
P025	P043	decision	downstream decision alignment	declared loss may omit real consequences
P025	P046	decision	downstream decision alignment	declared loss may omit real consequences
P025	P053	decision	downstream decision alignment	declared loss may omit real consequences
P025	P062	decision	downstream decision alignment	declared loss may omit real consequences
P025	P066	decision	downstream decision alignment	declared loss may omit real consequences
P025	P071	decision	downstream decision alignment	declared loss may omit real consequences
P025	P073	decision	downstream decision alignment	certificate must not transfer outside its shell
P025	P075	decision	downstream decision alignment	declared loss may omit real consequences
P025	P090	decision	downstream decision alignment	declared loss may omit real consequences
P025	P091	decision	downstream decision alignment	declared loss may omit real consequences
P025	P092	decision	downstream decision alignment	declared loss may omit real consequences
P025	P093	decision	downstream decision alignment	declared loss may omit real consequences
P025	P107	decision	downstream decision alignment	declared loss may omit real consequences
P025	P113	decision	downstream decision alignment	declared loss may omit real consequences
P026	P020	tipping	nearest boundary localization	grid and calibration remain operator-declared
P026	P023	tipping	nearest boundary localization	does not establish unmeasured causal assumptions
P026	P030	tipping	nearest boundary localization	grid and calibration remain operator-declared
P026	P037	tipping	nearest boundary localization	certificate must not transfer outside its shell
P026	P044	tipping	nearest boundary localization	grid and calibration remain operator-declared
P026	P045	tipping	nearest boundary localization	grid and calibration remain operator-declared
P026	P050	tipping	nearest boundary localization	grid and calibration remain operator-declared
P026	P052	tipping	nearest boundary localization	grid and calibration remain operator-declared
P026	P056	tipping	nearest boundary localization	grid and calibration remain operator-declared
P026	P059	tipping	nearest boundary localization	grid and calibration remain operator-declared
P026	P060	tipping	nearest boundary localization	grid and calibration remain operator-declared
P026	P062	tipping	nearest boundary localization	declared loss may omit real consequences
P026	P063	tipping	nearest boundary localization	grid and calibration remain operator-declared
P026	P065	tipping	nearest boundary localization	grid and calibration remain operator-declared
P026	P071	tipping	nearest boundary localization	declared loss may omit real consequences
P026	P076	tipping	nearest boundary localization	declared grid
P026	P082	tipping	nearest boundary localization	grid and calibration remain operator-declared
P026	P084	tipping	nearest boundary localization	grid and calibration remain operator-declared
P026	P085	tipping	nearest boundary localization	grid and calibration remain operator-declared
P026	P087	tipping	nearest boundary localization	grid and calibration remain operator-declared
P026	P088	tipping	nearest boundary localization	grid and calibration remain operator-declared
P026	P089	tipping	nearest boundary localization	grid and calibration remain operator-declared
P026	P091	tipping	nearest boundary localization	declared loss may omit real consequences
P026	P092	tipping	nearest boundary localization	declared loss may omit real consequences
P026	P093	tipping	nearest boundary localization	declared loss may omit real consequences
P026	P108	tipping	nearest boundary localization	grid and calibration remain operator-declared
P026	P110	tipping	nearest boundary localization	grid and calibration remain operator-declared
P026	P112	tipping	nearest boundary localization	grid and calibration remain operator-declared
P026	P114	tipping	nearest boundary localization	declared grid
P026	P115	tipping	nearest boundary localization	declared grid
P026	P117	tipping	nearest boundary localization	declared grid
P026	P119	tipping	nearest boundary localization	declared grid
P026	P141	tipping	nearest boundary localization	grid and calibration remain operator-declared
P027	P011	integral	continuous-versus-discrete distinction	certificate failure is not universal impossibility
P027	P022	audit	continuous-versus-discrete distinction	holdout may not represent deployment
P027	P037	certificate	continuous-versus-discrete distinction	certificate must not transfer outside its shell
P027	P040	audit	continuous-versus-discrete distinction	requires a representative protected shell
P027	P042	audit	continuous-versus-discrete distinction	declared loss may omit real consequences
P027	P047	audit	continuous-versus-discrete distinction	current exposure does not cover every future path
P027	P048	audit	continuous-versus-discrete distinction	requires a representative protected shell
P027	P051	audit	continuous-versus-discrete distinction	holdout may not represent deployment
P027	P053	audit	continuous-versus-discrete distinction	declared loss may omit real consequences
P027	P054	certificate	continuous-versus-discrete distinction	certificate must not transfer outside its shell
P027	P055	audit	continuous-versus-discrete distinction	holdout may not represent deployment
P027	P064	audit	continuous-versus-discrete distinction	protected shell choice
P027	P069	audit	continuous-versus-discrete distinction	holdout may not represent deployment
P027	P072	audit	continuous-versus-discrete distinction	holdout may not represent deployment
P027	P073	certificate	continuous-versus-discrete distinction	certificate must not transfer outside its shell
P027	P078	audit	continuous-versus-discrete distinction	protected shell choice
P027	P081	audit	continuous-versus-discrete distinction	requires a representative protected shell
P027	P086	audit	continuous-versus-discrete distinction	protected shell choice
P027	P094	audit	continuous-versus-discrete distinction	protected shell choice
P027	P095	audit	continuous-versus-discrete distinction	requires a representative protected shell
P027	P097	audit	continuous-versus-discrete distinction	protected shell choice
P027	P098	audit	continuous-versus-discrete distinction	protected shell choice
P027	P106	audit	continuous-versus-discrete distinction	holdout may not represent deployment
P027	P107	audit	continuous-versus-discrete distinction	declared loss may omit real consequences
P027	P113	audit	continuous-versus-discrete distinction	declared loss may omit real consequences
P027	P122	audit	continuous-versus-discrete distinction	protected shell choice
P027	P123	audit	continuous-versus-discrete distinction	protected shell choice
P027	P125	audit	continuous-versus-discrete distinction	protected shell choice
P027	P126	audit	continuous-versus-discrete distinction	protected shell choice
P027	P131	audit	continuous-versus-discrete distinction	protected shell choice
P027	P135	certificate	continuous-versus-discrete distinction	certificate must not transfer outside its shell
P027	P137	audit	continuous-versus-discrete distinction	holdout may not represent deployment
P027	P140	audit	continuous-versus-discrete distinction	requires a representative protected shell
P027	P142	audit	continuous-versus-discrete distinction	requires a representative protected shell
P027	P143	certificate,integral	continuous-versus-discrete distinction	certificate failure is not universal impossibility
P027	P145	audit	continuous-versus-discrete distinction	holdout may not represent deployment
P028	P001	selection	feasibility-gated selection	declared score
P028	P002	selection	feasibility-gated selection	declared score
P028	P003	selection	feasibility-gated selection	declared score
P028	P004	selection	feasibility-gated selection	declared score
P028	P005	selection	feasibility-gated selection	declared score
P028	P006	selection	feasibility-gated selection	declared score
P028	P007	selection	feasibility-gated selection	declared score
P028	P008	selection	feasibility-gated selection	declared score
P028	P012	selection	feasibility-gated selection	declared score
P028	P013	selection	feasibility-gated selection	declared score
P028	P014	selection	feasibility-gated selection	declared score
P028	P015	selection	feasibility-gated selection	declared score
P028	P016	selection	feasibility-gated selection	declared score
P028	P017	selection	feasibility-gated selection	declared score
P028	P019	selection	feasibility-gated selection	declared score
P028	P034	selection	feasibility-gated selection	declared score
P028	P035	selection	feasibility-gated selection	declared score
P028	P038	selection	feasibility-gated selection	declared score
P028	P039	selection	feasibility-gated selection	declared score
P028	P061	selection	feasibility-gated selection	declared score
P028	P067	selection	feasibility-gated selection	declared score
P028	P068	selection	feasibility-gated selection	declared score
P028	P077	selection	feasibility-gated selection	declared score
P028	P100	selection	feasibility-gated selection	declared score
P028	P101	selection	feasibility-gated selection	declared score
P028	P102	selection	feasibility-gated selection	declared score
P028	P103	selection	feasibility-gated selection	declared score
P028	P104	selection	feasibility-gated selection	declared score
P028	P105	selection	feasibility-gated selection	declared score
P028	P116	selection	feasibility-gated selection	declared score
P028	P118	selection	feasibility-gated selection	declared score
P028	P120	selection	feasibility-gated selection	declared score
P028	P121	selection	feasibility-gated selection	declared score
P028	P124	selection	feasibility-gated selection	declared score
P028	P127	selection	feasibility-gated selection	declared score
P028	P128	selection	feasibility-gated selection	declared score
P028	P129	selection	feasibility-gated selection	declared score
P028	P130	selection	feasibility-gated selection	declared score
P028	P132	selection	feasibility-gated selection	declared score
P028	P133	selection	feasibility-gated selection	declared score
P028	P134	selection	feasibility-gated selection	declared score
P028	P139	selection	feasibility-gated selection	declared score
P029	P041	resilience	hidden-mode consequence awareness	current exposure does not cover every future path
P029	P047	resilience	hidden-mode consequence awareness	current exposure does not cover every future path
P029	P049	resilience	hidden-mode consequence awareness	current exposure does not cover every future path
P029	P080	resilience	hidden-mode consequence awareness	current exposure does not cover every future path
P030	P020	tipping	nearest boundary localization	grid and calibration remain operator-declared
P030	P023	tipping	nearest boundary localization	does not establish unmeasured causal assumptions
P030	P026	tipping	nearest boundary localization	grid and calibration remain operator-declared
P030	P037	tipping	nearest boundary localization	certificate must not transfer outside its shell
P030	P044	tipping	nearest boundary localization	grid and calibration remain operator-declared
P030	P045	tipping	nearest boundary localization	grid and calibration remain operator-declared
P030	P050	tipping	nearest boundary localization	grid and calibration remain operator-declared
P030	P052	tipping	nearest boundary localization	grid and calibration remain operator-declared
P030	P056	tipping	nearest boundary localization	grid and calibration remain operator-declared
P030	P059	tipping	nearest boundary localization	grid and calibration remain operator-declared
P030	P060	tipping	nearest boundary localization	grid and calibration remain operator-declared
P030	P062	tipping	nearest boundary localization	declared loss may omit real consequences
P030	P063	tipping	nearest boundary localization	grid and calibration remain operator-declared
P030	P065	tipping	nearest boundary localization	grid and calibration remain operator-declared
P030	P071	tipping	nearest boundary localization	declared loss may omit real consequences
P030	P076	tipping	nearest boundary localization	declared grid
P030	P082	tipping	nearest boundary localization	grid and calibration remain operator-declared
P030	P084	tipping	nearest boundary localization	grid and calibration remain operator-declared
P030	P085	tipping	nearest boundary localization	grid and calibration remain operator-declared
P030	P087	tipping	nearest boundary localization	grid and calibration remain operator-declared
P030	P088	tipping	nearest boundary localization	grid and calibration remain operator-declared
P030	P089	tipping	nearest boundary localization	grid and calibration remain operator-declared
P030	P091	tipping	nearest boundary localization	declared loss may omit real consequences
P030	P092	tipping	nearest boundary localization	declared loss may omit real consequences
P030	P093	tipping	nearest boundary localization	declared loss may omit real consequences
P030	P108	tipping	nearest boundary localization	grid and calibration remain operator-declared
P030	P110	tipping	nearest boundary localization	grid and calibration remain operator-declared
P030	P112	tipping	nearest boundary localization	grid and calibration remain operator-declared
P030	P114	tipping	nearest boundary localization	declared grid
P030	P115	tipping	nearest boundary localization	declared grid
P030	P117	tipping	nearest boundary localization	declared grid
P030	P119	tipping	nearest boundary localization	declared grid
P030	P141	tipping	nearest boundary localization	grid and calibration remain operator-declared
P031	P058	liquidity	capacity-constrained funding logic	financial/legal eligibility remains external
P031	P111	liquidity	capacity-constrained funding logic	channel model may be misspecified
P031	P143	liquidity	capacity-constrained funding logic	certificate failure is not universal impossibility
P032	P065	support	support/overlap visibility	grid and calibration remain operator-declared
P032	P090	support	support/overlap visibility	declared loss may omit real consequences
P032	P095	support	support/overlap visibility	requires a representative protected shell
P032	P140	support	support/overlap visibility	requires a representative protected shell
P033	P099	allocation	constraint-aware allocation	declared value/cost
P034	P001	selection	feasibility-gated selection	declared score
P034	P002	selection	feasibility-gated selection	declared score
P034	P003	selection	feasibility-gated selection	declared score
P034	P004	selection	feasibility-gated selection	declared score
P034	P005	selection	feasibility-gated selection	declared score
P034	P006	selection	feasibility-gated selection	declared score
P034	P007	selection	feasibility-gated selection	declared score
P034	P008	selection	feasibility-gated selection	declared score
P034	P012	selection	feasibility-gated selection	declared score
P034	P013	selection	feasibility-gated selection	declared score
P034	P014	selection	feasibility-gated selection	declared score
P034	P015	selection	feasibility-gated selection	declared score
P034	P016	selection	feasibility-gated selection	declared score
P034	P017	selection	feasibility-gated selection	declared score
P034	P019	selection	feasibility-gated selection	declared score
P034	P028	selection	feasibility-gated selection	declared score
P034	P035	selection	feasibility-gated selection	declared score
P034	P038	selection	feasibility-gated selection	declared score
P034	P039	selection	feasibility-gated selection	declared score
P034	P061	selection	feasibility-gated selection	declared score
P034	P067	selection	feasibility-gated selection	declared score
P034	P068	selection	feasibility-gated selection	declared score
P034	P077	selection	feasibility-gated selection	declared score
P034	P100	selection	feasibility-gated selection	declared score
P034	P101	selection	feasibility-gated selection	declared score
P034	P102	selection	feasibility-gated selection	declared score
P034	P103	selection	feasibility-gated selection	declared score
P034	P104	selection	feasibility-gated selection	declared score
P034	P105	selection	feasibility-gated selection	declared score
P034	P116	selection	feasibility-gated selection	declared score
P034	P118	selection	feasibility-gated selection	declared score
P034	P120	selection	feasibility-gated selection	declared score
P034	P121	selection	feasibility-gated selection	declared score
P034	P124	selection	feasibility-gated selection	declared score
P034	P127	selection	feasibility-gated selection	declared score
P034	P128	selection	feasibility-gated selection	declared score
P034	P129	selection	feasibility-gated selection	declared score
P034	P130	selection	feasibility-gated selection	declared score
P034	P132	selection	feasibility-gated selection	declared score
P034	P133	selection	feasibility-gated selection	declared score
P034	P134	selection	feasibility-gated selection	declared score
P034	P139	selection	feasibility-gated selection	declared score
P035	P001	selection	feasibility-gated selection	declared score
P035	P002	selection	feasibility-gated selection	declared score
P035	P003	selection	feasibility-gated selection	declared score
P035	P004	selection	feasibility-gated selection	declared score
P035	P005	selection	feasibility-gated selection	declared score
P035	P006	selection	feasibility-gated selection	declared score
P035	P007	selection	feasibility-gated selection	declared score
P035	P008	selection	feasibility-gated selection	declared score
P035	P012	selection	feasibility-gated selection	declared score
P035	P013	selection	feasibility-gated selection	declared score
P035	P014	selection	feasibility-gated selection	declared score
P035	P015	selection	feasibility-gated selection	declared score
P035	P016	selection	feasibility-gated selection	declared score
P035	P017	selection	feasibility-gated selection	declared score
P035	P019	selection	feasibility-gated selection	declared score
P035	P028	selection	feasibility-gated selection	declared score
P035	P034	selection	feasibility-gated selection	declared score
P035	P038	selection	feasibility-gated selection	declared score
P035	P039	selection	feasibility-gated selection	declared score
P035	P061	selection	feasibility-gated selection	declared score
P035	P067	selection	feasibility-gated selection	declared score
P035	P068	selection	feasibility-gated selection	declared score
P035	P077	selection	feasibility-gated selection	declared score
P035	P100	selection	feasibility-gated selection	declared score
P035	P101	selection	feasibility-gated selection	declared score
P035	P102	selection	feasibility-gated selection	declared score
P035	P103	selection	feasibility-gated selection	declared score
P035	P104	selection	feasibility-gated selection	declared score
P035	P105	selection	feasibility-gated selection	declared score
P035	P116	selection	feasibility-gated selection	declared score
P035	P118	selection	feasibility-gated selection	declared score
P035	P120	selection	feasibility-gated selection	declared score
P035	P121	selection	feasibility-gated selection	declared score
P035	P124	selection	feasibility-gated selection	declared score
P035	P127	selection	feasibility-gated selection	declared score
P035	P128	selection	feasibility-gated selection	declared score
P035	P129	selection	feasibility-gated selection	declared score
P035	P130	selection	feasibility-gated selection	declared score
P035	P132	selection	feasibility-gated selection	declared score
P035	P133	selection	feasibility-gated selection	declared score
P035	P134	selection	feasibility-gated selection	declared score
P035	P139	selection	feasibility-gated selection	declared score
P036	P070	transport	transport bottleneck accounting	channel model may be misspecified
P037	P020	tipping	explicit certificate scope	grid and calibration remain operator-declared
P037	P023	tipping	explicit certificate scope	does not establish unmeasured causal assumptions
P037	P026	tipping	explicit certificate scope	grid and calibration remain operator-declared
P037	P027	certificate	explicit certificate scope	certificate failure is not universal impossibility
P037	P030	tipping	explicit certificate scope	grid and calibration remain operator-declared
P037	P044	tipping	explicit certificate scope	grid and calibration remain operator-declared
P037	P045	tipping	explicit certificate scope	grid and calibration remain operator-declared
P037	P050	tipping	explicit certificate scope	grid and calibration remain operator-declared
P037	P052	tipping	explicit certificate scope	grid and calibration remain operator-declared
P037	P054	certificate	explicit certificate scope	certificate must not transfer outside its shell
P037	P056	tipping	explicit certificate scope	grid and calibration remain operator-declared
P037	P059	tipping	explicit certificate scope	grid and calibration remain operator-declared
P037	P060	tipping	explicit certificate scope	grid and calibration remain operator-declared
P037	P062	tipping	explicit certificate scope	declared loss may omit real consequences
P037	P063	tipping	explicit certificate scope	grid and calibration remain operator-declared
P037	P065	tipping	explicit certificate scope	grid and calibration remain operator-declared
P037	P071	tipping	explicit certificate scope	declared loss may omit real consequences
P037	P073	certificate	explicit certificate scope	certificate must not transfer outside its shell
P037	P076	tipping	explicit certificate scope	declared grid
P037	P082	tipping	explicit certificate scope	grid and calibration remain operator-declared
P037	P084	tipping	explicit certificate scope	grid and calibration remain operator-declared
P037	P085	tipping	explicit certificate scope	grid and calibration remain operator-declared
P037	P087	tipping	explicit certificate scope	grid and calibration remain operator-declared
P037	P088	tipping	explicit certificate scope	grid and calibration remain operator-declared
P037	P089	tipping	explicit certificate scope	grid and calibration remain operator-declared
P037	P091	tipping	explicit certificate scope	declared loss may omit real consequences
P037	P092	tipping	explicit certificate scope	declared loss may omit real consequences
P037	P093	tipping	explicit certificate scope	declared loss may omit real consequences
P037	P108	tipping	explicit certificate scope	grid and calibration remain operator-declared
P037	P110	tipping	explicit certificate scope	grid and calibration remain operator-declared
P037	P112	tipping	explicit certificate scope	grid and calibration remain operator-declared
P037	P114	tipping	explicit certificate scope	declared grid
P037	P115	tipping	explicit certificate scope	declared grid
P037	P117	tipping	explicit certificate scope	declared grid
P037	P119	tipping	explicit certificate scope	declared grid
P037	P135	certificate	explicit certificate scope	certificate must not transfer outside its shell
P037	P141	tipping	explicit certificate scope	grid and calibration remain operator-declared
P037	P143	certificate	explicit certificate scope	certificate failure is not universal impossibility
P038	P001	selection	feasibility-gated selection	declared score
P038	P002	selection	feasibility-gated selection	declared score
P038	P003	selection	feasibility-gated selection	declared score
P038	P004	selection	feasibility-gated selection	declared score
P038	P005	selection	feasibility-gated selection	declared score
P038	P006	selection	feasibility-gated selection	declared score
P038	P007	selection	feasibility-gated selection	declared score
P038	P008	selection	feasibility-gated selection	declared score
P038	P012	selection	feasibility-gated selection	declared score
P038	P013	selection	feasibility-gated selection	declared score
P038	P014	selection	feasibility-gated selection	declared score
P038	P015	selection	feasibility-gated selection	declared score
P038	P016	selection	feasibility-gated selection	declared score
P038	P017	selection	feasibility-gated selection	declared score
P038	P019	selection	feasibility-gated selection	declared score
P038	P028	selection	feasibility-gated selection	declared score
P038	P034	selection	feasibility-gated selection	declared score
P038	P035	selection	feasibility-gated selection	declared score
P038	P039	selection	feasibility-gated selection	declared score
P038	P061	selection	feasibility-gated selection	declared score
P038	P067	selection	feasibility-gated selection	declared score
P038	P068	selection	feasibility-gated selection	declared score
P038	P077	selection	feasibility-gated selection	declared score
P038	P100	selection	feasibility-gated selection	declared score
P038	P101	selection	feasibility-gated selection	declared score
P038	P102	selection	feasibility-gated selection	declared score
P038	P103	selection	feasibility-gated selection	declared score
P038	P104	selection	feasibility-gated selection	declared score
P038	P105	selection	feasibility-gated selection	declared score
P038	P116	selection	feasibility-gated selection	declared score
P038	P118	selection	feasibility-gated selection	declared score
P038	P120	selection	feasibility-gated selection	declared score
P038	P121	selection	feasibility-gated selection	declared score
P038	P124	selection	feasibility-gated selection	declared score
P038	P127	selection	feasibility-gated selection	declared score
P038	P128	selection	feasibility-gated selection	declared score
P038	P129	selection	feasibility-gated selection	declared score
P038	P130	selection	feasibility-gated selection	declared score
P038	P132	selection	feasibility-gated selection	declared score
P038	P133	selection	feasibility-gated selection	declared score
P038	P134	selection	feasibility-gated selection	declared score
P038	P139	selection	feasibility-gated selection	declared score
P039	P001	selection	feasibility-gated selection	declared score
P039	P002	selection	feasibility-gated selection	declared score
P039	P003	selection	feasibility-gated selection	declared score
P039	P004	selection	feasibility-gated selection	declared score
P039	P005	selection	feasibility-gated selection	declared score
P039	P006	selection	feasibility-gated selection	declared score
P039	P007	selection	feasibility-gated selection	declared score
P039	P008	selection	feasibility-gated selection	declared score
P039	P012	selection	feasibility-gated selection	declared score
P039	P013	selection	feasibility-gated selection	declared score
P039	P014	selection	feasibility-gated selection	declared score
P039	P015	selection	feasibility-gated selection	declared score
P039	P016	selection	feasibility-gated selection	declared score
P039	P017	selection	feasibility-gated selection	declared score
P039	P019	selection	feasibility-gated selection	declared score
P039	P028	selection	feasibility-gated selection	declared score
P039	P034	selection	feasibility-gated selection	declared score
P039	P035	selection	feasibility-gated selection	declared score
P039	P038	selection	feasibility-gated selection	declared score
P039	P061	selection	feasibility-gated selection	declared score
P039	P067	selection	feasibility-gated selection	declared score
P039	P068	selection	feasibility-gated selection	declared score
P039	P077	selection	feasibility-gated selection	declared score
P039	P100	selection	feasibility-gated selection	declared score
P039	P101	selection	feasibility-gated selection	declared score
P039	P102	selection	feasibility-gated selection	declared score
P039	P103	selection	feasibility-gated selection	declared score
P039	P104	selection	feasibility-gated selection	declared score
P039	P105	selection	feasibility-gated selection	declared score
P039	P116	selection	feasibility-gated selection	declared score
P039	P118	selection	feasibility-gated selection	declared score
P039	P120	selection	feasibility-gated selection	declared score
P039	P121	selection	feasibility-gated selection	declared score
P039	P124	selection	feasibility-gated selection	declared score
P039	P127	selection	feasibility-gated selection	declared score
P039	P128	selection	feasibility-gated selection	declared score
P039	P129	selection	feasibility-gated selection	declared score
P039	P130	selection	feasibility-gated selection	declared score
P039	P132	selection	feasibility-gated selection	declared score
P039	P133	selection	feasibility-gated selection	declared score
P039	P134	selection	feasibility-gated selection	declared score
P039	P139	selection	feasibility-gated selection	declared score
P040	P022	audit	protected-selection comparison	holdout may not represent deployment
P040	P027	audit	protected-selection comparison	certificate failure is not universal impossibility
P040	P042	audit	protected-selection comparison	declared loss may omit real consequences
P040	P047	audit	protected-selection comparison	current exposure does not cover every future path
P040	P048	audit	protected-selection comparison	requires a representative protected shell
P040	P051	audit	protected-selection comparison	holdout may not represent deployment
P040	P053	audit	protected-selection comparison	declared loss may omit real consequences
P040	P055	audit	protected-selection comparison	holdout may not represent deployment
P040	P064	audit	protected-selection comparison	protected shell choice
P040	P069	audit	protected-selection comparison	holdout may not represent deployment
P040	P072	audit	protected-selection comparison	holdout may not represent deployment
P040	P078	audit	protected-selection comparison	protected shell choice
P040	P081	audit	protected-selection comparison	requires a representative protected shell
P040	P086	audit	protected-selection comparison	protected shell choice
P040	P094	audit	protected-selection comparison	protected shell choice
P040	P095	audit	protected-selection comparison	requires a representative protected shell
P040	P097	audit	protected-selection comparison	protected shell choice
P040	P098	audit	protected-selection comparison	protected shell choice
P040	P106	audit	protected-selection comparison	holdout may not represent deployment
P040	P107	audit	protected-selection comparison	declared loss may omit real consequences
P040	P113	audit	protected-selection comparison	declared loss may omit real consequences
P040	P122	audit	protected-selection comparison	protected shell choice
P040	P123	audit	protected-selection comparison	protected shell choice
P040	P125	audit	protected-selection comparison	protected shell choice
P040	P126	audit	protected-selection comparison	protected shell choice
P040	P131	audit	protected-selection comparison	protected shell choice
P040	P137	audit	protected-selection comparison	holdout may not represent deployment
P040	P140	audit	protected-selection comparison	requires a representative protected shell
P040	P142	audit	protected-selection comparison	requires a representative protected shell
P040	P145	audit	protected-selection comparison	holdout may not represent deployment
P041	P029	resilience	hidden-mode consequence awareness	current exposure does not cover every future path
P041	P047	resilience	hidden-mode consequence awareness	current exposure does not cover every future path
P041	P049	resilience	hidden-mode consequence awareness	current exposure does not cover every future path
P041	P080	resilience	hidden-mode consequence awareness	current exposure does not cover every future path
P042	P011	decision	downstream decision alignment	certificate failure is not universal impossibility
P042	P018	decision	downstream decision alignment	declared loss may omit real consequences
P042	P022	audit	downstream decision alignment	holdout may not represent deployment
P042	P024	decision	downstream decision alignment	declared loss may omit real consequences
P042	P025	decision	downstream decision alignment	declared loss may omit real consequences
P042	P027	audit	downstream decision alignment	certificate failure is not universal impossibility
P042	P040	audit	downstream decision alignment	requires a representative protected shell
P042	P043	decision	downstream decision alignment	declared loss may omit real consequences
P042	P046	decision	downstream decision alignment	declared loss may omit real consequences
P042	P047	audit	downstream decision alignment	current exposure does not cover every future path
P042	P048	audit	downstream decision alignment	requires a representative protected shell
P042	P051	audit	downstream decision alignment	holdout may not represent deployment
P042	P053	audit,decision	downstream decision alignment	declared loss may omit real consequences
P042	P055	audit	downstream decision alignment	holdout may not represent deployment
P042	P062	decision	downstream decision alignment	declared loss may omit real consequences
P042	P064	audit	downstream decision alignment	protected shell choice
P042	P066	decision	downstream decision alignment	declared loss may omit real consequences
P042	P069	audit	downstream decision alignment	holdout may not represent deployment
P042	P071	decision	downstream decision alignment	declared loss may omit real consequences
P042	P072	audit	downstream decision alignment	holdout may not represent deployment
P042	P073	decision	downstream decision alignment	certificate must not transfer outside its shell
P042	P075	decision	downstream decision alignment	declared loss may omit real consequences
P042	P078	audit	downstream decision alignment	protected shell choice
P042	P081	audit	downstream decision alignment	requires a representative protected shell
P042	P086	audit	downstream decision alignment	protected shell choice
P042	P090	decision	downstream decision alignment	declared loss may omit real consequences
P042	P091	decision	downstream decision alignment	declared loss may omit real consequences
P042	P092	decision	downstream decision alignment	declared loss may omit real consequences
P042	P093	decision	downstream decision alignment	declared loss may omit real consequences
P042	P094	audit	downstream decision alignment	protected shell choice
P042	P095	audit	downstream decision alignment	requires a representative protected shell
P042	P097	audit	downstream decision alignment	protected shell choice
P042	P098	audit	downstream decision alignment	protected shell choice
P042	P106	audit	downstream decision alignment	holdout may not represent deployment
P042	P107	audit,decision	downstream decision alignment	declared loss may omit real consequences
P042	P113	audit,decision	downstream decision alignment	declared loss may omit real consequences
P042	P122	audit	downstream decision alignment	protected shell choice
P042	P123	audit	downstream decision alignment	protected shell choice
P042	P125	audit	downstream decision alignment	protected shell choice
P042	P126	audit	downstream decision alignment	protected shell choice
P042	P131	audit	downstream decision alignment	protected shell choice
P042	P137	audit	downstream decision alignment	holdout may not represent deployment
P042	P140	audit	downstream decision alignment	requires a representative protected shell
P042	P142	audit	downstream decision alignment	requires a representative protected shell
P042	P145	audit	downstream decision alignment	holdout may not represent deployment
P043	P011	decision	downstream decision alignment	certificate failure is not universal impossibility
P043	P018	decision	downstream decision alignment	declared loss may omit real consequences
P043	P024	decision	downstream decision alignment	declared loss may omit real consequences
P043	P025	decision	downstream decision alignment	declared loss may omit real consequences
P043	P042	decision	downstream decision alignment	declared loss may omit real consequences
P043	P046	decision	downstream decision alignment	declared loss may omit real consequences
P043	P053	decision	downstream decision alignment	declared loss may omit real consequences
P043	P062	decision	downstream decision alignment	declared loss may omit real consequences
P043	P066	decision	downstream decision alignment	declared loss may omit real consequences
P043	P071	decision	downstream decision alignment	declared loss may omit real consequences
P043	P073	decision	downstream decision alignment	certificate must not transfer outside its shell
P043	P075	decision	downstream decision alignment	declared loss may omit real consequences
P043	P090	decision	downstream decision alignment	declared loss may omit real consequences
P043	P091	decision	downstream decision alignment	declared loss may omit real consequences
P043	P092	decision	downstream decision alignment	declared loss may omit real consequences
P043	P093	decision	downstream decision alignment	declared loss may omit real consequences
P043	P107	decision	downstream decision alignment	declared loss may omit real consequences
P043	P113	decision	downstream decision alignment	declared loss may omit real consequences
P044	P020	tipping	fabrication feasibility separation	grid and calibration remain operator-declared
P044	P023	tipping	fabrication feasibility separation	does not establish unmeasured causal assumptions
P044	P026	tipping	fabrication feasibility separation	grid and calibration remain operator-declared
P044	P030	tipping	fabrication feasibility separation	grid and calibration remain operator-declared
P044	P037	tipping	fabrication feasibility separation	certificate must not transfer outside its shell
P044	P045	tipping	fabrication feasibility separation	grid and calibration remain operator-declared
P044	P050	tipping	fabrication feasibility separation	grid and calibration remain operator-declared
P044	P052	tipping	fabrication feasibility separation	grid and calibration remain operator-declared
P044	P056	tipping	fabrication feasibility separation	grid and calibration remain operator-declared
P044	P059	tipping	fabrication feasibility separation	grid and calibration remain operator-declared
P044	P060	tipping	fabrication feasibility separation	grid and calibration remain operator-declared
P044	P062	tipping	fabrication feasibility separation	declared loss may omit real consequences
P044	P063	tipping	fabrication feasibility separation	grid and calibration remain operator-declared
P044	P065	tipping	fabrication feasibility separation	grid and calibration remain operator-declared
P044	P071	tipping	fabrication feasibility separation	declared loss may omit real consequences
P044	P076	tipping	fabrication feasibility separation	declared grid
P044	P082	tipping	fabrication feasibility separation	grid and calibration remain operator-declared
P044	P084	tipping	fabrication feasibility separation	grid and calibration remain operator-declared
P044	P085	tipping	fabrication feasibility separation	grid and calibration remain operator-declared
P044	P087	tipping	fabrication feasibility separation	grid and calibration remain operator-declared
P044	P088	tipping	fabrication feasibility separation	grid and calibration remain operator-declared
P044	P089	tipping	fabrication feasibility separation	grid and calibration remain operator-declared
P044	P091	tipping	fabrication feasibility separation	declared loss may omit real consequences
P044	P092	tipping	fabrication feasibility separation	declared loss may omit real consequences
P044	P093	tipping	fabrication feasibility separation	declared loss may omit real consequences
P044	P108	tipping	fabrication feasibility separation	grid and calibration remain operator-declared
P044	P110	tipping	fabrication feasibility separation	grid and calibration remain operator-declared
P044	P112	tipping	fabrication feasibility separation	grid and calibration remain operator-declared
P044	P114	tipping	fabrication feasibility separation	declared grid
P044	P115	tipping	fabrication feasibility separation	declared grid
P044	P117	tipping	fabrication feasibility separation	declared grid
P044	P119	tipping	fabrication feasibility separation	declared grid
P044	P141	tipping	fabrication feasibility separation	grid and calibration remain operator-declared
P045	P020	tipping	nearest boundary localization	grid and calibration remain operator-declared
P045	P023	tipping	nearest boundary localization	does not establish unmeasured causal assumptions
P045	P026	tipping	nearest boundary localization	grid and calibration remain operator-declared
P045	P030	tipping	nearest boundary localization	grid and calibration remain operator-declared
P045	P037	tipping	nearest boundary localization	certificate must not transfer outside its shell
P045	P044	tipping	nearest boundary localization	grid and calibration remain operator-declared
P045	P050	tipping	nearest boundary localization	grid and calibration remain operator-declared
P045	P052	tipping	nearest boundary localization	grid and calibration remain operator-declared
P045	P056	tipping	nearest boundary localization	grid and calibration remain operator-declared
P045	P059	tipping	nearest boundary localization	grid and calibration remain operator-declared
P045	P060	tipping	nearest boundary localization	grid and calibration remain operator-declared
P045	P062	tipping	nearest boundary localization	declared loss may omit real consequences
P045	P063	tipping	nearest boundary localization	grid and calibration remain operator-declared
P045	P065	tipping	nearest boundary localization	grid and calibration remain operator-declared
P045	P071	tipping	nearest boundary localization	declared loss may omit real consequences
P045	P076	tipping	nearest boundary localization	declared grid
P045	P082	tipping	nearest boundary localization	grid and calibration remain operator-declared
P045	P084	tipping	nearest boundary localization	grid and calibration remain operator-declared
P045	P085	tipping	nearest boundary localization	grid and calibration remain operator-declared
P045	P087	tipping	nearest boundary localization	grid and calibration remain operator-declared
P045	P088	tipping	nearest boundary localization	grid and calibration remain operator-declared
P045	P089	tipping	nearest boundary localization	grid and calibration remain operator-declared
P045	P091	tipping	nearest boundary localization	declared loss may omit real consequences
P045	P092	tipping	nearest boundary localization	declared loss may omit real consequences
P045	P093	tipping	nearest boundary localization	declared loss may omit real consequences
P045	P108	tipping	nearest boundary localization	grid and calibration remain operator-declared
P045	P110	tipping	nearest boundary localization	grid and calibration remain operator-declared
P045	P112	tipping	nearest boundary localization	grid and calibration remain operator-declared
P045	P114	tipping	nearest boundary localization	declared grid
P045	P115	tipping	nearest boundary localization	declared grid
P045	P117	tipping	nearest boundary localization	declared grid
P045	P119	tipping	nearest boundary localization	declared grid
P045	P141	tipping	nearest boundary localization	grid and calibration remain operator-declared
P046	P011	decision	downstream decision alignment	certificate failure is not universal impossibility
P046	P018	decision	downstream decision alignment	declared loss may omit real consequences
P046	P024	decision	downstream decision alignment	declared loss may omit real consequences
P046	P025	decision	downstream decision alignment	declared loss may omit real consequences
P046	P042	decision	downstream decision alignment	declared loss may omit real consequences
P046	P043	decision	downstream decision alignment	declared loss may omit real consequences
P046	P053	decision	downstream decision alignment	declared loss may omit real consequences
P046	P062	decision	downstream decision alignment	declared loss may omit real consequences
P046	P066	decision	downstream decision alignment	declared loss may omit real consequences
P046	P071	decision	downstream decision alignment	declared loss may omit real consequences
P046	P073	decision	downstream decision alignment	certificate must not transfer outside its shell
P046	P075	decision	downstream decision alignment	declared loss may omit real consequences
P046	P090	decision	downstream decision alignment	declared loss may omit real consequences
P046	P091	decision	downstream decision alignment	declared loss may omit real consequences
P046	P092	decision	downstream decision alignment	declared loss may omit real consequences
P046	P093	decision	downstream decision alignment	declared loss may omit real consequences
P046	P107	decision	downstream decision alignment	declared loss may omit real consequences
P046	P113	decision	downstream decision alignment	declared loss may omit real consequences
P047	P022	audit	hidden-mode consequence awareness	holdout may not represent deployment
P047	P027	audit	hidden-mode consequence awareness	certificate failure is not universal impossibility
P047	P029	resilience	hidden-mode consequence awareness	current exposure does not cover every future path
P047	P040	audit	hidden-mode consequence awareness	requires a representative protected shell
P047	P041	resilience	hidden-mode consequence awareness	current exposure does not cover every future path
P047	P042	audit	hidden-mode consequence awareness	declared loss may omit real consequences
P047	P048	audit	hidden-mode consequence awareness	requires a representative protected shell
P047	P049	resilience	hidden-mode consequence awareness	current exposure does not cover every future path
P047	P051	audit	hidden-mode consequence awareness	holdout may not represent deployment
P047	P053	audit	hidden-mode consequence awareness	declared loss may omit real consequences
P047	P055	audit	hidden-mode consequence awareness	holdout may not represent deployment
P047	P064	audit	hidden-mode consequence awareness	protected shell choice
P047	P069	audit	hidden-mode consequence awareness	holdout may not represent deployment
P047	P072	audit	hidden-mode consequence awareness	holdout may not represent deployment
P047	P078	audit	hidden-mode consequence awareness	protected shell choice
P047	P080	resilience	hidden-mode consequence awareness	current exposure does not cover every future path
P047	P081	audit	hidden-mode consequence awareness	requires a representative protected shell
P047	P086	audit	hidden-mode consequence awareness	protected shell choice
P047	P094	audit	hidden-mode consequence awareness	protected shell choice
P047	P095	audit	hidden-mode consequence awareness	requires a representative protected shell
P047	P097	audit	hidden-mode consequence awareness	protected shell choice
P047	P098	audit	hidden-mode consequence awareness	protected shell choice
P047	P106	audit	hidden-mode consequence awareness	holdout may not represent deployment
P047	P107	audit	hidden-mode consequence awareness	declared loss may omit real consequences
P047	P113	audit	hidden-mode consequence awareness	declared loss may omit real consequences
P047	P122	audit	hidden-mode consequence awareness	protected shell choice
P047	P123	audit	hidden-mode consequence awareness	protected shell choice
P047	P125	audit	hidden-mode consequence awareness	protected shell choice
P047	P126	audit	hidden-mode consequence awareness	protected shell choice
P047	P131	audit	hidden-mode consequence awareness	protected shell choice
P047	P137	audit	hidden-mode consequence awareness	holdout may not represent deployment
P047	P140	audit	hidden-mode consequence awareness	requires a representative protected shell
P047	P142	audit	hidden-mode consequence awareness	requires a representative protected shell
P047	P145	audit	hidden-mode consequence awareness	holdout may not represent deployment
P048	P022	audit	protected-selection comparison	holdout may not represent deployment
P048	P027	audit	protected-selection comparison	certificate failure is not universal impossibility
P048	P040	audit	protected-selection comparison	requires a representative protected shell
P048	P042	audit	protected-selection comparison	declared loss may omit real consequences
P048	P047	audit	protected-selection comparison	current exposure does not cover every future path
P048	P051	audit	protected-selection comparison	holdout may not represent deployment
P048	P053	audit	protected-selection comparison	declared loss may omit real consequences
P048	P055	audit	protected-selection comparison	holdout may not represent deployment
P048	P064	audit	protected-selection comparison	protected shell choice
P048	P069	audit	protected-selection comparison	holdout may not represent deployment
P048	P072	audit	protected-selection comparison	holdout may not represent deployment
P048	P078	audit	protected-selection comparison	protected shell choice
P048	P081	audit	protected-selection comparison	requires a representative protected shell
P048	P086	audit	protected-selection comparison	protected shell choice
P048	P094	audit	protected-selection comparison	protected shell choice
P048	P095	audit	protected-selection comparison	requires a representative protected shell
P048	P097	audit	protected-selection comparison	protected shell choice
P048	P098	audit	protected-selection comparison	protected shell choice
P048	P106	audit	protected-selection comparison	holdout may not represent deployment
P048	P107	audit	protected-selection comparison	declared loss may omit real consequences
P048	P113	audit	protected-selection comparison	declared loss may omit real consequences
P048	P122	audit	protected-selection comparison	protected shell choice
P048	P123	audit	protected-selection comparison	protected shell choice
P048	P125	audit	protected-selection comparison	protected shell choice
P048	P126	audit	protected-selection comparison	protected shell choice
P048	P131	audit	protected-selection comparison	protected shell choice
P048	P137	audit	protected-selection comparison	holdout may not represent deployment
P048	P140	audit	protected-selection comparison	requires a representative protected shell
P048	P142	audit	protected-selection comparison	requires a representative protected shell
P048	P145	audit	protected-selection comparison	holdout may not represent deployment
P049	P029	resilience	hidden-mode consequence awareness	current exposure does not cover every future path
P049	P041	resilience	hidden-mode consequence awareness	current exposure does not cover every future path
P049	P047	resilience	hidden-mode consequence awareness	current exposure does not cover every future path
P049	P080	resilience	hidden-mode consequence awareness	current exposure does not cover every future path
P050	P020	tipping	nearest boundary localization	grid and calibration remain operator-declared
P050	P023	tipping	nearest boundary localization	does not establish unmeasured causal assumptions
P050	P026	tipping	nearest boundary localization	grid and calibration remain operator-declared
P050	P030	tipping	nearest boundary localization	grid and calibration remain operator-declared
P050	P037	tipping	nearest boundary localization	certificate must not transfer outside its shell
P050	P044	tipping	nearest boundary localization	grid and calibration remain operator-declared
P050	P045	tipping	nearest boundary localization	grid and calibration remain operator-declared
P050	P052	tipping	nearest boundary localization	grid and calibration remain operator-declared
P050	P056	tipping	nearest boundary localization	grid and calibration remain operator-declared
P050	P059	tipping	nearest boundary localization	grid and calibration remain operator-declared
P050	P060	tipping	nearest boundary localization	grid and calibration remain operator-declared
P050	P062	tipping	nearest boundary localization	declared loss may omit real consequences
P050	P063	tipping	nearest boundary localization	grid and calibration remain operator-declared
P050	P065	tipping	nearest boundary localization	grid and calibration remain operator-declared
P050	P071	tipping	nearest boundary localization	declared loss may omit real consequences
P050	P076	tipping	nearest boundary localization	declared grid
P050	P082	tipping	nearest boundary localization	grid and calibration remain operator-declared
P050	P084	tipping	nearest boundary localization	grid and calibration remain operator-declared
P050	P085	tipping	nearest boundary localization	grid and calibration remain operator-declared
P050	P087	tipping	nearest boundary localization	grid and calibration remain operator-declared
P050	P088	tipping	nearest boundary localization	grid and calibration remain operator-declared
P050	P089	tipping	nearest boundary localization	grid and calibration remain operator-declared
P050	P091	tipping	nearest boundary localization	declared loss may omit real consequences
P050	P092	tipping	nearest boundary localization	declared loss may omit real consequences
P050	P093	tipping	nearest boundary localization	declared loss may omit real consequences
P050	P108	tipping	nearest boundary localization	grid and calibration remain operator-declared
P050	P109	conservation	nearest boundary localization	channel model may be misspecified
P050	P110	tipping	nearest boundary localization	grid and calibration remain operator-declared
P050	P112	tipping	nearest boundary localization	grid and calibration remain operator-declared
P050	P114	tipping	nearest boundary localization	declared grid
P050	P115	tipping	nearest boundary localization	declared grid
P050	P117	tipping	nearest boundary localization	declared grid
P050	P119	tipping	nearest boundary localization	declared grid
P050	P141	tipping	nearest boundary localization	grid and calibration remain operator-declared
P057	P009	acquisition	cost-aware measurement choice	channel model may be misspecified
P057	P021	acquisition,information	cost-aware measurement choice	channel model may be misspecified
P057	P054	acquisition	cost-aware measurement choice	certificate must not transfer outside its shell
P057	P070	acquisition,information	cost-aware measurement choice	channel model may be misspecified
P057	P074	acquisition,information	cost-aware measurement choice	channel model may be misspecified
P057	P079	acquisition,information	cost-aware measurement choice	channel model may be misspecified
P057	P083	acquisition	cost-aware measurement choice	channel model may be misspecified
P057	P096	acquisition,information	cost-aware measurement choice	channel model may be misspecified
P057	P109	acquisition,information	cost-aware measurement choice	channel model may be misspecified
P057	P111	acquisition	cost-aware measurement choice	channel model may be misspecified
P057	P136	acquisition,information	cost-aware measurement choice	channel model may be misspecified
P057	P138	acquisition,information	cost-aware measurement choice	channel model may be misspecified
P057	P144	acquisition	cost-aware measurement choice	channel model may be misspecified
P058	P031	liquidity	capacity-constrained funding logic	financial/legal eligibility remains external
P058	P111	liquidity	capacity-constrained funding logic	channel model may be misspecified
P058	P143	liquidity	capacity-constrained funding logic	certificate failure is not universal impossibility
P059	P020	tipping	nearest boundary localization	grid and calibration remain operator-declared
P059	P023	tipping	nearest boundary localization	does not establish unmeasured causal assumptions
P059	P026	tipping	nearest boundary localization	grid and calibration remain operator-declared
P059	P030	tipping	nearest boundary localization	grid and calibration remain operator-declared
P059	P037	tipping	nearest boundary localization	certificate must not transfer outside its shell
P059	P044	tipping	nearest boundary localization	grid and calibration remain operator-declared
P059	P045	tipping	nearest boundary localization	grid and calibration remain operator-declared
P059	P050	tipping	nearest boundary localization	grid and calibration remain operator-declared
P059	P052	tipping	nearest boundary localization	grid and calibration remain operator-declared
P059	P056	tipping	nearest boundary localization	grid and calibration remain operator-declared
P059	P060	tipping	nearest boundary localization	grid and calibration remain operator-declared
P059	P062	tipping	nearest boundary localization	declared loss may omit real consequences
P059	P063	tipping	nearest boundary localization	grid and calibration remain operator-declared
P059	P065	tipping	nearest boundary localization	grid and calibration remain operator-declared
P059	P071	tipping	nearest boundary localization	declared loss may omit real consequences
P059	P076	tipping	nearest boundary localization	declared grid
P059	P082	tipping	nearest boundary localization	grid and calibration remain operator-declared
P059	P084	tipping	nearest boundary localization	grid and calibration remain operator-declared
P059	P085	tipping	nearest boundary localization	grid and calibration remain operator-declared
P059	P087	tipping	nearest boundary localization	grid and calibration remain operator-declared
P059	P088	tipping	nearest boundary localization	grid and calibration remain operator-declared
P059	P089	tipping	nearest boundary localization	grid and calibration remain operator-declared
P059	P091	tipping	nearest boundary localization	declared loss may omit real consequences
P059	P092	tipping	nearest boundary localization	declared loss may omit real consequences
P059	P093	tipping	nearest boundary localization	declared loss may omit real consequences
P059	P108	tipping	nearest boundary localization	grid and calibration remain operator-declared
P059	P110	tipping	nearest boundary localization	grid and calibration remain operator-declared
P059	P112	tipping	nearest boundary localization	grid and calibration remain operator-declared
P059	P114	tipping	nearest boundary localization	declared grid
P059	P115	tipping	nearest boundary localization	declared grid
P059	P117	tipping	nearest boundary localization	declared grid
P059	P119	tipping	nearest boundary localization	declared grid
P059	P141	tipping	nearest boundary localization	grid and calibration remain operator-declared
P060	P020	tipping	nearest boundary localization	grid and calibration remain operator-declared
P060	P023	tipping	nearest boundary localization	does not establish unmeasured causal assumptions
P060	P026	tipping	nearest boundary localization	grid and calibration remain operator-declared
P060	P030	tipping	nearest boundary localization	grid and calibration remain operator-declared
P060	P037	tipping	nearest boundary localization	certificate must not transfer outside its shell
P060	P044	tipping	nearest boundary localization	grid and calibration remain operator-declared
P060	P045	tipping	nearest boundary localization	grid and calibration remain operator-declared
P060	P050	tipping	nearest boundary localization	grid and calibration remain operator-declared
P060	P052	tipping	nearest boundary localization	grid and calibration remain operator-declared
P060	P056	tipping	nearest boundary localization	grid and calibration remain operator-declared
P060	P059	tipping	nearest boundary localization	grid and calibration remain operator-declared
P060	P062	tipping	nearest boundary localization	declared loss may omit real consequences
P060	P063	tipping	nearest boundary localization	grid and calibration remain operator-declared
P060	P065	tipping	nearest boundary localization	grid and calibration remain operator-declared
P060	P071	tipping	nearest boundary localization	declared loss may omit real consequences
P060	P076	tipping	nearest boundary localization	declared grid
P060	P082	tipping	nearest boundary localization	grid and calibration remain operator-declared
P060	P084	tipping	nearest boundary localization	grid and calibration remain operator-declared
P060	P085	tipping	nearest boundary localization	grid and calibration remain operator-declared
P060	P087	tipping	nearest boundary localization	grid and calibration remain operator-declared
P060	P088	tipping	nearest boundary localization	grid and calibration remain operator-declared
P060	P089	tipping	nearest boundary localization	grid and calibration remain operator-declared
P060	P091	tipping	nearest boundary localization	declared loss may omit real consequences
P060	P092	tipping	nearest boundary localization	declared loss may omit real consequences
P060	P093	tipping	nearest boundary localization	declared loss may omit real consequences
P060	P108	tipping	nearest boundary localization	grid and calibration remain operator-declared
P060	P110	tipping	nearest boundary localization	grid and calibration remain operator-declared
P060	P112	tipping	nearest boundary localization	grid and calibration remain operator-declared
P060	P114	tipping	nearest boundary localization	declared grid
P060	P115	tipping	nearest boundary localization	declared grid
P060	P117	tipping	nearest boundary localization	declared grid
P060	P119	tipping	nearest boundary localization	declared grid
P060	P141	tipping	nearest boundary localization	grid and calibration remain operator-declared
P061	P001	selection	feasibility-gated selection	declared score
P061	P002	selection	feasibility-gated selection	declared score
P061	P003	selection	feasibility-gated selection	declared score
P061	P004	selection	feasibility-gated selection	declared score
P061	P005	selection	feasibility-gated selection	declared score
P061	P006	selection	feasibility-gated selection	declared score
P061	P007	selection	feasibility-gated selection	declared score
P061	P008	selection	feasibility-gated selection	declared score
P061	P012	selection	feasibility-gated selection	declared score
P061	P013	selection	feasibility-gated selection	declared score
P061	P014	selection	feasibility-gated selection	declared score
P061	P015	selection	feasibility-gated selection	declared score
P061	P016	selection	feasibility-gated selection	declared score
P061	P017	selection	feasibility-gated selection	declared score
P061	P019	selection	feasibility-gated selection	declared score
P061	P028	selection	feasibility-gated selection	declared score
P061	P034	selection	feasibility-gated selection	declared score
P061	P035	selection	feasibility-gated selection	declared score
P061	P038	selection	feasibility-gated selection	declared score
P061	P039	selection	feasibility-gated selection	declared score
P061	P067	selection	feasibility-gated selection	declared score
P061	P068	selection	feasibility-gated selection	declared score
P061	P077	selection	feasibility-gated selection	declared score
P061	P100	selection	feasibility-gated selection	declared score
P061	P101	selection	feasibility-gated selection	declared score
P061	P102	selection	feasibility-gated selection	declared score
P061	P103	selection	feasibility-gated selection	declared score
P061	P104	selection	feasibility-gated selection	declared score
P061	P105	selection	feasibility-gated selection	declared score
P061	P116	selection	feasibility-gated selection	declared score
P061	P118	selection	feasibility-gated selection	declared score
P061	P120	selection	feasibility-gated selection	declared score
P061	P121	selection	feasibility-gated selection	declared score
P061	P124	selection	feasibility-gated selection	declared score
P061	P127	selection	feasibility-gated selection	declared score
P061	P128	selection	feasibility-gated selection	declared score
P061	P129	selection	feasibility-gated selection	declared score
P061	P130	selection	feasibility-gated selection	declared score
P061	P132	selection	feasibility-gated selection	declared score
P061	P133	selection	feasibility-gated selection	declared score
P061	P134	selection	feasibility-gated selection	declared score
P061	P139	selection	feasibility-gated selection	declared score
P062	P011	decision	downstream decision alignment	certificate failure is not universal impossibility
P062	P018	decision	downstream decision alignment	declared loss may omit real consequences
P062	P020	tipping	downstream decision alignment	grid and calibration remain operator-declared
P062	P023	tipping	downstream decision alignment	does not establish unmeasured causal assumptions
P062	P024	decision	downstream decision alignment	declared loss may omit real consequences
P062	P025	decision	downstream decision alignment	declared loss may omit real consequences
P062	P026	tipping	downstream decision alignment	grid and calibration remain operator-declared
P062	P030	tipping	downstream decision alignment	grid and calibration remain operator-declared
P062	P037	tipping	downstream decision alignment	certificate must not transfer outside its shell
P062	P042	decision	downstream decision alignment	declared loss may omit real consequences
P062	P043	decision	downstream decision alignment	declared loss may omit real consequences
P062	P044	tipping	downstream decision alignment	grid and calibration remain operator-declared
P062	P045	tipping	downstream decision alignment	grid and calibration remain operator-declared
P062	P046	decision	downstream decision alignment	declared loss may omit real consequences
P062	P050	tipping	downstream decision alignment	grid and calibration remain operator-declared
P062	P052	tipping	downstream decision alignment	grid and calibration remain operator-declared
P062	P053	decision	downstream decision alignment	declared loss may omit real consequences
P062	P056	tipping	downstream decision alignment	grid and calibration remain operator-declared
P062	P059	tipping	downstream decision alignment	grid and calibration remain operator-declared
P062	P060	tipping	downstream decision alignment	grid and calibration remain operator-declared
P062	P063	tipping	downstream decision alignment	grid and calibration remain operator-declared
P062	P065	tipping	downstream decision alignment	grid and calibration remain operator-declared
P062	P066	decision	downstream decision alignment	declared loss may omit real consequences
P062	P071	decision,tipping	downstream decision alignment	declared loss may omit real consequences
P062	P073	decision	downstream decision alignment	certificate must not transfer outside its shell
P062	P075	decision	downstream decision alignment	declared loss may omit real consequences
P062	P076	tipping	downstream decision alignment	declared grid
P062	P082	tipping	downstream decision alignment	grid and calibration remain operator-declared
P062	P084	tipping	downstream decision alignment	grid and calibration remain operator-declared
P062	P085	tipping	downstream decision alignment	grid and calibration remain operator-declared
P062	P087	tipping	downstream decision alignment	grid and calibration remain operator-declared
P062	P088	tipping	downstream decision alignment	grid and calibration remain operator-declared
P062	P089	tipping	downstream decision alignment	grid and calibration remain operator-declared
P062	P090	decision	downstream decision alignment	declared loss may omit real consequences
P062	P091	decision,tipping	downstream decision alignment	declared loss may omit real consequences
P062	P092	decision,tipping	downstream decision alignment	declared loss may omit real consequences
P062	P093	decision,tipping	downstream decision alignment	declared loss may omit real consequences
P062	P107	decision	downstream decision alignment	declared loss may omit real consequences
P062	P108	tipping	downstream decision alignment	grid and calibration remain operator-declared
P062	P110	tipping	downstream decision alignment	grid and calibration remain operator-declared
P062	P112	tipping	downstream decision alignment	grid and calibration remain operator-declared
P062	P113	decision	downstream decision alignment	declared loss may omit real consequences
P062	P114	tipping	downstream decision alignment	declared grid
P062	P115	tipping	downstream decision alignment	declared grid
P062	P117	tipping	downstream decision alignment	declared grid
P062	P119	tipping	downstream decision alignment	declared grid
P062	P141	tipping	downstream decision alignment	grid and calibration remain operator-declared
P063	P020	tipping	nearest boundary localization	grid and calibration remain operator-declared
P063	P023	tipping	nearest boundary localization	does not establish unmeasured causal assumptions
P063	P026	tipping	nearest boundary localization	grid and calibration remain operator-declared
P063	P030	tipping	nearest boundary localization	grid and calibration remain operator-declared
P063	P037	tipping	nearest boundary localization	certificate must not transfer outside its shell
P063	P044	tipping	nearest boundary localization	grid and calibration remain operator-declared
P063	P045	tipping	nearest boundary localization	grid and calibration remain operator-declared
P063	P050	tipping	nearest boundary localization	grid and calibration remain operator-declared
P063	P052	tipping	nearest boundary localization	grid and calibration remain operator-declared
P063	P056	tipping	nearest boundary localization	grid and calibration remain operator-declared
P063	P059	tipping	nearest boundary localization	grid and calibration remain operator-declared
P063	P060	tipping	nearest boundary localization	grid and calibration remain operator-declared
P063	P062	tipping	nearest boundary localization	declared loss may omit real consequences
P063	P065	tipping	nearest boundary localization	grid and calibration remain operator-declared
P063	P071	tipping	nearest boundary localization	declared loss may omit real consequences
P063	P076	tipping	nearest boundary localization	declared grid
P063	P082	tipping	nearest boundary localization	grid and calibration remain operator-declared
P063	P084	tipping	nearest boundary localization	grid and calibration remain operator-declared
P063	P085	tipping	nearest boundary localization	grid and calibration remain operator-declared
P063	P087	tipping	nearest boundary localization	grid and calibration remain operator-declared
P063	P088	tipping	nearest boundary localization	grid and calibration remain operator-declared
P063	P089	tipping	nearest boundary localization	grid and calibration remain operator-declared
P063	P091	tipping	nearest boundary localization	declared loss may omit real consequences
P063	P092	tipping	nearest boundary localization	declared loss may omit real consequences
P063	P093	tipping	nearest boundary localization	declared loss may omit real consequences
P063	P108	tipping	nearest boundary localization	grid and calibration remain operator-declared
P063	P110	tipping	nearest boundary localization	grid and calibration remain operator-declared
P063	P112	tipping	nearest boundary localization	grid and calibration remain operator-declared
P063	P114	tipping	nearest boundary localization	declared grid
P063	P115	tipping	nearest boundary localization	declared grid
P063	P117	tipping	nearest boundary localization	declared grid
P063	P119	tipping	nearest boundary localization	declared grid
P063	P141	tipping	nearest boundary localization	grid and calibration remain operator-declared
P064	P022	audit	protected comparison	holdout may not represent deployment
P064	P027	audit	protected comparison	certificate failure is not universal impossibility
P064	P040	audit	protected comparison	requires a representative protected shell
P064	P042	audit	protected comparison	declared loss may omit real consequences
P064	P047	audit	protected comparison	current exposure does not cover every future path
P064	P048	audit	protected comparison	requires a representative protected shell
P064	P051	audit	protected comparison	holdout may not represent deployment
P064	P053	audit	protected comparison	declared loss may omit real consequences
P064	P055	audit	protected comparison	holdout may not represent deployment
P064	P069	audit	protected comparison	holdout may not represent deployment
P064	P072	audit	protected comparison	holdout may not represent deployment
P064	P078	audit	protected comparison	protected shell choice
P064	P081	audit	protected comparison	requires a representative protected shell
P064	P086	audit	protected comparison	protected shell choice
P064	P094	audit	protected comparison	protected shell choice
P064	P095	audit	protected comparison	requires a representative protected shell
P064	P097	audit	protected comparison	protected shell choice
P064	P098	audit	protected comparison	protected shell choice
P064	P106	audit	protected comparison	holdout may not represent deployment
P064	P107	audit	protected comparison	declared loss may omit real consequences
P064	P113	audit	protected comparison	declared loss may omit real consequences
P064	P122	audit	protected comparison	protected shell choice
P064	P123	audit	protected comparison	protected shell choice
P064	P125	audit	protected comparison	protected shell choice
P064	P126	audit	protected comparison	protected shell choice
P064	P131	audit	protected comparison	protected shell choice
P064	P137	audit	protected comparison	holdout may not represent deployment
P064	P140	audit	protected comparison	requires a representative protected shell
P064	P142	audit	protected comparison	requires a representative protected shell
P064	P145	audit	protected comparison	holdout may not represent deployment
P065	P020	tipping	nearest boundary localization	grid and calibration remain operator-declared
P065	P023	tipping	nearest boundary localization	does not establish unmeasured causal assumptions
P065	P026	tipping	nearest boundary localization	grid and calibration remain operator-declared
P065	P030	tipping	nearest boundary localization	grid and calibration remain operator-declared
P065	P032	support	nearest boundary localization	support diagnostics do not create missing observations
P065	P037	tipping	nearest boundary localization	certificate must not transfer outside its shell
P065	P044	tipping	nearest boundary localization	grid and calibration remain operator-declared
P065	P045	tipping	nearest boundary localization	grid and calibration remain operator-declared
P065	P050	tipping	nearest boundary localization	grid and calibration remain operator-declared
P065	P052	tipping	nearest boundary localization	grid and calibration remain operator-declared
P065	P056	tipping	nearest boundary localization	grid and calibration remain operator-declared
P065	P059	tipping	nearest boundary localization	grid and calibration remain operator-declared
P065	P060	tipping	nearest boundary localization	grid and calibration remain operator-declared
P065	P062	tipping	nearest boundary localization	declared loss may omit real consequences
P065	P063	tipping	nearest boundary localization	grid and calibration remain operator-declared
P065	P071	tipping	nearest boundary localization	declared loss may omit real consequences
P065	P076	tipping	nearest boundary localization	declared grid
P065	P082	tipping	nearest boundary localization	grid and calibration remain operator-declared
P065	P084	tipping	nearest boundary localization	grid and calibration remain operator-declared
P065	P085	tipping	nearest boundary localization	grid and calibration remain operator-declared
P065	P087	tipping	nearest boundary localization	grid and calibration remain operator-declared
P065	P088	tipping	nearest boundary localization	grid and calibration remain operator-declared
P065	P089	tipping	nearest boundary localization	grid and calibration remain operator-declared
P065	P090	support	nearest boundary localization	declared loss may omit real consequences
P065	P091	tipping	nearest boundary localization	declared loss may omit real consequences
P065	P092	tipping	nearest boundary localization	declared loss may omit real consequences
P065	P093	tipping	nearest boundary localization	declared loss may omit real consequences
P065	P095	support	nearest boundary localization	requires a representative protected shell
P065	P108	tipping	nearest boundary localization	grid and calibration remain operator-declared
P065	P110	tipping	nearest boundary localization	grid and calibration remain operator-declared
P065	P112	tipping	nearest boundary localization	grid and calibration remain operator-declared
P065	P114	tipping	nearest boundary localization	declared grid
P065	P115	tipping	nearest boundary localization	declared grid
P065	P117	tipping	nearest boundary localization	declared grid
P065	P119	tipping	nearest boundary localization	declared grid
P065	P140	support	nearest boundary localization	requires a representative protected shell
P065	P141	tipping	nearest boundary localization	grid and calibration remain operator-declared
P066	P011	decision	downstream decision alignment	certificate failure is not universal impossibility
P066	P018	decision	downstream decision alignment	declared loss may omit real consequences
P066	P024	decision	downstream decision alignment	declared loss may omit real consequences
P066	P025	decision	downstream decision alignment	declared loss may omit real consequences
P066	P042	decision	downstream decision alignment	declared loss may omit real consequences
P066	P043	decision	downstream decision alignment	declared loss may omit real consequences
P066	P046	decision	downstream decision alignment	declared loss may omit real consequences
P066	P053	decision	downstream decision alignment	declared loss may omit real consequences
P066	P062	decision	downstream decision alignment	declared loss may omit real consequences
P066	P071	decision	downstream decision alignment	declared loss may omit real consequences
P066	P073	decision	downstream decision alignment	certificate must not transfer outside its shell
P066	P075	decision	downstream decision alignment	declared loss may omit real consequences
P066	P090	decision	downstream decision alignment	declared loss may omit real consequences
P066	P091	decision	downstream decision alignment	declared loss may omit real consequences
P066	P092	decision	downstream decision alignment	declared loss may omit real consequences
P066	P093	decision	downstream decision alignment	declared loss may omit real consequences
P066	P107	decision	downstream decision alignment	declared loss may omit real consequences
P066	P113	decision	downstream decision alignment	declared loss may omit real consequences
P067	P001	selection	feasibility-gated selection	declared score
P067	P002	selection	feasibility-gated selection	declared score
P067	P003	selection	feasibility-gated selection	declared score
P067	P004	selection	feasibility-gated selection	declared score
P067	P005	selection	feasibility-gated selection	declared score
P067	P006	selection	feasibility-gated selection	declared score
P067	P007	selection	feasibility-gated selection	declared score
P067	P008	selection	feasibility-gated selection	declared score
P067	P012	selection	feasibility-gated selection	declared score
P067	P013	selection	feasibility-gated selection	declared score
P067	P014	selection	feasibility-gated selection	declared score
P067	P015	selection	feasibility-gated selection	declared score
P067	P016	selection	feasibility-gated selection	declared score
P067	P017	selection	feasibility-gated selection	declared score
P067	P019	selection	feasibility-gated selection	declared score
P067	P028	selection	feasibility-gated selection	declared score
P067	P034	selection	feasibility-gated selection	declared score
P067	P035	selection	feasibility-gated selection	declared score
P067	P038	selection	feasibility-gated selection	declared score
P067	P039	selection	feasibility-gated selection	declared score
P067	P061	selection	feasibility-gated selection	declared score
P067	P068	selection	feasibility-gated selection	declared score
P067	P077	selection	feasibility-gated selection	declared score
P067	P100	selection	feasibility-gated selection	declared score
P067	P101	selection	feasibility-gated selection	declared score
P067	P102	selection	feasibility-gated selection	declared score
P067	P103	selection	feasibility-gated selection	declared score
P067	P104	selection	feasibility-gated selection	declared score
P067	P105	selection	feasibility-gated selection	declared score
P067	P116	selection	feasibility-gated selection	declared score
P067	P118	selection	feasibility-gated selection	declared score
P067	P120	selection	feasibility-gated selection	declared score
P067	P121	selection	feasibility-gated selection	declared score
P067	P124	selection	feasibility-gated selection	declared score
P067	P127	selection	feasibility-gated selection	declared score
P067	P128	selection	feasibility-gated selection	declared score
P067	P129	selection	feasibility-gated selection	declared score
P067	P130	selection	feasibility-gated selection	declared score
P067	P132	selection	feasibility-gated selection	declared score
P067	P133	selection	feasibility-gated selection	declared score
P067	P134	selection	feasibility-gated selection	declared score
P067	P139	selection	feasibility-gated selection	declared score
P068	P001	selection	feasibility-gated selection	declared score
P068	P002	selection	feasibility-gated selection	declared score
P068	P003	selection	feasibility-gated selection	declared score
P068	P004	selection	feasibility-gated selection	declared score
P068	P005	selection	feasibility-gated selection	declared score
P068	P006	selection	feasibility-gated selection	declared score
P068	P007	selection	feasibility-gated selection	declared score
P068	P008	selection	feasibility-gated selection	declared score
P068	P012	selection	feasibility-gated selection	declared score
P068	P013	selection	feasibility-gated selection	declared score
P068	P014	selection	feasibility-gated selection	declared score
P068	P015	selection	feasibility-gated selection	declared score
P068	P016	selection	feasibility-gated selection	declared score
P068	P017	selection	feasibility-gated selection	declared score
P068	P019	selection	feasibility-gated selection	declared score
P068	P028	selection	feasibility-gated selection	declared score
P068	P034	selection	feasibility-gated selection	declared score
P068	P035	selection	feasibility-gated selection	declared score
P068	P038	selection	feasibility-gated selection	declared score
P068	P039	selection	feasibility-gated selection	declared score
P068	P061	selection	feasibility-gated selection	declared score
P068	P067	selection	feasibility-gated selection	declared score
P068	P077	selection	feasibility-gated selection	declared score
P068	P100	selection	feasibility-gated selection	declared score
P068	P101	selection	feasibility-gated selection	declared score
P068	P102	selection	feasibility-gated selection	declared score
P068	P103	selection	feasibility-gated selection	declared score
P068	P104	selection	feasibility-gated selection	declared score
P068	P105	selection	feasibility-gated selection	declared score
P068	P116	selection	feasibility-gated selection	declared score
P068	P118	selection	feasibility-gated selection	declared score
P068	P120	selection	feasibility-gated selection	declared score
P068	P121	selection	feasibility-gated selection	declared score
P068	P124	selection	feasibility-gated selection	declared score
P068	P127	selection	feasibility-gated selection	declared score
P068	P128	selection	feasibility-gated selection	declared score
P068	P129	selection	feasibility-gated selection	declared score
P068	P130	selection	feasibility-gated selection	declared score
P068	P132	selection	feasibility-gated selection	declared score
P068	P133	selection	feasibility-gated selection	declared score
P068	P134	selection	feasibility-gated selection	declared score
P068	P139	selection	feasibility-gated selection	declared score
P075	P011	decision	downstream decision alignment	certificate failure is not universal impossibility
P075	P018	decision	downstream decision alignment	declared loss may omit real consequences
P075	P024	decision	downstream decision alignment	declared loss may omit real consequences
P075	P025	decision	downstream decision alignment	declared loss may omit real consequences
P075	P042	decision	downstream decision alignment	declared loss may omit real consequences
P075	P043	decision	downstream decision alignment	declared loss may omit real consequences
P075	P046	decision	downstream decision alignment	declared loss may omit real consequences
P075	P053	decision	downstream decision alignment	declared loss may omit real consequences
P075	P062	decision	downstream decision alignment	declared loss may omit real consequences
P075	P066	decision	downstream decision alignment	declared loss may omit real consequences
P075	P071	decision	downstream decision alignment	declared loss may omit real consequences
P075	P073	decision	downstream decision alignment	certificate must not transfer outside its shell
P075	P090	decision	downstream decision alignment	declared loss may omit real consequences
P075	P091	decision	downstream decision alignment	declared loss may omit real consequences
P075	P092	decision	downstream decision alignment	declared loss may omit real consequences
P075	P093	decision	downstream decision alignment	declared loss may omit real consequences
P075	P107	decision	downstream decision alignment	declared loss may omit real consequences
P075	P113	decision	downstream decision alignment	declared loss may omit real consequences
P076	P020	tipping	boundary search	grid and calibration remain operator-declared
P076	P023	tipping	boundary search	does not establish unmeasured causal assumptions
P076	P026	tipping	boundary search	grid and calibration remain operator-declared
P076	P030	tipping	boundary search	grid and calibration remain operator-declared
P076	P037	tipping	boundary search	certificate must not transfer outside its shell
P076	P044	tipping	boundary search	grid and calibration remain operator-declared
P076	P045	tipping	boundary search	grid and calibration remain operator-declared
P076	P050	tipping	boundary search	grid and calibration remain operator-declared
P076	P052	tipping	boundary search	grid and calibration remain operator-declared
P076	P056	tipping	boundary search	grid and calibration remain operator-declared
P076	P059	tipping	boundary search	grid and calibration remain operator-declared
P076	P060	tipping	boundary search	grid and calibration remain operator-declared
P076	P062	tipping	boundary search	declared loss may omit real consequences
P076	P063	tipping	boundary search	grid and calibration remain operator-declared
P076	P065	tipping	boundary search	grid and calibration remain operator-declared
P076	P071	tipping	boundary search	declared loss may omit real consequences
P076	P082	tipping	boundary search	grid and calibration remain operator-declared
P076	P084	tipping	boundary search	grid and calibration remain operator-declared
P076	P085	tipping	boundary search	grid and calibration remain operator-declared
P076	P087	tipping	boundary search	grid and calibration remain operator-declared
P076	P088	tipping	boundary search	grid and calibration remain operator-declared
P076	P089	tipping	boundary search	grid and calibration remain operator-declared
P076	P091	tipping	boundary search	declared loss may omit real consequences
P076	P092	tipping	boundary search	declared loss may omit real consequences
P076	P093	tipping	boundary search	declared loss may omit real consequences
P076	P108	tipping	boundary search	grid and calibration remain operator-declared
P076	P110	tipping	boundary search	grid and calibration remain operator-declared
P076	P112	tipping	boundary search	grid and calibration remain operator-declared
P076	P114	tipping	boundary search	declared grid
P076	P115	tipping	boundary search	declared grid
P076	P117	tipping	boundary search	declared grid
P076	P119	tipping	boundary search	declared grid
P076	P141	tipping	boundary search	grid and calibration remain operator-declared
P077	P001	selection	feasibility-gated selection	declared score
P077	P002	selection	feasibility-gated selection	declared score
P077	P003	selection	feasibility-gated selection	declared score
P077	P004	selection	feasibility-gated selection	declared score
P077	P005	selection	feasibility-gated selection	declared score
P077	P006	selection	feasibility-gated selection	declared score
P077	P007	selection	feasibility-gated selection	declared score
P077	P008	selection	feasibility-gated selection	declared score
P077	P012	selection	feasibility-gated selection	declared score
P077	P013	selection	feasibility-gated selection	declared score
P077	P014	selection	feasibility-gated selection	declared score
P077	P015	selection	feasibility-gated selection	declared score
P077	P016	selection	feasibility-gated selection	declared score
P077	P017	selection	feasibility-gated selection	declared score
P077	P019	selection	feasibility-gated selection	declared score
P077	P028	selection	feasibility-gated selection	declared score
P077	P034	selection	feasibility-gated selection	declared score
P077	P035	selection	feasibility-gated selection	declared score
P077	P038	selection	feasibility-gated selection	declared score
P077	P039	selection	feasibility-gated selection	declared score
P077	P061	selection	feasibility-gated selection	declared score
P077	P067	selection	feasibility-gated selection	declared score
P077	P068	selection	feasibility-gated selection	declared score
P077	P100	selection	feasibility-gated selection	declared score
P077	P101	selection	feasibility-gated selection	declared score
P077	P102	selection	feasibility-gated selection	declared score
P077	P103	selection	feasibility-gated selection	declared score
P077	P104	selection	feasibility-gated selection	declared score
P077	P105	selection	feasibility-gated selection	declared score
P077	P116	selection	feasibility-gated selection	declared score
P077	P118	selection	feasibility-gated selection	declared score
P077	P120	selection	feasibility-gated selection	declared score
P077	P121	selection	feasibility-gated selection	declared score
P077	P124	selection	feasibility-gated selection	declared score
P077	P127	selection	feasibility-gated selection	declared score
P077	P128	selection	feasibility-gated selection	declared score
P077	P129	selection	feasibility-gated selection	declared score
P077	P130	selection	feasibility-gated selection	declared score
P077	P132	selection	feasibility-gated selection	declared score
P077	P133	selection	feasibility-gated selection	declared score
P077	P134	selection	feasibility-gated selection	declared score
P077	P139	selection	feasibility-gated selection	declared score
P078	P022	audit	protected comparison	holdout may not represent deployment
P078	P027	audit	protected comparison	certificate failure is not universal impossibility
P078	P040	audit	protected comparison	requires a representative protected shell
P078	P042	audit	protected comparison	declared loss may omit real consequences
P078	P047	audit	protected comparison	current exposure does not cover every future path
P078	P048	audit	protected comparison	requires a representative protected shell
P078	P051	audit	protected comparison	holdout may not represent deployment
P078	P053	audit	protected comparison	declared loss may omit real consequences
P078	P055	audit	protected comparison	holdout may not represent deployment
P078	P064	audit	protected comparison	protected shell choice
P078	P069	audit	protected comparison	holdout may not represent deployment
P078	P072	audit	protected comparison	holdout may not represent deployment
P078	P081	audit	protected comparison	requires a representative protected shell
P078	P086	audit	protected comparison	protected shell choice
P078	P094	audit	protected comparison	protected shell choice
P078	P095	audit	protected comparison	requires a representative protected shell
P078	P097	audit	protected comparison	protected shell choice
P078	P098	audit	protected comparison	protected shell choice
P078	P106	audit	protected comparison	holdout may not represent deployment
P078	P107	audit	protected comparison	declared loss may omit real consequences
P078	P113	audit	protected comparison	declared loss may omit real consequences
P078	P122	audit	protected comparison	protected shell choice
P078	P123	audit	protected comparison	protected shell choice
P078	P125	audit	protected comparison	protected shell choice
P078	P126	audit	protected comparison	protected shell choice
P078	P131	audit	protected comparison	protected shell choice
P078	P137	audit	protected comparison	holdout may not represent deployment
P078	P140	audit	protected comparison	requires a representative protected shell
P078	P142	audit	protected comparison	requires a representative protected shell
P078	P145	audit	protected comparison	holdout may not represent deployment
P079	P009	acquisition	cost-aware measurement choice	channel model may be misspecified
P079	P021	acquisition,information	cost-aware measurement choice	channel model may be misspecified
P079	P054	acquisition	cost-aware measurement choice	certificate must not transfer outside its shell
P079	P057	acquisition,information	cost-aware measurement choice	channel model may be misspecified
P079	P070	acquisition,information	cost-aware measurement choice	channel model may be misspecified
P079	P074	acquisition,information	cost-aware measurement choice	channel model may be misspecified
P079	P083	acquisition	cost-aware measurement choice	channel model may be misspecified
P079	P096	acquisition,information	cost-aware measurement choice	channel model may be misspecified
P079	P109	acquisition,information	cost-aware measurement choice	channel model may be misspecified
P079	P111	acquisition	cost-aware measurement choice	channel model may be misspecified
P079	P136	acquisition,information	cost-aware measurement choice	channel model may be misspecified
P079	P138	acquisition,information	cost-aware measurement choice	channel model may be misspecified
P079	P144	acquisition	cost-aware measurement choice	channel model may be misspecified
P080	P029	resilience	hidden-mode consequence awareness	current exposure does not cover every future path
P080	P041	resilience	hidden-mode consequence awareness	current exposure does not cover every future path
P080	P047	resilience	hidden-mode consequence awareness	current exposure does not cover every future path
P080	P049	resilience	hidden-mode consequence awareness	current exposure does not cover every future path
P081	P022	audit	protected-selection comparison	holdout may not represent deployment
P081	P027	audit	protected-selection comparison	certificate failure is not universal impossibility
P081	P040	audit	protected-selection comparison	requires a representative protected shell
P081	P042	audit	protected-selection comparison	declared loss may omit real consequences
P081	P047	audit	protected-selection comparison	current exposure does not cover every future path
P081	P048	audit	protected-selection comparison	requires a representative protected shell
P081	P051	audit	protected-selection comparison	holdout may not represent deployment
P081	P053	audit	protected-selection comparison	declared loss may omit real consequences
P081	P055	audit	protected-selection comparison	holdout may not represent deployment
P081	P064	audit	protected-selection comparison	protected shell choice
P081	P069	audit	protected-selection comparison	holdout may not represent deployment
P081	P072	audit	protected-selection comparison	holdout may not represent deployment
P081	P078	audit	protected-selection comparison	protected shell choice
P081	P086	audit	protected-selection comparison	protected shell choice
P081	P094	audit	protected-selection comparison	protected shell choice
P081	P095	audit	protected-selection comparison	requires a representative protected shell
P081	P097	audit	protected-selection comparison	protected shell choice
P081	P098	audit	protected-selection comparison	protected shell choice
P081	P106	audit	protected-selection comparison	holdout may not represent deployment
P081	P107	audit	protected-selection comparison	declared loss may omit real consequences
P081	P113	audit	protected-selection comparison	declared loss may omit real consequences
P081	P122	audit	protected-selection comparison	protected shell choice
P081	P123	audit	protected-selection comparison	protected shell choice
P081	P125	audit	protected-selection comparison	protected shell choice
P081	P126	audit	protected-selection comparison	protected shell choice
P081	P131	audit	protected-selection comparison	protected shell choice
P081	P137	audit	protected-selection comparison	holdout may not represent deployment
P081	P140	audit	protected-selection comparison	requires a representative protected shell
P081	P142	audit	protected-selection comparison	requires a representative protected shell
P081	P145	audit	protected-selection comparison	holdout may not represent deployment
P082	P020	tipping	nearest boundary localization	grid and calibration remain operator-declared
P082	P023	tipping	nearest boundary localization	does not establish unmeasured causal assumptions
P082	P026	tipping	nearest boundary localization	grid and calibration remain operator-declared
P082	P030	tipping	nearest boundary localization	grid and calibration remain operator-declared
P082	P037	tipping	nearest boundary localization	certificate must not transfer outside its shell
P082	P044	tipping	nearest boundary localization	grid and calibration remain operator-declared
P082	P045	tipping	nearest boundary localization	grid and calibration remain operator-declared
P082	P050	tipping	nearest boundary localization	grid and calibration remain operator-declared
P082	P052	tipping	nearest boundary localization	grid and calibration remain operator-declared
P082	P056	tipping	nearest boundary localization	grid and calibration remain operator-declared
P082	P059	tipping	nearest boundary localization	grid and calibration remain operator-declared
P082	P060	tipping	nearest boundary localization	grid and calibration remain operator-declared
P082	P062	tipping	nearest boundary localization	declared loss may omit real consequences
P082	P063	tipping	nearest boundary localization	grid and calibration remain operator-declared
P082	P065	tipping	nearest boundary localization	grid and calibration remain operator-declared
P082	P071	tipping	nearest boundary localization	declared loss may omit real consequences
P082	P076	tipping	nearest boundary localization	declared grid
P082	P084	tipping	nearest boundary localization	grid and calibration remain operator-declared
P082	P085	tipping	nearest boundary localization	grid and calibration remain operator-declared
P082	P087	tipping	nearest boundary localization	grid and calibration remain operator-declared
P082	P088	tipping	nearest boundary localization	grid and calibration remain operator-declared
P082	P089	tipping	nearest boundary localization	grid and calibration remain operator-declared
P082	P091	tipping	nearest boundary localization	declared loss may omit real consequences
P082	P092	tipping	nearest boundary localization	declared loss may omit real consequences
P082	P093	tipping	nearest boundary localization	declared loss may omit real consequences
P082	P108	tipping	nearest boundary localization	grid and calibration remain operator-declared
P082	P110	tipping	nearest boundary localization	grid and calibration remain operator-declared
P082	P112	tipping	nearest boundary localization	grid and calibration remain operator-declared
P082	P114	tipping	nearest boundary localization	declared grid
P082	P115	tipping	nearest boundary localization	declared grid
P082	P117	tipping	nearest boundary localization	declared grid
P082	P119	tipping	nearest boundary localization	declared grid
P082	P141	tipping	nearest boundary localization	grid and calibration remain operator-declared
P083	P009	acquisition	cost-aware measurement choice	channel model may be misspecified
P083	P021	acquisition	cost-aware measurement choice	channel model may be misspecified
P083	P054	acquisition	cost-aware measurement choice	certificate must not transfer outside its shell
P083	P057	acquisition	cost-aware measurement choice	channel model may be misspecified
P083	P070	acquisition	cost-aware measurement choice	channel model may be misspecified
P083	P074	acquisition	cost-aware measurement choice	channel model may be misspecified
P083	P079	acquisition	cost-aware measurement choice	channel model may be misspecified
P083	P096	acquisition	cost-aware measurement choice	channel model may be misspecified
P083	P109	acquisition	cost-aware measurement choice	channel model may be misspecified
P083	P111	acquisition	cost-aware measurement choice	channel model may be misspecified
P083	P136	acquisition	cost-aware measurement choice	channel model may be misspecified
P083	P138	acquisition	cost-aware measurement choice	channel model may be misspecified
P083	P144	acquisition	cost-aware measurement choice	channel model may be misspecified
P084	P020	tipping	nearest boundary localization	grid and calibration remain operator-declared
P084	P023	tipping	nearest boundary localization	does not establish unmeasured causal assumptions
P084	P026	tipping	nearest boundary localization	grid and calibration remain operator-declared
P084	P030	tipping	nearest boundary localization	grid and calibration remain operator-declared
P084	P037	tipping	nearest boundary localization	certificate must not transfer outside its shell
P084	P044	tipping	nearest boundary localization	grid and calibration remain operator-declared
P084	P045	tipping	nearest boundary localization	grid and calibration remain operator-declared
P084	P050	tipping	nearest boundary localization	grid and calibration remain operator-declared
P084	P052	tipping	nearest boundary localization	grid and calibration remain operator-declared
P084	P056	tipping	nearest boundary localization	grid and calibration remain operator-declared
P084	P059	tipping	nearest boundary localization	grid and calibration remain operator-declared
P084	P060	tipping	nearest boundary localization	grid and calibration remain operator-declared
P084	P062	tipping	nearest boundary localization	declared loss may omit real consequences
P084	P063	tipping	nearest boundary localization	grid and calibration remain operator-declared
P084	P065	tipping	nearest boundary localization	grid and calibration remain operator-declared
P084	P071	tipping	nearest boundary localization	declared loss may omit real consequences
P084	P076	tipping	nearest boundary localization	declared grid
P084	P082	tipping	nearest boundary localization	grid and calibration remain operator-declared
P084	P085	tipping	nearest boundary localization	grid and calibration remain operator-declared
P084	P087	tipping	nearest boundary localization	grid and calibration remain operator-declared
P084	P088	tipping	nearest boundary localization	grid and calibration remain operator-declared
P084	P089	tipping	nearest boundary localization	grid and calibration remain operator-declared
P084	P091	tipping	nearest boundary localization	declared loss may omit real consequences
P084	P092	tipping	nearest boundary localization	declared loss may omit real consequences
P084	P093	tipping	nearest boundary localization	declared loss may omit real consequences
P084	P108	tipping	nearest boundary localization	grid and calibration remain operator-declared
P084	P110	tipping	nearest boundary localization	grid and calibration remain operator-declared
P084	P112	tipping	nearest boundary localization	grid and calibration remain operator-declared
P084	P114	tipping	nearest boundary localization	declared grid
P084	P115	tipping	nearest boundary localization	declared grid
P084	P117	tipping	nearest boundary localization	declared grid
P084	P119	tipping	nearest boundary localization	declared grid
P084	P141	tipping	nearest boundary localization	grid and calibration remain operator-declared
P085	P020	tipping	nearest boundary localization	grid and calibration remain operator-declared
P085	P023	tipping	nearest boundary localization	does not establish unmeasured causal assumptions
P085	P026	tipping	nearest boundary localization	grid and calibration remain operator-declared
P085	P030	tipping	nearest boundary localization	grid and calibration remain operator-declared
P085	P037	tipping	nearest boundary localization	certificate must not transfer outside its shell
P085	P044	tipping	nearest boundary localization	grid and calibration remain operator-declared
P085	P045	tipping	nearest boundary localization	grid and calibration remain operator-declared
P085	P050	tipping	nearest boundary localization	grid and calibration remain operator-declared
P085	P052	tipping	nearest boundary localization	grid and calibration remain operator-declared
P085	P056	tipping	nearest boundary localization	grid and calibration remain operator-declared
P085	P059	tipping	nearest boundary localization	grid and calibration remain operator-declared
P085	P060	tipping	nearest boundary localization	grid and calibration remain operator-declared
P085	P062	tipping	nearest boundary localization	declared loss may omit real consequences
P085	P063	tipping	nearest boundary localization	grid and calibration remain operator-declared
P085	P065	tipping	nearest boundary localization	grid and calibration remain operator-declared
P085	P071	tipping	nearest boundary localization	declared loss may omit real consequences
P085	P076	tipping	nearest boundary localization	declared grid
P085	P082	tipping	nearest boundary localization	grid and calibration remain operator-declared
P085	P084	tipping	nearest boundary localization	grid and calibration remain operator-declared
P085	P087	tipping	nearest boundary localization	grid and calibration remain operator-declared
P085	P088	tipping	nearest boundary localization	grid and calibration remain operator-declared
P085	P089	tipping	nearest boundary localization	grid and calibration remain operator-declared
P085	P091	tipping	nearest boundary localization	declared loss may omit real consequences
P085	P092	tipping	nearest boundary localization	declared loss may omit real consequences
P085	P093	tipping	nearest boundary localization	declared loss may omit real consequences
P085	P108	tipping	nearest boundary localization	grid and calibration remain operator-declared
P085	P110	tipping	nearest boundary localization	grid and calibration remain operator-declared
P085	P112	tipping	nearest boundary localization	grid and calibration remain operator-declared
P085	P114	tipping	nearest boundary localization	declared grid
P085	P115	tipping	nearest boundary localization	declared grid
P085	P117	tipping	nearest boundary localization	declared grid
P085	P119	tipping	nearest boundary localization	declared grid
P085	P141	tipping	nearest boundary localization	grid and calibration remain operator-declared
P086	P022	audit	protected comparison	holdout may not represent deployment
P086	P027	audit	protected comparison	certificate failure is not universal impossibility
P086	P040	audit	protected comparison	requires a representative protected shell
P086	P042	audit	protected comparison	declared loss may omit real consequences
P086	P047	audit	protected comparison	current exposure does not cover every future path
P086	P048	audit	protected comparison	requires a representative protected shell
P086	P051	audit	protected comparison	holdout may not represent deployment
P086	P053	audit	protected comparison	declared loss may omit real consequences
P086	P055	audit	protected comparison	holdout may not represent deployment
P086	P064	audit	protected comparison	protected shell choice
P086	P069	audit	protected comparison	holdout may not represent deployment
P086	P072	audit	protected comparison	holdout may not represent deployment
P086	P078	audit	protected comparison	protected shell choice
P086	P081	audit	protected comparison	requires a representative protected shell
P086	P094	audit	protected comparison	protected shell choice
P086	P095	audit	protected comparison	requires a representative protected shell
P086	P097	audit	protected comparison	protected shell choice
P086	P098	audit	protected comparison	protected shell choice
P086	P106	audit	protected comparison	holdout may not represent deployment
P086	P107	audit	protected comparison	declared loss may omit real consequences
P086	P113	audit	protected comparison	declared loss may omit real consequences
P086	P122	audit	protected comparison	protected shell choice
P086	P123	audit	protected comparison	protected shell choice
P086	P125	audit	protected comparison	protected shell choice
P086	P126	audit	protected comparison	protected shell choice
P086	P131	audit	protected comparison	protected shell choice
P086	P137	audit	protected comparison	holdout may not represent deployment
P086	P140	audit	protected comparison	requires a representative protected shell
P086	P142	audit	protected comparison	requires a representative protected shell
P086	P145	audit	protected comparison	holdout may not represent deployment
P087	P020	tipping	nearest boundary localization	grid and calibration remain operator-declared
P087	P023	tipping	nearest boundary localization	does not establish unmeasured causal assumptions
P087	P026	tipping	nearest boundary localization	grid and calibration remain operator-declared
P087	P030	tipping	nearest boundary localization	grid and calibration remain operator-declared
P087	P037	tipping	nearest boundary localization	certificate must not transfer outside its shell
P087	P044	tipping	nearest boundary localization	grid and calibration remain operator-declared
P087	P045	tipping	nearest boundary localization	grid and calibration remain operator-declared
P087	P050	tipping	nearest boundary localization	grid and calibration remain operator-declared
P087	P052	tipping	nearest boundary localization	grid and calibration remain operator-declared
P087	P056	tipping	nearest boundary localization	grid and calibration remain operator-declared
P087	P059	tipping	nearest boundary localization	grid and calibration remain operator-declared
P087	P060	tipping	nearest boundary localization	grid and calibration remain operator-declared
P087	P062	tipping	nearest boundary localization	declared loss may omit real consequences
P087	P063	tipping	nearest boundary localization	grid and calibration remain operator-declared
P087	P065	tipping	nearest boundary localization	grid and calibration remain operator-declared
P087	P071	tipping	nearest boundary localization	declared loss may omit real consequences
P087	P076	tipping	nearest boundary localization	declared grid
P087	P082	tipping	nearest boundary localization	grid and calibration remain operator-declared
P087	P084	tipping	nearest boundary localization	grid and calibration remain operator-declared
P087	P085	tipping	nearest boundary localization	grid and calibration remain operator-declared
P087	P088	tipping	nearest boundary localization	grid and calibration remain operator-declared
P087	P089	tipping	nearest boundary localization	grid and calibration remain operator-declared
P087	P091	tipping	nearest boundary localization	declared loss may omit real consequences
P087	P092	tipping	nearest boundary localization	declared loss may omit real consequences
P087	P093	tipping	nearest boundary localization	declared loss may omit real consequences
P087	P108	tipping	nearest boundary localization	grid and calibration remain operator-declared
P087	P110	tipping	nearest boundary localization	grid and calibration remain operator-declared
P087	P112	tipping	nearest boundary localization	grid and calibration remain operator-declared
P087	P114	tipping	nearest boundary localization	declared grid
P087	P115	tipping	nearest boundary localization	declared grid
P087	P117	tipping	nearest boundary localization	declared grid
P087	P119	tipping	nearest boundary localization	declared grid
P087	P141	tipping	nearest boundary localization	grid and calibration remain operator-declared
P088	P020	tipping	nearest boundary localization	grid and calibration remain operator-declared
P088	P023	tipping	nearest boundary localization	does not establish unmeasured causal assumptions
P088	P026	tipping	nearest boundary localization	grid and calibration remain operator-declared
P088	P030	tipping	nearest boundary localization	grid and calibration remain operator-declared
P088	P037	tipping	nearest boundary localization	certificate must not transfer outside its shell
P088	P044	tipping	nearest boundary localization	grid and calibration remain operator-declared
P088	P045	tipping	nearest boundary localization	grid and calibration remain operator-declared
P088	P050	tipping	nearest boundary localization	grid and calibration remain operator-declared
P088	P052	tipping	nearest boundary localization	grid and calibration remain operator-declared
P088	P056	tipping	nearest boundary localization	grid and calibration remain operator-declared
P088	P059	tipping	nearest boundary localization	grid and calibration remain operator-declared
P088	P060	tipping	nearest boundary localization	grid and calibration remain operator-declared
P088	P062	tipping	nearest boundary localization	declared loss may omit real consequences
P088	P063	tipping	nearest boundary localization	grid and calibration remain operator-declared
P088	P065	tipping	nearest boundary localization	grid and calibration remain operator-declared
P088	P071	tipping	nearest boundary localization	declared loss may omit real consequences
P088	P076	tipping	nearest boundary localization	declared grid
P088	P082	tipping	nearest boundary localization	grid and calibration remain operator-declared
P088	P084	tipping	nearest boundary localization	grid and calibration remain operator-declared
P088	P085	tipping	nearest boundary localization	grid and calibration remain operator-declared
P088	P087	tipping	nearest boundary localization	grid and calibration remain operator-declared
P088	P089	tipping	nearest boundary localization	grid and calibration remain operator-declared
P088	P091	tipping	nearest boundary localization	declared loss may omit real consequences
P088	P092	tipping	nearest boundary localization	declared loss may omit real consequences
P088	P093	tipping	nearest boundary localization	declared loss may omit real consequences
P088	P108	tipping	nearest boundary localization	grid and calibration remain operator-declared
P088	P110	tipping	nearest boundary localization	grid and calibration remain operator-declared
P088	P112	tipping	nearest boundary localization	grid and calibration remain operator-declared
P088	P114	tipping	nearest boundary localization	declared grid
P088	P115	tipping	nearest boundary localization	declared grid
P088	P117	tipping	nearest boundary localization	declared grid
P088	P119	tipping	nearest boundary localization	declared grid
P088	P141	tipping	nearest boundary localization	grid and calibration remain operator-declared
P089	P020	tipping	nearest boundary localization	grid and calibration remain operator-declared
P089	P023	tipping	nearest boundary localization	does not establish unmeasured causal assumptions
P089	P026	tipping	nearest boundary localization	grid and calibration remain operator-declared
P089	P030	tipping	nearest boundary localization	grid and calibration remain operator-declared
P089	P037	tipping	nearest boundary localization	certificate must not transfer outside its shell
P089	P044	tipping	nearest boundary localization	grid and calibration remain operator-declared
P089	P045	tipping	nearest boundary localization	grid and calibration remain operator-declared
P089	P050	tipping	nearest boundary localization	grid and calibration remain operator-declared
P089	P052	tipping	nearest boundary localization	grid and calibration remain operator-declared
P089	P056	tipping	nearest boundary localization	grid and calibration remain operator-declared
P089	P059	tipping	nearest boundary localization	grid and calibration remain operator-declared
P089	P060	tipping	nearest boundary localization	grid and calibration remain operator-declared
P089	P062	tipping	nearest boundary localization	declared loss may omit real consequences
P089	P063	tipping	nearest boundary localization	grid and calibration remain operator-declared
P089	P065	tipping	nearest boundary localization	grid and calibration remain operator-declared
P089	P071	tipping	nearest boundary localization	declared loss may omit real consequences
P089	P076	tipping	nearest boundary localization	declared grid
P089	P082	tipping	nearest boundary localization	grid and calibration remain operator-declared
P089	P084	tipping	nearest boundary localization	grid and calibration remain operator-declared
P089	P085	tipping	nearest boundary localization	grid and calibration remain operator-declared
P089	P087	tipping	nearest boundary localization	grid and calibration remain operator-declared
P089	P088	tipping	nearest boundary localization	grid and calibration remain operator-declared
P089	P091	tipping	nearest boundary localization	declared loss may omit real consequences
P089	P092	tipping	nearest boundary localization	declared loss may omit real consequences
P089	P093	tipping	nearest boundary localization	declared loss may omit real consequences
P089	P108	tipping	nearest boundary localization	grid and calibration remain operator-declared
P089	P110	tipping	nearest boundary localization	grid and calibration remain operator-declared
P089	P112	tipping	nearest boundary localization	grid and calibration remain operator-declared
P089	P114	tipping	nearest boundary localization	declared grid
P089	P115	tipping	nearest boundary localization	declared grid
P089	P117	tipping	nearest boundary localization	declared grid
P089	P119	tipping	nearest boundary localization	declared grid
P089	P141	tipping	nearest boundary localization	grid and calibration remain operator-declared
P090	P011	decision	downstream decision alignment	certificate failure is not universal impossibility
P090	P018	decision	downstream decision alignment	declared loss may omit real consequences
P090	P024	decision	downstream decision alignment	declared loss may omit real consequences
P090	P025	decision	downstream decision alignment	declared loss may omit real consequences
P090	P032	support	downstream decision alignment	support diagnostics do not create missing observations
P090	P042	decision	downstream decision alignment	declared loss may omit real consequences
P090	P043	decision	downstream decision alignment	declared loss may omit real consequences
P090	P046	decision	downstream decision alignment	declared loss may omit real consequences
P090	P053	decision	downstream decision alignment	declared loss may omit real consequences
P090	P062	decision	downstream decision alignment	declared loss may omit real consequences
P090	P065	support	downstream decision alignment	grid and calibration remain operator-declared
P090	P066	decision	downstream decision alignment	declared loss may omit real consequences
P090	P071	decision	downstream decision alignment	declared loss may omit real consequences
P090	P073	decision	downstream decision alignment	certificate must not transfer outside its shell
P090	P075	decision	downstream decision alignment	declared loss may omit real consequences
P090	P091	decision	downstream decision alignment	declared loss may omit real consequences
P090	P092	decision	downstream decision alignment	declared loss may omit real consequences
P090	P093	decision	downstream decision alignment	declared loss may omit real consequences
P090	P095	support	downstream decision alignment	requires a representative protected shell
P090	P107	decision	downstream decision alignment	declared loss may omit real consequences
P090	P113	decision	downstream decision alignment	declared loss may omit real consequences
P090	P140	support	downstream decision alignment	requires a representative protected shell
P091	P011	decision	downstream decision alignment	certificate failure is not universal impossibility
P091	P018	decision	downstream decision alignment	declared loss may omit real consequences
P091	P020	tipping	downstream decision alignment	grid and calibration remain operator-declared
P091	P023	tipping	downstream decision alignment	does not establish unmeasured causal assumptions
P091	P024	decision	downstream decision alignment	declared loss may omit real consequences
P091	P025	decision	downstream decision alignment	declared loss may omit real consequences
P091	P026	tipping	downstream decision alignment	grid and calibration remain operator-declared
P091	P030	tipping	downstream decision alignment	grid and calibration remain operator-declared
P091	P037	tipping	downstream decision alignment	certificate must not transfer outside its shell
P091	P042	decision	downstream decision alignment	declared loss may omit real consequences
P091	P043	decision	downstream decision alignment	declared loss may omit real consequences
P091	P044	tipping	downstream decision alignment	grid and calibration remain operator-declared
P091	P045	tipping	downstream decision alignment	grid and calibration remain operator-declared
P091	P046	decision	downstream decision alignment	declared loss may omit real consequences
P091	P050	tipping	downstream decision alignment	grid and calibration remain operator-declared
P091	P052	tipping	downstream decision alignment	grid and calibration remain operator-declared
P091	P053	decision	downstream decision alignment	declared loss may omit real consequences
P091	P056	tipping	downstream decision alignment	grid and calibration remain operator-declared
P091	P059	tipping	downstream decision alignment	grid and calibration remain operator-declared
P091	P060	tipping	downstream decision alignment	grid and calibration remain operator-declared
P091	P062	decision,tipping	downstream decision alignment	declared loss may omit real consequences
P091	P063	tipping	downstream decision alignment	grid and calibration remain operator-declared
P091	P065	tipping	downstream decision alignment	grid and calibration remain operator-declared
P091	P066	decision	downstream decision alignment	declared loss may omit real consequences
P091	P071	decision,tipping	downstream decision alignment	declared loss may omit real consequences
P091	P073	decision	downstream decision alignment	certificate must not transfer outside its shell
P091	P075	decision	downstream decision alignment	declared loss may omit real consequences
P091	P076	tipping	downstream decision alignment	declared grid
P091	P082	tipping	downstream decision alignment	grid and calibration remain operator-declared
P091	P084	tipping	downstream decision alignment	grid and calibration remain operator-declared
P091	P085	tipping	downstream decision alignment	grid and calibration remain operator-declared
P091	P087	tipping	downstream decision alignment	grid and calibration remain operator-declared
P091	P088	tipping	downstream decision alignment	grid and calibration remain operator-declared
P091	P089	tipping	downstream decision alignment	grid and calibration remain operator-declared
P091	P090	decision	downstream decision alignment	declared loss may omit real consequences
P091	P092	decision,tipping	downstream decision alignment	declared loss may omit real consequences
P091	P093	decision,tipping	downstream decision alignment	declared loss may omit real consequences
P091	P107	decision	downstream decision alignment	declared loss may omit real consequences
P091	P108	tipping	downstream decision alignment	grid and calibration remain operator-declared
P091	P110	tipping	downstream decision alignment	grid and calibration remain operator-declared
P091	P112	tipping	downstream decision alignment	grid and calibration remain operator-declared
P091	P113	decision	downstream decision alignment	declared loss may omit real consequences
P091	P114	tipping	downstream decision alignment	declared grid
P091	P115	tipping	downstream decision alignment	declared grid
P091	P117	tipping	downstream decision alignment	declared grid
P091	P119	tipping	downstream decision alignment	declared grid
P091	P141	tipping	downstream decision alignment	grid and calibration remain operator-declared
P092	P011	decision	downstream decision alignment	certificate failure is not universal impossibility
P092	P018	decision	downstream decision alignment	declared loss may omit real consequences
P092	P020	tipping	downstream decision alignment	grid and calibration remain operator-declared
P092	P023	tipping	downstream decision alignment	does not establish unmeasured causal assumptions
P092	P024	decision	downstream decision alignment	declared loss may omit real consequences
P092	P025	decision	downstream decision alignment	declared loss may omit real consequences
P092	P026	tipping	downstream decision alignment	grid and calibration remain operator-declared
P092	P030	tipping	downstream decision alignment	grid and calibration remain operator-declared
P092	P037	tipping	downstream decision alignment	certificate must not transfer outside its shell
P092	P042	decision	downstream decision alignment	declared loss may omit real consequences
P092	P043	decision	downstream decision alignment	declared loss may omit real consequences
P092	P044	tipping	downstream decision alignment	grid and calibration remain operator-declared
P092	P045	tipping	downstream decision alignment	grid and calibration remain operator-declared
P092	P046	decision	downstream decision alignment	declared loss may omit real consequences
P092	P050	tipping	downstream decision alignment	grid and calibration remain operator-declared
P092	P052	tipping	downstream decision alignment	grid and calibration remain operator-declared
P092	P053	decision	downstream decision alignment	declared loss may omit real consequences
P092	P056	tipping	downstream decision alignment	grid and calibration remain operator-declared
P092	P059	tipping	downstream decision alignment	grid and calibration remain operator-declared
P092	P060	tipping	downstream decision alignment	grid and calibration remain operator-declared
P092	P062	decision,tipping	downstream decision alignment	declared loss may omit real consequences
P092	P063	tipping	downstream decision alignment	grid and calibration remain operator-declared
P092	P065	tipping	downstream decision alignment	grid and calibration remain operator-declared
P092	P066	decision	downstream decision alignment	declared loss may omit real consequences
P092	P071	decision,tipping	downstream decision alignment	declared loss may omit real consequences
P092	P073	decision	downstream decision alignment	certificate must not transfer outside its shell
P092	P075	decision	downstream decision alignment	declared loss may omit real consequences
P092	P076	tipping	downstream decision alignment	declared grid
P092	P082	tipping	downstream decision alignment	grid and calibration remain operator-declared
P092	P084	tipping	downstream decision alignment	grid and calibration remain operator-declared
P092	P085	tipping	downstream decision alignment	grid and calibration remain operator-declared
P092	P087	tipping	downstream decision alignment	grid and calibration remain operator-declared
P092	P088	tipping	downstream decision alignment	grid and calibration remain operator-declared
P092	P089	tipping	downstream decision alignment	grid and calibration remain operator-declared
P092	P090	decision	downstream decision alignment	declared loss may omit real consequences
P092	P091	decision,tipping	downstream decision alignment	declared loss may omit real consequences
P092	P093	decision,tipping	downstream decision alignment	declared loss may omit real consequences
P092	P107	decision	downstream decision alignment	declared loss may omit real consequences
P092	P108	tipping	downstream decision alignment	grid and calibration remain operator-declared
P092	P110	tipping	downstream decision alignment	grid and calibration remain operator-declared
P092	P112	tipping	downstream decision alignment	grid and calibration remain operator-declared
P092	P113	decision	downstream decision alignment	declared loss may omit real consequences
P092	P114	tipping	downstream decision alignment	declared grid
P092	P115	tipping	downstream decision alignment	declared grid
P092	P117	tipping	downstream decision alignment	declared grid
P092	P119	tipping	downstream decision alignment	declared grid
P092	P141	tipping	downstream decision alignment	grid and calibration remain operator-declared
P093	P011	decision	downstream decision alignment	certificate failure is not universal impossibility
P093	P018	decision	downstream decision alignment	declared loss may omit real consequences
P093	P020	tipping	downstream decision alignment	grid and calibration remain operator-declared
P093	P023	tipping	downstream decision alignment	does not establish unmeasured causal assumptions
P093	P024	decision	downstream decision alignment	declared loss may omit real consequences
P093	P025	decision	downstream decision alignment	declared loss may omit real consequences
P093	P026	tipping	downstream decision alignment	grid and calibration remain operator-declared
P093	P030	tipping	downstream decision alignment	grid and calibration remain operator-declared
P093	P037	tipping	downstream decision alignment	certificate must not transfer outside its shell
P093	P042	decision	downstream decision alignment	declared loss may omit real consequences
P093	P043	decision	downstream decision alignment	declared loss may omit real consequences
P093	P044	tipping	downstream decision alignment	grid and calibration remain operator-declared
P093	P045	tipping	downstream decision alignment	grid and calibration remain operator-declared
P093	P046	decision	downstream decision alignment	declared loss may omit real consequences
P093	P050	tipping	downstream decision alignment	grid and calibration remain operator-declared
P093	P052	tipping	downstream decision alignment	grid and calibration remain operator-declared
P093	P053	decision	downstream decision alignment	declared loss may omit real consequences
P093	P056	tipping	downstream decision alignment	grid and calibration remain operator-declared
P093	P059	tipping	downstream decision alignment	grid and calibration remain operator-declared
P093	P060	tipping	downstream decision alignment	grid and calibration remain operator-declared
P093	P062	decision,tipping	downstream decision alignment	declared loss may omit real consequences
P093	P063	tipping	downstream decision alignment	grid and calibration remain operator-declared
P093	P065	tipping	downstream decision alignment	grid and calibration remain operator-declared
P093	P066	decision	downstream decision alignment	declared loss may omit real consequences
P093	P071	decision,tipping	downstream decision alignment	declared loss may omit real consequences
P093	P073	decision	downstream decision alignment	certificate must not transfer outside its shell
P093	P075	decision	downstream decision alignment	declared loss may omit real consequences
P093	P076	tipping	downstream decision alignment	declared grid
P093	P082	tipping	downstream decision alignment	grid and calibration remain operator-declared
P093	P084	tipping	downstream decision alignment	grid and calibration remain operator-declared
P093	P085	tipping	downstream decision alignment	grid and calibration remain operator-declared
P093	P087	tipping	downstream decision alignment	grid and calibration remain operator-declared
P093	P088	tipping	downstream decision alignment	grid and calibration remain operator-declared
P093	P089	tipping	downstream decision alignment	grid and calibration remain operator-declared
P093	P090	decision	downstream decision alignment	declared loss may omit real consequences
P093	P091	decision,tipping	downstream decision alignment	declared loss may omit real consequences
P093	P092	decision,tipping	downstream decision alignment	declared loss may omit real consequences
P093	P107	decision	downstream decision alignment	declared loss may omit real consequences
P093	P108	tipping	downstream decision alignment	grid and calibration remain operator-declared
P093	P110	tipping	downstream decision alignment	grid and calibration remain operator-declared
P093	P112	tipping	downstream decision alignment	grid and calibration remain operator-declared
P093	P113	decision	downstream decision alignment	declared loss may omit real consequences
P093	P114	tipping	downstream decision alignment	declared grid
P093	P115	tipping	downstream decision alignment	declared grid
P093	P117	tipping	downstream decision alignment	declared grid
P093	P119	tipping	downstream decision alignment	declared grid
P093	P141	tipping	downstream decision alignment	grid and calibration remain operator-declared
P094	P022	audit	protected comparison	holdout may not represent deployment
P094	P027	audit	protected comparison	certificate failure is not universal impossibility
P094	P040	audit	protected comparison	requires a representative protected shell
P094	P042	audit	protected comparison	declared loss may omit real consequences
P094	P047	audit	protected comparison	current exposure does not cover every future path
P094	P048	audit	protected comparison	requires a representative protected shell
P094	P051	audit	protected comparison	holdout may not represent deployment
P094	P053	audit	protected comparison	declared loss may omit real consequences
P094	P055	audit	protected comparison	holdout may not represent deployment
P094	P064	audit	protected comparison	protected shell choice
P094	P069	audit	protected comparison	holdout may not represent deployment
P094	P072	audit	protected comparison	holdout may not represent deployment
P094	P078	audit	protected comparison	protected shell choice
P094	P081	audit	protected comparison	requires a representative protected shell
P094	P086	audit	protected comparison	protected shell choice
P094	P095	audit	protected comparison	requires a representative protected shell
P094	P097	audit	protected comparison	protected shell choice
P094	P098	audit	protected comparison	protected shell choice
P094	P106	audit	protected comparison	holdout may not represent deployment
P094	P107	audit	protected comparison	declared loss may omit real consequences
P094	P113	audit	protected comparison	declared loss may omit real consequences
P094	P122	audit	protected comparison	protected shell choice
P094	P123	audit	protected comparison	protected shell choice
P094	P125	audit	protected comparison	protected shell choice
P094	P126	audit	protected comparison	protected shell choice
P094	P131	audit	protected comparison	protected shell choice
P094	P137	audit	protected comparison	holdout may not represent deployment
P094	P140	audit	protected comparison	requires a representative protected shell
P094	P142	audit	protected comparison	requires a representative protected shell
P094	P145	audit	protected comparison	holdout may not represent deployment
P095	P022	audit	protected-selection comparison	holdout may not represent deployment
P095	P027	audit	protected-selection comparison	certificate failure is not universal impossibility
P095	P032	support	protected-selection comparison	support diagnostics do not create missing observations
P095	P040	audit	protected-selection comparison	requires a representative protected shell
P095	P042	audit	protected-selection comparison	declared loss may omit real consequences
P095	P047	audit	protected-selection comparison	current exposure does not cover every future path
P095	P048	audit	protected-selection comparison	requires a representative protected shell
P095	P051	audit	protected-selection comparison	holdout may not represent deployment
P095	P053	audit	protected-selection comparison	declared loss may omit real consequences
P095	P055	audit	protected-selection comparison	holdout may not represent deployment
P095	P064	audit	protected-selection comparison	protected shell choice
P095	P065	support	protected-selection comparison	grid and calibration remain operator-declared
P095	P069	audit	protected-selection comparison	holdout may not represent deployment
P095	P072	audit	protected-selection comparison	holdout may not represent deployment
P095	P078	audit	protected-selection comparison	protected shell choice
P095	P081	audit	protected-selection comparison	requires a representative protected shell
P095	P086	audit	protected-selection comparison	protected shell choice
P095	P090	support	protected-selection comparison	declared loss may omit real consequences
P095	P094	audit	protected-selection comparison	protected shell choice
P095	P097	audit	protected-selection comparison	protected shell choice
P095	P098	audit	protected-selection comparison	protected shell choice
P095	P106	audit	protected-selection comparison	holdout may not represent deployment
P095	P107	audit	protected-selection comparison	declared loss may omit real consequences
P095	P113	audit	protected-selection comparison	declared loss may omit real consequences
P095	P122	audit	protected-selection comparison	protected shell choice
P095	P123	audit	protected-selection comparison	protected shell choice
P095	P125	audit	protected-selection comparison	protected shell choice
P095	P126	audit	protected-selection comparison	protected shell choice
P095	P131	audit	protected-selection comparison	protected shell choice
P095	P137	audit	protected-selection comparison	holdout may not represent deployment
P095	P140	audit,support	protected-selection comparison	requires a representative protected shell
P095	P142	audit	protected-selection comparison	requires a representative protected shell
P095	P145	audit	protected-selection comparison	holdout may not represent deployment
P096	P009	acquisition	cost-aware measurement choice	channel model may be misspecified
P096	P021	acquisition,information	cost-aware measurement choice	channel model may be misspecified
P096	P054	acquisition	cost-aware measurement choice	certificate must not transfer outside its shell
P096	P057	acquisition,information	cost-aware measurement choice	channel model may be misspecified
P096	P070	acquisition,information	cost-aware measurement choice	channel model may be misspecified
P096	P074	acquisition,information	cost-aware measurement choice	channel model may be misspecified
P096	P079	acquisition,information	cost-aware measurement choice	channel model may be misspecified
P096	P083	acquisition	cost-aware measurement choice	channel model may be misspecified
P096	P109	acquisition,information	cost-aware measurement choice	channel model may be misspecified
P096	P111	acquisition	cost-aware measurement choice	channel model may be misspecified
P096	P136	acquisition,information	cost-aware measurement choice	channel model may be misspecified
P096	P138	acquisition,information	cost-aware measurement choice	channel model may be misspecified
P096	P144	acquisition	cost-aware measurement choice	channel model may be misspecified
P097	P022	audit	protected comparison	holdout may not represent deployment
P097	P027	audit	protected comparison	certificate failure is not universal impossibility
P097	P040	audit	protected comparison	requires a representative protected shell
P097	P042	audit	protected comparison	declared loss may omit real consequences
P097	P047	audit	protected comparison	current exposure does not cover every future path
P097	P048	audit	protected comparison	requires a representative protected shell
P097	P051	audit	protected comparison	holdout may not represent deployment
P097	P053	audit	protected comparison	declared loss may omit real consequences
P097	P055	audit	protected comparison	holdout may not represent deployment
P097	P064	audit	protected comparison	protected shell choice
P097	P069	audit	protected comparison	holdout may not represent deployment
P097	P072	audit	protected comparison	holdout may not represent deployment
P097	P078	audit	protected comparison	protected shell choice
P097	P081	audit	protected comparison	requires a representative protected shell
P097	P086	audit	protected comparison	protected shell choice
P097	P094	audit	protected comparison	protected shell choice
P097	P095	audit	protected comparison	requires a representative protected shell
P097	P098	audit	protected comparison	protected shell choice
P097	P106	audit	protected comparison	holdout may not represent deployment
P097	P107	audit	protected comparison	declared loss may omit real consequences
P097	P113	audit	protected comparison	declared loss may omit real consequences
P097	P122	audit	protected comparison	protected shell choice
P097	P123	audit	protected comparison	protected shell choice
P097	P125	audit	protected comparison	protected shell choice
P097	P126	audit	protected comparison	protected shell choice
P097	P131	audit	protected comparison	protected shell choice
P097	P137	audit	protected comparison	holdout may not represent deployment
P097	P140	audit	protected comparison	requires a representative protected shell
P097	P142	audit	protected comparison	requires a representative protected shell
P097	P145	audit	protected comparison	holdout may not represent deployment
P098	P022	audit	protected comparison	holdout may not represent deployment
P098	P027	audit	protected comparison	certificate failure is not universal impossibility
P098	P040	audit	protected comparison	requires a representative protected shell
P098	P042	audit	protected comparison	declared loss may omit real consequences
P098	P047	audit	protected comparison	current exposure does not cover every future path
P098	P048	audit	protected comparison	requires a representative protected shell
P098	P051	audit	protected comparison	holdout may not represent deployment
P098	P053	audit	protected comparison	declared loss may omit real consequences
P098	P055	audit	protected comparison	holdout may not represent deployment
P098	P064	audit	protected comparison	protected shell choice
P098	P069	audit	protected comparison	holdout may not represent deployment
P098	P072	audit	protected comparison	holdout may not represent deployment
P098	P078	audit	protected comparison	protected shell choice
P098	P081	audit	protected comparison	requires a representative protected shell
P098	P086	audit	protected comparison	protected shell choice
P098	P094	audit	protected comparison	protected shell choice
P098	P095	audit	protected comparison	requires a representative protected shell
P098	P097	audit	protected comparison	protected shell choice
P098	P106	audit	protected comparison	holdout may not represent deployment
P098	P107	audit	protected comparison	declared loss may omit real consequences
P098	P113	audit	protected comparison	declared loss may omit real consequences
P098	P122	audit	protected comparison	protected shell choice
P098	P123	audit	protected comparison	protected shell choice
P098	P125	audit	protected comparison	protected shell choice
P098	P126	audit	protected comparison	protected shell choice
P098	P131	audit	protected comparison	protected shell choice
P098	P137	audit	protected comparison	holdout may not represent deployment
P098	P140	audit	protected comparison	requires a representative protected shell
P098	P142	audit	protected comparison	requires a representative protected shell
P098	P145	audit	protected comparison	holdout may not represent deployment
P099	P033	allocation	budgeted selection	objective and resource prices require calibration
P100	P001	selection	feasibility-gated selection	declared score
P100	P002	selection	feasibility-gated selection	declared score
P100	P003	selection	feasibility-gated selection	declared score
P100	P004	selection	feasibility-gated selection	declared score
P100	P005	selection	feasibility-gated selection	declared score
P100	P006	selection	feasibility-gated selection	declared score
P100	P007	selection	feasibility-gated selection	declared score
P100	P008	selection	feasibility-gated selection	declared score
P100	P012	selection	feasibility-gated selection	declared score
P100	P013	selection	feasibility-gated selection	declared score
P100	P014	selection	feasibility-gated selection	declared score
P100	P015	selection	feasibility-gated selection	declared score
P100	P016	selection	feasibility-gated selection	declared score
P100	P017	selection	feasibility-gated selection	declared score
P100	P019	selection	feasibility-gated selection	declared score
P100	P028	selection	feasibility-gated selection	declared score
P100	P034	selection	feasibility-gated selection	declared score
P100	P035	selection	feasibility-gated selection	declared score
P100	P038	selection	feasibility-gated selection	declared score
P100	P039	selection	feasibility-gated selection	declared score
P100	P061	selection	feasibility-gated selection	declared score
P100	P067	selection	feasibility-gated selection	declared score
P100	P068	selection	feasibility-gated selection	declared score
P100	P077	selection	feasibility-gated selection	declared score
P100	P101	selection	feasibility-gated selection	declared score
P100	P102	selection	feasibility-gated selection	declared score
P100	P103	selection	feasibility-gated selection	declared score
P100	P104	selection	feasibility-gated selection	declared score
P100	P105	selection	feasibility-gated selection	declared score
P100	P116	selection	feasibility-gated selection	declared score
P100	P118	selection	feasibility-gated selection	declared score
P100	P120	selection	feasibility-gated selection	declared score
P100	P121	selection	feasibility-gated selection	declared score
P100	P124	selection	feasibility-gated selection	declared score
P100	P127	selection	feasibility-gated selection	declared score
P100	P128	selection	feasibility-gated selection	declared score
P100	P129	selection	feasibility-gated selection	declared score
P100	P130	selection	feasibility-gated selection	declared score
P100	P132	selection	feasibility-gated selection	declared score
P100	P133	selection	feasibility-gated selection	declared score
P100	P134	selection	feasibility-gated selection	declared score
P100	P139	selection	feasibility-gated selection	declared score
P101	P001	selection	feasibility-gated selection	declared score
P101	P002	selection	feasibility-gated selection	declared score
P101	P003	selection	feasibility-gated selection	declared score
P101	P004	selection	feasibility-gated selection	declared score
P101	P005	selection	feasibility-gated selection	declared score
P101	P006	selection	feasibility-gated selection	declared score
P101	P007	selection	feasibility-gated selection	declared score
P101	P008	selection	feasibility-gated selection	declared score
P101	P012	selection	feasibility-gated selection	declared score
P101	P013	selection	feasibility-gated selection	declared score
P101	P014	selection	feasibility-gated selection	declared score
P101	P015	selection	feasibility-gated selection	declared score
P101	P016	selection	feasibility-gated selection	declared score
P101	P017	selection	feasibility-gated selection	declared score
P101	P019	selection	feasibility-gated selection	declared score
P101	P028	selection	feasibility-gated selection	declared score
P101	P034	selection	feasibility-gated selection	declared score
P101	P035	selection	feasibility-gated selection	declared score
P101	P038	selection	feasibility-gated selection	declared score
P101	P039	selection	feasibility-gated selection	declared score
P101	P061	selection	feasibility-gated selection	declared score
P101	P067	selection	feasibility-gated selection	declared score
P101	P068	selection	feasibility-gated selection	declared score
P101	P077	selection	feasibility-gated selection	declared score
P101	P100	selection	feasibility-gated selection	declared score
P101	P102	selection	feasibility-gated selection	declared score
P101	P103	selection	feasibility-gated selection	declared score
P101	P104	selection	feasibility-gated selection	declared score
P101	P105	selection	feasibility-gated selection	declared score
P101	P116	selection	feasibility-gated selection	declared score
P101	P118	selection	feasibility-gated selection	declared score
P101	P120	selection	feasibility-gated selection	declared score
P101	P121	selection	feasibility-gated selection	declared score
P101	P124	selection	feasibility-gated selection	declared score
P101	P127	selection	feasibility-gated selection	declared score
P101	P128	selection	feasibility-gated selection	declared score
P101	P129	selection	feasibility-gated selection	declared score
P101	P130	selection	feasibility-gated selection	declared score
P101	P132	selection	feasibility-gated selection	declared score
P101	P133	selection	feasibility-gated selection	declared score
P101	P134	selection	feasibility-gated selection	declared score
P101	P139	selection	feasibility-gated selection	declared score
P102	P001	selection	feasibility-gated selection	declared score
P102	P002	selection	feasibility-gated selection	declared score
P102	P003	selection	feasibility-gated selection	declared score
P102	P004	selection	feasibility-gated selection	declared score
P102	P005	selection	feasibility-gated selection	declared score
P102	P006	selection	feasibility-gated selection	declared score
P102	P007	selection	feasibility-gated selection	declared score
P102	P008	selection	feasibility-gated selection	declared score
P102	P012	selection	feasibility-gated selection	declared score
P102	P013	selection	feasibility-gated selection	declared score
P102	P014	selection	feasibility-gated selection	declared score
P102	P015	selection	feasibility-gated selection	declared score
P102	P016	selection	feasibility-gated selection	declared score
P102	P017	selection	feasibility-gated selection	declared score
P102	P019	selection	feasibility-gated selection	declared score
P102	P028	selection	feasibility-gated selection	declared score
P102	P034	selection	feasibility-gated selection	declared score
P102	P035	selection	feasibility-gated selection	declared score
P102	P038	selection	feasibility-gated selection	declared score
P102	P039	selection	feasibility-gated selection	declared score
P102	P061	selection	feasibility-gated selection	declared score
P102	P067	selection	feasibility-gated selection	declared score
P102	P068	selection	feasibility-gated selection	declared score
P102	P077	selection	feasibility-gated selection	declared score
P102	P100	selection	feasibility-gated selection	declared score
P102	P101	selection	feasibility-gated selection	declared score
P102	P103	selection	feasibility-gated selection	declared score
P102	P104	selection	feasibility-gated selection	declared score
P102	P105	selection	feasibility-gated selection	declared score
P102	P116	selection	feasibility-gated selection	declared score
P102	P118	selection	feasibility-gated selection	declared score
P102	P120	selection	feasibility-gated selection	declared score
P102	P121	selection	feasibility-gated selection	declared score
P102	P124	selection	feasibility-gated selection	declared score
P102	P127	selection	feasibility-gated selection	declared score
P102	P128	selection	feasibility-gated selection	declared score
P102	P129	selection	feasibility-gated selection	declared score
P102	P130	selection	feasibility-gated selection	declared score
P102	P132	selection	feasibility-gated selection	declared score
P102	P133	selection	feasibility-gated selection	declared score
P102	P134	selection	feasibility-gated selection	declared score
P102	P139	selection	feasibility-gated selection	declared score
P103	P001	selection	feasibility-gated selection	declared score
P103	P002	selection	feasibility-gated selection	declared score
P103	P003	selection	feasibility-gated selection	declared score
P103	P004	selection	feasibility-gated selection	declared score
P103	P005	selection	feasibility-gated selection	declared score
P103	P006	selection	feasibility-gated selection	declared score
P103	P007	selection	feasibility-gated selection	declared score
P103	P008	selection	feasibility-gated selection	declared score
P103	P012	selection	feasibility-gated selection	declared score
P103	P013	selection	feasibility-gated selection	declared score
P103	P014	selection	feasibility-gated selection	declared score
P103	P015	selection	feasibility-gated selection	declared score
P103	P016	selection	feasibility-gated selection	declared score
P103	P017	selection	feasibility-gated selection	declared score
P103	P019	selection	feasibility-gated selection	declared score
P103	P028	selection	feasibility-gated selection	declared score
P103	P034	selection	feasibility-gated selection	declared score
P103	P035	selection	feasibility-gated selection	declared score
P103	P038	selection	feasibility-gated selection	declared score
P103	P039	selection	feasibility-gated selection	declared score
P103	P061	selection	feasibility-gated selection	declared score
P103	P067	selection	feasibility-gated selection	declared score
P103	P068	selection	feasibility-gated selection	declared score
P103	P077	selection	feasibility-gated selection	declared score
P103	P100	selection	feasibility-gated selection	declared score
P103	P101	selection	feasibility-gated selection	declared score
P103	P102	selection	feasibility-gated selection	declared score
P103	P104	selection	feasibility-gated selection	declared score
P103	P105	selection	feasibility-gated selection	declared score
P103	P116	selection	feasibility-gated selection	declared score
P103	P118	selection	feasibility-gated selection	declared score
P103	P120	selection	feasibility-gated selection	declared score
P103	P121	selection	feasibility-gated selection	declared score
P103	P124	selection	feasibility-gated selection	declared score
P103	P127	selection	feasibility-gated selection	declared score
P103	P128	selection	feasibility-gated selection	declared score
P103	P129	selection	feasibility-gated selection	declared score
P103	P130	selection	feasibility-gated selection	declared score
P103	P132	selection	feasibility-gated selection	declared score
P103	P133	selection	feasibility-gated selection	declared score
P103	P134	selection	feasibility-gated selection	declared score
P103	P139	selection	feasibility-gated selection	declared score
P104	P001	selection	feasibility-gated selection	declared score
P104	P002	selection	feasibility-gated selection	declared score
P104	P003	selection	feasibility-gated selection	declared score
P104	P004	selection	feasibility-gated selection	declared score
P104	P005	selection	feasibility-gated selection	declared score
P104	P006	selection	feasibility-gated selection	declared score
P104	P007	selection	feasibility-gated selection	declared score
P104	P008	selection	feasibility-gated selection	declared score
P104	P012	selection	feasibility-gated selection	declared score
P104	P013	selection	feasibility-gated selection	declared score
P104	P014	selection	feasibility-gated selection	declared score
P104	P015	selection	feasibility-gated selection	declared score
P104	P016	selection	feasibility-gated selection	declared score
P104	P017	selection	feasibility-gated selection	declared score
P104	P019	selection	feasibility-gated selection	declared score
P104	P028	selection	feasibility-gated selection	declared score
P104	P034	selection	feasibility-gated selection	declared score
P104	P035	selection	feasibility-gated selection	declared score
P104	P038	selection	feasibility-gated selection	declared score
P104	P039	selection	feasibility-gated selection	declared score
P104	P061	selection	feasibility-gated selection	declared score
P104	P067	selection	feasibility-gated selection	declared score
P104	P068	selection	feasibility-gated selection	declared score
P104	P077	selection	feasibility-gated selection	declared score
P104	P100	selection	feasibility-gated selection	declared score
P104	P101	selection	feasibility-gated selection	declared score
P104	P102	selection	feasibility-gated selection	declared score
P104	P103	selection	feasibility-gated selection	declared score
P104	P105	selection	feasibility-gated selection	declared score
P104	P116	selection	feasibility-gated selection	declared score
P104	P118	selection	feasibility-gated selection	declared score
P104	P120	selection	feasibility-gated selection	declared score
P104	P121	selection	feasibility-gated selection	declared score
P104	P124	selection	feasibility-gated selection	declared score
P104	P127	selection	feasibility-gated selection	declared score
P104	P128	selection	feasibility-gated selection	declared score
P104	P129	selection	feasibility-gated selection	declared score
P104	P130	selection	feasibility-gated selection	declared score
P104	P132	selection	feasibility-gated selection	declared score
P104	P133	selection	feasibility-gated selection	declared score
P104	P134	selection	feasibility-gated selection	declared score
P104	P139	selection	feasibility-gated selection	declared score
P105	P001	selection	feasibility-gated selection	declared score
P105	P002	selection	feasibility-gated selection	declared score
P105	P003	selection	feasibility-gated selection	declared score
P105	P004	selection	feasibility-gated selection	declared score
P105	P005	selection	feasibility-gated selection	declared score
P105	P006	selection	feasibility-gated selection	declared score
P105	P007	selection	feasibility-gated selection	declared score
P105	P008	selection	feasibility-gated selection	declared score
P105	P012	selection	feasibility-gated selection	declared score
P105	P013	selection	feasibility-gated selection	declared score
P105	P014	selection	feasibility-gated selection	declared score
P105	P015	selection	feasibility-gated selection	declared score
P105	P016	selection	feasibility-gated selection	declared score
P105	P017	selection	feasibility-gated selection	declared score
P105	P019	selection	feasibility-gated selection	declared score
P105	P028	selection	feasibility-gated selection	declared score
P105	P034	selection	feasibility-gated selection	declared score
P105	P035	selection	feasibility-gated selection	declared score
P105	P038	selection	feasibility-gated selection	declared score
P105	P039	selection	feasibility-gated selection	declared score
P105	P061	selection	feasibility-gated selection	declared score
P105	P067	selection	feasibility-gated selection	declared score
P105	P068	selection	feasibility-gated selection	declared score
P105	P077	selection	feasibility-gated selection	declared score
P105	P100	selection	feasibility-gated selection	declared score
P105	P101	selection	feasibility-gated selection	declared score
P105	P102	selection	feasibility-gated selection	declared score
P105	P103	selection	feasibility-gated selection	declared score
P105	P104	selection	feasibility-gated selection	declared score
P105	P116	selection	feasibility-gated selection	declared score
P105	P118	selection	feasibility-gated selection	declared score
P105	P120	selection	feasibility-gated selection	declared score
P105	P121	selection	feasibility-gated selection	declared score
P105	P124	selection	feasibility-gated selection	declared score
P105	P127	selection	feasibility-gated selection	declared score
P105	P128	selection	feasibility-gated selection	declared score
P105	P129	selection	feasibility-gated selection	declared score
P105	P130	selection	feasibility-gated selection	declared score
P105	P132	selection	feasibility-gated selection	declared score
P105	P133	selection	feasibility-gated selection	declared score
P105	P134	selection	feasibility-gated selection	declared score
P105	P139	selection	feasibility-gated selection	declared score
P114	P020	tipping	boundary search	grid and calibration remain operator-declared
P114	P023	tipping	boundary search	does not establish unmeasured causal assumptions
P114	P026	tipping	boundary search	grid and calibration remain operator-declared
P114	P030	tipping	boundary search	grid and calibration remain operator-declared
P114	P037	tipping	boundary search	certificate must not transfer outside its shell
P114	P044	tipping	boundary search	grid and calibration remain operator-declared
P114	P045	tipping	boundary search	grid and calibration remain operator-declared
P114	P050	tipping	boundary search	grid and calibration remain operator-declared
P114	P052	tipping	boundary search	grid and calibration remain operator-declared
P114	P056	tipping	boundary search	grid and calibration remain operator-declared
P114	P059	tipping	boundary search	grid and calibration remain operator-declared
P114	P060	tipping	boundary search	grid and calibration remain operator-declared
P114	P062	tipping	boundary search	declared loss may omit real consequences
P114	P063	tipping	boundary search	grid and calibration remain operator-declared
P114	P065	tipping	boundary search	grid and calibration remain operator-declared
P114	P071	tipping	boundary search	declared loss may omit real consequences
P114	P076	tipping	boundary search	declared grid
P114	P082	tipping	boundary search	grid and calibration remain operator-declared
P114	P084	tipping	boundary search	grid and calibration remain operator-declared
P114	P085	tipping	boundary search	grid and calibration remain operator-declared
P114	P087	tipping	boundary search	grid and calibration remain operator-declared
P114	P088	tipping	boundary search	grid and calibration remain operator-declared
P114	P089	tipping	boundary search	grid and calibration remain operator-declared
P114	P091	tipping	boundary search	declared loss may omit real consequences
P114	P092	tipping	boundary search	declared loss may omit real consequences
P114	P093	tipping	boundary search	declared loss may omit real consequences
P114	P108	tipping	boundary search	grid and calibration remain operator-declared
P114	P110	tipping	boundary search	grid and calibration remain operator-declared
P114	P112	tipping	boundary search	grid and calibration remain operator-declared
P114	P115	tipping	boundary search	declared grid
P114	P117	tipping	boundary search	declared grid
P114	P119	tipping	boundary search	declared grid
P114	P141	tipping	boundary search	grid and calibration remain operator-declared
P115	P020	tipping	boundary search	grid and calibration remain operator-declared
P115	P023	tipping	boundary search	does not establish unmeasured causal assumptions
P115	P026	tipping	boundary search	grid and calibration remain operator-declared
P115	P030	tipping	boundary search	grid and calibration remain operator-declared
P115	P037	tipping	boundary search	certificate must not transfer outside its shell
P115	P044	tipping	boundary search	grid and calibration remain operator-declared
P115	P045	tipping	boundary search	grid and calibration remain operator-declared
P115	P050	tipping	boundary search	grid and calibration remain operator-declared
P115	P052	tipping	boundary search	grid and calibration remain operator-declared
P115	P056	tipping	boundary search	grid and calibration remain operator-declared
P115	P059	tipping	boundary search	grid and calibration remain operator-declared
P115	P060	tipping	boundary search	grid and calibration remain operator-declared
P115	P062	tipping	boundary search	declared loss may omit real consequences
P115	P063	tipping	boundary search	grid and calibration remain operator-declared
P115	P065	tipping	boundary search	grid and calibration remain operator-declared
P115	P071	tipping	boundary search	declared loss may omit real consequences
P115	P076	tipping	boundary search	declared grid
P115	P082	tipping	boundary search	grid and calibration remain operator-declared
P115	P084	tipping	boundary search	grid and calibration remain operator-declared
P115	P085	tipping	boundary search	grid and calibration remain operator-declared
P115	P087	tipping	boundary search	grid and calibration remain operator-declared
P115	P088	tipping	boundary search	grid and calibration remain operator-declared
P115	P089	tipping	boundary search	grid and calibration remain operator-declared
P115	P091	tipping	boundary search	declared loss may omit real consequences
P115	P092	tipping	boundary search	declared loss may omit real consequences
P115	P093	tipping	boundary search	declared loss may omit real consequences
P115	P108	tipping	boundary search	grid and calibration remain operator-declared
P115	P110	tipping	boundary search	grid and calibration remain operator-declared
P115	P112	tipping	boundary search	grid and calibration remain operator-declared
P115	P114	tipping	boundary search	declared grid
P115	P117	tipping	boundary search	declared grid
P115	P119	tipping	boundary search	declared grid
P115	P141	tipping	boundary search	grid and calibration remain operator-declared
P116	P001	selection	feasibility-gated selection	declared score
P116	P002	selection	feasibility-gated selection	declared score
P116	P003	selection	feasibility-gated selection	declared score
P116	P004	selection	feasibility-gated selection	declared score
P116	P005	selection	feasibility-gated selection	declared score
P116	P006	selection	feasibility-gated selection	declared score
P116	P007	selection	feasibility-gated selection	declared score
P116	P008	selection	feasibility-gated selection	declared score
P116	P012	selection	feasibility-gated selection	declared score
P116	P013	selection	feasibility-gated selection	declared score
P116	P014	selection	feasibility-gated selection	declared score
P116	P015	selection	feasibility-gated selection	declared score
P116	P016	selection	feasibility-gated selection	declared score
P116	P017	selection	feasibility-gated selection	declared score
P116	P019	selection	feasibility-gated selection	declared score
P116	P028	selection	feasibility-gated selection	declared score
P116	P034	selection	feasibility-gated selection	declared score
P116	P035	selection	feasibility-gated selection	declared score
P116	P038	selection	feasibility-gated selection	declared score
P116	P039	selection	feasibility-gated selection	declared score
P116	P061	selection	feasibility-gated selection	declared score
P116	P067	selection	feasibility-gated selection	declared score
P116	P068	selection	feasibility-gated selection	declared score
P116	P077	selection	feasibility-gated selection	declared score
P116	P100	selection	feasibility-gated selection	declared score
P116	P101	selection	feasibility-gated selection	declared score
P116	P102	selection	feasibility-gated selection	declared score
P116	P103	selection	feasibility-gated selection	declared score
P116	P104	selection	feasibility-gated selection	declared score
P116	P105	selection	feasibility-gated selection	declared score
P116	P118	selection	feasibility-gated selection	declared score
P116	P120	selection	feasibility-gated selection	declared score
P116	P121	selection	feasibility-gated selection	declared score
P116	P124	selection	feasibility-gated selection	declared score
P116	P127	selection	feasibility-gated selection	declared score
P116	P128	selection	feasibility-gated selection	declared score
P116	P129	selection	feasibility-gated selection	declared score
P116	P130	selection	feasibility-gated selection	declared score
P116	P132	selection	feasibility-gated selection	declared score
P116	P133	selection	feasibility-gated selection	declared score
P116	P134	selection	feasibility-gated selection	declared score
P116	P139	selection	feasibility-gated selection	declared score
P117	P020	tipping	boundary search	grid and calibration remain operator-declared
P117	P023	tipping	boundary search	does not establish unmeasured causal assumptions
P117	P026	tipping	boundary search	grid and calibration remain operator-declared
P117	P030	tipping	boundary search	grid and calibration remain operator-declared
P117	P037	tipping	boundary search	certificate must not transfer outside its shell
P117	P044	tipping	boundary search	grid and calibration remain operator-declared
P117	P045	tipping	boundary search	grid and calibration remain operator-declared
P117	P050	tipping	boundary search	grid and calibration remain operator-declared
P117	P052	tipping	boundary search	grid and calibration remain operator-declared
P117	P056	tipping	boundary search	grid and calibration remain operator-declared
P117	P059	tipping	boundary search	grid and calibration remain operator-declared
P117	P060	tipping	boundary search	grid and calibration remain operator-declared
P117	P062	tipping	boundary search	declared loss may omit real consequences
P117	P063	tipping	boundary search	grid and calibration remain operator-declared
P117	P065	tipping	boundary search	grid and calibration remain operator-declared
P117	P071	tipping	boundary search	declared loss may omit real consequences
P117	P076	tipping	boundary search	declared grid
P117	P082	tipping	boundary search	grid and calibration remain operator-declared
P117	P084	tipping	boundary search	grid and calibration remain operator-declared
P117	P085	tipping	boundary search	grid and calibration remain operator-declared
P117	P087	tipping	boundary search	grid and calibration remain operator-declared
P117	P088	tipping	boundary search	grid and calibration remain operator-declared
P117	P089	tipping	boundary search	grid and calibration remain operator-declared
P117	P091	tipping	boundary search	declared loss may omit real consequences
P117	P092	tipping	boundary search	declared loss may omit real consequences
P117	P093	tipping	boundary search	declared loss may omit real consequences
P117	P108	tipping	boundary search	grid and calibration remain operator-declared
P117	P110	tipping	boundary search	grid and calibration remain operator-declared
P117	P112	tipping	boundary search	grid and calibration remain operator-declared
P117	P114	tipping	boundary search	declared grid
P117	P115	tipping	boundary search	declared grid
P117	P119	tipping	boundary search	declared grid
P117	P141	tipping	boundary search	grid and calibration remain operator-declared
P118	P001	selection	feasibility-gated selection	declared score
P118	P002	selection	feasibility-gated selection	declared score
P118	P003	selection	feasibility-gated selection	declared score
P118	P004	selection	feasibility-gated selection	declared score
P118	P005	selection	feasibility-gated selection	declared score
P118	P006	selection	feasibility-gated selection	declared score
P118	P007	selection	feasibility-gated selection	declared score
P118	P008	selection	feasibility-gated selection	declared score
P118	P012	selection	feasibility-gated selection	declared score
P118	P013	selection	feasibility-gated selection	declared score
P118	P014	selection	feasibility-gated selection	declared score
P118	P015	selection	feasibility-gated selection	declared score
P118	P016	selection	feasibility-gated selection	declared score
P118	P017	selection	feasibility-gated selection	declared score
P118	P019	selection	feasibility-gated selection	declared score
P118	P028	selection	feasibility-gated selection	declared score
P118	P034	selection	feasibility-gated selection	declared score
P118	P035	selection	feasibility-gated selection	declared score
P118	P038	selection	feasibility-gated selection	declared score
P118	P039	selection	feasibility-gated selection	declared score
P118	P061	selection	feasibility-gated selection	declared score
P118	P067	selection	feasibility-gated selection	declared score
P118	P068	selection	feasibility-gated selection	declared score
P118	P077	selection	feasibility-gated selection	declared score
P118	P100	selection	feasibility-gated selection	declared score
P118	P101	selection	feasibility-gated selection	declared score
P118	P102	selection	feasibility-gated selection	declared score
P118	P103	selection	feasibility-gated selection	declared score
P118	P104	selection	feasibility-gated selection	declared score
P118	P105	selection	feasibility-gated selection	declared score
P118	P116	selection	feasibility-gated selection	declared score
P118	P120	selection	feasibility-gated selection	declared score
P118	P121	selection	feasibility-gated selection	declared score
P118	P124	selection	feasibility-gated selection	declared score
P118	P127	selection	feasibility-gated selection	declared score
P118	P128	selection	feasibility-gated selection	declared score
P118	P129	selection	feasibility-gated selection	declared score
P118	P130	selection	feasibility-gated selection	declared score
P118	P132	selection	feasibility-gated selection	declared score
P118	P133	selection	feasibility-gated selection	declared score
P118	P134	selection	feasibility-gated selection	declared score
P118	P139	selection	feasibility-gated selection	declared score
P119	P020	tipping	boundary search	grid and calibration remain operator-declared
P119	P023	tipping	boundary search	does not establish unmeasured causal assumptions
P119	P026	tipping	boundary search	grid and calibration remain operator-declared
P119	P030	tipping	boundary search	grid and calibration remain operator-declared
P119	P037	tipping	boundary search	certificate must not transfer outside its shell
P119	P044	tipping	boundary search	grid and calibration remain operator-declared
P119	P045	tipping	boundary search	grid and calibration remain operator-declared
P119	P050	tipping	boundary search	grid and calibration remain operator-declared
P119	P052	tipping	boundary search	grid and calibration remain operator-declared
P119	P056	tipping	boundary search	grid and calibration remain operator-declared
P119	P059	tipping	boundary search	grid and calibration remain operator-declared
P119	P060	tipping	boundary search	grid and calibration remain operator-declared
P119	P062	tipping	boundary search	declared loss may omit real consequences
P119	P063	tipping	boundary search	grid and calibration remain operator-declared
P119	P065	tipping	boundary search	grid and calibration remain operator-declared
P119	P071	tipping	boundary search	declared loss may omit real consequences
P119	P076	tipping	boundary search	declared grid
P119	P082	tipping	boundary search	grid and calibration remain operator-declared
P119	P084	tipping	boundary search	grid and calibration remain operator-declared
P119	P085	tipping	boundary search	grid and calibration remain operator-declared
P119	P087	tipping	boundary search	grid and calibration remain operator-declared
P119	P088	tipping	boundary search	grid and calibration remain operator-declared
P119	P089	tipping	boundary search	grid and calibration remain operator-declared
P119	P091	tipping	boundary search	declared loss may omit real consequences
P119	P092	tipping	boundary search	declared loss may omit real consequences
P119	P093	tipping	boundary search	declared loss may omit real consequences
P119	P108	tipping	boundary search	grid and calibration remain operator-declared
P119	P110	tipping	boundary search	grid and calibration remain operator-declared
P119	P112	tipping	boundary search	grid and calibration remain operator-declared
P119	P114	tipping	boundary search	declared grid
P119	P115	tipping	boundary search	declared grid
P119	P117	tipping	boundary search	declared grid
P119	P141	tipping	boundary search	grid and calibration remain operator-declared
P120	P001	selection	feasibility-gated selection	declared score
P120	P002	selection	feasibility-gated selection	declared score
P120	P003	selection	feasibility-gated selection	declared score
P120	P004	selection	feasibility-gated selection	declared score
P120	P005	selection	feasibility-gated selection	declared score
P120	P006	selection	feasibility-gated selection	declared score
P120	P007	selection	feasibility-gated selection	declared score
P120	P008	selection	feasibility-gated selection	declared score
P120	P012	selection	feasibility-gated selection	declared score
P120	P013	selection	feasibility-gated selection	declared score
P120	P014	selection	feasibility-gated selection	declared score
P120	P015	selection	feasibility-gated selection	declared score
P120	P016	selection	feasibility-gated selection	declared score
P120	P017	selection	feasibility-gated selection	declared score
P120	P019	selection	feasibility-gated selection	declared score
P120	P028	selection	feasibility-gated selection	declared score
P120	P034	selection	feasibility-gated selection	declared score
P120	P035	selection	feasibility-gated selection	declared score
P120	P038	selection	feasibility-gated selection	declared score
P120	P039	selection	feasibility-gated selection	declared score
P120	P061	selection	feasibility-gated selection	declared score
P120	P067	selection	feasibility-gated selection	declared score
P120	P068	selection	feasibility-gated selection	declared score
P120	P077	selection	feasibility-gated selection	declared score
P120	P100	selection	feasibility-gated selection	declared score
P120	P101	selection	feasibility-gated selection	declared score
P120	P102	selection	feasibility-gated selection	declared score
P120	P103	selection	feasibility-gated selection	declared score
P120	P104	selection	feasibility-gated selection	declared score
P120	P105	selection	feasibility-gated selection	declared score
P120	P116	selection	feasibility-gated selection	declared score
P120	P118	selection	feasibility-gated selection	declared score
P120	P121	selection	feasibility-gated selection	declared score
P120	P124	selection	feasibility-gated selection	declared score
P120	P127	selection	feasibility-gated selection	declared score
P120	P128	selection	feasibility-gated selection	declared score
P120	P129	selection	feasibility-gated selection	declared score
P120	P130	selection	feasibility-gated selection	declared score
P120	P132	selection	feasibility-gated selection	declared score
P120	P133	selection	feasibility-gated selection	declared score
P120	P134	selection	feasibility-gated selection	declared score
P120	P139	selection	feasibility-gated selection	declared score
P121	P001	selection	feasibility-gated selection	declared score
P121	P002	selection	feasibility-gated selection	declared score
P121	P003	selection	feasibility-gated selection	declared score
P121	P004	selection	feasibility-gated selection	declared score
P121	P005	selection	feasibility-gated selection	declared score
P121	P006	selection	feasibility-gated selection	declared score
P121	P007	selection	feasibility-gated selection	declared score
P121	P008	selection	feasibility-gated selection	declared score
P121	P012	selection	feasibility-gated selection	declared score
P121	P013	selection	feasibility-gated selection	declared score
P121	P014	selection	feasibility-gated selection	declared score
P121	P015	selection	feasibility-gated selection	declared score
P121	P016	selection	feasibility-gated selection	declared score
P121	P017	selection	feasibility-gated selection	declared score
P121	P019	selection	feasibility-gated selection	declared score
P121	P028	selection	feasibility-gated selection	declared score
P121	P034	selection	feasibility-gated selection	declared score
P121	P035	selection	feasibility-gated selection	declared score
P121	P038	selection	feasibility-gated selection	declared score
P121	P039	selection	feasibility-gated selection	declared score
P121	P061	selection	feasibility-gated selection	declared score
P121	P067	selection	feasibility-gated selection	declared score
P121	P068	selection	feasibility-gated selection	declared score
P121	P077	selection	feasibility-gated selection	declared score
P121	P100	selection	feasibility-gated selection	declared score
P121	P101	selection	feasibility-gated selection	declared score
P121	P102	selection	feasibility-gated selection	declared score
P121	P103	selection	feasibility-gated selection	declared score
P121	P104	selection	feasibility-gated selection	declared score
P121	P105	selection	feasibility-gated selection	declared score
P121	P116	selection	feasibility-gated selection	declared score
P121	P118	selection	feasibility-gated selection	declared score
P121	P120	selection	feasibility-gated selection	declared score
P121	P124	selection	feasibility-gated selection	declared score
P121	P127	selection	feasibility-gated selection	declared score
P121	P128	selection	feasibility-gated selection	declared score
P121	P129	selection	feasibility-gated selection	declared score
P121	P130	selection	feasibility-gated selection	declared score
P121	P132	selection	feasibility-gated selection	declared score
P121	P133	selection	feasibility-gated selection	declared score
P121	P134	selection	feasibility-gated selection	declared score
P121	P139	selection	feasibility-gated selection	declared score
P122	P022	audit	protected comparison	holdout may not represent deployment
P122	P027	audit	protected comparison	certificate failure is not universal impossibility
P122	P040	audit	protected comparison	requires a representative protected shell
P122	P042	audit	protected comparison	declared loss may omit real consequences
P122	P047	audit	protected comparison	current exposure does not cover every future path
P122	P048	audit	protected comparison	requires a representative protected shell
P122	P051	audit	protected comparison	holdout may not represent deployment
P122	P053	audit	protected comparison	declared loss may omit real consequences
P122	P055	audit	protected comparison	holdout may not represent deployment
P122	P064	audit	protected comparison	protected shell choice
P122	P069	audit	protected comparison	holdout may not represent deployment
P122	P072	audit	protected comparison	holdout may not represent deployment
P122	P078	audit	protected comparison	protected shell choice
P122	P081	audit	protected comparison	requires a representative protected shell
P122	P086	audit	protected comparison	protected shell choice
P122	P094	audit	protected comparison	protected shell choice
P122	P095	audit	protected comparison	requires a representative protected shell
P122	P097	audit	protected comparison	protected shell choice
P122	P098	audit	protected comparison	protected shell choice
P122	P106	audit	protected comparison	holdout may not represent deployment
P122	P107	audit	protected comparison	declared loss may omit real consequences
P122	P113	audit	protected comparison	declared loss may omit real consequences
P122	P123	audit	protected comparison	protected shell choice
P122	P125	audit	protected comparison	protected shell choice
P122	P126	audit	protected comparison	protected shell choice
P122	P131	audit	protected comparison	protected shell choice
P122	P137	audit	protected comparison	holdout may not represent deployment
P122	P140	audit	protected comparison	requires a representative protected shell
P122	P142	audit	protected comparison	requires a representative protected shell
P122	P145	audit	protected comparison	holdout may not represent deployment
P123	P022	audit	protected comparison	holdout may not represent deployment
P123	P027	audit	protected comparison	certificate failure is not universal impossibility
P123	P040	audit	protected comparison	requires a representative protected shell
P123	P042	audit	protected comparison	declared loss may omit real consequences
P123	P047	audit	protected comparison	current exposure does not cover every future path
P123	P048	audit	protected comparison	requires a representative protected shell
P123	P051	audit	protected comparison	holdout may not represent deployment
P123	P053	audit	protected comparison	declared loss may omit real consequences
P123	P055	audit	protected comparison	holdout may not represent deployment
P123	P064	audit	protected comparison	protected shell choice
P123	P069	audit	protected comparison	holdout may not represent deployment
P123	P072	audit	protected comparison	holdout may not represent deployment
P123	P078	audit	protected comparison	protected shell choice
P123	P081	audit	protected comparison	requires a representative protected shell
P123	P086	audit	protected comparison	protected shell choice
P123	P094	audit	protected comparison	protected shell choice
P123	P095	audit	protected comparison	requires a representative protected shell
P123	P097	audit	protected comparison	protected shell choice
P123	P098	audit	protected comparison	protected shell choice
P123	P106	audit	protected comparison	holdout may not represent deployment
P123	P107	audit	protected comparison	declared loss may omit real consequences
P123	P113	audit	protected comparison	declared loss may omit real consequences
P123	P122	audit	protected comparison	protected shell choice
P123	P125	audit	protected comparison	protected shell choice
P123	P126	audit	protected comparison	protected shell choice
P123	P131	audit	protected comparison	protected shell choice
P123	P137	audit	protected comparison	holdout may not represent deployment
P123	P140	audit	protected comparison	requires a representative protected shell
P123	P142	audit	protected comparison	requires a representative protected shell
P123	P145	audit	protected comparison	holdout may not represent deployment
P124	P001	selection	feasibility-gated selection	declared score
P124	P002	selection	feasibility-gated selection	declared score
P124	P003	selection	feasibility-gated selection	declared score
P124	P004	selection	feasibility-gated selection	declared score
P124	P005	selection	feasibility-gated selection	declared score
P124	P006	selection	feasibility-gated selection	declared score
P124	P007	selection	feasibility-gated selection	declared score
P124	P008	selection	feasibility-gated selection	declared score
P124	P012	selection	feasibility-gated selection	declared score
P124	P013	selection	feasibility-gated selection	declared score
P124	P014	selection	feasibility-gated selection	declared score
P124	P015	selection	feasibility-gated selection	declared score
P124	P016	selection	feasibility-gated selection	declared score
P124	P017	selection	feasibility-gated selection	declared score
P124	P019	selection	feasibility-gated selection	declared score
P124	P028	selection	feasibility-gated selection	declared score
P124	P034	selection	feasibility-gated selection	declared score
P124	P035	selection	feasibility-gated selection	declared score
P124	P038	selection	feasibility-gated selection	declared score
P124	P039	selection	feasibility-gated selection	declared score
P124	P061	selection	feasibility-gated selection	declared score
P124	P067	selection	feasibility-gated selection	declared score
P124	P068	selection	feasibility-gated selection	declared score
P124	P077	selection	feasibility-gated selection	declared score
P124	P100	selection	feasibility-gated selection	declared score
P124	P101	selection	feasibility-gated selection	declared score
P124	P102	selection	feasibility-gated selection	declared score
P124	P103	selection	feasibility-gated selection	declared score
P124	P104	selection	feasibility-gated selection	declared score
P124	P105	selection	feasibility-gated selection	declared score
P124	P116	selection	feasibility-gated selection	declared score
P124	P118	selection	feasibility-gated selection	declared score
P124	P120	selection	feasibility-gated selection	declared score
P124	P121	selection	feasibility-gated selection	declared score
P124	P127	selection	feasibility-gated selection	declared score
P124	P128	selection	feasibility-gated selection	declared score
P124	P129	selection	feasibility-gated selection	declared score
P124	P130	selection	feasibility-gated selection	declared score
P124	P132	selection	feasibility-gated selection	declared score
P124	P133	selection	feasibility-gated selection	declared score
P124	P134	selection	feasibility-gated selection	declared score
P124	P139	selection	feasibility-gated selection	declared score
P125	P022	audit	protected comparison	holdout may not represent deployment
P125	P027	audit	protected comparison	certificate failure is not universal impossibility
P125	P040	audit	protected comparison	requires a representative protected shell
P125	P042	audit	protected comparison	declared loss may omit real consequences
P125	P047	audit	protected comparison	current exposure does not cover every future path
P125	P048	audit	protected comparison	requires a representative protected shell
P125	P051	audit	protected comparison	holdout may not represent deployment
P125	P053	audit	protected comparison	declared loss may omit real consequences
P125	P055	audit	protected comparison	holdout may not represent deployment
P125	P064	audit	protected comparison	protected shell choice
P125	P069	audit	protected comparison	holdout may not represent deployment
P125	P072	audit	protected comparison	holdout may not represent deployment
P125	P078	audit	protected comparison	protected shell choice
P125	P081	audit	protected comparison	requires a representative protected shell
P125	P086	audit	protected comparison	protected shell choice
P125	P094	audit	protected comparison	protected shell choice
P125	P095	audit	protected comparison	requires a representative protected shell
P125	P097	audit	protected comparison	protected shell choice
P125	P098	audit	protected comparison	protected shell choice
P125	P106	audit	protected comparison	holdout may not represent deployment
P125	P107	audit	protected comparison	declared loss may omit real consequences
P125	P113	audit	protected comparison	declared loss may omit real consequences
P125	P122	audit	protected comparison	protected shell choice
P125	P123	audit	protected comparison	protected shell choice
P125	P126	audit	protected comparison	protected shell choice
P125	P131	audit	protected comparison	protected shell choice
P125	P137	audit	protected comparison	holdout may not represent deployment
P125	P140	audit	protected comparison	requires a representative protected shell
P125	P142	audit	protected comparison	requires a representative protected shell
P125	P145	audit	protected comparison	holdout may not represent deployment
P126	P022	audit	protected comparison	holdout may not represent deployment
P126	P027	audit	protected comparison	certificate failure is not universal impossibility
P126	P040	audit	protected comparison	requires a representative protected shell
P126	P042	audit	protected comparison	declared loss may omit real consequences
P126	P047	audit	protected comparison	current exposure does not cover every future path
P126	P048	audit	protected comparison	requires a representative protected shell
P126	P051	audit	protected comparison	holdout may not represent deployment
P126	P053	audit	protected comparison	declared loss may omit real consequences
P126	P055	audit	protected comparison	holdout may not represent deployment
P126	P064	audit	protected comparison	protected shell choice
P126	P069	audit	protected comparison	holdout may not represent deployment
P126	P072	audit	protected comparison	holdout may not represent deployment
P126	P078	audit	protected comparison	protected shell choice
P126	P081	audit	protected comparison	requires a representative protected shell
P126	P086	audit	protected comparison	protected shell choice
P126	P094	audit	protected comparison	protected shell choice
P126	P095	audit	protected comparison	requires a representative protected shell
P126	P097	audit	protected comparison	protected shell choice
P126	P098	audit	protected comparison	protected shell choice
P126	P106	audit	protected comparison	holdout may not represent deployment
P126	P107	audit	protected comparison	declared loss may omit real consequences
P126	P113	audit	protected comparison	declared loss may omit real consequences
P126	P122	audit	protected comparison	protected shell choice
P126	P123	audit	protected comparison	protected shell choice
P126	P125	audit	protected comparison	protected shell choice
P126	P131	audit	protected comparison	protected shell choice
P126	P137	audit	protected comparison	holdout may not represent deployment
P126	P140	audit	protected comparison	requires a representative protected shell
P126	P142	audit	protected comparison	requires a representative protected shell
P126	P145	audit	protected comparison	holdout may not represent deployment
P127	P001	selection	feasibility-gated selection	declared score
P127	P002	selection	feasibility-gated selection	declared score
P127	P003	selection	feasibility-gated selection	declared score
P127	P004	selection	feasibility-gated selection	declared score
P127	P005	selection	feasibility-gated selection	declared score
P127	P006	selection	feasibility-gated selection	declared score
P127	P007	selection	feasibility-gated selection	declared score
P127	P008	selection	feasibility-gated selection	declared score
P127	P012	selection	feasibility-gated selection	declared score
P127	P013	selection	feasibility-gated selection	declared score
P127	P014	selection	feasibility-gated selection	declared score
P127	P015	selection	feasibility-gated selection	declared score
P127	P016	selection	feasibility-gated selection	declared score
P127	P017	selection	feasibility-gated selection	declared score
P127	P019	selection	feasibility-gated selection	declared score
P127	P028	selection	feasibility-gated selection	declared score
P127	P034	selection	feasibility-gated selection	declared score
P127	P035	selection	feasibility-gated selection	declared score
P127	P038	selection	feasibility-gated selection	declared score
P127	P039	selection	feasibility-gated selection	declared score
P127	P061	selection	feasibility-gated selection	declared score
P127	P067	selection	feasibility-gated selection	declared score
P127	P068	selection	feasibility-gated selection	declared score
P127	P077	selection	feasibility-gated selection	declared score
P127	P100	selection	feasibility-gated selection	declared score
P127	P101	selection	feasibility-gated selection	declared score
P127	P102	selection	feasibility-gated selection	declared score
P127	P103	selection	feasibility-gated selection	declared score
P127	P104	selection	feasibility-gated selection	declared score
P127	P105	selection	feasibility-gated selection	declared score
P127	P116	selection	feasibility-gated selection	declared score
P127	P118	selection	feasibility-gated selection	declared score
P127	P120	selection	feasibility-gated selection	declared score
P127	P121	selection	feasibility-gated selection	declared score
P127	P124	selection	feasibility-gated selection	declared score
P127	P128	selection	feasibility-gated selection	declared score
P127	P129	selection	feasibility-gated selection	declared score
P127	P130	selection	feasibility-gated selection	declared score
P127	P132	selection	feasibility-gated selection	declared score
P127	P133	selection	feasibility-gated selection	declared score
P127	P134	selection	feasibility-gated selection	declared score
P127	P139	selection	feasibility-gated selection	declared score
P128	P001	selection	feasibility-gated selection	declared score
P128	P002	selection	feasibility-gated selection	declared score
P128	P003	selection	feasibility-gated selection	declared score
P128	P004	selection	feasibility-gated selection	declared score
P128	P005	selection	feasibility-gated selection	declared score
P128	P006	selection	feasibility-gated selection	declared score
P128	P007	selection	feasibility-gated selection	declared score
P128	P008	selection	feasibility-gated selection	declared score
P128	P012	selection	feasibility-gated selection	declared score
P128	P013	selection	feasibility-gated selection	declared score
P128	P014	selection	feasibility-gated selection	declared score
P128	P015	selection	feasibility-gated selection	declared score
P128	P016	selection	feasibility-gated selection	declared score
P128	P017	selection	feasibility-gated selection	declared score
P128	P019	selection	feasibility-gated selection	declared score
P128	P028	selection	feasibility-gated selection	declared score
P128	P034	selection	feasibility-gated selection	declared score
P128	P035	selection	feasibility-gated selection	declared score
P128	P038	selection	feasibility-gated selection	declared score
P128	P039	selection	feasibility-gated selection	declared score
P128	P061	selection	feasibility-gated selection	declared score
P128	P067	selection	feasibility-gated selection	declared score
P128	P068	selection	feasibility-gated selection	declared score
P128	P077	selection	feasibility-gated selection	declared score
P128	P100	selection	feasibility-gated selection	declared score
P128	P101	selection	feasibility-gated selection	declared score
P128	P102	selection	feasibility-gated selection	declared score
P128	P103	selection	feasibility-gated selection	declared score
P128	P104	selection	feasibility-gated selection	declared score
P128	P105	selection	feasibility-gated selection	declared score
P128	P116	selection	feasibility-gated selection	declared score
P128	P118	selection	feasibility-gated selection	declared score
P128	P120	selection	feasibility-gated selection	declared score
P128	P121	selection	feasibility-gated selection	declared score
P128	P124	selection	feasibility-gated selection	declared score
P128	P127	selection	feasibility-gated selection	declared score
P128	P129	selection	feasibility-gated selection	declared score
P128	P130	selection	feasibility-gated selection	declared score
P128	P132	selection	feasibility-gated selection	declared score
P128	P133	selection	feasibility-gated selection	declared score
P128	P134	selection	feasibility-gated selection	declared score
P128	P139	selection	feasibility-gated selection	declared score
P129	P001	selection	feasibility-gated selection	declared score
P129	P002	selection	feasibility-gated selection	declared score
P129	P003	selection	feasibility-gated selection	declared score
P129	P004	selection	feasibility-gated selection	declared score
P129	P005	selection	feasibility-gated selection	declared score
P129	P006	selection	feasibility-gated selection	declared score
P129	P007	selection	feasibility-gated selection	declared score
P129	P008	selection	feasibility-gated selection	declared score
P129	P012	selection	feasibility-gated selection	declared score
P129	P013	selection	feasibility-gated selection	declared score
P129	P014	selection	feasibility-gated selection	declared score
P129	P015	selection	feasibility-gated selection	declared score
P129	P016	selection	feasibility-gated selection	declared score
P129	P017	selection	feasibility-gated selection	declared score
P129	P019	selection	feasibility-gated selection	declared score
P129	P028	selection	feasibility-gated selection	declared score
P129	P034	selection	feasibility-gated selection	declared score
P129	P035	selection	feasibility-gated selection	declared score
P129	P038	selection	feasibility-gated selection	declared score
P129	P039	selection	feasibility-gated selection	declared score
P129	P061	selection	feasibility-gated selection	declared score
P129	P067	selection	feasibility-gated selection	declared score
P129	P068	selection	feasibility-gated selection	declared score
P129	P077	selection	feasibility-gated selection	declared score
P129	P100	selection	feasibility-gated selection	declared score
P129	P101	selection	feasibility-gated selection	declared score
P129	P102	selection	feasibility-gated selection	declared score
P129	P103	selection	feasibility-gated selection	declared score
P129	P104	selection	feasibility-gated selection	declared score
P129	P105	selection	feasibility-gated selection	declared score
P129	P116	selection	feasibility-gated selection	declared score
P129	P118	selection	feasibility-gated selection	declared score
P129	P120	selection	feasibility-gated selection	declared score
P129	P121	selection	feasibility-gated selection	declared score
P129	P124	selection	feasibility-gated selection	declared score
P129	P127	selection	feasibility-gated selection	declared score
P129	P128	selection	feasibility-gated selection	declared score
P129	P130	selection	feasibility-gated selection	declared score
P129	P132	selection	feasibility-gated selection	declared score
P129	P133	selection	feasibility-gated selection	declared score
P129	P134	selection	feasibility-gated selection	declared score
P129	P139	selection	feasibility-gated selection	declared score
P130	P001	selection	feasibility-gated selection	declared score
P130	P002	selection	feasibility-gated selection	declared score
P130	P003	selection	feasibility-gated selection	declared score
P130	P004	selection	feasibility-gated selection	declared score
P130	P005	selection	feasibility-gated selection	declared score
P130	P006	selection	feasibility-gated selection	declared score
P130	P007	selection	feasibility-gated selection	declared score
P130	P008	selection	feasibility-gated selection	declared score
P130	P012	selection	feasibility-gated selection	declared score
P130	P013	selection	feasibility-gated selection	declared score
P130	P014	selection	feasibility-gated selection	declared score
P130	P015	selection	feasibility-gated selection	declared score
P130	P016	selection	feasibility-gated selection	declared score
P130	P017	selection	feasibility-gated selection	declared score
P130	P019	selection	feasibility-gated selection	declared score
P130	P028	selection	feasibility-gated selection	declared score
P130	P034	selection	feasibility-gated selection	declared score
P130	P035	selection	feasibility-gated selection	declared score
P130	P038	selection	feasibility-gated selection	declared score
P130	P039	selection	feasibility-gated selection	declared score
P130	P061	selection	feasibility-gated selection	declared score
P130	P067	selection	feasibility-gated selection	declared score
P130	P068	selection	feasibility-gated selection	declared score
P130	P077	selection	feasibility-gated selection	declared score
P130	P100	selection	feasibility-gated selection	declared score
P130	P101	selection	feasibility-gated selection	declared score
P130	P102	selection	feasibility-gated selection	declared score
P130	P103	selection	feasibility-gated selection	declared score
P130	P104	selection	feasibility-gated selection	declared score
P130	P105	selection	feasibility-gated selection	declared score
P130	P116	selection	feasibility-gated selection	declared score
P130	P118	selection	feasibility-gated selection	declared score
P130	P120	selection	feasibility-gated selection	declared score
P130	P121	selection	feasibility-gated selection	declared score
P130	P124	selection	feasibility-gated selection	declared score
P130	P127	selection	feasibility-gated selection	declared score
P130	P128	selection	feasibility-gated selection	declared score
P130	P129	selection	feasibility-gated selection	declared score
P130	P132	selection	feasibility-gated selection	declared score
P130	P133	selection	feasibility-gated selection	declared score
P130	P134	selection	feasibility-gated selection	declared score
P130	P139	selection	feasibility-gated selection	declared score
P131	P022	audit	protected comparison	holdout may not represent deployment
P131	P027	audit	protected comparison	certificate failure is not universal impossibility
P131	P040	audit	protected comparison	requires a representative protected shell
P131	P042	audit	protected comparison	declared loss may omit real consequences
P131	P047	audit	protected comparison	current exposure does not cover every future path
P131	P048	audit	protected comparison	requires a representative protected shell
P131	P051	audit	protected comparison	holdout may not represent deployment
P131	P053	audit	protected comparison	declared loss may omit real consequences
P131	P055	audit	protected comparison	holdout may not represent deployment
P131	P064	audit	protected comparison	protected shell choice
P131	P069	audit	protected comparison	holdout may not represent deployment
P131	P072	audit	protected comparison	holdout may not represent deployment
P131	P078	audit	protected comparison	protected shell choice
P131	P081	audit	protected comparison	requires a representative protected shell
P131	P086	audit	protected comparison	protected shell choice
P131	P094	audit	protected comparison	protected shell choice
P131	P095	audit	protected comparison	requires a representative protected shell
P131	P097	audit	protected comparison	protected shell choice
P131	P098	audit	protected comparison	protected shell choice
P131	P106	audit	protected comparison	holdout may not represent deployment
P131	P107	audit	protected comparison	declared loss may omit real consequences
P131	P113	audit	protected comparison	declared loss may omit real consequences
P131	P122	audit	protected comparison	protected shell choice
P131	P123	audit	protected comparison	protected shell choice
P131	P125	audit	protected comparison	protected shell choice
P131	P126	audit	protected comparison	protected shell choice
P131	P137	audit	protected comparison	holdout may not represent deployment
P131	P140	audit	protected comparison	requires a representative protected shell
P131	P142	audit	protected comparison	requires a representative protected shell
P131	P145	audit	protected comparison	holdout may not represent deployment
P132	P001	selection	feasibility-gated selection	declared score
P132	P002	selection	feasibility-gated selection	declared score
P132	P003	selection	feasibility-gated selection	declared score
P132	P004	selection	feasibility-gated selection	declared score
P132	P005	selection	feasibility-gated selection	declared score
P132	P006	selection	feasibility-gated selection	declared score
P132	P007	selection	feasibility-gated selection	declared score
P132	P008	selection	feasibility-gated selection	declared score
P132	P012	selection	feasibility-gated selection	declared score
P132	P013	selection	feasibility-gated selection	declared score
P132	P014	selection	feasibility-gated selection	declared score
P132	P015	selection	feasibility-gated selection	declared score
P132	P016	selection	feasibility-gated selection	declared score
P132	P017	selection	feasibility-gated selection	declared score
P132	P019	selection	feasibility-gated selection	declared score
P132	P028	selection	feasibility-gated selection	declared score
P132	P034	selection	feasibility-gated selection	declared score
P132	P035	selection	feasibility-gated selection	declared score
P132	P038	selection	feasibility-gated selection	declared score
P132	P039	selection	feasibility-gated selection	declared score
P132	P061	selection	feasibility-gated selection	declared score
P132	P067	selection	feasibility-gated selection	declared score
P132	P068	selection	feasibility-gated selection	declared score
P132	P077	selection	feasibility-gated selection	declared score
P132	P100	selection	feasibility-gated selection	declared score
P132	P101	selection	feasibility-gated selection	declared score
P132	P102	selection	feasibility-gated selection	declared score
P132	P103	selection	feasibility-gated selection	declared score
P132	P104	selection	feasibility-gated selection	declared score
P132	P105	selection	feasibility-gated selection	declared score
P132	P116	selection	feasibility-gated selection	declared score
P132	P118	selection	feasibility-gated selection	declared score
P132	P120	selection	feasibility-gated selection	declared score
P132	P121	selection	feasibility-gated selection	declared score
P132	P124	selection	feasibility-gated selection	declared score
P132	P127	selection	feasibility-gated selection	declared score
P132	P128	selection	feasibility-gated selection	declared score
P132	P129	selection	feasibility-gated selection	declared score
P132	P130	selection	feasibility-gated selection	declared score
P132	P133	selection	feasibility-gated selection	declared score
P132	P134	selection	feasibility-gated selection	declared score
P132	P139	selection	feasibility-gated selection	declared score
P133	P001	selection	feasibility-gated selection	declared score
P133	P002	selection	feasibility-gated selection	declared score
P133	P003	selection	feasibility-gated selection	declared score
P133	P004	selection	feasibility-gated selection	declared score
P133	P005	selection	feasibility-gated selection	declared score
P133	P006	selection	feasibility-gated selection	declared score
P133	P007	selection	feasibility-gated selection	declared score
P133	P008	selection	feasibility-gated selection	declared score
P133	P012	selection	feasibility-gated selection	declared score
P133	P013	selection	feasibility-gated selection	declared score
P133	P014	selection	feasibility-gated selection	declared score
P133	P015	selection	feasibility-gated selection	declared score
P133	P016	selection	feasibility-gated selection	declared score
P133	P017	selection	feasibility-gated selection	declared score
P133	P019	selection	feasibility-gated selection	declared score
P133	P028	selection	feasibility-gated selection	declared score
P133	P034	selection	feasibility-gated selection	declared score
P133	P035	selection	feasibility-gated selection	declared score
P133	P038	selection	feasibility-gated selection	declared score
P133	P039	selection	feasibility-gated selection	declared score
P133	P061	selection	feasibility-gated selection	declared score
P133	P067	selection	feasibility-gated selection	declared score
P133	P068	selection	feasibility-gated selection	declared score
P133	P077	selection	feasibility-gated selection	declared score
P133	P100	selection	feasibility-gated selection	declared score
P133	P101	selection	feasibility-gated selection	declared score
P133	P102	selection	feasibility-gated selection	declared score
P133	P103	selection	feasibility-gated selection	declared score
P133	P104	selection	feasibility-gated selection	declared score
P133	P105	selection	feasibility-gated selection	declared score
P133	P116	selection	feasibility-gated selection	declared score
P133	P118	selection	feasibility-gated selection	declared score
P133	P120	selection	feasibility-gated selection	declared score
P133	P121	selection	feasibility-gated selection	declared score
P133	P124	selection	feasibility-gated selection	declared score
P133	P127	selection	feasibility-gated selection	declared score
P133	P128	selection	feasibility-gated selection	declared score
P133	P129	selection	feasibility-gated selection	declared score
P133	P130	selection	feasibility-gated selection	declared score
P133	P132	selection	feasibility-gated selection	declared score
P133	P134	selection	feasibility-gated selection	declared score
P133	P139	selection	feasibility-gated selection	declared score
P134	P001	selection	feasibility-gated selection	declared score
P134	P002	selection	feasibility-gated selection	declared score
P134	P003	selection	feasibility-gated selection	declared score
P134	P004	selection	feasibility-gated selection	declared score
P134	P005	selection	feasibility-gated selection	declared score
P134	P006	selection	feasibility-gated selection	declared score
P134	P007	selection	feasibility-gated selection	declared score
P134	P008	selection	feasibility-gated selection	declared score
P134	P012	selection	feasibility-gated selection	declared score
P134	P013	selection	feasibility-gated selection	declared score
P134	P014	selection	feasibility-gated selection	declared score
P134	P015	selection	feasibility-gated selection	declared score
P134	P016	selection	feasibility-gated selection	declared score
P134	P017	selection	feasibility-gated selection	declared score
P134	P019	selection	feasibility-gated selection	declared score
P134	P028	selection	feasibility-gated selection	declared score
P134	P034	selection	feasibility-gated selection	declared score
P134	P035	selection	feasibility-gated selection	declared score
P134	P038	selection	feasibility-gated selection	declared score
P134	P039	selection	feasibility-gated selection	declared score
P134	P061	selection	feasibility-gated selection	declared score
P134	P067	selection	feasibility-gated selection	declared score
P134	P068	selection	feasibility-gated selection	declared score
P134	P077	selection	feasibility-gated selection	declared score
P134	P100	selection	feasibility-gated selection	declared score
P134	P101	selection	feasibility-gated selection	declared score
P134	P102	selection	feasibility-gated selection	declared score
P134	P103	selection	feasibility-gated selection	declared score
P134	P104	selection	feasibility-gated selection	declared score
P134	P105	selection	feasibility-gated selection	declared score
P134	P116	selection	feasibility-gated selection	declared score
P134	P118	selection	feasibility-gated selection	declared score
P134	P120	selection	feasibility-gated selection	declared score
P134	P121	selection	feasibility-gated selection	declared score
P134	P124	selection	feasibility-gated selection	declared score
P134	P127	selection	feasibility-gated selection	declared score
P134	P128	selection	feasibility-gated selection	declared score
P134	P129	selection	feasibility-gated selection	declared score
P134	P130	selection	feasibility-gated selection	declared score
P134	P132	selection	feasibility-gated selection	declared score
P134	P133	selection	feasibility-gated selection	declared score
P134	P139	selection	feasibility-gated selection	declared score
P135	P027	certificate	explicit certificate scope	certificate failure is not universal impossibility
P135	P037	certificate	explicit certificate scope	certificate must not transfer outside its shell
P135	P054	certificate	explicit certificate scope	certificate must not transfer outside its shell
P135	P073	certificate	explicit certificate scope	certificate must not transfer outside its shell
P135	P143	certificate	explicit certificate scope	certificate failure is not universal impossibility
P136	P009	acquisition	cost-aware measurement choice	channel model may be misspecified
P136	P021	acquisition,information	cost-aware measurement choice	channel model may be misspecified
P136	P054	acquisition	cost-aware measurement choice	certificate must not transfer outside its shell
P136	P057	acquisition,information	cost-aware measurement choice	channel model may be misspecified
P136	P070	acquisition,information	cost-aware measurement choice	channel model may be misspecified
P136	P074	acquisition,information	cost-aware measurement choice	channel model may be misspecified
P136	P079	acquisition,information	cost-aware measurement choice	channel model may be misspecified
P136	P083	acquisition	cost-aware measurement choice	channel model may be misspecified
P136	P096	acquisition,information	cost-aware measurement choice	channel model may be misspecified
P136	P109	acquisition,information	cost-aware measurement choice	channel model may be misspecified
P136	P111	acquisition	cost-aware measurement choice	channel model may be misspecified
P136	P138	acquisition,information	cost-aware measurement choice	channel model may be misspecified
P136	P144	acquisition	cost-aware measurement choice	channel model may be misspecified
P137	P010	holdout	protected-selection comparison	holdout may not represent deployment
P137	P022	audit,holdout	protected-selection comparison	holdout may not represent deployment
P137	P027	audit	protected-selection comparison	certificate failure is not universal impossibility
P137	P040	audit	protected-selection comparison	requires a representative protected shell
P137	P042	audit	protected-selection comparison	declared loss may omit real consequences
P137	P047	audit	protected-selection comparison	current exposure does not cover every future path
P137	P048	audit	protected-selection comparison	requires a representative protected shell
P137	P051	audit,holdout	protected-selection comparison	holdout may not represent deployment
P137	P053	audit	protected-selection comparison	declared loss may omit real consequences
P137	P055	audit,holdout	protected-selection comparison	holdout may not represent deployment
P137	P064	audit	protected-selection comparison	protected shell choice
P137	P069	audit,holdout	protected-selection comparison	holdout may not represent deployment
P137	P072	audit,holdout	protected-selection comparison	holdout may not represent deployment
P137	P078	audit	protected-selection comparison	protected shell choice
P137	P081	audit	protected-selection comparison	requires a representative protected shell
P137	P086	audit	protected-selection comparison	protected shell choice
P137	P094	audit	protected-selection comparison	protected shell choice
P137	P095	audit	protected-selection comparison	requires a representative protected shell
P137	P097	audit	protected-selection comparison	protected shell choice
P137	P098	audit	protected-selection comparison	protected shell choice
P137	P106	audit,holdout	protected-selection comparison	holdout may not represent deployment
P137	P107	audit	protected-selection comparison	declared loss may omit real consequences
P137	P113	audit	protected-selection comparison	declared loss may omit real consequences
P137	P122	audit	protected-selection comparison	protected shell choice
P137	P123	audit	protected-selection comparison	protected shell choice
P137	P125	audit	protected-selection comparison	protected shell choice
P137	P126	audit	protected-selection comparison	protected shell choice
P137	P131	audit	protected-selection comparison	protected shell choice
P137	P140	audit	protected-selection comparison	requires a representative protected shell
P137	P142	audit	protected-selection comparison	requires a representative protected shell
P137	P145	audit,holdout	protected-selection comparison	holdout may not represent deployment
P138	P009	acquisition	cost-aware measurement choice	channel model may be misspecified
P138	P021	acquisition,information	cost-aware measurement choice	channel model may be misspecified
P138	P054	acquisition	cost-aware measurement choice	certificate must not transfer outside its shell
P138	P057	acquisition,information	cost-aware measurement choice	channel model may be misspecified
P138	P070	acquisition,information	cost-aware measurement choice	channel model may be misspecified
P138	P074	acquisition,information	cost-aware measurement choice	channel model may be misspecified
P138	P079	acquisition,information	cost-aware measurement choice	channel model may be misspecified
P138	P083	acquisition	cost-aware measurement choice	channel model may be misspecified
P138	P096	acquisition,information	cost-aware measurement choice	channel model may be misspecified
P138	P109	acquisition,information	cost-aware measurement choice	channel model may be misspecified
P138	P111	acquisition	cost-aware measurement choice	channel model may be misspecified
P138	P136	acquisition,information	cost-aware measurement choice	channel model may be misspecified
P138	P144	acquisition	cost-aware measurement choice	channel model may be misspecified
P139	P001	selection	feasibility-gated selection	declared score
P139	P002	selection	feasibility-gated selection	declared score
P139	P003	selection	feasibility-gated selection	declared score
P139	P004	selection	feasibility-gated selection	declared score
P139	P005	selection	feasibility-gated selection	declared score
P139	P006	selection	feasibility-gated selection	declared score
P139	P007	selection	feasibility-gated selection	declared score
P139	P008	selection	feasibility-gated selection	declared score
P139	P012	selection	feasibility-gated selection	declared score
P139	P013	selection	feasibility-gated selection	declared score
P139	P014	selection	feasibility-gated selection	declared score
P139	P015	selection	feasibility-gated selection	declared score
P139	P016	selection	feasibility-gated selection	declared score
P139	P017	selection	feasibility-gated selection	declared score
P139	P019	selection	feasibility-gated selection	declared score
P139	P028	selection	feasibility-gated selection	declared score
P139	P034	selection	feasibility-gated selection	declared score
P139	P035	selection	feasibility-gated selection	declared score
P139	P038	selection	feasibility-gated selection	declared score
P139	P039	selection	feasibility-gated selection	declared score
P139	P061	selection	feasibility-gated selection	declared score
P139	P067	selection	feasibility-gated selection	declared score
P139	P068	selection	feasibility-gated selection	declared score
P139	P077	selection	feasibility-gated selection	declared score
P139	P100	selection	feasibility-gated selection	declared score
P139	P101	selection	feasibility-gated selection	declared score
P139	P102	selection	feasibility-gated selection	declared score
P139	P103	selection	feasibility-gated selection	declared score
P139	P104	selection	feasibility-gated selection	declared score
P139	P105	selection	feasibility-gated selection	declared score
P139	P116	selection	feasibility-gated selection	declared score
P139	P118	selection	feasibility-gated selection	declared score
P139	P120	selection	feasibility-gated selection	declared score
P139	P121	selection	feasibility-gated selection	declared score
P139	P124	selection	feasibility-gated selection	declared score
P139	P127	selection	feasibility-gated selection	declared score
P139	P128	selection	feasibility-gated selection	declared score
P139	P129	selection	feasibility-gated selection	declared score
P139	P130	selection	feasibility-gated selection	declared score
P139	P132	selection	feasibility-gated selection	declared score
P139	P133	selection	feasibility-gated selection	declared score
P139	P134	selection	feasibility-gated selection	declared score
P140	P022	audit	protected-selection comparison	holdout may not represent deployment
P140	P027	audit	protected-selection comparison	certificate failure is not universal impossibility
P140	P032	support	protected-selection comparison	support diagnostics do not create missing observations
P140	P040	audit	protected-selection comparison	requires a representative protected shell
P140	P042	audit	protected-selection comparison	declared loss may omit real consequences
P140	P047	audit	protected-selection comparison	current exposure does not cover every future path
P140	P048	audit	protected-selection comparison	requires a representative protected shell
P140	P051	audit	protected-selection comparison	holdout may not represent deployment
P140	P053	audit	protected-selection comparison	declared loss may omit real consequences
P140	P055	audit	protected-selection comparison	holdout may not represent deployment
P140	P064	audit	protected-selection comparison	protected shell choice
P140	P065	support	protected-selection comparison	grid and calibration remain operator-declared
P140	P069	audit	protected-selection comparison	holdout may not represent deployment
P140	P072	audit	protected-selection comparison	holdout may not represent deployment
P140	P078	audit	protected-selection comparison	protected shell choice
P140	P081	audit	protected-selection comparison	requires a representative protected shell
P140	P086	audit	protected-selection comparison	protected shell choice
P140	P090	support	protected-selection comparison	declared loss may omit real consequences
P140	P094	audit	protected-selection comparison	protected shell choice
P140	P095	audit,support	protected-selection comparison	requires a representative protected shell
P140	P097	audit	protected-selection comparison	protected shell choice
P140	P098	audit	protected-selection comparison	protected shell choice
P140	P106	audit	protected-selection comparison	holdout may not represent deployment
P140	P107	audit	protected-selection comparison	declared loss may omit real consequences
P140	P110	burnout	protected-selection comparison	grid and calibration remain operator-declared
P140	P113	audit	protected-selection comparison	declared loss may omit real consequences
P140	P122	audit	protected-selection comparison	protected shell choice
P140	P123	audit	protected-selection comparison	protected shell choice
P140	P125	audit	protected-selection comparison	protected shell choice
P140	P126	audit	protected-selection comparison	protected shell choice
P140	P131	audit	protected-selection comparison	protected shell choice
P140	P137	audit	protected-selection comparison	holdout may not represent deployment
P140	P142	audit,burnout	protected-selection comparison	requires a representative protected shell
P140	P145	audit	protected-selection comparison	holdout may not represent deployment
P141	P020	tipping	nearest boundary localization	grid and calibration remain operator-declared
P141	P023	tipping	nearest boundary localization	does not establish unmeasured causal assumptions
P141	P026	tipping	nearest boundary localization	grid and calibration remain operator-declared
P141	P030	tipping	nearest boundary localization	grid and calibration remain operator-declared
P141	P037	tipping	nearest boundary localization	certificate must not transfer outside its shell
P141	P044	tipping	nearest boundary localization	grid and calibration remain operator-declared
P141	P045	tipping	nearest boundary localization	grid and calibration remain operator-declared
P141	P050	tipping	nearest boundary localization	grid and calibration remain operator-declared
P141	P052	tipping	nearest boundary localization	grid and calibration remain operator-declared
P141	P056	tipping	nearest boundary localization	grid and calibration remain operator-declared
P141	P059	tipping	nearest boundary localization	grid and calibration remain operator-declared
P141	P060	tipping	nearest boundary localization	grid and calibration remain operator-declared
P141	P062	tipping	nearest boundary localization	declared loss may omit real consequences
P141	P063	tipping	nearest boundary localization	grid and calibration remain operator-declared
P141	P065	tipping	nearest boundary localization	grid and calibration remain operator-declared
P141	P071	tipping	nearest boundary localization	declared loss may omit real consequences
P141	P076	tipping	nearest boundary localization	declared grid
P141	P082	tipping	nearest boundary localization	grid and calibration remain operator-declared
P141	P084	tipping	nearest boundary localization	grid and calibration remain operator-declared
P141	P085	tipping	nearest boundary localization	grid and calibration remain operator-declared
P141	P087	tipping	nearest boundary localization	grid and calibration remain operator-declared
P141	P088	tipping	nearest boundary localization	grid and calibration remain operator-declared
P141	P089	tipping	nearest boundary localization	grid and calibration remain operator-declared
P141	P091	tipping	nearest boundary localization	declared loss may omit real consequences
P141	P092	tipping	nearest boundary localization	declared loss may omit real consequences
P141	P093	tipping	nearest boundary localization	declared loss may omit real consequences
P141	P108	tipping	nearest boundary localization	grid and calibration remain operator-declared
P141	P110	tipping	nearest boundary localization	grid and calibration remain operator-declared
P141	P112	tipping	nearest boundary localization	grid and calibration remain operator-declared
P141	P114	tipping	nearest boundary localization	declared grid
P141	P115	tipping	nearest boundary localization	declared grid
P141	P117	tipping	nearest boundary localization	declared grid
P141	P119	tipping	nearest boundary localization	declared grid
P142	P022	audit	protected-selection comparison	holdout may not represent deployment
P142	P027	audit	protected-selection comparison	certificate failure is not universal impossibility
P142	P040	audit	protected-selection comparison	requires a representative protected shell
P142	P042	audit	protected-selection comparison	declared loss may omit real consequences
P142	P047	audit	protected-selection comparison	current exposure does not cover every future path
P142	P048	audit	protected-selection comparison	requires a representative protected shell
P142	P051	audit	protected-selection comparison	holdout may not represent deployment
P142	P053	audit	protected-selection comparison	declared loss may omit real consequences
P142	P055	audit	protected-selection comparison	holdout may not represent deployment
P142	P064	audit	protected-selection comparison	protected shell choice
P142	P069	audit	protected-selection comparison	holdout may not represent deployment
P142	P072	audit	protected-selection comparison	holdout may not represent deployment
P142	P078	audit	protected-selection comparison	protected shell choice
P142	P081	audit	protected-selection comparison	requires a representative protected shell
P142	P086	audit	protected-selection comparison	protected shell choice
P142	P094	audit	protected-selection comparison	protected shell choice
P142	P095	audit	protected-selection comparison	requires a representative protected shell
P142	P097	audit	protected-selection comparison	protected shell choice
P142	P098	audit	protected-selection comparison	protected shell choice
P142	P106	audit	protected-selection comparison	holdout may not represent deployment
P142	P107	audit	protected-selection comparison	declared loss may omit real consequences
P142	P110	burnout	protected-selection comparison	grid and calibration remain operator-declared
P142	P113	audit	protected-selection comparison	declared loss may omit real consequences
P142	P122	audit	protected-selection comparison	protected shell choice
P142	P123	audit	protected-selection comparison	protected shell choice
P142	P125	audit	protected-selection comparison	protected shell choice
P142	P126	audit	protected-selection comparison	protected shell choice
P142	P131	audit	protected-selection comparison	protected shell choice
P142	P137	audit	protected-selection comparison	holdout may not represent deployment
P142	P140	audit,burnout	protected-selection comparison	requires a representative protected shell
P142	P145	audit	protected-selection comparison	holdout may not represent deployment
P143	P011	integral	capacity-constrained funding logic	certificate failure is not universal impossibility
P143	P027	certificate,integral	capacity-constrained funding logic	certificate failure is not universal impossibility
P143	P031	liquidity	capacity-constrained funding logic	financial/legal eligibility remains external
P143	P037	certificate	capacity-constrained funding logic	certificate must not transfer outside its shell
P143	P054	certificate	capacity-constrained funding logic	certificate must not transfer outside its shell
P143	P058	liquidity	capacity-constrained funding logic	financial/legal eligibility remains external
P143	P073	certificate	capacity-constrained funding logic	certificate must not transfer outside its shell
P143	P111	liquidity	capacity-constrained funding logic	channel model may be misspecified
P143	P135	certificate	capacity-constrained funding logic	certificate must not transfer outside its shell
P144	P009	acquisition	cost-aware measurement choice	channel model may be misspecified
P144	P021	acquisition	cost-aware measurement choice	channel model may be misspecified
P144	P054	acquisition	cost-aware measurement choice	certificate must not transfer outside its shell
P144	P057	acquisition	cost-aware measurement choice	channel model may be misspecified
P144	P070	acquisition	cost-aware measurement choice	channel model may be misspecified
P144	P074	acquisition	cost-aware measurement choice	channel model may be misspecified
P144	P079	acquisition	cost-aware measurement choice	channel model may be misspecified
P144	P083	acquisition	cost-aware measurement choice	channel model may be misspecified
P144	P096	acquisition	cost-aware measurement choice	channel model may be misspecified
P144	P109	acquisition	cost-aware measurement choice	channel model may be misspecified
P144	P111	acquisition	cost-aware measurement choice	channel model may be misspecified
P144	P136	acquisition	cost-aware measurement choice	channel model may be misspecified
P144	P138	acquisition	cost-aware measurement choice	channel model may be misspecified
P145	P010	holdout	protected-selection comparison	holdout may not represent deployment
P145	P022	audit,holdout	protected-selection comparison	holdout may not represent deployment
P145	P027	audit	protected-selection comparison	certificate failure is not universal impossibility
P145	P040	audit	protected-selection comparison	requires a representative protected shell
P145	P042	audit	protected-selection comparison	declared loss may omit real consequences
P145	P047	audit	protected-selection comparison	current exposure does not cover every future path
P145	P048	audit	protected-selection comparison	requires a representative protected shell
P145	P051	audit,holdout	protected-selection comparison	holdout may not represent deployment
P145	P053	audit	protected-selection comparison	declared loss may omit real consequences
P145	P055	audit,holdout	protected-selection comparison	holdout may not represent deployment
P145	P064	audit	protected-selection comparison	protected shell choice
P145	P069	audit,holdout	protected-selection comparison	holdout may not represent deployment
P145	P072	audit,holdout	protected-selection comparison	holdout may not represent deployment
P145	P078	audit	protected-selection comparison	protected shell choice
P145	P081	audit	protected-selection comparison	requires a representative protected shell
P145	P086	audit	protected-selection comparison	protected shell choice
P145	P094	audit	protected-selection comparison	protected shell choice
P145	P095	audit	protected-selection comparison	requires a representative protected shell
P145	P097	audit	protected-selection comparison	protected shell choice
P145	P098	audit	protected-selection comparison	protected shell choice
P145	P106	audit,holdout	protected-selection comparison	holdout may not represent deployment
P145	P107	audit	protected-selection comparison	declared loss may omit real consequences
P145	P113	audit	protected-selection comparison	declared loss may omit real consequences
P145	P122	audit	protected-selection comparison	protected shell choice
P145	P123	audit	protected-selection comparison	protected shell choice
P145	P125	audit	protected-selection comparison	protected shell choice
P145	P126	audit	protected-selection comparison	protected shell choice
P145	P131	audit	protected-selection comparison	protected shell choice
P145	P137	audit,holdout	protected-selection comparison	holdout may not represent deployment
P145	P140	audit	protected-selection comparison	requires a representative protected shell
P145	P142	audit	protected-selection comparison	requires a representative protected shell
