original_csv_line,subject_id,constant_fit_mean,ridge_1,ridge_100,knn_5,knn_25,hist_gradient_boosting
440,4,12.244761397849464,13.855865239412081,13.67071498082761,18.012599999999999,13.039323999999999,14.941518665058611
441,4,11.711761397849465,11.56886578305464,11.257431619710886,17.275399999999994,16.395879999999998,12.478992919752091
442,4,11.178761397849463,9.4898771865791396,9.8416850384947985,17.778799999999997,15.800639999999998,15.484184699737018
443,4,10.643761397849465,14.018749909500306,14.068542096392443,14.282799999999996,14.302319999999996,13.191453928291812
444,4,10.040761397849463,13.220438600636323,13.766370175820319,14.965200000000001,13.73268,13.385926751851825
445,4,9.5817613978494638,12.512260718847896,12.05163118834397,16.921999999999997,15.42984,11.22623025848179
446,4,9.0477613978494649,8.9771453651801156,8.6758161505785498,12.869400000000001,13.544840000000002,12.965643420817011
447,4,8.5157613978494648,11.355789459582679,10.238582318411483,11.746,8.2177959999999981,9.8072034055659696
448,4,7.9797613978494635,2.5890414966127455,4.0037059435084625,9.0447999999999968,10.535484000000002,6.3715035238693307
449,4,7.4517613978494648,6.7867168736591541,7.1521680790712754,7.0936000000000003,6.8591479999999994,8.4591398806052869
450,4,6.919761397849463,7.3650133853939579,6.94603181057726,12.115600000000001,11.06108,11.240082794444373
451,4,5.9697613978494637,8.670059641820032,8.0075361519248709,10.623399999999997,6.6089919999999971,9.3809994548550222
452,4,5.7637613978494642,7.3982231899114659,6.8389518303387788,8.4764000000000017,8.586228000000002,7.8112293188145365
453,4,5.6287613978494626,7.3778422065839813,7.3240300332308124,8.7796000000000021,7.8846600000000002,7.3410152637129329
454,4,5.4717613978494626,11.196214165576954,10.205273853272477,8.2065999999999981,6.214100000000002,8.9575787406339025
455,4,5.3117613978494624,6.6158646512053387,6.7754741629049384,10.423999999999999,10.026759999999996,10.72329125816422
456,4,5.1557613978494636,5.7478877763672322,5.7398225019054365,9.7576000000000001,7.4050839999999987,7.7218475840428944
457,4,4.9987613978494636,11.900663101975947,9.1621690342554878,11.662999999999997,9.0333999999999968,7.1361561449056623
458,4,4.8427613978494648,7.6718468311640571,6.7619687273268134,11.267600000000005,10.49896,9.0068945111848429
459,4,4.6837613978494659,7.2531895609272894,6.6971064952093258,8.9658000000000051,9.4905200000000001,8.9648201497056519
460,4,4.5277613978494635,10.504206038764231,8.5883406955963082,9.7987999999999964,7.8599199999999989,7.5013832229977027
461,4,4.3517613978494651,8.6246169903731129,7.8083446616493362,8.6258000000000017,6.8817919999999972,7.9395932535844551
462,4,4.2117613978494646,7.6135538856545786,6.6574763069519882,9.7788000000000004,6.6084440000000058,8.5948976706357954
463,4,12.244761397849464,12.717778758113718,12.269034642191235,17.808399999999999,16.0306,14.335267436931593
464,4,11.711761397849465,9.1613880092799249,12.478410051861946,15.805200000000003,15.650080000000003,9.0059764312230719
465,4,11.178761397849463,14.830099123185974,13.815368289896039,14.4984,14.201039999999999,13.692427911547778
466,4,10.643761397849465,13.282547153403693,12.090418087275511,15.879999999999997,14.855359999999999,13.295072994591349
467,4,10.040761397849463,7.0025921215673446,9.8657635701989346,11.097,13.243039999999999,6.6038972622391885
468,4,9.5817613978494638,13.547245291234285,13.871032552058173,12.421800000000003,11.594980000000001,12.746453837758571
469,4,9.0477613978494649,13.595928535038707,12.961582262527925,13.092999999999998,10.543640000000002,15.405441871466072
470,4,8.5157613978494648,6.2268737033821342,7.3992391501781132,11.450199999999997,10.089267999999999,11.483485325128465
471,4,7.9797613978494635,13.886686931170706,13.031131048030696,12.532399999999997,10.715667999999999,14.44808297674942
472,4,7.4517613978494648,6.45575158881371,6.5460605816283408,9.5167999999999981,6.3314600000000016,7.7400816886347581
473,4,6.919761397849463,6.1819902098305768,6.7065796604373524,7.6351999999999975,9.4147600000000011,10.248338815652001
474,4,5.9697613978494637,4.4550713682738916,4.4763660227379063,9.5028000000000006,10.945400000000003,8.5291126340822139
475,4,5.7637613978494642,7.6326181250582046,7.9774283237454959,11.730800000000006,8.4920279999999977,7.4190960400065968
476,4,5.6287613978494626,13.12013354228332,10.718341734818019,10.381799999999998,9.5033199999999987,9.7180104218980787
477,4,5.4717613978494626,5.0086220738260927,4.6957856856039903,9.691399999999998,8.1546559999999992,8.9811198673065959
478,4,5.3117613978494624,3.7814741326777828,3.760635949533583,6.1207399999999978,9.0096680000000013,7.1985850629359298
479,4,5.1557613978494636,2.3359730103251479,3.2883047322389665,14.530799999999999,8.3198399999999992,7.961475705515479
480,4,4.9987613978494636,3.5392411746157073,3.6782887231104908,8.7828000000000017,6.8078399999999988,7.7384243700386683
481,4,4.8427613978494648,3.5690857928001307,3.774317379293759,0.75580000000000069,4.0330319999999986,2.7859086081427762
482,4,4.6837613978494659,4.6964056655643027,4.6783270832491581,9.1846000000000032,4.1314440000000019,5.1107986900976847
483,4,4.5277613978494635,6.3065768192413003,6.0715208417192805,11.636399999999998,8.4754359999999984,7.8990622405165638
484,4,4.3517613978494651,5.7922101749064367,5.3021029686533154,6.6796000000000006,6.8601760000000027,7.5455096600073368
485,4,4.2117613978494646,6.1080773939978954,6.2958366085951845,3.5221600000000031,3.2638120000000015,6.0799191550495095
486,4,11.711761397849465,5.7412936843131277,7.1155515878862694,6.2839999999999989,9.0210000000000008,7.6615290575859056
487,4,11.178761397849463,9.7680100826380034,10.155360230218285,19.441399999999994,14.352239999999998,13.835389087668872
488,4,10.643761397849465,8.2066269622406995,8.7258188049974432,14.818399999999999,12.173016000000006,11.378152521215776
489,4,10.040761397849463,7.6502849906033976,8.4711122370831671,11.278600000000003,9.5877520000000001,13.14960635635161
490,4,9.5817613978494638,17.635670399366127,16.628292459148895,11.759600000000001,12.863720000000002,13.206885065267658
491,4,9.0477613978494649,8.1746102012779556,8.3185644042820872,10.355400000000001,8.2912040000000058,7.6933330295018454
492,4,8.5147613978494636,7.1608686689070833,7.7034536889468672,11.603599999999995,10.957603999999998,9.1847368357120214
493,4,7.9797613978494635,4.4698435386490569,5.423160391054358,13.281799999999995,10.282519999999996,8.3961179687539609
494,4,7.4517613978494648,4.9924052144554576,5.3876099957532535,5.0052000000000003,4.9414479999999994,4.6949786263496538
495,4,6.919761397849463,5.2954556021343393,5.7119531658140197,13,13.199439999999996,12.331395730779555
496,4,5.9697613978494637,2.7451619107750425,3.0393115984661279,0.83119999999999905,7.0778280000000002,6.7621155284882022
497,4,5.7637613978494642,3.8012489949564383,3.9738654187388107,5.0458800000000004,7.8325200000000024,3.6573108572340018
498,4,5.6287613978494626,11.742166754199573,9.4642171153724277,8.8037999999999954,9.495239999999999,7.2472082801161051
499,4,5.4717613978494626,4.1819126106859059,4.3685330713057198,10.295399999999997,10.198480000000004,9.8425346954468793
500,4,5.3117613978494624,5.9734776221022905,5.9462763897717714,8.0645999999999987,6.4446319999999986,7.7387224689636511
501,4,5.1557613978494636,7.1112699028129072,6.2106765981768177,10.849,8.7731439999999949,7.3215245675232907
502,4,4.9987613978494636,1.963360817522787,2.1069842981396043,2.3074200000000005,5.7857200000000013,4.428309175448323
503,4,4.8427613978494648,5.553625785171473,5.2691499702115507,5.7155999999999985,6.3948400000000021,7.4854730922331001
504,4,4.6837613978494659,4.9824374094101209,4.8790888655787015,11.440400000000004,9.3184000000000005,8.2420806865518408
505,4,4.5277613978494635,4.3603938862568654,4.9521203329017141,10.281399999999998,7.4444640000000035,9.9329977010958785
506,4,4.3517613978494651,1.9168351072202974,2.3620106030424779,4.2609999999999992,5.1917160000000031,3.2360549022606229
507,4,4.2117613978494646,1.835603605677683,1.814059217699949,2.7736400000000039,4.351268000000001,4.173923544375139
508,4,12.244761397849464,12.686121924070322,12.538622907121963,13.676800000000002,13.821243999999998,14.981561230563708
509,4,11.711761397849465,11.502527167318327,11.40537371891859,13.085399999999996,12.603152000000001,14.473241491214797
510,4,11.178761397849463,9.7854729848618724,10.305922263585426,16.728200000000001,12.514443999999994,13.980449328169119
511,4,10.643761397849465,10.857692968671389,10.558129779541892,10.246800000000002,13.109323999999999,14.233286439466481
512,4,10.040761397849463,7.5147858261697333,8.1378649945504673,10.563119999999996,12.126023999999999,12.594543150871521
513,4,9.5817613978494638,6.1843852350860065,6.640769003455139,9.2605999999999984,11.381760000000005,12.064921263622297
514,4,9.0477613978494649,10.376101654772475,9.768964511803409,0.46486000000000338,7.1191239999999976,9.5004178256136615
515,4,8.5147613978494636,6.123867999906464,6.6629049563308822,10.9582,9.5373199999999958,10.568854947159101
516,4,7.9797613978494635,9.5738175058668791,9.9333814453599931,2.150999999999998,7.6825080000000003,12.149185912689896
517,4,7.4517613978494648,6.9923653094300331,7.1339226736851646,10.1686,6.6653000000000038,7.739513124864752
518,4,6.919761397849463,4.7428574732786082,5.5197208803964735,12.782600000000002,10.615039999999997,9.4264512932272702
519,4,5.9697613978494637,3.595237889439705,3.8819378198583081,11.305600000000005,6.9302760000000063,4.4808504531542148
520,4,5.7637613978494642,4.370616170398204,4.74891178895286,9.9984799999999971,7.9882840000000002,6.3574210669962312
521,4,5.6287613978494626,10.940149556531402,10.887580711062089,4.4705399999999997,8.5551879999999976,11.437691226266928
522,4,5.4717613978494626,6.0623031546073882,5.2965134050666407,11.852399999999999,9.0446079999999967,6.912101069534323
523,4,5.3117613978494624,2.7855649679104069,3.0090907057841854,11.970800000000001,10.620519999999999,7.2434464013672013
524,4,5.1557613978494636,4.1981168561409383,3.8525048736663976,12.255200000000002,10.3626,9.5475762515798515
525,4,4.9987613978494636,4.3776741317115047,4.3358777882930006,12.747399999999995,6.936043999999999,8.5722812029906805
526,4,4.8427613978494648,1.4655092223554327,2.1736764712692249,3.7552200000000013,7.733664000000001,7.1976117270777173
527,4,4.6837613978494659,3.602490660120214,3.7704158543764947,12.432399999999998,5.318044000000004,6.0307679002548475
528,4,4.5277613978494635,5.9436908090080074,5.5829673779186209,9.524999999999995,8.011844,8.1064756786106997
529,4,4.3517613978494651,5.9742999772357201,5.1714125680820082,4.6188000000000038,7.38504,8.3257985497778932
530,4,4.2117613978494646,6.2152100190821535,6.0227633226143276,7.9847999999999999,4.2374320000000054,6.054039975826381
531,4,12.244761397849464,12.38911315086021,12.368795154196198,18.143599999999999,11.486096000000002,14.590137657500486
532,4,11.711761397849465,14.526517840995258,13.707329272362216,12.258199999999999,13.562760000000004,12.98510099094829
533,4,11.178761397849463,10.046762279145316,10.009181245190952,16.533799999999999,12.633763999999996,10.77188779744689
534,4,10.643761397849465,9.5647555892595424,9.784674530646841,15.020600000000004,14.805440000000003,11.36619141968403
535,4,10.040761397849463,18.541481006157774,14.066903998624527,13.588000000000003,13.785999999999996,11.85376157519759
536,4,9.5817613978494638,15.074552763581631,12.426577101800218,12.611400000000001,9.9958800000000014,11.509362237305881
537,4,9.0477613978494649,9.3511096361710155,10.251346369456742,11.972400000000002,7.6905840000000065,11.5900813733964
538,4,8.5147613978494636,4.503391869768441,5.3538060439208923,1.0760000000000005,6.1459199999999985,5.1059926662195156
539,4,7.9797613978494635,6.1949675152105943,6.4410659501845782,13.112600000000002,11.517984,6.0286315430738586
540,4,7.4517613978494648,6.062719655141672,6.5388886503848926,9.4487999999999968,9.1669479999999997,8.3753315316610912
541,4,6.919761397849463,5.4435716504813563,5.4912157011854141,11.574680000000001,7.0018039999999999,3.4038390407780419
542,4,5.9697613978494637,3.6380307776651364,3.9142353976370003,3.6082800000000006,4.6862759999999959,6.117250559126159
543,4,5.7637613978494642,9.72185618327104,8.4960003583651975,12.206200000000003,8.9320759999999986,8.918515149706046
544,4,5.6287613978494626,8.6799599328949668,7.9036814286329928,3.7959999999999958,2.6052239999999998,8.1566790863128453
545,4,5.4717613978494626,5.9224812223114078,5.6567233466750295,11.223399999999998,9.930104,9.4531609353720789
546,4,5.3117613978494624,5.3175811361174183,5.3830004046690831,11.509999999999998,9.6923039999999965,10.985066158876027
547,4,5.1557613978494636,6.5053134796649132,6.4843098421759287,11.877600000000001,7.5068079999999995,11.547933666315711
548,4,4.9987613978494636,4.2016398203047736,3.6596820619051016,7.3210000000000015,5.3217959999999991,8.1548938714822903
549,4,4.8427613978494648,5.5448071478731826,4.4833550221993868,8.3490000000000002,7.6558400000000049,7.6525063365964279
550,4,4.6837613978494659,4.878556975526056,4.6145277641195399,2.2686200000000021,6.8090440000000036,10.441555382305012
551,4,4.5277613978494635,4.8351893003266255,5.6557634277761366,8.407,9.3607200000000006,9.5789294188808753
552,4,4.3517613978494651,3.6353076888284015,3.5033484056787465,5.5823999999999998,4.8390439999999941,5.7880756201621324
553,4,4.2117613978494646,4.7124244764220542,4.4537879664864413,7.6681200000000054,8.8972199999999972,7.7670314656632513
554,4,12.244761397849464,12.957731416583895,12.731677969130979,18.156599999999997,14.450680000000004,14.026843844613795
555,4,11.711761397849465,9.0858460500908791,9.3126007810950284,9.2966200000000008,11.443063999999996,6.6818413786867623
556,4,11.178761397849463,9.6095194830539299,9.1851144460969572,10.860279999999999,12.178939999999997,9.9183735180446817
557,4,10.643761397849465,7.690780044279288,8.3858651961721495,13.091400000000005,13.835940000000003,13.467988323834613
558,4,10.040761397849463,12.455625382631551,12.832689889970537,16.805199999999999,13.041479999999995,13.415205098230407
559,4,9.5817613978494638,10.070508557860085,10.214143437290621,6.9124999999999996,12.451499999999998,9.7702076934035542
560,4,9.0477613978494649,6.4837456434758867,6.6574843285577163,17.010200000000005,11.664264000000001,11.832420181865748
561,4,8.5147613978494636,4.8760032822036639,5.2427862317704541,10.177600000000004,10.052508000000001,9.618139932300581
562,4,7.9797613978494635,13.119873412503969,11.334328366330604,10.1576,11.40648,6.71249533220203
563,4,7.4517613978494648,6.3801225230104617,6.0349929248191874,13.912000000000001,11.953080000000002,5.4221925126150321
564,4,6.919761397849463,5.0600062669893795,5.2357617998791284,8.6502799999999986,8.1679759999999995,6.8941102242615884
565,4,5.9697613978494637,6.1378561354986374,5.7695847073414441,12.628799999999995,9.0709479999999978,9.9474456695389399
566,4,5.7637613978494642,6.2792686276200662,6.4013387928493515,6.9704000000000015,10.356439999999996,11.098686467191211
567,4,5.6287613978494626,5.9248952876033769,7.535426955339485,3.40916,6.1608759999999982,10.220315608378868
568,4,5.4717613978494626,6.8482353836739556,6.4430207587174628,12.904199999999999,10.152048000000004,10.974958769587474
569,4,5.3117613978494624,5.21786885998754,4.698365299177091,4.5337999999999994,9.1584760000000003,4.7257875605843651
570,4,5.1557613978494636,5.1956021313444865,6.2549133370145498,12.0242,9.4729479999999988,9.4259024884570515
571,4,4.9987613978494636,4.9980060164062365,4.0374116344368929,7.3046000000000006,8.1197199999999974,6.1430740246400255
572,4,4.8427613978494648,11.193370062635505,10.328301469531581,6.1053999999999995,8.1531200000000013,9.6539396177057455
573,4,4.6837613978494659,6.8630684160635766,6.4457443173422071,7.9093200000000046,10.973024000000002,7.6013559452091144
574,4,4.5277613978494635,5.4332771915166624,5.8784858204018846,10.573399999999999,7.8109479999999998,8.1677788227006722
575,4,4.3517613978494651,5.1242673095303317,4.2560197241630568,8.803600000000003,9.5907599999999995,7.3949644462995003
576,4,4.2117613978494646,6.7097939757245797,5.4378842898869912,6.9429199999999973,9.9160239999999966,8.5967685901281889
889,7,6.3177613978494627,11.667793814840895,12.749486012865894,1.9325399999999959,9.912587999999996,9.7917862410247274
890,7,6.1657613978494652,9.5485379479394119,8.2424504374847558,0.68558000000000163,7.1679640000000013,9.3636153300832135
891,7,5.9397613978494626,7.0239876880106245,7.7505530586940132,6.7446000000000019,8.2914879999999975,11.077850239158192
892,7,5.7137613978494635,10.940488116812315,10.178260732806656,6.0332000000000008,6.2573799999999977,9.0814896486720365
893,7,5.4887613978494656,8.4093220422544874,8.7715834225551745,11.075600000000005,9.4898720000000019,8.7194213024030454
894,7,5.262761397849463,7.1398629616671165,6.5838427565638362,10.2468,5.9889599999999987,7.5946876438641766
895,7,5.0367613978494639,4.7719647743281186,4.9611228055219456,9.0150000000000006,5.3471679999999999,7.9109161753716393
896,7,5.3007613978494632,7.6094696646086852,6.8193883691506088,5.6128,3.7139200000000017,7.5536725354707315
897,7,5.7227613978494638,13.002775760568252,12.522034405072816,9.7615599999999993,9.9307119999999998,5.9923778910617393
898,7,6.1447613978494644,9.8338525513473165,10.581636225582518,1.5946399999999983,7.9200280000000021,5.5359415783399086
899,7,6.5657613978494638,9.7236665372766673,9.6535387308715457,8.654399999999999,7.4904800000000016,4.445972684897999
900,7,6.9877613978494644,10.202916668463018,9.9700304157802329,16.302399999999999,9.9430400000000034,5.0238269857440905
901,7,7.4107613978494644,12.563541776531421,12.116605632171856,8.7932400000000026,5.5129360000000052,11.805597829968681
902,7,7.8287613978494637,9.2423193068570537,9.2803143716986245,10.723999999999998,9.2276399999999992,11.825520801629269
903,7,8.2507613978494643,7.0116846911183668,7.2257677049136912,10.100600000000002,8.8581600000000034,10.613046456141168
904,7,8.6717613978494636,9.1062669579569135,9.1824761462277369,12.572999999999999,11.119079999999995,12.179081559587994
905,7,9.0957613978494649,14.634135527205441,14.099771066605879,15.200400000000005,11.485988000000003,10.449142787533454
906,7,9.5177613978494637,13.563983337690024,12.614670725031862,11.016599999999999,9.9140839999999972,10.712520136605781
907,7,9.9397613978494643,23.549520915607815,20.574391372472462,18.7592,16.713040000000007,13.915934004734011
908,7,7.7477613978494642,8.7784509858843816,9.8459602743440104,1.4479200000000017,7.5877040000000004,4.5614015940193813
909,7,7.5207613978494638,9.5641202969994854,9.2987662571901399,4.9820199999999968,7.0634039999999931,8.121000451227081
910,7,7.2947613978494648,10.349596555482277,9.9458167629565803,0.099919999999999121,6.1504600000000007,8.7601990461484593
911,7,7.0687613978494639,6.3495855223702335,6.6437282264391229,15.537599999999998,6.6950520000000004,6.3553663349850957
912,7,6.8427613978494648,14.112939074302641,13.15697086514496,8.470839999999999,5.0545440000000035,8.8632549087308448
913,7,6.6167613978494657,10.183197016737328,10.13619465405176,12.309160000000002,10.677756000000002,6.7213848786325983
914,7,6.358761397849463,6.1091924502202666,6.380080998104134,10.290999999999997,9.3474679999999992,9.7385902144850292
915,7,6.3197613978494651,9.3761447658157309,9.2643727223678347,9.7395999999999958,7.3444999999999965,7.9038098738255549
916,7,6.3177613978494627,10.22832766515705,9.8715876042611832,2.5875399999999971,6.4199559999999956,8.5112009474089518
917,7,6.1657613978494652,6.5796039075063995,6.3411870012735356,5.6782000000000004,8.1962840000000021,10.318255765205706
918,7,5.9397613978494626,8.3557948577289061,7.8281507269382544,6.8518000000000008,9.0523639999999972,9.1981130108063205
919,7,5.7137613978494635,5.9995065847342381,6.2891630485468184,0.72479999999999833,1.5650839999999988,2.2003646299023991
920,7,5.4887613978494656,6.3687691265895765,6.4098243000607589,8.1306000000000012,6.700840000000003,8.3286810859003282
921,7,5.262761397849463,8.4779995329873792,8.751992883016495,2.8138599999999983,6.6306559999999948,3.8711477900731595
922,7,5.0367613978494639,6.7412408288918826,5.988185122613956,8.9807999999999986,6.0155639999999977,0.74698113985639125
923,7,5.3007613978494632,6.3323839918385261,6.3000180867715478,4.2611999999999988,3.1991599999999991,6.3640159760213884
924,7,5.7227613978494638,6.4772766752153998,6.795819468589869,10.9924,7.4651600000000009,6.9170160441052708
925,7,6.1447613978494644,11.01423975559911,10.151765105244589,6.9496000000000002,9.8668839999999989,8.26373509899922
926,7,6.5657613978494638,8.959115890416232,8.8106699578925394,4.3679999999999986,8.1200800000000015,8.7481802833215383
927,7,6.9877613978494644,10.941493994435159,10.469973968579474,7.9572199999999995,10.137724000000006,6.8142403531629157
928,7,7.4107613978494644,6.742716908558636,6.9663947402621869,9.4201999999999995,8.1170799999999996,8.3462488074770196
929,7,7.8287613978494637,10.728819224108152,10.872401262180899,14.2232,9.5155239999999974,11.979477166120875
930,7,8.2507613978494643,8.7083373615627497,8.4843798861235609,11.238599999999996,9.942759999999998,9.5894911051987837
931,7,8.6717613978494636,7.0925377875556972,7.3984211837303935,6.4088000000000012,9.0409200000000016,8.9693585403371383
932,7,9.0967613978494644,12.764282672224438,13.147670578496124,12.930999999999996,10.436404000000001,7.5934008651950737
933,7,9.5177613978494637,10.003196445021269,10.260515448744984,16.901999999999994,10.904159999999999,11.507694791123503
934,7,9.9397613978494643,9.202970684772291,9.6926506076821095,9.2343999999999991,10.215359999999999,14.279004787940261
935,7,7.7477613978494642,8.0645676523680567,8.468230711669479,1.7440200000000008,7.1967240000000015,2.1689115833346637
936,7,7.5207613978494638,6.2163408704579073,6.2422349174484406,0.21659999999999791,2.9266039999999993,3.3894251863038125
937,7,7.2947613978494648,9.7030705018004486,9.4867347333007057,12.8832,9.021668,10.654159809473684
938,7,7.0687613978494639,6.5257791093015562,6.9300509522995881,10.81542,11.731391999999996,9.0302789112407673
939,7,6.8427613978494648,7.3455411647351205,7.1291822832940603,8.5688000000000031,8.6074800000000025,9.5765553564478907
940,7,6.6167613978494657,5.8604483366540272,6.4800258546324763,8.0800000000000018,4.698240000000002,7.6392751560434071
941,7,6.358761397849463,6.7274674095380966,6.2611022812728407,12.038,4.7189520000000016,7.8298457265018513
942,7,6.3197613978494651,6.3810338010156435,6.5380794706480856,0.92561999999999856,2.1257480000000015,0.2389539353070802
943,7,6.3177613978494627,10.634840471488094,10.481737807784473,2.9087399999999981,4.3937519999999992,5.7011024570452911
944,7,6.1657613978494652,5.1239800978324688,4.7820475359561279,8.2854000000000028,4.9663240000000002,0.87208585127104499
945,7,5.9397613978494626,8.005122547633249,7.9069089673828579,9.4570000000000007,9.3514039999999987,9.4970770291122193
946,7,5.7137613978494635,6.993087670051473,6.5464573788088529,9.7384200000000014,7.8880999999999943,8.4458460460100007
947,7,5.4887613978494656,8.9101455793237818,7.8440308062414239,12.685400000000001,10.124479999999998,8.380555452187
948,7,5.262761397849463,6.7869803788301759,7.2609022715340963,12.642399999999995,7.5611800000000002,3.1540505400588899
949,7,5.0367613978494639,3.2556177518843761,3.7711489972407257,2.4116,1.4453479999999992,3.2948427498760005
950,7,5.3007613978494632,6.3709334618567262,6.5396262131990461,8.2208000000000006,5.6536000000000008,6.0494391985738893
951,7,5.7227613978494638,9.010882120031809,9.166104059125022,13.222399999999997,7.558524000000002,6.5647512934069034
952,7,6.1447613978494644,7.1550695928667665,7.5064870080174479,6.3615999999999993,9.5560000000000009,4.4080418433841331
953,7,6.5657613978494638,7.4720497714406697,7.1486854849650499,4.3507999999999996,6.3523599999999973,10.053511003408772
954,7,6.9877613978494644,9.0034070338047414,8.7929129128316248,14.851799999999997,8.6885000000000012,8.7664762420783688
955,7,7.4107613978494644,8.9575433453434297,8.5784116553684999,12.856399999999999,8.4087999999999976,8.1070018170348082
956,7,7.8287613978494637,8.1467228928857391,8.1743228224852569,7.299800000000003,5.0678839999999976,6.505670113314503
957,7,8.2507613978494643,10.83053923232187,10.282131330384738,10.944000000000001,9.1542000000000012,11.935329891844757
958,7,8.6717613978494636,5.8818636214700302,6.5717154817246719,9.5482000000000031,8.2573839999999965,11.5789921698524
959,7,9.0967613978494644,11.177492638200901,11.007996396648279,12.114400000000002,9.6520840000000039,10.01655308345598
960,7,9.518761397849465,11.595466879723359,10.938013769893397,9.400999999999998,8.5782000000000007,7.6509078104286221
961,7,9.9397613978494643,12.260252228589129,12.12719138964915,13.721200000000001,10.791040000000001,9.458763531646353
962,7,7.7477613978494642,6.8514408309410921,7.0205203947136017,4.965220000000004,8.2917959999999997,6.2369721929535213
963,7,7.5207613978494638,7.7427380969548079,7.9009940959573814,7.7704199999999961,6.675323999999998,8.2122779643608705
964,7,7.2947613978494648,5.4512834542227946,5.6326025254967345,8.1328000000000014,5.4372639999999972,8.255485545892304
965,7,7.0687613978494639,8.3388835497202223,8.2518430704556316,11.209879999999998,8.011408000000003,5.7579055771366896
966,7,6.8427613978494648,9.977067539224187,9.904660080036038,10.621219999999997,8.3314440000000012,9.2600223559398849
967,7,6.6167613978494657,9.4157301819135597,9.1291980007064133,7.6392000000000024,9.4011600000000008,10.010724078176661
968,7,6.358761397849463,7.0415466449352913,7.2047114911489523,15.278199999999998,8.4046759999999985,5.2427318772791374
969,7,6.3197613978494651,7.3999738205050853,7.6527827143514386,8.053919999999998,3.0929080000000013,1.6900513064099236
970,7,6.3177613978494627,10.823617865884298,9.4026868691559287,11.048159999999992,8.3232959999999991,8.2858168857926415
971,7,6.1657613978494652,6.8455436348770746,5.7348583899777239,8.3470000000000013,5.3704880000000017,6.4204661669932293
972,7,5.9397613978494626,7.5049776435824285,7.2094532107905813,12.550399999999996,6.1954679999999982,4.372570491088382
973,7,5.7137613978494635,7.200616613215221,7.2430222309172834,7.8985999999999983,7.2914999999999992,6.0657045278861901
974,7,5.4877613978494644,6.6233608429282604,6.8011659333130545,5.7908000000000008,4.1928800000000024,6.6600048940177565
975,7,5.262761397849463,6.2863239298926494,6.1439210827080544,9.652199999999997,7.8310840000000006,5.5284417257593894
976,7,5.0367613978494639,3.2572650784466362,3.5201154200331857,1.3824000000000005,2.4838039999999992,4.9491303241559521
977,7,5.3007613978494632,8.2445705937453653,8.3188167195436939,13.468400000000003,8.6008400000000051,4.2015331637819209
978,7,5.7227613978494638,7.3657140911273871,7.2441953722734169,9.9501999999999988,9.0220719999999979,4.2297833113841889
979,7,6.1447613978494644,7.1787611211573754,7.0763079843074586,6.2913999999999994,9.0892799999999987,11.205351352595361
980,7,6.566761397849465,12.25146956319103,12.690790943623096,14.154200000000003,7.1939880000000009,6.8218418389040885
981,7,6.9877613978494644,8.1297811234269979,8.4142255984377172,0.9328000000000003,5.884400000000003,5.3716473547890118
982,7,7.4107613978494644,8.4060245587622671,8.325304526332415,9.3071999999999999,11.584480000000001,11.244706406949673
983,7,7.8287613978494637,5.5089689117913689,5.8193376405083175,13.421799999999999,11.273632000000005,9.2831427118399912
984,7,8.2507613978494643,9.189572535710985,8.5411130775563553,13.679399999999999,8.7112800000000004,7.7790812897576931
985,7,8.6727613978494649,9.9119715254749341,9.7106720704340486,8.947000000000001,9.9254799999999985,10.908413173643661
986,7,9.0967613978494644,10.176954564895174,10.009209866140443,7.675200000000002,11.093480000000001,16.981361936432513
987,7,9.518761397849465,11.801093294277516,11.789886399187116,14.440200000000006,10.919759999999998,10.724288481099792
988,7,9.9397613978494643,13.678854042079594,13.630626413533802,13.463759999999999,11.995071999999999,9.3114692204383243
989,7,7.7477613978494642,11.298401427679375,10.819524307522991,12.337359999999999,9.6415320000000033,8.4978412380270765
990,7,7.5207613978494638,10.98292059091038,10.388447162078664,12.768399999999998,10.034052000000001,3.9295397007509205
991,7,7.2947613978494648,9.6363144587315315,10.241528203303174,12.986600000000001,8.3021159999999998,4.9484918963568507
992,7,7.0687613978494639,6.5336432949203918,6.8910496078643533,3.2213199999999986,4.0348959999999998,5.4712391308332755
993,7,6.8427613978494648,5.5662319581103255,5.4055149463937475,10.238199999999999,5.1775160000000007,4.0072581208299241
994,7,6.6167613978494657,6.8500883972111666,6.3290541289001041,9.2728000000000002,5.2367560000000033,6.0840308783672832
995,7,6.358761397849463,7.91709425298178,7.9943634632333591,10.386559999999999,6.7241120000000016,5.3329411536637608
996,7,6.3187613978494639,8.4886021447328197,9.2341325796502538,1.6265999999999998,4.1535800000000016,4.0074770559422923
997,7,6.1657613978494652,8.6745230456432019,8.867948870881186,9.7712000000000039,8.8424399999999999,8.0842520021455044
998,7,5.9397613978494626,14.0115829760854,14.12565452057607,5.2161399999999993,9.2469119999999982,11.355958484552357
999,7,5.7137613978494635,7.9799115827158147,8.3628278867870165,15.0398,11.105559999999997,3.7480561074633307
1000,7,5.4877613978494644,4.6998704301199723,5.233416434052554,3.7344000000000008,7.6096399999999988,6.1753176887684269
1001,7,5.262761397849463,11.290368027732924,10.92125964526193,9.7763999999999989,9.0093959999999953,7.3748701041962335
1002,7,5.0367613978494639,6.3146979470437365,6.3064449851838553,0.91559999999999775,2.9389040000000008,4.2661402075688564
1003,7,5.3007613978494632,6.4433240963506897,6.6853222356042075,3.5767999999999986,6.4786399999999986,8.5931994381274244
1004,7,5.7227613978494638,8.3797470490232051,7.9104098341629872,5.4784000000000006,5.8528400000000005,7.1205977963493297
1005,7,6.1447613978494644,12.224965389895466,11.059763256683496,13.999399999999998,10.829832,6.3095353291640563
1006,7,6.566761397849465,13.859663860190071,13.450557730764693,12.1966,10.601376000000002,8.49480096209167
1007,7,6.9877613978494644,9.5269895954502992,9.5706768140965188,12.564600000000002,8.9768000000000008,9.4991253667139688
1008,7,7.4107613978494644,8.1135798126363863,8.7395632691542371,11.917400000000002,8.6058799999999973,9.8812462311865854
1009,7,7.8287613978494637,8.2809063317088398,9.0975154147185524,15.050600000000001,11.607639999999998,11.221535601860312
1010,7,8.2507613978494643,8.8794181132253076,8.4711262586423128,14.724599999999997,10.62476,10.39734651163865
1011,7,8.6727613978494649,10.124031123954621,9.9447812036422665,13.666000000000002,10.505560000000001,9.367474042818964
1012,7,9.0967613978494644,13.801158807250046,13.260873881985679,13.214,11.956719999999999,10.592441566410942
1013,7,9.518761397849465,13.215885380125057,12.557395528136469,8.4902000000000033,12.136159999999999,10.693821667545551
1014,7,9.9397613978494643,11.519488656710452,12.116243222076752,19.247199999999999,16.199159999999999,11.839073718232301
1015,7,7.7477613978494642,10.365500108942095,10.679778621601104,14.691599999999996,9.6321800000000035,8.178932798010111
1016,7,7.5207613978494638,8.1326895718354617,8.21970864025681,12.008999999999999,6.5321680000000004,9.4102556901980225
1017,7,7.2947613978494648,9.3611744881691532,9.226485631185442,13.521400000000002,13.859120000000003,11.557745316076288
1018,7,7.0687613978494639,6.6538430513435713,6.9138695091661369,13.833600000000001,9.0834559999999982,8.4033119787206907
1019,7,6.8427613978494648,7.3628282420711813,6.7305885560216971,4.8868200000000037,6.5256839999999983,8.5223467270159823
1020,7,6.6167613978494657,8.0883299366837562,8.9969910263636876,13.717400000000001,11.929200000000002,5.9953271211133981
1021,7,6.358761397849463,7.4323835514008181,7.1889736729283165,10.5746,7.6677600000000048,6.3214409127868798
1022,7,6.3187613978494639,13.205084341973265,13.390821532277041,6.3256799999999984,7.1311479999999996,10.110660224251834
1023,7,6.3177613978494627,12.725694250590365,12.737055780395757,5.3324399999999983,8.5911760000000008,9.4787571707567473
1024,7,6.1657613978494652,6.9697455003339321,6.4623452505905483,13.116200000000003,7.090320000000002,10.341548239030402
1025,7,5.9397613978494626,8.6547368758839838,8.0697486345609661,9.8305999999999969,9.1701240000000013,6.513580076034593
1026,7,5.7137613978494635,8.0639539531301132,7.6357150363083264,4.6852000000000018,4.2350439999999985,3.7805893485719331
1027,7,5.4877613978494644,5.7716995301880303,5.5198371642020092,5.1180000000000021,6.6132799999999996,4.6775314771818728
1028,7,5.262761397849463,12.139683662135063,11.760250341881751,12.643999999999998,8.9264119999999956,6.361191434898597
1029,7,5.0367613978494639,7.1008864238510796,6.1624911370498516,7.975000000000005,4.7936880000000031,6.1096155195529604
1030,7,5.3007613978494632,9.3712498841071081,8.3565508437611484,7.6581999999999972,8.0058399999999956,5.4158062997556407
1031,7,5.7227613978494638,6.5889304067236623,6.4941829105900268,4.6667999999999985,8.6175999999999995,5.5869644209474281
1032,7,6.1447613978494644,8.0127039769921851,7.7664265720899621,3.6009999999999991,7.1817199999999985,9.0179461606961233
1033,7,6.566761397849465,8.2372829215016807,7.6392376626747875,8.1166000000000018,6.6306399999999996,9.2681561167066313
1034,7,6.9877613978494644,6.1203175442582491,6.41006696813864,7.6557999999999993,8.3770799999999959,8.3456958902996803
1035,7,7.4107613978494644,12.168596420387184,11.197334165258409,13.042800000000005,10.350243999999998,12.804160400943269
1036,7,7.8287613978494637,10.472871022297463,9.7087836134046253,14.633999999999999,12.861920000000003,11.357970620170915
1037,7,8.2507613978494643,10.553871092967521,10.042081298889203,6.957200000000002,7.815199999999999,8.7730104601448868
1038,7,8.6727613978494649,8.3721719921975772,8.1310253606816456,4.5278000000000045,8.8795600000000032,4.7643969030232025
1039,7,9.0967613978494644,10.556764515812192,10.522241967771118,10.064000000000002,8.6443199999999987,12.451049699776805
1040,7,9.518761397849465,12.788981828657191,12.107138535092735,13.645000000000005,12.488040000000003,14.221689731778211
1041,7,9.9397613978494643,12.670710965564973,12.298232314662515,12.230600000000001,11.79528,11.587889115801945
1042,7,7.7477613978494642,12.914111398617555,12.667314861672883,9.7328399999999977,6.5297679999999989,9.218992902461439
1043,7,7.5207613978494638,10.283047163099885,9.7577127981354881,12.008999999999999,7.8817280000000007,9.8349536177806502
1044,7,7.2947613978494648,9.368737347349315,9.0943897612335203,11.631200000000002,9.8114800000000013,8.0707237779944681
1045,7,7.0687613978494639,7.7227247913595036,8.4853322606434993,10.435000000000002,7.0491159999999944,9.0080867653734629
1046,7,6.8427613978494648,8.948858233845602,8.1150487540691429,8.8198000000000008,6.9865999999999993,9.2651187968687161
1047,7,6.6167613978494657,12.497341148244782,12.652481611778789,13.559199999999997,9.4845120000000023,5.8859492594258533
1048,7,6.358761397849463,7.1259982764108365,6.9253333313559438,14.532799999999998,7.7974399999999982,5.6688331181794958
1049,7,6.3187613978494639,6.7630892924837696,6.9302303921838444,7.8431399999999982,4.3320799999999977,3.169210092695522
1352,10,10.981761397849464,11.862505205495275,11.269206547051766,1.5012799999999995,7.7306600000000039,12.037453113092162
1353,10,10.981761397849464,9.8125604227212975,9.4486035579876209,16.843,9.0463800000000028,11.113978405477219
1354,10,10.981761397849464,16.766581129558162,15.774561018030884,15.384779999999999,14.637791999999994,16.909288017344963
1355,10,10.981761397849464,10.071952914124743,9.9546674291198656,15.113199999999999,9.7986879999999985,16.274987673648827
1356,10,10.981761397849464,11.946425422858731,11.460444772629877,10.6236,7.439943999999997,12.451898255247951
1357,10,10.981761397849464,13.543503367456811,13.088228454650093,16.876200000000001,16.270755999999995,7.2136762327624986
1358,10,10.981761397849464,8.0958085813442651,8.32539879657919,5.0236599999999996,3.3949000000000016,9.9759783804745013
1359,10,10.981761397849464,11.385118522004429,11.6005654568323,9.7049200000000013,11.678440000000002,9.0387812009597255
1360,10,10.981761397849464,10.320940442288844,10.411257476222548,6.6878799999999998,7.7957200000000029,13.619151577494616
1361,10,10.981761397849464,13.001325577837282,13.541785830995245,9.1267399999999981,14.381148,15.75700925181728
1362,10,10.981761397849464,12.415242101875627,12.74990913908232,1.0775999999999986,7.7586439999999968,8.3485457134199379
1363,10,10.981761397849464,12.556412514058334,11.374600531877554,6.8722199999999987,9.8429319999999976,10.588950866104913
1364,10,10.447761397849463,10.444166481515166,11.669042597318464,11.146399999999998,12.313868000000001,14.603622717869738
1365,10,10.087761397849464,10.083260005546384,9.8602981437074551,14.754199999999996,7.8818879999999982,10.923725519568736
1366,10,9.7267613978494634,10.215286943877077,9.9431462770244092,8.0812399999999993,9.3793600000000001,12.078753032924423
1367,10,9.3657613978494645,14.383186465727942,13.478604910065684,12.752399999999998,16.317720000000005,14.220075197276845
1368,10,9.0047613978494638,11.768617584294891,11.431450137946026,9.7593599999999974,7.5954359999999959,10.456961882391543
1369,10,8.6377613978494647,15.759271278556854,14.440540820202949,17.137999999999998,11.997908000000004,11.350309553955535
1370,10,8.2767613978494641,9.3393196718694629,9.2326622162159335,6.3030400000000011,8.4746440000000032,8.7471378094225098
1371,10,7.9157613978494634,4.8459908645957679,5.2007125769945883,0.25577999999999967,2.820751999999997,8.4658323192438001
1372,10,7.5547613978494645,8.1508811413437847,7.9643229096091233,6.91052,0.85229600000000083,5.2293272671569362
1373,10,7.1937613978494639,5.280810328461591,5.454001125089885,0.2617200000000004,1.138067999999997,4.2415908621172136
1374,10,6.8327613978494632,9.293601712860081,8.8419089969526965,5.8643999999999963,6.6124440000000035,6.3317929241923387
1375,10,6.4727613978494638,5.5186243769452332,5.5443161224711695,3.7399399999999972,5.2176720000000039,4.9180767368655118
1376,10,6.1117613978494632,6.4901669638390764,6.2477122721025751,5.8794000000000004,0.18024400000000185,1.1583313092996725
1377,10,10.981761397849464,16.162857924173753,15.099015372205951,15.025200000000002,10.967551999999998,13.740671185644025
1378,10,10.981761397849464,11.283335716221345,11.029901561901102,8.2267599999999987,12.846860000000003,12.792283662239701
1379,10,10.981761397849464,8.5477130967828074,8.5466026548697052,9.4011999999999993,5.2414559999999994,12.988696515296795
1380,10,10.981761397849464,11.330458026234957,11.169662634315237,10.960599999999999,7.7825199999999981,10.274683147058681
1381,10,10.981761397849464,8.642712845839295,9.4795883612932954,19.868399999999998,17.335519999999995,17.577567811901137
1382,10,10.981761397849464,10.456553627611072,10.178342472113439,13.057399999999998,11.613748000000005,10.812403377759477
1383,10,10.981761397849464,9.9365497701150574,9.7244733482289547,3.0242000000000022,5.0358399999999968,11.067434550587091
1384,10,10.981761397849464,6.5740530828985975,6.4912157352551567,7.7650000000000006,7.0548119999999983,8.1692373809687169
1385,10,10.981761397849464,10.98808996307287,10.764702025862174,15.550400000000003,11.879083999999999,12.76618087209555
1386,10,10.981761397849464,10.903703453057922,10.630756749499035,6.8029800000000016,8.191592,9.3555652883892293
1387,10,10.981761397849464,14.462777377607399,14.172445190500483,13.140599999999999,12.410483999999997,12.511744945892637
1388,10,10.981761397849464,8.4879278242678105,8.5480789488358937,13.323399999999999,14.136119999999995,12.026653715040858
1389,10,10.447761397849463,13.752308562958872,13.166034539696431,5.4620799999999985,9.8088480000000029,11.826199999066018
1390,10,10.087761397849464,9.8674300711817065,10.015785268836607,5.6245999999999992,9.0929999999999982,11.586927551705871
1391,10,9.7267613978494634,11.447454835041965,11.122940707508901,12.10242,8.4720479999999956,13.369821733321151
1392,10,9.3657613978494645,9.4625962805794295,9.376726800506173,11.8444,8.7703960000000016,8.5624473234913374
1393,10,9.0047613978494638,12.64934543236016,12.014361536785515,1.7388999999999992,6.0912839999999946,11.375966063875772
1394,10,8.6377613978494647,8.6175163469608282,8.0994503531496651,1.0026800000000016,5.0707120000000021,7.5007836818021136
1395,10,8.2767613978494641,10.069779393489947,9.5196587908519508,3.469479999999999,3.4678200000000015,6.0516760934473144
1396,10,7.9157613978494634,5.5390614424986726,5.7548814566502084,11.588800000000001,6.8930359999999968,4.7035677500954112
1397,10,7.5547613978494645,6.480822996939569,6.9324658035222626,13.528200000000002,10.418675999999994,8.4318794151915561
1398,10,7.1937613978494639,6.1193380099011812,6.0693891422863224,3.8604400000000005,1.9023920000000007,5.8118052072435056
1399,10,6.8327613978494632,6.7610548237173411,6.192235557227697,9.7775999999999961,8.1351839999999989,8.4334864214910894
1400,10,6.4727613978494638,7.9117458633646294,7.6447637411841036,9.1726000000000028,5.2177240000000005,10.347568940928753
1401,10,6.1117613978494632,6.2834242180885482,6.5069580448263338,5.5985599999999991,4.915143999999998,7.0532812551866186
1402,10,10.981761397849464,9.8422707183404157,9.5084105613261869,17.307800000000004,10.822240000000001,12.947053999518399
1403,10,10.981761397849464,9.0656974937230963,9.2255306204314067,11.331399999999999,9.8501160000000034,15.108671991939325
1404,10,10.981761397849464,10.5922433347714,10.505910440023889,8.5644799999999996,5.643812000000004,11.162591495895377
1405,10,10.981761397849464,11.849230242572233,11.659849300849949,13.357600000000001,9.4896319999999967,14.023255372083106
1406,10,10.981761397849464,13.491019346105471,13.025607468588305,14.516399999999997,13.073320000000002,17.597645838917629
1407,10,10.981761397849464,10.749142872582425,10.655170452687685,9.1235999999999997,10.88252,12.008505514127272
1408,10,10.981761397849464,13.291987058566594,12.973140612635724,16.2072,8.8655560000000015,9.2456354484824388
1409,10,10.981761397849464,7.1234557379004855,7.5673879629249825,3.1791999999999998,6.6350000000000016,12.053243968771564
1410,10,10.981761397849464,9.5310302908908184,9.566349948176132,14.927,12.638719999999999,15.911998776742493
1411,10,10.981761397849464,13.444025162523385,13.09963111151594,9.8441599999999987,14.661071999999994,16.036679303689038
1412,10,10.981761397849464,10.226688156732191,9.8766467590125515,8.9303999999999988,8.5058399999999992,7.9575868573809849
1413,10,10.981761397849464,11.176837487214417,11.001087410853817,11.943459999999998,6.454308000000001,13.483546412715413
1414,10,10.447761397849463,8.47792083508857,8.4378456248628044,6.5143799999999974,7.9867840000000019,14.297058051218562
1415,10,10.086761397849465,10.101762434915646,9.9114045293945239,4.2436000000000043,8.2371200000000009,5.6203195286301444
1416,10,9.7267613978494634,9.0068171169398372,9.1122725568355332,8.3461999999999978,9.3637080000000008,7.5397581142631172
1417,10,9.3657613978494645,8.282382417599802,8.7654516835207694,13.606000000000002,10.409680000000002,15.315328429575491
1418,10,9.0047613978494638,7.976720283592865,7.850531625539265,6.3377400000000002,6.0821240000000003,10.87091280326166
1419,10,8.6377613978494647,13.899951305109711,13.299621738558693,4.9781199999999988,6.3223000000000003,10.129265498955698
1420,10,8.2767613978494641,9.3850454600487563,8.9283436315787004,1.32334,5.986988000000002,10.683698645350555
1421,10,7.9157613978494634,7.1432151300980298,7.1670099079046299,0.37856000000000023,2.9111999999999956,4.6332437118221552
1422,10,7.5547613978494645,7.4135246295267478,7.3922140824183735,3.6776000000000018,6.0345879999999958,10.813638622095667
1423,10,7.1937613978494639,9.4840440447171197,8.441476397368973,3.3160999999999987,0.88414799999999971,5.6535637541088626
1424,10,6.8327613978494632,8.9164397847489631,8.312370042333697,12.442,9.4737279999999977,9.0782612387808932
1425,10,6.4727613978494638,8.5483782365765286,8.1403113874755597,8.894400000000001,5.7361600000000017,6.0838144661622735
1426,10,6.1117613978494632,3.6945147943002929,4.1671216973721954,1.6335999999999977,5.3491679999999988,5.3041967438962878
1427,10,10.981761397849464,8.187234233245853,8.278955549065369,12.440800000000003,10.032451999999999,13.225964272821475
1428,10,10.981761397849464,16.45787259898427,15.45255373152461,7.7770200000000003,12.972364000000002,13.216186568933892
1429,10,10.981761397849464,8.5339601145640209,8.6910951241645193,10.328720000000001,13.265247999999996,7.6869974191946788
1430,10,10.981761397849464,10.480867590074823,9.9741882324453996,1.6557000000000013,8.0282839999999993,9.3773770039161128
1431,10,10.981761397849464,16.425254328891086,14.466531113812774,9.1791200000000011,12.855472000000006,11.904932958890928
1432,10,10.981761397849464,9.8641757871820488,9.7644344758563228,8.4441399999999973,6.2887199999999979,12.123152862840101
1433,10,10.981761397849464,15.565128086214653,14.131682190140562,7.5429200000000023,7.7545840000000013,11.204335430869399
1434,10,10.981761397849464,9.1879532293660304,9.4140666843191596,11.77872,7.6030319999999989,10.951083598361496
1435,10,10.981761397849464,8.3681441465120336,8.9452711762303991,9.0076199999999993,8.1301960000000015,6.6553725324648028
1436,10,10.981761397849464,12.885206656406886,12.133888107505356,12.561999999999998,9.2802679999999995,10.770435702575483
1437,10,10.981761397849464,12.321649503144371,12.695858054113838,6.1061000000000014,8.8688199999999959,5.3290685045188866
1438,10,10.447761397849463,12.069392236411685,11.323038504105535,10.633899999999995,10.400799999999998,11.32487691400255
1439,10,10.086761397849465,12.620334591354702,13.017822536875077,3.6955400000000012,8.9229240000000019,9.745652783771952
1440,10,9.7257613978494639,10.973119129013639,10.73023920854213,4.4568000000000012,8.0539039999999957,12.827346142537049
1441,10,9.3657613978494645,10.346850160375951,10.210083659567861,8.6738600000000012,8.4470760000000027,10.748135192919094
1442,10,9.0047613978494638,10.809949426129837,9.9000324717006691,6.1883799999999987,6.5320160000000023,9.0527135934501644
1443,10,8.6377613978494647,8.8106903442624915,8.8658974472451195,5.9752199999999984,8.66934,9.5447652893140909
1444,10,8.2767613978494641,7.4357278964201523,7.3821858783642273,6.0367200000000008,1.8446439999999971,4.8074261673917587
1445,10,7.9157613978494634,8.2706430591432163,8.5029003911087511,10.010399999999999,8.5599559999999943,6.5835872886596452
1446,10,7.5547613978494645,10.984326907300368,10.736345612737274,6.0359399999999965,10.185148000000002,8.6899628179587367
1447,10,7.1937613978494639,7.4773353659114434,7.4680557620054842,3.3792200000000037,6.5955240000000011,9.6120723729659048
1448,10,6.8327613978494632,4.5446407032900282,5.0494884039214938,8.4202599999999954,9.0999720000000011,9.0620057885973466
1449,10,6.4717613978494626,15.395432928330457,13.626903524677736,5.4898199999999981,4.1505960000000002,7.4975636148535791
1450,10,6.1117613978494632,7.9796800507480938,7.5169686292388214,3.355559999999997,2.4855719999999977,8.8113703931660723
1451,10,10.981761397849464,12.28308569029247,12.205044227732657,13.021999999999998,13.257439999999995,12.769309009931359
1452,10,10.981761397849464,9.4043735103423458,9.3850912474057466,15.137999999999998,11.26276,8.3130610522183446
1453,10,10.981761397849464,12.007933561624661,11.669660375093898,19.605799999999999,16.112799999999996,18.288798625764844
1454,10,10.981761397849464,13.131549592162479,12.647410174036015,14.699400000000004,12.347439999999995,13.156010753557709
1455,10,10.981761397849464,11.795428693201423,12.02917340358902,13.535399999999999,13.631279999999997,13.514813024577013
1456,10,10.981761397849464,10.875695889386542,10.955242538735845,2.8256400000000017,4.7654959999999988,8.1780497125198011
1457,10,10.981761397849464,14.716406162498057,14.429663409250441,12.962799999999998,13.031099999999995,15.649179088911534
1458,10,10.981761397849464,10.871408626634199,10.83145850286844,14.738400000000002,11.739799999999999,15.495189757279757
1459,10,10.981761397849464,10.258507943517817,9.7265126568020364,16.321199999999997,12.176984000000001,17.299332326866178
1460,10,10.981761397849464,14.432449116170609,13.974784768855358,14.700400000000002,11.290952000000001,11.640700495912139
1461,10,10.981761397849464,10.254100236904772,10.189361146117527,8.1818000000000026,8.3931600000000017,15.646929309621896
1462,10,10.447761397849463,16.925968246498776,15.959109906582691,14.170200000000003,11.292755999999999,11.305211762205269
1463,10,10.086761397849465,12.720802760391852,12.381933067653819,11.5472,9.0306400000000018,14.019524708016206
1464,10,9.7257613978494639,11.954877596908965,11.470313789435313,2.8147999999999982,6.4306240000000017,4.1281359005460736
1465,10,9.3657613978494645,13.945015148447297,13.837925903993344,9.1771999999999991,9.5372000000000021,12.259249921814579
1466,10,9.0047613978494638,13.762688082034945,13.342044915110897,14.396399999999996,13.347191999999996,10.655166066221408
1467,10,8.6377613978494647,8.2945326650845903,8.2671304182652445,1.6945999999999994,0.40209200000000145,6.8701337941990541
1468,10,8.2767613978494641,8.1977900009154236,8.2482126234245197,12.100799999999998,8.7250799999999966,8.1025889649782581
1469,10,7.9157613978494634,7.9255201552193686,8.1151387537796307,3.7619999999999987,3.8475200000000012,7.2556245452789039
1470,10,7.5547613978494645,11.197118850473132,10.8138702135216,9.9121999999999986,6.9222719999999995,7.9484017772608553
1471,10,7.1937613978494639,8.7481539201130971,8.2193406039329204,6.1222199999999987,5.8008840000000035,9.4788871356857065
1472,10,6.8327613978494632,4.970741563344184,5.1442204726037914,4.933799999999998,1.2070359999999987,3.896167813113049
1473,10,6.4717613978494626,7.3826232989543037,6.9131434813147621,5.2303999999999995,0.25958000000000325,4.4487440206541393
1474,10,6.1117613978494632,5.7842171296537153,5.7862852100905151,8.8758000000000017,7.1450800000000001,8.5069266783981767
1475,10,10.981761397849464,10.413020750035002,10.087254095065518,16.461400000000005,13.401096000000003,14.972001280600747
1476,10,10.981761397849464,10.487010400669341,10.395877853110711,13.590199999999999,11.811400000000003,13.460047549227838
1477,10,10.981761397849464,11.200970767625019,11.102641424783322,17.5106,15.887039999999999,18.713198300606031
1478,10,10.981761397849464,10.89286323760804,10.71254420360729,11.372199999999999,9.5854640000000018,11.59497328672764
1479,10,10.981761397849464,10.12148926871582,10.192375220595899,10.197200000000002,8.9185599999999994,11.052427635140631
1480,10,10.981761397849464,11.66813282639588,11.557873141226725,1.1082600000000014,8.7567720000000016,5.159095700843384
1481,10,10.981761397849464,12.596392810729863,12.303242128079361,9.7404000000000011,3.7678720000000006,9.408203703464725
1482,10,10.981761397849464,13.292986102978205,12.814661678901174,12.663,9.2240000000000002,13.277439494756518
1483,10,10.981761397849464,11.704618990249088,11.660382224544605,15.785599999999999,14.598560000000003,16.813291609690729
1484,10,10.981761397849464,10.356035603221279,10.308614145317382,18.4072,16.281280000000002,14.345505546720617
1485,10,10.981761397849464,13.663428656827382,13.306229753420673,9.5919999999999987,9.887159999999998,14.112448064085442
1486,10,10.981761397849464,13.776238658541526,13.410466694986514,6.0551600000000008,7.0222520000000017,7.1557916733120734
1487,10,10.447761397849463,13.097431018791324,12.415951054064772,7.9871999999999996,9.6829879999999999,13.926693787237193
1488,10,10.086761397849465,13.836010677789833,13.492882506896052,10.6632,10.360720000000001,11.397577406272838
1489,10,9.7257613978494639,12.647625055151131,12.162430592612992,0.98290000000000077,4.7683239999999998,11.3891157312428
1490,10,9.3657613978494645,11.286899102091617,11.161462703281792,10.033399999999997,9.718,9.4930880558272364
1491,10,9.0047613978494638,9.2787110567921829,9.4379044165357264,7.4682000000000031,8.176359999999999,10.770320652025216
1492,10,8.6377613978494647,12.279570653899428,11.795202651672968,1.726799999999999,7.2696399999999972,6.1528603934618662
1493,10,8.2767613978494641,8.8242569137207791,8.5014908169709695,10.003400000000005,10.614560000000006,12.478829866932825
1494,10,7.9157613978494634,8.8662609568119688,8.9680298745915454,10.454999999999997,7.2002839999999981,7.3846047037112346
1495,10,7.5547613978494645,8.5760970377646046,8.8033672802350829,7.4586000000000006,9.7576399999999985,4.4816601845303907
1496,10,7.1937613978494639,7.5151439020693047,7.3280228740310456,3.4370000000000012,4.4697359999999975,8.4180310523477644
1497,10,6.8327613978494632,10.740798451230681,10.699059205982312,13.073999999999995,12.495671999999995,9.3458031866949334
1498,10,6.4717613978494626,6.7205240909099118,6.4095826276383896,6.8621999999999979,5.9956679999999949,8.0809331354465002
1499,10,6.1117613978494632,11.499793701101389,11.032040964081773,9.2713999999999963,6.0526399999999967,9.4531134325799258
1500,11,5.5157613978494631,4.0971386559030023,4.2363139042728619,7.237560000000002,7.3554279999999999,6.2293325429506687
1501,11,5.0927613978494648,3.3471869808581154,3.3809824869763609,1.077379999999998,2.1387640000000001,4.7395320727128158
1502,11,4.6687613978494653,2.4518555573693028,2.6272715429500622,0.29420000000000002,2.074819999999999,6.4046217523712414
1503,11,4.2387613978494656,3.9391962354697156,3.9603539020679648,6.2148000000000003,3.0912000000000006,5.217106825526276
1504,11,3.8117613978494624,1.5542327861212257,2.0451989260600456,3.5474000000000014,2.7288799999999966,7.1625254618506418
1505,11,3.3787613978494626,2.3045857330691248,2.4254371201075386,5.0570000000000022,3.4300120000000014,3.7258700010056387
1506,11,2.9537613978494655,1.0056176357003714,1.0948830191940502,5.1021999999999998,2.3298200000000016,4.4647805288106319
1507,11,2.5247613978494634,0.35943246494444736,0.69040597727547492,4.0513399999999997,1.1852560000000025,1.4637451582235101
1508,11,2.034761397849465,2.0477101144763559,1.9207191049396535,5.0389599999999994,1.6675399999999989,5.2877500414503587
1509,11,1.6607613978494626,0.020460119080254913,0.31954864929578264,7.0277999999999992,3.3457919999999994,1.1306931228257326
1510,11,1.2347613978494643,0.80122121894554965,0.52679080366736386,0.34839999999999804,0.78678799999999782,2.0284648010008972
1511,11,0.80376139784946332,2.9775404814255388,2.5538131741838299,6.0402000000000022,0.32236400000000742,2.0561740185077575
1512,11,0.82576139784946534,0.028471253413734132,0.051992250913599491,8.9632000000000005,3.0414400000000015,3.7719979910978729
1513,11,1.6097613978494643,0.39212260432653068,0.21616131676277561,0.1651600000000002,1.6658719999999967,3.1468999696656361
1514,11,2.3867613978494653,1.1291203471578619,1.6996680435129115,2.9810000000000016,7.5688800000000001,4.3007339319605364
1515,11,3.1777613978494657,3.0922960343516905,3.5558349430616758,8.3098000000000063,8.3354000000000035,7.4368038643271923
1516,11,3.9657613978494659,1.7044618568782681,1.9607664784941683,9.9701999999999984,5.419944000000001,6.2235240405970593
1517,11,4.7477613978494624,3.2270336716170185,3.1282640591921194,0.35805999999999827,0.049376000000002307,4.689105993705418
1518,11,5.5487613978494643,4.3661750662938204,4.3452285385776541,0.73715999999999937,5.3052080000000039,4.8799252298041864
1519,11,6.3197613978494651,2.2223422874762946,2.854011769107256,3.2647400000000033,8.0987040000000015,5.7195772428535285
1520,11,7.1077613978494636,5.256265509559638,5.4634718888075628,12.591600000000001,9.1327239999999978,8.0617006827757915
1521,11,8.7887613978494645,7.4433091978821349,7.4889811455040221,13.710399999999998,13.410116,10.498585702107841
1522,11,9.4687613978494642,8.2419758960547522,8.0115940962656342,5.5527999999999995,8.6987799999999975,11.243809361682372
1523,11,5.5157613978494631,2.9448006250655823,2.9457095666185253,4.1749199999999984,0.88689199999999957,2.6054054411966341
1524,11,5.0927613978494648,1.499229831127284,1.658846894594042,0.51071999999999917,4.4949759999999994,0.82494814031021235
1525,11,4.6687613978494653,2.1030274752271367,2.6121651786181452,1.1949799999999975,2.3223399999999987,4.2143968304431958
1526,11,4.2387613978494656,6.4505224832919055,6.0951001290055586,8.6658000000000044,4.6622559999999993,8.7017213007888579
1527,11,3.8117613978494624,2.2530560950545322,2.319227658051183,2.6565999999999974,1.0286879999999989,6.1489980371802666
1528,11,3.3787613978494626,1.2508275316644202,1.5125099144765954,0.68739999999999668,0.97530000000000072,5.7151655225849147
1529,11,2.9537613978494655,0.12908006385078963,0.62898746232379921,0.68207999999999913,0.16088399999999936,2.5425060960387569
1530,11,2.5247613978494634,0.13430222102393685,0.16486401382601912,7.91906,6.440652,1.7089110622563943
1531,11,2.034761397849465,0.036308633080487596,0.36102286923733473,2.1868000000000016,4.131263999999998,2.0500331214323211
1532,11,1.6607613978494626,0.10461189649111802,0.56823365033698536,4.3705999999999996,3.0487200000000065,1.2923720858663721
1533,11,1.2347613978494643,0.67254556328526149,0.40251942643670446,6.0454000000000043,0.2042400000000022,5.974216237941409
1534,11,0.80376139784946332,2.7475842595075726,2.287244211072629,0.3097600000000007,3.4481320000000011,2.1070937260181175
1535,11,0.82576139784946534,2.120346783130131,2.2516561089895681,1.9981999999999971,2.897936000000005,0.83159190783647574
1536,11,1.6097613978494643,0.37366018180783556,0.058972970688081716,7.8826000000000001,6.1235999999999997,4.3514622354178982
1537,11,2.3867613978494653,1.3608476126852196,1.6542459210476217,7.7872000000000021,6.8556800000000031,3.7372646424002056
1538,11,3.1777613978494657,1.2667242156078622,1.556327964602513,6.8202000000000034,4.6886119999999991,3.740680036579036
1539,11,3.9657613978494659,0.13552667916746231,0.30081476818075714,2.1302199999999978,4.2806959999999972,0.83693635822590196
1540,11,4.7477613978494624,2.0248665857403552,2.4094302577248001,4.2438599999999997,2.2903520000000004,1.7668309382056222
1541,11,5.5487613978494643,3.7286447177191384,3.9124702631651047,7.1792000000000016,1.3477840000000008,2.1053932526387484
1542,11,6.3197613978494651,4.6051532228314365,4.8367362951574258,1.1814000000000036,1.4886160000000004,5.1656693661984754
1543,11,7.1077613978494636,4.4546825516939581,4.8329803350792542,9.1926000000000005,9.0509839999999944,7.9518947107391877
1544,11,8.7887613978494645,4.722272179169126,5.1166641481989803,3.7569999999999997,3.0739119999999982,2.0855198658698253
1545,11,9.4697613978494637,8.8879975592074807,8.6963124040355808,5.3790800000000001,0.13798400000000122,7.7461197245370883
1546,11,5.5157613978494631,1.3002576874089158,1.7352848638798868,0.89519999999999911,1.6930920000000018,0.53065225981470121
1547,11,5.0927613978494648,2.5254777178848649,2.6568340514929147,9.0755399999999984,5.949939999999998,2.5269096963674045
1548,11,4.6687613978494653,2.6553865435524493,2.7639680844526602,0.27446000000000126,0.14989200000000125,2.7526023409636124
1549,11,4.2387613978494656,3.5314546464515573,3.5942265653639858,5.6195999999999984,5.8049920000000022,8.4563648477307858
1550,11,3.8117613978494624,3.1179783044328815,3.0062434287272239,5.539399999999997,5.8364399999999996,6.1757246172773392
1551,11,3.3787613978494626,0.99282925515315767,1.1070598731218944,0.93400000000000105,2.7841920000000009,1.7293045452746618
1552,11,2.9537613978494655,0.63430966717226056,0.38115906891825091,2.4250800000000012,0.57449199999999578,1.7808513457233417
1553,11,2.5247613978494634,1.3895766740818658,1.4271290610693264,2.9358600000000017,3.2063960000000016,3.60646428545909
1554,11,2.034761397849465,0.11107197181146233,0.49955741695965727,1.6096399999999988,2.8716000000000008,3.9023012774389159
1555,11,1.6607613978494626,0.064171038131316749,0.49490939499730047,0.59759999999999991,1.6686079999999954,4.0102353948766698
1556,11,1.2347613978494643,2.655488291002019,2.3011025919424597,5.3891799999999996,6.7171399999999988,1.5337516147779944
1557,11,0.80376139784946332,1.5759076174384994,1.6694645055567143,5.8147999999999982,3.6528120000000008,0.97768128548203848
1558,11,0.82576139784946534,0.55562620901277882,0.99701866636640091,5.5344000000000015,1.7289279999999998,2.5073487092471467
1559,11,1.6097613978494643,0.53404514893502153,0.49932930149544674,7.6605999999999952,6.2077999999999953,5.5935363703868894
1560,11,2.3867613978494653,1.3210169605740987,0.8501970125285645,2.8290000000000006,4.7487599999999972,0.27869855124039944
1561,11,3.1777613978494657,1.5996795257908367,1.8759251659251923,4.6874199999999995,2.1459200000000003,3.1904864394979882
1562,11,3.9657613978494659,0.28850963260069662,0.48338197133269745,1.9758800000000036,3.0374079999999992,0.86200733618121106
1563,11,4.7477613978494624,1.576079662255669,1.7568956613612308,1.5527999999999977,0.56671199999999899,3.0385990697018244
1564,11,5.5487613978494643,12.369864116083882,11.042741899385934,10.046399999999998,6.2034839999999996,12.483765725103837
1565,11,6.3197613978494651,4.343020878709666,4.2156450214089745,1.2874199999999991,5.7513120000000022,4.415490249856699
1566,11,7.1077613978494636,3.6631315191416665,4.0662224018587008,3.2280200000000026,1.6269960000000019,0.41668349361705204
1567,11,8.7887613978494645,2.4198130739919801,2.913760460256233,1.8302400000000016,0.6760439999999992,5.9936823650979338
1568,11,9.4697613978494637,7.5486369204232702,7.3536861134816007,8.4104600000000005,3.8798320000000004,11.49518560370494
1569,11,5.5157613978494631,1.691621570392023,2.1281327556627119,6.4372799999999994,3.6140080000000001,2.1476198159364053
1570,11,5.0927613978494648,1.7924127451489191,2.3221072918610304,7.0105399999999989,2.4011239999999976,4.2854561962383926
1571,11,4.6677613978494641,2.0230290337563233,2.4510193539471921,3.3934399999999982,2.6080439999999996,4.6132617018684776
1572,11,4.2387613978494656,1.6706946271859131,2.0202067610079162,5.4794399999999968,4.4001719999999995,1.1496741941577007
1573,11,3.8107613978494648,3.7602578141090852,3.9047374625604085,4.9661399999999976,2.9099560000000011,5.1369514805108629
1574,11,3.3787613978494626,0.80483187470451156,0.98084746903798248,1.7265599999999992,1.3690999999999995,2.6929012949440754
1575,11,2.9537613978494655,0.40411742547677676,0.078462742489275428,11.772119999999997,6.1069679999999984,0.49876162670087254
1576,11,2.5247613978494634,3.4046317726417428,2.4569704729843345,8.8699999999999974,6.5259200000000028,5.1450278429555958
1577,11,2.034761397849465,0.66258269702886352,1.0034478237514506,6.0686,3.9248520000000013,4.1068662283184949
1578,11,1.6607613978494626,1.9025549665087773,2.08660621368794,7.6048000000000009,3.4877999999999965,6.6202316734794309
1579,11,1.2347613978494643,1.0959990123512853,1.2007645342075541,4.7448599999999992,4.8599519999999998,0.56871531866013214
1580,11,0.80376139784946332,0.94292316253849151,0.84844362387673655,9.4862800000000007,5.564195999999999,1.5591940502588031
1581,11,0.82576139784946534,0.87928455995461618,1.0756382523905401,6.6632000000000033,3.533484000000005,1.2201804026727281
1582,11,1.6097613978494643,0.97049438641206365,0.59899528050245365,7.7582000000000022,4.4177119999999981,2.8811088069380766
1583,11,2.3867613978494653,0.29685596264592817,0.21982307217113117,9.5813999999999986,3.2076519999999995,0.74031030446432666
1584,11,3.1777613978494657,0.09361872623739842,0.36496956247442469,6.3972799999999985,0.58089200000000218,1.8928082262283574
1585,11,3.9657613978494659,3.0331902839538216,3.23296138917107,5.264759999999999,6.052999999999999,1.0464797100913117
1586,11,4.7477613978494624,2.9259517714031205,2.849549739451426,1.5408400000000029,2.6114200000000007,2.6439578839348208
1587,11,5.5487613978494643,2.9885510327334579,3.4263456552654077,8.8910000000000018,5.5718839999999972,4.3542120324938232
1588,11,6.3197613978494651,4.8206382184751035,4.8611512264028214,0.38334000000000046,0.38334400000000457,5.0889260220991588
1589,11,7.1077613978494636,4.7555584371580206,4.8213322825336302,2.9527000000000019,0.69656400000000041,4.0193456043537186
1590,11,8.7887613978494645,3.5302930072567857,3.9655630189305189,0.62445999999999735,1.2960239999999992,2.1128070953952705
1591,11,9.4697613978494637,6.5455782105153091,6.7179123632158024,2.7382399999999976,2.8760119999999993,8.3878153329583256
1592,11,5.5157613978494631,5.2347911952082029,5.1409652752594042,10.229999999999997,7.4470400000000012,7.7709267078683659
1593,11,5.0927613978494648,3.506927861143307,3.8106212560639783,5.4566000000000017,5.0997880000000002,6.1200408768069181
1594,11,4.6677613978494641,5.3731723705423384,5.6419719458193818,11.122199999999996,6.0367999999999995,6.4359313081759417
1595,11,4.2387613978494656,3.301541975195871,3.7087938271779741,7.107800000000001,3.1318799999999989,5.7485175020712305
1596,11,3.8107613978494648,2.013506059157173,2.3252469700911576,6.0156000000000027,6.3621200000000009,7.3991416819476896
1597,11,3.3787613978494626,2.1290429597477569,2.1933675791453631,7.833400000000001,5.522559999999995,8.115296515081365
1598,11,2.9537613978494655,1.7009760758477306,1.7536376653273464,0.79525999999999897,3.8497480000000017,2.1764554247962309
1599,11,2.5247613978494634,0.44895367384627605,0.96645253476462756,3.6011999999999986,5.0026400000000031,6.0618895303943781
1600,11,2.034761397849465,1.1709500051360564,1.3714240922827372,3.5118000000000009,4.1715200000000046,7.8072908014046263
1601,11,1.6607613978494626,0.1669620570967929,0.049249533528534783,2.0673999999999992,1.3741199999999942,2.5914624792707741
1602,11,1.2347613978494643,0.27303056415678739,0.53334457698198179,0.35919999999999774,2.1949199999999998,5.7097950555301438
1603,11,0.80376139784946332,0.5440831811478084,0.50758246526371309,2.2539999999999978,0.43426399999999887,3.8969813753800651
1604,11,0.82576139784946534,1.6485094668984246,1.48632303551787,9.7065999999999981,3.25732,7.0137579882773231
1605,11,1.6097613978494643,1.7490010720781939,1.8526052709883416,0.081399999999998585,0.97508000000000195,6.4518818058320235
1606,11,2.3867613978494653,3.5009426022286227,2.8397128924232078,5.3697999999999979,4.5663999999999945,6.6445454855337083
1607,11,3.1777613978494657,3.0963466784337754,3.1925739806644202,0.26459999999999795,2.9961199999999977,5.669903426322076
1608,11,3.9657613978494659,4.6912769271240009,4.848723040273498,7.992600000000003,5.5806399999999989,6.7723068918986051
1609,11,4.7477613978494624,4.9472158462724778,4.8127489212866408,10.016800000000003,8.9846399999999988,10.728764818211566
1610,11,5.5487613978494643,4.2979854715182704,4.3049672118826265,1.8113600000000005,3.2269200000000033,6.7838499654155271
1611,11,6.3197613978494651,6.6053876107832856,6.6709592692400292,10.693200000000004,10.280920000000002,11.541732977616629
1612,11,7.1077613978494636,7.2996267772893777,6.8492362904124793,8.3941999999999997,10.594960000000002,11.410235741766281
1613,11,8.7887613978494645,8.3662484762355387,8.1952293509828973,9.8079999999999981,7.8780720000000013,15.334542890237211
1614,11,9.4697613978494637,8.8628919433739739,9.1576136609929186,10.701799999999999,12.40804,16.082534658868138
1615,11,5.5157613978494631,5.8223727754719334,6.0482997586808445,12.156599999999997,10.214559999999999,12.307645058101997
1616,11,5.0927613978494648,2.8697233599845546,3.0519710576335122,5.9473999999999982,4.2443999999999988,3.9152028465556832
1617,11,4.6677613978494641,4.2746456088632598,4.4462532509067536,2.4549999999999983,6.6679199999999987,8.5277924887078846
1618,11,4.2387613978494656,3.8086539371587556,3.8583695179459738,0.1282000000000032,1.428880000000003,0.12862739400263479
1619,11,3.8107613978494648,3.1771084860893382,3.204272588145205,5.6692,4.1548879999999997,6.5297912911872658
1620,11,3.3787613978494626,0.85294069100510939,1.1810487280497242,5.8803999999999981,5.0184000000000033,2.5930634503444132
1621,11,2.9537613978494655,2.6057335480491624,2.7490060721189735,0.57220000000000226,4.0780399999999979,4.710850582063614
1622,11,2.5247613978494634,2.6033510444485266,3.0241489445348968,9.0583999999999989,4.8394319999999986,6.8504282542597608
1623,11,2.034761397849465,1.4792018551098245,1.3939324640049797,8.2225999999999964,4.8632120000000008,5.3114711178364544
1624,11,1.6607613978494626,0.15342294816645818,0.026143801071238926,2.1067999999999998,2.3957199999999972,1.5562702794423089
1625,11,1.2347613978494643,0.78051493768260016,1.2670223058916648,0.52880000000000038,0.068039999999999878,1.2136305294961289
1626,11,0.80376139784946332,0.31411053114362986,0.064445748406534165,0.0027999999999970271,3.5650399999999998,1.8130903475351907
1627,11,0.82576139784946534,0.42464377823954536,0.49524823730375545,2.2984000000000009,2.5115200000000044,0.17261535617095447
1628,11,1.6097613978494643,0.65760803766343301,1.1511984760546916,0.18119999999999692,0.62303999999999959,1.0513614748178384
1629,11,2.3867613978494653,5.2847863191108004,4.9210749972723633,3.0645999999999987,2.3839599999999983,3.2835483351387751
1630,11,3.1777613978494657,3.0258574514335059,3.4295642126293124,1.8253999999999984,4.419672000000002,4.7754756478614766
1631,11,3.9667613978494636,3.3507730168408116,3.89389541169216,1.722999999999999,5.8841199999999958,9.4009437309240589
1632,11,4.7477613978494624,4.0839034964184933,4.154639136646562,3.8731999999999971,4.7680439999999997,5.5247221842654497
1633,11,5.5487613978494643,4.4386414217656629,4.6214259036815832,7.4982000000000006,6.4635199999999955,6.5539779751957106
1634,11,6.3197613978494651,4.9727290159048678,5.1370077292014251,2.9575999999999993,5.6136800000000022,10.385030243696395
1635,11,7.1077613978494636,5.6900146042629789,5.6948440990026388,12.212000000000002,8.1184080000000005,6.8232283749078473
1636,11,8.7887613978494645,7.3208805483053307,7.5537200625561258,8.8595999999999986,8.8342800000000015,13.364565182480989
1637,11,9.4697613978494637,9.453128351244267,9.2633993057639223,10.243399999999998,7.8455600000000025,9.5270179101787846
1745,13,6.909761397849465,5.1657228102486634,5.2097275551795583,6.6534000000000013,4.1527200000000022,4.6610431421092464
1746,13,6.8337613978494645,3.5048256020606523,4.1316332724563374,2.6783999999999999,1.4366800000000026,4.2308789487089733
1747,13,6.7557613978494651,8.5152356595385292,8.7709670708234952,10.362400000000001,9.4574800000000003,9.8424682642867225
1748,13,6.6607613978494626,10.593822498281593,9.5662740639055848,10.223999999999997,11.032079999999997,10.577552868456625
1749,13,6.6057613978494629,6.0182384381069731,6.0673005520003329,3.2690000000000019,2.5106039999999972,4.9545346136058228
1750,13,6.5297613978494624,6.868836264138185,7.03250539481202,1.6341999999999963,5.5444000000000031,6.8275931515584567
1751,13,6.3747613978494648,3.7225084411048819,4.0037045917427001,5.9065399999999979,2.694896,3.2769449771288848
1752,13,6.2907613978494652,8.6664904405989347,8.4371119963653136,1.8704000000000001,4.749640000000003,4.9158826921698164
1753,13,6.1457613978494656,6.8917617336507782,6.3448181976087419,11.8354,8.3375599999999999,0.089121877643282943
1754,13,5.1847613978494635,0.61550131303802758,1.147715497042455,1.5527999999999977,1.994056000000004,0.34422322903028046
1755,13,4.3407613978494659,9.9426355559061648,9.186601781696158,16.134999999999998,10.996480000000002,11.776732682771524
1756,13,3.4647613978494647,1.6256849865277019,1.9506472767170493,5.7005999999999979,6.7718799999999995,7.7983791996884761
1757,13,2.6307613978494651,4.1199471545848034,5.3700274864483433,5.3656000000000006,4.8770999999999987,5.1604567728112656
1758,13,1.789761397849464,6.6702639102456942,6.1987987449050053,5.7813999999999979,5.4618000000000002,7.1363858510825757
1759,13,0.11276139784946437,0.45075499056613921,0.13607084696126748,5.3488000000000007,4.2976440000000018,3.9444881960107523
1760,13,0.73323860215053571,4.1843216626250559,5.2178423115103634,6.2469999999999999,4.6522800000000011,8.0081045085829885
1761,13,1.6002386021505366,5.1319350943095969,4.3465734144255848,0.12600000000000122,0.56343999999999994,0.43602832306204675
1762,13,3.2792386021505351,1.7046119051366126,2.6359120525486723,0.42139999999999844,0.090167999999998472,1.1352584685648281
1763,13,4.1262386021505364,2.4004130457873423,1.7489153345923683,0.18320000000000292,1.4044720000000055,0.026234443483129866
1764,13,6.909761397849465,7.5849523429938088,7.3432348157438696,7.1525399999999983,1.1343440000000022,1.2281844583254617
1765,13,6.8337613978494645,5.904529903097842,5.8028636507105134,6.1138000000000012,9.0283200000000008,8.3674786890300688
1766,13,6.7557613978494651,6.6239014363352666,6.6249352715832295,13.164200000000001,10.48996,6.9283295050969542
1767,13,6.6607613978494626,5.5525614150572835,5.37363283097908,2.7190000000000012,4.9637200000000021,7.1747182069416588
1768,13,6.6057613978494629,3.0818153296461794,2.9739418439348917,4.2360000000000007,6.3175919999999977,2.6839453228587509
1769,13,6.5297613978494624,5.5964313990810375,5.8708413077957076,2.9453999999999958,4.4676399999999994,4.4722326311120391
1770,13,6.3747613978494648,6.1482994972035918,5.7273155744114632,10.202800000000003,8.0738000000000056,6.0041056494976743
1771,13,6.2907613978494652,3.9176178424347263,4.2096687097995762,3.6162000000000027,2.1462000000000003,2.2669950889062456
1772,13,6.1457613978494656,5.5159182706990713,5.6076671963604312,11.8354,8.0034799999999997,3.9129571824677853
1773,13,5.1847613978494635,6.9686981920832096,5.8637286252664715,7.4945199999999979,10.011583999999996,6.9799127355044526
1774,13,4.3407613978494659,5.6309626751568231,5.5823272643931574,5.5374000000000017,5.9524800000000049,5.7458607188690252
1775,13,3.4647613978494647,3.914801398002421,3.5890540992037216,6.7518000000000065,7.7162639999999989,5.9459491768558443
1776,13,2.6307613978494651,0.74495327770326014,1.0842537820298581,1.3659999999999997,0.060679999999997847,0.13891091373055886
1777,13,1.789761397849464,0.25807697803704599,0.42918145148414411,4.6021999999999998,2.5581200000000024,5.4940988268881732
1778,13,0.11276139784946437,0.49646078508944314,0.41754707282527193,2.1601999999999997,0.59867200000000409,3.2868393184852422
1779,13,0.73323860215053571,0.34913246702323519,0.13754192115357711,6.4038000000000004,2.9898400000000045,0.6432833435632368
1780,13,1.6002386021505366,0.17773941539062932,0.45488271637688271,2.2683999999999997,2.5727040000000017,0.62830983556136744
1781,13,3.2792386021505351,0.97502538142610362,2.2592912990799086,4.7180000000000035,1.5516000000000041,3.3555754787507581
1782,13,4.1262386021505364,4.094066971309168,3.9510388189890051,6.3620799999999988,6.0660120000000006,6.9890720291483142
1783,13,6.909761397849465,3.0734240620415605,3.5379588741340768,0.51480000000000103,2.3718920000000026,0.3886355792474312
1784,13,6.8337613978494645,6.6678667131566804,6.5076803060268666,6.5325999999999986,3.2957000000000001,4.7254588744100694
1785,13,6.7557613978494651,6.9310937651044036,6.9731762092526779,14.185400000000005,12.414079999999998,9.28882616897274
1786,13,6.6607613978494626,7.718992114061848,8.403543566157655,11.785,12.524079999999998,11.675086187413534
1787,13,6.6057613978494629,6.9029745282531252,5.7552007618960914,1.1812000000000005,4.9518000000000022,2.7042966161405104
1788,13,6.5297613978494624,6.6919890400258417,6.2011131949727094,7.1607999999999983,4.0565999999999995,5.0971225405982601
1789,13,6.3747613978494648,4.2910820352785706,4.1899289727527318,1.326159999999998,3.1014760000000017,1.6444954490306714
1790,13,6.2907613978494652,5.0045237568308956,4.9232580552870679,6.4301999999999992,4.7509640000000033,0.49811271702976967
1791,13,6.1457613978494656,4.8432213914299354,4.9218203046938669,5.4960000000000022,8.823120000000003,1.0945092003415233
1792,13,5.1847613978494635,3.7757917371805725,3.6217265658501852,3.8361999999999981,4.2585519999999981,2.2806980251097393
1793,13,4.3407613978494659,4.064891570714245,3.9857041505129231,2.703599999999998,3.287431999999999,1.8888408223727211
1794,13,3.4647613978494647,0.21988829501249185,0.58436821069899025,1.8090000000000011,2.2595999999999989,4.104148617891795
1795,13,2.6307613978494651,0.93085580772584109,0.68118890259324516,2.3027999999999977,1.9516399999999976,1.5934754981639827
1796,13,1.789761397849464,0.01849535433252214,0.30019943561950058,4.9196000000000026,1.7982239999999976,1.3894887127152593
1797,13,0.11276139784946437,1.960149528598329,1.7038639751098259,4.7338799999999992,0.28732399999999814,2.1493122439313659
1798,13,0.73323860215053571,3.1437391361033704,2.8314732795098188,0.4524000000000008,0.87861200000000395,2.4942984397717431
1799,13,1.6002386021505366,3.1095822419989361,3.0343019165856084,0.11280000000000001,1.9806400000000011,0.82015788694687686
1800,13,3.2792386021505351,6.2842587914652412,6.008981921691003,1.5009999999999977,5.842883999999998,7.9449970051854315
1801,13,4.1262386021505364,6.8659007376278431,6.7834106632380404,12.414279999999998,8.6306039999999982,9.3936415526660717
1802,13,6.909761397849465,7.1418448613243548,7.0200852863763927,7.2455999999999996,8.8606800000000021,5.9478991151862211
1803,13,6.8337613978494645,4.5632633415165067,4.9465940210673196,3.9727999999999994,2.4179440000000021,2.3565911321204851
1804,13,6.7557613978494651,4.7954422368616569,5.6919605752182321,10.4634,9.4861599999999981,8.0425070454772438
1805,13,6.5297613978494624,4.1818589685476617,4.1862163293102057,0.57679999999999865,3.6200399999999995,2.3060842205007788
1806,13,6.3747613978494648,5.8595946011825006,5.6543135744491053,11.607400000000002,7.5244399999999985,6.607631816843071
1807,13,6.2907613978494652,3.681215395550641,4.9631422610572038,8.2768000000000015,8.5288960000000031,6.4660235885056743
1808,13,6.1457613978494656,3.1936885624349323,3.3857769522107617,5.1644000000000005,7.1490799999999979,3.729175523674332
1809,13,5.1847613978494635,3.9654433422064663,3.9809775063121755,3.8426000000000009,5.6939600000000006,6.7120758578965187
1810,13,4.3407613978494659,2.5919545403141555,2.8937097965914838,1.686200000000003,1.6419800000000002,0.085465875002572744
1811,13,3.4647613978494647,0.96624781176313235,1.2479279475358034,0.42492000000000019,3.6339040000000011,1.7132529969776442
1812,13,2.6307613978494651,0.96804638765361872,1.6981157967944078,10.167200000000001,6.7419600000000024,6.3133327859453061
1813,13,1.789761397849464,1.4584569077678822,1.0569742245847138,8.3051199999999987,4.984496,8.486216943453508
1814,13,0.11276139784946437,2.4591189083400735,2.6708704393277785,5.0925999999999974,0.12839999999999918,0.48182960584826162
1815,13,0.73323860215053571,2.5950126848075783,2.7061784938069415,0.56439999999999912,1.8951199999999986,3.2037436867152955
1816,13,1.6012386021505343,2.5362876879631067,2.1617561637838172,1.6804000000000023,1.9599199999999968,3.5196315189052463
1817,13,3.2792386021505351,6.3058980769815527,5.6606988197862833,13.60998,9.6180039999999991,10.193952297900243
1818,13,4.1262386021505364,2.8265268292450507,3.3219456882320486,1.6432600000000015,6.6136480000000013,6.0592148650093236
1819,13,6.909761397849465,7.6786940872822775,7.0538676473014377,1.9739799999999992,1.1213759999999979,2.5123891563734464
1820,13,6.8337613978494645,6.504594140039984,6.7552359824571084,4.5267999999999979,6.9393999999999991,7.5016011210080862
1821,13,6.7557613978494651,9.7159586213891096,8.3367007655854053,10.247399999999999,9.5228800000000042,8.0202725941709865
1822,13,6.6607613978494626,4.8283689565406611,5.0653082996046876,1.0155999999999956,4.4192840000000011,3.6086443530230952
1823,13,6.6057613978494629,8.9328480639512584,8.5430526436816088,2.1163999999999987,7.7764759999999953,4.4763204758357169
1824,13,6.5297613978494624,6.2624716916267538,6.1915119053142114,8.2363999999999962,8.6422399999999975,8.4509839666390469
1825,13,6.3747613978494648,3.417501637030643,3.4699048351236002,5.0984000000000016,3.4447120000000027,0.14222662848032641
1826,13,6.2907613978494652,0.17090706239530462,2.8974177115352155,7.5364000000000004,6.1220400000000019,8.0442502372221121
1827,13,6.1457613978494656,4.2975915187218057,3.9342015595628723,5.5793999999999997,5.2203120000000034,5.7944975829186056
1828,13,5.1847613978494635,4.5183378183232357,4.629322140712695,6.7205999999999975,8.1071999999999989,7.8885096168070845
1829,13,4.3407613978494659,4.7951169824590316,4.8276301212731596,4.652000000000001,4.1309200000000033,0.6523612320710086
1830,13,3.4647613978494647,1.2696682500270242,0.74820385520681398,7.5407999999999973,6.3849039999999952,0.53741019115455302
1831,13,2.6307613978494651,2.4079499990919686,2.0588813878209429,3.5944000000000003,3.4757319999999972,4.4533946715143991
1832,13,1.789761397849464,5.9532371799348098,5.384635784307612,1.5053799999999988,0.96539599999999837,6.428132081224085
1833,13,0.11276139784946437,1.2741958576061592,1.8248090920803719,0.70500000000000185,0.087392000000001246,1.5057075461633929
1834,13,0.73323860215053571,1.7119452734218861,1.6371181197187319,2.0984000000000016,0.46880000000000166,0.060486896281869207
1835,13,1.6012386021505343,3.4572455063922121,3.5181582558751181,0.43480000000000274,0.061079999999996915,2.451161784669182
1836,13,3.2792386021505351,8.4277597816876089,8.0277317265879837,12.969279999999998,13.35144,13.898064380515116
1837,13,4.1262386021505364,4.8459654767157367,4.7816019591655028,8.1092399999999998,6.7952960000000004,5.5270479443103646
1838,13,6.909761397849465,6.0115872875349865,6.1381710959517655,6.5300000000000011,5.1783600000000014,5.2292366014360887
1839,13,6.8337613978494645,6.385794172988458,6.4104790151762785,1.5258000000000038,5.1560400000000008,5.9761584084375841
1840,13,6.7557613978494651,7.2697770769353696,6.4400799417873102,8.8232000000000035,9.7720400000000005,5.3018178520783472
1841,13,6.6607613978494626,4.9705204013540332,4.8344336826085978,7.7253999999999969,6.8277639999999984,1.4322050389095899
1842,13,6.6057613978494629,4.7373437189865086,4.9330262053098615,8.7483200000000032,5.4128439999999962,5.3635322754482111
1843,13,6.5297613978494624,6.4533735195008184,6.3349159694591037,4.2441999999999993,3.5687599999999975,0.22942574491667855
1844,13,6.3747613978494648,3.8046095388974202,4.1148143121468337,3.026600000000002,6.9659200000000006,2.5468616682468017
1845,13,6.2907613978494652,3.6826729336219231,4.0011373157870445,0.58920000000000172,3.6972880000000004,1.4374679026678283
1846,13,6.1457613978494656,7.1930198174200406,6.889746983676762,6.8838000000000008,4.598279999999999,8.7331047242703832
1847,13,5.1847613978494635,5.8010019632053726,6.0855351489938947,3.703400000000002,7.3892400000000009,9.4900993342523243
1848,13,4.3407613978494659,4.1376356276862438,4.4666242072161424,6.0888000000000027,4.023140000000005,1.3250415254518622
1849,13,3.4647613978494647,9.8481773104458661,8.9441453254151853,8.3038000000000025,7.7786000000000008,9.1250362476161122
1850,13,2.6307613978494651,2.5044982673522718,2.375688596590745,4.9944000000000024,2.676639999999999,1.9530723304149653
1851,13,1.789761397849464,2.0926661246280531,1.5029455189581071,7.9051200000000001,4.7821280000000002,8.3598346849910126
1852,13,0.11276139784946437,2.2259945002009864,2.1162783774327139,1.3668000000000013,0.93917200000000278,5.2649327945520383
1853,13,0.73323860215053571,3.0697017001871139,2.8419634563839971,0.14120000000000132,1.9615200000000002,2.1660023785283578
1854,13,1.6012386021505343,1.3801568153046659,1.5441529625995578,2.325400000000009,1.6280400000000057,2.5989093149581883
1855,13,3.2792386021505351,5.3540834786712388,5.3727535212349622,8.0639199999999995,4.4598640000000032,6.7762303667513777
1856,13,4.1262386021505364,2.1434057882678772,2.7033802921157566,4.2780000000000022,3.1210840000000033,3.5872387566139352
3336,25,1.2242386021505354,0.07596901650750354,0.39236176569398395,7.6243999999999978,0.58618799999999638,1.2271501372427451
3337,25,1.2862386021505365,1.92441744170441,1.4543040503506077,2.6492000000000004,0.67172399999999755,2.8366916297134637
3338,25,1.4062386021505375,0.25188980687077844,0.26959385681885095,5.9015999999999984,0.51475999999999544,0.77664015764751326
3339,25,1.830238602150537,2.107338004740722,2.2374508421483981,3.5621999999999936,1.8246319999999976,0.91454264245604122
3340,25,2.2542386021505365,0.44800550635966019,0.21551932852707978,6.0937999999999981,1.2949120000000001,0.47274784230467404
3341,25,2.6922386021505353,3.3993597609451243,2.2731761691005303,3.1557999999999993,3.8195639999999997,1.1687551770037352
3342,25,3.1032386021505367,2.3983900244070639,2.9790610343715898,4.8229399999999991,3.3129120000000007,4.0894479654179143
3343,25,3.5302386021505363,1.6702802022234735,1.8768748867906559,6.757000000000005,4.2919800000000023,4.3785091674906624
3344,25,4.0132386021505368,1.7245669200135971,1.9920112380730046,4.0351000000000035,4.5577520000000007,5.4226247219248442
3345,25,4.4362386021505351,7.6876320665933058,6.9840440630399954,8.4369999999999976,7.879328000000001,7.6260164906396923
3346,25,4.8602386021505346,0.18624534600275666,0.50586965106708703,6.784559999999999,3.0226239999999969,5.3670002711875426
3347,25,5.2862386021505365,3.9544842899821226,3.4068571955167357,0.32779999999999632,4.8679719999999982,3.6654120629618951
3348,25,5.710238602150536,2.4785971491623329,1.7106585170679445,4.6808399999999999,3.8426919999999996,5.0239780112278858
3349,25,6.1932386021505366,4.0720047059362692,4.4571216484024525,0.50084000000000017,5.9309399999999997,7.0650559785533886
3350,25,7.0492386021505347,4.1069999645285584,4.4022630680652206,8.0557400000000001,7.2578799999999966,5.1132446459381136
3351,25,7.3532386021505367,6.345239364966293,5.8275443894380459,7.4735999999999976,7.0357200000000013,9.864728056826646
3352,25,7.7262386021505343,5.3348691081132849,5.2324965073717991,5.6264000000000003,4.6078759999999974,6.3052567373776647
3353,25,8.4632386021505361,8.7675100152636105,8.4165410097827653,2.1222000000000065,4.8773599999999995,4.8448572491572861
3354,25,8.8282386021505346,7.9852616262402272,7.8183206295509642,4.6871200000000002,6.211903999999997,10.842487693701766
3355,25,9.1952386021505355,8.2446569026814878,7.9388775843856045,0.79400000000000048,6.1323560000000015,9.6719843812930826
3356,25,9.5652386021505329,7.9891003050244862,7.7538932316929383,11.35126,8.459655999999999,7.2071880398648425
3357,25,10.352238602150539,8.8578099118475428,8.7848357676546165,8.2006000000000014,8.4881600000000041,10.938608816645409
3358,25,10.673238602150537,7.9821571748350166,6.8363234837782549,16.80086,7.891332000000002,6.0308440131840158
3359,25,10.986238602150539,9.2499229853287304,9.0722095595995391,13.834980000000005,8.5385559999999998,7.2880143665674275
3360,25,1.2242386021505354,0.22787237294462415,0.69541200177697249,5.8824000000000005,0.5962399999999981,1.2625910937035307
3361,25,1.2862386021505365,3.0917713775229103,2.6400872101488879,3.6695999999999955,1.7573720000000037,3.2721684717836794
3362,25,1.4062386021505375,3.4718022516871194,2.6552680101064219,6.2655999999999921,3.6819720000000018,1.5217906977060167
3363,25,1.830238602150537,0.59628491554283869,0.13614329090076183,1.463599999999996,0.93672400000000167,0.1370983377708761
3364,25,2.2542386021505365,1.6280495064190319,1.7125906239781585,5.5087800000000016,3.2900360000000006,0.80208963572888337
3365,25,2.6922386021505353,0.095073197684204303,0.57563514186409037,1.5510000000000019,0.6281800000000004,2.9199544026955095
3366,25,3.1032386021505367,1.3871149183637641,1.1331409015260121,0.14519999999999555,0.74624399999999724,0.32617757176276285
3367,25,3.5302386021505363,3.8017621493168825,4.0676370674196924,2.6785999999999994,0.074400000000004241,1.5217757950162465
3368,25,4.0132386021505368,6.3211662665402848,5.5131835132349458,3.7679000000000009,4.881408000000004,8.1251271435084611
3369,25,4.4362386021505351,5.9441507173529864,5.4358328832075458,10.598799999999997,9.8106919999999995,5.3651135234287644
3370,25,4.8602386021505346,5.9600871516600726,5.2250706091206709,2.8771999999999984,5.0966480000000018,6.906811641838118
3371,25,5.2862386021505365,3.9002924626335869,3.3895995795571352,1.7490000000000023,3.5941879999999991,2.0756635984230556
3372,25,5.710238602150536,5.2349042775425367,4.7579444353348634,5.4312000000000005,1.8809199999999997,9.3652966790360566
3373,25,6.1932386021505366,4.532379202943325,4.4450283241755315,1.8165799999999983,4.2272760000000034,2.3436135042046686
3374,25,7.0492386021505347,6.8964838092787097,6.5658709244110689,14.122779999999999,10.570195999999999,9.1559297294902464
3375,25,7.3532386021505367,2.7625308374363797,2.8786164107223016,2.3035999999999994,5.147236000000003,10.744183687966071
3376,25,7.7262386021505343,8.0921384271647376,8.1423739320638795,6.3811999999999998,13.617963999999997,5.0317933627967619
3377,25,8.4632386021505361,8.9869145365747229,8.7636944514202746,5.0695999999999977,10.121544,5.4610316889357868
3378,25,8.8282386021505346,8.6251971186359206,8.2084596120520068,11.133979999999998,11.849635999999997,10.566980972536133
3379,25,9.1952386021505355,6.3278310838808629,7.2507182341421945,9.6731999999999978,9.7522719999999978,5.1849759382489111
3380,25,9.5652386021505329,8.1359400262006361,8.1370578808385687,12.10398,11.940115999999996,9.3735174530957366
3381,25,10.352238602150539,8.3133214257197423,8.5031003623105157,10.873200000000004,9.9430760000000049,9.6162653736009922
3382,25,10.673238602150537,8.372394896540083,8.7015322948044123,4.629400000000004,9.5283200000000008,9.4261689867147389
3383,25,10.986238602150539,7.354348100316578,7.9828807463078775,15.106180000000002,10.926716000000003,9.6967943095533862
3384,25,1.2242386021505354,0.79505287685197601,0.56027948878051248,1.7387999999999977,0.36189199999999744,1.5816411135515978
3385,25,1.2862386021505365,6.6651977427190978,6.172873959866898,7.0503999999999962,6.1909599999999969,2.7580267444885145
3386,25,1.4062386021505375,1.1913779955472776,1.0082564180120812,5.706399999999995,1.0540839999999996,1.969593324875099
3387,25,1.830238602150537,0.52886814793572867,1.0820943089290687,0.68100000000000094,0.13647999999999882,0.5899012167364468
3388,25,2.2542386021505365,2.9957468754836007,2.6966998836488898,4.7672000000000025,4.8936400000000013,3.6599791507590069
3389,25,2.6922386021505353,0.11635473380171035,0.089913751022738353,3.0127999999999986,0.38632400000000189,0.75369138654334478
3390,25,3.1032386021505367,1.8031175535207815,1.8904255332936195,4.1874000000000002,2.0477600000000002,1.0206537691373043
3391,25,3.5302386021505363,5.9232661913287608,5.5469800469354418,7.8320000000000007,7.0519999999999996,5.6312455784652045
3392,25,4.0132386021505368,2.4850251071873721,2.5976917703852784,0.56380000000000052,1.9485199999999985,1.1424301694557037
3393,25,4.4362386021505351,5.4695512702908395,5.5003387597145554,2.747399999999999,8.3789400000000001,5.7519166734205136
3394,25,4.8602386021505346,8.1595058931900155,7.407886475372969,4.5042000000000009,9.5153599999999976,6.2593450083552007
3395,25,5.2862386021505365,3.2358455138695419,2.7080344267836871,1.6879999999999988,4.3421200000000049,7.7040690640109126
3396,25,5.710238602150536,6.1672342380180289,5.8625015474005053,5.4573999999999998,5.1735199999999963,3.3154647552011021
3397,25,6.1932386021505366,4.4030241077971368,4.4790001883138082,3.9478000000000009,5.3578800000000015,2.4783263581737387
3398,25,7.0492386021505347,4.634481763274259,5.0100412815657158,10.42296,7.9861520000000006,4.5648430138731477
3399,25,7.3532386021505367,2.169862828990933,2.8292608797668137,7.3517999999999972,4.3071160000000006,3.2178139164784199
3400,25,7.7262386021505343,5.8842001449462629,5.7484120641936229,9.9251999999999967,7.3151599999999988,5.6267526975768938
3401,25,8.4632386021505361,7.041197051284442,7.0134122122796114,2.3508000000000067,5.57864,6.5485060359812159
3402,25,8.8282386021505346,7.4750108166436178,7.2865094918918452,6.5690000000000026,11.087955999999998,8.1100328039288314
3403,25,9.1952386021505355,6.6034882453420742,7.0064384022106765,6.4985999999999997,7.9286399999999979,5.5755419469908531
3404,25,9.5652386021505329,8.6382936287384666,8.6217366619897717,9.5447999999999986,9.4387959999999964,6.3611913613606994
3405,25,10.352238602150539,9.7876369181221854,9.8075879372522152,17.494860000000003,16.019364000000003,11.267999666966034
3406,25,10.673238602150537,6.0637727335774372,6.6933548541725258,11.9876,10.346596000000002,7.9222636345924471
3407,25,10.986238602150539,1.7286702584465843,3.293219063188495,7.1744000000000057,7.0236000000000018,8.4400083612674486
3408,25,1.2242386021505354,2.9062925205298882,3.7047568932495736,1.490399999999994,3.4649600000000014,0.5604406755225817
3409,25,1.2862386021505365,2.3004509967562363,1.8084100754955834,0.70420000000000016,0.20840000000000103,0.41662584122368429
3410,25,1.4062386021505375,1.7272965568584553,1.6053746892877854,3.3621799999999986,2.899272000000007,0.15471601846580896
3411,25,1.830238602150537,3.1540890983541594,2.9790906815828144,8.8058000000000014,6.0685360000000017,1.9838006831729516
3412,25,2.2542386021505365,1.9991222715408412,1.6120372585117977,0.39139999999999731,1.0377999999999972,0.40969787073860076
3413,25,2.6922386021505353,0.59503446724638209,1.093214588149209,0.95258000000000109,0.9156440000000039,0.15839705013141625
3414,25,3.1032386021505367,0.65876808764901895,0.27512701300883791,4.7865000000000002,3.2056120000000021,5.2328836897932014
3415,25,3.5302386021505363,5.5541112544418212,5.5911827809453776,3.4767800000000015,3.3640360000000022,2.6630263406782291
3416,25,4.0132386021505368,7.2923474556508836,6.9582062283166088,8.1753999999999998,5.4009040000000006,2.9608320046218175
3417,25,4.4362386021505351,4.8288703914885893,4.5037525621601091,0.097000000000001307,4.3730839999999951,5.5999850650467451
3418,25,4.8602386021505346,5.1520283892956051,4.933510185162632,10.25038,7.0430440000000019,6.8746865237382195
3419,25,5.2862386021505365,3.5102887800801454,3.3165754120454807,1.8146000000000022,4.5025559999999984,4.6762741795307115
3420,25,5.710238602150536,4.9490938150131427,4.5759120936719171,3.9890000000000008,4.0033600000000007,7.0109334753247374
3421,25,6.1942386021505342,4.6225924814896331,4.474981453826306,8.7621999999999964,6.51708,3.274564384027741
3422,25,7.0492386021505347,6.595358161382002,6.722203650068991,13.487399999999997,10.210000000000001,6.0881703153156863
3423,25,7.3532386021505367,7.6265431555141596,7.6685483417968214,13.903599999999997,13.969396000000003,13.686502471855341
3424,25,7.7262386021505343,8.3054990330359573,8.3411844996827291,3.5872000000000028,11.831171999999999,3.8541569050379145
3425,25,8.4632386021505361,5.9918088452359548,5.9684901496075042,3.8560000000000016,5.8092399999999991,6.5087449608211259
3426,25,8.8282386021505346,8.9215476360314518,9.098350933630158,5.5810000000000031,10.130199999999999,10.521802787726656
3427,25,9.1952386021505355,8.9600371592929129,9.0336271826483205,7.9684000000000026,10.213092,6.6492183724194227
3428,25,9.5652386021505329,6.7124471643154209,6.6115120538571404,4.3397999999999968,8.5010399999999962,8.9945913737154974
3429,25,10.352238602150539,7.6671465613779795,7.9499023010909298,9.4426000000000059,11.825996000000004,10.695132995506121
3430,25,10.673238602150537,9.3500468131506196,9.1201240577487859,12.001000000000001,11.797848000000002,13.338973616500141
3431,25,10.986238602150539,10.205016179381893,9.6733066828739602,9.2696000000000041,12.010596000000007,11.64027089062845
3432,25,1.2242386021505354,1.780100637084761,2.1389643337146964,4.9345999999999997,1.2976839999999932,1.8629347751319827
3433,25,1.2862386021505365,0.63287616413663983,0.54792196359506917,2.002600000000001,2.7715999999999994,2.0305959943415957
3434,25,1.4062386021505375,2.3613118306956622,2.5718557771863892,0.11719999999999686,1.0455600000000018,3.6975119279826387
3435,25,1.830238602150537,3.5186509061879647,3.3676072621310418,2.6585999999999999,0.88041199999999975,0.83371662983397243
3436,25,2.2542386021505365,0.54268227856807982,0.43084281733409568,1.9216000000000015,0.27036000000000016,1.6964110580721119
3437,25,2.6922386021505353,0.045394117344002893,0.15519435103037438,6.1927999999999983,3.5807560000000009,2.3138857094073479
3438,25,3.1032386021505367,1.0612298835747893,0.91935944859902463,0.51920000000000144,1.9153999999999947,0.18813610641757705
3439,25,3.5302386021505363,7.8601364893776235,7.4219395277910785,14.83554,12.442679999999998,10.958168995515628
3440,25,4.0132386021505368,3.6512466203957068,3.9337543844555327,4.4907999999999966,3.6332799999999992,3.9690396531323948
3441,25,4.4362386021505351,1.0182743272999346,0.86909411256514701,1.8684000000000047,0.67856000000000094,3.9741438662651483
3442,25,4.8602386021505346,6.2720430241738647,5.4492341545948939,0.38239999999999696,0.71600000000000463,1.6981367081419272
3443,25,5.2862386021505365,5.5457891053592085,5.5260053801537765,0.46679999999999922,3.1471600000000031,0.5043735830459859
3444,25,5.710238602150536,4.0524282535276583,3.9836953247144713,1.9665999999999997,6.3179199999999973,4.9494644675358757
3445,25,6.1942386021505342,5.5495819466351328,5.7501586965511997,8.4644000000000013,7.4808799999999955,8.4795135273182147
3446,25,7.0492386021505347,0.42386090993690573,0.39879619087153628,6.3573999999999984,3.2327200000000005,5.5107302178243422
3447,25,7.3532386021505367,7.4069285344822546,7.6933593697558678,18.749920000000003,16.010192,15.765400606600405
3448,25,7.7262386021505343,8.3366074258805689,8.0986920898499015,15.707999999999998,11.895488,13.443167378891246
3449,25,8.4632386021505361,9.2264814011348371,9.0124597878830457,11.088260000000002,15.958904,8.994243790909124
3450,25,8.8282386021505346,6.876986249448823,6.7727161651243826,9.093399999999999,9.1738799999999969,6.9056155052297079
3451,25,9.1952386021505355,5.1223979206883676,5.7997384070142814,7.3633999999999986,8.4435999999999964,7.540494462922851
3452,25,9.5652386021505329,8.203484666934461,8.5023327930953343,15.380999999999997,10.425519999999999,9.7866492515493526
3453,25,10.352238602150539,5.465635120319476,5.6131264226852551,5.284399999999998,8.970476000000005,13.536771277053134
3454,25,10.673238602150537,8.1627866387261001,8.6323465884995088,14.388200000000001,12.733039999999999,10.656631324854409
3455,25,10.986238602150539,6.9720047534916461,7.8975655905299007,5.940800000000003,7.0146000000000051,7.1214320247074028
3456,25,1.2242386021505354,0.6838517117086873,0.18020040949687299,0.01839999999999975,1.5041199999999968,0.31132216360487774
3457,25,1.2862386021505365,3.3009695139174937,3.1923077856891879,5.4319999999999986,3.1462000000000003,0.28989605002483287
3458,25,1.4062386021505375,0.041690741652384844,0.04215908288682968,0.91380000000000194,1.3569199999999988,1.3331559515843487
3459,25,1.830238602150537,1.9369426673658943,1.6808787202789546,4.7675999999999981,2.9425200000000018,1.3125022766009913
3460,25,2.2542386021505365,0.46951463103518165,0.59445318059158936,0.53839999999999577,1.612919999999999,2.3313455622650352
3461,25,2.6922386021505353,2.2570401404775886,2.2500337030719457,2.892199999999999,0.4955999999999996,1.150742607654319
3462,25,3.1032386021505367,1.5600522887949317,0.67597533617241012,2.0570000000000022,2.0879199999999969,3.2094357321118778
3463,25,3.5302386021505363,0.25484808113712987,0.047045451245331549,2.125980000000002,4.0900720000000028,3.6937403453247306
3464,25,4.0132386021505368,2.6346951000478924,2.8207315285585466,5.2514000000000003,2.019320000000004,5.8716358554811627
3465,25,4.4362386021505351,5.1319283899628552,4.9890189600371855,3.2402000000000015,3.0913600000000017,3.0645302953555031
3466,25,4.8602386021505346,6.3925499668704724,6.2310275983095273,2.9737999999999971,4.1179799999999993,4.6929354001911854
3467,25,5.2862386021505365,3.2952172825906878,2.9358048230265865,5.9529999999999994,4.9111999999999973,7.0735081224362517
3468,25,5.710238602150536,4.8184993976784618,4.6051689971250909,13.2051,12.412243999999998,9.7172236686771249
3469,25,6.1942386021505342,4.5724051092851816,4.4629279450509429,7.632200000000001,8.2030400000000014,6.1198035596433655
3470,25,7.0492386021505347,5.8894086648802819,5.6085956728153441,11.966799999999999,11.049252000000003,11.183735227999499
3471,25,7.3532386021505367,5.2581630293477311,5.4126727777049624,7.122399999999999,9.1643960000000035,7.1969953161079836
3472,25,7.7262386021505343,6.4733525638279161,6.34313752806138,10.824399999999997,11.261279999999999,10.539084955861533
3473,25,8.4632386021505361,6.3606424309618603,6.5070298255882193,12.828199999999999,11.083279999999998,7.9235793505354302
3474,25,8.8282386021505346,8.4859566179739616,8.3530810353744798,14.3706,15.168603999999998,14.125452068820969
3475,25,9.1952386021505355,8.4206176801561767,8.3806888080663313,13.230599999999999,10.963999999999999,9.8932768076998556
3476,25,9.5652386021505329,4.1228822811942933,4.5861012952267259,6.6289999999999978,9.2063199999999945,9.4970694998561633
3477,25,10.352238602150539,6.5894852126902954,6.7355852443090249,7.6354000000000042,8.59724000000001,9.7528726827990333
3478,25,10.673238602150537,9.0133260318793447,7.9167917934822114,11.186199999999999,7.3188000000000031,11.438450158104558
3479,25,10.986238602150539,7.1664147507576423,8.1678930956304896,9.9008000000000003,9.3624000000000045,11.257262375048597
3610,27,15.636861397849465,14.599893832156059,14.594551775973958,11.694200000000002,16.439959999999999,13.257775950770284
3611,27,14.986361397849464,14.763658473965116,15.098756740853812,18.938799999999997,16.898204000000003,22.670860415453504
3612,27,14.663761397849465,9.2738892044281496,9.9181148317185244,11.516600000000002,12.111728000000001,4.9582598616373499
3613,27,14.330261397849464,10.726861463022276,10.996196923107435,11.672299999999998,8.7342439999999986,4.7377046088514074
3614,27,13.692461397849463,10.845931541903326,13.106293050505784,17.5669,15.695239999999995,9.3939118113225852
3615,27,13.366461397849465,11.836060165663197,13.261953857656701,16.791899999999998,14.677624000000003,20.804071364849378
3616,27,13.041761397849465,11.976436182483264,11.644725928359597,8.4009200000000011,7.9824159999999988,10.30682785064028
3617,27,12.622761397849464,9.7867062202601094,10.217707076041799,10.780999999999997,9.5238679999999984,9.5342772575989319
3618,27,12.348761397849465,11.676848430610235,11.873100018918461,14.38326,12.734356000000002,19.852109550519422
3619,27,12.069761397849463,7.3333793057550754,7.7026212916873202,9.2420000000000027,6.6055240000000008,2.6551698994942665
3620,27,11.422761397849465,7.2736411744765537,7.8258864329468931,18.003999999999998,11.475420000000002,10.961083436919397
3621,27,11.101761397849463,7.623541974329763,8.6856677622455489,12.57006,10.033028,9.233968304303021
3622,27,10.981761397849464,11.609666109105124,11.249666828984715,9.3378000000000014,12.392604000000002,9.3795022890771875
3623,27,10.981761397849464,10.542782926041614,10.399334897046259,13.159600000000001,12.176931999999997,10.44299992831986
3624,27,10.981761397849464,9.1150927455216291,8.8819005354104981,12.053800000000003,12.609279999999998,14.076068009108674
3625,27,10.981761397849464,9.274663583012476,9.2671801806170144,10.06062,10.887348000000003,14.936396604387642
3626,27,10.981761397849464,7.6819706706784494,8.2599739255731173,5.9113600000000019,2.0704480000000007,7.8839315602733038
3627,27,10.981761397849464,12.515726230267163,11.902651825839818,15.576999999999998,11.726979999999998,10.411260824212455
3628,27,10.981761397849464,13.200203972285383,12.047157854062821,5.1469400000000007,6.6094919999999995,14.166698152362386
3629,27,10.981761397849464,9.0115611636642008,9.1730441092051471,2.85548,5.0291679999999985,5.0372691186781893
3630,27,10.981761397849464,8.0389384083326441,8.3134139962019731,15.680399999999999,12.983888,7.7827302330752168
3631,27,10.981761397849464,8.4966976342315199,8.603219855974455,10.313800000000001,9.8830800000000032,16.459323071373561
3632,27,10.981761397849464,10.122863719817602,10.389515428248412,8.2901999999999987,4.5253200000000007,10.787917467061604
3633,27,15.636861397849465,13.797551295238101,13.997005420860546,11.744999999999997,15.620519999999999,13.011948018441728
3634,27,14.986361397849464,12.810229936490302,13.387152956443618,19.5426,17.965040000000002,14.276974999917037
3635,27,14.663761397849465,12.101896868150542,12.746645944694981,20.104000000000006,15.435559999999997,9.957118878502877
3636,27,14.330261397849464,10.461354155453739,10.609195166873301,7.9079000000000033,8.2481759999999991,8.5179091258131105
3637,27,13.692461397849463,14.103424068639825,15.660730716374314,19.376700000000003,16.023080000000004,16.407448689299653
3638,27,13.366461397849465,10.14060803122741,10.123744955029016,17.978900000000003,14.797987999999998,11.791039240907319
3639,27,12.622761397849464,10.959328321521538,11.059809140403109,15.228799999999998,14.087079999999998,10.977811413022055
3640,27,12.348761397849465,17.004592146683763,16.437369649869726,7.1979199999999999,9.6279319999999977,18.480150429642137
3641,27,12.069761397849463,9.0897957678556676,9.3673468989255593,6.7822799999999983,7.6555680000000006,10.244814232295353
3642,27,11.422761397849465,11.243910603706352,10.7733791949021,11.6228,6.6797440000000012,8.7571299901738175
3643,27,11.101761397849463,8.2078271216576955,8.3966063667850488,0.5486000000000022,7.1076320000000006,3.6293343362107784
3644,27,10.981761397849464,6.8040409206242316,7.1398769149937173,5.7841000000000022,1.0604959999999988,4.4265991842295129
3645,27,10.981761397849464,10.756973899329104,10.506504799197263,7.0975400000000022,10.271656000000004,11.45209334544333
3646,27,10.981761397849464,6.9061286707559546,7.2769604375041368,7.5375800000000019,6.287744,3.3540461356474172
3647,27,10.981761397849464,12.579673843654163,12.11312362950979,17.28426,17.849875999999998,15.755465878379898
3648,27,10.981761397849464,8.1043477116326237,8.234773198766959,6.4676000000000009,3.6918760000000006,9.3625599618392883
3649,27,10.981761397849464,7.4339586365384527,7.1744871302275541,0.94828000000000046,2.9967480000000002,3.7841136325285056
3650,27,10.981761397849464,9.2138178179134442,9.1667708382516686,8.1166599999999995,5.2939000000000007,7.2037886630369776
3651,27,10.981761397849464,8.7634998084527638,8.7788681222004747,8.4787999999999997,4.656571999999997,3.5271272348038263
3652,27,10.981761397849464,8.326887794114775,8.4039328442177812,1.6490399999999994,5.1864120000000007,6.9826045545086686
3653,27,10.981761397849464,9.1630795575418276,9.1069250210531898,10.898,13.129680000000004,14.795554805426313
3654,27,10.981761397849464,9.5219464388068253,9.8845472798925798,8.1166600000000031,4.6801960000000022,5.6033059399853151
3655,27,15.636761397849465,12.476486454044018,13.069735569174643,20.249200000000002,17.987408000000002,13.772430329667312
3656,27,14.986361397849464,12.029987481076596,12.628807401848018,18.698399999999999,16.818820000000006,15.547529096616202
3657,27,14.663761397849465,11.193133693389099,11.393114646063742,7.7776200000000042,13.594256000000003,16.721116933765522
3658,27,14.330261397849464,11.597385084935324,11.55700886240029,16.532499999999999,14.491196,6.5314510429149504
3659,27,13.692461397849463,11.733529679842697,12.802436147613083,18.139099999999999,15.09854,21.615469010111749
3660,27,13.366461397849465,8.3745218055588797,9.1482796636574424,18.114900000000006,12.677980000000003,8.6317323919839151
3661,27,13.041761397849465,8.7720003689033934,9.0344079676456186,2.1608400000000003,3.2707920000000001,3.4438796196138313
3662,27,12.622761397849464,12.903568599793255,12.669490649379808,15.425000000000002,14.693440000000001,7.6912098706298249
3663,27,12.069761397849463,5.9185895736829703,6.7847980555835523,6.3261999999999983,8.0621519999999993,6.5313173162672893
3664,27,11.422761397849465,7.642587942350838,7.6700970786762159,5.2200599999999984,4.2664040000000014,3.6930210955248022
3665,27,11.101761397849463,10.063999286807162,10.158114218933479,4.3485999999999994,6.0728319999999965,6.4405573439727686
3666,27,10.981761397849464,8.7292944804814709,8.824488040445317,3.6039600000000007,5.2848880000000023,4.4689670406869517
3667,27,10.981761397849464,10.714252996247041,10.596027156819982,3.0519599999999993,5.3698000000000015,4.0493586839606124
3668,27,10.981761397849464,8.6157781040088324,9.1737383174991898,21.560400000000001,14.834471999999995,13.618800669827944
3669,27,10.981761397849464,6.6826855762407718,6.8780881298081127,3.9323200000000007,0.94634799999999863,1.1883715120460998
3670,27,10.981761397849464,8.2104891592070679,8.1985789333386592,3.6563400000000001,4.3955279999999988,6.4662195918183514
3671,27,10.981761397849464,8.2994802552368654,8.3108622798917082,8.245199999999997,5.6755959999999988,6.3359405078116176
3672,27,10.981761397849464,8.5610200800599259,8.5901436176154498,5.7826999999999984,4.2612960000000015,4.5844050342993619
3673,27,10.981761397849464,8.8852401454859304,8.8789222854355714,14.885600000000004,9.8223800000000026,5.6015755116304895
3674,27,10.981761397849464,9.1120626502301505,8.9591828635097457,12.1496,8.6314040000000034,13.580061462073715
3675,27,10.981761397849464,11.308996083638142,11.102333770636321,4.869019999999999,7.0002840000000006,13.918829848237557
3676,27,15.636761397849465,14.555524669946418,14.886924427838757,16.834660000000003,12.612600000000004,19.605288501196117
3677,27,14.986261397849464,15.252090343108875,15.080869042220119,14.953360000000004,9.9874720000000003,19.787111383803264
3678,27,14.663661397849465,13.081218360332327,12.991962796212272,10.219040000000001,10.44636,12.093730614131067
3679,27,13.692361397849464,11.847539945467496,11.985071382295313,8.1467999999999989,11.816291999999997,10.915939750508791
3680,27,13.366361397849465,11.043708483699982,11.171514574688251,18.418599999999998,10.846375999999998,7.8114531979107245
3681,27,13.041661397849465,12.903286115740043,12.646182502475137,10.4321,10.101396000000003,12.715226614621722
3682,27,12.622761397849464,9.4101804064965986,9.4050204218581204,4.0717200000000027,2.4620160000000002,6.39063756922104
3683,27,12.348761397849465,13.016058287095216,12.895636684320571,10.54504,13.702780000000001,7.5267889897155698
3684,27,12.069761397849463,8.2632716226288085,8.5350681604832435,9.3021999999999974,8.5321599999999993,6.2776794267942524
3685,27,11.422761397849465,7.9492763012568464,8.1571492033520183,13.943199999999999,12.343940000000005,10.495200505012066
3686,27,11.101761397849463,8.9317925747758888,8.8411703643172697,3.7289599999999989,6.4179519999999979,4.5730946048774772
3687,27,10.981761397849464,8.3727178974655203,8.9093898800981108,6.6190000000000033,5.7151759999999996,7.4964718173472065
3688,27,10.981761397849464,10.621129114640059,10.239649362970884,13.994799999999998,14.015247999999996,11.692389630398058
3689,27,10.981761397849464,9.6105401510565613,9.4258756263921555,13.203440000000001,12.908460000000002,7.6984271231019967
3690,27,10.981761397849464,7.5623077252176891,7.6714899369724066,2.4639999999999986,2.0777719999999995,0.7553462301100069
3691,27,10.981761397849464,11.365058551857199,11.064772637683625,10.481439999999999,11.009456,8.4378538533575735
3692,27,10.981761397849464,14.058281930381352,13.605742311527262,17.875600000000002,13.015128000000001,17.570428394627115
3693,27,10.981761397849464,8.8266269586551829,9.5159908087912974,17.963800000000003,15.991288000000004,6.3721544299307311
3694,27,10.981761397849464,7.5226256703445067,8.1174368874702907,11.505180000000003,8.1960559999999987,2.0984421405009748
3695,27,10.981761397849464,11.875076222296741,11.845055603065497,11.42248,8.7824919999999977,9.692947621448269
3696,27,15.636761397849465,14.552911675849263,14.654437442864236,11.694100000000002,16.943951999999999,10.560050125884786
3697,27,14.986261397849464,13.535371561305645,13.796326445534042,10.635300000000001,15.461844000000003,6.0596952695473956
3698,27,14.663661397849465,13.943839047217518,13.84318616642569,21.516300000000001,13.325679999999997,9.9868080919796736
3699,27,14.330161397849464,9.5277593511812899,9.9591675482947064,2.1161999999999992,4.1235679999999988,5.2495035892806676
3700,27,13.692361397849464,13.543077106771264,13.489679524965595,18.630000000000003,15.523247999999995,7.8683882232866118
3701,27,13.366361397849465,12.877641211137979,12.558700123780563,5.4158200000000019,7.2590559999999993,8.5386295410437061
3702,27,13.041661397849465,11.80703184099408,11.626816851704637,10.603240000000001,9.6285039999999977,14.156993792836262
3703,27,12.622761397849464,9.6156861981671025,9.9180391345010452,2.0691599999999983,1.8330359999999999,6.6440153393731993
3704,27,12.348761397849465,12.191054037868369,12.482668453069934,5.4022600000000018,8.5539680000000011,10.102825279441412
3705,27,12.069761397849463,9.9989214986126935,9.9249389136099939,10.9427,7.7496479999999988,5.7501368056229065
3706,27,11.422761397849465,11.196849161835734,11.195974044877749,9.1063399999999977,9.7600600000000046,10.574543971218249
3707,27,11.101761397849463,11.022219259162126,10.617648776901211,12.7598,9.6534880000000012,9.6383229760586691
3708,27,10.981761397849464,8.2522421767566279,8.3312705396735787,17.381599999999999,10.406775999999994,7.3619003948680977
3709,27,10.981761397849464,9.6931431234324705,9.5602324699658645,10.104199999999999,6.729771999999997,3.7688235689481981
3710,27,10.981761397849464,7.8940197680982216,8.1321163234002825,2.0082599999999999,2.5999560000000024,3.0677504966628586
3711,27,10.981761397849464,12.643109691145455,12.323111789210131,14.849200000000003,11.524132000000005,11.893080395199981
3712,27,10.981761397849464,8.6798576061619954,8.7985007510562276,3.3335399999999993,3.1820320000000013,3.8113257204049162
3713,27,10.981761397849464,7.9769119298595932,8.0759795582808778,3.42164,6.0537240000000025,0.90620566097659427
3714,27,10.981761397849464,10.87417940156919,10.539074639712346,2.1932999999999989,3.0325680000000013,7.2570296918172694
3715,27,10.981761397849464,8.2280304526558439,8.1089946189294047,4.2576000000000036,3.6842279999999974,2.7385405621162295
3716,27,10.981761397849464,8.2646006485729089,8.7286062176627048,8.8786399999999972,13.323847999999998,4.0625938327090232
3717,27,10.981761397849464,9.8525039991265899,10.09656550513894,11.12764,9.5071399999999997,0.14606486919349138
3718,27,15.636661397849464,11.269270827959177,12.217326433765825,20.249099999999999,17.655828,9.7036907448844527
3719,27,14.986261397849464,11.704773681877299,11.745887440066173,10.330300000000001,11.783223999999997,12.216088939116624
3720,27,14.663661397849465,13.070348429692727,13.099694405327336,16.584099999999999,9.8010399999999986,8.5024980498526421
3721,27,14.330161397849464,10.873980263011623,11.003811009901048,0.92490000000000094,7.3937600000000021,6.8824955074169267
3722,27,13.692361397849464,15.122779323900495,14.541203613118824,13.022539999999999,11.157579999999999,16.388002987544915
3723,27,13.041561397849463,11.00509357233264,10.902959426756279,7.7810799999999993,12.077564000000002,9.7611863605414904
3724,27,12.622761397849464,9.8187147594195725,9.9379721998636956,3.0186799999999998,6.1714479999999998,5.9920682309261029
3725,27,12.348761397849465,13.787363935420061,13.308057334075414,12.434200000000001,12.279219999999999,10.854980219092958
3726,27,12.069761397849463,11.044653770770273,10.678455560634633,4.5785399999999985,1.7109359999999985,7.5328923182341345
3727,27,11.422761397849465,11.387579944993623,11.114595956951304,6.717279999999997,4.1042760000000023,10.548649383435221
3728,27,11.101761397849463,7.6355601143767142,7.8835020458659439,2.7732599999999987,7.8988640000000014,6.5716551374691772
3729,27,10.981761397849464,6.6159125214513601,6.9867962409100421,0.41871999999999865,0.14604400000000162,1.0890316689888664
3730,27,10.981761397849464,10.438730115193259,10.171947994672315,12.312840000000001,9.1752159999999989,10.281082512207547
3731,27,10.981761397849464,7.385666173498322,7.6339166370684346,3.4603999999999999,1.6153440000000021,2.6597652101241938
3732,27,10.981761397849464,7.2665705613130243,7.468248777232219,1.8614800000000002,2.1811720000000019,1.6601930626774912
3733,27,10.981761397849464,9.3544758972159414,9.3890590376980967,2.1189199999999992,0.97447599999999923,2.0534792873785204
3734,27,10.981761397849464,10.91389895185257,10.847483670831018,5.7916600000000003,6.1996320000000011,8.5304332411012105
3735,27,10.981761397849464,9.4729960567331766,9.7891002963658522,3.1007600000000011,6.2752479999999977,1.9219522275141081
3736,27,10.981761397849464,9.1319304098340055,9.0357667268638338,0.69250000000000078,0.20875999999999983,3.0612638743048919
3737,27,10.981761397849464,10.479565449834347,11.000727839312876,18.172199999999997,13.689643999999998,17.960082448268373
3738,27,10.981761397849464,9.127663073130293,10.310592404001788,5.4937600000000018,7.8136960000000002,7.3401186328118264
3873,29,4.5672386021505353,0.61867831707322196,1.1479076851356567,7.3534000000000006,4.774879999999996,2.0721972656322443
3874,29,4.1912386021505341,2.2311054654273725,3.2959913824330123,1.0810000000000031,0.20304000000000144,2.076197909381488
3875,29,3.8152386021505365,1.5150817163783863,0.23896313426503468,1.8784000000000027,1.4862000000000002,0.52652125081895207
3876,29,3.4382386021505376,1.8826314824662767,2.1536755440322537,2.8421999999999983,0.7535679999999978,0.3039625265764343
3877,29,3.0622386021505363,1.4342247586023511,2.4531489880208142,2.3246000000000038,0.085632000000000374,1.461498088862939
3878,29,2.6852386021505374,1.6833888701564383,2.2587939790141718,4.3237999999999985,1.0797600000000038,3.2325971408913929
3879,29,2.3112386021505351,1.5974739271140486,1.6844759340017426,4.8194000000000017,2.8507440000000024,0.60761468093766879
3880,29,1.8812386021505354,2.3464428183490291,2.2888401632953546,4.9236000000000004,3.0613999999999955,0.36859824603388702
3881,29,1.5052386021505342,1.6348252050943337,1.9927872262052375,3.1702000000000012,0.34548799999999957,0.6688687854522577
3882,29,1.1282386021505353,1.2352377187321757,0.54971596665257394,2.0000000000000036,0.22152000000000172,3.2888808791682393
3883,29,0.69823860215053557,1.9882534865318888,1.4447736712267698,4.1343999999999994,4.1016399999999962,4.7150184301893994
3884,29,0.32223860215053435,0.33323980369114992,0.90819029461360756,0.41679999999999851,0.77116799999999941,1.487771230074955
3885,29,0.024238602150536082,1.1395588322990839,0.7656844857901568,4.3616000000000028,3.0561120000000024,1.6395966821473564
3886,29,0.027238602150536195,1.2245280945677557,0.41463999315357114,6.7987000000000037,3.6435759999999995,3.9505061012121345
3887,29,0.46523860215053503,4.003294273052699,2.8847920410329948,5.1812000000000005,5.0180400000000027,2.646411296328246
3888,29,0.55923860215053622,0.80022781155291867,1.1077506166770625,7.8293999999999997,3.6550799999999981,4.1021260162671211
3889,29,0.68523860215053745,0.64855311348274824,0.086869825963731273,3.9533999999999985,2.2463599999999992,3.7367793805596676
3890,29,0.79623860215053455,3.4752105994015672,3.0217102848894761,3.271800000000006,3.0954400000000035,0.93295274204590228
3891,29,0.90623860215053753,5.6179691658063753,4.6528491354492125,0.33779999999999788,2.5939199999999971,5.1723077336897489
3892,29,1.016238602150537,3.7711700892181561,3.5327346247504678,0.035400000000002763,1.3262159999999987,0.73886329754529001
3893,29,1.1272386021505376,1.6336169711001496,2.0088997954972605,3.169399999999996,1.7786799999999978,0.47297482664157542
3894,29,1.237238602150537,0.11365034858658873,0.90009945450708884,0.11500000000000199,2.1114000000000033,1.6966840897236359
3895,29,1.3632386021505347,2.5429285576540437,1.3465853302742019,0.81680000000000064,0.16548000000000229,2.4153577376917639
3896,29,1.4572386021505359,1.0994620183934778,0.95240675692335941,4.1570000000000036,2.3077999999999967,5.3705955249354567
3897,29,1.5672386021505353,2.2930754368607467,1.5839651920568016,4.629800000000003,3.1440400000000004,5.0160429971400262
3898,29,1.6772386021505348,6.0776843530822333,5.9193852241492273,6.2262400000000007,6.771139999999999,5.4819201383958251
3899,29,1.7722386021505372,2.9237175392435439,1.919436929167265,2.820999999999998,2.6514400000000009,4.9386924623621518
3900,29,1.8982386021505349,0.4424084889957598,0.68706961779560771,3.9678000000000004,1.7091600000000042,3.1964998045341346
3901,29,4.5672386021505353,3.5895043221854337,3.6714519234620546,3.3438000000000017,2.4129680000000029,3.7165895677007939
3902,29,4.1912386021505341,5.9923195021039319,6.2596772032731955,7.0350800000000007,7.3545039999999986,10.924333453289822
3903,29,3.8152386021505365,1.9893719039679425,2.8015220589629095,1.4345999999999961,0.17864000000000146,3.0544372741068173
3904,29,3.4382386021505376,2.1484679281039973,1.7719110977950123,1.6959199999999974,1.7968639999999958,4.0987031835726171
3905,29,3.0622386021505363,1.9614908936618072,1.7241232627446799,4.8155999999999999,1.2550639999999973,2.6267074252670781
3906,29,2.6852386021505374,1.5943558347513118,2.5760862428473601,1.3981999999999957,2.3496799999999993,0.42932751189346874
3907,29,2.3112386021505351,5.0810855957390899,4.8846183406828985,12.049719999999997,5.6669599999999996,8.4206085162195734
3908,29,1.8812386021505354,4.3265541311258069,4.5942660076453983,6.725839999999998,6.4610440000000011,3.0637725520060357
3909,29,1.5052386021505342,1.7770692243506332,2.3877332509988101,8.5581999999999994,4.9460199999999972,5.207110268975871
3910,29,1.1282386021505353,1.0055162117454586,0.05339093065027356,5.4780000000000015,3.2740399999999994,1.2171984460538177
3911,29,0.69823860215053557,3.5566933203559614,2.3870563062553529,6.0981999999999985,4.4149600000000007,5.9676780161320231
3912,29,0.32223860215053435,1.8606991859439397,0.87758273235649042,0.20599999999999952,1.5473760000000034,0.85236643985809479
3913,29,0.024238602150536082,3.4061354201459153,2.693099830711347,6.909399999999998,4.5178800000000052,4.646485989467724
3914,29,0.027238602150536195,1.9004334588295109,2.2221362899619059,6.3473200000000034,4.660187999999998,2.0694336299952099
3915,29,0.46523860215053503,1.316518573383231,0.92464933171659069,5.7994000000000021,3.0391720000000007,6.294874181082271
3916,29,0.55923860215053622,2.263032402332172,1.376755616986177,4.0701999999999963,1.5412000000000035,2.8090312695347812
3917,29,0.68523860215053745,0.028119366258827938,0.1450556694120344,4.206399999999995,3.9586399999999955,0.49212550353908213
3918,29,0.79623860215053455,3.169812956057843,2.4540626563918906,4.0258000000000038,4.5031199999999991,3.5283546613496206
3919,29,0.90623860215053753,1.3643393631949792,1.4411580946974958,3.8901999999999965,3.3937600000000039,2.2457232892894723
3920,29,1.016238602150537,1.2382342052292863,1.5095353899904964,4.0086000000000013,2.0985599999999991,0.4641715344687789
3921,29,1.1272386021505376,1.580626207619062,1.913105688038975,3.8214000000000006,1.4583600000000025,2.1197032486393859
3922,29,1.237238602150537,1.568888839749345,1.5653854253210966,2.7737999999999978,1.0649080000000062,0.45364038973422893
3923,29,1.3632386021505347,0.26638687042622067,0.47875976192333525,0.17956000000000216,0.91227200000000508,0.078681293672165253
3924,29,1.4572386021505359,0.33155123332078063,0.19818870081350326,2.941200000000002,3.3998799999999996,3.5789501062901365
3925,29,1.5682386021505366,0.1950881028741982,0.47839376609666928,3.9619999999999997,0.072388000000000119,1.2959272576369258
3926,29,1.6772386021505348,1.6051907103825513,2.084367079208846,4.6910000000000025,0.80624800000000008,2.434453303717639
3927,29,1.7722386021505372,1.5630309515984706,1.9680113420454255,12.530320000000001,5.9371679999999998,3.2233245137203212
3928,29,1.8982386021505349,4.0972736380508969,4.1231275513364416,8.4493999999999971,6.885387999999999,7.3717774941515479
3929,29,4.5672386021505353,4.6943821099180312,5.0519892921991314,9.4688999999999979,7.3090079999999986,3.0581123667742389
3930,29,4.1912386021505341,4.86469238064603,4.9657421510982189,12.989899999999997,7.3712920000000004,6.1962739754254095
3931,29,3.8152386021505365,1.4033860854531248,0.087369884967792188,0.062199999999997146,1.2734880000000004,1.0329617913373106
3932,29,3.4382386021505376,1.530879593338927,2.4351400181058693,2.8342000000000027,2.0197600000000016,2.2307663125211548
3933,29,3.0622386021505363,1.1130179741047961,0.57830755690921265,0.7862000000000009,0.77491999999999805,4.5069172068177643
3934,29,2.6852386021505374,1.8185676705376288,2.275556351103404,7.7278599999999997,5.052780000000002,0.033354033478346423
3935,29,2.3112386021505351,1.2609587675525162,1.7931137955976482,3.1000000000000014,0.09660000000000224,0.8565213563712355
3936,29,1.8812386021505354,3.9781399208929926,4.0804357433528295,3.818400000000004,1.530776000000003,2.6763135808158651
3937,29,1.5052386021505342,1.4443625747598929,1.7553385320140364,2.9002000000000017,2.8792880000000061,2.1513793773374417
3938,29,1.1282386021505353,1.0508303438487658,1.2603675719341716,4.4660000000000011,4.6327440000000024,3.0265641058224553
3939,29,0.69823860215053557,1.8730139567357398,1.9994341960333273,8.640839999999999,9.9775520000000011,1.2157025958600443
3940,29,0.32223860215053435,1.1939915386710176,1.21957636811592,2.6660000000000004,2.2149079999999977,4.3549942508390167
3941,29,0.024238602150536082,2.2429794196575337,1.6606251075838188,6.3149999999999977,2.6451600000000006,4.1776177805453365
3942,29,0.027238602150536195,0.28341820541641738,0.49043955889582946,9.7183800000000016,5.1586360000000013,3.5399450577069445
3943,29,0.46523860215053503,0.35605081964819973,0.035175508481472662,2.8684000000000012,4.1139600000000058,5.0512000066763605
3944,29,0.55923860215053622,0.99490726232172477,0.57339699891438656,0.55020000000000024,0.64619999999999678,1.9357343512832585
3945,29,0.68523860215053745,1.202606355641624,0.95329768560396033,4.9024000000000001,1.6157719999999998,4.9254715139098835
3946,29,0.79623860215053455,4.8068851937598893,4.1845322264070717,3.7687999999999988,4.5805599999999984,4.8380448980687909
3947,29,0.90623860215053753,0.14007367108962399,1.017039959049491,4.2443999999999988,0.41452400000000011,2.4221413703448746
3948,29,1.016238602150537,0.059877192498600351,0.28119944868381452,2.9949999999999939,3.4863199999999956,2.0475575640438493
3949,29,1.1272386021505376,2.8259938365233559,2.330297515311198,2.720799999999997,3.9116000000000035,5.5167352709070556
3950,29,1.237238602150537,1.0958197033253327,1.4261658441130436,4.5457999999999998,0.034451999999994598,0.041204615907009412
3951,29,1.3632386021505347,2.8969516666331181,2.9336965480613664,6.7007999999999974,8.709799999999996,4.4364684312732514
3952,29,1.4572386021505359,0.80287397712402964,0.4191477408291604,1.4258000000000024,1.0898800000000008,1.1297943597063096
3953,29,1.5682386021505366,1.1071154271514771,1.4295403901012662,3.4273999999999987,1.7318799999999968,2.8299002571146303
3954,29,1.6772386021505348,0.34321266884458268,1.0037789991426287,3.6473999999999975,3.1769199999999991,0.52862028008193818
3955,29,1.7722386021505372,1.9467641041108408,1.2256525640376843,5.0074000000000005,2.076232000000001,4.0309590289861248
3956,29,1.8982386021505349,0.63626110303527028,2.0411333712331938,4.1592999999999982,0.63061200000000639,2.3294290189102291
3957,29,4.5662386021505341,4.412383431416206,5.033507206351139,0.81179999999999453,4.4111359999999991,4.9849940299403457
3958,29,4.1902386021505365,1.8163425754032296,2.1701736298335881,0.45239999999999725,0.40251999999999555,1.6367773577747791
3959,29,3.8142386021505352,2.115217168157038,0.052780247854187223,1.0182000000000002,0.79975199999999802,2.0591277483238706
3960,29,3.4382386021505376,2.1847996905943887,2.6515617964196139,1.6559999999999988,1.2169679999999978,2.3482354733544675
3961,29,3.0622386021505363,2.7723208135662887,3.2792918670766475,0.095000000000002416,3.1906159999999986,1.1797810946457972
3962,29,2.6852386021505374,5.1914907431328707,4.7943855673693356,1.3480000000000025,1.3481679999999976,0.059325920096686247
3963,29,2.3112386021505351,2.4710013237859094,1.6690926597479034,3.1175999999999995,3.3031199999999963,4.7136068018251933
3964,29,1.8812386021505354,2.8541199489375835,3.1315692164831539,0.3438400000000037,2.3574200000000012,1.190984481054965
3965,29,1.5052386021505342,1.6612236153978586,0.96662798346196865,4.3634000000000022,3.5473999999999961,4.6093283106286833
3966,29,1.1282386021505353,0.54783001185451852,0.19351884377898187,3.6941999999999986,1.5528399999999962,0.07288854550873225
3967,29,0.69823860215053557,1.7912176024843482,1.5518534231321226,2.1934400000000025,0.10541599999999818,1.3786540793500706
3968,29,0.32223860215053435,1.885407428462095,1.4197312284517842,3.637000000000004,5.1782400000000024,4.2230469750536699
3969,29,0.024238602150536082,0.12687702873230577,0.045768575759520758,4.7242000000000033,5.0653999999999968,6.8911303456959345
3970,29,0.027238602150536195,4.7536428224486542,2.8454880670162481,0.66001999999999938,3.1207920000000016,3.6223727380304531
3971,29,0.46523860215053503,5.3815512232449869,4.4465395376750756,5.3196000000000012,3.1132799999999996,4.8264911099692078
3972,29,0.55923860215053622,3.7458179698836176,2.5091070624759517,5.8806000000000012,4.5024240000000049,6.4830490848378943
3973,29,0.68523860215053745,0.73303665173411403,0.53564661052412887,0.22279999999999944,3.6292000000000009,3.6210025022540435
3974,29,0.79623860215053455,1.1629527791938301,1.4020086930178444,10.148779999999999,7.2721879999999963,0.77850879889956559
3975,29,0.90623860215053753,0.50911802150630692,1.060418620485077,3.5228000000000002,0.8018600000000049,1.9147704340388678
3976,29,1.016238602150537,0.20009260345420898,0.71341324568516384,3.6899999999999977,2.4665280000000003,2.9379482565393005
3977,29,1.1272386021505376,2.9313790493888234,3.2228622161832838,6.3255599999999994,8.1076119999999996,1.388846884467835
3978,29,1.237238602150537,3.4286761372473151,3.1697054077257327,5.0900400000000019,5.9784919999999993,2.9715678254069786
3979,29,1.3632386021505347,0.0057450714091906718,0.52266340534360722,2.0213999999999999,0.94423600000000008,0.2984823791770097
3980,29,1.4572386021505359,2.5557827181813622,2.2560462991279628,3.8628000000000036,3.2890880000000031,1.537777464087096
3981,29,1.5682386021505366,0.60695901661178553,0.5497162007958778,4.6478000000000073,4.1389200000000024,2.5812530198675816
3982,29,1.6772386021505348,2.8346474090697242,3.1074024113908365,5.2086000000000006,2.8900800000000011,1.941352463964634
3983,29,1.7722386021505372,0.12687975087986914,0.063341261635521562,0.88940000000000197,1.3541879999999935,2.9996137504702034
3984,29,1.8982386021505349,5.0388662228370968,5.1574012344063327,8.5153999999999996,9.6324719999999999,4.1449024460374133
3985,29,4.5662386021505341,0.2611658619060897,1.7825386257650528,0.028600000000000847,0.7273840000000007,0.39553348446379033
3986,29,4.1902386021505365,1.4510441434401571,1.8233373150088603,2.4665999999999961,0.70316000000000045,1.9817443254753329
3987,29,3.8142386021505352,3.4764298060905752,2.1389306052880315,0.96320000000000405,0.9575599999999973,4.2789458046084299
3988,29,3.4382386021505376,1.0681873875781029,1.5065196574938078,1.2672000000000061,3.1145200000000024,1.6776639731237069
3989,29,3.0622386021505363,5.4281238705371457,5.6154644638311098,12.003579999999999,10.735404000000001,1.9836510482433809
3990,29,2.6852386021505374,0.87634205657757036,1.4907160394821624,0.70600000000000307,1.4683519999999994,3.2152979788477474
3991,29,2.3112386021505351,1.7202693738632178,1.17568499636144,1.977999999999998,0.050080000000001235,1.8310329041235285
3992,29,1.8812386021505354,1.0842262614425238,1.8130190815620075,5.3078000000000038,1.8084560000000032,6.4709434117278484
3993,29,1.5052386021505342,1.8296145676441462,0.91252300623796145,3.5886000000000031,3.8419600000000038,3.0221531420754779
3994,29,1.1282386021505353,2.0574980778000764,1.3678752919432711,3.4226000000000028,0.72552799999999706,1.151627691755845
3995,29,0.69823860215053557,0.30010015049578698,0.081919891650859,0.48016000000000147,1.6691120000000019,7.1625198517377591
3996,29,0.32223860215053435,4.4888425676162491,3.591950288521641,3.6362000000000059,4.4064399999999999,5.6168007357970602
3997,29,0.024238602150536082,5.1738969026716077,4.1111195253513522,9.0185999999999993,3.6943599999999996,6.9626760734175193
3998,29,0.027238602150536195,1.0948855144550329,0.50749983024134693,4.5576000000000008,1.8106320000000018,2.7898490386558947
3999,29,0.46523860215053503,3.1450078088591589,2.6114996950823794,6.1487999999999978,3.0977199999999989,6.1251360433369939
4000,29,0.55923860215053622,3.3680352384108438,2.7458868154366769,2.9704000000000015,2.0860719999999979,3.2090493422422774
4001,29,0.68523860215053745,1.087470024556886,0.65070284728712124,4.5063999999999957,3.4314,3.2834245737623249
4002,29,0.79623860215053455,0.034586357053886019,0.53502761440343249,4.3652000000000015,2.1356280000000005,2.2368171343732079
4003,29,0.90623860215053753,5.2450305509943327,4.879940502543608,6.0877800000000022,9.1400760000000005,3.8947761851696612
4004,29,1.016238602150537,4.6653260037663209,4.1488514098918863,1.1661999999999999,3.3811919999999986,7.892531031464415
4005,29,1.1272386021505376,0.40283206215308098,0.90885736615032187,4.083599999999997,3.5159599999999998,3.7736372626854049
4006,29,1.237238602150537,1.4483020470012988,1.9122107239948889,0.32939999999999614,0.75527999999999906,0.33769559330085031
4007,29,1.3632386021505347,0.1628062571259683,0.089979785825022418,3.9216000000000015,1.7997599999999991,2.5601970711249038
4008,29,1.4572386021505359,0.20652000759311662,0.12213149369912202,3.2048000000000059,3.5314799999999984,3.1852772427407139
4009,29,1.5682386021505366,0.41918530815346244,0.30482840515841048,0.70940000000000225,1.2928800000000038,0.89964378072966156
4010,29,1.6772386021505348,0.32500081062362085,0.23232914888000522,5.0738000000000056,3.5989199999999997,1.8697706903583295
4011,29,1.7722386021505372,0.44644714491118265,0.20934359882358677,0.15060000000000073,0.14804000000000173,2.7623832430110475
4012,29,1.8982386021505349,0.23458246323969334,0.9719066363951363,2.8079999999999998,1.7903279999999988,1.7566148121394782
4013,29,4.5662386021505341,2.4309144719676254,3.1199622009339159,3.5362000000000009,0.090960000000002594,0.54562487428261264
4014,29,4.1902386021505365,4.8416735926729864,5.2401453311249355,2.3862399999999973,1.462927999999998,6.3456880876809905
4015,29,3.8142386021505352,2.1286718642586777,0.80204658845438104,2.5993999999999957,0.74175999999999931,1.3903889306421213
4016,29,3.4382386021505376,3.1717868934858302,3.5798740194885923,5.8508400000000051,4.2727680000000028,1.4826086259693305
4017,29,3.0622386021505363,1.4609616947428492,0.56861763297386503,2.2958000000000034,2.615079999999999,2.968486292407551
4018,29,2.6852386021505374,2.9880133223640897,3.1749924974085175,8.8118000000000016,3.9186399999999999,4.5653635223240343
4019,29,2.3112386021505351,1.9397409177864375,2.1463118654061724,0.31440000000000268,1.7491599999999963,1.1223514960646206
4020,29,1.8812386021505354,0.34651707484865923,0.41856359087156036,3.093,1.1964079999999981,0.033682785828553108
4021,29,1.5052386021505342,0.2631144859842216,0.59085930606755355,0.92179999999999751,4.9189079999999983,1.2971300002309221
4022,29,1.1282386021505353,0.47053122533482039,0.14684838666934397,1.4798000000000009,2.6181999999999981,3.8300961639478395
4023,29,0.69823860215053557,4.5886115879928973,3.4076381782386633,3.149799999999999,4.3911999999999978,5.3763948354382372
4024,29,0.32223860215053435,1.9852371456595499,1.314965478640115,1.2208000000000006,1.9519160000000007,2.7242317274434846
4025,29,0.024238602150536082,0.56190980184948813,0.36279784124996439,6.7706000000000017,3.738351999999999,4.3644900885762681
4026,29,0.027238602150536195,2.4625682049437607,1.7454242444006809,3.2708000000000013,3.5318679999999993,4.2710288391720965
4027,29,0.46523860215053503,0.57023527083025272,0.36947445525093414,7.4030000000000022,2.4429160000000039,3.0644012974491943
4028,29,0.55923860215053622,0.42825896475739356,0.19747401819917698,2.8632000000000026,1.9077960000000012,4.6885310890651546
4029,29,0.68523860215053745,1.201216621124793,1.1338344417114712,3.9560000000000031,1.3839639999999989,1.843228405903055
4030,29,0.79623860215053455,3.7189001208510923,3.5744442806356176,7.312459999999998,5.7677560000000021,6.6226765985620872
4031,29,0.90623860215053753,1.4534877586681354,1.4512217395921034,4.3791999999999938,4.5028400000000026,5.2757671747700954
4032,29,1.016238602150537,1.1069373350202554,1.0975528483561767,2.7675999999999981,1.1517039999999952,5.3948124053317734
4033,29,1.1272386021505376,1.8304789650877105,1.3576757474684911,5.3385999999999996,1.1554800000000007,1.9713129438317907
4034,29,1.237238602150537,1.5941923100147974,1.8385604031509288,2.8811999999999927,0.98771999999999593,0.77932628653109148
4035,29,1.3632386021505347,3.8353743511410983,3.2709451952490909,3.5315999999999974,3.2567199999999978,5.1540201863298662
4036,29,1.4572386021505359,2.573529284003726,1.5849717287268348,6.6463999999999999,3.3973320000000022,3.1069935387699807
4037,29,1.5682386021505366,0.49092246264849848,0.018165288498220633,3.1285999999999987,3.5585199999999979,2.7277185850595309
4038,29,1.6772386021505348,0.46981936557332205,1.1976432935788637,3.002200000000002,2.6105200000000046,0.44845187437359257
4039,29,1.7722386021505372,1.0021476519426606,0.26893429898724008,1.6587999999999958,0.22047999999999845,1.2452231783641494
4040,29,1.8982386021505349,1.9163451918937326,2.4402847082585417,12.493119999999999,8.6105079999999994,1.9315787161872073
4859,36,3.3257613978494653,11.408305562680663,2.9972477355991778,5.0501200000000033,8.9526239999999966,9.920459745525541
4860,36,2.8567613978494641,4.1257978607522041,4.4056959022766229,6.9418000000000006,10.076239999999999,9.0714737897608018
4861,36,2.3047613978494645,1.1155634791889391,3.359229225754369,7.9770000000000039,8.5678799999999988,8.5194737897608022
4862,36,1.6777613978494657,3.525684562502132,5.0755675958259836,6.017199999999999,8.6934400000000061,7.8924737897608033
4863,36,1.1277613978494649,1.7270399256541538,0.86766795454551016,0.80119999999999791,5.0235200000000013,2.2124392522073073
4864,36,0.53276139784946253,3.2801294810136916,2.3936913004063918,2.8363999999999976,2.5475399999999979,1.2743785934002752
4865,36,0.053238602150535996,7.0384467446056433,6.7096244051910041,1.5787999999999975,4.3476000000000035,6.1614737897608016
4866,36,0.52323860215053486,1.7311868602570044,0.41842904242131596,4.4002000000000017,3.4430400000000034,5.3115785454357756
4867,36,1.1572386021505352,5.9165794813097783,5.5469308588883166,0.4054000000000002,1.1782800000000044,3.0512785022611801
4868,36,1.7082386021505371,0.55501502102464784,1.6862601446170338,3.8057999999999943,4.0186399999999942,4.1673783047231616
4869,36,2.2572386021505366,10.655864585944904,5.2091270237530942,3.6090000000000018,3.4855199999999975,2.7835041444426452
4870,36,2.8052386021505349,4.4288738548085043,1.2313494287091657,0.77700000000000102,3.0668399999999956,3.0261528483627949
4871,36,2.7072386021505359,0.002721751935496286,1.6416333299446251,2.9650000000000034,4.2983599999999988,3.5074737897608017
4872,36,2.4092386021505341,7.9647858794626458,6.096167723147019,1.3006000000000029,3.012240000000002,3.8054737897608035
4873,36,2.1102386021505346,2.334237567777965,2.4711389944584425,1.9748000000000019,4.9740399999999987,2.9688518354164408
4874,36,1.8122386021505363,8.3148509010729796,0.63371047933960867,2.2728000000000002,5.1515599999999999,4.4024737897608013
4875,36,1.4302386021505349,8.8146486215640536,7.7796575947801472,0.07692000000000121,4.4136639999999971,3.5380492557750181
4876,36,1.1712386021505345,2.9263928239437433,5.1056727232766761,2.1166000000000018,2.6155200000000001,0.042984305754661278
4877,36,0.8342386021505348,11.659442373636733,9.6554940441838575,4.318799999999996,3.644400000000001,1.1321860994727224
4878,36,0.49223860215053605,7.0138533668396263,1.225049956328192,5.0044000000000004,6.3549999999999969,5.7224737897608016
4879,36,0.19523860215053546,8.8436163142141915,4.7500937097975253,1.3119200000000006,5.3780639999999984,5.7831562631701772
4880,36,0.44276139784946267,5.8711698038152846,8.9482353121925797,4.5277999999999992,7.9873599999999989,5.734592057461203
4881,36,3.3257613978494653,0.43804571305465956,5.3098877629951069,7.4108000000000018,10.133160000000004,8.6175920574612057
4882,36,2.8567613978494641,10.360229939130473,2.7036131620261301,7.4131999999999998,8.5175439999999973,7.4859537707373782
4883,36,2.3037613978494633,2.5622670321692169,1.9890542664482886,6.3887999999999998,9.2859599999999993,7.2720492557750163
4884,36,1.6777613978494657,12.239477462643698,6.7481155234874084,3.1849200000000017,7.3046240000000004,7.1700573633251565
4885,36,1.1277613978494649,9.5251299333069319,5.3981704914764812,5.2128000000000014,8.6578800000000022,7.0033783047231637
4886,36,0.53276139784946253,2.4206087137540777,6.8681064390463824,2.3094000000000001,3.7589199999999963,0.97752103527533762
4887,36,0.053238602150535996,10.608063753563297,4.5717938978387949,4.0318000000000005,6.9586799999999975,4.5759537707373781
4888,36,0.52323860215053486,2.1526374614593493,1.1567767244357583,7.009800000000002,7.0990000000000002,5.8640980324854119
4889,36,1.1572386021505352,6.2230649251433725,1.2176401056248629,1.5609999999999999,4.421879999999998,1.1656257804494921
4890,36,1.7082386021505371,3.0235061410028337,0.74401001941524569,3.9640000000000022,5.453240000000001,3.2600492557750158
4891,36,2.2572386021505366,17.434659341086999,7.5081978343869338,2.228279999999998,3.4035440000000001,1.6384278386579645
4892,36,2.8052386021505349,11.058098387401973,6.3391671105974297,4.7341999999999977,0.42271999999999821,2.8305968889601694
4893,36,2.7072386021505359,1.8394131087696692,1.8379920006242472,7.9050000000000011,5.1020399999999988,4.744222045490325
4894,36,2.4092386021505341,12.695214786860152,1.8025562563959951,1.6758000000000024,4.6455599999999997,3.8054737897608035
4895,36,2.1102386021505346,5.081392362481381,1.5426118565057187,9.2006000000000085,4.4739600000000053,3.646100878011783
4896,36,1.8122386021505363,4.8842963373237964,0.31456422865909062,2.2728000000000002,5.3044799999999945,3.515533985210535
4897,36,1.4302386021505349,4.6093280785862412,6.296066462468989,4.2420000000000044,5.5230800000000002,3.5380492557750181
4898,36,1.1712386021505345,4.9798071190109177,3.5002756613315071,1.0822000000000003,1.4688400000000037,0.53294451383822761
4899,36,0.8342386021505348,10.312542776092073,1.0354651995120214,3.2508000000000017,6.1000000000000014,4.9971528483627949
4900,36,0.44276139784946267,12.946499658152867,10.978122633245633,4.5277999999999992,7.8493600000000008,5.734592057461203
4901,36,3.3257613978494653,14.479815982356051,12.585686277133519,8.6514000000000024,9.9429600000000029,8.2940492557750183
4902,36,2.8567613978494641,0.73152671877137365,7.0575440151734554,7.1961999999999975,9.872440000000001,8.1485920574612045
4903,36,2.3037613978494633,14.807075617260541,12.738771961992139,7.6238000000000028,8.9788000000000032,7.5955920574612037
4904,36,1.6777613978494657,17.509162458188666,3.6841551876008509,5.7628000000000021,8.30124,5.9125233236956056
4905,36,1.1277613978494649,3.5782291487081856,0.49737716960564882,5.2128000000000014,8.4130400000000023,6.4555339852105362
4906,36,0.53276139784946253,22.788359025600119,11.623789853793815,0.56172000000000111,6.1935439999999993,6.0250573633251534
4907,36,0.053238602150535996,10.720964377613324,9.8892883017502164,1.6214000000000013,2.249760000000002,4.8887760311517816
4908,36,0.52323860215053486,2.1404492332974989,2.4399110669088593,4.8024000000000022,6.7620400000000025,4.7685920574612055
4909,36,1.1572386021505352,0.55881385365980663,1.2930629107789251,2.9278000000000013,5.8249600000000008,3.8110492557750177
4910,36,1.7082386021505371,1.8049059530992189,1.0476083372284002,3.5047999999999995,0.4694400000000023,0.93350204982102269
4911,36,2.2572386021505366,4.7496569827374735,1.5577862400906497,0.62519999999999953,1.321080000000002,0.87864813745064652
4912,36,2.8052386021505349,18.963294097431532,10.179652574925003,2.6914000000000016,3.319624000000001,2.1630492557750181
4913,36,2.7072386021505359,4.4625001712593502,2.4395514654627846,1.5141999999999989,1.018100000000004,3.2718464405222143
4914,36,2.1102386021505346,6.2362394675757038,6.264244793058289,3.2098000000000049,4.9942800000000034,3.6271224975873508
4915,36,1.8122386021505363,3.669989906960911,1.5376493142699275,3.6844000000000001,4.3126239999999996,3.479592057461204
4916,36,1.4302386021505349,3.1128527379098294,6.0590933297346616,3.8954000000000022,6.3089200000000005,3.8615920574612055
4917,36,1.1712386021505345,3.9931768633307136,4.4781148173659169,0.51619999999999777,2.4406800000000004,1.0752561367069333
4918,36,0.8342386021505348,8.7743702059828443,8.3535384327596525,4.4858000000000047,5.0681200000000004,4.1340492557750181
4919,36,0.49223860215053605,19.359062950201981,5.3711634058069677,3.5928000000000004,4.9914399999999972,5.2451224975873494
4920,36,0.19523860215053546,3.1878222440768909,5.3221382166011466,0.16627999999999687,5.7177840000000018,5.0965920574612049
4921,36,0.44276139784946267,5.8420365521546458,6.812650313339816,4.5277999999999992,7.4975599999999964,5.734592057461203
4922,36,3.3257613978494653,15.86948338632299,15.172490648087923,8.1512000000000029,7.9052000000000042,10.194260645050424
4923,36,2.8567613978494641,1.2807038273923688,4.7736868228020413,7.1905999999999999,10.018359999999998,8.6300644253366805
4924,36,2.3037613978494633,2.0234947670120675,6.4178746255884214,6.3887999999999998,9.8394400000000068,7.5955920574612037
4925,36,1.6777613978494657,9.4392621060346684,10.052317759120104,7.1917999999999971,7.2789200000000065,7.1329202019869342
4926,36,1.1277613978494649,2.059450937900781,4.1137020531645234,2.2496000000000009,5.2034799999999954,7.4082053208823524
4927,36,0.53276139784946253,3.4425932415752278,4.2074184927223577,6.046799999999994,6.1214799999999947,6.7474737897608001
4928,36,0.053238602150535996,6.7194957424191273,5.4728189811773795,4.6658000000000044,2.4011200000000024,0.86770774912894666
4929,36,0.52323860215053486,0.80626426616457181,1.5730891602403752,1.3201999999999963,0.53079999999999927,0.32663415565798104
4930,36,1.1582386021505364,12.852490024381297,11.222922586452853,2.0518000000000001,4.7138400000000011,4.133592057461204
4931,36,1.7082386021505371,8.2607838151539177,6.2501294169173498,5.6901999999999937,3.9838399999999972,5.0623164894478521
4932,36,2.2572386021505366,11.211190721727135,5.0349976141786215,1.8277999999999999,4.5538000000000025,2.6954965724235649
4933,36,2.8052386021505349,11.010670149797434,4.6680274298957656,1.7225999999999999,2.3470399999999998,1.4712088491126529
4934,36,2.7072386021505359,2.1614286620829191,0.7367354928355887,4.1074000000000055,3.4347199999999987,5.1006911296358837
4935,36,2.4092386021505341,4.0109724283075749,4.0295377644510566,2.602999999999998,2.4714800000000032,4.019024936745641
4936,36,2.1102386021505346,8.3933525734160774,0.48160447251922278,1.9748000000000019,4.8240000000000016,3.6271224975873508
4937,36,1.8122386021505363,7.1047170659218963,6.5120260714065914,4.5475999999999992,3.7580400000000012,6.6297718922010276
4938,36,1.4302386021505349,0.54413375230824812,1.1158751427310385,0.5038000000000018,0.36088000000000164,0.34850237101599646
4939,36,1.1712386021505345,11.04437143031813,7.6522087492533615,5.3543999999999983,5.0937999999999981,5.1926113344970872
4940,36,0.8342386021505348,8.123307094104117,8.6427251225116102,3.3619999999999983,5.5002400000000051,4.4575920574612056
4941,36,0.49223860215053605,7.8900469399459325,0.3533956427774001,3.5928000000000004,5.4452639999999981,5.3391528483627937
4942,36,0.19523860215053546,0.45597794887701326,1.0429815943210485,4.1967999999999996,2.4771199999999922,1.1307576806474344
4943,36,0.44276139784946267,6.1034310688360058,3.5464888306609552,4.5277999999999992,7.0972400000000064,5.734592057461203
4944,36,3.3257613978494653,1.5386059663125984,4.8600209710038662,7.4108000000000018,10.566120000000002,8.4489968645811118
4945,36,2.8567613978494641,2.5822658466978261,3.4289152949448791,6.0668000000000006,8.7288400000000017,7.6465955757387434
4946,36,2.3037613978494633,0.71261239042954116,1.9664805105688323,4.2777999999999992,7.0999200000000044,2.3614369967708129
4947,36,1.6777613978494657,9.9984550478102108,7.4651141167188264,3.0963999999999992,3.0033600000000042,2.0332743116911871
4948,36,1.1277613978494649,0.37764300428338871,0.22348488565934232,6.0320000000000036,3.9434639999999952,2.5248559309828735
4949,36,0.53276139784946253,3.4110306640712729,2.9202865009271974,1.1760000000000019,1.3354799999999969,3.925073531100935
4950,36,0.053238602150535996,4.7248439810654723,2.9262563966808308,0.19080000000000297,2.5767600000000037,0.58814012559644979
4951,36,0.52323860215053486,5.8338707096923876,3.6772646392466299,3.1087999999999987,1.9311200000000035,0.13619298161385274
4952,36,1.1582386021505364,8.411463932506777,7.5540770432302295,1.5760000000000005,2.6343200000000024,1.2227463286579159
4953,36,1.7082386021505371,3.425601816778812,5.5542418076698006,3.6173999999999999,4.5548799999999972,4.2244227287217413
4954,36,2.2572386021505366,0.1606482557579163,0.31333669649738738,3.7545999999999999,1.7106400000000015,0.6051908643146362
4955,36,2.8052386021505349,13.058903464166544,3.0468194280214433,1.2798000000000016,4.6785600000000009,2.3236910607763832
4956,36,2.7072386021505359,2.9441835978925255,1.4456827065997615,3.4038000000000004,4.2287599999999976,2.3381281287326594
4957,36,2.4092386021505341,2.4443767467373618,1.4636261817686531,1.6758000000000024,4.8760400000000033,1.8255233236956059
4958,36,2.1102386021505346,3.1677209876519825,2.5634362764569829,3.2097999999999978,4.9942799999999998,4.3713192502821627
4959,36,1.8122386021505363,8.2739746507008967,4.0423848526495938,0.90599999999999881,3.8837200000000003,2.4642088491126515
4960,36,1.4302386021505349,0.62904317747330651,5.523953215258814,2.7659999999999982,4.4474000000000018,3.6986910607763832
4961,36,1.1712386021505345,5.9616676087032126,2.433900507672341,4.3427999999999969,4.0112400000000008,2.8243196819736696
4962,36,0.8342386021505348,1.8689394058925046,3.0384017130459817,1.139800000000001,4.5321199999999955,4.5309919460273171
4963,36,0.49223860215053605,0.55825848218816887,0.94993720853048913,0.59720000000000439,3.0471199999999996,1.329771210766868
4964,36,0.19523860215053546,0.66851682085670205,3.2680885737974315,2.1242000000000019,3.1147200000000019,0.59541589465301215
4965,36,0.44276139784946267,3.8301759331808363,3.4549972819881063,0.71600000000000108,0.03487999999999758,0.39587071868060164
4966,36,3.3257613978494653,3.6326043573057305,1.8115630815670301,8.8397999999999968,8.5082400000000007,9.0315440864731933
4967,36,2.8567613978494641,15.699079734191812,13.759742414201405,10.528799999999997,7.6479999999999961,8.7128243280564206
4968,36,2.3037613978494633,4.792106838758297,4.464349856023091,2.6476000000000006,2.355360000000001,4.0800850601656293
4969,36,1.6777613978494657,4.7953997125098446,4.4418940273772201,1.9075999999999986,4.5805200000000035,2.590704565959463
4970,36,1.1277613978494649,0.3875884406433272,5.6382542633204373,0.80120000000000147,5.0738000000000021,3.3544534753788078
4971,36,0.53276139784946253,2.4715259499280471,0.41372233847095785,0.27240000000000109,3.8763599999999947,1.6383013540458435
4972,36,0.053238602150535996,0.74696910299273256,1.418227407446043,0.82819999999999894,2.9753599999999949,1.5250934803499412
4973,36,0.52323860215053486,4.5109715194785984,3.3350053256658114,0.33779999999999788,1.6969600000000042,2.029494273922154
4974,36,1.1582386021505364,4.6599772555931729,7.5130922030734517,3.0380000000000038,4.7194000000000003,4.2179666950728603
4975,36,1.7082386021505371,14.061857249612071,4.2860849887177004,3.6173999999999999,5.2289199999999987,3.7830448667995391
4976,36,2.2572386021505366,0.31151111460638603,0.3932958732645595,2.2611999999999988,1.5146000000000015,0.77917334615795752
4977,36,2.8052386021505349,8.9282493496619537,4.5224322131752146,3.820800000000002,0.14692000000000505,0.96281492707971239
4978,36,2.7072386021505359,3.6636981083480293,1.2750247757628266,5.188600000000001,4.9406799999999969,0.57629130321677025
4979,36,2.4092386021505341,1.1991081295597894,0.48811220800019584,3.5305999999999997,2.3622399999999963,0.56529298565810393
4980,36,2.1102386021505346,3.8428844648634204,1.4143306986900122,0.74760000000000204,3.5008799999999951,3.476641471769657
4981,36,1.8122386021505363,0.88011962857208914,1.0896948068195407,3.7411999999999992,2.9807200000000016,2.2561611471044181
4982,36,1.4302386021505349,1.7515892043268479,0.98660978536678101,2.0646000000000022,0.67904000000000053,0.55130474445932975
4983,36,1.1712386021505345,3.0487612796308383,0.12617848396489961,4.5354000000000028,4.4479199999999963,2.7238977633249313
4984,36,0.8342386021505348,0.40757402077040084,0.13574027762441787,1.0145999999999979,3.4679199999999994,0.84366929607180552
4985,36,0.49223860215053605,4.0326982842977586,0.68080475883548885,1.4817999999999998,5.1221599999999938,1.5335998240225592
4986,36,0.19523860215053546,7.4766747972628238,4.1189570714279498,2.5229999999999997,4.9872399999999999,4.4440011849322332
4987,36,0.44276139784946267,3.5650855539833231,2.742990213055883,4.2889999999999944,4.1559199999999947,2.9138361269249131
4988,37,0.019761397849464402,3.1218197166739472,1.6253945521219357,1.0156799999999997,0.53050400000000053,0.99257408513906142
4989,37,0.82323860215053557,7.2720055381185915,9.3158926394570898,5.7328000000000046,3.161480000000001,2.7617257675616891
4990,37,1.6772386021505348,1.135415900653566,2.5820376836626444,3.6032000000000011,3.1754800000000003,3.01059663766166
4991,37,2.5282386021505374,0.82643719657864878,0.3612132423038652,0.91179999999999595,2.2744399999999949,2.2826821390855798
4992,37,3.4092386021505341,5.2032784142462987,4.8677474951194881,9.7817199999999964,9.1535960000000003,7.7016648779222621
4993,37,4.2402386021505372,11.087323689618131,9.3211946901419793,1.7380000000000031,4.0034400000000048,8.2034165166872839
4994,37,5.1102386021505346,8.6183329590225632,8.2643142768190607,3.1999999999999957,8.1591439999999977,11.136149681187536
4995,37,5.9562386021505347,7.9856853039908096,7.4301760141385493,6.4971999999999994,6.6449599999999975,12.73128723155537
4996,37,6.8152386021505365,5.1830532648105709,5.9991615877557294,0.472800000000003,7.2089199999999991,6.0014052358884236
4997,37,7.7952386021505369,13.894978806437791,12.950422976529246,3.6490000000000045,6.2594400000000014,16.188549603732785
4998,37,8.5192386021505371,11.635277367239961,11.258137771376678,8.8751999999999995,12.966904,18.569000346284106
4999,37,9.3722386021505351,12.907510226267085,12.619927852246882,12.4802,11.652328000000001,17.730148017683973
5000,37,10.499238602150538,11.576105341057989,11.161856106946292,18.863240000000001,11.359808000000001,13.092150544672847
5001,37,10.876238602150533,16.506177645145474,15.371284777108276,14.258699999999997,12.69698,12.11835494166683
5002,37,11.311238602150535,14.269408561932483,14.351826613057273,15.540599999999998,15.682628000000001,16.984252769794534
5003,37,11.638238602150533,17.264884742738349,16.579983564774572,17.344799999999996,16.641527999999997,20.408044653079713
5004,37,12.015238602150536,18.07063021125078,17.261562077085131,14.779199999999999,16.469344,18.542725594759926
5005,37,12.393238602150536,14.290070476653163,14.489194511262731,9.7685999999999993,10.678920000000002,19.960478482871643
5006,37,12.779238602150539,16.217179928577035,15.525044792937265,21.195800000000006,15.212960000000006,19.28985781397229
5007,37,13.156238602150534,18.647218210173317,18.034425102274824,25.1922,18.614715999999998,24.474797207903173
5008,37,13.646238602150536,15.317828331185257,14.900796090475204,22.166999999999998,17.508347999999998,17.471604537276498
5009,37,13.917238602150537,15.788017097536482,15.511197489269254,15.645000000000003,14.384296000000003,19.368329444170133
5010,37,14.299238602150535,17.463147235207224,17.147242453467854,19.61936,15.765183999999998,22.835794426539273
5011,37,14.682238602150537,18.621125568989711,17.97784181186022,19.700600000000001,17.458656000000001,18.999885498791755
5012,37,0.82323860215053557,2.677064892750213,4.4995614114446632,1.0914000000000001,2.4473599999999998,7.2072846711398277
5013,37,1.6772386021505348,6.0883244633188838,5.2490067682115011,4.7908399999999993,7.1136400000000002,8.603747852795145
5014,37,2.5282386021505374,3.0900166628209327,1.455744676362194,10.173800000000002,3.9243600000000036,0.53120993345832801
5015,37,3.4092386021505341,8.0258196872052707,7.4262609196790095,7.4753999999999969,8.6837319999999956,11.207949580507513
5016,37,4.2402386021505372,7.6541186713700213,6.7629381243989926,3.9466000000000037,5.8945599999999985,6.3729868374168746
5017,37,5.1102386021505346,7.6825614764221584,7.2517760416285135,9.4968000000000004,5.2765839999999997,6.4492674478957994
5018,37,5.9562386021505347,10.766745319028463,10.017450704817083,15.376660000000001,14.149344000000001,17.743610633071626
5019,37,6.8152386021505365,9.0984641695973529,8.7527066901281074,2.7303999999999959,5.3754800000000031,10.474111452466946
5020,37,7.7952386021505369,15.602065872759768,13.760005733688054,4.7010000000000005,9.146640000000005,16.957202790298457
5021,37,8.5192386021505371,12.360399981568033,11.757681527172831,10.89648,10.302424000000002,12.610768579700132
5022,37,9.3722386021505351,10.74558835292153,10.300212250882275,6.2017999999999986,13.297667999999998,12.686211689265932
5023,37,10.499238602150538,13.5059563623843,13.529400682021077,16.2318,12.109559999999998,16.194610130484698
5024,37,10.876238602150533,16.492242764615483,15.559038432488958,14.102799999999998,14.026439999999997,12.453460040152489
5025,37,11.311238602150535,18.336267506438872,17.470848906633808,21.278419999999997,18.224108000000001,23.819140130291739
5026,37,11.638238602150533,14.688249822309583,14.47629731410035,13.444799999999997,14.629111999999999,18.136708463067613
5027,37,12.015238602150536,17.178559802587813,16.49118743409835,19.146800000000002,17.308191999999998,22.689700372323713
5028,37,12.393238602150536,14.893030332301475,14.464397555461243,13.6496,12.480640000000005,11.93389089896726
5029,37,12.779238602150539,16.654498329998212,16.231339806539072,16.614000000000004,16.598888000000002,20.55350921728045
5030,37,13.156238602150534,18.329286117150851,17.581766972764143,13.081999999999997,9.7900480000000023,18.509194868434982
5031,37,13.646238602150536,14.872850752955863,14.748913889165671,17.1066,12.914159999999995,14.128643355483529
5032,37,13.917238602150537,17.606931038918084,16.616672971384158,14.602800000000002,15.3963,19.270419347282683
5033,37,14.299238602150535,17.312414772658741,16.922085327669492,12.692,11.764015999999998,14.873477985799262
5034,37,14.682238602150537,12.813286316283989,13.127726823201218,14.952000000000002,13.80808,11.861472988132071
5035,37,0.019761397849464402,9.1337501716467564,6.9608737218730639,3.2187999999999981,3.4249200000000002,5.2631672862166248
5036,37,0.82323860215053557,1.5441393404979316,1.6993390755338282,3.8546000000000014,3.0817599999999992,1.009919278850159
5037,37,2.5292386021505351,3.1042710423660402,1.5773003154936553,6.5187999999999988,4.7515999999999998,2.2106959133790376
5038,37,3.4092386021505341,10.161195356096506,9.0957988311516047,14.181259999999998,11.983159999999998,10.405758579818205
5039,37,4.2402386021505372,10.482602396184415,9.3903162856128404,2.2990000000000066,1.2078959999999981,5.1282728259978327
5040,37,5.1102386021505346,8.5575573912221472,8.1586331688427478,7.938600000000001,7.8181999999999974,10.875989471628081
5041,37,5.9562386021505347,10.026192712465839,9.4191184762944786,8.8691999999999993,8.7592079999999974,14.137804429951265
5042,37,6.8152386021505365,11.196001928098607,10.582355964380881,9.9158000000000008,10.774632,15.418564098106973
5043,37,7.7952386021505369,12.628874114661961,11.153921089468803,7.1191999999999993,4.997320000000002,10.557702178495173
5044,37,8.5192386021505371,11.325132824947445,10.951261954524018,13.803800000000003,11.120200000000001,13.297965921452253
5045,37,9.3722386021505351,11.420098101197091,11.379107061846625,3.5111999999999988,5.5306000000000033,4.7204606697751856
5046,37,10.499238602150538,12.444050851093348,12.064146973026919,7.4936000000000007,8.1029919999999969,9.5192143894502621
5047,37,10.876238602150533,16.929056917140041,15.855010470205137,14.570799999999998,11.0291,11.477033220102367
5048,37,11.312238602150533,16.409840139863924,15.89181485888615,19.146799999999995,18.895807999999995,22.064148230513457
5049,37,11.638238602150533,15.867408443461564,15.432828976407251,16.431399999999996,16.440775999999996,22.590761517756533
5050,37,12.015238602150536,17.310042551598496,16.795630726583354,15.6662,14.189679999999999,18.694132401562946
5051,37,12.393238602150536,16.982413518257857,16.528953984809341,18.606400000000001,16.730279999999997,19.734367488690481
5052,37,12.779238602150539,18.056925468398497,17.358113920013121,14.832400000000003,14.820200000000003,19.560821819619459
5053,37,13.156238602150534,16.940383982565596,16.583297611544921,23.216239999999999,19.052823999999998,23.774134380635417
5054,37,13.646238602150536,16.954405644893551,16.646334734551331,14.886600000000001,14.968527999999999,22.888207283981195
5055,37,13.917238602150537,19.110809772674024,18.350921582693246,16.85904,17.964600000000001,19.391669831242769
5056,37,14.299238602150535,16.596142502060108,16.346793498529053,14.375159999999997,15.787303999999999,20.057580048265869
5057,37,14.682238602150537,18.026328564420194,17.031727500418963,15.124000000000002,17.494655999999999,19.341944710776868
5058,37,0.82323860215053557,5.224282556515135,5.8479291668748701,1.7159999999999975,4.1030000000000015,3.4004714119549213
5059,37,1.6772386021505348,3.7909058446611219,3.3769082539769144,0.26160000000000139,1.4744600000000041,4.5560556437173432
5060,37,2.5292386021505351,10.384999551894019,8.4974650049378049,0.46820000000000306,1.0797760000000025,13.231717496014967
5061,37,3.4092386021505341,6.9427768735645614,6.5816793018589621,11.686960000000001,5.6449359999999977,9.8901504468314023
5062,37,4.2402386021505372,17.556407423379397,12.001181786852809,3.5852000000000004,1.6237600000000008,13.924272458324156
5063,37,5.1102386021505346,10.571699835302745,9.8873117398253072,8.5551999999999992,11.926732000000001,13.520429175313453
5064,37,5.9562386021505347,11.071779002564409,10.511220324110543,4.9518000000000022,7.2291600000000003,14.607363237862369
5065,37,6.8152386021505365,9.4678590944984897,9.3340493709841681,10.208000000000002,10.712904000000002,14.288724853490056
5066,37,7.7952386021505369,9.6214690757953356,6.1634072307945118,5.6326000000000001,3.6180799999999991,5.2246160104290809
5067,37,8.5192386021505371,12.827013575479885,12.357911145245716,15.408800000000003,12.281744000000003,15.57257087171347
5068,37,9.3722386021505351,14.280246893818067,13.511359375675376,13.498799999999999,11.350584000000001,16.856341712649169
5069,37,10.499238602150538,15.18420934872157,14.510993061691732,20.566360000000003,18.4329,20.803200597071744
5070,37,10.876238602150533,17.418345985394954,16.406815033738944,16.619999999999997,15.053335999999998,20.416203518975966
5071,37,11.312238602150533,15.816321689337215,15.353553170040009,14.019399999999997,12.252647999999994,17.201947656890773
5072,37,11.638238602150533,15.013627422572903,14.667827864109704,11.861399999999996,10.2682,16.889048102168591
5073,37,12.015238602150536,18.749703320524517,17.755937763337045,17.497400000000003,17.166972000000001,19.106337274428519
5074,37,12.393238602150536,17.292947994945877,16.718776297296948,13.558400000000002,14.89676,18.847366820588579
5075,37,12.780238602150536,19.944866698897883,18.842321803371135,16.2942,14.861039999999999,17.554530115336298
5076,37,13.156238602150534,18.400940147425377,18.056800164284486,19.244599999999998,17.131615999999998,22.921696322184289
5077,37,13.646238602150536,18.417550936139044,17.667535242834703,15.331399999999999,15.023967999999996,20.89081526404766
5078,37,13.917238602150537,14.119500997590691,13.872186734251539,15.052399999999999,14.753067999999999,16.872782966034535
5079,37,14.300238602150532,17.611560608263062,17.215915390621646,17.873399999999997,14.011483999999999,20.370008237314519
5080,37,14.682238602150537,16.595316317711784,16.370969597567495,21.0916,17.256640000000004,19.713770730197986
5081,37,0.82323860215053557,5.172800269700744,4.7860332670087402,2.4451999999999998,0.5918399999999977,5.0735378491391359
5082,37,1.6772386021505348,5.2030419650024839,4.4639129199995864,1.2567999999999984,0.33488000000000184,8.7292085839832456
5083,37,2.5292386021505351,0.19845295265823637,0.89251413285617431,1.7501999999999995,4.9298399999999987,0.17756255235748952
5084,37,3.4092386021505341,7.6444993000603247,7.1730976873723549,3.627799999999997,5.6256119999999967,5.8389738939856954
5085,37,4.2402386021505372,7.6119941496151107,7.2713316701511204,8.7635599999999982,7.6447280000000006,13.486128097579208
5086,37,5.1102386021505346,7.4011472666940605,7.3125343242861547,10.679600000000001,9.3127880000000012,15.205421713497476
5087,37,5.9562386021505347,8.2495853758807449,7.9412075367458108,14.210599999999999,11.186527999999999,13.62185325614429
5088,37,6.8152386021505365,9.1954930303490308,8.8438753498812765,11.224799999999998,12.167335999999999,15.991488957646567
5089,37,7.7952386021505369,9.7344154126774747,8.9501622029882171,5.5430000000000028,7.5209200000000003,9.7047328011636012
5090,37,8.5192386021505371,11.477862563862832,11.134559607117396,13.596800000000002,12.263172000000001,18.771401295682182
5091,37,9.3732386021505327,11.263157783600263,11.048292377537305,9.8893999999999949,12.722779999999997,21.27361003847605
5092,37,10.499238602150538,12.557514515595372,12.570569204296397,10.238860000000003,11.420651999999997,18.390295804795215
5093,37,10.876238602150533,13.526269938118748,13.300079963034975,19.130599999999998,15.262931999999996,19.926697687550174
5094,37,11.312238602150533,13.42628973879,13.40084021129622,19.479399999999995,13.975247999999993,17.862103317299667
5095,37,11.638238602150533,14.077021623975053,13.902249862511763,15.954599999999999,16.143251999999997,18.925171355007933
5096,37,12.015238602150536,13.458414780394179,13.590034865017515,15.766259999999999,12.701044,16.556294114518529
5097,37,12.393238602150536,16.295498881466894,15.868898426554811,13.746000000000002,12.929251999999998,23.261669768371398
5098,37,12.780238602150536,17.127371604914941,16.299886955724084,14.133000000000003,13.676848000000003,21.336061311888571
5099,37,13.156238602150534,16.725856299044985,16.285209301182796,14.509,14.107807999999995,19.800792759508603
5100,37,13.646238602150536,16.85538660298559,16.750316970479005,19.486600000000003,16.053312000000005,23.41217603001347
5101,37,13.917238602150537,16.35641724024638,16.126762137198199,22.0764,16.66236,23.676612011015425
5102,37,14.300238602150532,15.600889056611681,15.476053678196422,19.264459999999996,14.308011999999998,15.406897445178561
5103,37,14.682238602150537,16.534614968328974,16.369913979977817,17.463260000000002,14.257012000000003,18.468020591925349
5104,37,0.019761397849464402,4.832235134305602,4.1187941804162023,6.120199999999997,2.6623999999999981,7.1233341362615157
5105,37,0.82323860215053557,8.5504650710559957,7.215496828018285,0.79100000000000037,3.2549600000000041,7.5772369833305007
5106,37,1.6772386021505348,4.1989029309428147,3.6775709506947294,10.497879999999999,1.9645360000000025,8.1841607197291601
5107,37,2.5292386021505351,6.3182893487516765,5.0576442041863707,7.1406000000000027,2.9466000000000037,5.3775478896162454
5108,37,3.4092386021505341,5.8110662387739112,5.3951962156216915,1.9268000000000001,3.698723999999995,8.515652856386275
5109,37,4.2402386021505372,8.1809585304928589,7.6626447921155005,6.8083999999999989,5.029320000000002,11.183370412186093
5110,37,5.1102386021505346,8.6274561822032823,7.9638019058975331,1.9654000000000025,6.9015720000000016,13.076970984459077
5111,37,5.9562386021505347,9.4056417302938264,8.9690502491446757,9.4743999999999957,9.8743799999999986,15.333497536182932
5112,37,6.8152386021505365,6.0377094286938551,5.9608302107251774,6.2124000000000024,3.9479760000000006,6.4776895037457649
5113,37,7.7952386021505369,10.777980302310215,10.444702983467529,6.5640000000000001,7.3520479999999964,13.113293578059846
5114,37,8.5192386021505371,8.4261893057402482,8.2418884019223846,1.2652000000000072,3.3369200000000028,4.6229488224137647
5115,37,9.3732386021505327,11.438930679527573,11.132442283442252,12.848599999999998,13.722607999999997,20.358122174425596
5116,37,10.499238602150538,9.8112160354012019,10.034165907125868,3.2764000000000024,9.2717479999999988,10.839741007290964
5117,37,10.876238602150533,13.871374162249673,13.702411594178425,13.106799999999996,12.010812000000001,19.715091007558435
5118,37,11.312238602150533,13.276434949397043,13.140526187096604,14.230799999999995,14.267475999999995,17.183186636929243
5119,37,11.638238602150533,13.748718013283536,13.333090069170435,8.4285999999999994,7.6310399999999952,12.437382136650893
5120,37,12.015238602150536,11.572057441061723,11.348895326516718,4.953400000000002,7.2563600000000008,6.602305176559323
5121,37,12.394238602150534,14.705974142626232,14.450867851782782,20.106199999999998,15.006159999999998,20.334462561745241
5122,37,12.780238602150536,16.94938160059489,16.497464046693466,16.758600000000001,15.361087999999999,20.936452229502656
5123,37,13.156238602150534,15.147785043345554,14.899264038977186,13.261059999999997,13.844851999999996,21.46452787192926
5124,37,13.646238602150536,14.229639609369244,14.203249783919816,9.5275999999999996,13.204640000000001,19.643599337554374
5125,37,13.917238602150537,16.671366394126441,16.219870530131526,11.165199999999999,12.868568,16.527149113139306
5126,37,14.300238602150532,15.489148135347644,15.318010741714993,22.316559999999996,18.554755999999998,20.629080934006517
5127,37,14.682238602150537,17.14163095542456,16.811384533134124,24.875060000000001,17.424572000000005,23.065562460350613
5727,42,3.2567613978494627,11.782858081814133,9.6016414926652978,6.8550000000000004,7.8146399999999971,7.029237709431527
5728,42,2.9557613978494643,2.881669546439273,2.7624898033694549,0.60299999999999798,0.21427999999999869,1.5450066633111597
5729,42,2.3557613978494629,8.8794073699912239,10.007947664122668,7.3603999999999949,7.2561200000000028,8.0504009309583004
5730,42,1.9037613978494647,5.869412601500688,4.3034731668968433,0.17120000000000246,0.74963599999999886,2.4102532093091078
5731,42,1.4487613978494629,0.59576164524605701,0.56856447750344685,4.6867999999999981,6.6359959999999951,4.5590156014747443
5732,42,1.0047613978494638,1.9098020430916307,1.8219181426403601,2.1036000000000037,0.39664000000000144,0.82818779448382074
5733,42,0.54476139784946298,0.17413265192326932,0.070121003906248092,6.1821999999999981,5.2392399999999952,4.8680449500529512
5734,42,0.10176139784946514,1.2990274183571557,0.54362982617551481,1.0074000000000005,1.1115599999999972,1.9246405634794286
5735,42,0.35723860215053449,0.78552006826827281,0.56951857251491234,3.8311999999999991,5.8584040000000002,5.1115969800260608
5736,42,0.80923860215053622,3.6927573676085323,3.4694344530674393,5.9101999999999997,2.5672959999999989,0.85560711012779578
5737,42,1.2602386021505367,13.412734398280694,10.606986410535502,4.9623999999999988,5.2147199999999998,4.976294895882571
5738,42,2.1652386021505343,1.8320483233052087,1.7876693843298845,10.146999999999998,3.5993999999999957,3.9190436787011436
5739,42,2.6162386021505348,1.0922987392754422,1.537462832854299,9.5272000000000006,7.2916799999999995,1.6917702848455356
5740,42,2.9802386021505356,2.2260229979067567,2.3083530288783543,0.61540000000000106,5.7787199999999999,3.6017849171610621
5741,42,2.4702386021505376,3.2096346873789692,3.4725733220615105,6.2070000000000007,4.2366000000000028,6.6495205730037412
5742,42,2.0472386021505358,0.54416632370709905,1.228700505900246,0.47040000000000148,0.37256,1.6209398648810804
5743,42,1.4202386021505369,1.3814882213998843,1.1976596299209241,5.3815999999999988,1.0028000000000006,0.104880337858134
5744,42,0.99723860215053506,0.62125778587240177,0.77593035943043631,0.56119999999999948,2.1201679999999961,1.6953173878987933
5745,42,0.50023860215053517,1.4364796428188384,0.44859762149546611,2.0739999999999981,1.980795999999998,1.4250948987237528
5746,42,0.073761397849462895,0.082582121020138288,0.064198327481157946,1.0440000000000005,1.8318800000000017,2.7982754011226376
5747,42,0.49676139784946471,3.2094658368400246,3.5299742813041881,6.7406000000000041,4.8209599999999995,4.9944351313736739
5748,42,0.9937613978494646,7.9684686293087843,5.9736768574052483,7.0812000000000026,2.1852720000000012,1.0921294462104285
5749,42,1.4857613978494655,2.8047653506174051,2.6676768654441574,3.1235999999999962,1.0669119999999985,2.0004104284203912
5750,42,1.9747613978494627,1.607564645748397,1.7563578651947331,8.2631999999999977,7.0808399999999985,5.6182818938952934
5751,42,2.4687613978494625,2.6803817427085264,2.8518859816222708,0.32702000000000098,0.75728399999999851,3.1326816995097246
5752,42,3.2567613978494627,1.9939338042496608,2.1464586226906199,3.6120599999999996,4.510904,6.3011543443308184
5753,42,2.9557613978494643,7.0794020873798793,6.7903674219038344,8.8172000000000033,6.6038800000000002,7.9096863071733203
5754,42,2.3547613978494653,0.20563507337626774,0.046926712748906141,0.78260000000000218,1.3730039999999981,0.59646528858041137
5755,42,1.9037613978494647,1.4253366104137548,1.3575988215071924,5.5056999999999974,1.158532000000001,2.6592972555620342
5756,42,1.4487613978494629,5.9024876466251186,6.842220843993104,2.5097999999999985,5.4801600000000015,9.1485960016918852
5757,42,1.0047613978494638,0.021635236845657602,0.21254064662193173,0.60780000000000101,1.958400000000001,2.7446640750470941
5758,42,0.54476139784946298,0.73414208511087509,0.90328148743099135,1.8668000000000013,5.3401999999999958,4.0690255856432458
5759,42,0.10176139784946514,1.9363130031871485,1.1251711994205778,2.1647999999999996,3.7134319999999974,3.3898426562820063
5760,42,0.35723860215053449,0.15762305963698964,0.084506150190737372,2.1948000000000008,0.88408000000000087,3.5329423973041223
5761,42,0.80923860215053622,2.8795240109247722,2.2492940578807321,0.4117999999999995,0.27779999999999916,1.2678993175311284
5762,42,1.2602386021505367,0.8230432252318991,1.0640069008610311,2.8138000000000005,1.4893159999999988,1.0246028088428254
5763,42,2.1652386021505343,2.6281878342646294,2.8616458148650388,1.1573999999999991,0.99675999999999476,5.4449652023508364
5764,42,2.6162386021505348,2.3025358958779698,2.4040019753122053,4.9935999999999972,2.4634399999999985,4.278311766368553
5765,42,2.9802386021505356,0.66016798882263572,0.5482371306784799,0.036000000000001364,1.7383200000000016,0.34939133811706569
5766,42,2.4702386021505376,3.4292370814748807,3.0390032069583945,3.8402000000000029,3.9834120000000013,8.3514956918369698
5767,42,2.0472386021505358,4.3969126245719217,4.150712411226511,7.8965600000000009,5.1179680000000012,4.3309837104815401
5768,42,1.4202386021505369,4.3984275396786643,3.9822223093420952,2.3635999999999981,3.4359000000000002,8.763417655328622
5769,42,0.99723860215053506,0.84105332876461247,0.86119808606183312,2.9212000000000025,0.72599999999999909,2.2523494955925862
5770,42,0.50023860215053517,1.6277916287425818,1.6983687033802433,0.29920000000000258,0.25908000000000087,2.5188642766375153
5771,42,0.073761397849462895,1.5381958187663827,1.2839776101098437,3.8453999999999979,1.1801279999999963,4.5664113533360116
5772,42,0.49676139784946471,1.948244082015762,1.5697524584251745,0.50756000000000157,0.23085600000000284,0.2296769616315153
5773,42,0.9937613978494646,4.2200706926161722,3.8615452264974266,7.1485999999999983,5.348279999999999,0.9396647039349979
5774,42,1.4867613978494632,1.8625638693795743,1.5005364794923821,2.2870999999999988,2.6971680000000013,1.847058514412506
5775,42,1.9747613978494627,3.7032669729708836,2.9695424519238856,9.8636000000000017,8.0872000000000028,7.3582455470279733
5776,42,2.4687613978494625,3.9293833963526872,3.9113447302158164,5.6474000000000011,4.666400000000003,1.5137468578350237
5777,42,3.2567613978494627,4.0403160866573877,3.7307409725094516,5.8925999999999981,1.4878279999999968,6.5142363405328538
5778,42,2.9557613978494643,2.8705699109832885,2.6695252650986774,1.0797999999999988,3.7448799999999984,4.0182772023313227
5779,42,2.3547613978494653,6.0953365392400123,5.5382447246438602,8.7817999999999969,5.1256800000000027,6.5597268130337767
5780,42,1.9037613978494647,0.10081610465082136,0.66392258171591578,6.8376000000000019,4.1085999999999991,8.1911444296464957
5781,42,1.4487613978494629,3.69168088977408,3.8107836518744236,0.49234000000000577,0.21451599999999971,3.5859950205555648
5782,42,1.0047613978494638,0.54158108486654655,0.79309551946608892,4.4372000000000007,1.6384800000000013,4.0687903901608706
5783,42,0.54476139784946298,1.0337496178185468,0.55909953679264035,0.66837999999999553,5.2298679999999997,3.8911826745504712
5784,42,0.10176139784946514,1.6828987833342168,1.6961132211054952,7.1712000000000025,2.6841200000000036,1.1080063728769218
5785,42,0.35723860215053449,1.667485941055812,1.6778241881749523,7.2834000000000003,3.7721120000000035,4.862367197079891
5786,42,0.80923860215053622,0.72221710741394318,0.13739963135359545,3.7201999999999984,2.2544080000000015,1.2925522887864318
5787,42,1.2602386021505367,0.94987699776682533,0.87061150101663642,4.5544000000000011,1.7672799999999995,0.28816536765728884
5788,42,2.1652386021505343,3.1834148761584018,3.3242490443242545,1.6161999999999992,0.050399999999999778,1.0376793337322461
5789,42,2.6162386021505348,3.7136988581404111,4.0846416547654378,0.72239999999999682,3.9338399999999965,6.5800736489204183
5790,42,2.9802386021505356,4.4658503344434735,3.8295225189680515,3.7830000000000013,0.13795999999999964,1.0421902421336071
5791,42,2.4702386021505376,4.4329841125373797,4.3196214498465473,1.9946000000000019,3.181759999999997,2.7058336345337963
5792,42,2.0472386021505358,2.3147231224029561,2.1107467547099716,4.3571999999999989,2.784399999999998,3.4081290522471619
5793,42,1.4202386021505369,4.6647380739470066,4.3591846798601175,8.2881600000000013,4.6165519999999987,3.8409237088348398
5794,42,0.99723860215053506,6.1134070790577582,5.4456247985502273,8.9765999999999995,7.0934640000000009,5.6717271309089412
5795,42,0.50023860215053517,2.6595301632444759,2.2264948517137739,0.87340000000000018,2.9674000000000014,4.0701608223309158
5796,42,0.073761397849462895,2.5952179539875573,2.0878165935942583,3.7665999999999968,0.6241000000000021,0.44903380301933993
5797,42,0.49676139784946471,0.30081167992224778,0.12239743731610631,4.4489999999999981,2.0523920000000011,4.2523430057184228
5798,42,0.9937613978494646,0.84791851099373616,0.28095307736787234,5.1936800000000005,2.2986879999999985,2.9786559231873149
5799,42,1.4867613978494632,0.6610818419142781,0.61953189166677092,0.21499999999999986,1.7514399999999952,1.4468941319797253
5800,42,1.9747613978494627,0.7289785896527512,0.82123256069636952,8.6124000000000009,3.2224559999999975,3.2321089759947093
5801,42,2.4687613978494625,0.090633973660576572,0.25317524144549353,6.9121400000000008,3.1468759999999989,5.3094609444966778
5802,42,3.2567613978494627,1.929804106497361,2.0862967914782047,6.4137999999999948,1.7172599999999996,2.6166993077609213
5803,42,2.9557613978494643,3.8256746094655227,4.0525990222166648,3.2300000000000004,4.9580799999999989,4.9373639752674272
5804,42,2.3547613978494653,5.5316699492378305,5.3189367064281861,8.7176000000000045,5.5359120000000033,2.9514545955233586
5805,42,1.9037613978494647,0.019439435203352673,0.20920449349065962,0.17592000000000141,1.7569200000000009,2.9901218567687309
5806,42,1.4487613978494629,7.6409999580031567,7.3210805097515532,5.4273999999999987,8.1043999999999983,8.2855288576339525
5807,42,1.0047613978494638,0.90049454398697648,0.8721194990328982,0.11060000000000159,1.9023600000000016,2.6880354589895212
5808,42,0.54476139784946298,0.4932146292751014,0.59958681446186546,7.0411999999999964,3.3424560000000021,3.8345467590057787
5809,42,0.10176139784946514,0.52963550836757634,0.77957257178910666,3.9418000000000042,1.4695439999999955,1.3350497577666935
5810,42,0.35723860215053449,1.0360817948261243,1.2936935523323072,0.28359999999999985,1.1436360000000008,3.5089731610247945
5811,42,0.80923860215053622,1.2464175364887282,1.0013808123609245,4.1172000000000004,0.58019999999999783,1.5649800059944177
5812,42,1.2602386021505367,1.3316056508201157,1.2733353910194296,0.90700000000000003,1.3312319999999964,4.0138217465561574
5813,42,2.1652386021505343,0.074310506510478547,0.04324738126090466,0.29739999999999611,2.6032439999999966,0.61197850200635528
5814,42,2.6162386021505348,1.8012709774612077,2.1875013414367572,3.659399999999998,5.4869199999999978,0.072697415884071859
5815,42,2.9802386021505356,4.9632261117429053,4.4964684136525257,1.0001999999999995,0.96423999999999666,0.61978148208419626
5816,42,2.4702386021505376,5.2630905396509924,4.4078517109722881,1.4082000000000008,1.0604600000000026,1.8180501678014735
5817,42,2.0472386021505358,4.7494281308975097,4.7138047088571788,2.2465999999999973,2.4993760000000016,5.8766428374042583
5818,42,1.4202386021505369,3.8025585594012838,3.3916039294571192,1.1363999999999983,2.4944560000000031,0.0083367981242190581
5819,42,0.99723860215053506,2.643058152582082,1.8983119633082488,3.0720799999999961,2.4667639999999977,1.3972645023124848
5820,42,0.50023860215053517,0.42415516640260265,0.58391407086362435,7.4112000000000009,5.5164800000000014,0.17828323075653074
5821,42,0.073761397849462895,1.9997229961201697,1.8671333166801496,1.0814000000000021,4.2636320000000012,0.3731840649878464
5822,42,0.49676139784946471,1.9723200850585769,1.5793769153441524,2.3861999999999988,0.73876800000000387,3.6149088625205934
5823,42,0.9937613978494646,2.4350562467037058,2.3878128604874895,0.61580000000000013,2.2165840000000046,2.0772576926886224
5824,42,1.4867613978494632,0.58726473308233196,0.2132034392335278,6.7876000000000012,1.1631639999999948,3.6212158172998095
5825,42,1.9747613978494627,0.013525096793628677,0.12195886263594247,2.7634599999999985,2.3219239999999992,2.8987420605590124
5826,42,2.4687613978494625,5.1534156259527286,4.9554214831036631,6.2269999999999968,4.2508799999999987,5.9843636787709187
5827,42,3.2567613978494627,2.909386841487887,2.7356252539241304,2.3923999999999985,1.0733999999999959,3.200297735298637
5828,42,2.9557613978494643,1.9238769409463821,2.6548498996801477,6.6515999999999948,5.0354400000000012,5.9101491448621779
5829,42,2.3547613978494653,1.4610460684895763,1.442865934771806,8.0742000000000012,5.5287600000000019,5.0052133812646531
5830,42,1.9037613978494647,1.6209138627007427,1.6258279069953794,3.120000000000001,3.3171200000000027,6.2789427890064289
5831,42,1.4487613978494629,3.9462574820678142,3.3621250988174012,1.1720000000000006,1.290231999999996,4.7240622640916179
5832,42,1.0047613978494638,1.7029353917908843,1.3942915633077781,1.3422000000000018,0.39858399999999961,0.77623338639359929
5833,42,0.54476139784946298,0.14789554068641309,0.51143100961606436,1.5298000000000016,0.055727999999994893,0.098261390937675941
5834,42,0.10176139784946514,1.2028012833280322,1.0718417225727741,2.1182000000000016,3.3533200000000001,1.1781815420447082
5835,42,0.35723860215053449,0.98375070384715002,0.92507739916969456,1.5787999999999975,7.9207439999999973,4.0959071044568418
5836,42,0.80923860215053622,0.11792449011719341,0.059155835857993111,2.5224000000000011,1.4986800000000002,0.047287458475487654
5837,42,1.2602386021505367,0.1092618957555942,0.081720730246626516,3.3458000000000006,1.1254400000000011,0.83190817505284542
5838,42,2.1652386021505343,4.6918119774090563,4.0558851877838933,1.4849999999999994,1.4910799999999966,0.88966528176291249
5839,42,2.6162386021505348,2.6680476544626472,2.7153942775834956,8.9497999999999998,7.2630960000000009,9.4902430319648374
5840,42,2.9802386021505356,3.6330208155338681,3.6203640909959951,0.86519999999999797,1.0252400000000002,1.9367192622360605
5841,42,2.4702386021505376,5.0373634640917793,4.7081511501340323,12.603960000000004,3.0089119999999987,2.0650255104070645
5842,42,2.0472386021505358,4.2743949904570115,3.8733783966779569,8.6649600000000007,4.6643120000000025,0.76034797142736466
5843,42,1.4202386021505369,2.8580482834881309,2.8749050460074201,8.0920000000000023,8.176400000000001,0.11092337461812818
5844,42,0.99723860215053506,1.3396917393071774,1.1725810895188467,0.38399999999999679,1.0963600000000007,1.3489215209369192
5845,42,0.50023860215053517,1.4800410124253354,1.3067083099325245,5.861460000000001,7.2724479999999971,1.2968389253049004
5846,42,0.073761397849462895,1.3685845133105374,1.0876198130023553,0.067199999999999704,3.2865999999999929,4.1257866299991122
5847,42,0.49676139784946471,0.40594114105664048,0.8665788897493627,0.1313999999999993,2.6623599999999996,0.054157568107882526
5848,42,0.9937613978494646,0.57985047648480048,0.30702231293028603,5.433600000000002,2.6588279999999997,6.302902530840381
5849,42,1.4867613978494632,1.6041441185067065,1.7185299373343881,3.1845999999999997,2.1469599999999964,1.443665435888235
5850,42,1.9747613978494627,0.088478467456354792,0.25094596760018106,0.60080000000000311,2.2838000000000029,5.4802552200914825
5851,42,2.4687613978494625,0.95529689369287851,0.97963788768728932,3.0608399999999953,5.2476479999999981,3.0231686088415657
5852,42,3.2567613978494627,4.1795699940228204,3.8416950885045011,1.6617999999999995,1.8737999999999992,6.6703504233274025
5853,42,2.9557613978494643,9.1457365182234724,8.4670118223960031,5.9156000000000013,7.2358800000000052,8.5477297918126922
5854,42,2.3547613978494653,2.0523055695699206,2.10127851264226,5.6269999999999989,2.6705439999999996,3.502805991217663
5855,42,1.9037613978494647,0.52133417318225383,0.83672687216371244,9.0030000000000001,1.9149959999999986,5.6500372099448377
5856,42,1.4487613978494629,2.0959431580602796,2.1123841933629315,2.7685999999999993,3.7103199999999958,5.5085649109650667
5857,42,1.0047613978494638,1.1333440140807376,1.1183852593138361,3.1018800000000013,0.21414399999999745,6.3206123990686081
5858,42,0.54476139784946298,0.83633415458159277,0.68249025219297721,4.3818599999999996,5.8902479999999997,5.0596451537811262
5859,42,0.10176139784946514,0.019696024229673981,0.50290655524741013,3.2745999999999995,0.26968000000000458,3.5629723186754596
5860,42,0.35723860215053449,0.88602702721181714,0.89616872965689609,7.8198600000000003,6.8672439999999995,3.4882563061439207
5861,42,0.80923860215053622,2.5235007731402099,2.1231743236495717,1.2831999999999972,4.2347199999999994,3.6959541635400974
5862,42,1.2602386021505367,2.4890591772974808,2.6205541826535779,4.9921600000000019,3.3064319999999974,2.1674559385753014
5863,42,2.1652386021505343,3.3541361232598987,3.1023167799536111,9.0792000000000002,6.6887720000000002,3.6898384662256056
5864,42,2.6162386021505348,2.1250894519364891,2.3461998665573347,12.864079999999998,6.6064959999999999,8.1610469994340811
5865,42,2.9792386021505344,0.58404137706068937,0.47498130727868215,1.3872,1.9871599999999994,6.9190518031804373
5866,42,2.4702386021505376,4.5987398497077443,4.0767163153109109,18.739540000000002,8.0919760000000025,8.382403302263377
5867,42,2.0472386021505358,3.6654057844048076,3.2725355028214551,1.8619999999999983,0.33724799999999888,1.1636828038400893
5868,42,1.4192386021505357,0.018156039000210455,0.40937200612857083,2.9811999999999976,3.1168360000000028,3.2560172764007724
5869,42,0.99723860215053506,4.3041810043805206,3.8258546787141334,7.6964000000000006,5.8324800000000003,5.1288584992323152
5870,42,0.50023860215053517,0.65180026470440566,1.1376740812750477,4.8442599999999985,7.2139640000000007,0.86019382553738666
5871,42,0.073761397849462895,1.4216597822508596,1.025864182854999,2.6339999999999968,2.1159200000000027,4.3362972700187825
5872,42,0.49676139784946471,2.2605934789835871,2.3610188897043756,5.4461999999999975,4.4222999999999999,4.9162573106108312
5873,42,0.9937613978494646,0.29413796811951087,0.32817451717680157,4.6275999999999975,0.014247999999998484,1.290350806119708
5874,42,1.4867613978494632,1.1925712678295675,1.0440437539822724,2.3970000000000056,3.0313999999999979,6.4138695580072067
5875,42,1.9747613978494627,1.4374052939091229,1.6347456644125025,6.272940000000002,4.5498960000000004,2.3646564755080703
5876,42,2.4687613978494625,1.6214591528216111,1.9605266066027838,4.6926000000000005,2.5053480000000015,3.1897576435823396
