case,method,scenario,removed_sources,target,reference_supported,predicted_supported
shared_source_and_alternative_route,and_or_forward,0,,claim,True,True
shared_source_and_alternative_route,and_or_forward,0,,reconciliation,True,True
shared_source_and_alternative_route,and_or_forward,0,,summary_check,True,True
shared_source_and_alternative_route,and_or_forward,1,client_ledger,claim,True,True
shared_source_and_alternative_route,and_or_forward,1,client_ledger,reconciliation,False,False
shared_source_and_alternative_route,and_or_forward,1,client_ledger,summary_check,False,False
shared_source_and_alternative_route,and_or_forward,2,external_confirmation,claim,True,True
shared_source_and_alternative_route,and_or_forward,2,external_confirmation,reconciliation,True,True
shared_source_and_alternative_route,and_or_forward,2,external_confirmation,summary_check,True,True
shared_source_and_alternative_route,and_or_forward,3,receipt_record,claim,True,True
shared_source_and_alternative_route,and_or_forward,3,receipt_record,reconciliation,True,True
shared_source_and_alternative_route,and_or_forward,3,receipt_record,summary_check,True,True
shared_source_and_alternative_route,and_or_forward,4,client_ledger|external_confirmation,claim,False,False
shared_source_and_alternative_route,and_or_forward,4,client_ledger|external_confirmation,reconciliation,False,False
shared_source_and_alternative_route,and_or_forward,4,client_ledger|external_confirmation,summary_check,False,False
shared_source_and_alternative_route,and_or_forward,5,client_ledger|receipt_record,claim,False,False
shared_source_and_alternative_route,and_or_forward,5,client_ledger|receipt_record,reconciliation,False,False
shared_source_and_alternative_route,and_or_forward,5,client_ledger|receipt_record,summary_check,False,False
shared_source_and_alternative_route,and_or_forward,6,external_confirmation|receipt_record,claim,True,True
shared_source_and_alternative_route,and_or_forward,6,external_confirmation|receipt_record,reconciliation,True,True
shared_source_and_alternative_route,and_or_forward,6,external_confirmation|receipt_record,summary_check,True,True
shared_source_and_alternative_route,and_or_forward,7,client_ledger|external_confirmation|receipt_record,claim,False,False
shared_source_and_alternative_route,and_or_forward,7,client_ledger|external_confirmation|receipt_record,reconciliation,False,False
shared_source_and_alternative_route,and_or_forward,7,client_ledger|external_confirmation|receipt_record,summary_check,False,False
shared_source_and_alternative_route,r207_scalar,0,,claim,True,True
shared_source_and_alternative_route,r207_scalar,0,,reconciliation,True,True
shared_source_and_alternative_route,r207_scalar,0,,summary_check,True,True
shared_source_and_alternative_route,r207_scalar,1,client_ledger,claim,True,True
shared_source_and_alternative_route,r207_scalar,1,client_ledger,reconciliation,False,False
shared_source_and_alternative_route,r207_scalar,1,client_ledger,summary_check,False,False
shared_source_and_alternative_route,r207_scalar,2,external_confirmation,claim,True,True
shared_source_and_alternative_route,r207_scalar,2,external_confirmation,reconciliation,True,True
shared_source_and_alternative_route,r207_scalar,2,external_confirmation,summary_check,True,True
shared_source_and_alternative_route,r207_scalar,3,receipt_record,claim,True,True
shared_source_and_alternative_route,r207_scalar,3,receipt_record,reconciliation,True,True
shared_source_and_alternative_route,r207_scalar,3,receipt_record,summary_check,True,True
shared_source_and_alternative_route,r207_scalar,4,client_ledger|external_confirmation,claim,False,False
shared_source_and_alternative_route,r207_scalar,4,client_ledger|external_confirmation,reconciliation,False,False
shared_source_and_alternative_route,r207_scalar,4,client_ledger|external_confirmation,summary_check,False,False
shared_source_and_alternative_route,r207_scalar,5,client_ledger|receipt_record,claim,False,False
shared_source_and_alternative_route,r207_scalar,5,client_ledger|receipt_record,reconciliation,False,False
shared_source_and_alternative_route,r207_scalar,5,client_ledger|receipt_record,summary_check,False,False
shared_source_and_alternative_route,r207_scalar,6,external_confirmation|receipt_record,claim,True,True
shared_source_and_alternative_route,r207_scalar,6,external_confirmation|receipt_record,reconciliation,True,True
shared_source_and_alternative_route,r207_scalar,6,external_confirmation|receipt_record,summary_check,True,True
shared_source_and_alternative_route,r207_scalar,7,client_ledger|external_confirmation|receipt_record,claim,False,False
shared_source_and_alternative_route,r207_scalar,7,client_ledger|external_confirmation|receipt_record,reconciliation,False,False
shared_source_and_alternative_route,r207_scalar,7,client_ledger|external_confirmation|receipt_record,summary_check,False,False
shared_source_and_alternative_route,r207_bitset,0,,claim,True,True
shared_source_and_alternative_route,r207_bitset,0,,reconciliation,True,True
shared_source_and_alternative_route,r207_bitset,0,,summary_check,True,True
shared_source_and_alternative_route,r207_bitset,1,client_ledger,claim,True,True
shared_source_and_alternative_route,r207_bitset,1,client_ledger,reconciliation,False,False
shared_source_and_alternative_route,r207_bitset,1,client_ledger,summary_check,False,False
shared_source_and_alternative_route,r207_bitset,2,external_confirmation,claim,True,True
shared_source_and_alternative_route,r207_bitset,2,external_confirmation,reconciliation,True,True
shared_source_and_alternative_route,r207_bitset,2,external_confirmation,summary_check,True,True
shared_source_and_alternative_route,r207_bitset,3,receipt_record,claim,True,True
shared_source_and_alternative_route,r207_bitset,3,receipt_record,reconciliation,True,True
shared_source_and_alternative_route,r207_bitset,3,receipt_record,summary_check,True,True
shared_source_and_alternative_route,r207_bitset,4,client_ledger|external_confirmation,claim,False,False
shared_source_and_alternative_route,r207_bitset,4,client_ledger|external_confirmation,reconciliation,False,False
shared_source_and_alternative_route,r207_bitset,4,client_ledger|external_confirmation,summary_check,False,False
shared_source_and_alternative_route,r207_bitset,5,client_ledger|receipt_record,claim,False,False
shared_source_and_alternative_route,r207_bitset,5,client_ledger|receipt_record,reconciliation,False,False
shared_source_and_alternative_route,r207_bitset,5,client_ledger|receipt_record,summary_check,False,False
shared_source_and_alternative_route,r207_bitset,6,external_confirmation|receipt_record,claim,True,True
shared_source_and_alternative_route,r207_bitset,6,external_confirmation|receipt_record,reconciliation,True,True
shared_source_and_alternative_route,r207_bitset,6,external_confirmation|receipt_record,summary_check,True,True
shared_source_and_alternative_route,r207_bitset,7,client_ledger|external_confirmation|receipt_record,claim,False,False
shared_source_and_alternative_route,r207_bitset,7,client_ledger|external_confirmation|receipt_record,reconciliation,False,False
shared_source_and_alternative_route,r207_bitset,7,client_ledger|external_confirmation|receipt_record,summary_check,False,False
empty_body_axiom,and_or_forward,0,,truth,True,True
empty_body_axiom,and_or_forward,1,A,truth,True,True
empty_body_axiom,r207_scalar,0,,truth,True,True
empty_body_axiom,r207_scalar,1,A,truth,True,True
empty_body_axiom,r207_bitset,0,,truth,True,True
empty_body_axiom,r207_bitset,1,A,truth,True,True
shared_mandatory,and_or_forward,0,,target,True,True
shared_mandatory,and_or_forward,1,A,target,False,False
shared_mandatory,and_or_forward,2,B,target,True,True
shared_mandatory,and_or_forward,3,C,target,True,True
shared_mandatory,and_or_forward,4,A|B,target,False,False
shared_mandatory,and_or_forward,5,A|C,target,False,False
shared_mandatory,and_or_forward,6,B|C,target,False,False
shared_mandatory,and_or_forward,7,A|B|C,target,False,False
shared_mandatory,r207_scalar,0,,target,True,True
shared_mandatory,r207_scalar,1,A,target,False,False
shared_mandatory,r207_scalar,2,B,target,True,True
shared_mandatory,r207_scalar,3,C,target,True,True
shared_mandatory,r207_scalar,4,A|B,target,False,False
shared_mandatory,r207_scalar,5,A|C,target,False,False
shared_mandatory,r207_scalar,6,B|C,target,False,False
shared_mandatory,r207_scalar,7,A|B|C,target,False,False
shared_mandatory,r207_bitset,0,,target,True,True
shared_mandatory,r207_bitset,1,A,target,False,False
shared_mandatory,r207_bitset,2,B,target,True,True
shared_mandatory,r207_bitset,3,C,target,True,True
shared_mandatory,r207_bitset,4,A|B,target,False,False
shared_mandatory,r207_bitset,5,A|C,target,False,False
shared_mandatory,r207_bitset,6,B|C,target,False,False
shared_mandatory,r207_bitset,7,A|B|C,target,False,False
choice_blocks_4,and_or_forward,0,,target,True,True
choice_blocks_4,and_or_forward,1,a0,target,True,True
choice_blocks_4,and_or_forward,2,a1,target,True,True
choice_blocks_4,and_or_forward,3,a2,target,True,True
choice_blocks_4,and_or_forward,4,a3,target,True,True
choice_blocks_4,and_or_forward,5,b0,target,True,True
choice_blocks_4,and_or_forward,6,b1,target,True,True
choice_blocks_4,and_or_forward,7,b2,target,True,True
choice_blocks_4,and_or_forward,8,b3,target,True,True
choice_blocks_4,and_or_forward,9,a0|a1,target,True,True
choice_blocks_4,and_or_forward,10,a0|a2,target,True,True
choice_blocks_4,and_or_forward,11,a0|a3,target,True,True
choice_blocks_4,and_or_forward,12,a0|b0,target,False,False
choice_blocks_4,and_or_forward,13,a0|b1,target,True,True
choice_blocks_4,and_or_forward,14,a0|b2,target,True,True
choice_blocks_4,and_or_forward,15,a0|b3,target,True,True
choice_blocks_4,and_or_forward,16,a1|a2,target,True,True
choice_blocks_4,and_or_forward,17,a1|a3,target,True,True
choice_blocks_4,and_or_forward,18,a1|b0,target,True,True
choice_blocks_4,and_or_forward,19,a1|b1,target,False,False
choice_blocks_4,and_or_forward,20,a1|b2,target,True,True
choice_blocks_4,and_or_forward,21,a1|b3,target,True,True
choice_blocks_4,and_or_forward,22,a2|a3,target,True,True
choice_blocks_4,and_or_forward,23,a2|b0,target,True,True
choice_blocks_4,and_or_forward,24,a2|b1,target,True,True
choice_blocks_4,and_or_forward,25,a2|b2,target,False,False
choice_blocks_4,and_or_forward,26,a2|b3,target,True,True
choice_blocks_4,and_or_forward,27,a3|b0,target,True,True
choice_blocks_4,and_or_forward,28,a3|b1,target,True,True
choice_blocks_4,and_or_forward,29,a3|b2,target,True,True
choice_blocks_4,and_or_forward,30,a3|b3,target,False,False
choice_blocks_4,and_or_forward,31,b0|b1,target,True,True
choice_blocks_4,and_or_forward,32,b0|b2,target,True,True
choice_blocks_4,and_or_forward,33,b0|b3,target,True,True
choice_blocks_4,and_or_forward,34,b1|b2,target,True,True
choice_blocks_4,and_or_forward,35,b1|b3,target,True,True
choice_blocks_4,and_or_forward,36,b2|b3,target,True,True
choice_blocks_4,and_or_forward,37,a0|a1|a2|a3|b0|b1|b2|b3,target,False,False
choice_blocks_4,r207_scalar,0,,target,True,True
choice_blocks_4,r207_scalar,1,a0,target,True,True
choice_blocks_4,r207_scalar,2,a1,target,True,True
choice_blocks_4,r207_scalar,3,a2,target,True,True
choice_blocks_4,r207_scalar,4,a3,target,True,True
choice_blocks_4,r207_scalar,5,b0,target,True,True
choice_blocks_4,r207_scalar,6,b1,target,True,True
choice_blocks_4,r207_scalar,7,b2,target,True,True
choice_blocks_4,r207_scalar,8,b3,target,True,True
choice_blocks_4,r207_scalar,9,a0|a1,target,True,True
choice_blocks_4,r207_scalar,10,a0|a2,target,True,True
choice_blocks_4,r207_scalar,11,a0|a3,target,True,True
choice_blocks_4,r207_scalar,12,a0|b0,target,False,False
choice_blocks_4,r207_scalar,13,a0|b1,target,True,True
choice_blocks_4,r207_scalar,14,a0|b2,target,True,True
choice_blocks_4,r207_scalar,15,a0|b3,target,True,True
choice_blocks_4,r207_scalar,16,a1|a2,target,True,True
choice_blocks_4,r207_scalar,17,a1|a3,target,True,True
choice_blocks_4,r207_scalar,18,a1|b0,target,True,True
choice_blocks_4,r207_scalar,19,a1|b1,target,False,False
choice_blocks_4,r207_scalar,20,a1|b2,target,True,True
choice_blocks_4,r207_scalar,21,a1|b3,target,True,True
choice_blocks_4,r207_scalar,22,a2|a3,target,True,True
choice_blocks_4,r207_scalar,23,a2|b0,target,True,True
choice_blocks_4,r207_scalar,24,a2|b1,target,True,True
choice_blocks_4,r207_scalar,25,a2|b2,target,False,False
choice_blocks_4,r207_scalar,26,a2|b3,target,True,True
choice_blocks_4,r207_scalar,27,a3|b0,target,True,True
choice_blocks_4,r207_scalar,28,a3|b1,target,True,True
choice_blocks_4,r207_scalar,29,a3|b2,target,True,True
choice_blocks_4,r207_scalar,30,a3|b3,target,False,False
choice_blocks_4,r207_scalar,31,b0|b1,target,True,True
choice_blocks_4,r207_scalar,32,b0|b2,target,True,True
choice_blocks_4,r207_scalar,33,b0|b3,target,True,True
choice_blocks_4,r207_scalar,34,b1|b2,target,True,True
choice_blocks_4,r207_scalar,35,b1|b3,target,True,True
choice_blocks_4,r207_scalar,36,b2|b3,target,True,True
choice_blocks_4,r207_scalar,37,a0|a1|a2|a3|b0|b1|b2|b3,target,False,False
choice_blocks_4,r207_bitset,0,,target,True,True
choice_blocks_4,r207_bitset,1,a0,target,True,True
choice_blocks_4,r207_bitset,2,a1,target,True,True
choice_blocks_4,r207_bitset,3,a2,target,True,True
choice_blocks_4,r207_bitset,4,a3,target,True,True
choice_blocks_4,r207_bitset,5,b0,target,True,True
choice_blocks_4,r207_bitset,6,b1,target,True,True
choice_blocks_4,r207_bitset,7,b2,target,True,True
choice_blocks_4,r207_bitset,8,b3,target,True,True
choice_blocks_4,r207_bitset,9,a0|a1,target,True,True
choice_blocks_4,r207_bitset,10,a0|a2,target,True,True
choice_blocks_4,r207_bitset,11,a0|a3,target,True,True
choice_blocks_4,r207_bitset,12,a0|b0,target,False,False
choice_blocks_4,r207_bitset,13,a0|b1,target,True,True
choice_blocks_4,r207_bitset,14,a0|b2,target,True,True
choice_blocks_4,r207_bitset,15,a0|b3,target,True,True
choice_blocks_4,r207_bitset,16,a1|a2,target,True,True
choice_blocks_4,r207_bitset,17,a1|a3,target,True,True
choice_blocks_4,r207_bitset,18,a1|b0,target,True,True
choice_blocks_4,r207_bitset,19,a1|b1,target,False,False
choice_blocks_4,r207_bitset,20,a1|b2,target,True,True
choice_blocks_4,r207_bitset,21,a1|b3,target,True,True
choice_blocks_4,r207_bitset,22,a2|a3,target,True,True
choice_blocks_4,r207_bitset,23,a2|b0,target,True,True
choice_blocks_4,r207_bitset,24,a2|b1,target,True,True
choice_blocks_4,r207_bitset,25,a2|b2,target,False,False
choice_blocks_4,r207_bitset,26,a2|b3,target,True,True
choice_blocks_4,r207_bitset,27,a3|b0,target,True,True
choice_blocks_4,r207_bitset,28,a3|b1,target,True,True
choice_blocks_4,r207_bitset,29,a3|b2,target,True,True
choice_blocks_4,r207_bitset,30,a3|b3,target,False,False
choice_blocks_4,r207_bitset,31,b0|b1,target,True,True
choice_blocks_4,r207_bitset,32,b0|b2,target,True,True
choice_blocks_4,r207_bitset,33,b0|b3,target,True,True
choice_blocks_4,r207_bitset,34,b1|b2,target,True,True
choice_blocks_4,r207_bitset,35,b1|b3,target,True,True
choice_blocks_4,r207_bitset,36,b2|b3,target,True,True
choice_blocks_4,r207_bitset,37,a0|a1|a2|a3|b0|b1|b2|b3,target,False,False
choice_blocks_12,and_or_forward,0,,target,True,True
choice_blocks_12,and_or_forward,1,a0,target,True,True
choice_blocks_12,and_or_forward,2,a1,target,True,True
choice_blocks_12,and_or_forward,3,a10,target,True,True
choice_blocks_12,and_or_forward,4,a11,target,True,True
choice_blocks_12,and_or_forward,5,a2,target,True,True
choice_blocks_12,and_or_forward,6,a3,target,True,True
choice_blocks_12,and_or_forward,7,a4,target,True,True
choice_blocks_12,and_or_forward,8,a5,target,True,True
choice_blocks_12,and_or_forward,9,a6,target,True,True
choice_blocks_12,and_or_forward,10,a7,target,True,True
choice_blocks_12,and_or_forward,11,a8,target,True,True
choice_blocks_12,and_or_forward,12,a9,target,True,True
choice_blocks_12,and_or_forward,13,b0,target,True,True
choice_blocks_12,and_or_forward,14,b1,target,True,True
choice_blocks_12,and_or_forward,15,b10,target,True,True
choice_blocks_12,and_or_forward,16,b11,target,True,True
choice_blocks_12,and_or_forward,17,b2,target,True,True
choice_blocks_12,and_or_forward,18,b3,target,True,True
choice_blocks_12,and_or_forward,19,b4,target,True,True
choice_blocks_12,and_or_forward,20,b5,target,True,True
choice_blocks_12,and_or_forward,21,b6,target,True,True
choice_blocks_12,and_or_forward,22,b7,target,True,True
choice_blocks_12,and_or_forward,23,b8,target,True,True
choice_blocks_12,and_or_forward,24,b9,target,True,True
choice_blocks_12,and_or_forward,25,a0|a1,target,True,True
choice_blocks_12,and_or_forward,26,a0|a10,target,True,True
choice_blocks_12,and_or_forward,27,a0|a11,target,True,True
choice_blocks_12,and_or_forward,28,a0|a2,target,True,True
choice_blocks_12,and_or_forward,29,a0|a3,target,True,True
choice_blocks_12,and_or_forward,30,a0|a4,target,True,True
choice_blocks_12,and_or_forward,31,a0|a5,target,True,True
choice_blocks_12,and_or_forward,32,a0|a6,target,True,True
choice_blocks_12,and_or_forward,33,a0|a7,target,True,True
choice_blocks_12,and_or_forward,34,a0|a8,target,True,True
choice_blocks_12,and_or_forward,35,a0|a9,target,True,True
choice_blocks_12,and_or_forward,36,a0|b0,target,False,False
choice_blocks_12,and_or_forward,37,a0|b1,target,True,True
choice_blocks_12,and_or_forward,38,a0|b10,target,True,True
choice_blocks_12,and_or_forward,39,a0|b11,target,True,True
choice_blocks_12,and_or_forward,40,a0|b2,target,True,True
choice_blocks_12,and_or_forward,41,a0|b3,target,True,True
choice_blocks_12,and_or_forward,42,a0|b4,target,True,True
choice_blocks_12,and_or_forward,43,a0|b5,target,True,True
choice_blocks_12,and_or_forward,44,a0|b6,target,True,True
choice_blocks_12,and_or_forward,45,a0|b7,target,True,True
choice_blocks_12,and_or_forward,46,a0|b8,target,True,True
choice_blocks_12,and_or_forward,47,a0|b9,target,True,True
choice_blocks_12,and_or_forward,48,a1|a10,target,True,True
choice_blocks_12,and_or_forward,49,a1|a11,target,True,True
choice_blocks_12,and_or_forward,50,a1|a2,target,True,True
choice_blocks_12,and_or_forward,51,a1|a3,target,True,True
choice_blocks_12,and_or_forward,52,a1|a4,target,True,True
choice_blocks_12,and_or_forward,53,a1|a5,target,True,True
choice_blocks_12,and_or_forward,54,a1|a6,target,True,True
choice_blocks_12,and_or_forward,55,a1|a7,target,True,True
choice_blocks_12,and_or_forward,56,a1|a8,target,True,True
choice_blocks_12,and_or_forward,57,a1|a9,target,True,True
choice_blocks_12,and_or_forward,58,a1|b0,target,True,True
choice_blocks_12,and_or_forward,59,a1|b1,target,False,False
choice_blocks_12,and_or_forward,60,a1|b10,target,True,True
choice_blocks_12,and_or_forward,61,a1|b11,target,True,True
choice_blocks_12,and_or_forward,62,a1|b2,target,True,True
choice_blocks_12,and_or_forward,63,a1|b3,target,True,True
choice_blocks_12,and_or_forward,64,a1|b4,target,True,True
choice_blocks_12,and_or_forward,65,a1|b5,target,True,True
choice_blocks_12,and_or_forward,66,a1|b6,target,True,True
choice_blocks_12,and_or_forward,67,a1|b7,target,True,True
choice_blocks_12,and_or_forward,68,a1|b8,target,True,True
choice_blocks_12,and_or_forward,69,a1|b9,target,True,True
choice_blocks_12,and_or_forward,70,a10|a11,target,True,True
choice_blocks_12,and_or_forward,71,a10|a2,target,True,True
choice_blocks_12,and_or_forward,72,a10|a3,target,True,True
choice_blocks_12,and_or_forward,73,a10|a4,target,True,True
choice_blocks_12,and_or_forward,74,a10|a5,target,True,True
choice_blocks_12,and_or_forward,75,a10|a6,target,True,True
choice_blocks_12,and_or_forward,76,a10|a7,target,True,True
choice_blocks_12,and_or_forward,77,a10|a8,target,True,True
choice_blocks_12,and_or_forward,78,a10|a9,target,True,True
choice_blocks_12,and_or_forward,79,a10|b0,target,True,True
choice_blocks_12,and_or_forward,80,a10|b1,target,True,True
choice_blocks_12,and_or_forward,81,a10|b10,target,False,False
choice_blocks_12,and_or_forward,82,a10|b11,target,True,True
choice_blocks_12,and_or_forward,83,a10|b2,target,True,True
choice_blocks_12,and_or_forward,84,a10|b3,target,True,True
choice_blocks_12,and_or_forward,85,a10|b4,target,True,True
choice_blocks_12,and_or_forward,86,a10|b5,target,True,True
choice_blocks_12,and_or_forward,87,a10|b6,target,True,True
choice_blocks_12,and_or_forward,88,a10|b7,target,True,True
choice_blocks_12,and_or_forward,89,a10|b8,target,True,True
choice_blocks_12,and_or_forward,90,a10|b9,target,True,True
choice_blocks_12,and_or_forward,91,a11|a2,target,True,True
choice_blocks_12,and_or_forward,92,a11|a3,target,True,True
choice_blocks_12,and_or_forward,93,a11|a4,target,True,True
choice_blocks_12,and_or_forward,94,a11|a5,target,True,True
choice_blocks_12,and_or_forward,95,a11|a6,target,True,True
choice_blocks_12,and_or_forward,96,a11|a7,target,True,True
choice_blocks_12,and_or_forward,97,a11|a8,target,True,True
choice_blocks_12,and_or_forward,98,a11|a9,target,True,True
choice_blocks_12,and_or_forward,99,a11|b0,target,True,True
choice_blocks_12,and_or_forward,100,a11|b1,target,True,True
choice_blocks_12,and_or_forward,101,a11|b10,target,True,True
choice_blocks_12,and_or_forward,102,a11|b11,target,False,False
choice_blocks_12,and_or_forward,103,a11|b2,target,True,True
choice_blocks_12,and_or_forward,104,a11|b3,target,True,True
choice_blocks_12,and_or_forward,105,a11|b4,target,True,True
choice_blocks_12,and_or_forward,106,a11|b5,target,True,True
choice_blocks_12,and_or_forward,107,a11|b6,target,True,True
choice_blocks_12,and_or_forward,108,a11|b7,target,True,True
choice_blocks_12,and_or_forward,109,a11|b8,target,True,True
choice_blocks_12,and_or_forward,110,a11|b9,target,True,True
choice_blocks_12,and_or_forward,111,a2|a3,target,True,True
choice_blocks_12,and_or_forward,112,a2|a4,target,True,True
choice_blocks_12,and_or_forward,113,a2|a5,target,True,True
choice_blocks_12,and_or_forward,114,a2|a6,target,True,True
choice_blocks_12,and_or_forward,115,a2|a7,target,True,True
choice_blocks_12,and_or_forward,116,a2|a8,target,True,True
choice_blocks_12,and_or_forward,117,a2|a9,target,True,True
choice_blocks_12,and_or_forward,118,a2|b0,target,True,True
choice_blocks_12,and_or_forward,119,a2|b1,target,True,True
choice_blocks_12,and_or_forward,120,a2|b10,target,True,True
choice_blocks_12,and_or_forward,121,a2|b11,target,True,True
choice_blocks_12,and_or_forward,122,a2|b2,target,False,False
choice_blocks_12,and_or_forward,123,a2|b3,target,True,True
choice_blocks_12,and_or_forward,124,a2|b4,target,True,True
choice_blocks_12,and_or_forward,125,a2|b5,target,True,True
choice_blocks_12,and_or_forward,126,a2|b6,target,True,True
choice_blocks_12,and_or_forward,127,a2|b7,target,True,True
choice_blocks_12,and_or_forward,128,a2|b8,target,True,True
choice_blocks_12,and_or_forward,129,a2|b9,target,True,True
choice_blocks_12,and_or_forward,130,a3|a4,target,True,True
choice_blocks_12,and_or_forward,131,a3|a5,target,True,True
choice_blocks_12,and_or_forward,132,a3|a6,target,True,True
choice_blocks_12,and_or_forward,133,a3|a7,target,True,True
choice_blocks_12,and_or_forward,134,a3|a8,target,True,True
choice_blocks_12,and_or_forward,135,a3|a9,target,True,True
choice_blocks_12,and_or_forward,136,a3|b0,target,True,True
choice_blocks_12,and_or_forward,137,a3|b1,target,True,True
choice_blocks_12,and_or_forward,138,a3|b10,target,True,True
choice_blocks_12,and_or_forward,139,a3|b11,target,True,True
choice_blocks_12,and_or_forward,140,a3|b2,target,True,True
choice_blocks_12,and_or_forward,141,a3|b3,target,False,False
choice_blocks_12,and_or_forward,142,a3|b4,target,True,True
choice_blocks_12,and_or_forward,143,a3|b5,target,True,True
choice_blocks_12,and_or_forward,144,a3|b6,target,True,True
choice_blocks_12,and_or_forward,145,a3|b7,target,True,True
choice_blocks_12,and_or_forward,146,a3|b8,target,True,True
choice_blocks_12,and_or_forward,147,a3|b9,target,True,True
choice_blocks_12,and_or_forward,148,a4|a5,target,True,True
choice_blocks_12,and_or_forward,149,a4|a6,target,True,True
choice_blocks_12,and_or_forward,150,a4|a7,target,True,True
choice_blocks_12,and_or_forward,151,a4|a8,target,True,True
choice_blocks_12,and_or_forward,152,a4|a9,target,True,True
choice_blocks_12,and_or_forward,153,a4|b0,target,True,True
choice_blocks_12,and_or_forward,154,a4|b1,target,True,True
choice_blocks_12,and_or_forward,155,a4|b10,target,True,True
choice_blocks_12,and_or_forward,156,a4|b11,target,True,True
choice_blocks_12,and_or_forward,157,a4|b2,target,True,True
choice_blocks_12,and_or_forward,158,a4|b3,target,True,True
choice_blocks_12,and_or_forward,159,a4|b4,target,False,False
choice_blocks_12,and_or_forward,160,a4|b5,target,True,True
choice_blocks_12,and_or_forward,161,a4|b6,target,True,True
choice_blocks_12,and_or_forward,162,a4|b7,target,True,True
choice_blocks_12,and_or_forward,163,a4|b8,target,True,True
choice_blocks_12,and_or_forward,164,a4|b9,target,True,True
choice_blocks_12,and_or_forward,165,a5|a6,target,True,True
choice_blocks_12,and_or_forward,166,a5|a7,target,True,True
choice_blocks_12,and_or_forward,167,a5|a8,target,True,True
choice_blocks_12,and_or_forward,168,a5|a9,target,True,True
choice_blocks_12,and_or_forward,169,a5|b0,target,True,True
choice_blocks_12,and_or_forward,170,a5|b1,target,True,True
choice_blocks_12,and_or_forward,171,a5|b10,target,True,True
choice_blocks_12,and_or_forward,172,a5|b11,target,True,True
choice_blocks_12,and_or_forward,173,a5|b2,target,True,True
choice_blocks_12,and_or_forward,174,a5|b3,target,True,True
choice_blocks_12,and_or_forward,175,a5|b4,target,True,True
choice_blocks_12,and_or_forward,176,a5|b5,target,False,False
choice_blocks_12,and_or_forward,177,a5|b6,target,True,True
choice_blocks_12,and_or_forward,178,a5|b7,target,True,True
choice_blocks_12,and_or_forward,179,a5|b8,target,True,True
choice_blocks_12,and_or_forward,180,a5|b9,target,True,True
choice_blocks_12,and_or_forward,181,a6|a7,target,True,True
choice_blocks_12,and_or_forward,182,a6|a8,target,True,True
choice_blocks_12,and_or_forward,183,a6|a9,target,True,True
choice_blocks_12,and_or_forward,184,a6|b0,target,True,True
choice_blocks_12,and_or_forward,185,a6|b1,target,True,True
choice_blocks_12,and_or_forward,186,a6|b10,target,True,True
choice_blocks_12,and_or_forward,187,a6|b11,target,True,True
choice_blocks_12,and_or_forward,188,a6|b2,target,True,True
choice_blocks_12,and_or_forward,189,a6|b3,target,True,True
choice_blocks_12,and_or_forward,190,a6|b4,target,True,True
choice_blocks_12,and_or_forward,191,a6|b5,target,True,True
choice_blocks_12,and_or_forward,192,a6|b6,target,False,False
choice_blocks_12,and_or_forward,193,a6|b7,target,True,True
choice_blocks_12,and_or_forward,194,a6|b8,target,True,True
choice_blocks_12,and_or_forward,195,a6|b9,target,True,True
choice_blocks_12,and_or_forward,196,a7|a8,target,True,True
choice_blocks_12,and_or_forward,197,a7|a9,target,True,True
choice_blocks_12,and_or_forward,198,a7|b0,target,True,True
choice_blocks_12,and_or_forward,199,a7|b1,target,True,True
choice_blocks_12,and_or_forward,200,a7|b10,target,True,True
choice_blocks_12,and_or_forward,201,a7|b11,target,True,True
choice_blocks_12,and_or_forward,202,a7|b2,target,True,True
choice_blocks_12,and_or_forward,203,a7|b3,target,True,True
choice_blocks_12,and_or_forward,204,a7|b4,target,True,True
choice_blocks_12,and_or_forward,205,a7|b5,target,True,True
choice_blocks_12,and_or_forward,206,a7|b6,target,True,True
choice_blocks_12,and_or_forward,207,a7|b7,target,False,False
choice_blocks_12,and_or_forward,208,a7|b8,target,True,True
choice_blocks_12,and_or_forward,209,a7|b9,target,True,True
choice_blocks_12,and_or_forward,210,a8|a9,target,True,True
choice_blocks_12,and_or_forward,211,a8|b0,target,True,True
choice_blocks_12,and_or_forward,212,a8|b1,target,True,True
choice_blocks_12,and_or_forward,213,a8|b10,target,True,True
choice_blocks_12,and_or_forward,214,a8|b11,target,True,True
choice_blocks_12,and_or_forward,215,a8|b2,target,True,True
choice_blocks_12,and_or_forward,216,a8|b3,target,True,True
choice_blocks_12,and_or_forward,217,a8|b4,target,True,True
choice_blocks_12,and_or_forward,218,a8|b5,target,True,True
choice_blocks_12,and_or_forward,219,a8|b6,target,True,True
choice_blocks_12,and_or_forward,220,a8|b7,target,True,True
choice_blocks_12,and_or_forward,221,a8|b8,target,False,False
choice_blocks_12,and_or_forward,222,a8|b9,target,True,True
choice_blocks_12,and_or_forward,223,a9|b0,target,True,True
choice_blocks_12,and_or_forward,224,a9|b1,target,True,True
choice_blocks_12,and_or_forward,225,a9|b10,target,True,True
choice_blocks_12,and_or_forward,226,a9|b11,target,True,True
choice_blocks_12,and_or_forward,227,a9|b2,target,True,True
choice_blocks_12,and_or_forward,228,a9|b3,target,True,True
choice_blocks_12,and_or_forward,229,a9|b4,target,True,True
choice_blocks_12,and_or_forward,230,a9|b5,target,True,True
choice_blocks_12,and_or_forward,231,a9|b6,target,True,True
choice_blocks_12,and_or_forward,232,a9|b7,target,True,True
choice_blocks_12,and_or_forward,233,a9|b8,target,True,True
choice_blocks_12,and_or_forward,234,a9|b9,target,False,False
choice_blocks_12,and_or_forward,235,b0|b1,target,True,True
choice_blocks_12,and_or_forward,236,b0|b10,target,True,True
choice_blocks_12,and_or_forward,237,b0|b11,target,True,True
choice_blocks_12,and_or_forward,238,b0|b2,target,True,True
choice_blocks_12,and_or_forward,239,b0|b3,target,True,True
choice_blocks_12,and_or_forward,240,b0|b4,target,True,True
choice_blocks_12,and_or_forward,241,b0|b5,target,True,True
choice_blocks_12,and_or_forward,242,b0|b6,target,True,True
choice_blocks_12,and_or_forward,243,b0|b7,target,True,True
choice_blocks_12,and_or_forward,244,b0|b8,target,True,True
choice_blocks_12,and_or_forward,245,b0|b9,target,True,True
choice_blocks_12,and_or_forward,246,b1|b10,target,True,True
choice_blocks_12,and_or_forward,247,b1|b11,target,True,True
choice_blocks_12,and_or_forward,248,b1|b2,target,True,True
choice_blocks_12,and_or_forward,249,b1|b3,target,True,True
choice_blocks_12,and_or_forward,250,b1|b4,target,True,True
choice_blocks_12,and_or_forward,251,b1|b5,target,True,True
choice_blocks_12,and_or_forward,252,b1|b6,target,True,True
choice_blocks_12,and_or_forward,253,b1|b7,target,True,True
choice_blocks_12,and_or_forward,254,b1|b8,target,True,True
choice_blocks_12,and_or_forward,255,b1|b9,target,True,True
choice_blocks_12,and_or_forward,256,b10|b11,target,True,True
choice_blocks_12,and_or_forward,257,b10|b2,target,True,True
choice_blocks_12,and_or_forward,258,b10|b3,target,True,True
choice_blocks_12,and_or_forward,259,b10|b4,target,True,True
choice_blocks_12,and_or_forward,260,b10|b5,target,True,True
choice_blocks_12,and_or_forward,261,b10|b6,target,True,True
choice_blocks_12,and_or_forward,262,b10|b7,target,True,True
choice_blocks_12,and_or_forward,263,b10|b8,target,True,True
choice_blocks_12,and_or_forward,264,b10|b9,target,True,True
choice_blocks_12,and_or_forward,265,b11|b2,target,True,True
choice_blocks_12,and_or_forward,266,b11|b3,target,True,True
choice_blocks_12,and_or_forward,267,b11|b4,target,True,True
choice_blocks_12,and_or_forward,268,b11|b5,target,True,True
choice_blocks_12,and_or_forward,269,b11|b6,target,True,True
choice_blocks_12,and_or_forward,270,b11|b7,target,True,True
choice_blocks_12,and_or_forward,271,b11|b8,target,True,True
choice_blocks_12,and_or_forward,272,b11|b9,target,True,True
choice_blocks_12,and_or_forward,273,b2|b3,target,True,True
choice_blocks_12,and_or_forward,274,b2|b4,target,True,True
choice_blocks_12,and_or_forward,275,b2|b5,target,True,True
choice_blocks_12,and_or_forward,276,b2|b6,target,True,True
choice_blocks_12,and_or_forward,277,b2|b7,target,True,True
choice_blocks_12,and_or_forward,278,b2|b8,target,True,True
choice_blocks_12,and_or_forward,279,b2|b9,target,True,True
choice_blocks_12,and_or_forward,280,b3|b4,target,True,True
choice_blocks_12,and_or_forward,281,b3|b5,target,True,True
choice_blocks_12,and_or_forward,282,b3|b6,target,True,True
choice_blocks_12,and_or_forward,283,b3|b7,target,True,True
choice_blocks_12,and_or_forward,284,b3|b8,target,True,True
choice_blocks_12,and_or_forward,285,b3|b9,target,True,True
choice_blocks_12,and_or_forward,286,b4|b5,target,True,True
choice_blocks_12,and_or_forward,287,b4|b6,target,True,True
choice_blocks_12,and_or_forward,288,b4|b7,target,True,True
choice_blocks_12,and_or_forward,289,b4|b8,target,True,True
choice_blocks_12,and_or_forward,290,b4|b9,target,True,True
choice_blocks_12,and_or_forward,291,b5|b6,target,True,True
choice_blocks_12,and_or_forward,292,b5|b7,target,True,True
choice_blocks_12,and_or_forward,293,b5|b8,target,True,True
choice_blocks_12,and_or_forward,294,b5|b9,target,True,True
choice_blocks_12,and_or_forward,295,b6|b7,target,True,True
choice_blocks_12,and_or_forward,296,b6|b8,target,True,True
choice_blocks_12,and_or_forward,297,b6|b9,target,True,True
choice_blocks_12,and_or_forward,298,b7|b8,target,True,True
choice_blocks_12,and_or_forward,299,b7|b9,target,True,True
choice_blocks_12,and_or_forward,300,b8|b9,target,True,True
choice_blocks_12,and_or_forward,301,a0|a1|a10|a11|a2|a3|a4|a5|a6|a7|a8|a9|b0|b1|b10|b11|b2|b3|b4|b5|b6|b7|b8|b9,target,False,False
choice_blocks_12,r207_scalar,0,,target,True,True
choice_blocks_12,r207_scalar,1,a0,target,True,True
choice_blocks_12,r207_scalar,2,a1,target,True,True
choice_blocks_12,r207_scalar,3,a10,target,True,True
choice_blocks_12,r207_scalar,4,a11,target,True,True
choice_blocks_12,r207_scalar,5,a2,target,True,True
choice_blocks_12,r207_scalar,6,a3,target,True,True
choice_blocks_12,r207_scalar,7,a4,target,True,True
choice_blocks_12,r207_scalar,8,a5,target,True,True
choice_blocks_12,r207_scalar,9,a6,target,True,True
choice_blocks_12,r207_scalar,10,a7,target,True,True
choice_blocks_12,r207_scalar,11,a8,target,True,True
choice_blocks_12,r207_scalar,12,a9,target,True,True
choice_blocks_12,r207_scalar,13,b0,target,True,True
choice_blocks_12,r207_scalar,14,b1,target,True,True
choice_blocks_12,r207_scalar,15,b10,target,True,True
choice_blocks_12,r207_scalar,16,b11,target,True,True
choice_blocks_12,r207_scalar,17,b2,target,True,True
choice_blocks_12,r207_scalar,18,b3,target,True,True
choice_blocks_12,r207_scalar,19,b4,target,True,True
choice_blocks_12,r207_scalar,20,b5,target,True,True
choice_blocks_12,r207_scalar,21,b6,target,True,True
choice_blocks_12,r207_scalar,22,b7,target,True,True
choice_blocks_12,r207_scalar,23,b8,target,True,True
choice_blocks_12,r207_scalar,24,b9,target,True,True
choice_blocks_12,r207_scalar,25,a0|a1,target,True,True
choice_blocks_12,r207_scalar,26,a0|a10,target,True,True
choice_blocks_12,r207_scalar,27,a0|a11,target,True,True
choice_blocks_12,r207_scalar,28,a0|a2,target,True,True
choice_blocks_12,r207_scalar,29,a0|a3,target,True,True
choice_blocks_12,r207_scalar,30,a0|a4,target,True,True
choice_blocks_12,r207_scalar,31,a0|a5,target,True,True
choice_blocks_12,r207_scalar,32,a0|a6,target,True,True
choice_blocks_12,r207_scalar,33,a0|a7,target,True,True
choice_blocks_12,r207_scalar,34,a0|a8,target,True,True
choice_blocks_12,r207_scalar,35,a0|a9,target,True,True
choice_blocks_12,r207_scalar,36,a0|b0,target,False,False
choice_blocks_12,r207_scalar,37,a0|b1,target,True,True
choice_blocks_12,r207_scalar,38,a0|b10,target,True,True
choice_blocks_12,r207_scalar,39,a0|b11,target,True,True
choice_blocks_12,r207_scalar,40,a0|b2,target,True,True
choice_blocks_12,r207_scalar,41,a0|b3,target,True,True
choice_blocks_12,r207_scalar,42,a0|b4,target,True,True
choice_blocks_12,r207_scalar,43,a0|b5,target,True,True
choice_blocks_12,r207_scalar,44,a0|b6,target,True,True
choice_blocks_12,r207_scalar,45,a0|b7,target,True,True
choice_blocks_12,r207_scalar,46,a0|b8,target,True,True
choice_blocks_12,r207_scalar,47,a0|b9,target,True,True
choice_blocks_12,r207_scalar,48,a1|a10,target,True,True
choice_blocks_12,r207_scalar,49,a1|a11,target,True,True
choice_blocks_12,r207_scalar,50,a1|a2,target,True,True
choice_blocks_12,r207_scalar,51,a1|a3,target,True,True
choice_blocks_12,r207_scalar,52,a1|a4,target,True,True
choice_blocks_12,r207_scalar,53,a1|a5,target,True,True
choice_blocks_12,r207_scalar,54,a1|a6,target,True,True
choice_blocks_12,r207_scalar,55,a1|a7,target,True,True
choice_blocks_12,r207_scalar,56,a1|a8,target,True,True
choice_blocks_12,r207_scalar,57,a1|a9,target,True,True
choice_blocks_12,r207_scalar,58,a1|b0,target,True,True
choice_blocks_12,r207_scalar,59,a1|b1,target,False,False
choice_blocks_12,r207_scalar,60,a1|b10,target,True,True
choice_blocks_12,r207_scalar,61,a1|b11,target,True,True
choice_blocks_12,r207_scalar,62,a1|b2,target,True,True
choice_blocks_12,r207_scalar,63,a1|b3,target,True,True
choice_blocks_12,r207_scalar,64,a1|b4,target,True,True
choice_blocks_12,r207_scalar,65,a1|b5,target,True,True
choice_blocks_12,r207_scalar,66,a1|b6,target,True,True
choice_blocks_12,r207_scalar,67,a1|b7,target,True,True
choice_blocks_12,r207_scalar,68,a1|b8,target,True,True
choice_blocks_12,r207_scalar,69,a1|b9,target,True,True
choice_blocks_12,r207_scalar,70,a10|a11,target,True,True
choice_blocks_12,r207_scalar,71,a10|a2,target,True,True
choice_blocks_12,r207_scalar,72,a10|a3,target,True,True
choice_blocks_12,r207_scalar,73,a10|a4,target,True,True
choice_blocks_12,r207_scalar,74,a10|a5,target,True,True
choice_blocks_12,r207_scalar,75,a10|a6,target,True,True
choice_blocks_12,r207_scalar,76,a10|a7,target,True,True
choice_blocks_12,r207_scalar,77,a10|a8,target,True,True
choice_blocks_12,r207_scalar,78,a10|a9,target,True,True
choice_blocks_12,r207_scalar,79,a10|b0,target,True,True
choice_blocks_12,r207_scalar,80,a10|b1,target,True,True
choice_blocks_12,r207_scalar,81,a10|b10,target,False,False
choice_blocks_12,r207_scalar,82,a10|b11,target,True,True
choice_blocks_12,r207_scalar,83,a10|b2,target,True,True
choice_blocks_12,r207_scalar,84,a10|b3,target,True,True
choice_blocks_12,r207_scalar,85,a10|b4,target,True,True
choice_blocks_12,r207_scalar,86,a10|b5,target,True,True
choice_blocks_12,r207_scalar,87,a10|b6,target,True,True
choice_blocks_12,r207_scalar,88,a10|b7,target,True,True
choice_blocks_12,r207_scalar,89,a10|b8,target,True,True
choice_blocks_12,r207_scalar,90,a10|b9,target,True,True
choice_blocks_12,r207_scalar,91,a11|a2,target,True,True
choice_blocks_12,r207_scalar,92,a11|a3,target,True,True
choice_blocks_12,r207_scalar,93,a11|a4,target,True,True
choice_blocks_12,r207_scalar,94,a11|a5,target,True,True
choice_blocks_12,r207_scalar,95,a11|a6,target,True,True
choice_blocks_12,r207_scalar,96,a11|a7,target,True,True
choice_blocks_12,r207_scalar,97,a11|a8,target,True,True
choice_blocks_12,r207_scalar,98,a11|a9,target,True,True
choice_blocks_12,r207_scalar,99,a11|b0,target,True,True
choice_blocks_12,r207_scalar,100,a11|b1,target,True,True
choice_blocks_12,r207_scalar,101,a11|b10,target,True,True
choice_blocks_12,r207_scalar,102,a11|b11,target,False,False
choice_blocks_12,r207_scalar,103,a11|b2,target,True,True
choice_blocks_12,r207_scalar,104,a11|b3,target,True,True
choice_blocks_12,r207_scalar,105,a11|b4,target,True,True
choice_blocks_12,r207_scalar,106,a11|b5,target,True,True
choice_blocks_12,r207_scalar,107,a11|b6,target,True,True
choice_blocks_12,r207_scalar,108,a11|b7,target,True,True
choice_blocks_12,r207_scalar,109,a11|b8,target,True,True
choice_blocks_12,r207_scalar,110,a11|b9,target,True,True
choice_blocks_12,r207_scalar,111,a2|a3,target,True,True
choice_blocks_12,r207_scalar,112,a2|a4,target,True,True
choice_blocks_12,r207_scalar,113,a2|a5,target,True,True
choice_blocks_12,r207_scalar,114,a2|a6,target,True,True
choice_blocks_12,r207_scalar,115,a2|a7,target,True,True
choice_blocks_12,r207_scalar,116,a2|a8,target,True,True
choice_blocks_12,r207_scalar,117,a2|a9,target,True,True
choice_blocks_12,r207_scalar,118,a2|b0,target,True,True
choice_blocks_12,r207_scalar,119,a2|b1,target,True,True
choice_blocks_12,r207_scalar,120,a2|b10,target,True,True
choice_blocks_12,r207_scalar,121,a2|b11,target,True,True
choice_blocks_12,r207_scalar,122,a2|b2,target,False,False
choice_blocks_12,r207_scalar,123,a2|b3,target,True,True
choice_blocks_12,r207_scalar,124,a2|b4,target,True,True
choice_blocks_12,r207_scalar,125,a2|b5,target,True,True
choice_blocks_12,r207_scalar,126,a2|b6,target,True,True
choice_blocks_12,r207_scalar,127,a2|b7,target,True,True
choice_blocks_12,r207_scalar,128,a2|b8,target,True,True
choice_blocks_12,r207_scalar,129,a2|b9,target,True,True
choice_blocks_12,r207_scalar,130,a3|a4,target,True,True
choice_blocks_12,r207_scalar,131,a3|a5,target,True,True
choice_blocks_12,r207_scalar,132,a3|a6,target,True,True
choice_blocks_12,r207_scalar,133,a3|a7,target,True,True
choice_blocks_12,r207_scalar,134,a3|a8,target,True,True
choice_blocks_12,r207_scalar,135,a3|a9,target,True,True
choice_blocks_12,r207_scalar,136,a3|b0,target,True,True
choice_blocks_12,r207_scalar,137,a3|b1,target,True,True
choice_blocks_12,r207_scalar,138,a3|b10,target,True,True
choice_blocks_12,r207_scalar,139,a3|b11,target,True,True
choice_blocks_12,r207_scalar,140,a3|b2,target,True,True
choice_blocks_12,r207_scalar,141,a3|b3,target,False,False
choice_blocks_12,r207_scalar,142,a3|b4,target,True,True
choice_blocks_12,r207_scalar,143,a3|b5,target,True,True
choice_blocks_12,r207_scalar,144,a3|b6,target,True,True
choice_blocks_12,r207_scalar,145,a3|b7,target,True,True
choice_blocks_12,r207_scalar,146,a3|b8,target,True,True
choice_blocks_12,r207_scalar,147,a3|b9,target,True,True
choice_blocks_12,r207_scalar,148,a4|a5,target,True,True
choice_blocks_12,r207_scalar,149,a4|a6,target,True,True
choice_blocks_12,r207_scalar,150,a4|a7,target,True,True
choice_blocks_12,r207_scalar,151,a4|a8,target,True,True
choice_blocks_12,r207_scalar,152,a4|a9,target,True,True
choice_blocks_12,r207_scalar,153,a4|b0,target,True,True
choice_blocks_12,r207_scalar,154,a4|b1,target,True,True
choice_blocks_12,r207_scalar,155,a4|b10,target,True,True
choice_blocks_12,r207_scalar,156,a4|b11,target,True,True
choice_blocks_12,r207_scalar,157,a4|b2,target,True,True
choice_blocks_12,r207_scalar,158,a4|b3,target,True,True
choice_blocks_12,r207_scalar,159,a4|b4,target,False,False
choice_blocks_12,r207_scalar,160,a4|b5,target,True,True
choice_blocks_12,r207_scalar,161,a4|b6,target,True,True
choice_blocks_12,r207_scalar,162,a4|b7,target,True,True
choice_blocks_12,r207_scalar,163,a4|b8,target,True,True
choice_blocks_12,r207_scalar,164,a4|b9,target,True,True
choice_blocks_12,r207_scalar,165,a5|a6,target,True,True
choice_blocks_12,r207_scalar,166,a5|a7,target,True,True
choice_blocks_12,r207_scalar,167,a5|a8,target,True,True
choice_blocks_12,r207_scalar,168,a5|a9,target,True,True
choice_blocks_12,r207_scalar,169,a5|b0,target,True,True
choice_blocks_12,r207_scalar,170,a5|b1,target,True,True
choice_blocks_12,r207_scalar,171,a5|b10,target,True,True
choice_blocks_12,r207_scalar,172,a5|b11,target,True,True
choice_blocks_12,r207_scalar,173,a5|b2,target,True,True
choice_blocks_12,r207_scalar,174,a5|b3,target,True,True
choice_blocks_12,r207_scalar,175,a5|b4,target,True,True
choice_blocks_12,r207_scalar,176,a5|b5,target,False,False
choice_blocks_12,r207_scalar,177,a5|b6,target,True,True
choice_blocks_12,r207_scalar,178,a5|b7,target,True,True
choice_blocks_12,r207_scalar,179,a5|b8,target,True,True
choice_blocks_12,r207_scalar,180,a5|b9,target,True,True
choice_blocks_12,r207_scalar,181,a6|a7,target,True,True
choice_blocks_12,r207_scalar,182,a6|a8,target,True,True
choice_blocks_12,r207_scalar,183,a6|a9,target,True,True
choice_blocks_12,r207_scalar,184,a6|b0,target,True,True
choice_blocks_12,r207_scalar,185,a6|b1,target,True,True
choice_blocks_12,r207_scalar,186,a6|b10,target,True,True
choice_blocks_12,r207_scalar,187,a6|b11,target,True,True
choice_blocks_12,r207_scalar,188,a6|b2,target,True,True
choice_blocks_12,r207_scalar,189,a6|b3,target,True,True
choice_blocks_12,r207_scalar,190,a6|b4,target,True,True
choice_blocks_12,r207_scalar,191,a6|b5,target,True,True
choice_blocks_12,r207_scalar,192,a6|b6,target,False,False
choice_blocks_12,r207_scalar,193,a6|b7,target,True,True
choice_blocks_12,r207_scalar,194,a6|b8,target,True,True
choice_blocks_12,r207_scalar,195,a6|b9,target,True,True
choice_blocks_12,r207_scalar,196,a7|a8,target,True,True
choice_blocks_12,r207_scalar,197,a7|a9,target,True,True
choice_blocks_12,r207_scalar,198,a7|b0,target,True,True
choice_blocks_12,r207_scalar,199,a7|b1,target,True,True
choice_blocks_12,r207_scalar,200,a7|b10,target,True,True
choice_blocks_12,r207_scalar,201,a7|b11,target,True,True
choice_blocks_12,r207_scalar,202,a7|b2,target,True,True
choice_blocks_12,r207_scalar,203,a7|b3,target,True,True
choice_blocks_12,r207_scalar,204,a7|b4,target,True,True
choice_blocks_12,r207_scalar,205,a7|b5,target,True,True
choice_blocks_12,r207_scalar,206,a7|b6,target,True,True
choice_blocks_12,r207_scalar,207,a7|b7,target,False,False
choice_blocks_12,r207_scalar,208,a7|b8,target,True,True
choice_blocks_12,r207_scalar,209,a7|b9,target,True,True
choice_blocks_12,r207_scalar,210,a8|a9,target,True,True
choice_blocks_12,r207_scalar,211,a8|b0,target,True,True
choice_blocks_12,r207_scalar,212,a8|b1,target,True,True
choice_blocks_12,r207_scalar,213,a8|b10,target,True,True
choice_blocks_12,r207_scalar,214,a8|b11,target,True,True
choice_blocks_12,r207_scalar,215,a8|b2,target,True,True
choice_blocks_12,r207_scalar,216,a8|b3,target,True,True
choice_blocks_12,r207_scalar,217,a8|b4,target,True,True
choice_blocks_12,r207_scalar,218,a8|b5,target,True,True
choice_blocks_12,r207_scalar,219,a8|b6,target,True,True
choice_blocks_12,r207_scalar,220,a8|b7,target,True,True
choice_blocks_12,r207_scalar,221,a8|b8,target,False,False
choice_blocks_12,r207_scalar,222,a8|b9,target,True,True
choice_blocks_12,r207_scalar,223,a9|b0,target,True,True
choice_blocks_12,r207_scalar,224,a9|b1,target,True,True
choice_blocks_12,r207_scalar,225,a9|b10,target,True,True
choice_blocks_12,r207_scalar,226,a9|b11,target,True,True
choice_blocks_12,r207_scalar,227,a9|b2,target,True,True
choice_blocks_12,r207_scalar,228,a9|b3,target,True,True
choice_blocks_12,r207_scalar,229,a9|b4,target,True,True
choice_blocks_12,r207_scalar,230,a9|b5,target,True,True
choice_blocks_12,r207_scalar,231,a9|b6,target,True,True
choice_blocks_12,r207_scalar,232,a9|b7,target,True,True
choice_blocks_12,r207_scalar,233,a9|b8,target,True,True
choice_blocks_12,r207_scalar,234,a9|b9,target,False,False
choice_blocks_12,r207_scalar,235,b0|b1,target,True,True
choice_blocks_12,r207_scalar,236,b0|b10,target,True,True
choice_blocks_12,r207_scalar,237,b0|b11,target,True,True
choice_blocks_12,r207_scalar,238,b0|b2,target,True,True
choice_blocks_12,r207_scalar,239,b0|b3,target,True,True
choice_blocks_12,r207_scalar,240,b0|b4,target,True,True
choice_blocks_12,r207_scalar,241,b0|b5,target,True,True
choice_blocks_12,r207_scalar,242,b0|b6,target,True,True
choice_blocks_12,r207_scalar,243,b0|b7,target,True,True
choice_blocks_12,r207_scalar,244,b0|b8,target,True,True
choice_blocks_12,r207_scalar,245,b0|b9,target,True,True
choice_blocks_12,r207_scalar,246,b1|b10,target,True,True
choice_blocks_12,r207_scalar,247,b1|b11,target,True,True
choice_blocks_12,r207_scalar,248,b1|b2,target,True,True
choice_blocks_12,r207_scalar,249,b1|b3,target,True,True
choice_blocks_12,r207_scalar,250,b1|b4,target,True,True
choice_blocks_12,r207_scalar,251,b1|b5,target,True,True
choice_blocks_12,r207_scalar,252,b1|b6,target,True,True
choice_blocks_12,r207_scalar,253,b1|b7,target,True,True
choice_blocks_12,r207_scalar,254,b1|b8,target,True,True
choice_blocks_12,r207_scalar,255,b1|b9,target,True,True
choice_blocks_12,r207_scalar,256,b10|b11,target,True,True
choice_blocks_12,r207_scalar,257,b10|b2,target,True,True
choice_blocks_12,r207_scalar,258,b10|b3,target,True,True
choice_blocks_12,r207_scalar,259,b10|b4,target,True,True
choice_blocks_12,r207_scalar,260,b10|b5,target,True,True
choice_blocks_12,r207_scalar,261,b10|b6,target,True,True
choice_blocks_12,r207_scalar,262,b10|b7,target,True,True
choice_blocks_12,r207_scalar,263,b10|b8,target,True,True
choice_blocks_12,r207_scalar,264,b10|b9,target,True,True
choice_blocks_12,r207_scalar,265,b11|b2,target,True,True
choice_blocks_12,r207_scalar,266,b11|b3,target,True,True
choice_blocks_12,r207_scalar,267,b11|b4,target,True,True
choice_blocks_12,r207_scalar,268,b11|b5,target,True,True
choice_blocks_12,r207_scalar,269,b11|b6,target,True,True
choice_blocks_12,r207_scalar,270,b11|b7,target,True,True
choice_blocks_12,r207_scalar,271,b11|b8,target,True,True
choice_blocks_12,r207_scalar,272,b11|b9,target,True,True
choice_blocks_12,r207_scalar,273,b2|b3,target,True,True
choice_blocks_12,r207_scalar,274,b2|b4,target,True,True
choice_blocks_12,r207_scalar,275,b2|b5,target,True,True
choice_blocks_12,r207_scalar,276,b2|b6,target,True,True
choice_blocks_12,r207_scalar,277,b2|b7,target,True,True
choice_blocks_12,r207_scalar,278,b2|b8,target,True,True
choice_blocks_12,r207_scalar,279,b2|b9,target,True,True
choice_blocks_12,r207_scalar,280,b3|b4,target,True,True
choice_blocks_12,r207_scalar,281,b3|b5,target,True,True
choice_blocks_12,r207_scalar,282,b3|b6,target,True,True
choice_blocks_12,r207_scalar,283,b3|b7,target,True,True
choice_blocks_12,r207_scalar,284,b3|b8,target,True,True
choice_blocks_12,r207_scalar,285,b3|b9,target,True,True
choice_blocks_12,r207_scalar,286,b4|b5,target,True,True
choice_blocks_12,r207_scalar,287,b4|b6,target,True,True
choice_blocks_12,r207_scalar,288,b4|b7,target,True,True
choice_blocks_12,r207_scalar,289,b4|b8,target,True,True
choice_blocks_12,r207_scalar,290,b4|b9,target,True,True
choice_blocks_12,r207_scalar,291,b5|b6,target,True,True
choice_blocks_12,r207_scalar,292,b5|b7,target,True,True
choice_blocks_12,r207_scalar,293,b5|b8,target,True,True
choice_blocks_12,r207_scalar,294,b5|b9,target,True,True
choice_blocks_12,r207_scalar,295,b6|b7,target,True,True
choice_blocks_12,r207_scalar,296,b6|b8,target,True,True
choice_blocks_12,r207_scalar,297,b6|b9,target,True,True
choice_blocks_12,r207_scalar,298,b7|b8,target,True,True
choice_blocks_12,r207_scalar,299,b7|b9,target,True,True
choice_blocks_12,r207_scalar,300,b8|b9,target,True,True
choice_blocks_12,r207_scalar,301,a0|a1|a10|a11|a2|a3|a4|a5|a6|a7|a8|a9|b0|b1|b10|b11|b2|b3|b4|b5|b6|b7|b8|b9,target,False,False
choice_blocks_12,r207_bitset,0,,target,True,True
choice_blocks_12,r207_bitset,1,a0,target,True,True
choice_blocks_12,r207_bitset,2,a1,target,True,True
choice_blocks_12,r207_bitset,3,a10,target,True,True
choice_blocks_12,r207_bitset,4,a11,target,True,True
choice_blocks_12,r207_bitset,5,a2,target,True,True
choice_blocks_12,r207_bitset,6,a3,target,True,True
choice_blocks_12,r207_bitset,7,a4,target,True,True
choice_blocks_12,r207_bitset,8,a5,target,True,True
choice_blocks_12,r207_bitset,9,a6,target,True,True
choice_blocks_12,r207_bitset,10,a7,target,True,True
choice_blocks_12,r207_bitset,11,a8,target,True,True
choice_blocks_12,r207_bitset,12,a9,target,True,True
choice_blocks_12,r207_bitset,13,b0,target,True,True
choice_blocks_12,r207_bitset,14,b1,target,True,True
choice_blocks_12,r207_bitset,15,b10,target,True,True
choice_blocks_12,r207_bitset,16,b11,target,True,True
choice_blocks_12,r207_bitset,17,b2,target,True,True
choice_blocks_12,r207_bitset,18,b3,target,True,True
choice_blocks_12,r207_bitset,19,b4,target,True,True
choice_blocks_12,r207_bitset,20,b5,target,True,True
choice_blocks_12,r207_bitset,21,b6,target,True,True
choice_blocks_12,r207_bitset,22,b7,target,True,True
choice_blocks_12,r207_bitset,23,b8,target,True,True
choice_blocks_12,r207_bitset,24,b9,target,True,True
choice_blocks_12,r207_bitset,25,a0|a1,target,True,True
choice_blocks_12,r207_bitset,26,a0|a10,target,True,True
choice_blocks_12,r207_bitset,27,a0|a11,target,True,True
choice_blocks_12,r207_bitset,28,a0|a2,target,True,True
choice_blocks_12,r207_bitset,29,a0|a3,target,True,True
choice_blocks_12,r207_bitset,30,a0|a4,target,True,True
choice_blocks_12,r207_bitset,31,a0|a5,target,True,True
choice_blocks_12,r207_bitset,32,a0|a6,target,True,True
choice_blocks_12,r207_bitset,33,a0|a7,target,True,True
choice_blocks_12,r207_bitset,34,a0|a8,target,True,True
choice_blocks_12,r207_bitset,35,a0|a9,target,True,True
choice_blocks_12,r207_bitset,36,a0|b0,target,False,False
choice_blocks_12,r207_bitset,37,a0|b1,target,True,True
choice_blocks_12,r207_bitset,38,a0|b10,target,True,True
choice_blocks_12,r207_bitset,39,a0|b11,target,True,True
choice_blocks_12,r207_bitset,40,a0|b2,target,True,True
choice_blocks_12,r207_bitset,41,a0|b3,target,True,True
choice_blocks_12,r207_bitset,42,a0|b4,target,True,True
choice_blocks_12,r207_bitset,43,a0|b5,target,True,True
choice_blocks_12,r207_bitset,44,a0|b6,target,True,True
choice_blocks_12,r207_bitset,45,a0|b7,target,True,True
choice_blocks_12,r207_bitset,46,a0|b8,target,True,True
choice_blocks_12,r207_bitset,47,a0|b9,target,True,True
choice_blocks_12,r207_bitset,48,a1|a10,target,True,True
choice_blocks_12,r207_bitset,49,a1|a11,target,True,True
choice_blocks_12,r207_bitset,50,a1|a2,target,True,True
choice_blocks_12,r207_bitset,51,a1|a3,target,True,True
choice_blocks_12,r207_bitset,52,a1|a4,target,True,True
choice_blocks_12,r207_bitset,53,a1|a5,target,True,True
choice_blocks_12,r207_bitset,54,a1|a6,target,True,True
choice_blocks_12,r207_bitset,55,a1|a7,target,True,True
choice_blocks_12,r207_bitset,56,a1|a8,target,True,True
choice_blocks_12,r207_bitset,57,a1|a9,target,True,True
choice_blocks_12,r207_bitset,58,a1|b0,target,True,True
choice_blocks_12,r207_bitset,59,a1|b1,target,False,False
choice_blocks_12,r207_bitset,60,a1|b10,target,True,True
choice_blocks_12,r207_bitset,61,a1|b11,target,True,True
choice_blocks_12,r207_bitset,62,a1|b2,target,True,True
choice_blocks_12,r207_bitset,63,a1|b3,target,True,True
choice_blocks_12,r207_bitset,64,a1|b4,target,True,True
choice_blocks_12,r207_bitset,65,a1|b5,target,True,True
choice_blocks_12,r207_bitset,66,a1|b6,target,True,True
choice_blocks_12,r207_bitset,67,a1|b7,target,True,True
choice_blocks_12,r207_bitset,68,a1|b8,target,True,True
choice_blocks_12,r207_bitset,69,a1|b9,target,True,True
choice_blocks_12,r207_bitset,70,a10|a11,target,True,True
choice_blocks_12,r207_bitset,71,a10|a2,target,True,True
choice_blocks_12,r207_bitset,72,a10|a3,target,True,True
choice_blocks_12,r207_bitset,73,a10|a4,target,True,True
choice_blocks_12,r207_bitset,74,a10|a5,target,True,True
choice_blocks_12,r207_bitset,75,a10|a6,target,True,True
choice_blocks_12,r207_bitset,76,a10|a7,target,True,True
choice_blocks_12,r207_bitset,77,a10|a8,target,True,True
choice_blocks_12,r207_bitset,78,a10|a9,target,True,True
choice_blocks_12,r207_bitset,79,a10|b0,target,True,True
choice_blocks_12,r207_bitset,80,a10|b1,target,True,True
choice_blocks_12,r207_bitset,81,a10|b10,target,False,False
choice_blocks_12,r207_bitset,82,a10|b11,target,True,True
choice_blocks_12,r207_bitset,83,a10|b2,target,True,True
choice_blocks_12,r207_bitset,84,a10|b3,target,True,True
choice_blocks_12,r207_bitset,85,a10|b4,target,True,True
choice_blocks_12,r207_bitset,86,a10|b5,target,True,True
choice_blocks_12,r207_bitset,87,a10|b6,target,True,True
choice_blocks_12,r207_bitset,88,a10|b7,target,True,True
choice_blocks_12,r207_bitset,89,a10|b8,target,True,True
choice_blocks_12,r207_bitset,90,a10|b9,target,True,True
choice_blocks_12,r207_bitset,91,a11|a2,target,True,True
choice_blocks_12,r207_bitset,92,a11|a3,target,True,True
choice_blocks_12,r207_bitset,93,a11|a4,target,True,True
choice_blocks_12,r207_bitset,94,a11|a5,target,True,True
choice_blocks_12,r207_bitset,95,a11|a6,target,True,True
choice_blocks_12,r207_bitset,96,a11|a7,target,True,True
choice_blocks_12,r207_bitset,97,a11|a8,target,True,True
choice_blocks_12,r207_bitset,98,a11|a9,target,True,True
choice_blocks_12,r207_bitset,99,a11|b0,target,True,True
choice_blocks_12,r207_bitset,100,a11|b1,target,True,True
choice_blocks_12,r207_bitset,101,a11|b10,target,True,True
choice_blocks_12,r207_bitset,102,a11|b11,target,False,False
choice_blocks_12,r207_bitset,103,a11|b2,target,True,True
choice_blocks_12,r207_bitset,104,a11|b3,target,True,True
choice_blocks_12,r207_bitset,105,a11|b4,target,True,True
choice_blocks_12,r207_bitset,106,a11|b5,target,True,True
choice_blocks_12,r207_bitset,107,a11|b6,target,True,True
choice_blocks_12,r207_bitset,108,a11|b7,target,True,True
choice_blocks_12,r207_bitset,109,a11|b8,target,True,True
choice_blocks_12,r207_bitset,110,a11|b9,target,True,True
choice_blocks_12,r207_bitset,111,a2|a3,target,True,True
choice_blocks_12,r207_bitset,112,a2|a4,target,True,True
choice_blocks_12,r207_bitset,113,a2|a5,target,True,True
choice_blocks_12,r207_bitset,114,a2|a6,target,True,True
choice_blocks_12,r207_bitset,115,a2|a7,target,True,True
choice_blocks_12,r207_bitset,116,a2|a8,target,True,True
choice_blocks_12,r207_bitset,117,a2|a9,target,True,True
choice_blocks_12,r207_bitset,118,a2|b0,target,True,True
choice_blocks_12,r207_bitset,119,a2|b1,target,True,True
choice_blocks_12,r207_bitset,120,a2|b10,target,True,True
choice_blocks_12,r207_bitset,121,a2|b11,target,True,True
choice_blocks_12,r207_bitset,122,a2|b2,target,False,False
choice_blocks_12,r207_bitset,123,a2|b3,target,True,True
choice_blocks_12,r207_bitset,124,a2|b4,target,True,True
choice_blocks_12,r207_bitset,125,a2|b5,target,True,True
choice_blocks_12,r207_bitset,126,a2|b6,target,True,True
choice_blocks_12,r207_bitset,127,a2|b7,target,True,True
choice_blocks_12,r207_bitset,128,a2|b8,target,True,True
choice_blocks_12,r207_bitset,129,a2|b9,target,True,True
choice_blocks_12,r207_bitset,130,a3|a4,target,True,True
choice_blocks_12,r207_bitset,131,a3|a5,target,True,True
choice_blocks_12,r207_bitset,132,a3|a6,target,True,True
choice_blocks_12,r207_bitset,133,a3|a7,target,True,True
choice_blocks_12,r207_bitset,134,a3|a8,target,True,True
choice_blocks_12,r207_bitset,135,a3|a9,target,True,True
choice_blocks_12,r207_bitset,136,a3|b0,target,True,True
choice_blocks_12,r207_bitset,137,a3|b1,target,True,True
choice_blocks_12,r207_bitset,138,a3|b10,target,True,True
choice_blocks_12,r207_bitset,139,a3|b11,target,True,True
choice_blocks_12,r207_bitset,140,a3|b2,target,True,True
choice_blocks_12,r207_bitset,141,a3|b3,target,False,False
choice_blocks_12,r207_bitset,142,a3|b4,target,True,True
choice_blocks_12,r207_bitset,143,a3|b5,target,True,True
choice_blocks_12,r207_bitset,144,a3|b6,target,True,True
choice_blocks_12,r207_bitset,145,a3|b7,target,True,True
choice_blocks_12,r207_bitset,146,a3|b8,target,True,True
choice_blocks_12,r207_bitset,147,a3|b9,target,True,True
choice_blocks_12,r207_bitset,148,a4|a5,target,True,True
choice_blocks_12,r207_bitset,149,a4|a6,target,True,True
choice_blocks_12,r207_bitset,150,a4|a7,target,True,True
choice_blocks_12,r207_bitset,151,a4|a8,target,True,True
choice_blocks_12,r207_bitset,152,a4|a9,target,True,True
choice_blocks_12,r207_bitset,153,a4|b0,target,True,True
choice_blocks_12,r207_bitset,154,a4|b1,target,True,True
choice_blocks_12,r207_bitset,155,a4|b10,target,True,True
choice_blocks_12,r207_bitset,156,a4|b11,target,True,True
choice_blocks_12,r207_bitset,157,a4|b2,target,True,True
choice_blocks_12,r207_bitset,158,a4|b3,target,True,True
choice_blocks_12,r207_bitset,159,a4|b4,target,False,False
choice_blocks_12,r207_bitset,160,a4|b5,target,True,True
choice_blocks_12,r207_bitset,161,a4|b6,target,True,True
choice_blocks_12,r207_bitset,162,a4|b7,target,True,True
choice_blocks_12,r207_bitset,163,a4|b8,target,True,True
choice_blocks_12,r207_bitset,164,a4|b9,target,True,True
choice_blocks_12,r207_bitset,165,a5|a6,target,True,True
choice_blocks_12,r207_bitset,166,a5|a7,target,True,True
choice_blocks_12,r207_bitset,167,a5|a8,target,True,True
choice_blocks_12,r207_bitset,168,a5|a9,target,True,True
choice_blocks_12,r207_bitset,169,a5|b0,target,True,True
choice_blocks_12,r207_bitset,170,a5|b1,target,True,True
choice_blocks_12,r207_bitset,171,a5|b10,target,True,True
choice_blocks_12,r207_bitset,172,a5|b11,target,True,True
choice_blocks_12,r207_bitset,173,a5|b2,target,True,True
choice_blocks_12,r207_bitset,174,a5|b3,target,True,True
choice_blocks_12,r207_bitset,175,a5|b4,target,True,True
choice_blocks_12,r207_bitset,176,a5|b5,target,False,False
choice_blocks_12,r207_bitset,177,a5|b6,target,True,True
choice_blocks_12,r207_bitset,178,a5|b7,target,True,True
choice_blocks_12,r207_bitset,179,a5|b8,target,True,True
choice_blocks_12,r207_bitset,180,a5|b9,target,True,True
choice_blocks_12,r207_bitset,181,a6|a7,target,True,True
choice_blocks_12,r207_bitset,182,a6|a8,target,True,True
choice_blocks_12,r207_bitset,183,a6|a9,target,True,True
choice_blocks_12,r207_bitset,184,a6|b0,target,True,True
choice_blocks_12,r207_bitset,185,a6|b1,target,True,True
choice_blocks_12,r207_bitset,186,a6|b10,target,True,True
choice_blocks_12,r207_bitset,187,a6|b11,target,True,True
choice_blocks_12,r207_bitset,188,a6|b2,target,True,True
choice_blocks_12,r207_bitset,189,a6|b3,target,True,True
choice_blocks_12,r207_bitset,190,a6|b4,target,True,True
choice_blocks_12,r207_bitset,191,a6|b5,target,True,True
choice_blocks_12,r207_bitset,192,a6|b6,target,False,False
choice_blocks_12,r207_bitset,193,a6|b7,target,True,True
choice_blocks_12,r207_bitset,194,a6|b8,target,True,True
choice_blocks_12,r207_bitset,195,a6|b9,target,True,True
choice_blocks_12,r207_bitset,196,a7|a8,target,True,True
choice_blocks_12,r207_bitset,197,a7|a9,target,True,True
choice_blocks_12,r207_bitset,198,a7|b0,target,True,True
choice_blocks_12,r207_bitset,199,a7|b1,target,True,True
choice_blocks_12,r207_bitset,200,a7|b10,target,True,True
choice_blocks_12,r207_bitset,201,a7|b11,target,True,True
choice_blocks_12,r207_bitset,202,a7|b2,target,True,True
choice_blocks_12,r207_bitset,203,a7|b3,target,True,True
choice_blocks_12,r207_bitset,204,a7|b4,target,True,True
choice_blocks_12,r207_bitset,205,a7|b5,target,True,True
choice_blocks_12,r207_bitset,206,a7|b6,target,True,True
choice_blocks_12,r207_bitset,207,a7|b7,target,False,False
choice_blocks_12,r207_bitset,208,a7|b8,target,True,True
choice_blocks_12,r207_bitset,209,a7|b9,target,True,True
choice_blocks_12,r207_bitset,210,a8|a9,target,True,True
choice_blocks_12,r207_bitset,211,a8|b0,target,True,True
choice_blocks_12,r207_bitset,212,a8|b1,target,True,True
choice_blocks_12,r207_bitset,213,a8|b10,target,True,True
choice_blocks_12,r207_bitset,214,a8|b11,target,True,True
choice_blocks_12,r207_bitset,215,a8|b2,target,True,True
choice_blocks_12,r207_bitset,216,a8|b3,target,True,True
choice_blocks_12,r207_bitset,217,a8|b4,target,True,True
choice_blocks_12,r207_bitset,218,a8|b5,target,True,True
choice_blocks_12,r207_bitset,219,a8|b6,target,True,True
choice_blocks_12,r207_bitset,220,a8|b7,target,True,True
choice_blocks_12,r207_bitset,221,a8|b8,target,False,False
choice_blocks_12,r207_bitset,222,a8|b9,target,True,True
choice_blocks_12,r207_bitset,223,a9|b0,target,True,True
choice_blocks_12,r207_bitset,224,a9|b1,target,True,True
choice_blocks_12,r207_bitset,225,a9|b10,target,True,True
choice_blocks_12,r207_bitset,226,a9|b11,target,True,True
choice_blocks_12,r207_bitset,227,a9|b2,target,True,True
choice_blocks_12,r207_bitset,228,a9|b3,target,True,True
choice_blocks_12,r207_bitset,229,a9|b4,target,True,True
choice_blocks_12,r207_bitset,230,a9|b5,target,True,True
choice_blocks_12,r207_bitset,231,a9|b6,target,True,True
choice_blocks_12,r207_bitset,232,a9|b7,target,True,True
choice_blocks_12,r207_bitset,233,a9|b8,target,True,True
choice_blocks_12,r207_bitset,234,a9|b9,target,False,False
choice_blocks_12,r207_bitset,235,b0|b1,target,True,True
choice_blocks_12,r207_bitset,236,b0|b10,target,True,True
choice_blocks_12,r207_bitset,237,b0|b11,target,True,True
choice_blocks_12,r207_bitset,238,b0|b2,target,True,True
choice_blocks_12,r207_bitset,239,b0|b3,target,True,True
choice_blocks_12,r207_bitset,240,b0|b4,target,True,True
choice_blocks_12,r207_bitset,241,b0|b5,target,True,True
choice_blocks_12,r207_bitset,242,b0|b6,target,True,True
choice_blocks_12,r207_bitset,243,b0|b7,target,True,True
choice_blocks_12,r207_bitset,244,b0|b8,target,True,True
choice_blocks_12,r207_bitset,245,b0|b9,target,True,True
choice_blocks_12,r207_bitset,246,b1|b10,target,True,True
choice_blocks_12,r207_bitset,247,b1|b11,target,True,True
choice_blocks_12,r207_bitset,248,b1|b2,target,True,True
choice_blocks_12,r207_bitset,249,b1|b3,target,True,True
choice_blocks_12,r207_bitset,250,b1|b4,target,True,True
choice_blocks_12,r207_bitset,251,b1|b5,target,True,True
choice_blocks_12,r207_bitset,252,b1|b6,target,True,True
choice_blocks_12,r207_bitset,253,b1|b7,target,True,True
choice_blocks_12,r207_bitset,254,b1|b8,target,True,True
choice_blocks_12,r207_bitset,255,b1|b9,target,True,True
choice_blocks_12,r207_bitset,256,b10|b11,target,True,True
choice_blocks_12,r207_bitset,257,b10|b2,target,True,True
choice_blocks_12,r207_bitset,258,b10|b3,target,True,True
choice_blocks_12,r207_bitset,259,b10|b4,target,True,True
choice_blocks_12,r207_bitset,260,b10|b5,target,True,True
choice_blocks_12,r207_bitset,261,b10|b6,target,True,True
choice_blocks_12,r207_bitset,262,b10|b7,target,True,True
choice_blocks_12,r207_bitset,263,b10|b8,target,True,True
choice_blocks_12,r207_bitset,264,b10|b9,target,True,True
choice_blocks_12,r207_bitset,265,b11|b2,target,True,True
choice_blocks_12,r207_bitset,266,b11|b3,target,True,True
choice_blocks_12,r207_bitset,267,b11|b4,target,True,True
choice_blocks_12,r207_bitset,268,b11|b5,target,True,True
choice_blocks_12,r207_bitset,269,b11|b6,target,True,True
choice_blocks_12,r207_bitset,270,b11|b7,target,True,True
choice_blocks_12,r207_bitset,271,b11|b8,target,True,True
choice_blocks_12,r207_bitset,272,b11|b9,target,True,True
choice_blocks_12,r207_bitset,273,b2|b3,target,True,True
choice_blocks_12,r207_bitset,274,b2|b4,target,True,True
choice_blocks_12,r207_bitset,275,b2|b5,target,True,True
choice_blocks_12,r207_bitset,276,b2|b6,target,True,True
choice_blocks_12,r207_bitset,277,b2|b7,target,True,True
choice_blocks_12,r207_bitset,278,b2|b8,target,True,True
choice_blocks_12,r207_bitset,279,b2|b9,target,True,True
choice_blocks_12,r207_bitset,280,b3|b4,target,True,True
choice_blocks_12,r207_bitset,281,b3|b5,target,True,True
choice_blocks_12,r207_bitset,282,b3|b6,target,True,True
choice_blocks_12,r207_bitset,283,b3|b7,target,True,True
choice_blocks_12,r207_bitset,284,b3|b8,target,True,True
choice_blocks_12,r207_bitset,285,b3|b9,target,True,True
choice_blocks_12,r207_bitset,286,b4|b5,target,True,True
choice_blocks_12,r207_bitset,287,b4|b6,target,True,True
choice_blocks_12,r207_bitset,288,b4|b7,target,True,True
choice_blocks_12,r207_bitset,289,b4|b8,target,True,True
choice_blocks_12,r207_bitset,290,b4|b9,target,True,True
choice_blocks_12,r207_bitset,291,b5|b6,target,True,True
choice_blocks_12,r207_bitset,292,b5|b7,target,True,True
choice_blocks_12,r207_bitset,293,b5|b8,target,True,True
choice_blocks_12,r207_bitset,294,b5|b9,target,True,True
choice_blocks_12,r207_bitset,295,b6|b7,target,True,True
choice_blocks_12,r207_bitset,296,b6|b8,target,True,True
choice_blocks_12,r207_bitset,297,b6|b9,target,True,True
choice_blocks_12,r207_bitset,298,b7|b8,target,True,True
choice_blocks_12,r207_bitset,299,b7|b9,target,True,True
choice_blocks_12,r207_bitset,300,b8|b9,target,True,True
choice_blocks_12,r207_bitset,301,a0|a1|a10|a11|a2|a3|a4|a5|a6|a7|a8|a9|b0|b1|b10|b11|b2|b3|b4|b5|b6|b7|b8|b9,target,False,False
choice_blocks_24,and_or_forward,0,,target,True,True
choice_blocks_24,and_or_forward,1,a0,target,True,True
choice_blocks_24,and_or_forward,2,a1,target,True,True
choice_blocks_24,and_or_forward,3,a10,target,True,True
choice_blocks_24,and_or_forward,4,a11,target,True,True
choice_blocks_24,and_or_forward,5,a12,target,True,True
choice_blocks_24,and_or_forward,6,a13,target,True,True
choice_blocks_24,and_or_forward,7,a14,target,True,True
choice_blocks_24,and_or_forward,8,a15,target,True,True
choice_blocks_24,and_or_forward,9,a16,target,True,True
choice_blocks_24,and_or_forward,10,a17,target,True,True
choice_blocks_24,and_or_forward,11,a18,target,True,True
choice_blocks_24,and_or_forward,12,a19,target,True,True
choice_blocks_24,and_or_forward,13,a2,target,True,True
choice_blocks_24,and_or_forward,14,a20,target,True,True
choice_blocks_24,and_or_forward,15,a21,target,True,True
choice_blocks_24,and_or_forward,16,a22,target,True,True
choice_blocks_24,and_or_forward,17,a23,target,True,True
choice_blocks_24,and_or_forward,18,a3,target,True,True
choice_blocks_24,and_or_forward,19,a4,target,True,True
choice_blocks_24,and_or_forward,20,a5,target,True,True
choice_blocks_24,and_or_forward,21,a6,target,True,True
choice_blocks_24,and_or_forward,22,a7,target,True,True
choice_blocks_24,and_or_forward,23,a8,target,True,True
choice_blocks_24,and_or_forward,24,a9,target,True,True
choice_blocks_24,and_or_forward,25,b0,target,True,True
choice_blocks_24,and_or_forward,26,b1,target,True,True
choice_blocks_24,and_or_forward,27,b10,target,True,True
choice_blocks_24,and_or_forward,28,b11,target,True,True
choice_blocks_24,and_or_forward,29,b12,target,True,True
choice_blocks_24,and_or_forward,30,b13,target,True,True
choice_blocks_24,and_or_forward,31,b14,target,True,True
choice_blocks_24,and_or_forward,32,b15,target,True,True
choice_blocks_24,and_or_forward,33,b16,target,True,True
choice_blocks_24,and_or_forward,34,b17,target,True,True
choice_blocks_24,and_or_forward,35,b18,target,True,True
choice_blocks_24,and_or_forward,36,b19,target,True,True
choice_blocks_24,and_or_forward,37,b2,target,True,True
choice_blocks_24,and_or_forward,38,b20,target,True,True
choice_blocks_24,and_or_forward,39,b21,target,True,True
choice_blocks_24,and_or_forward,40,b22,target,True,True
choice_blocks_24,and_or_forward,41,b23,target,True,True
choice_blocks_24,and_or_forward,42,b3,target,True,True
choice_blocks_24,and_or_forward,43,b4,target,True,True
choice_blocks_24,and_or_forward,44,b5,target,True,True
choice_blocks_24,and_or_forward,45,b6,target,True,True
choice_blocks_24,and_or_forward,46,b7,target,True,True
choice_blocks_24,and_or_forward,47,b8,target,True,True
choice_blocks_24,and_or_forward,48,b9,target,True,True
choice_blocks_24,and_or_forward,49,a0|a1,target,True,True
choice_blocks_24,and_or_forward,50,a0|a10,target,True,True
choice_blocks_24,and_or_forward,51,a0|a15,target,True,True
choice_blocks_24,and_or_forward,52,a0|a20,target,True,True
choice_blocks_24,and_or_forward,53,a0|a21,target,True,True
choice_blocks_24,and_or_forward,54,a0|a22,target,True,True
choice_blocks_24,and_or_forward,55,a0|a23,target,True,True
choice_blocks_24,and_or_forward,56,a0|a3,target,True,True
choice_blocks_24,and_or_forward,57,a0|a5,target,True,True
choice_blocks_24,and_or_forward,58,a0|a9,target,True,True
choice_blocks_24,and_or_forward,59,a0|b10,target,True,True
choice_blocks_24,and_or_forward,60,a0|b13,target,True,True
choice_blocks_24,and_or_forward,61,a0|b18,target,True,True
choice_blocks_24,and_or_forward,62,a0|b19,target,True,True
choice_blocks_24,and_or_forward,63,a0|b23,target,True,True
choice_blocks_24,and_or_forward,64,a0|b6,target,True,True
choice_blocks_24,and_or_forward,65,a0|b8,target,True,True
choice_blocks_24,and_or_forward,66,a0|b9,target,True,True
choice_blocks_24,and_or_forward,67,a1|a10,target,True,True
choice_blocks_24,and_or_forward,68,a1|a12,target,True,True
choice_blocks_24,and_or_forward,69,a1|a16,target,True,True
choice_blocks_24,and_or_forward,70,a1|a18,target,True,True
choice_blocks_24,and_or_forward,71,a1|a20,target,True,True
choice_blocks_24,and_or_forward,72,a1|a21,target,True,True
choice_blocks_24,and_or_forward,73,a1|a22,target,True,True
choice_blocks_24,and_or_forward,74,a1|a3,target,True,True
choice_blocks_24,and_or_forward,75,a1|a5,target,True,True
choice_blocks_24,and_or_forward,76,a1|a6,target,True,True
choice_blocks_24,and_or_forward,77,a1|a9,target,True,True
choice_blocks_24,and_or_forward,78,a1|b0,target,True,True
choice_blocks_24,and_or_forward,79,a1|b10,target,True,True
choice_blocks_24,and_or_forward,80,a1|b11,target,True,True
choice_blocks_24,and_or_forward,81,a1|b14,target,True,True
choice_blocks_24,and_or_forward,82,a1|b16,target,True,True
choice_blocks_24,and_or_forward,83,a1|b17,target,True,True
choice_blocks_24,and_or_forward,84,a1|b19,target,True,True
choice_blocks_24,and_or_forward,85,a1|b22,target,True,True
choice_blocks_24,and_or_forward,86,a1|b23,target,True,True
choice_blocks_24,and_or_forward,87,a1|b3,target,True,True
choice_blocks_24,and_or_forward,88,a1|b4,target,True,True
choice_blocks_24,and_or_forward,89,a1|b6,target,True,True
choice_blocks_24,and_or_forward,90,a1|b9,target,True,True
choice_blocks_24,and_or_forward,91,a10|a11,target,True,True
choice_blocks_24,and_or_forward,92,a10|a13,target,True,True
choice_blocks_24,and_or_forward,93,a10|a22,target,True,True
choice_blocks_24,and_or_forward,94,a10|a23,target,True,True
choice_blocks_24,and_or_forward,95,a10|a4,target,True,True
choice_blocks_24,and_or_forward,96,a10|a5,target,True,True
choice_blocks_24,and_or_forward,97,a10|a6,target,True,True
choice_blocks_24,and_or_forward,98,a10|a8,target,True,True
choice_blocks_24,and_or_forward,99,a10|a9,target,True,True
choice_blocks_24,and_or_forward,100,a10|b1,target,True,True
choice_blocks_24,and_or_forward,101,a10|b13,target,True,True
choice_blocks_24,and_or_forward,102,a10|b15,target,True,True
choice_blocks_24,and_or_forward,103,a10|b16,target,True,True
choice_blocks_24,and_or_forward,104,a10|b17,target,True,True
choice_blocks_24,and_or_forward,105,a10|b18,target,True,True
choice_blocks_24,and_or_forward,106,a10|b19,target,True,True
choice_blocks_24,and_or_forward,107,a10|b2,target,True,True
choice_blocks_24,and_or_forward,108,a10|b20,target,True,True
choice_blocks_24,and_or_forward,109,a10|b21,target,True,True
choice_blocks_24,and_or_forward,110,a10|b23,target,True,True
choice_blocks_24,and_or_forward,111,a10|b4,target,True,True
choice_blocks_24,and_or_forward,112,a10|b7,target,True,True
choice_blocks_24,and_or_forward,113,a10|b9,target,True,True
choice_blocks_24,and_or_forward,114,a11|a13,target,True,True
choice_blocks_24,and_or_forward,115,a11|a16,target,True,True
choice_blocks_24,and_or_forward,116,a11|a17,target,True,True
choice_blocks_24,and_or_forward,117,a11|a18,target,True,True
choice_blocks_24,and_or_forward,118,a11|a19,target,True,True
choice_blocks_24,and_or_forward,119,a11|a20,target,True,True
choice_blocks_24,and_or_forward,120,a11|a21,target,True,True
choice_blocks_24,and_or_forward,121,a11|a22,target,True,True
choice_blocks_24,and_or_forward,122,a11|a4,target,True,True
choice_blocks_24,and_or_forward,123,a11|a5,target,True,True
choice_blocks_24,and_or_forward,124,a11|a7,target,True,True
choice_blocks_24,and_or_forward,125,a11|b0,target,True,True
choice_blocks_24,and_or_forward,126,a11|b10,target,True,True
choice_blocks_24,and_or_forward,127,a11|b11,target,False,False
choice_blocks_24,and_or_forward,128,a11|b14,target,True,True
choice_blocks_24,and_or_forward,129,a11|b15,target,True,True
choice_blocks_24,and_or_forward,130,a11|b18,target,True,True
choice_blocks_24,and_or_forward,131,a11|b21,target,True,True
choice_blocks_24,and_or_forward,132,a11|b5,target,True,True
choice_blocks_24,and_or_forward,133,a11|b7,target,True,True
choice_blocks_24,and_or_forward,134,a12|a14,target,True,True
choice_blocks_24,and_or_forward,135,a12|a16,target,True,True
choice_blocks_24,and_or_forward,136,a12|a17,target,True,True
choice_blocks_24,and_or_forward,137,a12|a21,target,True,True
choice_blocks_24,and_or_forward,138,a12|a22,target,True,True
choice_blocks_24,and_or_forward,139,a12|a23,target,True,True
choice_blocks_24,and_or_forward,140,a12|a3,target,True,True
choice_blocks_24,and_or_forward,141,a12|a5,target,True,True
choice_blocks_24,and_or_forward,142,a12|a6,target,True,True
choice_blocks_24,and_or_forward,143,a12|a8,target,True,True
choice_blocks_24,and_or_forward,144,a12|a9,target,True,True
choice_blocks_24,and_or_forward,145,a12|b0,target,True,True
choice_blocks_24,and_or_forward,146,a12|b12,target,False,False
choice_blocks_24,and_or_forward,147,a12|b13,target,True,True
choice_blocks_24,and_or_forward,148,a12|b15,target,True,True
choice_blocks_24,and_or_forward,149,a12|b16,target,True,True
choice_blocks_24,and_or_forward,150,a12|b2,target,True,True
choice_blocks_24,and_or_forward,151,a12|b20,target,True,True
choice_blocks_24,and_or_forward,152,a12|b21,target,True,True
choice_blocks_24,and_or_forward,153,a12|b22,target,True,True
choice_blocks_24,and_or_forward,154,a13|a14,target,True,True
choice_blocks_24,and_or_forward,155,a13|a16,target,True,True
choice_blocks_24,and_or_forward,156,a13|a17,target,True,True
choice_blocks_24,and_or_forward,157,a13|a18,target,True,True
choice_blocks_24,and_or_forward,158,a13|a19,target,True,True
choice_blocks_24,and_or_forward,159,a13|a2,target,True,True
choice_blocks_24,and_or_forward,160,a13|a20,target,True,True
choice_blocks_24,and_or_forward,161,a13|a22,target,True,True
choice_blocks_24,and_or_forward,162,a13|a6,target,True,True
choice_blocks_24,and_or_forward,163,a13|b14,target,True,True
choice_blocks_24,and_or_forward,164,a13|b15,target,True,True
choice_blocks_24,and_or_forward,165,a13|b21,target,True,True
choice_blocks_24,and_or_forward,166,a13|b22,target,True,True
choice_blocks_24,and_or_forward,167,a13|b4,target,True,True
choice_blocks_24,and_or_forward,168,a13|b6,target,True,True
choice_blocks_24,and_or_forward,169,a13|b7,target,True,True
choice_blocks_24,and_or_forward,170,a13|b8,target,True,True
choice_blocks_24,and_or_forward,171,a14|a16,target,True,True
choice_blocks_24,and_or_forward,172,a14|a19,target,True,True
choice_blocks_24,and_or_forward,173,a14|a2,target,True,True
choice_blocks_24,and_or_forward,174,a14|a20,target,True,True
choice_blocks_24,and_or_forward,175,a14|a21,target,True,True
choice_blocks_24,and_or_forward,176,a14|a4,target,True,True
choice_blocks_24,and_or_forward,177,a14|a5,target,True,True
choice_blocks_24,and_or_forward,178,a14|a6,target,True,True
choice_blocks_24,and_or_forward,179,a14|a7,target,True,True
choice_blocks_24,and_or_forward,180,a14|a8,target,True,True
choice_blocks_24,and_or_forward,181,a14|b11,target,True,True
choice_blocks_24,and_or_forward,182,a14|b13,target,True,True
choice_blocks_24,and_or_forward,183,a14|b14,target,False,False
choice_blocks_24,and_or_forward,184,a14|b15,target,True,True
choice_blocks_24,and_or_forward,185,a14|b16,target,True,True
choice_blocks_24,and_or_forward,186,a14|b17,target,True,True
choice_blocks_24,and_or_forward,187,a14|b18,target,True,True
choice_blocks_24,and_or_forward,188,a14|b2,target,True,True
choice_blocks_24,and_or_forward,189,a14|b20,target,True,True
choice_blocks_24,and_or_forward,190,a14|b23,target,True,True
choice_blocks_24,and_or_forward,191,a14|b3,target,True,True
choice_blocks_24,and_or_forward,192,a14|b6,target,True,True
choice_blocks_24,and_or_forward,193,a15|a16,target,True,True
choice_blocks_24,and_or_forward,194,a15|a18,target,True,True
choice_blocks_24,and_or_forward,195,a15|a19,target,True,True
choice_blocks_24,and_or_forward,196,a15|a20,target,True,True
choice_blocks_24,and_or_forward,197,a15|a21,target,True,True
choice_blocks_24,and_or_forward,198,a15|a23,target,True,True
choice_blocks_24,and_or_forward,199,a15|a3,target,True,True
choice_blocks_24,and_or_forward,200,a15|a6,target,True,True
choice_blocks_24,and_or_forward,201,a15|a7,target,True,True
choice_blocks_24,and_or_forward,202,a15|b11,target,True,True
choice_blocks_24,and_or_forward,203,a15|b13,target,True,True
choice_blocks_24,and_or_forward,204,a15|b17,target,True,True
choice_blocks_24,and_or_forward,205,a15|b22,target,True,True
choice_blocks_24,and_or_forward,206,a15|b23,target,True,True
choice_blocks_24,and_or_forward,207,a15|b6,target,True,True
choice_blocks_24,and_or_forward,208,a15|b7,target,True,True
choice_blocks_24,and_or_forward,209,a16|a2,target,True,True
choice_blocks_24,and_or_forward,210,a16|a21,target,True,True
choice_blocks_24,and_or_forward,211,a16|a23,target,True,True
choice_blocks_24,and_or_forward,212,a16|a3,target,True,True
choice_blocks_24,and_or_forward,213,a16|a4,target,True,True
choice_blocks_24,and_or_forward,214,a16|a7,target,True,True
choice_blocks_24,and_or_forward,215,a16|a9,target,True,True
choice_blocks_24,and_or_forward,216,a16|b12,target,True,True
choice_blocks_24,and_or_forward,217,a16|b13,target,True,True
choice_blocks_24,and_or_forward,218,a16|b14,target,True,True
choice_blocks_24,and_or_forward,219,a16|b15,target,True,True
choice_blocks_24,and_or_forward,220,a16|b2,target,True,True
choice_blocks_24,and_or_forward,221,a16|b21,target,True,True
choice_blocks_24,and_or_forward,222,a16|b22,target,True,True
choice_blocks_24,and_or_forward,223,a16|b23,target,True,True
choice_blocks_24,and_or_forward,224,a16|b3,target,True,True
choice_blocks_24,and_or_forward,225,a16|b5,target,True,True
choice_blocks_24,and_or_forward,226,a16|b8,target,True,True
choice_blocks_24,and_or_forward,227,a17|a2,target,True,True
choice_blocks_24,and_or_forward,228,a17|a20,target,True,True
choice_blocks_24,and_or_forward,229,a17|a21,target,True,True
choice_blocks_24,and_or_forward,230,a17|a23,target,True,True
choice_blocks_24,and_or_forward,231,a17|a3,target,True,True
choice_blocks_24,and_or_forward,232,a17|a5,target,True,True
choice_blocks_24,and_or_forward,233,a17|a8,target,True,True
choice_blocks_24,and_or_forward,234,a17|a9,target,True,True
choice_blocks_24,and_or_forward,235,a17|b0,target,True,True
choice_blocks_24,and_or_forward,236,a17|b18,target,True,True
choice_blocks_24,and_or_forward,237,a17|b2,target,True,True
choice_blocks_24,and_or_forward,238,a17|b20,target,True,True
choice_blocks_24,and_or_forward,239,a17|b7,target,True,True
choice_blocks_24,and_or_forward,240,a18|a19,target,True,True
choice_blocks_24,and_or_forward,241,a18|a2,target,True,True
choice_blocks_24,and_or_forward,242,a18|a3,target,True,True
choice_blocks_24,and_or_forward,243,a18|a6,target,True,True
choice_blocks_24,and_or_forward,244,a18|a7,target,True,True
choice_blocks_24,and_or_forward,245,a18|a8,target,True,True
choice_blocks_24,and_or_forward,246,a18|b1,target,True,True
choice_blocks_24,and_or_forward,247,a18|b10,target,True,True
choice_blocks_24,and_or_forward,248,a18|b14,target,True,True
choice_blocks_24,and_or_forward,249,a18|b5,target,True,True
choice_blocks_24,and_or_forward,250,a18|b6,target,True,True
choice_blocks_24,and_or_forward,251,a18|b8,target,True,True
choice_blocks_24,and_or_forward,252,a19|a2,target,True,True
choice_blocks_24,and_or_forward,253,a19|a22,target,True,True
choice_blocks_24,and_or_forward,254,a19|a4,target,True,True
choice_blocks_24,and_or_forward,255,a19|a9,target,True,True
choice_blocks_24,and_or_forward,256,a19|b1,target,True,True
choice_blocks_24,and_or_forward,257,a19|b10,target,True,True
choice_blocks_24,and_or_forward,258,a19|b12,target,True,True
choice_blocks_24,and_or_forward,259,a19|b15,target,True,True
choice_blocks_24,and_or_forward,260,a19|b16,target,True,True
choice_blocks_24,and_or_forward,261,a19|b17,target,True,True
choice_blocks_24,and_or_forward,262,a19|b20,target,True,True
choice_blocks_24,and_or_forward,263,a19|b21,target,True,True
choice_blocks_24,and_or_forward,264,a19|b22,target,True,True
choice_blocks_24,and_or_forward,265,a19|b23,target,True,True
choice_blocks_24,and_or_forward,266,a19|b3,target,True,True
choice_blocks_24,and_or_forward,267,a19|b4,target,True,True
choice_blocks_24,and_or_forward,268,a19|b6,target,True,True
choice_blocks_24,and_or_forward,269,a19|b9,target,True,True
choice_blocks_24,and_or_forward,270,a2|a20,target,True,True
choice_blocks_24,and_or_forward,271,a2|a21,target,True,True
choice_blocks_24,and_or_forward,272,a2|a22,target,True,True
choice_blocks_24,and_or_forward,273,a2|a4,target,True,True
choice_blocks_24,and_or_forward,274,a2|a5,target,True,True
choice_blocks_24,and_or_forward,275,a2|a7,target,True,True
choice_blocks_24,and_or_forward,276,a2|a8,target,True,True
choice_blocks_24,and_or_forward,277,a2|b1,target,True,True
choice_blocks_24,and_or_forward,278,a2|b10,target,True,True
choice_blocks_24,and_or_forward,279,a2|b11,target,True,True
choice_blocks_24,and_or_forward,280,a2|b12,target,True,True
choice_blocks_24,and_or_forward,281,a2|b13,target,True,True
choice_blocks_24,and_or_forward,282,a2|b15,target,True,True
choice_blocks_24,and_or_forward,283,a2|b16,target,True,True
choice_blocks_24,and_or_forward,284,a2|b18,target,True,True
choice_blocks_24,and_or_forward,285,a2|b22,target,True,True
choice_blocks_24,and_or_forward,286,a2|b23,target,True,True
choice_blocks_24,and_or_forward,287,a2|b4,target,True,True
choice_blocks_24,and_or_forward,288,a2|b5,target,True,True
choice_blocks_24,and_or_forward,289,a2|b8,target,True,True
choice_blocks_24,and_or_forward,290,a2|b9,target,True,True
choice_blocks_24,and_or_forward,291,a20|a6,target,True,True
choice_blocks_24,and_or_forward,292,a20|b0,target,True,True
choice_blocks_24,and_or_forward,293,a20|b10,target,True,True
choice_blocks_24,and_or_forward,294,a20|b11,target,True,True
choice_blocks_24,and_or_forward,295,a20|b17,target,True,True
choice_blocks_24,and_or_forward,296,a20|b18,target,True,True
choice_blocks_24,and_or_forward,297,a20|b19,target,True,True
choice_blocks_24,and_or_forward,298,a20|b4,target,True,True
choice_blocks_24,and_or_forward,299,a20|b6,target,True,True
choice_blocks_24,and_or_forward,300,a20|b8,target,True,True
choice_blocks_24,and_or_forward,301,a21|a4,target,True,True
choice_blocks_24,and_or_forward,302,a21|a7,target,True,True
choice_blocks_24,and_or_forward,303,a21|a9,target,True,True
choice_blocks_24,and_or_forward,304,a21|b10,target,True,True
choice_blocks_24,and_or_forward,305,a21|b11,target,True,True
choice_blocks_24,and_or_forward,306,a21|b13,target,True,True
choice_blocks_24,and_or_forward,307,a21|b14,target,True,True
choice_blocks_24,and_or_forward,308,a21|b16,target,True,True
choice_blocks_24,and_or_forward,309,a21|b18,target,True,True
choice_blocks_24,and_or_forward,310,a21|b19,target,True,True
choice_blocks_24,and_or_forward,311,a21|b20,target,True,True
choice_blocks_24,and_or_forward,312,a21|b7,target,True,True
choice_blocks_24,and_or_forward,313,a22|a4,target,True,True
choice_blocks_24,and_or_forward,314,a22|a6,target,True,True
choice_blocks_24,and_or_forward,315,a22|a8,target,True,True
choice_blocks_24,and_or_forward,316,a22|a9,target,True,True
choice_blocks_24,and_or_forward,317,a22|b12,target,True,True
choice_blocks_24,and_or_forward,318,a22|b13,target,True,True
choice_blocks_24,and_or_forward,319,a22|b14,target,True,True
choice_blocks_24,and_or_forward,320,a22|b15,target,True,True
choice_blocks_24,and_or_forward,321,a22|b17,target,True,True
choice_blocks_24,and_or_forward,322,a22|b20,target,True,True
choice_blocks_24,and_or_forward,323,a22|b22,target,False,False
choice_blocks_24,and_or_forward,324,a22|b23,target,True,True
choice_blocks_24,and_or_forward,325,a22|b3,target,True,True
choice_blocks_24,and_or_forward,326,a22|b5,target,True,True
choice_blocks_24,and_or_forward,327,a22|b6,target,True,True
choice_blocks_24,and_or_forward,328,a22|b8,target,True,True
choice_blocks_24,and_or_forward,329,a23|a5,target,True,True
choice_blocks_24,and_or_forward,330,a23|a6,target,True,True
choice_blocks_24,and_or_forward,331,a23|a7,target,True,True
choice_blocks_24,and_or_forward,332,a23|a8,target,True,True
choice_blocks_24,and_or_forward,333,a23|a9,target,True,True
choice_blocks_24,and_or_forward,334,a23|b0,target,True,True
choice_blocks_24,and_or_forward,335,a23|b11,target,True,True
choice_blocks_24,and_or_forward,336,a23|b14,target,True,True
choice_blocks_24,and_or_forward,337,a23|b15,target,True,True
choice_blocks_24,and_or_forward,338,a23|b16,target,True,True
choice_blocks_24,and_or_forward,339,a23|b2,target,True,True
choice_blocks_24,and_or_forward,340,a23|b3,target,True,True
choice_blocks_24,and_or_forward,341,a23|b7,target,True,True
choice_blocks_24,and_or_forward,342,a23|b8,target,True,True
choice_blocks_24,and_or_forward,343,a3|a4,target,True,True
choice_blocks_24,and_or_forward,344,a3|a6,target,True,True
choice_blocks_24,and_or_forward,345,a3|a7,target,True,True
choice_blocks_24,and_or_forward,346,a3|a9,target,True,True
choice_blocks_24,and_or_forward,347,a3|b1,target,True,True
choice_blocks_24,and_or_forward,348,a3|b11,target,True,True
choice_blocks_24,and_or_forward,349,a3|b12,target,True,True
choice_blocks_24,and_or_forward,350,a3|b14,target,True,True
choice_blocks_24,and_or_forward,351,a3|b15,target,True,True
choice_blocks_24,and_or_forward,352,a3|b19,target,True,True
choice_blocks_24,and_or_forward,353,a3|b2,target,True,True
choice_blocks_24,and_or_forward,354,a3|b20,target,True,True
choice_blocks_24,and_or_forward,355,a3|b22,target,True,True
choice_blocks_24,and_or_forward,356,a3|b3,target,False,False
choice_blocks_24,and_or_forward,357,a3|b4,target,True,True
choice_blocks_24,and_or_forward,358,a3|b5,target,True,True
choice_blocks_24,and_or_forward,359,a3|b6,target,True,True
choice_blocks_24,and_or_forward,360,a3|b7,target,True,True
choice_blocks_24,and_or_forward,361,a4|a5,target,True,True
choice_blocks_24,and_or_forward,362,a4|a7,target,True,True
choice_blocks_24,and_or_forward,363,a4|a8,target,True,True
choice_blocks_24,and_or_forward,364,a4|b1,target,True,True
choice_blocks_24,and_or_forward,365,a4|b10,target,True,True
choice_blocks_24,and_or_forward,366,a4|b11,target,True,True
choice_blocks_24,and_or_forward,367,a4|b13,target,True,True
choice_blocks_24,and_or_forward,368,a4|b14,target,True,True
choice_blocks_24,and_or_forward,369,a4|b15,target,True,True
choice_blocks_24,and_or_forward,370,a4|b17,target,True,True
choice_blocks_24,and_or_forward,371,a4|b19,target,True,True
choice_blocks_24,and_or_forward,372,a4|b2,target,True,True
choice_blocks_24,and_or_forward,373,a4|b20,target,True,True
choice_blocks_24,and_or_forward,374,a4|b21,target,True,True
choice_blocks_24,and_or_forward,375,a4|b22,target,True,True
choice_blocks_24,and_or_forward,376,a4|b23,target,True,True
choice_blocks_24,and_or_forward,377,a4|b3,target,True,True
choice_blocks_24,and_or_forward,378,a4|b5,target,True,True
choice_blocks_24,and_or_forward,379,a4|b9,target,True,True
choice_blocks_24,and_or_forward,380,a5|a6,target,True,True
choice_blocks_24,and_or_forward,381,a5|a9,target,True,True
choice_blocks_24,and_or_forward,382,a5|b12,target,True,True
choice_blocks_24,and_or_forward,383,a5|b14,target,True,True
choice_blocks_24,and_or_forward,384,a5|b16,target,True,True
choice_blocks_24,and_or_forward,385,a5|b17,target,True,True
choice_blocks_24,and_or_forward,386,a5|b18,target,True,True
choice_blocks_24,and_or_forward,387,a5|b20,target,True,True
choice_blocks_24,and_or_forward,388,a5|b21,target,True,True
choice_blocks_24,and_or_forward,389,a5|b22,target,True,True
choice_blocks_24,and_or_forward,390,a5|b3,target,True,True
choice_blocks_24,and_or_forward,391,a5|b8,target,True,True
choice_blocks_24,and_or_forward,392,a6|a7,target,True,True
choice_blocks_24,and_or_forward,393,a6|a8,target,True,True
choice_blocks_24,and_or_forward,394,a6|a9,target,True,True
choice_blocks_24,and_or_forward,395,a6|b12,target,True,True
choice_blocks_24,and_or_forward,396,a6|b13,target,True,True
choice_blocks_24,and_or_forward,397,a6|b14,target,True,True
choice_blocks_24,and_or_forward,398,a6|b16,target,True,True
choice_blocks_24,and_or_forward,399,a6|b18,target,True,True
choice_blocks_24,and_or_forward,400,a6|b20,target,True,True
choice_blocks_24,and_or_forward,401,a6|b21,target,True,True
choice_blocks_24,and_or_forward,402,a6|b23,target,True,True
choice_blocks_24,and_or_forward,403,a6|b7,target,True,True
choice_blocks_24,and_or_forward,404,a6|b9,target,True,True
choice_blocks_24,and_or_forward,405,a7|a8,target,True,True
choice_blocks_24,and_or_forward,406,a7|a9,target,True,True
choice_blocks_24,and_or_forward,407,a7|b10,target,True,True
choice_blocks_24,and_or_forward,408,a7|b12,target,True,True
choice_blocks_24,and_or_forward,409,a7|b14,target,True,True
choice_blocks_24,and_or_forward,410,a7|b17,target,True,True
choice_blocks_24,and_or_forward,411,a7|b19,target,True,True
choice_blocks_24,and_or_forward,412,a7|b20,target,True,True
choice_blocks_24,and_or_forward,413,a7|b5,target,True,True
choice_blocks_24,and_or_forward,414,a7|b7,target,False,False
choice_blocks_24,and_or_forward,415,a8|a9,target,True,True
choice_blocks_24,and_or_forward,416,a8|b1,target,True,True
choice_blocks_24,and_or_forward,417,a8|b11,target,True,True
choice_blocks_24,and_or_forward,418,a8|b13,target,True,True
choice_blocks_24,and_or_forward,419,a8|b14,target,True,True
choice_blocks_24,and_or_forward,420,a8|b18,target,True,True
choice_blocks_24,and_or_forward,421,a8|b19,target,True,True
choice_blocks_24,and_or_forward,422,a8|b22,target,True,True
choice_blocks_24,and_or_forward,423,a8|b3,target,True,True
choice_blocks_24,and_or_forward,424,a8|b4,target,True,True
choice_blocks_24,and_or_forward,425,a8|b9,target,True,True
choice_blocks_24,and_or_forward,426,a9|b11,target,True,True
choice_blocks_24,and_or_forward,427,a9|b13,target,True,True
choice_blocks_24,and_or_forward,428,a9|b17,target,True,True
choice_blocks_24,and_or_forward,429,a9|b22,target,True,True
choice_blocks_24,and_or_forward,430,a9|b23,target,True,True
choice_blocks_24,and_or_forward,431,a9|b4,target,True,True
choice_blocks_24,and_or_forward,432,a9|b8,target,True,True
choice_blocks_24,and_or_forward,433,b0|b10,target,True,True
choice_blocks_24,and_or_forward,434,b0|b11,target,True,True
choice_blocks_24,and_or_forward,435,b0|b12,target,True,True
choice_blocks_24,and_or_forward,436,b0|b16,target,True,True
choice_blocks_24,and_or_forward,437,b0|b17,target,True,True
choice_blocks_24,and_or_forward,438,b0|b19,target,True,True
choice_blocks_24,and_or_forward,439,b0|b21,target,True,True
choice_blocks_24,and_or_forward,440,b0|b3,target,True,True
choice_blocks_24,and_or_forward,441,b0|b5,target,True,True
choice_blocks_24,and_or_forward,442,b0|b7,target,True,True
choice_blocks_24,and_or_forward,443,b0|b9,target,True,True
choice_blocks_24,and_or_forward,444,b1|b10,target,True,True
choice_blocks_24,and_or_forward,445,b1|b12,target,True,True
choice_blocks_24,and_or_forward,446,b1|b13,target,True,True
choice_blocks_24,and_or_forward,447,b1|b14,target,True,True
choice_blocks_24,and_or_forward,448,b1|b15,target,True,True
choice_blocks_24,and_or_forward,449,b1|b18,target,True,True
choice_blocks_24,and_or_forward,450,b1|b19,target,True,True
choice_blocks_24,and_or_forward,451,b1|b3,target,True,True
choice_blocks_24,and_or_forward,452,b1|b5,target,True,True
choice_blocks_24,and_or_forward,453,b10|b11,target,True,True
choice_blocks_24,and_or_forward,454,b10|b12,target,True,True
choice_blocks_24,and_or_forward,455,b10|b13,target,True,True
choice_blocks_24,and_or_forward,456,b10|b14,target,True,True
choice_blocks_24,and_or_forward,457,b10|b16,target,True,True
choice_blocks_24,and_or_forward,458,b10|b17,target,True,True
choice_blocks_24,and_or_forward,459,b10|b19,target,True,True
choice_blocks_24,and_or_forward,460,b10|b2,target,True,True
choice_blocks_24,and_or_forward,461,b10|b20,target,True,True
choice_blocks_24,and_or_forward,462,b10|b21,target,True,True
choice_blocks_24,and_or_forward,463,b10|b23,target,True,True
choice_blocks_24,and_or_forward,464,b10|b4,target,True,True
choice_blocks_24,and_or_forward,465,b10|b5,target,True,True
choice_blocks_24,and_or_forward,466,b10|b6,target,True,True
choice_blocks_24,and_or_forward,467,b10|b8,target,True,True
choice_blocks_24,and_or_forward,468,b10|b9,target,True,True
choice_blocks_24,and_or_forward,469,b11|b14,target,True,True
choice_blocks_24,and_or_forward,470,b11|b18,target,True,True
choice_blocks_24,and_or_forward,471,b11|b2,target,True,True
choice_blocks_24,and_or_forward,472,b11|b3,target,True,True
choice_blocks_24,and_or_forward,473,b11|b5,target,True,True
choice_blocks_24,and_or_forward,474,b11|b6,target,True,True
choice_blocks_24,and_or_forward,475,b11|b7,target,True,True
choice_blocks_24,and_or_forward,476,b11|b8,target,True,True
choice_blocks_24,and_or_forward,477,b11|b9,target,True,True
choice_blocks_24,and_or_forward,478,b12|b14,target,True,True
choice_blocks_24,and_or_forward,479,b12|b17,target,True,True
choice_blocks_24,and_or_forward,480,b12|b20,target,True,True
choice_blocks_24,and_or_forward,481,b12|b23,target,True,True
choice_blocks_24,and_or_forward,482,b12|b6,target,True,True
choice_blocks_24,and_or_forward,483,b12|b7,target,True,True
choice_blocks_24,and_or_forward,484,b13|b17,target,True,True
choice_blocks_24,and_or_forward,485,b13|b18,target,True,True
choice_blocks_24,and_or_forward,486,b13|b19,target,True,True
choice_blocks_24,and_or_forward,487,b13|b2,target,True,True
choice_blocks_24,and_or_forward,488,b13|b20,target,True,True
choice_blocks_24,and_or_forward,489,b13|b22,target,True,True
choice_blocks_24,and_or_forward,490,b13|b23,target,True,True
choice_blocks_24,and_or_forward,491,b13|b4,target,True,True
choice_blocks_24,and_or_forward,492,b13|b5,target,True,True
choice_blocks_24,and_or_forward,493,b13|b7,target,True,True
choice_blocks_24,and_or_forward,494,b14|b17,target,True,True
choice_blocks_24,and_or_forward,495,b14|b2,target,True,True
choice_blocks_24,and_or_forward,496,b14|b20,target,True,True
choice_blocks_24,and_or_forward,497,b14|b3,target,True,True
choice_blocks_24,and_or_forward,498,b14|b4,target,True,True
choice_blocks_24,and_or_forward,499,b14|b6,target,True,True
choice_blocks_24,and_or_forward,500,b14|b8,target,True,True
choice_blocks_24,and_or_forward,501,b15|b16,target,True,True
choice_blocks_24,and_or_forward,502,b15|b17,target,True,True
choice_blocks_24,and_or_forward,503,b15|b5,target,True,True
choice_blocks_24,and_or_forward,504,b15|b6,target,True,True
choice_blocks_24,and_or_forward,505,b15|b9,target,True,True
choice_blocks_24,and_or_forward,506,b16|b17,target,True,True
choice_blocks_24,and_or_forward,507,b16|b18,target,True,True
choice_blocks_24,and_or_forward,508,b16|b2,target,True,True
choice_blocks_24,and_or_forward,509,b16|b21,target,True,True
choice_blocks_24,and_or_forward,510,b16|b22,target,True,True
choice_blocks_24,and_or_forward,511,b16|b6,target,True,True
choice_blocks_24,and_or_forward,512,b16|b8,target,True,True
choice_blocks_24,and_or_forward,513,b16|b9,target,True,True
choice_blocks_24,and_or_forward,514,b17|b18,target,True,True
choice_blocks_24,and_or_forward,515,b17|b2,target,True,True
choice_blocks_24,and_or_forward,516,b17|b21,target,True,True
choice_blocks_24,and_or_forward,517,b17|b23,target,True,True
choice_blocks_24,and_or_forward,518,b17|b6,target,True,True
choice_blocks_24,and_or_forward,519,b18|b2,target,True,True
choice_blocks_24,and_or_forward,520,b18|b21,target,True,True
choice_blocks_24,and_or_forward,521,b18|b23,target,True,True
choice_blocks_24,and_or_forward,522,b18|b3,target,True,True
choice_blocks_24,and_or_forward,523,b18|b4,target,True,True
choice_blocks_24,and_or_forward,524,b18|b5,target,True,True
choice_blocks_24,and_or_forward,525,b18|b8,target,True,True
choice_blocks_24,and_or_forward,526,b18|b9,target,True,True
choice_blocks_24,and_or_forward,527,b19|b20,target,True,True
choice_blocks_24,and_or_forward,528,b19|b3,target,True,True
choice_blocks_24,and_or_forward,529,b19|b8,target,True,True
choice_blocks_24,and_or_forward,530,b19|b9,target,True,True
choice_blocks_24,and_or_forward,531,b2|b21,target,True,True
choice_blocks_24,and_or_forward,532,b2|b22,target,True,True
choice_blocks_24,and_or_forward,533,b2|b23,target,True,True
choice_blocks_24,and_or_forward,534,b2|b4,target,True,True
choice_blocks_24,and_or_forward,535,b2|b7,target,True,True
choice_blocks_24,and_or_forward,536,b2|b8,target,True,True
choice_blocks_24,and_or_forward,537,b2|b9,target,True,True
choice_blocks_24,and_or_forward,538,b20|b21,target,True,True
choice_blocks_24,and_or_forward,539,b20|b22,target,True,True
choice_blocks_24,and_or_forward,540,b20|b23,target,True,True
choice_blocks_24,and_or_forward,541,b20|b5,target,True,True
choice_blocks_24,and_or_forward,542,b20|b6,target,True,True
choice_blocks_24,and_or_forward,543,b20|b8,target,True,True
choice_blocks_24,and_or_forward,544,b21|b22,target,True,True
choice_blocks_24,and_or_forward,545,b21|b23,target,True,True
choice_blocks_24,and_or_forward,546,b22|b4,target,True,True
choice_blocks_24,and_or_forward,547,b22|b5,target,True,True
choice_blocks_24,and_or_forward,548,b22|b7,target,True,True
choice_blocks_24,and_or_forward,549,b23|b3,target,True,True
choice_blocks_24,and_or_forward,550,b23|b8,target,True,True
choice_blocks_24,and_or_forward,551,b23|b9,target,True,True
choice_blocks_24,and_or_forward,552,b3|b4,target,True,True
choice_blocks_24,and_or_forward,553,b3|b6,target,True,True
choice_blocks_24,and_or_forward,554,b3|b8,target,True,True
choice_blocks_24,and_or_forward,555,b4|b5,target,True,True
choice_blocks_24,and_or_forward,556,b5|b6,target,True,True
choice_blocks_24,and_or_forward,557,b5|b7,target,True,True
choice_blocks_24,and_or_forward,558,b7|b8,target,True,True
choice_blocks_24,and_or_forward,559,b7|b9,target,True,True
choice_blocks_24,and_or_forward,560,b8|b9,target,True,True
choice_blocks_24,and_or_forward,561,a0|a1|a10|a11|a12|a13|a14|a15|a16|a17|a18|a19|a2|a20|a21|a22|a23|a3|a4|a5|a6|a7|a8|a9|b0|b1|b10|b11|b12|b13|b14|b15|b16|b17|b18|b19|b2|b20|b21|b22|b23|b3|b4|b5|b6|b7|b8|b9,target,False,False
choice_blocks_24,r207_scalar,0,,target,True,True
choice_blocks_24,r207_scalar,1,a0,target,True,True
choice_blocks_24,r207_scalar,2,a1,target,True,True
choice_blocks_24,r207_scalar,3,a10,target,True,True
choice_blocks_24,r207_scalar,4,a11,target,True,True
choice_blocks_24,r207_scalar,5,a12,target,True,True
choice_blocks_24,r207_scalar,6,a13,target,True,True
choice_blocks_24,r207_scalar,7,a14,target,True,True
choice_blocks_24,r207_scalar,8,a15,target,True,True
choice_blocks_24,r207_scalar,9,a16,target,True,True
choice_blocks_24,r207_scalar,10,a17,target,True,True
choice_blocks_24,r207_scalar,11,a18,target,True,True
choice_blocks_24,r207_scalar,12,a19,target,True,True
choice_blocks_24,r207_scalar,13,a2,target,True,True
choice_blocks_24,r207_scalar,14,a20,target,True,True
choice_blocks_24,r207_scalar,15,a21,target,True,True
choice_blocks_24,r207_scalar,16,a22,target,True,True
choice_blocks_24,r207_scalar,17,a23,target,True,True
choice_blocks_24,r207_scalar,18,a3,target,True,True
choice_blocks_24,r207_scalar,19,a4,target,True,True
choice_blocks_24,r207_scalar,20,a5,target,True,True
choice_blocks_24,r207_scalar,21,a6,target,True,True
choice_blocks_24,r207_scalar,22,a7,target,True,True
choice_blocks_24,r207_scalar,23,a8,target,True,True
choice_blocks_24,r207_scalar,24,a9,target,True,True
choice_blocks_24,r207_scalar,25,b0,target,True,True
choice_blocks_24,r207_scalar,26,b1,target,True,True
choice_blocks_24,r207_scalar,27,b10,target,True,True
choice_blocks_24,r207_scalar,28,b11,target,True,True
choice_blocks_24,r207_scalar,29,b12,target,True,True
choice_blocks_24,r207_scalar,30,b13,target,True,True
choice_blocks_24,r207_scalar,31,b14,target,True,True
choice_blocks_24,r207_scalar,32,b15,target,True,True
choice_blocks_24,r207_scalar,33,b16,target,True,True
choice_blocks_24,r207_scalar,34,b17,target,True,True
choice_blocks_24,r207_scalar,35,b18,target,True,True
choice_blocks_24,r207_scalar,36,b19,target,True,True
choice_blocks_24,r207_scalar,37,b2,target,True,True
choice_blocks_24,r207_scalar,38,b20,target,True,True
choice_blocks_24,r207_scalar,39,b21,target,True,True
choice_blocks_24,r207_scalar,40,b22,target,True,True
choice_blocks_24,r207_scalar,41,b23,target,True,True
choice_blocks_24,r207_scalar,42,b3,target,True,True
choice_blocks_24,r207_scalar,43,b4,target,True,True
choice_blocks_24,r207_scalar,44,b5,target,True,True
choice_blocks_24,r207_scalar,45,b6,target,True,True
choice_blocks_24,r207_scalar,46,b7,target,True,True
choice_blocks_24,r207_scalar,47,b8,target,True,True
choice_blocks_24,r207_scalar,48,b9,target,True,True
choice_blocks_24,r207_scalar,49,a0|a1,target,True,True
choice_blocks_24,r207_scalar,50,a0|a10,target,True,True
choice_blocks_24,r207_scalar,51,a0|a15,target,True,True
choice_blocks_24,r207_scalar,52,a0|a20,target,True,True
choice_blocks_24,r207_scalar,53,a0|a21,target,True,True
choice_blocks_24,r207_scalar,54,a0|a22,target,True,True
choice_blocks_24,r207_scalar,55,a0|a23,target,True,True
choice_blocks_24,r207_scalar,56,a0|a3,target,True,True
choice_blocks_24,r207_scalar,57,a0|a5,target,True,True
choice_blocks_24,r207_scalar,58,a0|a9,target,True,True
choice_blocks_24,r207_scalar,59,a0|b10,target,True,True
choice_blocks_24,r207_scalar,60,a0|b13,target,True,True
choice_blocks_24,r207_scalar,61,a0|b18,target,True,True
choice_blocks_24,r207_scalar,62,a0|b19,target,True,True
choice_blocks_24,r207_scalar,63,a0|b23,target,True,True
choice_blocks_24,r207_scalar,64,a0|b6,target,True,True
choice_blocks_24,r207_scalar,65,a0|b8,target,True,True
choice_blocks_24,r207_scalar,66,a0|b9,target,True,True
choice_blocks_24,r207_scalar,67,a1|a10,target,True,True
choice_blocks_24,r207_scalar,68,a1|a12,target,True,True
choice_blocks_24,r207_scalar,69,a1|a16,target,True,True
choice_blocks_24,r207_scalar,70,a1|a18,target,True,True
choice_blocks_24,r207_scalar,71,a1|a20,target,True,True
choice_blocks_24,r207_scalar,72,a1|a21,target,True,True
choice_blocks_24,r207_scalar,73,a1|a22,target,True,True
choice_blocks_24,r207_scalar,74,a1|a3,target,True,True
choice_blocks_24,r207_scalar,75,a1|a5,target,True,True
choice_blocks_24,r207_scalar,76,a1|a6,target,True,True
choice_blocks_24,r207_scalar,77,a1|a9,target,True,True
choice_blocks_24,r207_scalar,78,a1|b0,target,True,True
choice_blocks_24,r207_scalar,79,a1|b10,target,True,True
choice_blocks_24,r207_scalar,80,a1|b11,target,True,True
choice_blocks_24,r207_scalar,81,a1|b14,target,True,True
choice_blocks_24,r207_scalar,82,a1|b16,target,True,True
choice_blocks_24,r207_scalar,83,a1|b17,target,True,True
choice_blocks_24,r207_scalar,84,a1|b19,target,True,True
choice_blocks_24,r207_scalar,85,a1|b22,target,True,True
choice_blocks_24,r207_scalar,86,a1|b23,target,True,True
choice_blocks_24,r207_scalar,87,a1|b3,target,True,True
choice_blocks_24,r207_scalar,88,a1|b4,target,True,True
choice_blocks_24,r207_scalar,89,a1|b6,target,True,True
choice_blocks_24,r207_scalar,90,a1|b9,target,True,True
choice_blocks_24,r207_scalar,91,a10|a11,target,True,True
choice_blocks_24,r207_scalar,92,a10|a13,target,True,True
choice_blocks_24,r207_scalar,93,a10|a22,target,True,True
choice_blocks_24,r207_scalar,94,a10|a23,target,True,True
choice_blocks_24,r207_scalar,95,a10|a4,target,True,True
choice_blocks_24,r207_scalar,96,a10|a5,target,True,True
choice_blocks_24,r207_scalar,97,a10|a6,target,True,True
choice_blocks_24,r207_scalar,98,a10|a8,target,True,True
choice_blocks_24,r207_scalar,99,a10|a9,target,True,True
choice_blocks_24,r207_scalar,100,a10|b1,target,True,True
choice_blocks_24,r207_scalar,101,a10|b13,target,True,True
choice_blocks_24,r207_scalar,102,a10|b15,target,True,True
choice_blocks_24,r207_scalar,103,a10|b16,target,True,True
choice_blocks_24,r207_scalar,104,a10|b17,target,True,True
choice_blocks_24,r207_scalar,105,a10|b18,target,True,True
choice_blocks_24,r207_scalar,106,a10|b19,target,True,True
choice_blocks_24,r207_scalar,107,a10|b2,target,True,True
choice_blocks_24,r207_scalar,108,a10|b20,target,True,True
choice_blocks_24,r207_scalar,109,a10|b21,target,True,True
choice_blocks_24,r207_scalar,110,a10|b23,target,True,True
choice_blocks_24,r207_scalar,111,a10|b4,target,True,True
choice_blocks_24,r207_scalar,112,a10|b7,target,True,True
choice_blocks_24,r207_scalar,113,a10|b9,target,True,True
choice_blocks_24,r207_scalar,114,a11|a13,target,True,True
choice_blocks_24,r207_scalar,115,a11|a16,target,True,True
choice_blocks_24,r207_scalar,116,a11|a17,target,True,True
choice_blocks_24,r207_scalar,117,a11|a18,target,True,True
choice_blocks_24,r207_scalar,118,a11|a19,target,True,True
choice_blocks_24,r207_scalar,119,a11|a20,target,True,True
choice_blocks_24,r207_scalar,120,a11|a21,target,True,True
choice_blocks_24,r207_scalar,121,a11|a22,target,True,True
choice_blocks_24,r207_scalar,122,a11|a4,target,True,True
choice_blocks_24,r207_scalar,123,a11|a5,target,True,True
choice_blocks_24,r207_scalar,124,a11|a7,target,True,True
choice_blocks_24,r207_scalar,125,a11|b0,target,True,True
choice_blocks_24,r207_scalar,126,a11|b10,target,True,True
choice_blocks_24,r207_scalar,127,a11|b11,target,False,False
choice_blocks_24,r207_scalar,128,a11|b14,target,True,True
choice_blocks_24,r207_scalar,129,a11|b15,target,True,True
choice_blocks_24,r207_scalar,130,a11|b18,target,True,True
choice_blocks_24,r207_scalar,131,a11|b21,target,True,True
choice_blocks_24,r207_scalar,132,a11|b5,target,True,True
choice_blocks_24,r207_scalar,133,a11|b7,target,True,True
choice_blocks_24,r207_scalar,134,a12|a14,target,True,True
choice_blocks_24,r207_scalar,135,a12|a16,target,True,True
choice_blocks_24,r207_scalar,136,a12|a17,target,True,True
choice_blocks_24,r207_scalar,137,a12|a21,target,True,True
choice_blocks_24,r207_scalar,138,a12|a22,target,True,True
choice_blocks_24,r207_scalar,139,a12|a23,target,True,True
choice_blocks_24,r207_scalar,140,a12|a3,target,True,True
choice_blocks_24,r207_scalar,141,a12|a5,target,True,True
choice_blocks_24,r207_scalar,142,a12|a6,target,True,True
choice_blocks_24,r207_scalar,143,a12|a8,target,True,True
choice_blocks_24,r207_scalar,144,a12|a9,target,True,True
choice_blocks_24,r207_scalar,145,a12|b0,target,True,True
choice_blocks_24,r207_scalar,146,a12|b12,target,False,False
choice_blocks_24,r207_scalar,147,a12|b13,target,True,True
choice_blocks_24,r207_scalar,148,a12|b15,target,True,True
choice_blocks_24,r207_scalar,149,a12|b16,target,True,True
choice_blocks_24,r207_scalar,150,a12|b2,target,True,True
choice_blocks_24,r207_scalar,151,a12|b20,target,True,True
choice_blocks_24,r207_scalar,152,a12|b21,target,True,True
choice_blocks_24,r207_scalar,153,a12|b22,target,True,True
choice_blocks_24,r207_scalar,154,a13|a14,target,True,True
choice_blocks_24,r207_scalar,155,a13|a16,target,True,True
choice_blocks_24,r207_scalar,156,a13|a17,target,True,True
choice_blocks_24,r207_scalar,157,a13|a18,target,True,True
choice_blocks_24,r207_scalar,158,a13|a19,target,True,True
choice_blocks_24,r207_scalar,159,a13|a2,target,True,True
choice_blocks_24,r207_scalar,160,a13|a20,target,True,True
choice_blocks_24,r207_scalar,161,a13|a22,target,True,True
choice_blocks_24,r207_scalar,162,a13|a6,target,True,True
choice_blocks_24,r207_scalar,163,a13|b14,target,True,True
choice_blocks_24,r207_scalar,164,a13|b15,target,True,True
choice_blocks_24,r207_scalar,165,a13|b21,target,True,True
choice_blocks_24,r207_scalar,166,a13|b22,target,True,True
choice_blocks_24,r207_scalar,167,a13|b4,target,True,True
choice_blocks_24,r207_scalar,168,a13|b6,target,True,True
choice_blocks_24,r207_scalar,169,a13|b7,target,True,True
choice_blocks_24,r207_scalar,170,a13|b8,target,True,True
choice_blocks_24,r207_scalar,171,a14|a16,target,True,True
choice_blocks_24,r207_scalar,172,a14|a19,target,True,True
choice_blocks_24,r207_scalar,173,a14|a2,target,True,True
choice_blocks_24,r207_scalar,174,a14|a20,target,True,True
choice_blocks_24,r207_scalar,175,a14|a21,target,True,True
choice_blocks_24,r207_scalar,176,a14|a4,target,True,True
choice_blocks_24,r207_scalar,177,a14|a5,target,True,True
choice_blocks_24,r207_scalar,178,a14|a6,target,True,True
choice_blocks_24,r207_scalar,179,a14|a7,target,True,True
choice_blocks_24,r207_scalar,180,a14|a8,target,True,True
choice_blocks_24,r207_scalar,181,a14|b11,target,True,True
choice_blocks_24,r207_scalar,182,a14|b13,target,True,True
choice_blocks_24,r207_scalar,183,a14|b14,target,False,False
choice_blocks_24,r207_scalar,184,a14|b15,target,True,True
choice_blocks_24,r207_scalar,185,a14|b16,target,True,True
choice_blocks_24,r207_scalar,186,a14|b17,target,True,True
choice_blocks_24,r207_scalar,187,a14|b18,target,True,True
choice_blocks_24,r207_scalar,188,a14|b2,target,True,True
choice_blocks_24,r207_scalar,189,a14|b20,target,True,True
choice_blocks_24,r207_scalar,190,a14|b23,target,True,True
choice_blocks_24,r207_scalar,191,a14|b3,target,True,True
choice_blocks_24,r207_scalar,192,a14|b6,target,True,True
choice_blocks_24,r207_scalar,193,a15|a16,target,True,True
choice_blocks_24,r207_scalar,194,a15|a18,target,True,True
choice_blocks_24,r207_scalar,195,a15|a19,target,True,True
choice_blocks_24,r207_scalar,196,a15|a20,target,True,True
choice_blocks_24,r207_scalar,197,a15|a21,target,True,True
choice_blocks_24,r207_scalar,198,a15|a23,target,True,True
choice_blocks_24,r207_scalar,199,a15|a3,target,True,True
choice_blocks_24,r207_scalar,200,a15|a6,target,True,True
choice_blocks_24,r207_scalar,201,a15|a7,target,True,True
choice_blocks_24,r207_scalar,202,a15|b11,target,True,True
choice_blocks_24,r207_scalar,203,a15|b13,target,True,True
choice_blocks_24,r207_scalar,204,a15|b17,target,True,True
choice_blocks_24,r207_scalar,205,a15|b22,target,True,True
choice_blocks_24,r207_scalar,206,a15|b23,target,True,True
choice_blocks_24,r207_scalar,207,a15|b6,target,True,True
choice_blocks_24,r207_scalar,208,a15|b7,target,True,True
choice_blocks_24,r207_scalar,209,a16|a2,target,True,True
choice_blocks_24,r207_scalar,210,a16|a21,target,True,True
choice_blocks_24,r207_scalar,211,a16|a23,target,True,True
choice_blocks_24,r207_scalar,212,a16|a3,target,True,True
choice_blocks_24,r207_scalar,213,a16|a4,target,True,True
choice_blocks_24,r207_scalar,214,a16|a7,target,True,True
choice_blocks_24,r207_scalar,215,a16|a9,target,True,True
choice_blocks_24,r207_scalar,216,a16|b12,target,True,True
choice_blocks_24,r207_scalar,217,a16|b13,target,True,True
choice_blocks_24,r207_scalar,218,a16|b14,target,True,True
choice_blocks_24,r207_scalar,219,a16|b15,target,True,True
choice_blocks_24,r207_scalar,220,a16|b2,target,True,True
choice_blocks_24,r207_scalar,221,a16|b21,target,True,True
choice_blocks_24,r207_scalar,222,a16|b22,target,True,True
choice_blocks_24,r207_scalar,223,a16|b23,target,True,True
choice_blocks_24,r207_scalar,224,a16|b3,target,True,True
choice_blocks_24,r207_scalar,225,a16|b5,target,True,True
choice_blocks_24,r207_scalar,226,a16|b8,target,True,True
choice_blocks_24,r207_scalar,227,a17|a2,target,True,True
choice_blocks_24,r207_scalar,228,a17|a20,target,True,True
choice_blocks_24,r207_scalar,229,a17|a21,target,True,True
choice_blocks_24,r207_scalar,230,a17|a23,target,True,True
choice_blocks_24,r207_scalar,231,a17|a3,target,True,True
choice_blocks_24,r207_scalar,232,a17|a5,target,True,True
choice_blocks_24,r207_scalar,233,a17|a8,target,True,True
choice_blocks_24,r207_scalar,234,a17|a9,target,True,True
choice_blocks_24,r207_scalar,235,a17|b0,target,True,True
choice_blocks_24,r207_scalar,236,a17|b18,target,True,True
choice_blocks_24,r207_scalar,237,a17|b2,target,True,True
choice_blocks_24,r207_scalar,238,a17|b20,target,True,True
choice_blocks_24,r207_scalar,239,a17|b7,target,True,True
choice_blocks_24,r207_scalar,240,a18|a19,target,True,True
choice_blocks_24,r207_scalar,241,a18|a2,target,True,True
choice_blocks_24,r207_scalar,242,a18|a3,target,True,True
choice_blocks_24,r207_scalar,243,a18|a6,target,True,True
choice_blocks_24,r207_scalar,244,a18|a7,target,True,True
choice_blocks_24,r207_scalar,245,a18|a8,target,True,True
choice_blocks_24,r207_scalar,246,a18|b1,target,True,True
choice_blocks_24,r207_scalar,247,a18|b10,target,True,True
choice_blocks_24,r207_scalar,248,a18|b14,target,True,True
choice_blocks_24,r207_scalar,249,a18|b5,target,True,True
choice_blocks_24,r207_scalar,250,a18|b6,target,True,True
choice_blocks_24,r207_scalar,251,a18|b8,target,True,True
choice_blocks_24,r207_scalar,252,a19|a2,target,True,True
choice_blocks_24,r207_scalar,253,a19|a22,target,True,True
choice_blocks_24,r207_scalar,254,a19|a4,target,True,True
choice_blocks_24,r207_scalar,255,a19|a9,target,True,True
choice_blocks_24,r207_scalar,256,a19|b1,target,True,True
choice_blocks_24,r207_scalar,257,a19|b10,target,True,True
choice_blocks_24,r207_scalar,258,a19|b12,target,True,True
choice_blocks_24,r207_scalar,259,a19|b15,target,True,True
choice_blocks_24,r207_scalar,260,a19|b16,target,True,True
choice_blocks_24,r207_scalar,261,a19|b17,target,True,True
choice_blocks_24,r207_scalar,262,a19|b20,target,True,True
choice_blocks_24,r207_scalar,263,a19|b21,target,True,True
choice_blocks_24,r207_scalar,264,a19|b22,target,True,True
choice_blocks_24,r207_scalar,265,a19|b23,target,True,True
choice_blocks_24,r207_scalar,266,a19|b3,target,True,True
choice_blocks_24,r207_scalar,267,a19|b4,target,True,True
choice_blocks_24,r207_scalar,268,a19|b6,target,True,True
choice_blocks_24,r207_scalar,269,a19|b9,target,True,True
choice_blocks_24,r207_scalar,270,a2|a20,target,True,True
choice_blocks_24,r207_scalar,271,a2|a21,target,True,True
choice_blocks_24,r207_scalar,272,a2|a22,target,True,True
choice_blocks_24,r207_scalar,273,a2|a4,target,True,True
choice_blocks_24,r207_scalar,274,a2|a5,target,True,True
choice_blocks_24,r207_scalar,275,a2|a7,target,True,True
choice_blocks_24,r207_scalar,276,a2|a8,target,True,True
choice_blocks_24,r207_scalar,277,a2|b1,target,True,True
choice_blocks_24,r207_scalar,278,a2|b10,target,True,True
choice_blocks_24,r207_scalar,279,a2|b11,target,True,True
choice_blocks_24,r207_scalar,280,a2|b12,target,True,True
choice_blocks_24,r207_scalar,281,a2|b13,target,True,True
choice_blocks_24,r207_scalar,282,a2|b15,target,True,True
choice_blocks_24,r207_scalar,283,a2|b16,target,True,True
choice_blocks_24,r207_scalar,284,a2|b18,target,True,True
choice_blocks_24,r207_scalar,285,a2|b22,target,True,True
choice_blocks_24,r207_scalar,286,a2|b23,target,True,True
choice_blocks_24,r207_scalar,287,a2|b4,target,True,True
choice_blocks_24,r207_scalar,288,a2|b5,target,True,True
choice_blocks_24,r207_scalar,289,a2|b8,target,True,True
choice_blocks_24,r207_scalar,290,a2|b9,target,True,True
choice_blocks_24,r207_scalar,291,a20|a6,target,True,True
choice_blocks_24,r207_scalar,292,a20|b0,target,True,True
choice_blocks_24,r207_scalar,293,a20|b10,target,True,True
choice_blocks_24,r207_scalar,294,a20|b11,target,True,True
choice_blocks_24,r207_scalar,295,a20|b17,target,True,True
choice_blocks_24,r207_scalar,296,a20|b18,target,True,True
choice_blocks_24,r207_scalar,297,a20|b19,target,True,True
choice_blocks_24,r207_scalar,298,a20|b4,target,True,True
choice_blocks_24,r207_scalar,299,a20|b6,target,True,True
choice_blocks_24,r207_scalar,300,a20|b8,target,True,True
choice_blocks_24,r207_scalar,301,a21|a4,target,True,True
choice_blocks_24,r207_scalar,302,a21|a7,target,True,True
choice_blocks_24,r207_scalar,303,a21|a9,target,True,True
choice_blocks_24,r207_scalar,304,a21|b10,target,True,True
choice_blocks_24,r207_scalar,305,a21|b11,target,True,True
choice_blocks_24,r207_scalar,306,a21|b13,target,True,True
choice_blocks_24,r207_scalar,307,a21|b14,target,True,True
choice_blocks_24,r207_scalar,308,a21|b16,target,True,True
choice_blocks_24,r207_scalar,309,a21|b18,target,True,True
choice_blocks_24,r207_scalar,310,a21|b19,target,True,True
choice_blocks_24,r207_scalar,311,a21|b20,target,True,True
choice_blocks_24,r207_scalar,312,a21|b7,target,True,True
choice_blocks_24,r207_scalar,313,a22|a4,target,True,True
choice_blocks_24,r207_scalar,314,a22|a6,target,True,True
choice_blocks_24,r207_scalar,315,a22|a8,target,True,True
choice_blocks_24,r207_scalar,316,a22|a9,target,True,True
choice_blocks_24,r207_scalar,317,a22|b12,target,True,True
choice_blocks_24,r207_scalar,318,a22|b13,target,True,True
choice_blocks_24,r207_scalar,319,a22|b14,target,True,True
choice_blocks_24,r207_scalar,320,a22|b15,target,True,True
choice_blocks_24,r207_scalar,321,a22|b17,target,True,True
choice_blocks_24,r207_scalar,322,a22|b20,target,True,True
choice_blocks_24,r207_scalar,323,a22|b22,target,False,False
choice_blocks_24,r207_scalar,324,a22|b23,target,True,True
choice_blocks_24,r207_scalar,325,a22|b3,target,True,True
choice_blocks_24,r207_scalar,326,a22|b5,target,True,True
choice_blocks_24,r207_scalar,327,a22|b6,target,True,True
choice_blocks_24,r207_scalar,328,a22|b8,target,True,True
choice_blocks_24,r207_scalar,329,a23|a5,target,True,True
choice_blocks_24,r207_scalar,330,a23|a6,target,True,True
choice_blocks_24,r207_scalar,331,a23|a7,target,True,True
choice_blocks_24,r207_scalar,332,a23|a8,target,True,True
choice_blocks_24,r207_scalar,333,a23|a9,target,True,True
choice_blocks_24,r207_scalar,334,a23|b0,target,True,True
choice_blocks_24,r207_scalar,335,a23|b11,target,True,True
choice_blocks_24,r207_scalar,336,a23|b14,target,True,True
choice_blocks_24,r207_scalar,337,a23|b15,target,True,True
choice_blocks_24,r207_scalar,338,a23|b16,target,True,True
choice_blocks_24,r207_scalar,339,a23|b2,target,True,True
choice_blocks_24,r207_scalar,340,a23|b3,target,True,True
choice_blocks_24,r207_scalar,341,a23|b7,target,True,True
choice_blocks_24,r207_scalar,342,a23|b8,target,True,True
choice_blocks_24,r207_scalar,343,a3|a4,target,True,True
choice_blocks_24,r207_scalar,344,a3|a6,target,True,True
choice_blocks_24,r207_scalar,345,a3|a7,target,True,True
choice_blocks_24,r207_scalar,346,a3|a9,target,True,True
choice_blocks_24,r207_scalar,347,a3|b1,target,True,True
choice_blocks_24,r207_scalar,348,a3|b11,target,True,True
choice_blocks_24,r207_scalar,349,a3|b12,target,True,True
choice_blocks_24,r207_scalar,350,a3|b14,target,True,True
choice_blocks_24,r207_scalar,351,a3|b15,target,True,True
choice_blocks_24,r207_scalar,352,a3|b19,target,True,True
choice_blocks_24,r207_scalar,353,a3|b2,target,True,True
choice_blocks_24,r207_scalar,354,a3|b20,target,True,True
choice_blocks_24,r207_scalar,355,a3|b22,target,True,True
choice_blocks_24,r207_scalar,356,a3|b3,target,False,False
choice_blocks_24,r207_scalar,357,a3|b4,target,True,True
choice_blocks_24,r207_scalar,358,a3|b5,target,True,True
choice_blocks_24,r207_scalar,359,a3|b6,target,True,True
choice_blocks_24,r207_scalar,360,a3|b7,target,True,True
choice_blocks_24,r207_scalar,361,a4|a5,target,True,True
choice_blocks_24,r207_scalar,362,a4|a7,target,True,True
choice_blocks_24,r207_scalar,363,a4|a8,target,True,True
choice_blocks_24,r207_scalar,364,a4|b1,target,True,True
choice_blocks_24,r207_scalar,365,a4|b10,target,True,True
choice_blocks_24,r207_scalar,366,a4|b11,target,True,True
choice_blocks_24,r207_scalar,367,a4|b13,target,True,True
choice_blocks_24,r207_scalar,368,a4|b14,target,True,True
choice_blocks_24,r207_scalar,369,a4|b15,target,True,True
choice_blocks_24,r207_scalar,370,a4|b17,target,True,True
choice_blocks_24,r207_scalar,371,a4|b19,target,True,True
choice_blocks_24,r207_scalar,372,a4|b2,target,True,True
choice_blocks_24,r207_scalar,373,a4|b20,target,True,True
choice_blocks_24,r207_scalar,374,a4|b21,target,True,True
choice_blocks_24,r207_scalar,375,a4|b22,target,True,True
choice_blocks_24,r207_scalar,376,a4|b23,target,True,True
choice_blocks_24,r207_scalar,377,a4|b3,target,True,True
choice_blocks_24,r207_scalar,378,a4|b5,target,True,True
choice_blocks_24,r207_scalar,379,a4|b9,target,True,True
choice_blocks_24,r207_scalar,380,a5|a6,target,True,True
choice_blocks_24,r207_scalar,381,a5|a9,target,True,True
choice_blocks_24,r207_scalar,382,a5|b12,target,True,True
choice_blocks_24,r207_scalar,383,a5|b14,target,True,True
choice_blocks_24,r207_scalar,384,a5|b16,target,True,True
choice_blocks_24,r207_scalar,385,a5|b17,target,True,True
choice_blocks_24,r207_scalar,386,a5|b18,target,True,True
choice_blocks_24,r207_scalar,387,a5|b20,target,True,True
choice_blocks_24,r207_scalar,388,a5|b21,target,True,True
choice_blocks_24,r207_scalar,389,a5|b22,target,True,True
choice_blocks_24,r207_scalar,390,a5|b3,target,True,True
choice_blocks_24,r207_scalar,391,a5|b8,target,True,True
choice_blocks_24,r207_scalar,392,a6|a7,target,True,True
choice_blocks_24,r207_scalar,393,a6|a8,target,True,True
choice_blocks_24,r207_scalar,394,a6|a9,target,True,True
choice_blocks_24,r207_scalar,395,a6|b12,target,True,True
choice_blocks_24,r207_scalar,396,a6|b13,target,True,True
choice_blocks_24,r207_scalar,397,a6|b14,target,True,True
choice_blocks_24,r207_scalar,398,a6|b16,target,True,True
choice_blocks_24,r207_scalar,399,a6|b18,target,True,True
choice_blocks_24,r207_scalar,400,a6|b20,target,True,True
choice_blocks_24,r207_scalar,401,a6|b21,target,True,True
choice_blocks_24,r207_scalar,402,a6|b23,target,True,True
choice_blocks_24,r207_scalar,403,a6|b7,target,True,True
choice_blocks_24,r207_scalar,404,a6|b9,target,True,True
choice_blocks_24,r207_scalar,405,a7|a8,target,True,True
choice_blocks_24,r207_scalar,406,a7|a9,target,True,True
choice_blocks_24,r207_scalar,407,a7|b10,target,True,True
choice_blocks_24,r207_scalar,408,a7|b12,target,True,True
choice_blocks_24,r207_scalar,409,a7|b14,target,True,True
choice_blocks_24,r207_scalar,410,a7|b17,target,True,True
choice_blocks_24,r207_scalar,411,a7|b19,target,True,True
choice_blocks_24,r207_scalar,412,a7|b20,target,True,True
choice_blocks_24,r207_scalar,413,a7|b5,target,True,True
choice_blocks_24,r207_scalar,414,a7|b7,target,False,False
choice_blocks_24,r207_scalar,415,a8|a9,target,True,True
choice_blocks_24,r207_scalar,416,a8|b1,target,True,True
choice_blocks_24,r207_scalar,417,a8|b11,target,True,True
choice_blocks_24,r207_scalar,418,a8|b13,target,True,True
choice_blocks_24,r207_scalar,419,a8|b14,target,True,True
choice_blocks_24,r207_scalar,420,a8|b18,target,True,True
choice_blocks_24,r207_scalar,421,a8|b19,target,True,True
choice_blocks_24,r207_scalar,422,a8|b22,target,True,True
choice_blocks_24,r207_scalar,423,a8|b3,target,True,True
choice_blocks_24,r207_scalar,424,a8|b4,target,True,True
choice_blocks_24,r207_scalar,425,a8|b9,target,True,True
choice_blocks_24,r207_scalar,426,a9|b11,target,True,True
choice_blocks_24,r207_scalar,427,a9|b13,target,True,True
choice_blocks_24,r207_scalar,428,a9|b17,target,True,True
choice_blocks_24,r207_scalar,429,a9|b22,target,True,True
choice_blocks_24,r207_scalar,430,a9|b23,target,True,True
choice_blocks_24,r207_scalar,431,a9|b4,target,True,True
choice_blocks_24,r207_scalar,432,a9|b8,target,True,True
choice_blocks_24,r207_scalar,433,b0|b10,target,True,True
choice_blocks_24,r207_scalar,434,b0|b11,target,True,True
choice_blocks_24,r207_scalar,435,b0|b12,target,True,True
choice_blocks_24,r207_scalar,436,b0|b16,target,True,True
choice_blocks_24,r207_scalar,437,b0|b17,target,True,True
choice_blocks_24,r207_scalar,438,b0|b19,target,True,True
choice_blocks_24,r207_scalar,439,b0|b21,target,True,True
choice_blocks_24,r207_scalar,440,b0|b3,target,True,True
choice_blocks_24,r207_scalar,441,b0|b5,target,True,True
choice_blocks_24,r207_scalar,442,b0|b7,target,True,True
choice_blocks_24,r207_scalar,443,b0|b9,target,True,True
choice_blocks_24,r207_scalar,444,b1|b10,target,True,True
choice_blocks_24,r207_scalar,445,b1|b12,target,True,True
choice_blocks_24,r207_scalar,446,b1|b13,target,True,True
choice_blocks_24,r207_scalar,447,b1|b14,target,True,True
choice_blocks_24,r207_scalar,448,b1|b15,target,True,True
choice_blocks_24,r207_scalar,449,b1|b18,target,True,True
choice_blocks_24,r207_scalar,450,b1|b19,target,True,True
choice_blocks_24,r207_scalar,451,b1|b3,target,True,True
choice_blocks_24,r207_scalar,452,b1|b5,target,True,True
choice_blocks_24,r207_scalar,453,b10|b11,target,True,True
choice_blocks_24,r207_scalar,454,b10|b12,target,True,True
choice_blocks_24,r207_scalar,455,b10|b13,target,True,True
choice_blocks_24,r207_scalar,456,b10|b14,target,True,True
choice_blocks_24,r207_scalar,457,b10|b16,target,True,True
choice_blocks_24,r207_scalar,458,b10|b17,target,True,True
choice_blocks_24,r207_scalar,459,b10|b19,target,True,True
choice_blocks_24,r207_scalar,460,b10|b2,target,True,True
choice_blocks_24,r207_scalar,461,b10|b20,target,True,True
choice_blocks_24,r207_scalar,462,b10|b21,target,True,True
choice_blocks_24,r207_scalar,463,b10|b23,target,True,True
choice_blocks_24,r207_scalar,464,b10|b4,target,True,True
choice_blocks_24,r207_scalar,465,b10|b5,target,True,True
choice_blocks_24,r207_scalar,466,b10|b6,target,True,True
choice_blocks_24,r207_scalar,467,b10|b8,target,True,True
choice_blocks_24,r207_scalar,468,b10|b9,target,True,True
choice_blocks_24,r207_scalar,469,b11|b14,target,True,True
choice_blocks_24,r207_scalar,470,b11|b18,target,True,True
choice_blocks_24,r207_scalar,471,b11|b2,target,True,True
choice_blocks_24,r207_scalar,472,b11|b3,target,True,True
choice_blocks_24,r207_scalar,473,b11|b5,target,True,True
choice_blocks_24,r207_scalar,474,b11|b6,target,True,True
choice_blocks_24,r207_scalar,475,b11|b7,target,True,True
choice_blocks_24,r207_scalar,476,b11|b8,target,True,True
choice_blocks_24,r207_scalar,477,b11|b9,target,True,True
choice_blocks_24,r207_scalar,478,b12|b14,target,True,True
choice_blocks_24,r207_scalar,479,b12|b17,target,True,True
choice_blocks_24,r207_scalar,480,b12|b20,target,True,True
choice_blocks_24,r207_scalar,481,b12|b23,target,True,True
choice_blocks_24,r207_scalar,482,b12|b6,target,True,True
choice_blocks_24,r207_scalar,483,b12|b7,target,True,True
choice_blocks_24,r207_scalar,484,b13|b17,target,True,True
choice_blocks_24,r207_scalar,485,b13|b18,target,True,True
choice_blocks_24,r207_scalar,486,b13|b19,target,True,True
choice_blocks_24,r207_scalar,487,b13|b2,target,True,True
choice_blocks_24,r207_scalar,488,b13|b20,target,True,True
choice_blocks_24,r207_scalar,489,b13|b22,target,True,True
choice_blocks_24,r207_scalar,490,b13|b23,target,True,True
choice_blocks_24,r207_scalar,491,b13|b4,target,True,True
choice_blocks_24,r207_scalar,492,b13|b5,target,True,True
choice_blocks_24,r207_scalar,493,b13|b7,target,True,True
choice_blocks_24,r207_scalar,494,b14|b17,target,True,True
choice_blocks_24,r207_scalar,495,b14|b2,target,True,True
choice_blocks_24,r207_scalar,496,b14|b20,target,True,True
choice_blocks_24,r207_scalar,497,b14|b3,target,True,True
choice_blocks_24,r207_scalar,498,b14|b4,target,True,True
choice_blocks_24,r207_scalar,499,b14|b6,target,True,True
choice_blocks_24,r207_scalar,500,b14|b8,target,True,True
choice_blocks_24,r207_scalar,501,b15|b16,target,True,True
choice_blocks_24,r207_scalar,502,b15|b17,target,True,True
choice_blocks_24,r207_scalar,503,b15|b5,target,True,True
choice_blocks_24,r207_scalar,504,b15|b6,target,True,True
choice_blocks_24,r207_scalar,505,b15|b9,target,True,True
choice_blocks_24,r207_scalar,506,b16|b17,target,True,True
choice_blocks_24,r207_scalar,507,b16|b18,target,True,True
choice_blocks_24,r207_scalar,508,b16|b2,target,True,True
choice_blocks_24,r207_scalar,509,b16|b21,target,True,True
choice_blocks_24,r207_scalar,510,b16|b22,target,True,True
choice_blocks_24,r207_scalar,511,b16|b6,target,True,True
choice_blocks_24,r207_scalar,512,b16|b8,target,True,True
choice_blocks_24,r207_scalar,513,b16|b9,target,True,True
choice_blocks_24,r207_scalar,514,b17|b18,target,True,True
choice_blocks_24,r207_scalar,515,b17|b2,target,True,True
choice_blocks_24,r207_scalar,516,b17|b21,target,True,True
choice_blocks_24,r207_scalar,517,b17|b23,target,True,True
choice_blocks_24,r207_scalar,518,b17|b6,target,True,True
choice_blocks_24,r207_scalar,519,b18|b2,target,True,True
choice_blocks_24,r207_scalar,520,b18|b21,target,True,True
choice_blocks_24,r207_scalar,521,b18|b23,target,True,True
choice_blocks_24,r207_scalar,522,b18|b3,target,True,True
choice_blocks_24,r207_scalar,523,b18|b4,target,True,True
choice_blocks_24,r207_scalar,524,b18|b5,target,True,True
choice_blocks_24,r207_scalar,525,b18|b8,target,True,True
choice_blocks_24,r207_scalar,526,b18|b9,target,True,True
choice_blocks_24,r207_scalar,527,b19|b20,target,True,True
choice_blocks_24,r207_scalar,528,b19|b3,target,True,True
choice_blocks_24,r207_scalar,529,b19|b8,target,True,True
choice_blocks_24,r207_scalar,530,b19|b9,target,True,True
choice_blocks_24,r207_scalar,531,b2|b21,target,True,True
choice_blocks_24,r207_scalar,532,b2|b22,target,True,True
choice_blocks_24,r207_scalar,533,b2|b23,target,True,True
choice_blocks_24,r207_scalar,534,b2|b4,target,True,True
choice_blocks_24,r207_scalar,535,b2|b7,target,True,True
choice_blocks_24,r207_scalar,536,b2|b8,target,True,True
choice_blocks_24,r207_scalar,537,b2|b9,target,True,True
choice_blocks_24,r207_scalar,538,b20|b21,target,True,True
choice_blocks_24,r207_scalar,539,b20|b22,target,True,True
choice_blocks_24,r207_scalar,540,b20|b23,target,True,True
choice_blocks_24,r207_scalar,541,b20|b5,target,True,True
choice_blocks_24,r207_scalar,542,b20|b6,target,True,True
choice_blocks_24,r207_scalar,543,b20|b8,target,True,True
choice_blocks_24,r207_scalar,544,b21|b22,target,True,True
choice_blocks_24,r207_scalar,545,b21|b23,target,True,True
choice_blocks_24,r207_scalar,546,b22|b4,target,True,True
choice_blocks_24,r207_scalar,547,b22|b5,target,True,True
choice_blocks_24,r207_scalar,548,b22|b7,target,True,True
choice_blocks_24,r207_scalar,549,b23|b3,target,True,True
choice_blocks_24,r207_scalar,550,b23|b8,target,True,True
choice_blocks_24,r207_scalar,551,b23|b9,target,True,True
choice_blocks_24,r207_scalar,552,b3|b4,target,True,True
choice_blocks_24,r207_scalar,553,b3|b6,target,True,True
choice_blocks_24,r207_scalar,554,b3|b8,target,True,True
choice_blocks_24,r207_scalar,555,b4|b5,target,True,True
choice_blocks_24,r207_scalar,556,b5|b6,target,True,True
choice_blocks_24,r207_scalar,557,b5|b7,target,True,True
choice_blocks_24,r207_scalar,558,b7|b8,target,True,True
choice_blocks_24,r207_scalar,559,b7|b9,target,True,True
choice_blocks_24,r207_scalar,560,b8|b9,target,True,True
choice_blocks_24,r207_scalar,561,a0|a1|a10|a11|a12|a13|a14|a15|a16|a17|a18|a19|a2|a20|a21|a22|a23|a3|a4|a5|a6|a7|a8|a9|b0|b1|b10|b11|b12|b13|b14|b15|b16|b17|b18|b19|b2|b20|b21|b22|b23|b3|b4|b5|b6|b7|b8|b9,target,False,False
choice_blocks_24,r207_bitset,0,,target,True,True
choice_blocks_24,r207_bitset,1,a0,target,True,True
choice_blocks_24,r207_bitset,2,a1,target,True,True
choice_blocks_24,r207_bitset,3,a10,target,True,True
choice_blocks_24,r207_bitset,4,a11,target,True,True
choice_blocks_24,r207_bitset,5,a12,target,True,True
choice_blocks_24,r207_bitset,6,a13,target,True,True
choice_blocks_24,r207_bitset,7,a14,target,True,True
choice_blocks_24,r207_bitset,8,a15,target,True,True
choice_blocks_24,r207_bitset,9,a16,target,True,True
choice_blocks_24,r207_bitset,10,a17,target,True,True
choice_blocks_24,r207_bitset,11,a18,target,True,True
choice_blocks_24,r207_bitset,12,a19,target,True,True
choice_blocks_24,r207_bitset,13,a2,target,True,True
choice_blocks_24,r207_bitset,14,a20,target,True,True
choice_blocks_24,r207_bitset,15,a21,target,True,True
choice_blocks_24,r207_bitset,16,a22,target,True,True
choice_blocks_24,r207_bitset,17,a23,target,True,True
choice_blocks_24,r207_bitset,18,a3,target,True,True
choice_blocks_24,r207_bitset,19,a4,target,True,True
choice_blocks_24,r207_bitset,20,a5,target,True,True
choice_blocks_24,r207_bitset,21,a6,target,True,True
choice_blocks_24,r207_bitset,22,a7,target,True,True
choice_blocks_24,r207_bitset,23,a8,target,True,True
choice_blocks_24,r207_bitset,24,a9,target,True,True
choice_blocks_24,r207_bitset,25,b0,target,True,True
choice_blocks_24,r207_bitset,26,b1,target,True,True
choice_blocks_24,r207_bitset,27,b10,target,True,True
choice_blocks_24,r207_bitset,28,b11,target,True,True
choice_blocks_24,r207_bitset,29,b12,target,True,True
choice_blocks_24,r207_bitset,30,b13,target,True,True
choice_blocks_24,r207_bitset,31,b14,target,True,True
choice_blocks_24,r207_bitset,32,b15,target,True,True
choice_blocks_24,r207_bitset,33,b16,target,True,True
choice_blocks_24,r207_bitset,34,b17,target,True,True
choice_blocks_24,r207_bitset,35,b18,target,True,True
choice_blocks_24,r207_bitset,36,b19,target,True,True
choice_blocks_24,r207_bitset,37,b2,target,True,True
choice_blocks_24,r207_bitset,38,b20,target,True,True
choice_blocks_24,r207_bitset,39,b21,target,True,True
choice_blocks_24,r207_bitset,40,b22,target,True,True
choice_blocks_24,r207_bitset,41,b23,target,True,True
choice_blocks_24,r207_bitset,42,b3,target,True,True
choice_blocks_24,r207_bitset,43,b4,target,True,True
choice_blocks_24,r207_bitset,44,b5,target,True,True
choice_blocks_24,r207_bitset,45,b6,target,True,True
choice_blocks_24,r207_bitset,46,b7,target,True,True
choice_blocks_24,r207_bitset,47,b8,target,True,True
choice_blocks_24,r207_bitset,48,b9,target,True,True
choice_blocks_24,r207_bitset,49,a0|a1,target,True,True
choice_blocks_24,r207_bitset,50,a0|a10,target,True,True
choice_blocks_24,r207_bitset,51,a0|a15,target,True,True
choice_blocks_24,r207_bitset,52,a0|a20,target,True,True
choice_blocks_24,r207_bitset,53,a0|a21,target,True,True
choice_blocks_24,r207_bitset,54,a0|a22,target,True,True
choice_blocks_24,r207_bitset,55,a0|a23,target,True,True
choice_blocks_24,r207_bitset,56,a0|a3,target,True,True
choice_blocks_24,r207_bitset,57,a0|a5,target,True,True
choice_blocks_24,r207_bitset,58,a0|a9,target,True,True
choice_blocks_24,r207_bitset,59,a0|b10,target,True,True
choice_blocks_24,r207_bitset,60,a0|b13,target,True,True
choice_blocks_24,r207_bitset,61,a0|b18,target,True,True
choice_blocks_24,r207_bitset,62,a0|b19,target,True,True
choice_blocks_24,r207_bitset,63,a0|b23,target,True,True
choice_blocks_24,r207_bitset,64,a0|b6,target,True,True
choice_blocks_24,r207_bitset,65,a0|b8,target,True,True
choice_blocks_24,r207_bitset,66,a0|b9,target,True,True
choice_blocks_24,r207_bitset,67,a1|a10,target,True,True
choice_blocks_24,r207_bitset,68,a1|a12,target,True,True
choice_blocks_24,r207_bitset,69,a1|a16,target,True,True
choice_blocks_24,r207_bitset,70,a1|a18,target,True,True
choice_blocks_24,r207_bitset,71,a1|a20,target,True,True
choice_blocks_24,r207_bitset,72,a1|a21,target,True,True
choice_blocks_24,r207_bitset,73,a1|a22,target,True,True
choice_blocks_24,r207_bitset,74,a1|a3,target,True,True
choice_blocks_24,r207_bitset,75,a1|a5,target,True,True
choice_blocks_24,r207_bitset,76,a1|a6,target,True,True
choice_blocks_24,r207_bitset,77,a1|a9,target,True,True
choice_blocks_24,r207_bitset,78,a1|b0,target,True,True
choice_blocks_24,r207_bitset,79,a1|b10,target,True,True
choice_blocks_24,r207_bitset,80,a1|b11,target,True,True
choice_blocks_24,r207_bitset,81,a1|b14,target,True,True
choice_blocks_24,r207_bitset,82,a1|b16,target,True,True
choice_blocks_24,r207_bitset,83,a1|b17,target,True,True
choice_blocks_24,r207_bitset,84,a1|b19,target,True,True
choice_blocks_24,r207_bitset,85,a1|b22,target,True,True
choice_blocks_24,r207_bitset,86,a1|b23,target,True,True
choice_blocks_24,r207_bitset,87,a1|b3,target,True,True
choice_blocks_24,r207_bitset,88,a1|b4,target,True,True
choice_blocks_24,r207_bitset,89,a1|b6,target,True,True
choice_blocks_24,r207_bitset,90,a1|b9,target,True,True
choice_blocks_24,r207_bitset,91,a10|a11,target,True,True
choice_blocks_24,r207_bitset,92,a10|a13,target,True,True
choice_blocks_24,r207_bitset,93,a10|a22,target,True,True
choice_blocks_24,r207_bitset,94,a10|a23,target,True,True
choice_blocks_24,r207_bitset,95,a10|a4,target,True,True
choice_blocks_24,r207_bitset,96,a10|a5,target,True,True
choice_blocks_24,r207_bitset,97,a10|a6,target,True,True
choice_blocks_24,r207_bitset,98,a10|a8,target,True,True
choice_blocks_24,r207_bitset,99,a10|a9,target,True,True
choice_blocks_24,r207_bitset,100,a10|b1,target,True,True
choice_blocks_24,r207_bitset,101,a10|b13,target,True,True
choice_blocks_24,r207_bitset,102,a10|b15,target,True,True
choice_blocks_24,r207_bitset,103,a10|b16,target,True,True
choice_blocks_24,r207_bitset,104,a10|b17,target,True,True
choice_blocks_24,r207_bitset,105,a10|b18,target,True,True
choice_blocks_24,r207_bitset,106,a10|b19,target,True,True
choice_blocks_24,r207_bitset,107,a10|b2,target,True,True
choice_blocks_24,r207_bitset,108,a10|b20,target,True,True
choice_blocks_24,r207_bitset,109,a10|b21,target,True,True
choice_blocks_24,r207_bitset,110,a10|b23,target,True,True
choice_blocks_24,r207_bitset,111,a10|b4,target,True,True
choice_blocks_24,r207_bitset,112,a10|b7,target,True,True
choice_blocks_24,r207_bitset,113,a10|b9,target,True,True
choice_blocks_24,r207_bitset,114,a11|a13,target,True,True
choice_blocks_24,r207_bitset,115,a11|a16,target,True,True
choice_blocks_24,r207_bitset,116,a11|a17,target,True,True
choice_blocks_24,r207_bitset,117,a11|a18,target,True,True
choice_blocks_24,r207_bitset,118,a11|a19,target,True,True
choice_blocks_24,r207_bitset,119,a11|a20,target,True,True
choice_blocks_24,r207_bitset,120,a11|a21,target,True,True
choice_blocks_24,r207_bitset,121,a11|a22,target,True,True
choice_blocks_24,r207_bitset,122,a11|a4,target,True,True
choice_blocks_24,r207_bitset,123,a11|a5,target,True,True
choice_blocks_24,r207_bitset,124,a11|a7,target,True,True
choice_blocks_24,r207_bitset,125,a11|b0,target,True,True
choice_blocks_24,r207_bitset,126,a11|b10,target,True,True
choice_blocks_24,r207_bitset,127,a11|b11,target,False,False
choice_blocks_24,r207_bitset,128,a11|b14,target,True,True
choice_blocks_24,r207_bitset,129,a11|b15,target,True,True
choice_blocks_24,r207_bitset,130,a11|b18,target,True,True
choice_blocks_24,r207_bitset,131,a11|b21,target,True,True
choice_blocks_24,r207_bitset,132,a11|b5,target,True,True
choice_blocks_24,r207_bitset,133,a11|b7,target,True,True
choice_blocks_24,r207_bitset,134,a12|a14,target,True,True
choice_blocks_24,r207_bitset,135,a12|a16,target,True,True
choice_blocks_24,r207_bitset,136,a12|a17,target,True,True
choice_blocks_24,r207_bitset,137,a12|a21,target,True,True
choice_blocks_24,r207_bitset,138,a12|a22,target,True,True
choice_blocks_24,r207_bitset,139,a12|a23,target,True,True
choice_blocks_24,r207_bitset,140,a12|a3,target,True,True
choice_blocks_24,r207_bitset,141,a12|a5,target,True,True
choice_blocks_24,r207_bitset,142,a12|a6,target,True,True
choice_blocks_24,r207_bitset,143,a12|a8,target,True,True
choice_blocks_24,r207_bitset,144,a12|a9,target,True,True
choice_blocks_24,r207_bitset,145,a12|b0,target,True,True
choice_blocks_24,r207_bitset,146,a12|b12,target,False,False
choice_blocks_24,r207_bitset,147,a12|b13,target,True,True
choice_blocks_24,r207_bitset,148,a12|b15,target,True,True
choice_blocks_24,r207_bitset,149,a12|b16,target,True,True
choice_blocks_24,r207_bitset,150,a12|b2,target,True,True
choice_blocks_24,r207_bitset,151,a12|b20,target,True,True
choice_blocks_24,r207_bitset,152,a12|b21,target,True,True
choice_blocks_24,r207_bitset,153,a12|b22,target,True,True
choice_blocks_24,r207_bitset,154,a13|a14,target,True,True
choice_blocks_24,r207_bitset,155,a13|a16,target,True,True
choice_blocks_24,r207_bitset,156,a13|a17,target,True,True
choice_blocks_24,r207_bitset,157,a13|a18,target,True,True
choice_blocks_24,r207_bitset,158,a13|a19,target,True,True
choice_blocks_24,r207_bitset,159,a13|a2,target,True,True
choice_blocks_24,r207_bitset,160,a13|a20,target,True,True
choice_blocks_24,r207_bitset,161,a13|a22,target,True,True
choice_blocks_24,r207_bitset,162,a13|a6,target,True,True
choice_blocks_24,r207_bitset,163,a13|b14,target,True,True
choice_blocks_24,r207_bitset,164,a13|b15,target,True,True
choice_blocks_24,r207_bitset,165,a13|b21,target,True,True
choice_blocks_24,r207_bitset,166,a13|b22,target,True,True
choice_blocks_24,r207_bitset,167,a13|b4,target,True,True
choice_blocks_24,r207_bitset,168,a13|b6,target,True,True
choice_blocks_24,r207_bitset,169,a13|b7,target,True,True
choice_blocks_24,r207_bitset,170,a13|b8,target,True,True
choice_blocks_24,r207_bitset,171,a14|a16,target,True,True
choice_blocks_24,r207_bitset,172,a14|a19,target,True,True
choice_blocks_24,r207_bitset,173,a14|a2,target,True,True
choice_blocks_24,r207_bitset,174,a14|a20,target,True,True
choice_blocks_24,r207_bitset,175,a14|a21,target,True,True
choice_blocks_24,r207_bitset,176,a14|a4,target,True,True
choice_blocks_24,r207_bitset,177,a14|a5,target,True,True
choice_blocks_24,r207_bitset,178,a14|a6,target,True,True
choice_blocks_24,r207_bitset,179,a14|a7,target,True,True
choice_blocks_24,r207_bitset,180,a14|a8,target,True,True
choice_blocks_24,r207_bitset,181,a14|b11,target,True,True
choice_blocks_24,r207_bitset,182,a14|b13,target,True,True
choice_blocks_24,r207_bitset,183,a14|b14,target,False,False
choice_blocks_24,r207_bitset,184,a14|b15,target,True,True
choice_blocks_24,r207_bitset,185,a14|b16,target,True,True
choice_blocks_24,r207_bitset,186,a14|b17,target,True,True
choice_blocks_24,r207_bitset,187,a14|b18,target,True,True
choice_blocks_24,r207_bitset,188,a14|b2,target,True,True
choice_blocks_24,r207_bitset,189,a14|b20,target,True,True
choice_blocks_24,r207_bitset,190,a14|b23,target,True,True
choice_blocks_24,r207_bitset,191,a14|b3,target,True,True
choice_blocks_24,r207_bitset,192,a14|b6,target,True,True
choice_blocks_24,r207_bitset,193,a15|a16,target,True,True
choice_blocks_24,r207_bitset,194,a15|a18,target,True,True
choice_blocks_24,r207_bitset,195,a15|a19,target,True,True
choice_blocks_24,r207_bitset,196,a15|a20,target,True,True
choice_blocks_24,r207_bitset,197,a15|a21,target,True,True
choice_blocks_24,r207_bitset,198,a15|a23,target,True,True
choice_blocks_24,r207_bitset,199,a15|a3,target,True,True
choice_blocks_24,r207_bitset,200,a15|a6,target,True,True
choice_blocks_24,r207_bitset,201,a15|a7,target,True,True
choice_blocks_24,r207_bitset,202,a15|b11,target,True,True
choice_blocks_24,r207_bitset,203,a15|b13,target,True,True
choice_blocks_24,r207_bitset,204,a15|b17,target,True,True
choice_blocks_24,r207_bitset,205,a15|b22,target,True,True
choice_blocks_24,r207_bitset,206,a15|b23,target,True,True
choice_blocks_24,r207_bitset,207,a15|b6,target,True,True
choice_blocks_24,r207_bitset,208,a15|b7,target,True,True
choice_blocks_24,r207_bitset,209,a16|a2,target,True,True
choice_blocks_24,r207_bitset,210,a16|a21,target,True,True
choice_blocks_24,r207_bitset,211,a16|a23,target,True,True
choice_blocks_24,r207_bitset,212,a16|a3,target,True,True
choice_blocks_24,r207_bitset,213,a16|a4,target,True,True
choice_blocks_24,r207_bitset,214,a16|a7,target,True,True
choice_blocks_24,r207_bitset,215,a16|a9,target,True,True
choice_blocks_24,r207_bitset,216,a16|b12,target,True,True
choice_blocks_24,r207_bitset,217,a16|b13,target,True,True
choice_blocks_24,r207_bitset,218,a16|b14,target,True,True
choice_blocks_24,r207_bitset,219,a16|b15,target,True,True
choice_blocks_24,r207_bitset,220,a16|b2,target,True,True
choice_blocks_24,r207_bitset,221,a16|b21,target,True,True
choice_blocks_24,r207_bitset,222,a16|b22,target,True,True
choice_blocks_24,r207_bitset,223,a16|b23,target,True,True
choice_blocks_24,r207_bitset,224,a16|b3,target,True,True
choice_blocks_24,r207_bitset,225,a16|b5,target,True,True
choice_blocks_24,r207_bitset,226,a16|b8,target,True,True
choice_blocks_24,r207_bitset,227,a17|a2,target,True,True
choice_blocks_24,r207_bitset,228,a17|a20,target,True,True
choice_blocks_24,r207_bitset,229,a17|a21,target,True,True
choice_blocks_24,r207_bitset,230,a17|a23,target,True,True
choice_blocks_24,r207_bitset,231,a17|a3,target,True,True
choice_blocks_24,r207_bitset,232,a17|a5,target,True,True
choice_blocks_24,r207_bitset,233,a17|a8,target,True,True
choice_blocks_24,r207_bitset,234,a17|a9,target,True,True
choice_blocks_24,r207_bitset,235,a17|b0,target,True,True
choice_blocks_24,r207_bitset,236,a17|b18,target,True,True
choice_blocks_24,r207_bitset,237,a17|b2,target,True,True
choice_blocks_24,r207_bitset,238,a17|b20,target,True,True
choice_blocks_24,r207_bitset,239,a17|b7,target,True,True
choice_blocks_24,r207_bitset,240,a18|a19,target,True,True
choice_blocks_24,r207_bitset,241,a18|a2,target,True,True
choice_blocks_24,r207_bitset,242,a18|a3,target,True,True
choice_blocks_24,r207_bitset,243,a18|a6,target,True,True
choice_blocks_24,r207_bitset,244,a18|a7,target,True,True
choice_blocks_24,r207_bitset,245,a18|a8,target,True,True
choice_blocks_24,r207_bitset,246,a18|b1,target,True,True
choice_blocks_24,r207_bitset,247,a18|b10,target,True,True
choice_blocks_24,r207_bitset,248,a18|b14,target,True,True
choice_blocks_24,r207_bitset,249,a18|b5,target,True,True
choice_blocks_24,r207_bitset,250,a18|b6,target,True,True
choice_blocks_24,r207_bitset,251,a18|b8,target,True,True
choice_blocks_24,r207_bitset,252,a19|a2,target,True,True
choice_blocks_24,r207_bitset,253,a19|a22,target,True,True
choice_blocks_24,r207_bitset,254,a19|a4,target,True,True
choice_blocks_24,r207_bitset,255,a19|a9,target,True,True
choice_blocks_24,r207_bitset,256,a19|b1,target,True,True
choice_blocks_24,r207_bitset,257,a19|b10,target,True,True
choice_blocks_24,r207_bitset,258,a19|b12,target,True,True
choice_blocks_24,r207_bitset,259,a19|b15,target,True,True
choice_blocks_24,r207_bitset,260,a19|b16,target,True,True
choice_blocks_24,r207_bitset,261,a19|b17,target,True,True
choice_blocks_24,r207_bitset,262,a19|b20,target,True,True
choice_blocks_24,r207_bitset,263,a19|b21,target,True,True
choice_blocks_24,r207_bitset,264,a19|b22,target,True,True
choice_blocks_24,r207_bitset,265,a19|b23,target,True,True
choice_blocks_24,r207_bitset,266,a19|b3,target,True,True
choice_blocks_24,r207_bitset,267,a19|b4,target,True,True
choice_blocks_24,r207_bitset,268,a19|b6,target,True,True
choice_blocks_24,r207_bitset,269,a19|b9,target,True,True
choice_blocks_24,r207_bitset,270,a2|a20,target,True,True
choice_blocks_24,r207_bitset,271,a2|a21,target,True,True
choice_blocks_24,r207_bitset,272,a2|a22,target,True,True
choice_blocks_24,r207_bitset,273,a2|a4,target,True,True
choice_blocks_24,r207_bitset,274,a2|a5,target,True,True
choice_blocks_24,r207_bitset,275,a2|a7,target,True,True
choice_blocks_24,r207_bitset,276,a2|a8,target,True,True
choice_blocks_24,r207_bitset,277,a2|b1,target,True,True
choice_blocks_24,r207_bitset,278,a2|b10,target,True,True
choice_blocks_24,r207_bitset,279,a2|b11,target,True,True
choice_blocks_24,r207_bitset,280,a2|b12,target,True,True
choice_blocks_24,r207_bitset,281,a2|b13,target,True,True
choice_blocks_24,r207_bitset,282,a2|b15,target,True,True
choice_blocks_24,r207_bitset,283,a2|b16,target,True,True
choice_blocks_24,r207_bitset,284,a2|b18,target,True,True
choice_blocks_24,r207_bitset,285,a2|b22,target,True,True
choice_blocks_24,r207_bitset,286,a2|b23,target,True,True
choice_blocks_24,r207_bitset,287,a2|b4,target,True,True
choice_blocks_24,r207_bitset,288,a2|b5,target,True,True
choice_blocks_24,r207_bitset,289,a2|b8,target,True,True
choice_blocks_24,r207_bitset,290,a2|b9,target,True,True
choice_blocks_24,r207_bitset,291,a20|a6,target,True,True
choice_blocks_24,r207_bitset,292,a20|b0,target,True,True
choice_blocks_24,r207_bitset,293,a20|b10,target,True,True
choice_blocks_24,r207_bitset,294,a20|b11,target,True,True
choice_blocks_24,r207_bitset,295,a20|b17,target,True,True
choice_blocks_24,r207_bitset,296,a20|b18,target,True,True
choice_blocks_24,r207_bitset,297,a20|b19,target,True,True
choice_blocks_24,r207_bitset,298,a20|b4,target,True,True
choice_blocks_24,r207_bitset,299,a20|b6,target,True,True
choice_blocks_24,r207_bitset,300,a20|b8,target,True,True
choice_blocks_24,r207_bitset,301,a21|a4,target,True,True
choice_blocks_24,r207_bitset,302,a21|a7,target,True,True
choice_blocks_24,r207_bitset,303,a21|a9,target,True,True
choice_blocks_24,r207_bitset,304,a21|b10,target,True,True
choice_blocks_24,r207_bitset,305,a21|b11,target,True,True
choice_blocks_24,r207_bitset,306,a21|b13,target,True,True
choice_blocks_24,r207_bitset,307,a21|b14,target,True,True
choice_blocks_24,r207_bitset,308,a21|b16,target,True,True
choice_blocks_24,r207_bitset,309,a21|b18,target,True,True
choice_blocks_24,r207_bitset,310,a21|b19,target,True,True
choice_blocks_24,r207_bitset,311,a21|b20,target,True,True
choice_blocks_24,r207_bitset,312,a21|b7,target,True,True
choice_blocks_24,r207_bitset,313,a22|a4,target,True,True
choice_blocks_24,r207_bitset,314,a22|a6,target,True,True
choice_blocks_24,r207_bitset,315,a22|a8,target,True,True
choice_blocks_24,r207_bitset,316,a22|a9,target,True,True
choice_blocks_24,r207_bitset,317,a22|b12,target,True,True
choice_blocks_24,r207_bitset,318,a22|b13,target,True,True
choice_blocks_24,r207_bitset,319,a22|b14,target,True,True
choice_blocks_24,r207_bitset,320,a22|b15,target,True,True
choice_blocks_24,r207_bitset,321,a22|b17,target,True,True
choice_blocks_24,r207_bitset,322,a22|b20,target,True,True
choice_blocks_24,r207_bitset,323,a22|b22,target,False,False
choice_blocks_24,r207_bitset,324,a22|b23,target,True,True
choice_blocks_24,r207_bitset,325,a22|b3,target,True,True
choice_blocks_24,r207_bitset,326,a22|b5,target,True,True
choice_blocks_24,r207_bitset,327,a22|b6,target,True,True
choice_blocks_24,r207_bitset,328,a22|b8,target,True,True
choice_blocks_24,r207_bitset,329,a23|a5,target,True,True
choice_blocks_24,r207_bitset,330,a23|a6,target,True,True
choice_blocks_24,r207_bitset,331,a23|a7,target,True,True
choice_blocks_24,r207_bitset,332,a23|a8,target,True,True
choice_blocks_24,r207_bitset,333,a23|a9,target,True,True
choice_blocks_24,r207_bitset,334,a23|b0,target,True,True
choice_blocks_24,r207_bitset,335,a23|b11,target,True,True
choice_blocks_24,r207_bitset,336,a23|b14,target,True,True
choice_blocks_24,r207_bitset,337,a23|b15,target,True,True
choice_blocks_24,r207_bitset,338,a23|b16,target,True,True
choice_blocks_24,r207_bitset,339,a23|b2,target,True,True
choice_blocks_24,r207_bitset,340,a23|b3,target,True,True
choice_blocks_24,r207_bitset,341,a23|b7,target,True,True
choice_blocks_24,r207_bitset,342,a23|b8,target,True,True
choice_blocks_24,r207_bitset,343,a3|a4,target,True,True
choice_blocks_24,r207_bitset,344,a3|a6,target,True,True
choice_blocks_24,r207_bitset,345,a3|a7,target,True,True
choice_blocks_24,r207_bitset,346,a3|a9,target,True,True
choice_blocks_24,r207_bitset,347,a3|b1,target,True,True
choice_blocks_24,r207_bitset,348,a3|b11,target,True,True
choice_blocks_24,r207_bitset,349,a3|b12,target,True,True
choice_blocks_24,r207_bitset,350,a3|b14,target,True,True
choice_blocks_24,r207_bitset,351,a3|b15,target,True,True
choice_blocks_24,r207_bitset,352,a3|b19,target,True,True
choice_blocks_24,r207_bitset,353,a3|b2,target,True,True
choice_blocks_24,r207_bitset,354,a3|b20,target,True,True
choice_blocks_24,r207_bitset,355,a3|b22,target,True,True
choice_blocks_24,r207_bitset,356,a3|b3,target,False,False
choice_blocks_24,r207_bitset,357,a3|b4,target,True,True
choice_blocks_24,r207_bitset,358,a3|b5,target,True,True
choice_blocks_24,r207_bitset,359,a3|b6,target,True,True
choice_blocks_24,r207_bitset,360,a3|b7,target,True,True
choice_blocks_24,r207_bitset,361,a4|a5,target,True,True
choice_blocks_24,r207_bitset,362,a4|a7,target,True,True
choice_blocks_24,r207_bitset,363,a4|a8,target,True,True
choice_blocks_24,r207_bitset,364,a4|b1,target,True,True
choice_blocks_24,r207_bitset,365,a4|b10,target,True,True
choice_blocks_24,r207_bitset,366,a4|b11,target,True,True
choice_blocks_24,r207_bitset,367,a4|b13,target,True,True
choice_blocks_24,r207_bitset,368,a4|b14,target,True,True
choice_blocks_24,r207_bitset,369,a4|b15,target,True,True
choice_blocks_24,r207_bitset,370,a4|b17,target,True,True
choice_blocks_24,r207_bitset,371,a4|b19,target,True,True
choice_blocks_24,r207_bitset,372,a4|b2,target,True,True
choice_blocks_24,r207_bitset,373,a4|b20,target,True,True
choice_blocks_24,r207_bitset,374,a4|b21,target,True,True
choice_blocks_24,r207_bitset,375,a4|b22,target,True,True
choice_blocks_24,r207_bitset,376,a4|b23,target,True,True
choice_blocks_24,r207_bitset,377,a4|b3,target,True,True
choice_blocks_24,r207_bitset,378,a4|b5,target,True,True
choice_blocks_24,r207_bitset,379,a4|b9,target,True,True
choice_blocks_24,r207_bitset,380,a5|a6,target,True,True
choice_blocks_24,r207_bitset,381,a5|a9,target,True,True
choice_blocks_24,r207_bitset,382,a5|b12,target,True,True
choice_blocks_24,r207_bitset,383,a5|b14,target,True,True
choice_blocks_24,r207_bitset,384,a5|b16,target,True,True
choice_blocks_24,r207_bitset,385,a5|b17,target,True,True
choice_blocks_24,r207_bitset,386,a5|b18,target,True,True
choice_blocks_24,r207_bitset,387,a5|b20,target,True,True
choice_blocks_24,r207_bitset,388,a5|b21,target,True,True
choice_blocks_24,r207_bitset,389,a5|b22,target,True,True
choice_blocks_24,r207_bitset,390,a5|b3,target,True,True
choice_blocks_24,r207_bitset,391,a5|b8,target,True,True
choice_blocks_24,r207_bitset,392,a6|a7,target,True,True
choice_blocks_24,r207_bitset,393,a6|a8,target,True,True
choice_blocks_24,r207_bitset,394,a6|a9,target,True,True
choice_blocks_24,r207_bitset,395,a6|b12,target,True,True
choice_blocks_24,r207_bitset,396,a6|b13,target,True,True
choice_blocks_24,r207_bitset,397,a6|b14,target,True,True
choice_blocks_24,r207_bitset,398,a6|b16,target,True,True
choice_blocks_24,r207_bitset,399,a6|b18,target,True,True
choice_blocks_24,r207_bitset,400,a6|b20,target,True,True
choice_blocks_24,r207_bitset,401,a6|b21,target,True,True
choice_blocks_24,r207_bitset,402,a6|b23,target,True,True
choice_blocks_24,r207_bitset,403,a6|b7,target,True,True
choice_blocks_24,r207_bitset,404,a6|b9,target,True,True
choice_blocks_24,r207_bitset,405,a7|a8,target,True,True
choice_blocks_24,r207_bitset,406,a7|a9,target,True,True
choice_blocks_24,r207_bitset,407,a7|b10,target,True,True
choice_blocks_24,r207_bitset,408,a7|b12,target,True,True
choice_blocks_24,r207_bitset,409,a7|b14,target,True,True
choice_blocks_24,r207_bitset,410,a7|b17,target,True,True
choice_blocks_24,r207_bitset,411,a7|b19,target,True,True
choice_blocks_24,r207_bitset,412,a7|b20,target,True,True
choice_blocks_24,r207_bitset,413,a7|b5,target,True,True
choice_blocks_24,r207_bitset,414,a7|b7,target,False,False
choice_blocks_24,r207_bitset,415,a8|a9,target,True,True
choice_blocks_24,r207_bitset,416,a8|b1,target,True,True
choice_blocks_24,r207_bitset,417,a8|b11,target,True,True
choice_blocks_24,r207_bitset,418,a8|b13,target,True,True
choice_blocks_24,r207_bitset,419,a8|b14,target,True,True
choice_blocks_24,r207_bitset,420,a8|b18,target,True,True
choice_blocks_24,r207_bitset,421,a8|b19,target,True,True
choice_blocks_24,r207_bitset,422,a8|b22,target,True,True
choice_blocks_24,r207_bitset,423,a8|b3,target,True,True
choice_blocks_24,r207_bitset,424,a8|b4,target,True,True
choice_blocks_24,r207_bitset,425,a8|b9,target,True,True
choice_blocks_24,r207_bitset,426,a9|b11,target,True,True
choice_blocks_24,r207_bitset,427,a9|b13,target,True,True
choice_blocks_24,r207_bitset,428,a9|b17,target,True,True
choice_blocks_24,r207_bitset,429,a9|b22,target,True,True
choice_blocks_24,r207_bitset,430,a9|b23,target,True,True
choice_blocks_24,r207_bitset,431,a9|b4,target,True,True
choice_blocks_24,r207_bitset,432,a9|b8,target,True,True
choice_blocks_24,r207_bitset,433,b0|b10,target,True,True
choice_blocks_24,r207_bitset,434,b0|b11,target,True,True
choice_blocks_24,r207_bitset,435,b0|b12,target,True,True
choice_blocks_24,r207_bitset,436,b0|b16,target,True,True
choice_blocks_24,r207_bitset,437,b0|b17,target,True,True
choice_blocks_24,r207_bitset,438,b0|b19,target,True,True
choice_blocks_24,r207_bitset,439,b0|b21,target,True,True
choice_blocks_24,r207_bitset,440,b0|b3,target,True,True
choice_blocks_24,r207_bitset,441,b0|b5,target,True,True
choice_blocks_24,r207_bitset,442,b0|b7,target,True,True
choice_blocks_24,r207_bitset,443,b0|b9,target,True,True
choice_blocks_24,r207_bitset,444,b1|b10,target,True,True
choice_blocks_24,r207_bitset,445,b1|b12,target,True,True
choice_blocks_24,r207_bitset,446,b1|b13,target,True,True
choice_blocks_24,r207_bitset,447,b1|b14,target,True,True
choice_blocks_24,r207_bitset,448,b1|b15,target,True,True
choice_blocks_24,r207_bitset,449,b1|b18,target,True,True
choice_blocks_24,r207_bitset,450,b1|b19,target,True,True
choice_blocks_24,r207_bitset,451,b1|b3,target,True,True
choice_blocks_24,r207_bitset,452,b1|b5,target,True,True
choice_blocks_24,r207_bitset,453,b10|b11,target,True,True
choice_blocks_24,r207_bitset,454,b10|b12,target,True,True
choice_blocks_24,r207_bitset,455,b10|b13,target,True,True
choice_blocks_24,r207_bitset,456,b10|b14,target,True,True
choice_blocks_24,r207_bitset,457,b10|b16,target,True,True
choice_blocks_24,r207_bitset,458,b10|b17,target,True,True
choice_blocks_24,r207_bitset,459,b10|b19,target,True,True
choice_blocks_24,r207_bitset,460,b10|b2,target,True,True
choice_blocks_24,r207_bitset,461,b10|b20,target,True,True
choice_blocks_24,r207_bitset,462,b10|b21,target,True,True
choice_blocks_24,r207_bitset,463,b10|b23,target,True,True
choice_blocks_24,r207_bitset,464,b10|b4,target,True,True
choice_blocks_24,r207_bitset,465,b10|b5,target,True,True
choice_blocks_24,r207_bitset,466,b10|b6,target,True,True
choice_blocks_24,r207_bitset,467,b10|b8,target,True,True
choice_blocks_24,r207_bitset,468,b10|b9,target,True,True
choice_blocks_24,r207_bitset,469,b11|b14,target,True,True
choice_blocks_24,r207_bitset,470,b11|b18,target,True,True
choice_blocks_24,r207_bitset,471,b11|b2,target,True,True
choice_blocks_24,r207_bitset,472,b11|b3,target,True,True
choice_blocks_24,r207_bitset,473,b11|b5,target,True,True
choice_blocks_24,r207_bitset,474,b11|b6,target,True,True
choice_blocks_24,r207_bitset,475,b11|b7,target,True,True
choice_blocks_24,r207_bitset,476,b11|b8,target,True,True
choice_blocks_24,r207_bitset,477,b11|b9,target,True,True
choice_blocks_24,r207_bitset,478,b12|b14,target,True,True
choice_blocks_24,r207_bitset,479,b12|b17,target,True,True
choice_blocks_24,r207_bitset,480,b12|b20,target,True,True
choice_blocks_24,r207_bitset,481,b12|b23,target,True,True
choice_blocks_24,r207_bitset,482,b12|b6,target,True,True
choice_blocks_24,r207_bitset,483,b12|b7,target,True,True
choice_blocks_24,r207_bitset,484,b13|b17,target,True,True
choice_blocks_24,r207_bitset,485,b13|b18,target,True,True
choice_blocks_24,r207_bitset,486,b13|b19,target,True,True
choice_blocks_24,r207_bitset,487,b13|b2,target,True,True
choice_blocks_24,r207_bitset,488,b13|b20,target,True,True
choice_blocks_24,r207_bitset,489,b13|b22,target,True,True
choice_blocks_24,r207_bitset,490,b13|b23,target,True,True
choice_blocks_24,r207_bitset,491,b13|b4,target,True,True
choice_blocks_24,r207_bitset,492,b13|b5,target,True,True
choice_blocks_24,r207_bitset,493,b13|b7,target,True,True
choice_blocks_24,r207_bitset,494,b14|b17,target,True,True
choice_blocks_24,r207_bitset,495,b14|b2,target,True,True
choice_blocks_24,r207_bitset,496,b14|b20,target,True,True
choice_blocks_24,r207_bitset,497,b14|b3,target,True,True
choice_blocks_24,r207_bitset,498,b14|b4,target,True,True
choice_blocks_24,r207_bitset,499,b14|b6,target,True,True
choice_blocks_24,r207_bitset,500,b14|b8,target,True,True
choice_blocks_24,r207_bitset,501,b15|b16,target,True,True
choice_blocks_24,r207_bitset,502,b15|b17,target,True,True
choice_blocks_24,r207_bitset,503,b15|b5,target,True,True
choice_blocks_24,r207_bitset,504,b15|b6,target,True,True
choice_blocks_24,r207_bitset,505,b15|b9,target,True,True
choice_blocks_24,r207_bitset,506,b16|b17,target,True,True
choice_blocks_24,r207_bitset,507,b16|b18,target,True,True
choice_blocks_24,r207_bitset,508,b16|b2,target,True,True
choice_blocks_24,r207_bitset,509,b16|b21,target,True,True
choice_blocks_24,r207_bitset,510,b16|b22,target,True,True
choice_blocks_24,r207_bitset,511,b16|b6,target,True,True
choice_blocks_24,r207_bitset,512,b16|b8,target,True,True
choice_blocks_24,r207_bitset,513,b16|b9,target,True,True
choice_blocks_24,r207_bitset,514,b17|b18,target,True,True
choice_blocks_24,r207_bitset,515,b17|b2,target,True,True
choice_blocks_24,r207_bitset,516,b17|b21,target,True,True
choice_blocks_24,r207_bitset,517,b17|b23,target,True,True
choice_blocks_24,r207_bitset,518,b17|b6,target,True,True
choice_blocks_24,r207_bitset,519,b18|b2,target,True,True
choice_blocks_24,r207_bitset,520,b18|b21,target,True,True
choice_blocks_24,r207_bitset,521,b18|b23,target,True,True
choice_blocks_24,r207_bitset,522,b18|b3,target,True,True
choice_blocks_24,r207_bitset,523,b18|b4,target,True,True
choice_blocks_24,r207_bitset,524,b18|b5,target,True,True
choice_blocks_24,r207_bitset,525,b18|b8,target,True,True
choice_blocks_24,r207_bitset,526,b18|b9,target,True,True
choice_blocks_24,r207_bitset,527,b19|b20,target,True,True
choice_blocks_24,r207_bitset,528,b19|b3,target,True,True
choice_blocks_24,r207_bitset,529,b19|b8,target,True,True
choice_blocks_24,r207_bitset,530,b19|b9,target,True,True
choice_blocks_24,r207_bitset,531,b2|b21,target,True,True
choice_blocks_24,r207_bitset,532,b2|b22,target,True,True
choice_blocks_24,r207_bitset,533,b2|b23,target,True,True
choice_blocks_24,r207_bitset,534,b2|b4,target,True,True
choice_blocks_24,r207_bitset,535,b2|b7,target,True,True
choice_blocks_24,r207_bitset,536,b2|b8,target,True,True
choice_blocks_24,r207_bitset,537,b2|b9,target,True,True
choice_blocks_24,r207_bitset,538,b20|b21,target,True,True
choice_blocks_24,r207_bitset,539,b20|b22,target,True,True
choice_blocks_24,r207_bitset,540,b20|b23,target,True,True
choice_blocks_24,r207_bitset,541,b20|b5,target,True,True
choice_blocks_24,r207_bitset,542,b20|b6,target,True,True
choice_blocks_24,r207_bitset,543,b20|b8,target,True,True
choice_blocks_24,r207_bitset,544,b21|b22,target,True,True
choice_blocks_24,r207_bitset,545,b21|b23,target,True,True
choice_blocks_24,r207_bitset,546,b22|b4,target,True,True
choice_blocks_24,r207_bitset,547,b22|b5,target,True,True
choice_blocks_24,r207_bitset,548,b22|b7,target,True,True
choice_blocks_24,r207_bitset,549,b23|b3,target,True,True
choice_blocks_24,r207_bitset,550,b23|b8,target,True,True
choice_blocks_24,r207_bitset,551,b23|b9,target,True,True
choice_blocks_24,r207_bitset,552,b3|b4,target,True,True
choice_blocks_24,r207_bitset,553,b3|b6,target,True,True
choice_blocks_24,r207_bitset,554,b3|b8,target,True,True
choice_blocks_24,r207_bitset,555,b4|b5,target,True,True
choice_blocks_24,r207_bitset,556,b5|b6,target,True,True
choice_blocks_24,r207_bitset,557,b5|b7,target,True,True
choice_blocks_24,r207_bitset,558,b7|b8,target,True,True
choice_blocks_24,r207_bitset,559,b7|b9,target,True,True
choice_blocks_24,r207_bitset,560,b8|b9,target,True,True
choice_blocks_24,r207_bitset,561,a0|a1|a10|a11|a12|a13|a14|a15|a16|a17|a18|a19|a2|a20|a21|a22|a23|a3|a4|a5|a6|a7|a8|a9|b0|b1|b10|b11|b12|b13|b14|b15|b16|b17|b18|b19|b2|b20|b21|b22|b23|b3|b4|b5|b6|b7|b8|b9,target,False,False
random_dag_0,and_or_forward,0,,n61,True,True
random_dag_0,and_or_forward,0,,n62,True,True
random_dag_0,and_or_forward,0,,n63,True,True
random_dag_0,and_or_forward,0,,n64,True,True
random_dag_0,and_or_forward,1,s0,n61,True,True
random_dag_0,and_or_forward,1,s0,n62,True,True
random_dag_0,and_or_forward,1,s0,n63,True,True
random_dag_0,and_or_forward,1,s0,n64,False,False
random_dag_0,and_or_forward,2,s1,n61,True,True
random_dag_0,and_or_forward,2,s1,n62,True,True
random_dag_0,and_or_forward,2,s1,n63,True,True
random_dag_0,and_or_forward,2,s1,n64,True,True
random_dag_0,and_or_forward,3,s10,n61,True,True
random_dag_0,and_or_forward,3,s10,n62,True,True
random_dag_0,and_or_forward,3,s10,n63,True,True
random_dag_0,and_or_forward,3,s10,n64,True,True
random_dag_0,and_or_forward,4,s11,n61,True,True
random_dag_0,and_or_forward,4,s11,n62,True,True
random_dag_0,and_or_forward,4,s11,n63,True,True
random_dag_0,and_or_forward,4,s11,n64,True,True
random_dag_0,and_or_forward,5,s2,n61,True,True
random_dag_0,and_or_forward,5,s2,n62,True,True
random_dag_0,and_or_forward,5,s2,n63,True,True
random_dag_0,and_or_forward,5,s2,n64,True,True
random_dag_0,and_or_forward,6,s3,n61,True,True
random_dag_0,and_or_forward,6,s3,n62,True,True
random_dag_0,and_or_forward,6,s3,n63,True,True
random_dag_0,and_or_forward,6,s3,n64,True,True
random_dag_0,and_or_forward,7,s4,n61,True,True
random_dag_0,and_or_forward,7,s4,n62,True,True
random_dag_0,and_or_forward,7,s4,n63,True,True
random_dag_0,and_or_forward,7,s4,n64,True,True
random_dag_0,and_or_forward,8,s5,n61,True,True
random_dag_0,and_or_forward,8,s5,n62,True,True
random_dag_0,and_or_forward,8,s5,n63,True,True
random_dag_0,and_or_forward,8,s5,n64,True,True
random_dag_0,and_or_forward,9,s6,n61,True,True
random_dag_0,and_or_forward,9,s6,n62,True,True
random_dag_0,and_or_forward,9,s6,n63,True,True
random_dag_0,and_or_forward,9,s6,n64,False,False
random_dag_0,and_or_forward,10,s7,n61,False,False
random_dag_0,and_or_forward,10,s7,n62,True,True
random_dag_0,and_or_forward,10,s7,n63,True,True
random_dag_0,and_or_forward,10,s7,n64,True,True
random_dag_0,and_or_forward,11,s8,n61,True,True
random_dag_0,and_or_forward,11,s8,n62,True,True
random_dag_0,and_or_forward,11,s8,n63,True,True
random_dag_0,and_or_forward,11,s8,n64,True,True
random_dag_0,and_or_forward,12,s9,n61,True,True
random_dag_0,and_or_forward,12,s9,n62,True,True
random_dag_0,and_or_forward,12,s9,n63,True,True
random_dag_0,and_or_forward,12,s9,n64,True,True
random_dag_0,and_or_forward,13,s0|s1,n61,True,True
random_dag_0,and_or_forward,13,s0|s1,n62,True,True
random_dag_0,and_or_forward,13,s0|s1,n63,True,True
random_dag_0,and_or_forward,13,s0|s1,n64,False,False
random_dag_0,and_or_forward,14,s0|s10,n61,True,True
random_dag_0,and_or_forward,14,s0|s10,n62,True,True
random_dag_0,and_or_forward,14,s0|s10,n63,True,True
random_dag_0,and_or_forward,14,s0|s10,n64,False,False
random_dag_0,and_or_forward,15,s0|s11,n61,True,True
random_dag_0,and_or_forward,15,s0|s11,n62,True,True
random_dag_0,and_or_forward,15,s0|s11,n63,True,True
random_dag_0,and_or_forward,15,s0|s11,n64,False,False
random_dag_0,and_or_forward,16,s0|s2,n61,True,True
random_dag_0,and_or_forward,16,s0|s2,n62,True,True
random_dag_0,and_or_forward,16,s0|s2,n63,True,True
random_dag_0,and_or_forward,16,s0|s2,n64,False,False
random_dag_0,and_or_forward,17,s0|s3,n61,True,True
random_dag_0,and_or_forward,17,s0|s3,n62,True,True
random_dag_0,and_or_forward,17,s0|s3,n63,True,True
random_dag_0,and_or_forward,17,s0|s3,n64,False,False
random_dag_0,and_or_forward,18,s0|s4,n61,True,True
random_dag_0,and_or_forward,18,s0|s4,n62,True,True
random_dag_0,and_or_forward,18,s0|s4,n63,True,True
random_dag_0,and_or_forward,18,s0|s4,n64,False,False
random_dag_0,and_or_forward,19,s0|s5,n61,True,True
random_dag_0,and_or_forward,19,s0|s5,n62,True,True
random_dag_0,and_or_forward,19,s0|s5,n63,True,True
random_dag_0,and_or_forward,19,s0|s5,n64,False,False
random_dag_0,and_or_forward,20,s0|s6,n61,True,True
random_dag_0,and_or_forward,20,s0|s6,n62,True,True
random_dag_0,and_or_forward,20,s0|s6,n63,True,True
random_dag_0,and_or_forward,20,s0|s6,n64,False,False
random_dag_0,and_or_forward,21,s0|s7,n61,False,False
random_dag_0,and_or_forward,21,s0|s7,n62,True,True
random_dag_0,and_or_forward,21,s0|s7,n63,True,True
random_dag_0,and_or_forward,21,s0|s7,n64,False,False
random_dag_0,and_or_forward,22,s0|s8,n61,True,True
random_dag_0,and_or_forward,22,s0|s8,n62,True,True
random_dag_0,and_or_forward,22,s0|s8,n63,True,True
random_dag_0,and_or_forward,22,s0|s8,n64,False,False
random_dag_0,and_or_forward,23,s0|s9,n61,True,True
random_dag_0,and_or_forward,23,s0|s9,n62,True,True
random_dag_0,and_or_forward,23,s0|s9,n63,True,True
random_dag_0,and_or_forward,23,s0|s9,n64,False,False
random_dag_0,and_or_forward,24,s1|s10,n61,True,True
random_dag_0,and_or_forward,24,s1|s10,n62,True,True
random_dag_0,and_or_forward,24,s1|s10,n63,True,True
random_dag_0,and_or_forward,24,s1|s10,n64,True,True
random_dag_0,and_or_forward,25,s1|s11,n61,True,True
random_dag_0,and_or_forward,25,s1|s11,n62,True,True
random_dag_0,and_or_forward,25,s1|s11,n63,True,True
random_dag_0,and_or_forward,25,s1|s11,n64,True,True
random_dag_0,and_or_forward,26,s1|s2,n61,True,True
random_dag_0,and_or_forward,26,s1|s2,n62,True,True
random_dag_0,and_or_forward,26,s1|s2,n63,True,True
random_dag_0,and_or_forward,26,s1|s2,n64,True,True
random_dag_0,and_or_forward,27,s1|s3,n61,True,True
random_dag_0,and_or_forward,27,s1|s3,n62,True,True
random_dag_0,and_or_forward,27,s1|s3,n63,True,True
random_dag_0,and_or_forward,27,s1|s3,n64,True,True
random_dag_0,and_or_forward,28,s1|s4,n61,True,True
random_dag_0,and_or_forward,28,s1|s4,n62,True,True
random_dag_0,and_or_forward,28,s1|s4,n63,True,True
random_dag_0,and_or_forward,28,s1|s4,n64,True,True
random_dag_0,and_or_forward,29,s1|s5,n61,True,True
random_dag_0,and_or_forward,29,s1|s5,n62,True,True
random_dag_0,and_or_forward,29,s1|s5,n63,True,True
random_dag_0,and_or_forward,29,s1|s5,n64,True,True
random_dag_0,and_or_forward,30,s1|s6,n61,True,True
random_dag_0,and_or_forward,30,s1|s6,n62,True,True
random_dag_0,and_or_forward,30,s1|s6,n63,True,True
random_dag_0,and_or_forward,30,s1|s6,n64,False,False
random_dag_0,and_or_forward,31,s1|s7,n61,False,False
random_dag_0,and_or_forward,31,s1|s7,n62,True,True
random_dag_0,and_or_forward,31,s1|s7,n63,True,True
random_dag_0,and_or_forward,31,s1|s7,n64,True,True
random_dag_0,and_or_forward,32,s1|s8,n61,True,True
random_dag_0,and_or_forward,32,s1|s8,n62,True,True
random_dag_0,and_or_forward,32,s1|s8,n63,True,True
random_dag_0,and_or_forward,32,s1|s8,n64,True,True
random_dag_0,and_or_forward,33,s1|s9,n61,True,True
random_dag_0,and_or_forward,33,s1|s9,n62,True,True
random_dag_0,and_or_forward,33,s1|s9,n63,True,True
random_dag_0,and_or_forward,33,s1|s9,n64,True,True
random_dag_0,and_or_forward,34,s10|s11,n61,True,True
random_dag_0,and_or_forward,34,s10|s11,n62,True,True
random_dag_0,and_or_forward,34,s10|s11,n63,True,True
random_dag_0,and_or_forward,34,s10|s11,n64,True,True
random_dag_0,and_or_forward,35,s10|s2,n61,True,True
random_dag_0,and_or_forward,35,s10|s2,n62,True,True
random_dag_0,and_or_forward,35,s10|s2,n63,True,True
random_dag_0,and_or_forward,35,s10|s2,n64,True,True
random_dag_0,and_or_forward,36,s10|s3,n61,False,False
random_dag_0,and_or_forward,36,s10|s3,n62,True,True
random_dag_0,and_or_forward,36,s10|s3,n63,True,True
random_dag_0,and_or_forward,36,s10|s3,n64,True,True
random_dag_0,and_or_forward,37,s10|s4,n61,True,True
random_dag_0,and_or_forward,37,s10|s4,n62,True,True
random_dag_0,and_or_forward,37,s10|s4,n63,True,True
random_dag_0,and_or_forward,37,s10|s4,n64,True,True
random_dag_0,and_or_forward,38,s10|s5,n61,True,True
random_dag_0,and_or_forward,38,s10|s5,n62,True,True
random_dag_0,and_or_forward,38,s10|s5,n63,True,True
random_dag_0,and_or_forward,38,s10|s5,n64,True,True
random_dag_0,and_or_forward,39,s10|s6,n61,True,True
random_dag_0,and_or_forward,39,s10|s6,n62,True,True
random_dag_0,and_or_forward,39,s10|s6,n63,True,True
random_dag_0,and_or_forward,39,s10|s6,n64,False,False
random_dag_0,and_or_forward,40,s10|s7,n61,False,False
random_dag_0,and_or_forward,40,s10|s7,n62,True,True
random_dag_0,and_or_forward,40,s10|s7,n63,True,True
random_dag_0,and_or_forward,40,s10|s7,n64,True,True
random_dag_0,and_or_forward,41,s10|s8,n61,True,True
random_dag_0,and_or_forward,41,s10|s8,n62,True,True
random_dag_0,and_or_forward,41,s10|s8,n63,True,True
random_dag_0,and_or_forward,41,s10|s8,n64,True,True
random_dag_0,and_or_forward,42,s10|s9,n61,True,True
random_dag_0,and_or_forward,42,s10|s9,n62,True,True
random_dag_0,and_or_forward,42,s10|s9,n63,True,True
random_dag_0,and_or_forward,42,s10|s9,n64,True,True
random_dag_0,and_or_forward,43,s11|s2,n61,True,True
random_dag_0,and_or_forward,43,s11|s2,n62,True,True
random_dag_0,and_or_forward,43,s11|s2,n63,True,True
random_dag_0,and_or_forward,43,s11|s2,n64,True,True
random_dag_0,and_or_forward,44,s11|s3,n61,True,True
random_dag_0,and_or_forward,44,s11|s3,n62,True,True
random_dag_0,and_or_forward,44,s11|s3,n63,True,True
random_dag_0,and_or_forward,44,s11|s3,n64,True,True
random_dag_0,and_or_forward,45,s11|s4,n61,True,True
random_dag_0,and_or_forward,45,s11|s4,n62,True,True
random_dag_0,and_or_forward,45,s11|s4,n63,True,True
random_dag_0,and_or_forward,45,s11|s4,n64,True,True
random_dag_0,and_or_forward,46,s11|s5,n61,True,True
random_dag_0,and_or_forward,46,s11|s5,n62,True,True
random_dag_0,and_or_forward,46,s11|s5,n63,True,True
random_dag_0,and_or_forward,46,s11|s5,n64,True,True
random_dag_0,and_or_forward,47,s11|s6,n61,True,True
random_dag_0,and_or_forward,47,s11|s6,n62,True,True
random_dag_0,and_or_forward,47,s11|s6,n63,True,True
random_dag_0,and_or_forward,47,s11|s6,n64,False,False
random_dag_0,and_or_forward,48,s11|s7,n61,False,False
random_dag_0,and_or_forward,48,s11|s7,n62,True,True
random_dag_0,and_or_forward,48,s11|s7,n63,True,True
random_dag_0,and_or_forward,48,s11|s7,n64,True,True
random_dag_0,and_or_forward,49,s11|s8,n61,True,True
random_dag_0,and_or_forward,49,s11|s8,n62,True,True
random_dag_0,and_or_forward,49,s11|s8,n63,True,True
random_dag_0,and_or_forward,49,s11|s8,n64,True,True
random_dag_0,and_or_forward,50,s11|s9,n61,True,True
random_dag_0,and_or_forward,50,s11|s9,n62,True,True
random_dag_0,and_or_forward,50,s11|s9,n63,True,True
random_dag_0,and_or_forward,50,s11|s9,n64,True,True
random_dag_0,and_or_forward,51,s2|s3,n61,True,True
random_dag_0,and_or_forward,51,s2|s3,n62,True,True
random_dag_0,and_or_forward,51,s2|s3,n63,True,True
random_dag_0,and_or_forward,51,s2|s3,n64,True,True
random_dag_0,and_or_forward,52,s2|s4,n61,True,True
random_dag_0,and_or_forward,52,s2|s4,n62,True,True
random_dag_0,and_or_forward,52,s2|s4,n63,True,True
random_dag_0,and_or_forward,52,s2|s4,n64,True,True
random_dag_0,and_or_forward,53,s2|s5,n61,True,True
random_dag_0,and_or_forward,53,s2|s5,n62,True,True
random_dag_0,and_or_forward,53,s2|s5,n63,True,True
random_dag_0,and_or_forward,53,s2|s5,n64,True,True
random_dag_0,and_or_forward,54,s2|s6,n61,True,True
random_dag_0,and_or_forward,54,s2|s6,n62,True,True
random_dag_0,and_or_forward,54,s2|s6,n63,True,True
random_dag_0,and_or_forward,54,s2|s6,n64,False,False
random_dag_0,and_or_forward,55,s2|s7,n61,False,False
random_dag_0,and_or_forward,55,s2|s7,n62,True,True
random_dag_0,and_or_forward,55,s2|s7,n63,True,True
random_dag_0,and_or_forward,55,s2|s7,n64,True,True
random_dag_0,and_or_forward,56,s2|s8,n61,True,True
random_dag_0,and_or_forward,56,s2|s8,n62,True,True
random_dag_0,and_or_forward,56,s2|s8,n63,True,True
random_dag_0,and_or_forward,56,s2|s8,n64,True,True
random_dag_0,and_or_forward,57,s2|s9,n61,True,True
random_dag_0,and_or_forward,57,s2|s9,n62,True,True
random_dag_0,and_or_forward,57,s2|s9,n63,True,True
random_dag_0,and_or_forward,57,s2|s9,n64,True,True
random_dag_0,and_or_forward,58,s3|s4,n61,True,True
random_dag_0,and_or_forward,58,s3|s4,n62,True,True
random_dag_0,and_or_forward,58,s3|s4,n63,True,True
random_dag_0,and_or_forward,58,s3|s4,n64,True,True
random_dag_0,and_or_forward,59,s3|s5,n61,False,False
random_dag_0,and_or_forward,59,s3|s5,n62,True,True
random_dag_0,and_or_forward,59,s3|s5,n63,False,False
random_dag_0,and_or_forward,59,s3|s5,n64,True,True
random_dag_0,and_or_forward,60,s3|s6,n61,True,True
random_dag_0,and_or_forward,60,s3|s6,n62,True,True
random_dag_0,and_or_forward,60,s3|s6,n63,True,True
random_dag_0,and_or_forward,60,s3|s6,n64,False,False
random_dag_0,and_or_forward,61,s3|s7,n61,False,False
random_dag_0,and_or_forward,61,s3|s7,n62,True,True
random_dag_0,and_or_forward,61,s3|s7,n63,True,True
random_dag_0,and_or_forward,61,s3|s7,n64,True,True
random_dag_0,and_or_forward,62,s3|s8,n61,True,True
random_dag_0,and_or_forward,62,s3|s8,n62,True,True
random_dag_0,and_or_forward,62,s3|s8,n63,True,True
random_dag_0,and_or_forward,62,s3|s8,n64,True,True
random_dag_0,and_or_forward,63,s3|s9,n61,True,True
random_dag_0,and_or_forward,63,s3|s9,n62,True,True
random_dag_0,and_or_forward,63,s3|s9,n63,True,True
random_dag_0,and_or_forward,63,s3|s9,n64,True,True
random_dag_0,and_or_forward,64,s4|s5,n61,True,True
random_dag_0,and_or_forward,64,s4|s5,n62,True,True
random_dag_0,and_or_forward,64,s4|s5,n63,True,True
random_dag_0,and_or_forward,64,s4|s5,n64,True,True
random_dag_0,and_or_forward,65,s4|s6,n61,True,True
random_dag_0,and_or_forward,65,s4|s6,n62,True,True
random_dag_0,and_or_forward,65,s4|s6,n63,True,True
random_dag_0,and_or_forward,65,s4|s6,n64,False,False
random_dag_0,and_or_forward,66,s4|s7,n61,False,False
random_dag_0,and_or_forward,66,s4|s7,n62,True,True
random_dag_0,and_or_forward,66,s4|s7,n63,True,True
random_dag_0,and_or_forward,66,s4|s7,n64,True,True
random_dag_0,and_or_forward,67,s4|s8,n61,True,True
random_dag_0,and_or_forward,67,s4|s8,n62,True,True
random_dag_0,and_or_forward,67,s4|s8,n63,True,True
random_dag_0,and_or_forward,67,s4|s8,n64,True,True
random_dag_0,and_or_forward,68,s4|s9,n61,True,True
random_dag_0,and_or_forward,68,s4|s9,n62,True,True
random_dag_0,and_or_forward,68,s4|s9,n63,True,True
random_dag_0,and_or_forward,68,s4|s9,n64,True,True
random_dag_0,and_or_forward,69,s5|s6,n61,True,True
random_dag_0,and_or_forward,69,s5|s6,n62,True,True
random_dag_0,and_or_forward,69,s5|s6,n63,True,True
random_dag_0,and_or_forward,69,s5|s6,n64,False,False
random_dag_0,and_or_forward,70,s5|s7,n61,False,False
random_dag_0,and_or_forward,70,s5|s7,n62,True,True
random_dag_0,and_or_forward,70,s5|s7,n63,False,False
random_dag_0,and_or_forward,70,s5|s7,n64,True,True
random_dag_0,and_or_forward,71,s5|s8,n61,True,True
random_dag_0,and_or_forward,71,s5|s8,n62,True,True
random_dag_0,and_or_forward,71,s5|s8,n63,False,False
random_dag_0,and_or_forward,71,s5|s8,n64,True,True
random_dag_0,and_or_forward,72,s5|s9,n61,True,True
random_dag_0,and_or_forward,72,s5|s9,n62,True,True
random_dag_0,and_or_forward,72,s5|s9,n63,True,True
random_dag_0,and_or_forward,72,s5|s9,n64,True,True
random_dag_0,and_or_forward,73,s6|s7,n61,False,False
random_dag_0,and_or_forward,73,s6|s7,n62,True,True
random_dag_0,and_or_forward,73,s6|s7,n63,True,True
random_dag_0,and_or_forward,73,s6|s7,n64,False,False
random_dag_0,and_or_forward,74,s6|s8,n61,True,True
random_dag_0,and_or_forward,74,s6|s8,n62,True,True
random_dag_0,and_or_forward,74,s6|s8,n63,True,True
random_dag_0,and_or_forward,74,s6|s8,n64,False,False
random_dag_0,and_or_forward,75,s6|s9,n61,True,True
random_dag_0,and_or_forward,75,s6|s9,n62,True,True
random_dag_0,and_or_forward,75,s6|s9,n63,True,True
random_dag_0,and_or_forward,75,s6|s9,n64,False,False
random_dag_0,and_or_forward,76,s7|s8,n61,False,False
random_dag_0,and_or_forward,76,s7|s8,n62,True,True
random_dag_0,and_or_forward,76,s7|s8,n63,True,True
random_dag_0,and_or_forward,76,s7|s8,n64,True,True
random_dag_0,and_or_forward,77,s7|s9,n61,False,False
random_dag_0,and_or_forward,77,s7|s9,n62,True,True
random_dag_0,and_or_forward,77,s7|s9,n63,True,True
random_dag_0,and_or_forward,77,s7|s9,n64,True,True
random_dag_0,and_or_forward,78,s8|s9,n61,True,True
random_dag_0,and_or_forward,78,s8|s9,n62,True,True
random_dag_0,and_or_forward,78,s8|s9,n63,True,True
random_dag_0,and_or_forward,78,s8|s9,n64,True,True
random_dag_0,and_or_forward,79,s0|s1|s10|s11|s2|s3|s4|s5|s6|s7|s8|s9,n61,False,False
random_dag_0,and_or_forward,79,s0|s1|s10|s11|s2|s3|s4|s5|s6|s7|s8|s9,n62,False,False
random_dag_0,and_or_forward,79,s0|s1|s10|s11|s2|s3|s4|s5|s6|s7|s8|s9,n63,False,False
random_dag_0,and_or_forward,79,s0|s1|s10|s11|s2|s3|s4|s5|s6|s7|s8|s9,n64,False,False
random_dag_0,r207_scalar,0,,n61,True,True
random_dag_0,r207_scalar,0,,n62,True,True
random_dag_0,r207_scalar,0,,n63,True,True
random_dag_0,r207_scalar,0,,n64,True,True
random_dag_0,r207_scalar,1,s0,n61,True,True
random_dag_0,r207_scalar,1,s0,n62,True,True
random_dag_0,r207_scalar,1,s0,n63,True,True
random_dag_0,r207_scalar,1,s0,n64,False,False
random_dag_0,r207_scalar,2,s1,n61,True,True
random_dag_0,r207_scalar,2,s1,n62,True,True
random_dag_0,r207_scalar,2,s1,n63,True,True
random_dag_0,r207_scalar,2,s1,n64,True,True
random_dag_0,r207_scalar,3,s10,n61,True,True
random_dag_0,r207_scalar,3,s10,n62,True,True
random_dag_0,r207_scalar,3,s10,n63,True,True
random_dag_0,r207_scalar,3,s10,n64,True,True
random_dag_0,r207_scalar,4,s11,n61,True,True
random_dag_0,r207_scalar,4,s11,n62,True,True
random_dag_0,r207_scalar,4,s11,n63,True,True
random_dag_0,r207_scalar,4,s11,n64,True,True
random_dag_0,r207_scalar,5,s2,n61,True,True
random_dag_0,r207_scalar,5,s2,n62,True,True
random_dag_0,r207_scalar,5,s2,n63,True,True
random_dag_0,r207_scalar,5,s2,n64,True,True
random_dag_0,r207_scalar,6,s3,n61,True,True
random_dag_0,r207_scalar,6,s3,n62,True,True
random_dag_0,r207_scalar,6,s3,n63,True,True
random_dag_0,r207_scalar,6,s3,n64,True,True
random_dag_0,r207_scalar,7,s4,n61,True,True
random_dag_0,r207_scalar,7,s4,n62,True,True
random_dag_0,r207_scalar,7,s4,n63,True,True
random_dag_0,r207_scalar,7,s4,n64,True,True
random_dag_0,r207_scalar,8,s5,n61,True,True
random_dag_0,r207_scalar,8,s5,n62,True,True
random_dag_0,r207_scalar,8,s5,n63,True,True
random_dag_0,r207_scalar,8,s5,n64,True,True
random_dag_0,r207_scalar,9,s6,n61,True,True
random_dag_0,r207_scalar,9,s6,n62,True,True
random_dag_0,r207_scalar,9,s6,n63,True,True
random_dag_0,r207_scalar,9,s6,n64,False,False
random_dag_0,r207_scalar,10,s7,n61,False,False
random_dag_0,r207_scalar,10,s7,n62,True,True
random_dag_0,r207_scalar,10,s7,n63,True,True
random_dag_0,r207_scalar,10,s7,n64,True,True
random_dag_0,r207_scalar,11,s8,n61,True,True
random_dag_0,r207_scalar,11,s8,n62,True,True
random_dag_0,r207_scalar,11,s8,n63,True,True
random_dag_0,r207_scalar,11,s8,n64,True,True
random_dag_0,r207_scalar,12,s9,n61,True,True
random_dag_0,r207_scalar,12,s9,n62,True,True
random_dag_0,r207_scalar,12,s9,n63,True,True
random_dag_0,r207_scalar,12,s9,n64,True,True
random_dag_0,r207_scalar,13,s0|s1,n61,True,True
random_dag_0,r207_scalar,13,s0|s1,n62,True,True
random_dag_0,r207_scalar,13,s0|s1,n63,True,True
random_dag_0,r207_scalar,13,s0|s1,n64,False,False
random_dag_0,r207_scalar,14,s0|s10,n61,True,True
random_dag_0,r207_scalar,14,s0|s10,n62,True,True
random_dag_0,r207_scalar,14,s0|s10,n63,True,True
random_dag_0,r207_scalar,14,s0|s10,n64,False,False
random_dag_0,r207_scalar,15,s0|s11,n61,True,True
random_dag_0,r207_scalar,15,s0|s11,n62,True,True
random_dag_0,r207_scalar,15,s0|s11,n63,True,True
random_dag_0,r207_scalar,15,s0|s11,n64,False,False
random_dag_0,r207_scalar,16,s0|s2,n61,True,True
random_dag_0,r207_scalar,16,s0|s2,n62,True,True
random_dag_0,r207_scalar,16,s0|s2,n63,True,True
random_dag_0,r207_scalar,16,s0|s2,n64,False,False
random_dag_0,r207_scalar,17,s0|s3,n61,True,True
random_dag_0,r207_scalar,17,s0|s3,n62,True,True
random_dag_0,r207_scalar,17,s0|s3,n63,True,True
random_dag_0,r207_scalar,17,s0|s3,n64,False,False
random_dag_0,r207_scalar,18,s0|s4,n61,True,True
random_dag_0,r207_scalar,18,s0|s4,n62,True,True
random_dag_0,r207_scalar,18,s0|s4,n63,True,True
random_dag_0,r207_scalar,18,s0|s4,n64,False,False
random_dag_0,r207_scalar,19,s0|s5,n61,True,True
random_dag_0,r207_scalar,19,s0|s5,n62,True,True
random_dag_0,r207_scalar,19,s0|s5,n63,True,True
random_dag_0,r207_scalar,19,s0|s5,n64,False,False
random_dag_0,r207_scalar,20,s0|s6,n61,True,True
random_dag_0,r207_scalar,20,s0|s6,n62,True,True
random_dag_0,r207_scalar,20,s0|s6,n63,True,True
random_dag_0,r207_scalar,20,s0|s6,n64,False,False
random_dag_0,r207_scalar,21,s0|s7,n61,False,False
random_dag_0,r207_scalar,21,s0|s7,n62,True,True
random_dag_0,r207_scalar,21,s0|s7,n63,True,True
random_dag_0,r207_scalar,21,s0|s7,n64,False,False
random_dag_0,r207_scalar,22,s0|s8,n61,True,True
random_dag_0,r207_scalar,22,s0|s8,n62,True,True
random_dag_0,r207_scalar,22,s0|s8,n63,True,True
random_dag_0,r207_scalar,22,s0|s8,n64,False,False
random_dag_0,r207_scalar,23,s0|s9,n61,True,True
random_dag_0,r207_scalar,23,s0|s9,n62,True,True
random_dag_0,r207_scalar,23,s0|s9,n63,True,True
random_dag_0,r207_scalar,23,s0|s9,n64,False,False
random_dag_0,r207_scalar,24,s1|s10,n61,True,True
random_dag_0,r207_scalar,24,s1|s10,n62,True,True
random_dag_0,r207_scalar,24,s1|s10,n63,True,True
random_dag_0,r207_scalar,24,s1|s10,n64,True,True
random_dag_0,r207_scalar,25,s1|s11,n61,True,True
random_dag_0,r207_scalar,25,s1|s11,n62,True,True
random_dag_0,r207_scalar,25,s1|s11,n63,True,True
random_dag_0,r207_scalar,25,s1|s11,n64,True,True
random_dag_0,r207_scalar,26,s1|s2,n61,True,True
random_dag_0,r207_scalar,26,s1|s2,n62,True,True
random_dag_0,r207_scalar,26,s1|s2,n63,True,True
random_dag_0,r207_scalar,26,s1|s2,n64,True,True
random_dag_0,r207_scalar,27,s1|s3,n61,True,True
random_dag_0,r207_scalar,27,s1|s3,n62,True,True
random_dag_0,r207_scalar,27,s1|s3,n63,True,True
random_dag_0,r207_scalar,27,s1|s3,n64,True,True
random_dag_0,r207_scalar,28,s1|s4,n61,True,True
random_dag_0,r207_scalar,28,s1|s4,n62,True,True
random_dag_0,r207_scalar,28,s1|s4,n63,True,True
random_dag_0,r207_scalar,28,s1|s4,n64,True,True
random_dag_0,r207_scalar,29,s1|s5,n61,True,True
random_dag_0,r207_scalar,29,s1|s5,n62,True,True
random_dag_0,r207_scalar,29,s1|s5,n63,True,True
random_dag_0,r207_scalar,29,s1|s5,n64,True,True
random_dag_0,r207_scalar,30,s1|s6,n61,True,True
random_dag_0,r207_scalar,30,s1|s6,n62,True,True
random_dag_0,r207_scalar,30,s1|s6,n63,True,True
random_dag_0,r207_scalar,30,s1|s6,n64,False,False
random_dag_0,r207_scalar,31,s1|s7,n61,False,False
random_dag_0,r207_scalar,31,s1|s7,n62,True,True
random_dag_0,r207_scalar,31,s1|s7,n63,True,True
random_dag_0,r207_scalar,31,s1|s7,n64,True,True
random_dag_0,r207_scalar,32,s1|s8,n61,True,True
random_dag_0,r207_scalar,32,s1|s8,n62,True,True
random_dag_0,r207_scalar,32,s1|s8,n63,True,True
random_dag_0,r207_scalar,32,s1|s8,n64,True,True
random_dag_0,r207_scalar,33,s1|s9,n61,True,True
random_dag_0,r207_scalar,33,s1|s9,n62,True,True
random_dag_0,r207_scalar,33,s1|s9,n63,True,True
random_dag_0,r207_scalar,33,s1|s9,n64,True,True
random_dag_0,r207_scalar,34,s10|s11,n61,True,True
random_dag_0,r207_scalar,34,s10|s11,n62,True,True
random_dag_0,r207_scalar,34,s10|s11,n63,True,True
random_dag_0,r207_scalar,34,s10|s11,n64,True,True
random_dag_0,r207_scalar,35,s10|s2,n61,True,True
random_dag_0,r207_scalar,35,s10|s2,n62,True,True
random_dag_0,r207_scalar,35,s10|s2,n63,True,True
random_dag_0,r207_scalar,35,s10|s2,n64,True,True
random_dag_0,r207_scalar,36,s10|s3,n61,False,False
random_dag_0,r207_scalar,36,s10|s3,n62,True,True
random_dag_0,r207_scalar,36,s10|s3,n63,True,True
random_dag_0,r207_scalar,36,s10|s3,n64,True,True
random_dag_0,r207_scalar,37,s10|s4,n61,True,True
random_dag_0,r207_scalar,37,s10|s4,n62,True,True
random_dag_0,r207_scalar,37,s10|s4,n63,True,True
random_dag_0,r207_scalar,37,s10|s4,n64,True,True
random_dag_0,r207_scalar,38,s10|s5,n61,True,True
random_dag_0,r207_scalar,38,s10|s5,n62,True,True
random_dag_0,r207_scalar,38,s10|s5,n63,True,True
random_dag_0,r207_scalar,38,s10|s5,n64,True,True
random_dag_0,r207_scalar,39,s10|s6,n61,True,True
random_dag_0,r207_scalar,39,s10|s6,n62,True,True
random_dag_0,r207_scalar,39,s10|s6,n63,True,True
random_dag_0,r207_scalar,39,s10|s6,n64,False,False
random_dag_0,r207_scalar,40,s10|s7,n61,False,False
random_dag_0,r207_scalar,40,s10|s7,n62,True,True
random_dag_0,r207_scalar,40,s10|s7,n63,True,True
random_dag_0,r207_scalar,40,s10|s7,n64,True,True
random_dag_0,r207_scalar,41,s10|s8,n61,True,True
random_dag_0,r207_scalar,41,s10|s8,n62,True,True
random_dag_0,r207_scalar,41,s10|s8,n63,True,True
random_dag_0,r207_scalar,41,s10|s8,n64,True,True
random_dag_0,r207_scalar,42,s10|s9,n61,True,True
random_dag_0,r207_scalar,42,s10|s9,n62,True,True
random_dag_0,r207_scalar,42,s10|s9,n63,True,True
random_dag_0,r207_scalar,42,s10|s9,n64,True,True
random_dag_0,r207_scalar,43,s11|s2,n61,True,True
random_dag_0,r207_scalar,43,s11|s2,n62,True,True
random_dag_0,r207_scalar,43,s11|s2,n63,True,True
random_dag_0,r207_scalar,43,s11|s2,n64,True,True
random_dag_0,r207_scalar,44,s11|s3,n61,True,True
random_dag_0,r207_scalar,44,s11|s3,n62,True,True
random_dag_0,r207_scalar,44,s11|s3,n63,True,True
random_dag_0,r207_scalar,44,s11|s3,n64,True,True
random_dag_0,r207_scalar,45,s11|s4,n61,True,True
random_dag_0,r207_scalar,45,s11|s4,n62,True,True
random_dag_0,r207_scalar,45,s11|s4,n63,True,True
random_dag_0,r207_scalar,45,s11|s4,n64,True,True
random_dag_0,r207_scalar,46,s11|s5,n61,True,True
random_dag_0,r207_scalar,46,s11|s5,n62,True,True
random_dag_0,r207_scalar,46,s11|s5,n63,True,True
random_dag_0,r207_scalar,46,s11|s5,n64,True,True
random_dag_0,r207_scalar,47,s11|s6,n61,True,True
random_dag_0,r207_scalar,47,s11|s6,n62,True,True
random_dag_0,r207_scalar,47,s11|s6,n63,True,True
random_dag_0,r207_scalar,47,s11|s6,n64,False,False
random_dag_0,r207_scalar,48,s11|s7,n61,False,False
random_dag_0,r207_scalar,48,s11|s7,n62,True,True
random_dag_0,r207_scalar,48,s11|s7,n63,True,True
random_dag_0,r207_scalar,48,s11|s7,n64,True,True
random_dag_0,r207_scalar,49,s11|s8,n61,True,True
random_dag_0,r207_scalar,49,s11|s8,n62,True,True
random_dag_0,r207_scalar,49,s11|s8,n63,True,True
random_dag_0,r207_scalar,49,s11|s8,n64,True,True
random_dag_0,r207_scalar,50,s11|s9,n61,True,True
random_dag_0,r207_scalar,50,s11|s9,n62,True,True
random_dag_0,r207_scalar,50,s11|s9,n63,True,True
random_dag_0,r207_scalar,50,s11|s9,n64,True,True
random_dag_0,r207_scalar,51,s2|s3,n61,True,True
random_dag_0,r207_scalar,51,s2|s3,n62,True,True
random_dag_0,r207_scalar,51,s2|s3,n63,True,True
random_dag_0,r207_scalar,51,s2|s3,n64,True,True
random_dag_0,r207_scalar,52,s2|s4,n61,True,True
random_dag_0,r207_scalar,52,s2|s4,n62,True,True
random_dag_0,r207_scalar,52,s2|s4,n63,True,True
random_dag_0,r207_scalar,52,s2|s4,n64,True,True
random_dag_0,r207_scalar,53,s2|s5,n61,True,True
random_dag_0,r207_scalar,53,s2|s5,n62,True,True
random_dag_0,r207_scalar,53,s2|s5,n63,True,True
random_dag_0,r207_scalar,53,s2|s5,n64,True,True
random_dag_0,r207_scalar,54,s2|s6,n61,True,True
random_dag_0,r207_scalar,54,s2|s6,n62,True,True
random_dag_0,r207_scalar,54,s2|s6,n63,True,True
random_dag_0,r207_scalar,54,s2|s6,n64,False,False
random_dag_0,r207_scalar,55,s2|s7,n61,False,False
random_dag_0,r207_scalar,55,s2|s7,n62,True,True
random_dag_0,r207_scalar,55,s2|s7,n63,True,True
random_dag_0,r207_scalar,55,s2|s7,n64,True,True
random_dag_0,r207_scalar,56,s2|s8,n61,True,True
random_dag_0,r207_scalar,56,s2|s8,n62,True,True
random_dag_0,r207_scalar,56,s2|s8,n63,True,True
random_dag_0,r207_scalar,56,s2|s8,n64,True,True
random_dag_0,r207_scalar,57,s2|s9,n61,True,True
random_dag_0,r207_scalar,57,s2|s9,n62,True,True
random_dag_0,r207_scalar,57,s2|s9,n63,True,True
random_dag_0,r207_scalar,57,s2|s9,n64,True,True
random_dag_0,r207_scalar,58,s3|s4,n61,True,True
random_dag_0,r207_scalar,58,s3|s4,n62,True,True
random_dag_0,r207_scalar,58,s3|s4,n63,True,True
random_dag_0,r207_scalar,58,s3|s4,n64,True,True
random_dag_0,r207_scalar,59,s3|s5,n61,False,False
random_dag_0,r207_scalar,59,s3|s5,n62,True,True
random_dag_0,r207_scalar,59,s3|s5,n63,False,False
random_dag_0,r207_scalar,59,s3|s5,n64,True,True
random_dag_0,r207_scalar,60,s3|s6,n61,True,True
random_dag_0,r207_scalar,60,s3|s6,n62,True,True
random_dag_0,r207_scalar,60,s3|s6,n63,True,True
random_dag_0,r207_scalar,60,s3|s6,n64,False,False
random_dag_0,r207_scalar,61,s3|s7,n61,False,False
random_dag_0,r207_scalar,61,s3|s7,n62,True,True
random_dag_0,r207_scalar,61,s3|s7,n63,True,True
random_dag_0,r207_scalar,61,s3|s7,n64,True,True
random_dag_0,r207_scalar,62,s3|s8,n61,True,True
random_dag_0,r207_scalar,62,s3|s8,n62,True,True
random_dag_0,r207_scalar,62,s3|s8,n63,True,True
random_dag_0,r207_scalar,62,s3|s8,n64,True,True
random_dag_0,r207_scalar,63,s3|s9,n61,True,True
random_dag_0,r207_scalar,63,s3|s9,n62,True,True
random_dag_0,r207_scalar,63,s3|s9,n63,True,True
random_dag_0,r207_scalar,63,s3|s9,n64,True,True
random_dag_0,r207_scalar,64,s4|s5,n61,True,True
random_dag_0,r207_scalar,64,s4|s5,n62,True,True
random_dag_0,r207_scalar,64,s4|s5,n63,True,True
random_dag_0,r207_scalar,64,s4|s5,n64,True,True
random_dag_0,r207_scalar,65,s4|s6,n61,True,True
random_dag_0,r207_scalar,65,s4|s6,n62,True,True
random_dag_0,r207_scalar,65,s4|s6,n63,True,True
random_dag_0,r207_scalar,65,s4|s6,n64,False,False
random_dag_0,r207_scalar,66,s4|s7,n61,False,False
random_dag_0,r207_scalar,66,s4|s7,n62,True,True
random_dag_0,r207_scalar,66,s4|s7,n63,True,True
random_dag_0,r207_scalar,66,s4|s7,n64,True,True
random_dag_0,r207_scalar,67,s4|s8,n61,True,True
random_dag_0,r207_scalar,67,s4|s8,n62,True,True
random_dag_0,r207_scalar,67,s4|s8,n63,True,True
random_dag_0,r207_scalar,67,s4|s8,n64,True,True
random_dag_0,r207_scalar,68,s4|s9,n61,True,True
random_dag_0,r207_scalar,68,s4|s9,n62,True,True
random_dag_0,r207_scalar,68,s4|s9,n63,True,True
random_dag_0,r207_scalar,68,s4|s9,n64,True,True
random_dag_0,r207_scalar,69,s5|s6,n61,True,True
random_dag_0,r207_scalar,69,s5|s6,n62,True,True
random_dag_0,r207_scalar,69,s5|s6,n63,True,True
random_dag_0,r207_scalar,69,s5|s6,n64,False,False
random_dag_0,r207_scalar,70,s5|s7,n61,False,False
random_dag_0,r207_scalar,70,s5|s7,n62,True,True
random_dag_0,r207_scalar,70,s5|s7,n63,False,False
random_dag_0,r207_scalar,70,s5|s7,n64,True,True
random_dag_0,r207_scalar,71,s5|s8,n61,True,True
random_dag_0,r207_scalar,71,s5|s8,n62,True,True
random_dag_0,r207_scalar,71,s5|s8,n63,False,False
random_dag_0,r207_scalar,71,s5|s8,n64,True,True
random_dag_0,r207_scalar,72,s5|s9,n61,True,True
random_dag_0,r207_scalar,72,s5|s9,n62,True,True
random_dag_0,r207_scalar,72,s5|s9,n63,True,True
random_dag_0,r207_scalar,72,s5|s9,n64,True,True
random_dag_0,r207_scalar,73,s6|s7,n61,False,False
random_dag_0,r207_scalar,73,s6|s7,n62,True,True
random_dag_0,r207_scalar,73,s6|s7,n63,True,True
random_dag_0,r207_scalar,73,s6|s7,n64,False,False
random_dag_0,r207_scalar,74,s6|s8,n61,True,True
random_dag_0,r207_scalar,74,s6|s8,n62,True,True
random_dag_0,r207_scalar,74,s6|s8,n63,True,True
random_dag_0,r207_scalar,74,s6|s8,n64,False,False
random_dag_0,r207_scalar,75,s6|s9,n61,True,True
random_dag_0,r207_scalar,75,s6|s9,n62,True,True
random_dag_0,r207_scalar,75,s6|s9,n63,True,True
random_dag_0,r207_scalar,75,s6|s9,n64,False,False
random_dag_0,r207_scalar,76,s7|s8,n61,False,False
random_dag_0,r207_scalar,76,s7|s8,n62,True,True
random_dag_0,r207_scalar,76,s7|s8,n63,True,True
random_dag_0,r207_scalar,76,s7|s8,n64,True,True
random_dag_0,r207_scalar,77,s7|s9,n61,False,False
random_dag_0,r207_scalar,77,s7|s9,n62,True,True
random_dag_0,r207_scalar,77,s7|s9,n63,True,True
random_dag_0,r207_scalar,77,s7|s9,n64,True,True
random_dag_0,r207_scalar,78,s8|s9,n61,True,True
random_dag_0,r207_scalar,78,s8|s9,n62,True,True
random_dag_0,r207_scalar,78,s8|s9,n63,True,True
random_dag_0,r207_scalar,78,s8|s9,n64,True,True
random_dag_0,r207_scalar,79,s0|s1|s10|s11|s2|s3|s4|s5|s6|s7|s8|s9,n61,False,False
random_dag_0,r207_scalar,79,s0|s1|s10|s11|s2|s3|s4|s5|s6|s7|s8|s9,n62,False,False
random_dag_0,r207_scalar,79,s0|s1|s10|s11|s2|s3|s4|s5|s6|s7|s8|s9,n63,False,False
random_dag_0,r207_scalar,79,s0|s1|s10|s11|s2|s3|s4|s5|s6|s7|s8|s9,n64,False,False
random_dag_0,r207_bitset,0,,n61,True,True
random_dag_0,r207_bitset,0,,n62,True,True
random_dag_0,r207_bitset,0,,n63,True,True
random_dag_0,r207_bitset,0,,n64,True,True
random_dag_0,r207_bitset,1,s0,n61,True,True
random_dag_0,r207_bitset,1,s0,n62,True,True
random_dag_0,r207_bitset,1,s0,n63,True,True
random_dag_0,r207_bitset,1,s0,n64,False,False
random_dag_0,r207_bitset,2,s1,n61,True,True
random_dag_0,r207_bitset,2,s1,n62,True,True
random_dag_0,r207_bitset,2,s1,n63,True,True
random_dag_0,r207_bitset,2,s1,n64,True,True
random_dag_0,r207_bitset,3,s10,n61,True,True
random_dag_0,r207_bitset,3,s10,n62,True,True
random_dag_0,r207_bitset,3,s10,n63,True,True
random_dag_0,r207_bitset,3,s10,n64,True,True
random_dag_0,r207_bitset,4,s11,n61,True,True
random_dag_0,r207_bitset,4,s11,n62,True,True
random_dag_0,r207_bitset,4,s11,n63,True,True
random_dag_0,r207_bitset,4,s11,n64,True,True
random_dag_0,r207_bitset,5,s2,n61,True,True
random_dag_0,r207_bitset,5,s2,n62,True,True
random_dag_0,r207_bitset,5,s2,n63,True,True
random_dag_0,r207_bitset,5,s2,n64,True,True
random_dag_0,r207_bitset,6,s3,n61,True,True
random_dag_0,r207_bitset,6,s3,n62,True,True
random_dag_0,r207_bitset,6,s3,n63,True,True
random_dag_0,r207_bitset,6,s3,n64,True,True
random_dag_0,r207_bitset,7,s4,n61,True,True
random_dag_0,r207_bitset,7,s4,n62,True,True
random_dag_0,r207_bitset,7,s4,n63,True,True
random_dag_0,r207_bitset,7,s4,n64,True,True
random_dag_0,r207_bitset,8,s5,n61,True,True
random_dag_0,r207_bitset,8,s5,n62,True,True
random_dag_0,r207_bitset,8,s5,n63,True,True
random_dag_0,r207_bitset,8,s5,n64,True,True
random_dag_0,r207_bitset,9,s6,n61,True,True
random_dag_0,r207_bitset,9,s6,n62,True,True
random_dag_0,r207_bitset,9,s6,n63,True,True
random_dag_0,r207_bitset,9,s6,n64,False,False
random_dag_0,r207_bitset,10,s7,n61,False,False
random_dag_0,r207_bitset,10,s7,n62,True,True
random_dag_0,r207_bitset,10,s7,n63,True,True
random_dag_0,r207_bitset,10,s7,n64,True,True
random_dag_0,r207_bitset,11,s8,n61,True,True
random_dag_0,r207_bitset,11,s8,n62,True,True
random_dag_0,r207_bitset,11,s8,n63,True,True
random_dag_0,r207_bitset,11,s8,n64,True,True
random_dag_0,r207_bitset,12,s9,n61,True,True
random_dag_0,r207_bitset,12,s9,n62,True,True
random_dag_0,r207_bitset,12,s9,n63,True,True
random_dag_0,r207_bitset,12,s9,n64,True,True
random_dag_0,r207_bitset,13,s0|s1,n61,True,True
random_dag_0,r207_bitset,13,s0|s1,n62,True,True
random_dag_0,r207_bitset,13,s0|s1,n63,True,True
random_dag_0,r207_bitset,13,s0|s1,n64,False,False
random_dag_0,r207_bitset,14,s0|s10,n61,True,True
random_dag_0,r207_bitset,14,s0|s10,n62,True,True
random_dag_0,r207_bitset,14,s0|s10,n63,True,True
random_dag_0,r207_bitset,14,s0|s10,n64,False,False
random_dag_0,r207_bitset,15,s0|s11,n61,True,True
random_dag_0,r207_bitset,15,s0|s11,n62,True,True
random_dag_0,r207_bitset,15,s0|s11,n63,True,True
random_dag_0,r207_bitset,15,s0|s11,n64,False,False
random_dag_0,r207_bitset,16,s0|s2,n61,True,True
random_dag_0,r207_bitset,16,s0|s2,n62,True,True
random_dag_0,r207_bitset,16,s0|s2,n63,True,True
random_dag_0,r207_bitset,16,s0|s2,n64,False,False
random_dag_0,r207_bitset,17,s0|s3,n61,True,True
random_dag_0,r207_bitset,17,s0|s3,n62,True,True
random_dag_0,r207_bitset,17,s0|s3,n63,True,True
random_dag_0,r207_bitset,17,s0|s3,n64,False,False
random_dag_0,r207_bitset,18,s0|s4,n61,True,True
random_dag_0,r207_bitset,18,s0|s4,n62,True,True
random_dag_0,r207_bitset,18,s0|s4,n63,True,True
random_dag_0,r207_bitset,18,s0|s4,n64,False,False
random_dag_0,r207_bitset,19,s0|s5,n61,True,True
random_dag_0,r207_bitset,19,s0|s5,n62,True,True
random_dag_0,r207_bitset,19,s0|s5,n63,True,True
random_dag_0,r207_bitset,19,s0|s5,n64,False,False
random_dag_0,r207_bitset,20,s0|s6,n61,True,True
random_dag_0,r207_bitset,20,s0|s6,n62,True,True
random_dag_0,r207_bitset,20,s0|s6,n63,True,True
random_dag_0,r207_bitset,20,s0|s6,n64,False,False
random_dag_0,r207_bitset,21,s0|s7,n61,False,False
random_dag_0,r207_bitset,21,s0|s7,n62,True,True
random_dag_0,r207_bitset,21,s0|s7,n63,True,True
random_dag_0,r207_bitset,21,s0|s7,n64,False,False
random_dag_0,r207_bitset,22,s0|s8,n61,True,True
random_dag_0,r207_bitset,22,s0|s8,n62,True,True
random_dag_0,r207_bitset,22,s0|s8,n63,True,True
random_dag_0,r207_bitset,22,s0|s8,n64,False,False
random_dag_0,r207_bitset,23,s0|s9,n61,True,True
random_dag_0,r207_bitset,23,s0|s9,n62,True,True
random_dag_0,r207_bitset,23,s0|s9,n63,True,True
random_dag_0,r207_bitset,23,s0|s9,n64,False,False
random_dag_0,r207_bitset,24,s1|s10,n61,True,True
random_dag_0,r207_bitset,24,s1|s10,n62,True,True
random_dag_0,r207_bitset,24,s1|s10,n63,True,True
random_dag_0,r207_bitset,24,s1|s10,n64,True,True
random_dag_0,r207_bitset,25,s1|s11,n61,True,True
random_dag_0,r207_bitset,25,s1|s11,n62,True,True
random_dag_0,r207_bitset,25,s1|s11,n63,True,True
random_dag_0,r207_bitset,25,s1|s11,n64,True,True
random_dag_0,r207_bitset,26,s1|s2,n61,True,True
random_dag_0,r207_bitset,26,s1|s2,n62,True,True
random_dag_0,r207_bitset,26,s1|s2,n63,True,True
random_dag_0,r207_bitset,26,s1|s2,n64,True,True
random_dag_0,r207_bitset,27,s1|s3,n61,True,True
random_dag_0,r207_bitset,27,s1|s3,n62,True,True
random_dag_0,r207_bitset,27,s1|s3,n63,True,True
random_dag_0,r207_bitset,27,s1|s3,n64,True,True
random_dag_0,r207_bitset,28,s1|s4,n61,True,True
random_dag_0,r207_bitset,28,s1|s4,n62,True,True
random_dag_0,r207_bitset,28,s1|s4,n63,True,True
random_dag_0,r207_bitset,28,s1|s4,n64,True,True
random_dag_0,r207_bitset,29,s1|s5,n61,True,True
random_dag_0,r207_bitset,29,s1|s5,n62,True,True
random_dag_0,r207_bitset,29,s1|s5,n63,True,True
random_dag_0,r207_bitset,29,s1|s5,n64,True,True
random_dag_0,r207_bitset,30,s1|s6,n61,True,True
random_dag_0,r207_bitset,30,s1|s6,n62,True,True
random_dag_0,r207_bitset,30,s1|s6,n63,True,True
random_dag_0,r207_bitset,30,s1|s6,n64,False,False
random_dag_0,r207_bitset,31,s1|s7,n61,False,False
random_dag_0,r207_bitset,31,s1|s7,n62,True,True
random_dag_0,r207_bitset,31,s1|s7,n63,True,True
random_dag_0,r207_bitset,31,s1|s7,n64,True,True
random_dag_0,r207_bitset,32,s1|s8,n61,True,True
random_dag_0,r207_bitset,32,s1|s8,n62,True,True
random_dag_0,r207_bitset,32,s1|s8,n63,True,True
random_dag_0,r207_bitset,32,s1|s8,n64,True,True
random_dag_0,r207_bitset,33,s1|s9,n61,True,True
random_dag_0,r207_bitset,33,s1|s9,n62,True,True
random_dag_0,r207_bitset,33,s1|s9,n63,True,True
random_dag_0,r207_bitset,33,s1|s9,n64,True,True
random_dag_0,r207_bitset,34,s10|s11,n61,True,True
random_dag_0,r207_bitset,34,s10|s11,n62,True,True
random_dag_0,r207_bitset,34,s10|s11,n63,True,True
random_dag_0,r207_bitset,34,s10|s11,n64,True,True
random_dag_0,r207_bitset,35,s10|s2,n61,True,True
random_dag_0,r207_bitset,35,s10|s2,n62,True,True
random_dag_0,r207_bitset,35,s10|s2,n63,True,True
random_dag_0,r207_bitset,35,s10|s2,n64,True,True
random_dag_0,r207_bitset,36,s10|s3,n61,False,False
random_dag_0,r207_bitset,36,s10|s3,n62,True,True
random_dag_0,r207_bitset,36,s10|s3,n63,True,True
random_dag_0,r207_bitset,36,s10|s3,n64,True,True
random_dag_0,r207_bitset,37,s10|s4,n61,True,True
random_dag_0,r207_bitset,37,s10|s4,n62,True,True
random_dag_0,r207_bitset,37,s10|s4,n63,True,True
random_dag_0,r207_bitset,37,s10|s4,n64,True,True
random_dag_0,r207_bitset,38,s10|s5,n61,True,True
random_dag_0,r207_bitset,38,s10|s5,n62,True,True
random_dag_0,r207_bitset,38,s10|s5,n63,True,True
random_dag_0,r207_bitset,38,s10|s5,n64,True,True
random_dag_0,r207_bitset,39,s10|s6,n61,True,True
random_dag_0,r207_bitset,39,s10|s6,n62,True,True
random_dag_0,r207_bitset,39,s10|s6,n63,True,True
random_dag_0,r207_bitset,39,s10|s6,n64,False,False
random_dag_0,r207_bitset,40,s10|s7,n61,False,False
random_dag_0,r207_bitset,40,s10|s7,n62,True,True
random_dag_0,r207_bitset,40,s10|s7,n63,True,True
random_dag_0,r207_bitset,40,s10|s7,n64,True,True
random_dag_0,r207_bitset,41,s10|s8,n61,True,True
random_dag_0,r207_bitset,41,s10|s8,n62,True,True
random_dag_0,r207_bitset,41,s10|s8,n63,True,True
random_dag_0,r207_bitset,41,s10|s8,n64,True,True
random_dag_0,r207_bitset,42,s10|s9,n61,True,True
random_dag_0,r207_bitset,42,s10|s9,n62,True,True
random_dag_0,r207_bitset,42,s10|s9,n63,True,True
random_dag_0,r207_bitset,42,s10|s9,n64,True,True
random_dag_0,r207_bitset,43,s11|s2,n61,True,True
random_dag_0,r207_bitset,43,s11|s2,n62,True,True
random_dag_0,r207_bitset,43,s11|s2,n63,True,True
random_dag_0,r207_bitset,43,s11|s2,n64,True,True
random_dag_0,r207_bitset,44,s11|s3,n61,True,True
random_dag_0,r207_bitset,44,s11|s3,n62,True,True
random_dag_0,r207_bitset,44,s11|s3,n63,True,True
random_dag_0,r207_bitset,44,s11|s3,n64,True,True
random_dag_0,r207_bitset,45,s11|s4,n61,True,True
random_dag_0,r207_bitset,45,s11|s4,n62,True,True
random_dag_0,r207_bitset,45,s11|s4,n63,True,True
random_dag_0,r207_bitset,45,s11|s4,n64,True,True
random_dag_0,r207_bitset,46,s11|s5,n61,True,True
random_dag_0,r207_bitset,46,s11|s5,n62,True,True
random_dag_0,r207_bitset,46,s11|s5,n63,True,True
random_dag_0,r207_bitset,46,s11|s5,n64,True,True
random_dag_0,r207_bitset,47,s11|s6,n61,True,True
random_dag_0,r207_bitset,47,s11|s6,n62,True,True
random_dag_0,r207_bitset,47,s11|s6,n63,True,True
random_dag_0,r207_bitset,47,s11|s6,n64,False,False
random_dag_0,r207_bitset,48,s11|s7,n61,False,False
random_dag_0,r207_bitset,48,s11|s7,n62,True,True
random_dag_0,r207_bitset,48,s11|s7,n63,True,True
random_dag_0,r207_bitset,48,s11|s7,n64,True,True
random_dag_0,r207_bitset,49,s11|s8,n61,True,True
random_dag_0,r207_bitset,49,s11|s8,n62,True,True
random_dag_0,r207_bitset,49,s11|s8,n63,True,True
random_dag_0,r207_bitset,49,s11|s8,n64,True,True
random_dag_0,r207_bitset,50,s11|s9,n61,True,True
random_dag_0,r207_bitset,50,s11|s9,n62,True,True
random_dag_0,r207_bitset,50,s11|s9,n63,True,True
random_dag_0,r207_bitset,50,s11|s9,n64,True,True
random_dag_0,r207_bitset,51,s2|s3,n61,True,True
random_dag_0,r207_bitset,51,s2|s3,n62,True,True
random_dag_0,r207_bitset,51,s2|s3,n63,True,True
random_dag_0,r207_bitset,51,s2|s3,n64,True,True
random_dag_0,r207_bitset,52,s2|s4,n61,True,True
random_dag_0,r207_bitset,52,s2|s4,n62,True,True
random_dag_0,r207_bitset,52,s2|s4,n63,True,True
random_dag_0,r207_bitset,52,s2|s4,n64,True,True
random_dag_0,r207_bitset,53,s2|s5,n61,True,True
random_dag_0,r207_bitset,53,s2|s5,n62,True,True
random_dag_0,r207_bitset,53,s2|s5,n63,True,True
random_dag_0,r207_bitset,53,s2|s5,n64,True,True
random_dag_0,r207_bitset,54,s2|s6,n61,True,True
random_dag_0,r207_bitset,54,s2|s6,n62,True,True
random_dag_0,r207_bitset,54,s2|s6,n63,True,True
random_dag_0,r207_bitset,54,s2|s6,n64,False,False
random_dag_0,r207_bitset,55,s2|s7,n61,False,False
random_dag_0,r207_bitset,55,s2|s7,n62,True,True
random_dag_0,r207_bitset,55,s2|s7,n63,True,True
random_dag_0,r207_bitset,55,s2|s7,n64,True,True
random_dag_0,r207_bitset,56,s2|s8,n61,True,True
random_dag_0,r207_bitset,56,s2|s8,n62,True,True
random_dag_0,r207_bitset,56,s2|s8,n63,True,True
random_dag_0,r207_bitset,56,s2|s8,n64,True,True
random_dag_0,r207_bitset,57,s2|s9,n61,True,True
random_dag_0,r207_bitset,57,s2|s9,n62,True,True
random_dag_0,r207_bitset,57,s2|s9,n63,True,True
random_dag_0,r207_bitset,57,s2|s9,n64,True,True
random_dag_0,r207_bitset,58,s3|s4,n61,True,True
random_dag_0,r207_bitset,58,s3|s4,n62,True,True
random_dag_0,r207_bitset,58,s3|s4,n63,True,True
random_dag_0,r207_bitset,58,s3|s4,n64,True,True
random_dag_0,r207_bitset,59,s3|s5,n61,False,False
random_dag_0,r207_bitset,59,s3|s5,n62,True,True
random_dag_0,r207_bitset,59,s3|s5,n63,False,False
random_dag_0,r207_bitset,59,s3|s5,n64,True,True
random_dag_0,r207_bitset,60,s3|s6,n61,True,True
random_dag_0,r207_bitset,60,s3|s6,n62,True,True
random_dag_0,r207_bitset,60,s3|s6,n63,True,True
random_dag_0,r207_bitset,60,s3|s6,n64,False,False
random_dag_0,r207_bitset,61,s3|s7,n61,False,False
random_dag_0,r207_bitset,61,s3|s7,n62,True,True
random_dag_0,r207_bitset,61,s3|s7,n63,True,True
random_dag_0,r207_bitset,61,s3|s7,n64,True,True
random_dag_0,r207_bitset,62,s3|s8,n61,True,True
random_dag_0,r207_bitset,62,s3|s8,n62,True,True
random_dag_0,r207_bitset,62,s3|s8,n63,True,True
random_dag_0,r207_bitset,62,s3|s8,n64,True,True
random_dag_0,r207_bitset,63,s3|s9,n61,True,True
random_dag_0,r207_bitset,63,s3|s9,n62,True,True
random_dag_0,r207_bitset,63,s3|s9,n63,True,True
random_dag_0,r207_bitset,63,s3|s9,n64,True,True
random_dag_0,r207_bitset,64,s4|s5,n61,True,True
random_dag_0,r207_bitset,64,s4|s5,n62,True,True
random_dag_0,r207_bitset,64,s4|s5,n63,True,True
random_dag_0,r207_bitset,64,s4|s5,n64,True,True
random_dag_0,r207_bitset,65,s4|s6,n61,True,True
random_dag_0,r207_bitset,65,s4|s6,n62,True,True
random_dag_0,r207_bitset,65,s4|s6,n63,True,True
random_dag_0,r207_bitset,65,s4|s6,n64,False,False
random_dag_0,r207_bitset,66,s4|s7,n61,False,False
random_dag_0,r207_bitset,66,s4|s7,n62,True,True
random_dag_0,r207_bitset,66,s4|s7,n63,True,True
random_dag_0,r207_bitset,66,s4|s7,n64,True,True
random_dag_0,r207_bitset,67,s4|s8,n61,True,True
random_dag_0,r207_bitset,67,s4|s8,n62,True,True
random_dag_0,r207_bitset,67,s4|s8,n63,True,True
random_dag_0,r207_bitset,67,s4|s8,n64,True,True
random_dag_0,r207_bitset,68,s4|s9,n61,True,True
random_dag_0,r207_bitset,68,s4|s9,n62,True,True
random_dag_0,r207_bitset,68,s4|s9,n63,True,True
random_dag_0,r207_bitset,68,s4|s9,n64,True,True
random_dag_0,r207_bitset,69,s5|s6,n61,True,True
random_dag_0,r207_bitset,69,s5|s6,n62,True,True
random_dag_0,r207_bitset,69,s5|s6,n63,True,True
random_dag_0,r207_bitset,69,s5|s6,n64,False,False
random_dag_0,r207_bitset,70,s5|s7,n61,False,False
random_dag_0,r207_bitset,70,s5|s7,n62,True,True
random_dag_0,r207_bitset,70,s5|s7,n63,False,False
random_dag_0,r207_bitset,70,s5|s7,n64,True,True
random_dag_0,r207_bitset,71,s5|s8,n61,True,True
random_dag_0,r207_bitset,71,s5|s8,n62,True,True
random_dag_0,r207_bitset,71,s5|s8,n63,False,False
random_dag_0,r207_bitset,71,s5|s8,n64,True,True
random_dag_0,r207_bitset,72,s5|s9,n61,True,True
random_dag_0,r207_bitset,72,s5|s9,n62,True,True
random_dag_0,r207_bitset,72,s5|s9,n63,True,True
random_dag_0,r207_bitset,72,s5|s9,n64,True,True
random_dag_0,r207_bitset,73,s6|s7,n61,False,False
random_dag_0,r207_bitset,73,s6|s7,n62,True,True
random_dag_0,r207_bitset,73,s6|s7,n63,True,True
random_dag_0,r207_bitset,73,s6|s7,n64,False,False
random_dag_0,r207_bitset,74,s6|s8,n61,True,True
random_dag_0,r207_bitset,74,s6|s8,n62,True,True
random_dag_0,r207_bitset,74,s6|s8,n63,True,True
random_dag_0,r207_bitset,74,s6|s8,n64,False,False
random_dag_0,r207_bitset,75,s6|s9,n61,True,True
random_dag_0,r207_bitset,75,s6|s9,n62,True,True
random_dag_0,r207_bitset,75,s6|s9,n63,True,True
random_dag_0,r207_bitset,75,s6|s9,n64,False,False
random_dag_0,r207_bitset,76,s7|s8,n61,False,False
random_dag_0,r207_bitset,76,s7|s8,n62,True,True
random_dag_0,r207_bitset,76,s7|s8,n63,True,True
random_dag_0,r207_bitset,76,s7|s8,n64,True,True
random_dag_0,r207_bitset,77,s7|s9,n61,False,False
random_dag_0,r207_bitset,77,s7|s9,n62,True,True
random_dag_0,r207_bitset,77,s7|s9,n63,True,True
random_dag_0,r207_bitset,77,s7|s9,n64,True,True
random_dag_0,r207_bitset,78,s8|s9,n61,True,True
random_dag_0,r207_bitset,78,s8|s9,n62,True,True
random_dag_0,r207_bitset,78,s8|s9,n63,True,True
random_dag_0,r207_bitset,78,s8|s9,n64,True,True
random_dag_0,r207_bitset,79,s0|s1|s10|s11|s2|s3|s4|s5|s6|s7|s8|s9,n61,False,False
random_dag_0,r207_bitset,79,s0|s1|s10|s11|s2|s3|s4|s5|s6|s7|s8|s9,n62,False,False
random_dag_0,r207_bitset,79,s0|s1|s10|s11|s2|s3|s4|s5|s6|s7|s8|s9,n63,False,False
random_dag_0,r207_bitset,79,s0|s1|s10|s11|s2|s3|s4|s5|s6|s7|s8|s9,n64,False,False
random_dag_1,and_or_forward,0,,n61,True,True
random_dag_1,and_or_forward,0,,n62,True,True
random_dag_1,and_or_forward,0,,n63,True,True
random_dag_1,and_or_forward,0,,n64,True,True
random_dag_1,and_or_forward,1,s0,n61,True,True
random_dag_1,and_or_forward,1,s0,n62,True,True
random_dag_1,and_or_forward,1,s0,n63,True,True
random_dag_1,and_or_forward,1,s0,n64,True,True
random_dag_1,and_or_forward,2,s1,n61,True,True
random_dag_1,and_or_forward,2,s1,n62,True,True
random_dag_1,and_or_forward,2,s1,n63,True,True
random_dag_1,and_or_forward,2,s1,n64,True,True
random_dag_1,and_or_forward,3,s10,n61,True,True
random_dag_1,and_or_forward,3,s10,n62,True,True
random_dag_1,and_or_forward,3,s10,n63,True,True
random_dag_1,and_or_forward,3,s10,n64,True,True
random_dag_1,and_or_forward,4,s11,n61,True,True
random_dag_1,and_or_forward,4,s11,n62,True,True
random_dag_1,and_or_forward,4,s11,n63,True,True
random_dag_1,and_or_forward,4,s11,n64,True,True
random_dag_1,and_or_forward,5,s2,n61,True,True
random_dag_1,and_or_forward,5,s2,n62,True,True
random_dag_1,and_or_forward,5,s2,n63,True,True
random_dag_1,and_or_forward,5,s2,n64,True,True
random_dag_1,and_or_forward,6,s3,n61,True,True
random_dag_1,and_or_forward,6,s3,n62,True,True
random_dag_1,and_or_forward,6,s3,n63,True,True
random_dag_1,and_or_forward,6,s3,n64,True,True
random_dag_1,and_or_forward,7,s4,n61,True,True
random_dag_1,and_or_forward,7,s4,n62,True,True
random_dag_1,and_or_forward,7,s4,n63,True,True
random_dag_1,and_or_forward,7,s4,n64,True,True
random_dag_1,and_or_forward,8,s5,n61,True,True
random_dag_1,and_or_forward,8,s5,n62,False,False
random_dag_1,and_or_forward,8,s5,n63,False,False
random_dag_1,and_or_forward,8,s5,n64,True,True
random_dag_1,and_or_forward,9,s6,n61,True,True
random_dag_1,and_or_forward,9,s6,n62,True,True
random_dag_1,and_or_forward,9,s6,n63,True,True
random_dag_1,and_or_forward,9,s6,n64,True,True
random_dag_1,and_or_forward,10,s7,n61,True,True
random_dag_1,and_or_forward,10,s7,n62,True,True
random_dag_1,and_or_forward,10,s7,n63,True,True
random_dag_1,and_or_forward,10,s7,n64,True,True
random_dag_1,and_or_forward,11,s8,n61,True,True
random_dag_1,and_or_forward,11,s8,n62,True,True
random_dag_1,and_or_forward,11,s8,n63,True,True
random_dag_1,and_or_forward,11,s8,n64,True,True
random_dag_1,and_or_forward,12,s9,n61,True,True
random_dag_1,and_or_forward,12,s9,n62,True,True
random_dag_1,and_or_forward,12,s9,n63,True,True
random_dag_1,and_or_forward,12,s9,n64,True,True
random_dag_1,and_or_forward,13,s0|s1,n61,True,True
random_dag_1,and_or_forward,13,s0|s1,n62,True,True
random_dag_1,and_or_forward,13,s0|s1,n63,True,True
random_dag_1,and_or_forward,13,s0|s1,n64,True,True
random_dag_1,and_or_forward,14,s0|s10,n61,True,True
random_dag_1,and_or_forward,14,s0|s10,n62,True,True
random_dag_1,and_or_forward,14,s0|s10,n63,True,True
random_dag_1,and_or_forward,14,s0|s10,n64,True,True
random_dag_1,and_or_forward,15,s0|s11,n61,True,True
random_dag_1,and_or_forward,15,s0|s11,n62,True,True
random_dag_1,and_or_forward,15,s0|s11,n63,True,True
random_dag_1,and_or_forward,15,s0|s11,n64,True,True
random_dag_1,and_or_forward,16,s0|s2,n61,True,True
random_dag_1,and_or_forward,16,s0|s2,n62,True,True
random_dag_1,and_or_forward,16,s0|s2,n63,True,True
random_dag_1,and_or_forward,16,s0|s2,n64,True,True
random_dag_1,and_or_forward,17,s0|s3,n61,True,True
random_dag_1,and_or_forward,17,s0|s3,n62,True,True
random_dag_1,and_or_forward,17,s0|s3,n63,True,True
random_dag_1,and_or_forward,17,s0|s3,n64,True,True
random_dag_1,and_or_forward,18,s0|s4,n61,True,True
random_dag_1,and_or_forward,18,s0|s4,n62,True,True
random_dag_1,and_or_forward,18,s0|s4,n63,True,True
random_dag_1,and_or_forward,18,s0|s4,n64,True,True
random_dag_1,and_or_forward,19,s0|s5,n61,False,False
random_dag_1,and_or_forward,19,s0|s5,n62,False,False
random_dag_1,and_or_forward,19,s0|s5,n63,False,False
random_dag_1,and_or_forward,19,s0|s5,n64,True,True
random_dag_1,and_or_forward,20,s0|s6,n61,True,True
random_dag_1,and_or_forward,20,s0|s6,n62,True,True
random_dag_1,and_or_forward,20,s0|s6,n63,True,True
random_dag_1,and_or_forward,20,s0|s6,n64,True,True
random_dag_1,and_or_forward,21,s0|s7,n61,True,True
random_dag_1,and_or_forward,21,s0|s7,n62,True,True
random_dag_1,and_or_forward,21,s0|s7,n63,True,True
random_dag_1,and_or_forward,21,s0|s7,n64,True,True
random_dag_1,and_or_forward,22,s0|s8,n61,False,False
random_dag_1,and_or_forward,22,s0|s8,n62,True,True
random_dag_1,and_or_forward,22,s0|s8,n63,True,True
random_dag_1,and_or_forward,22,s0|s8,n64,True,True
random_dag_1,and_or_forward,23,s0|s9,n61,True,True
random_dag_1,and_or_forward,23,s0|s9,n62,True,True
random_dag_1,and_or_forward,23,s0|s9,n63,True,True
random_dag_1,and_or_forward,23,s0|s9,n64,True,True
random_dag_1,and_or_forward,24,s1|s10,n61,False,False
random_dag_1,and_or_forward,24,s1|s10,n62,False,False
random_dag_1,and_or_forward,24,s1|s10,n63,True,True
random_dag_1,and_or_forward,24,s1|s10,n64,True,True
random_dag_1,and_or_forward,25,s1|s11,n61,True,True
random_dag_1,and_or_forward,25,s1|s11,n62,True,True
random_dag_1,and_or_forward,25,s1|s11,n63,True,True
random_dag_1,and_or_forward,25,s1|s11,n64,True,True
random_dag_1,and_or_forward,26,s1|s2,n61,True,True
random_dag_1,and_or_forward,26,s1|s2,n62,True,True
random_dag_1,and_or_forward,26,s1|s2,n63,True,True
random_dag_1,and_or_forward,26,s1|s2,n64,True,True
random_dag_1,and_or_forward,27,s1|s3,n61,True,True
random_dag_1,and_or_forward,27,s1|s3,n62,True,True
random_dag_1,and_or_forward,27,s1|s3,n63,True,True
random_dag_1,and_or_forward,27,s1|s3,n64,True,True
random_dag_1,and_or_forward,28,s1|s4,n61,True,True
random_dag_1,and_or_forward,28,s1|s4,n62,True,True
random_dag_1,and_or_forward,28,s1|s4,n63,True,True
random_dag_1,and_or_forward,28,s1|s4,n64,True,True
random_dag_1,and_or_forward,29,s1|s5,n61,True,True
random_dag_1,and_or_forward,29,s1|s5,n62,False,False
random_dag_1,and_or_forward,29,s1|s5,n63,False,False
random_dag_1,and_or_forward,29,s1|s5,n64,True,True
random_dag_1,and_or_forward,30,s1|s6,n61,False,False
random_dag_1,and_or_forward,30,s1|s6,n62,False,False
random_dag_1,and_or_forward,30,s1|s6,n63,True,True
random_dag_1,and_or_forward,30,s1|s6,n64,True,True
random_dag_1,and_or_forward,31,s1|s7,n61,False,False
random_dag_1,and_or_forward,31,s1|s7,n62,False,False
random_dag_1,and_or_forward,31,s1|s7,n63,True,True
random_dag_1,and_or_forward,31,s1|s7,n64,True,True
random_dag_1,and_or_forward,32,s1|s8,n61,True,True
random_dag_1,and_or_forward,32,s1|s8,n62,True,True
random_dag_1,and_or_forward,32,s1|s8,n63,True,True
random_dag_1,and_or_forward,32,s1|s8,n64,True,True
random_dag_1,and_or_forward,33,s1|s9,n61,True,True
random_dag_1,and_or_forward,33,s1|s9,n62,True,True
random_dag_1,and_or_forward,33,s1|s9,n63,True,True
random_dag_1,and_or_forward,33,s1|s9,n64,True,True
random_dag_1,and_or_forward,34,s10|s11,n61,True,True
random_dag_1,and_or_forward,34,s10|s11,n62,True,True
random_dag_1,and_or_forward,34,s10|s11,n63,True,True
random_dag_1,and_or_forward,34,s10|s11,n64,True,True
random_dag_1,and_or_forward,35,s10|s2,n61,True,True
random_dag_1,and_or_forward,35,s10|s2,n62,True,True
random_dag_1,and_or_forward,35,s10|s2,n63,True,True
random_dag_1,and_or_forward,35,s10|s2,n64,True,True
random_dag_1,and_or_forward,36,s10|s3,n61,False,False
random_dag_1,and_or_forward,36,s10|s3,n62,False,False
random_dag_1,and_or_forward,36,s10|s3,n63,True,True
random_dag_1,and_or_forward,36,s10|s3,n64,True,True
random_dag_1,and_or_forward,37,s10|s4,n61,True,True
random_dag_1,and_or_forward,37,s10|s4,n62,True,True
random_dag_1,and_or_forward,37,s10|s4,n63,True,True
random_dag_1,and_or_forward,37,s10|s4,n64,True,True
random_dag_1,and_or_forward,38,s10|s5,n61,True,True
random_dag_1,and_or_forward,38,s10|s5,n62,False,False
random_dag_1,and_or_forward,38,s10|s5,n63,False,False
random_dag_1,and_or_forward,38,s10|s5,n64,True,True
random_dag_1,and_or_forward,39,s10|s6,n61,True,True
random_dag_1,and_or_forward,39,s10|s6,n62,True,True
random_dag_1,and_or_forward,39,s10|s6,n63,True,True
random_dag_1,and_or_forward,39,s10|s6,n64,True,True
random_dag_1,and_or_forward,40,s10|s7,n61,True,True
random_dag_1,and_or_forward,40,s10|s7,n62,True,True
random_dag_1,and_or_forward,40,s10|s7,n63,True,True
random_dag_1,and_or_forward,40,s10|s7,n64,True,True
random_dag_1,and_or_forward,41,s10|s8,n61,True,True
random_dag_1,and_or_forward,41,s10|s8,n62,True,True
random_dag_1,and_or_forward,41,s10|s8,n63,True,True
random_dag_1,and_or_forward,41,s10|s8,n64,True,True
random_dag_1,and_or_forward,42,s10|s9,n61,True,True
random_dag_1,and_or_forward,42,s10|s9,n62,True,True
random_dag_1,and_or_forward,42,s10|s9,n63,True,True
random_dag_1,and_or_forward,42,s10|s9,n64,True,True
random_dag_1,and_or_forward,43,s11|s2,n61,True,True
random_dag_1,and_or_forward,43,s11|s2,n62,True,True
random_dag_1,and_or_forward,43,s11|s2,n63,True,True
random_dag_1,and_or_forward,43,s11|s2,n64,True,True
random_dag_1,and_or_forward,44,s11|s3,n61,True,True
random_dag_1,and_or_forward,44,s11|s3,n62,True,True
random_dag_1,and_or_forward,44,s11|s3,n63,True,True
random_dag_1,and_or_forward,44,s11|s3,n64,True,True
random_dag_1,and_or_forward,45,s11|s4,n61,True,True
random_dag_1,and_or_forward,45,s11|s4,n62,True,True
random_dag_1,and_or_forward,45,s11|s4,n63,True,True
random_dag_1,and_or_forward,45,s11|s4,n64,True,True
random_dag_1,and_or_forward,46,s11|s5,n61,True,True
random_dag_1,and_or_forward,46,s11|s5,n62,False,False
random_dag_1,and_or_forward,46,s11|s5,n63,False,False
random_dag_1,and_or_forward,46,s11|s5,n64,True,True
random_dag_1,and_or_forward,47,s11|s6,n61,True,True
random_dag_1,and_or_forward,47,s11|s6,n62,True,True
random_dag_1,and_or_forward,47,s11|s6,n63,True,True
random_dag_1,and_or_forward,47,s11|s6,n64,True,True
random_dag_1,and_or_forward,48,s11|s7,n61,True,True
random_dag_1,and_or_forward,48,s11|s7,n62,True,True
random_dag_1,and_or_forward,48,s11|s7,n63,True,True
random_dag_1,and_or_forward,48,s11|s7,n64,True,True
random_dag_1,and_or_forward,49,s11|s8,n61,True,True
random_dag_1,and_or_forward,49,s11|s8,n62,True,True
random_dag_1,and_or_forward,49,s11|s8,n63,True,True
random_dag_1,and_or_forward,49,s11|s8,n64,True,True
random_dag_1,and_or_forward,50,s11|s9,n61,True,True
random_dag_1,and_or_forward,50,s11|s9,n62,True,True
random_dag_1,and_or_forward,50,s11|s9,n63,True,True
random_dag_1,and_or_forward,50,s11|s9,n64,True,True
random_dag_1,and_or_forward,51,s2|s3,n61,True,True
random_dag_1,and_or_forward,51,s2|s3,n62,True,True
random_dag_1,and_or_forward,51,s2|s3,n63,True,True
random_dag_1,and_or_forward,51,s2|s3,n64,True,True
random_dag_1,and_or_forward,52,s2|s4,n61,True,True
random_dag_1,and_or_forward,52,s2|s4,n62,True,True
random_dag_1,and_or_forward,52,s2|s4,n63,True,True
random_dag_1,and_or_forward,52,s2|s4,n64,True,True
random_dag_1,and_or_forward,53,s2|s5,n61,True,True
random_dag_1,and_or_forward,53,s2|s5,n62,False,False
random_dag_1,and_or_forward,53,s2|s5,n63,False,False
random_dag_1,and_or_forward,53,s2|s5,n64,True,True
random_dag_1,and_or_forward,54,s2|s6,n61,True,True
random_dag_1,and_or_forward,54,s2|s6,n62,True,True
random_dag_1,and_or_forward,54,s2|s6,n63,True,True
random_dag_1,and_or_forward,54,s2|s6,n64,True,True
random_dag_1,and_or_forward,55,s2|s7,n61,True,True
random_dag_1,and_or_forward,55,s2|s7,n62,True,True
random_dag_1,and_or_forward,55,s2|s7,n63,True,True
random_dag_1,and_or_forward,55,s2|s7,n64,True,True
random_dag_1,and_or_forward,56,s2|s8,n61,True,True
random_dag_1,and_or_forward,56,s2|s8,n62,True,True
random_dag_1,and_or_forward,56,s2|s8,n63,True,True
random_dag_1,and_or_forward,56,s2|s8,n64,True,True
random_dag_1,and_or_forward,57,s2|s9,n61,True,True
random_dag_1,and_or_forward,57,s2|s9,n62,True,True
random_dag_1,and_or_forward,57,s2|s9,n63,True,True
random_dag_1,and_or_forward,57,s2|s9,n64,True,True
random_dag_1,and_or_forward,58,s3|s4,n61,True,True
random_dag_1,and_or_forward,58,s3|s4,n62,True,True
random_dag_1,and_or_forward,58,s3|s4,n63,True,True
random_dag_1,and_or_forward,58,s3|s4,n64,True,True
random_dag_1,and_or_forward,59,s3|s5,n61,True,True
random_dag_1,and_or_forward,59,s3|s5,n62,False,False
random_dag_1,and_or_forward,59,s3|s5,n63,False,False
random_dag_1,and_or_forward,59,s3|s5,n64,True,True
random_dag_1,and_or_forward,60,s3|s6,n61,True,True
random_dag_1,and_or_forward,60,s3|s6,n62,True,True
random_dag_1,and_or_forward,60,s3|s6,n63,True,True
random_dag_1,and_or_forward,60,s3|s6,n64,True,True
random_dag_1,and_or_forward,61,s3|s7,n61,False,False
random_dag_1,and_or_forward,61,s3|s7,n62,False,False
random_dag_1,and_or_forward,61,s3|s7,n63,True,True
random_dag_1,and_or_forward,61,s3|s7,n64,True,True
random_dag_1,and_or_forward,62,s3|s8,n61,True,True
random_dag_1,and_or_forward,62,s3|s8,n62,True,True
random_dag_1,and_or_forward,62,s3|s8,n63,True,True
random_dag_1,and_or_forward,62,s3|s8,n64,True,True
random_dag_1,and_or_forward,63,s3|s9,n61,True,True
random_dag_1,and_or_forward,63,s3|s9,n62,True,True
random_dag_1,and_or_forward,63,s3|s9,n63,True,True
random_dag_1,and_or_forward,63,s3|s9,n64,True,True
random_dag_1,and_or_forward,64,s4|s5,n61,True,True
random_dag_1,and_or_forward,64,s4|s5,n62,False,False
random_dag_1,and_or_forward,64,s4|s5,n63,False,False
random_dag_1,and_or_forward,64,s4|s5,n64,True,True
random_dag_1,and_or_forward,65,s4|s6,n61,False,False
random_dag_1,and_or_forward,65,s4|s6,n62,False,False
random_dag_1,and_or_forward,65,s4|s6,n63,True,True
random_dag_1,and_or_forward,65,s4|s6,n64,True,True
random_dag_1,and_or_forward,66,s4|s7,n61,True,True
random_dag_1,and_or_forward,66,s4|s7,n62,True,True
random_dag_1,and_or_forward,66,s4|s7,n63,True,True
random_dag_1,and_or_forward,66,s4|s7,n64,True,True
random_dag_1,and_or_forward,67,s4|s8,n61,True,True
random_dag_1,and_or_forward,67,s4|s8,n62,True,True
random_dag_1,and_or_forward,67,s4|s8,n63,True,True
random_dag_1,and_or_forward,67,s4|s8,n64,True,True
random_dag_1,and_or_forward,68,s4|s9,n61,True,True
random_dag_1,and_or_forward,68,s4|s9,n62,True,True
random_dag_1,and_or_forward,68,s4|s9,n63,True,True
random_dag_1,and_or_forward,68,s4|s9,n64,True,True
random_dag_1,and_or_forward,69,s5|s6,n61,True,True
random_dag_1,and_or_forward,69,s5|s6,n62,False,False
random_dag_1,and_or_forward,69,s5|s6,n63,False,False
random_dag_1,and_or_forward,69,s5|s6,n64,True,True
random_dag_1,and_or_forward,70,s5|s7,n61,False,False
random_dag_1,and_or_forward,70,s5|s7,n62,False,False
random_dag_1,and_or_forward,70,s5|s7,n63,False,False
random_dag_1,and_or_forward,70,s5|s7,n64,True,True
random_dag_1,and_or_forward,71,s5|s8,n61,True,True
random_dag_1,and_or_forward,71,s5|s8,n62,False,False
random_dag_1,and_or_forward,71,s5|s8,n63,False,False
random_dag_1,and_or_forward,71,s5|s8,n64,True,True
random_dag_1,and_or_forward,72,s5|s9,n61,False,False
random_dag_1,and_or_forward,72,s5|s9,n62,False,False
random_dag_1,and_or_forward,72,s5|s9,n63,False,False
random_dag_1,and_or_forward,72,s5|s9,n64,True,True
random_dag_1,and_or_forward,73,s6|s7,n61,True,True
random_dag_1,and_or_forward,73,s6|s7,n62,True,True
random_dag_1,and_or_forward,73,s6|s7,n63,True,True
random_dag_1,and_or_forward,73,s6|s7,n64,True,True
random_dag_1,and_or_forward,74,s6|s8,n61,True,True
random_dag_1,and_or_forward,74,s6|s8,n62,True,True
random_dag_1,and_or_forward,74,s6|s8,n63,True,True
random_dag_1,and_or_forward,74,s6|s8,n64,True,True
random_dag_1,and_or_forward,75,s6|s9,n61,False,False
random_dag_1,and_or_forward,75,s6|s9,n62,False,False
random_dag_1,and_or_forward,75,s6|s9,n63,True,True
random_dag_1,and_or_forward,75,s6|s9,n64,True,True
random_dag_1,and_or_forward,76,s7|s8,n61,True,True
random_dag_1,and_or_forward,76,s7|s8,n62,True,True
random_dag_1,and_or_forward,76,s7|s8,n63,True,True
random_dag_1,and_or_forward,76,s7|s8,n64,True,True
random_dag_1,and_or_forward,77,s7|s9,n61,True,True
random_dag_1,and_or_forward,77,s7|s9,n62,True,True
random_dag_1,and_or_forward,77,s7|s9,n63,True,True
random_dag_1,and_or_forward,77,s7|s9,n64,True,True
random_dag_1,and_or_forward,78,s8|s9,n61,True,True
random_dag_1,and_or_forward,78,s8|s9,n62,True,True
random_dag_1,and_or_forward,78,s8|s9,n63,True,True
random_dag_1,and_or_forward,78,s8|s9,n64,True,True
random_dag_1,and_or_forward,79,s0|s1|s10|s11|s2|s3|s4|s5|s6|s7|s8|s9,n61,False,False
random_dag_1,and_or_forward,79,s0|s1|s10|s11|s2|s3|s4|s5|s6|s7|s8|s9,n62,False,False
random_dag_1,and_or_forward,79,s0|s1|s10|s11|s2|s3|s4|s5|s6|s7|s8|s9,n63,False,False
random_dag_1,and_or_forward,79,s0|s1|s10|s11|s2|s3|s4|s5|s6|s7|s8|s9,n64,False,False
random_dag_1,r207_scalar,0,,n61,True,True
random_dag_1,r207_scalar,0,,n62,True,True
random_dag_1,r207_scalar,0,,n63,True,True
random_dag_1,r207_scalar,0,,n64,True,True
random_dag_1,r207_scalar,1,s0,n61,True,True
random_dag_1,r207_scalar,1,s0,n62,True,True
random_dag_1,r207_scalar,1,s0,n63,True,True
random_dag_1,r207_scalar,1,s0,n64,True,True
random_dag_1,r207_scalar,2,s1,n61,True,True
random_dag_1,r207_scalar,2,s1,n62,True,True
random_dag_1,r207_scalar,2,s1,n63,True,True
random_dag_1,r207_scalar,2,s1,n64,True,True
random_dag_1,r207_scalar,3,s10,n61,True,True
random_dag_1,r207_scalar,3,s10,n62,True,True
random_dag_1,r207_scalar,3,s10,n63,True,True
random_dag_1,r207_scalar,3,s10,n64,True,True
random_dag_1,r207_scalar,4,s11,n61,True,True
random_dag_1,r207_scalar,4,s11,n62,True,True
random_dag_1,r207_scalar,4,s11,n63,True,True
random_dag_1,r207_scalar,4,s11,n64,True,True
random_dag_1,r207_scalar,5,s2,n61,True,True
random_dag_1,r207_scalar,5,s2,n62,True,True
random_dag_1,r207_scalar,5,s2,n63,True,True
random_dag_1,r207_scalar,5,s2,n64,True,True
random_dag_1,r207_scalar,6,s3,n61,True,True
random_dag_1,r207_scalar,6,s3,n62,True,True
random_dag_1,r207_scalar,6,s3,n63,True,True
random_dag_1,r207_scalar,6,s3,n64,True,True
random_dag_1,r207_scalar,7,s4,n61,True,True
random_dag_1,r207_scalar,7,s4,n62,True,True
random_dag_1,r207_scalar,7,s4,n63,True,True
random_dag_1,r207_scalar,7,s4,n64,True,True
random_dag_1,r207_scalar,8,s5,n61,True,True
random_dag_1,r207_scalar,8,s5,n62,False,False
random_dag_1,r207_scalar,8,s5,n63,False,False
random_dag_1,r207_scalar,8,s5,n64,True,True
random_dag_1,r207_scalar,9,s6,n61,True,True
random_dag_1,r207_scalar,9,s6,n62,True,True
random_dag_1,r207_scalar,9,s6,n63,True,True
random_dag_1,r207_scalar,9,s6,n64,True,True
random_dag_1,r207_scalar,10,s7,n61,True,True
random_dag_1,r207_scalar,10,s7,n62,True,True
random_dag_1,r207_scalar,10,s7,n63,True,True
random_dag_1,r207_scalar,10,s7,n64,True,True
random_dag_1,r207_scalar,11,s8,n61,True,True
random_dag_1,r207_scalar,11,s8,n62,True,True
random_dag_1,r207_scalar,11,s8,n63,True,True
random_dag_1,r207_scalar,11,s8,n64,True,True
random_dag_1,r207_scalar,12,s9,n61,True,True
random_dag_1,r207_scalar,12,s9,n62,True,True
random_dag_1,r207_scalar,12,s9,n63,True,True
random_dag_1,r207_scalar,12,s9,n64,True,True
random_dag_1,r207_scalar,13,s0|s1,n61,True,True
random_dag_1,r207_scalar,13,s0|s1,n62,True,True
random_dag_1,r207_scalar,13,s0|s1,n63,True,True
random_dag_1,r207_scalar,13,s0|s1,n64,True,True
random_dag_1,r207_scalar,14,s0|s10,n61,True,True
random_dag_1,r207_scalar,14,s0|s10,n62,True,True
random_dag_1,r207_scalar,14,s0|s10,n63,True,True
random_dag_1,r207_scalar,14,s0|s10,n64,True,True
random_dag_1,r207_scalar,15,s0|s11,n61,True,True
random_dag_1,r207_scalar,15,s0|s11,n62,True,True
random_dag_1,r207_scalar,15,s0|s11,n63,True,True
random_dag_1,r207_scalar,15,s0|s11,n64,True,True
random_dag_1,r207_scalar,16,s0|s2,n61,True,True
random_dag_1,r207_scalar,16,s0|s2,n62,True,True
random_dag_1,r207_scalar,16,s0|s2,n63,True,True
random_dag_1,r207_scalar,16,s0|s2,n64,True,True
random_dag_1,r207_scalar,17,s0|s3,n61,True,True
random_dag_1,r207_scalar,17,s0|s3,n62,True,True
random_dag_1,r207_scalar,17,s0|s3,n63,True,True
random_dag_1,r207_scalar,17,s0|s3,n64,True,True
random_dag_1,r207_scalar,18,s0|s4,n61,True,True
random_dag_1,r207_scalar,18,s0|s4,n62,True,True
random_dag_1,r207_scalar,18,s0|s4,n63,True,True
random_dag_1,r207_scalar,18,s0|s4,n64,True,True
random_dag_1,r207_scalar,19,s0|s5,n61,False,False
random_dag_1,r207_scalar,19,s0|s5,n62,False,False
random_dag_1,r207_scalar,19,s0|s5,n63,False,False
random_dag_1,r207_scalar,19,s0|s5,n64,True,True
random_dag_1,r207_scalar,20,s0|s6,n61,True,True
random_dag_1,r207_scalar,20,s0|s6,n62,True,True
random_dag_1,r207_scalar,20,s0|s6,n63,True,True
random_dag_1,r207_scalar,20,s0|s6,n64,True,True
random_dag_1,r207_scalar,21,s0|s7,n61,True,True
random_dag_1,r207_scalar,21,s0|s7,n62,True,True
random_dag_1,r207_scalar,21,s0|s7,n63,True,True
random_dag_1,r207_scalar,21,s0|s7,n64,True,True
random_dag_1,r207_scalar,22,s0|s8,n61,False,False
random_dag_1,r207_scalar,22,s0|s8,n62,True,True
random_dag_1,r207_scalar,22,s0|s8,n63,True,True
random_dag_1,r207_scalar,22,s0|s8,n64,True,True
random_dag_1,r207_scalar,23,s0|s9,n61,True,True
random_dag_1,r207_scalar,23,s0|s9,n62,True,True
random_dag_1,r207_scalar,23,s0|s9,n63,True,True
random_dag_1,r207_scalar,23,s0|s9,n64,True,True
random_dag_1,r207_scalar,24,s1|s10,n61,False,False
random_dag_1,r207_scalar,24,s1|s10,n62,False,False
random_dag_1,r207_scalar,24,s1|s10,n63,True,True
random_dag_1,r207_scalar,24,s1|s10,n64,True,True
random_dag_1,r207_scalar,25,s1|s11,n61,True,True
random_dag_1,r207_scalar,25,s1|s11,n62,True,True
random_dag_1,r207_scalar,25,s1|s11,n63,True,True
random_dag_1,r207_scalar,25,s1|s11,n64,True,True
random_dag_1,r207_scalar,26,s1|s2,n61,True,True
random_dag_1,r207_scalar,26,s1|s2,n62,True,True
random_dag_1,r207_scalar,26,s1|s2,n63,True,True
random_dag_1,r207_scalar,26,s1|s2,n64,True,True
random_dag_1,r207_scalar,27,s1|s3,n61,True,True
random_dag_1,r207_scalar,27,s1|s3,n62,True,True
random_dag_1,r207_scalar,27,s1|s3,n63,True,True
random_dag_1,r207_scalar,27,s1|s3,n64,True,True
random_dag_1,r207_scalar,28,s1|s4,n61,True,True
random_dag_1,r207_scalar,28,s1|s4,n62,True,True
random_dag_1,r207_scalar,28,s1|s4,n63,True,True
random_dag_1,r207_scalar,28,s1|s4,n64,True,True
random_dag_1,r207_scalar,29,s1|s5,n61,True,True
random_dag_1,r207_scalar,29,s1|s5,n62,False,False
random_dag_1,r207_scalar,29,s1|s5,n63,False,False
random_dag_1,r207_scalar,29,s1|s5,n64,True,True
random_dag_1,r207_scalar,30,s1|s6,n61,False,False
random_dag_1,r207_scalar,30,s1|s6,n62,False,False
random_dag_1,r207_scalar,30,s1|s6,n63,True,True
random_dag_1,r207_scalar,30,s1|s6,n64,True,True
random_dag_1,r207_scalar,31,s1|s7,n61,False,False
random_dag_1,r207_scalar,31,s1|s7,n62,False,False
random_dag_1,r207_scalar,31,s1|s7,n63,True,True
random_dag_1,r207_scalar,31,s1|s7,n64,True,True
random_dag_1,r207_scalar,32,s1|s8,n61,True,True
random_dag_1,r207_scalar,32,s1|s8,n62,True,True
random_dag_1,r207_scalar,32,s1|s8,n63,True,True
random_dag_1,r207_scalar,32,s1|s8,n64,True,True
random_dag_1,r207_scalar,33,s1|s9,n61,True,True
random_dag_1,r207_scalar,33,s1|s9,n62,True,True
random_dag_1,r207_scalar,33,s1|s9,n63,True,True
random_dag_1,r207_scalar,33,s1|s9,n64,True,True
random_dag_1,r207_scalar,34,s10|s11,n61,True,True
random_dag_1,r207_scalar,34,s10|s11,n62,True,True
random_dag_1,r207_scalar,34,s10|s11,n63,True,True
random_dag_1,r207_scalar,34,s10|s11,n64,True,True
random_dag_1,r207_scalar,35,s10|s2,n61,True,True
random_dag_1,r207_scalar,35,s10|s2,n62,True,True
random_dag_1,r207_scalar,35,s10|s2,n63,True,True
random_dag_1,r207_scalar,35,s10|s2,n64,True,True
random_dag_1,r207_scalar,36,s10|s3,n61,False,False
random_dag_1,r207_scalar,36,s10|s3,n62,False,False
random_dag_1,r207_scalar,36,s10|s3,n63,True,True
random_dag_1,r207_scalar,36,s10|s3,n64,True,True
random_dag_1,r207_scalar,37,s10|s4,n61,True,True
random_dag_1,r207_scalar,37,s10|s4,n62,True,True
random_dag_1,r207_scalar,37,s10|s4,n63,True,True
random_dag_1,r207_scalar,37,s10|s4,n64,True,True
random_dag_1,r207_scalar,38,s10|s5,n61,True,True
random_dag_1,r207_scalar,38,s10|s5,n62,False,False
random_dag_1,r207_scalar,38,s10|s5,n63,False,False
random_dag_1,r207_scalar,38,s10|s5,n64,True,True
random_dag_1,r207_scalar,39,s10|s6,n61,True,True
random_dag_1,r207_scalar,39,s10|s6,n62,True,True
random_dag_1,r207_scalar,39,s10|s6,n63,True,True
random_dag_1,r207_scalar,39,s10|s6,n64,True,True
random_dag_1,r207_scalar,40,s10|s7,n61,True,True
random_dag_1,r207_scalar,40,s10|s7,n62,True,True
random_dag_1,r207_scalar,40,s10|s7,n63,True,True
random_dag_1,r207_scalar,40,s10|s7,n64,True,True
random_dag_1,r207_scalar,41,s10|s8,n61,True,True
random_dag_1,r207_scalar,41,s10|s8,n62,True,True
random_dag_1,r207_scalar,41,s10|s8,n63,True,True
random_dag_1,r207_scalar,41,s10|s8,n64,True,True
random_dag_1,r207_scalar,42,s10|s9,n61,True,True
random_dag_1,r207_scalar,42,s10|s9,n62,True,True
random_dag_1,r207_scalar,42,s10|s9,n63,True,True
random_dag_1,r207_scalar,42,s10|s9,n64,True,True
random_dag_1,r207_scalar,43,s11|s2,n61,True,True
random_dag_1,r207_scalar,43,s11|s2,n62,True,True
random_dag_1,r207_scalar,43,s11|s2,n63,True,True
random_dag_1,r207_scalar,43,s11|s2,n64,True,True
random_dag_1,r207_scalar,44,s11|s3,n61,True,True
random_dag_1,r207_scalar,44,s11|s3,n62,True,True
random_dag_1,r207_scalar,44,s11|s3,n63,True,True
random_dag_1,r207_scalar,44,s11|s3,n64,True,True
random_dag_1,r207_scalar,45,s11|s4,n61,True,True
random_dag_1,r207_scalar,45,s11|s4,n62,True,True
random_dag_1,r207_scalar,45,s11|s4,n63,True,True
random_dag_1,r207_scalar,45,s11|s4,n64,True,True
random_dag_1,r207_scalar,46,s11|s5,n61,True,True
random_dag_1,r207_scalar,46,s11|s5,n62,False,False
random_dag_1,r207_scalar,46,s11|s5,n63,False,False
random_dag_1,r207_scalar,46,s11|s5,n64,True,True
random_dag_1,r207_scalar,47,s11|s6,n61,True,True
random_dag_1,r207_scalar,47,s11|s6,n62,True,True
random_dag_1,r207_scalar,47,s11|s6,n63,True,True
random_dag_1,r207_scalar,47,s11|s6,n64,True,True
random_dag_1,r207_scalar,48,s11|s7,n61,True,True
random_dag_1,r207_scalar,48,s11|s7,n62,True,True
random_dag_1,r207_scalar,48,s11|s7,n63,True,True
random_dag_1,r207_scalar,48,s11|s7,n64,True,True
random_dag_1,r207_scalar,49,s11|s8,n61,True,True
random_dag_1,r207_scalar,49,s11|s8,n62,True,True
random_dag_1,r207_scalar,49,s11|s8,n63,True,True
random_dag_1,r207_scalar,49,s11|s8,n64,True,True
random_dag_1,r207_scalar,50,s11|s9,n61,True,True
random_dag_1,r207_scalar,50,s11|s9,n62,True,True
random_dag_1,r207_scalar,50,s11|s9,n63,True,True
random_dag_1,r207_scalar,50,s11|s9,n64,True,True
random_dag_1,r207_scalar,51,s2|s3,n61,True,True
random_dag_1,r207_scalar,51,s2|s3,n62,True,True
random_dag_1,r207_scalar,51,s2|s3,n63,True,True
random_dag_1,r207_scalar,51,s2|s3,n64,True,True
random_dag_1,r207_scalar,52,s2|s4,n61,True,True
random_dag_1,r207_scalar,52,s2|s4,n62,True,True
random_dag_1,r207_scalar,52,s2|s4,n63,True,True
random_dag_1,r207_scalar,52,s2|s4,n64,True,True
random_dag_1,r207_scalar,53,s2|s5,n61,True,True
random_dag_1,r207_scalar,53,s2|s5,n62,False,False
random_dag_1,r207_scalar,53,s2|s5,n63,False,False
random_dag_1,r207_scalar,53,s2|s5,n64,True,True
random_dag_1,r207_scalar,54,s2|s6,n61,True,True
random_dag_1,r207_scalar,54,s2|s6,n62,True,True
random_dag_1,r207_scalar,54,s2|s6,n63,True,True
random_dag_1,r207_scalar,54,s2|s6,n64,True,True
random_dag_1,r207_scalar,55,s2|s7,n61,True,True
random_dag_1,r207_scalar,55,s2|s7,n62,True,True
random_dag_1,r207_scalar,55,s2|s7,n63,True,True
random_dag_1,r207_scalar,55,s2|s7,n64,True,True
random_dag_1,r207_scalar,56,s2|s8,n61,True,True
random_dag_1,r207_scalar,56,s2|s8,n62,True,True
random_dag_1,r207_scalar,56,s2|s8,n63,True,True
random_dag_1,r207_scalar,56,s2|s8,n64,True,True
random_dag_1,r207_scalar,57,s2|s9,n61,True,True
random_dag_1,r207_scalar,57,s2|s9,n62,True,True
random_dag_1,r207_scalar,57,s2|s9,n63,True,True
random_dag_1,r207_scalar,57,s2|s9,n64,True,True
random_dag_1,r207_scalar,58,s3|s4,n61,True,True
random_dag_1,r207_scalar,58,s3|s4,n62,True,True
random_dag_1,r207_scalar,58,s3|s4,n63,True,True
random_dag_1,r207_scalar,58,s3|s4,n64,True,True
random_dag_1,r207_scalar,59,s3|s5,n61,True,True
random_dag_1,r207_scalar,59,s3|s5,n62,False,False
random_dag_1,r207_scalar,59,s3|s5,n63,False,False
random_dag_1,r207_scalar,59,s3|s5,n64,True,True
random_dag_1,r207_scalar,60,s3|s6,n61,True,True
random_dag_1,r207_scalar,60,s3|s6,n62,True,True
random_dag_1,r207_scalar,60,s3|s6,n63,True,True
random_dag_1,r207_scalar,60,s3|s6,n64,True,True
random_dag_1,r207_scalar,61,s3|s7,n61,False,False
random_dag_1,r207_scalar,61,s3|s7,n62,False,False
random_dag_1,r207_scalar,61,s3|s7,n63,True,True
random_dag_1,r207_scalar,61,s3|s7,n64,True,True
random_dag_1,r207_scalar,62,s3|s8,n61,True,True
random_dag_1,r207_scalar,62,s3|s8,n62,True,True
random_dag_1,r207_scalar,62,s3|s8,n63,True,True
random_dag_1,r207_scalar,62,s3|s8,n64,True,True
random_dag_1,r207_scalar,63,s3|s9,n61,True,True
random_dag_1,r207_scalar,63,s3|s9,n62,True,True
random_dag_1,r207_scalar,63,s3|s9,n63,True,True
random_dag_1,r207_scalar,63,s3|s9,n64,True,True
random_dag_1,r207_scalar,64,s4|s5,n61,True,True
random_dag_1,r207_scalar,64,s4|s5,n62,False,False
random_dag_1,r207_scalar,64,s4|s5,n63,False,False
random_dag_1,r207_scalar,64,s4|s5,n64,True,True
random_dag_1,r207_scalar,65,s4|s6,n61,False,False
random_dag_1,r207_scalar,65,s4|s6,n62,False,False
random_dag_1,r207_scalar,65,s4|s6,n63,True,True
random_dag_1,r207_scalar,65,s4|s6,n64,True,True
random_dag_1,r207_scalar,66,s4|s7,n61,True,True
random_dag_1,r207_scalar,66,s4|s7,n62,True,True
random_dag_1,r207_scalar,66,s4|s7,n63,True,True
random_dag_1,r207_scalar,66,s4|s7,n64,True,True
random_dag_1,r207_scalar,67,s4|s8,n61,True,True
random_dag_1,r207_scalar,67,s4|s8,n62,True,True
random_dag_1,r207_scalar,67,s4|s8,n63,True,True
random_dag_1,r207_scalar,67,s4|s8,n64,True,True
random_dag_1,r207_scalar,68,s4|s9,n61,True,True
random_dag_1,r207_scalar,68,s4|s9,n62,True,True
random_dag_1,r207_scalar,68,s4|s9,n63,True,True
random_dag_1,r207_scalar,68,s4|s9,n64,True,True
random_dag_1,r207_scalar,69,s5|s6,n61,True,True
random_dag_1,r207_scalar,69,s5|s6,n62,False,False
random_dag_1,r207_scalar,69,s5|s6,n63,False,False
random_dag_1,r207_scalar,69,s5|s6,n64,True,True
random_dag_1,r207_scalar,70,s5|s7,n61,False,False
random_dag_1,r207_scalar,70,s5|s7,n62,False,False
random_dag_1,r207_scalar,70,s5|s7,n63,False,False
random_dag_1,r207_scalar,70,s5|s7,n64,True,True
random_dag_1,r207_scalar,71,s5|s8,n61,True,True
random_dag_1,r207_scalar,71,s5|s8,n62,False,False
random_dag_1,r207_scalar,71,s5|s8,n63,False,False
random_dag_1,r207_scalar,71,s5|s8,n64,True,True
random_dag_1,r207_scalar,72,s5|s9,n61,False,False
random_dag_1,r207_scalar,72,s5|s9,n62,False,False
random_dag_1,r207_scalar,72,s5|s9,n63,False,False
random_dag_1,r207_scalar,72,s5|s9,n64,True,True
random_dag_1,r207_scalar,73,s6|s7,n61,True,True
random_dag_1,r207_scalar,73,s6|s7,n62,True,True
random_dag_1,r207_scalar,73,s6|s7,n63,True,True
random_dag_1,r207_scalar,73,s6|s7,n64,True,True
random_dag_1,r207_scalar,74,s6|s8,n61,True,True
random_dag_1,r207_scalar,74,s6|s8,n62,True,True
random_dag_1,r207_scalar,74,s6|s8,n63,True,True
random_dag_1,r207_scalar,74,s6|s8,n64,True,True
random_dag_1,r207_scalar,75,s6|s9,n61,False,False
random_dag_1,r207_scalar,75,s6|s9,n62,False,False
random_dag_1,r207_scalar,75,s6|s9,n63,True,True
random_dag_1,r207_scalar,75,s6|s9,n64,True,True
random_dag_1,r207_scalar,76,s7|s8,n61,True,True
random_dag_1,r207_scalar,76,s7|s8,n62,True,True
random_dag_1,r207_scalar,76,s7|s8,n63,True,True
random_dag_1,r207_scalar,76,s7|s8,n64,True,True
random_dag_1,r207_scalar,77,s7|s9,n61,True,True
random_dag_1,r207_scalar,77,s7|s9,n62,True,True
random_dag_1,r207_scalar,77,s7|s9,n63,True,True
random_dag_1,r207_scalar,77,s7|s9,n64,True,True
random_dag_1,r207_scalar,78,s8|s9,n61,True,True
random_dag_1,r207_scalar,78,s8|s9,n62,True,True
random_dag_1,r207_scalar,78,s8|s9,n63,True,True
random_dag_1,r207_scalar,78,s8|s9,n64,True,True
random_dag_1,r207_scalar,79,s0|s1|s10|s11|s2|s3|s4|s5|s6|s7|s8|s9,n61,False,False
random_dag_1,r207_scalar,79,s0|s1|s10|s11|s2|s3|s4|s5|s6|s7|s8|s9,n62,False,False
random_dag_1,r207_scalar,79,s0|s1|s10|s11|s2|s3|s4|s5|s6|s7|s8|s9,n63,False,False
random_dag_1,r207_scalar,79,s0|s1|s10|s11|s2|s3|s4|s5|s6|s7|s8|s9,n64,False,False
random_dag_1,r207_bitset,0,,n61,True,True
random_dag_1,r207_bitset,0,,n62,True,True
random_dag_1,r207_bitset,0,,n63,True,True
random_dag_1,r207_bitset,0,,n64,True,True
random_dag_1,r207_bitset,1,s0,n61,True,True
random_dag_1,r207_bitset,1,s0,n62,True,True
random_dag_1,r207_bitset,1,s0,n63,True,True
random_dag_1,r207_bitset,1,s0,n64,True,True
random_dag_1,r207_bitset,2,s1,n61,True,True
random_dag_1,r207_bitset,2,s1,n62,True,True
random_dag_1,r207_bitset,2,s1,n63,True,True
random_dag_1,r207_bitset,2,s1,n64,True,True
random_dag_1,r207_bitset,3,s10,n61,True,True
random_dag_1,r207_bitset,3,s10,n62,True,True
random_dag_1,r207_bitset,3,s10,n63,True,True
random_dag_1,r207_bitset,3,s10,n64,True,True
random_dag_1,r207_bitset,4,s11,n61,True,True
random_dag_1,r207_bitset,4,s11,n62,True,True
random_dag_1,r207_bitset,4,s11,n63,True,True
random_dag_1,r207_bitset,4,s11,n64,True,True
random_dag_1,r207_bitset,5,s2,n61,True,True
random_dag_1,r207_bitset,5,s2,n62,True,True
random_dag_1,r207_bitset,5,s2,n63,True,True
random_dag_1,r207_bitset,5,s2,n64,True,True
random_dag_1,r207_bitset,6,s3,n61,True,True
random_dag_1,r207_bitset,6,s3,n62,True,True
random_dag_1,r207_bitset,6,s3,n63,True,True
random_dag_1,r207_bitset,6,s3,n64,True,True
random_dag_1,r207_bitset,7,s4,n61,True,True
random_dag_1,r207_bitset,7,s4,n62,True,True
random_dag_1,r207_bitset,7,s4,n63,True,True
random_dag_1,r207_bitset,7,s4,n64,True,True
random_dag_1,r207_bitset,8,s5,n61,True,True
random_dag_1,r207_bitset,8,s5,n62,False,False
random_dag_1,r207_bitset,8,s5,n63,False,False
random_dag_1,r207_bitset,8,s5,n64,True,True
random_dag_1,r207_bitset,9,s6,n61,True,True
random_dag_1,r207_bitset,9,s6,n62,True,True
random_dag_1,r207_bitset,9,s6,n63,True,True
random_dag_1,r207_bitset,9,s6,n64,True,True
random_dag_1,r207_bitset,10,s7,n61,True,True
random_dag_1,r207_bitset,10,s7,n62,True,True
random_dag_1,r207_bitset,10,s7,n63,True,True
random_dag_1,r207_bitset,10,s7,n64,True,True
random_dag_1,r207_bitset,11,s8,n61,True,True
random_dag_1,r207_bitset,11,s8,n62,True,True
random_dag_1,r207_bitset,11,s8,n63,True,True
random_dag_1,r207_bitset,11,s8,n64,True,True
random_dag_1,r207_bitset,12,s9,n61,True,True
random_dag_1,r207_bitset,12,s9,n62,True,True
random_dag_1,r207_bitset,12,s9,n63,True,True
random_dag_1,r207_bitset,12,s9,n64,True,True
random_dag_1,r207_bitset,13,s0|s1,n61,True,True
random_dag_1,r207_bitset,13,s0|s1,n62,True,True
random_dag_1,r207_bitset,13,s0|s1,n63,True,True
random_dag_1,r207_bitset,13,s0|s1,n64,True,True
random_dag_1,r207_bitset,14,s0|s10,n61,True,True
random_dag_1,r207_bitset,14,s0|s10,n62,True,True
random_dag_1,r207_bitset,14,s0|s10,n63,True,True
random_dag_1,r207_bitset,14,s0|s10,n64,True,True
random_dag_1,r207_bitset,15,s0|s11,n61,True,True
random_dag_1,r207_bitset,15,s0|s11,n62,True,True
random_dag_1,r207_bitset,15,s0|s11,n63,True,True
random_dag_1,r207_bitset,15,s0|s11,n64,True,True
random_dag_1,r207_bitset,16,s0|s2,n61,True,True
random_dag_1,r207_bitset,16,s0|s2,n62,True,True
random_dag_1,r207_bitset,16,s0|s2,n63,True,True
random_dag_1,r207_bitset,16,s0|s2,n64,True,True
random_dag_1,r207_bitset,17,s0|s3,n61,True,True
random_dag_1,r207_bitset,17,s0|s3,n62,True,True
random_dag_1,r207_bitset,17,s0|s3,n63,True,True
random_dag_1,r207_bitset,17,s0|s3,n64,True,True
random_dag_1,r207_bitset,18,s0|s4,n61,True,True
random_dag_1,r207_bitset,18,s0|s4,n62,True,True
random_dag_1,r207_bitset,18,s0|s4,n63,True,True
random_dag_1,r207_bitset,18,s0|s4,n64,True,True
random_dag_1,r207_bitset,19,s0|s5,n61,False,False
random_dag_1,r207_bitset,19,s0|s5,n62,False,False
random_dag_1,r207_bitset,19,s0|s5,n63,False,False
random_dag_1,r207_bitset,19,s0|s5,n64,True,True
random_dag_1,r207_bitset,20,s0|s6,n61,True,True
random_dag_1,r207_bitset,20,s0|s6,n62,True,True
random_dag_1,r207_bitset,20,s0|s6,n63,True,True
random_dag_1,r207_bitset,20,s0|s6,n64,True,True
random_dag_1,r207_bitset,21,s0|s7,n61,True,True
random_dag_1,r207_bitset,21,s0|s7,n62,True,True
random_dag_1,r207_bitset,21,s0|s7,n63,True,True
random_dag_1,r207_bitset,21,s0|s7,n64,True,True
random_dag_1,r207_bitset,22,s0|s8,n61,False,False
random_dag_1,r207_bitset,22,s0|s8,n62,True,True
random_dag_1,r207_bitset,22,s0|s8,n63,True,True
random_dag_1,r207_bitset,22,s0|s8,n64,True,True
random_dag_1,r207_bitset,23,s0|s9,n61,True,True
random_dag_1,r207_bitset,23,s0|s9,n62,True,True
random_dag_1,r207_bitset,23,s0|s9,n63,True,True
random_dag_1,r207_bitset,23,s0|s9,n64,True,True
random_dag_1,r207_bitset,24,s1|s10,n61,False,False
random_dag_1,r207_bitset,24,s1|s10,n62,False,False
random_dag_1,r207_bitset,24,s1|s10,n63,True,True
random_dag_1,r207_bitset,24,s1|s10,n64,True,True
random_dag_1,r207_bitset,25,s1|s11,n61,True,True
random_dag_1,r207_bitset,25,s1|s11,n62,True,True
random_dag_1,r207_bitset,25,s1|s11,n63,True,True
random_dag_1,r207_bitset,25,s1|s11,n64,True,True
random_dag_1,r207_bitset,26,s1|s2,n61,True,True
random_dag_1,r207_bitset,26,s1|s2,n62,True,True
random_dag_1,r207_bitset,26,s1|s2,n63,True,True
random_dag_1,r207_bitset,26,s1|s2,n64,True,True
random_dag_1,r207_bitset,27,s1|s3,n61,True,True
random_dag_1,r207_bitset,27,s1|s3,n62,True,True
random_dag_1,r207_bitset,27,s1|s3,n63,True,True
random_dag_1,r207_bitset,27,s1|s3,n64,True,True
random_dag_1,r207_bitset,28,s1|s4,n61,True,True
random_dag_1,r207_bitset,28,s1|s4,n62,True,True
random_dag_1,r207_bitset,28,s1|s4,n63,True,True
random_dag_1,r207_bitset,28,s1|s4,n64,True,True
random_dag_1,r207_bitset,29,s1|s5,n61,True,True
random_dag_1,r207_bitset,29,s1|s5,n62,False,False
random_dag_1,r207_bitset,29,s1|s5,n63,False,False
random_dag_1,r207_bitset,29,s1|s5,n64,True,True
random_dag_1,r207_bitset,30,s1|s6,n61,False,False
random_dag_1,r207_bitset,30,s1|s6,n62,False,False
random_dag_1,r207_bitset,30,s1|s6,n63,True,True
random_dag_1,r207_bitset,30,s1|s6,n64,True,True
random_dag_1,r207_bitset,31,s1|s7,n61,False,False
random_dag_1,r207_bitset,31,s1|s7,n62,False,False
random_dag_1,r207_bitset,31,s1|s7,n63,True,True
random_dag_1,r207_bitset,31,s1|s7,n64,True,True
random_dag_1,r207_bitset,32,s1|s8,n61,True,True
random_dag_1,r207_bitset,32,s1|s8,n62,True,True
random_dag_1,r207_bitset,32,s1|s8,n63,True,True
random_dag_1,r207_bitset,32,s1|s8,n64,True,True
random_dag_1,r207_bitset,33,s1|s9,n61,True,True
random_dag_1,r207_bitset,33,s1|s9,n62,True,True
random_dag_1,r207_bitset,33,s1|s9,n63,True,True
random_dag_1,r207_bitset,33,s1|s9,n64,True,True
random_dag_1,r207_bitset,34,s10|s11,n61,True,True
random_dag_1,r207_bitset,34,s10|s11,n62,True,True
random_dag_1,r207_bitset,34,s10|s11,n63,True,True
random_dag_1,r207_bitset,34,s10|s11,n64,True,True
random_dag_1,r207_bitset,35,s10|s2,n61,True,True
random_dag_1,r207_bitset,35,s10|s2,n62,True,True
random_dag_1,r207_bitset,35,s10|s2,n63,True,True
random_dag_1,r207_bitset,35,s10|s2,n64,True,True
random_dag_1,r207_bitset,36,s10|s3,n61,False,False
random_dag_1,r207_bitset,36,s10|s3,n62,False,False
random_dag_1,r207_bitset,36,s10|s3,n63,True,True
random_dag_1,r207_bitset,36,s10|s3,n64,True,True
random_dag_1,r207_bitset,37,s10|s4,n61,True,True
random_dag_1,r207_bitset,37,s10|s4,n62,True,True
random_dag_1,r207_bitset,37,s10|s4,n63,True,True
random_dag_1,r207_bitset,37,s10|s4,n64,True,True
random_dag_1,r207_bitset,38,s10|s5,n61,True,True
random_dag_1,r207_bitset,38,s10|s5,n62,False,False
random_dag_1,r207_bitset,38,s10|s5,n63,False,False
random_dag_1,r207_bitset,38,s10|s5,n64,True,True
random_dag_1,r207_bitset,39,s10|s6,n61,True,True
random_dag_1,r207_bitset,39,s10|s6,n62,True,True
random_dag_1,r207_bitset,39,s10|s6,n63,True,True
random_dag_1,r207_bitset,39,s10|s6,n64,True,True
random_dag_1,r207_bitset,40,s10|s7,n61,True,True
random_dag_1,r207_bitset,40,s10|s7,n62,True,True
random_dag_1,r207_bitset,40,s10|s7,n63,True,True
random_dag_1,r207_bitset,40,s10|s7,n64,True,True
random_dag_1,r207_bitset,41,s10|s8,n61,True,True
random_dag_1,r207_bitset,41,s10|s8,n62,True,True
random_dag_1,r207_bitset,41,s10|s8,n63,True,True
random_dag_1,r207_bitset,41,s10|s8,n64,True,True
random_dag_1,r207_bitset,42,s10|s9,n61,True,True
random_dag_1,r207_bitset,42,s10|s9,n62,True,True
random_dag_1,r207_bitset,42,s10|s9,n63,True,True
random_dag_1,r207_bitset,42,s10|s9,n64,True,True
random_dag_1,r207_bitset,43,s11|s2,n61,True,True
random_dag_1,r207_bitset,43,s11|s2,n62,True,True
random_dag_1,r207_bitset,43,s11|s2,n63,True,True
random_dag_1,r207_bitset,43,s11|s2,n64,True,True
random_dag_1,r207_bitset,44,s11|s3,n61,True,True
random_dag_1,r207_bitset,44,s11|s3,n62,True,True
random_dag_1,r207_bitset,44,s11|s3,n63,True,True
random_dag_1,r207_bitset,44,s11|s3,n64,True,True
random_dag_1,r207_bitset,45,s11|s4,n61,True,True
random_dag_1,r207_bitset,45,s11|s4,n62,True,True
random_dag_1,r207_bitset,45,s11|s4,n63,True,True
random_dag_1,r207_bitset,45,s11|s4,n64,True,True
random_dag_1,r207_bitset,46,s11|s5,n61,True,True
random_dag_1,r207_bitset,46,s11|s5,n62,False,False
random_dag_1,r207_bitset,46,s11|s5,n63,False,False
random_dag_1,r207_bitset,46,s11|s5,n64,True,True
random_dag_1,r207_bitset,47,s11|s6,n61,True,True
random_dag_1,r207_bitset,47,s11|s6,n62,True,True
random_dag_1,r207_bitset,47,s11|s6,n63,True,True
random_dag_1,r207_bitset,47,s11|s6,n64,True,True
random_dag_1,r207_bitset,48,s11|s7,n61,True,True
random_dag_1,r207_bitset,48,s11|s7,n62,True,True
random_dag_1,r207_bitset,48,s11|s7,n63,True,True
random_dag_1,r207_bitset,48,s11|s7,n64,True,True
random_dag_1,r207_bitset,49,s11|s8,n61,True,True
random_dag_1,r207_bitset,49,s11|s8,n62,True,True
random_dag_1,r207_bitset,49,s11|s8,n63,True,True
random_dag_1,r207_bitset,49,s11|s8,n64,True,True
random_dag_1,r207_bitset,50,s11|s9,n61,True,True
random_dag_1,r207_bitset,50,s11|s9,n62,True,True
random_dag_1,r207_bitset,50,s11|s9,n63,True,True
random_dag_1,r207_bitset,50,s11|s9,n64,True,True
random_dag_1,r207_bitset,51,s2|s3,n61,True,True
random_dag_1,r207_bitset,51,s2|s3,n62,True,True
random_dag_1,r207_bitset,51,s2|s3,n63,True,True
random_dag_1,r207_bitset,51,s2|s3,n64,True,True
random_dag_1,r207_bitset,52,s2|s4,n61,True,True
random_dag_1,r207_bitset,52,s2|s4,n62,True,True
random_dag_1,r207_bitset,52,s2|s4,n63,True,True
random_dag_1,r207_bitset,52,s2|s4,n64,True,True
random_dag_1,r207_bitset,53,s2|s5,n61,True,True
random_dag_1,r207_bitset,53,s2|s5,n62,False,False
random_dag_1,r207_bitset,53,s2|s5,n63,False,False
random_dag_1,r207_bitset,53,s2|s5,n64,True,True
random_dag_1,r207_bitset,54,s2|s6,n61,True,True
random_dag_1,r207_bitset,54,s2|s6,n62,True,True
random_dag_1,r207_bitset,54,s2|s6,n63,True,True
random_dag_1,r207_bitset,54,s2|s6,n64,True,True
random_dag_1,r207_bitset,55,s2|s7,n61,True,True
random_dag_1,r207_bitset,55,s2|s7,n62,True,True
random_dag_1,r207_bitset,55,s2|s7,n63,True,True
random_dag_1,r207_bitset,55,s2|s7,n64,True,True
random_dag_1,r207_bitset,56,s2|s8,n61,True,True
random_dag_1,r207_bitset,56,s2|s8,n62,True,True
random_dag_1,r207_bitset,56,s2|s8,n63,True,True
random_dag_1,r207_bitset,56,s2|s8,n64,True,True
random_dag_1,r207_bitset,57,s2|s9,n61,True,True
random_dag_1,r207_bitset,57,s2|s9,n62,True,True
random_dag_1,r207_bitset,57,s2|s9,n63,True,True
random_dag_1,r207_bitset,57,s2|s9,n64,True,True
random_dag_1,r207_bitset,58,s3|s4,n61,True,True
random_dag_1,r207_bitset,58,s3|s4,n62,True,True
random_dag_1,r207_bitset,58,s3|s4,n63,True,True
random_dag_1,r207_bitset,58,s3|s4,n64,True,True
random_dag_1,r207_bitset,59,s3|s5,n61,True,True
random_dag_1,r207_bitset,59,s3|s5,n62,False,False
random_dag_1,r207_bitset,59,s3|s5,n63,False,False
random_dag_1,r207_bitset,59,s3|s5,n64,True,True
random_dag_1,r207_bitset,60,s3|s6,n61,True,True
random_dag_1,r207_bitset,60,s3|s6,n62,True,True
random_dag_1,r207_bitset,60,s3|s6,n63,True,True
random_dag_1,r207_bitset,60,s3|s6,n64,True,True
random_dag_1,r207_bitset,61,s3|s7,n61,False,False
random_dag_1,r207_bitset,61,s3|s7,n62,False,False
random_dag_1,r207_bitset,61,s3|s7,n63,True,True
random_dag_1,r207_bitset,61,s3|s7,n64,True,True
random_dag_1,r207_bitset,62,s3|s8,n61,True,True
random_dag_1,r207_bitset,62,s3|s8,n62,True,True
random_dag_1,r207_bitset,62,s3|s8,n63,True,True
random_dag_1,r207_bitset,62,s3|s8,n64,True,True
random_dag_1,r207_bitset,63,s3|s9,n61,True,True
random_dag_1,r207_bitset,63,s3|s9,n62,True,True
random_dag_1,r207_bitset,63,s3|s9,n63,True,True
random_dag_1,r207_bitset,63,s3|s9,n64,True,True
random_dag_1,r207_bitset,64,s4|s5,n61,True,True
random_dag_1,r207_bitset,64,s4|s5,n62,False,False
random_dag_1,r207_bitset,64,s4|s5,n63,False,False
random_dag_1,r207_bitset,64,s4|s5,n64,True,True
random_dag_1,r207_bitset,65,s4|s6,n61,False,False
random_dag_1,r207_bitset,65,s4|s6,n62,False,False
random_dag_1,r207_bitset,65,s4|s6,n63,True,True
random_dag_1,r207_bitset,65,s4|s6,n64,True,True
random_dag_1,r207_bitset,66,s4|s7,n61,True,True
random_dag_1,r207_bitset,66,s4|s7,n62,True,True
random_dag_1,r207_bitset,66,s4|s7,n63,True,True
random_dag_1,r207_bitset,66,s4|s7,n64,True,True
random_dag_1,r207_bitset,67,s4|s8,n61,True,True
random_dag_1,r207_bitset,67,s4|s8,n62,True,True
random_dag_1,r207_bitset,67,s4|s8,n63,True,True
random_dag_1,r207_bitset,67,s4|s8,n64,True,True
random_dag_1,r207_bitset,68,s4|s9,n61,True,True
random_dag_1,r207_bitset,68,s4|s9,n62,True,True
random_dag_1,r207_bitset,68,s4|s9,n63,True,True
random_dag_1,r207_bitset,68,s4|s9,n64,True,True
random_dag_1,r207_bitset,69,s5|s6,n61,True,True
random_dag_1,r207_bitset,69,s5|s6,n62,False,False
random_dag_1,r207_bitset,69,s5|s6,n63,False,False
random_dag_1,r207_bitset,69,s5|s6,n64,True,True
random_dag_1,r207_bitset,70,s5|s7,n61,False,False
random_dag_1,r207_bitset,70,s5|s7,n62,False,False
random_dag_1,r207_bitset,70,s5|s7,n63,False,False
random_dag_1,r207_bitset,70,s5|s7,n64,True,True
random_dag_1,r207_bitset,71,s5|s8,n61,True,True
random_dag_1,r207_bitset,71,s5|s8,n62,False,False
random_dag_1,r207_bitset,71,s5|s8,n63,False,False
random_dag_1,r207_bitset,71,s5|s8,n64,True,True
random_dag_1,r207_bitset,72,s5|s9,n61,False,False
random_dag_1,r207_bitset,72,s5|s9,n62,False,False
random_dag_1,r207_bitset,72,s5|s9,n63,False,False
random_dag_1,r207_bitset,72,s5|s9,n64,True,True
random_dag_1,r207_bitset,73,s6|s7,n61,True,True
random_dag_1,r207_bitset,73,s6|s7,n62,True,True
random_dag_1,r207_bitset,73,s6|s7,n63,True,True
random_dag_1,r207_bitset,73,s6|s7,n64,True,True
random_dag_1,r207_bitset,74,s6|s8,n61,True,True
random_dag_1,r207_bitset,74,s6|s8,n62,True,True
random_dag_1,r207_bitset,74,s6|s8,n63,True,True
random_dag_1,r207_bitset,74,s6|s8,n64,True,True
random_dag_1,r207_bitset,75,s6|s9,n61,False,False
random_dag_1,r207_bitset,75,s6|s9,n62,False,False
random_dag_1,r207_bitset,75,s6|s9,n63,True,True
random_dag_1,r207_bitset,75,s6|s9,n64,True,True
random_dag_1,r207_bitset,76,s7|s8,n61,True,True
random_dag_1,r207_bitset,76,s7|s8,n62,True,True
random_dag_1,r207_bitset,76,s7|s8,n63,True,True
random_dag_1,r207_bitset,76,s7|s8,n64,True,True
random_dag_1,r207_bitset,77,s7|s9,n61,True,True
random_dag_1,r207_bitset,77,s7|s9,n62,True,True
random_dag_1,r207_bitset,77,s7|s9,n63,True,True
random_dag_1,r207_bitset,77,s7|s9,n64,True,True
random_dag_1,r207_bitset,78,s8|s9,n61,True,True
random_dag_1,r207_bitset,78,s8|s9,n62,True,True
random_dag_1,r207_bitset,78,s8|s9,n63,True,True
random_dag_1,r207_bitset,78,s8|s9,n64,True,True
random_dag_1,r207_bitset,79,s0|s1|s10|s11|s2|s3|s4|s5|s6|s7|s8|s9,n61,False,False
random_dag_1,r207_bitset,79,s0|s1|s10|s11|s2|s3|s4|s5|s6|s7|s8|s9,n62,False,False
random_dag_1,r207_bitset,79,s0|s1|s10|s11|s2|s3|s4|s5|s6|s7|s8|s9,n63,False,False
random_dag_1,r207_bitset,79,s0|s1|s10|s11|s2|s3|s4|s5|s6|s7|s8|s9,n64,False,False
random_dag_2,and_or_forward,0,,n61,True,True
random_dag_2,and_or_forward,0,,n62,True,True
random_dag_2,and_or_forward,0,,n63,True,True
random_dag_2,and_or_forward,0,,n64,True,True
random_dag_2,and_or_forward,1,s0,n61,True,True
random_dag_2,and_or_forward,1,s0,n62,True,True
random_dag_2,and_or_forward,1,s0,n63,True,True
random_dag_2,and_or_forward,1,s0,n64,True,True
random_dag_2,and_or_forward,2,s1,n61,True,True
random_dag_2,and_or_forward,2,s1,n62,True,True
random_dag_2,and_or_forward,2,s1,n63,True,True
random_dag_2,and_or_forward,2,s1,n64,True,True
random_dag_2,and_or_forward,3,s10,n61,True,True
random_dag_2,and_or_forward,3,s10,n62,True,True
random_dag_2,and_or_forward,3,s10,n63,True,True
random_dag_2,and_or_forward,3,s10,n64,True,True
random_dag_2,and_or_forward,4,s11,n61,True,True
random_dag_2,and_or_forward,4,s11,n62,True,True
random_dag_2,and_or_forward,4,s11,n63,True,True
random_dag_2,and_or_forward,4,s11,n64,True,True
random_dag_2,and_or_forward,5,s2,n61,True,True
random_dag_2,and_or_forward,5,s2,n62,True,True
random_dag_2,and_or_forward,5,s2,n63,True,True
random_dag_2,and_or_forward,5,s2,n64,True,True
random_dag_2,and_or_forward,6,s3,n61,True,True
random_dag_2,and_or_forward,6,s3,n62,True,True
random_dag_2,and_or_forward,6,s3,n63,True,True
random_dag_2,and_or_forward,6,s3,n64,True,True
random_dag_2,and_or_forward,7,s4,n61,True,True
random_dag_2,and_or_forward,7,s4,n62,True,True
random_dag_2,and_or_forward,7,s4,n63,True,True
random_dag_2,and_or_forward,7,s4,n64,True,True
random_dag_2,and_or_forward,8,s5,n61,True,True
random_dag_2,and_or_forward,8,s5,n62,True,True
random_dag_2,and_or_forward,8,s5,n63,True,True
random_dag_2,and_or_forward,8,s5,n64,True,True
random_dag_2,and_or_forward,9,s6,n61,True,True
random_dag_2,and_or_forward,9,s6,n62,True,True
random_dag_2,and_or_forward,9,s6,n63,True,True
random_dag_2,and_or_forward,9,s6,n64,True,True
random_dag_2,and_or_forward,10,s7,n61,True,True
random_dag_2,and_or_forward,10,s7,n62,True,True
random_dag_2,and_or_forward,10,s7,n63,True,True
random_dag_2,and_or_forward,10,s7,n64,True,True
random_dag_2,and_or_forward,11,s8,n61,True,True
random_dag_2,and_or_forward,11,s8,n62,False,False
random_dag_2,and_or_forward,11,s8,n63,False,False
random_dag_2,and_or_forward,11,s8,n64,True,True
random_dag_2,and_or_forward,12,s9,n61,True,True
random_dag_2,and_or_forward,12,s9,n62,True,True
random_dag_2,and_or_forward,12,s9,n63,True,True
random_dag_2,and_or_forward,12,s9,n64,True,True
random_dag_2,and_or_forward,13,s0|s1,n61,True,True
random_dag_2,and_or_forward,13,s0|s1,n62,True,True
random_dag_2,and_or_forward,13,s0|s1,n63,True,True
random_dag_2,and_or_forward,13,s0|s1,n64,True,True
random_dag_2,and_or_forward,14,s0|s10,n61,True,True
random_dag_2,and_or_forward,14,s0|s10,n62,True,True
random_dag_2,and_or_forward,14,s0|s10,n63,True,True
random_dag_2,and_or_forward,14,s0|s10,n64,True,True
random_dag_2,and_or_forward,15,s0|s11,n61,True,True
random_dag_2,and_or_forward,15,s0|s11,n62,True,True
random_dag_2,and_or_forward,15,s0|s11,n63,True,True
random_dag_2,and_or_forward,15,s0|s11,n64,False,False
random_dag_2,and_or_forward,16,s0|s2,n61,True,True
random_dag_2,and_or_forward,16,s0|s2,n62,True,True
random_dag_2,and_or_forward,16,s0|s2,n63,True,True
random_dag_2,and_or_forward,16,s0|s2,n64,True,True
random_dag_2,and_or_forward,17,s0|s3,n61,True,True
random_dag_2,and_or_forward,17,s0|s3,n62,True,True
random_dag_2,and_or_forward,17,s0|s3,n63,True,True
random_dag_2,and_or_forward,17,s0|s3,n64,False,False
random_dag_2,and_or_forward,18,s0|s4,n61,True,True
random_dag_2,and_or_forward,18,s0|s4,n62,True,True
random_dag_2,and_or_forward,18,s0|s4,n63,True,True
random_dag_2,and_or_forward,18,s0|s4,n64,True,True
random_dag_2,and_or_forward,19,s0|s5,n61,True,True
random_dag_2,and_or_forward,19,s0|s5,n62,True,True
random_dag_2,and_or_forward,19,s0|s5,n63,True,True
random_dag_2,and_or_forward,19,s0|s5,n64,True,True
random_dag_2,and_or_forward,20,s0|s6,n61,True,True
random_dag_2,and_or_forward,20,s0|s6,n62,True,True
random_dag_2,and_or_forward,20,s0|s6,n63,True,True
random_dag_2,and_or_forward,20,s0|s6,n64,True,True
random_dag_2,and_or_forward,21,s0|s7,n61,True,True
random_dag_2,and_or_forward,21,s0|s7,n62,True,True
random_dag_2,and_or_forward,21,s0|s7,n63,True,True
random_dag_2,and_or_forward,21,s0|s7,n64,True,True
random_dag_2,and_or_forward,22,s0|s8,n61,True,True
random_dag_2,and_or_forward,22,s0|s8,n62,False,False
random_dag_2,and_or_forward,22,s0|s8,n63,False,False
random_dag_2,and_or_forward,22,s0|s8,n64,True,True
random_dag_2,and_or_forward,23,s0|s9,n61,True,True
random_dag_2,and_or_forward,23,s0|s9,n62,True,True
random_dag_2,and_or_forward,23,s0|s9,n63,True,True
random_dag_2,and_or_forward,23,s0|s9,n64,True,True
random_dag_2,and_or_forward,24,s1|s10,n61,True,True
random_dag_2,and_or_forward,24,s1|s10,n62,True,True
random_dag_2,and_or_forward,24,s1|s10,n63,True,True
random_dag_2,and_or_forward,24,s1|s10,n64,True,True
random_dag_2,and_or_forward,25,s1|s11,n61,True,True
random_dag_2,and_or_forward,25,s1|s11,n62,True,True
random_dag_2,and_or_forward,25,s1|s11,n63,True,True
random_dag_2,and_or_forward,25,s1|s11,n64,True,True
random_dag_2,and_or_forward,26,s1|s2,n61,True,True
random_dag_2,and_or_forward,26,s1|s2,n62,True,True
random_dag_2,and_or_forward,26,s1|s2,n63,True,True
random_dag_2,and_or_forward,26,s1|s2,n64,True,True
random_dag_2,and_or_forward,27,s1|s3,n61,True,True
random_dag_2,and_or_forward,27,s1|s3,n62,True,True
random_dag_2,and_or_forward,27,s1|s3,n63,True,True
random_dag_2,and_or_forward,27,s1|s3,n64,True,True
random_dag_2,and_or_forward,28,s1|s4,n61,True,True
random_dag_2,and_or_forward,28,s1|s4,n62,True,True
random_dag_2,and_or_forward,28,s1|s4,n63,True,True
random_dag_2,and_or_forward,28,s1|s4,n64,True,True
random_dag_2,and_or_forward,29,s1|s5,n61,True,True
random_dag_2,and_or_forward,29,s1|s5,n62,True,True
random_dag_2,and_or_forward,29,s1|s5,n63,True,True
random_dag_2,and_or_forward,29,s1|s5,n64,True,True
random_dag_2,and_or_forward,30,s1|s6,n61,True,True
random_dag_2,and_or_forward,30,s1|s6,n62,True,True
random_dag_2,and_or_forward,30,s1|s6,n63,True,True
random_dag_2,and_or_forward,30,s1|s6,n64,True,True
random_dag_2,and_or_forward,31,s1|s7,n61,True,True
random_dag_2,and_or_forward,31,s1|s7,n62,True,True
random_dag_2,and_or_forward,31,s1|s7,n63,True,True
random_dag_2,and_or_forward,31,s1|s7,n64,True,True
random_dag_2,and_or_forward,32,s1|s8,n61,True,True
random_dag_2,and_or_forward,32,s1|s8,n62,False,False
random_dag_2,and_or_forward,32,s1|s8,n63,False,False
random_dag_2,and_or_forward,32,s1|s8,n64,True,True
random_dag_2,and_or_forward,33,s1|s9,n61,True,True
random_dag_2,and_or_forward,33,s1|s9,n62,False,False
random_dag_2,and_or_forward,33,s1|s9,n63,False,False
random_dag_2,and_or_forward,33,s1|s9,n64,True,True
random_dag_2,and_or_forward,34,s10|s11,n61,True,True
random_dag_2,and_or_forward,34,s10|s11,n62,True,True
random_dag_2,and_or_forward,34,s10|s11,n63,True,True
random_dag_2,and_or_forward,34,s10|s11,n64,False,False
random_dag_2,and_or_forward,35,s10|s2,n61,True,True
random_dag_2,and_or_forward,35,s10|s2,n62,True,True
random_dag_2,and_or_forward,35,s10|s2,n63,True,True
random_dag_2,and_or_forward,35,s10|s2,n64,True,True
random_dag_2,and_or_forward,36,s10|s3,n61,True,True
random_dag_2,and_or_forward,36,s10|s3,n62,True,True
random_dag_2,and_or_forward,36,s10|s3,n63,True,True
random_dag_2,and_or_forward,36,s10|s3,n64,False,False
random_dag_2,and_or_forward,37,s10|s4,n61,True,True
random_dag_2,and_or_forward,37,s10|s4,n62,True,True
random_dag_2,and_or_forward,37,s10|s4,n63,True,True
random_dag_2,and_or_forward,37,s10|s4,n64,True,True
random_dag_2,and_or_forward,38,s10|s5,n61,True,True
random_dag_2,and_or_forward,38,s10|s5,n62,True,True
random_dag_2,and_or_forward,38,s10|s5,n63,True,True
random_dag_2,and_or_forward,38,s10|s5,n64,True,True
random_dag_2,and_or_forward,39,s10|s6,n61,True,True
random_dag_2,and_or_forward,39,s10|s6,n62,True,True
random_dag_2,and_or_forward,39,s10|s6,n63,True,True
random_dag_2,and_or_forward,39,s10|s6,n64,True,True
random_dag_2,and_or_forward,40,s10|s7,n61,True,True
random_dag_2,and_or_forward,40,s10|s7,n62,True,True
random_dag_2,and_or_forward,40,s10|s7,n63,True,True
random_dag_2,and_or_forward,40,s10|s7,n64,True,True
random_dag_2,and_or_forward,41,s10|s8,n61,True,True
random_dag_2,and_or_forward,41,s10|s8,n62,False,False
random_dag_2,and_or_forward,41,s10|s8,n63,False,False
random_dag_2,and_or_forward,41,s10|s8,n64,True,True
random_dag_2,and_or_forward,42,s10|s9,n61,True,True
random_dag_2,and_or_forward,42,s10|s9,n62,True,True
random_dag_2,and_or_forward,42,s10|s9,n63,True,True
random_dag_2,and_or_forward,42,s10|s9,n64,True,True
random_dag_2,and_or_forward,43,s11|s2,n61,True,True
random_dag_2,and_or_forward,43,s11|s2,n62,True,True
random_dag_2,and_or_forward,43,s11|s2,n63,True,True
random_dag_2,and_or_forward,43,s11|s2,n64,True,True
random_dag_2,and_or_forward,44,s11|s3,n61,True,True
random_dag_2,and_or_forward,44,s11|s3,n62,True,True
random_dag_2,and_or_forward,44,s11|s3,n63,True,True
random_dag_2,and_or_forward,44,s11|s3,n64,True,True
random_dag_2,and_or_forward,45,s11|s4,n61,True,True
random_dag_2,and_or_forward,45,s11|s4,n62,True,True
random_dag_2,and_or_forward,45,s11|s4,n63,True,True
random_dag_2,and_or_forward,45,s11|s4,n64,False,False
random_dag_2,and_or_forward,46,s11|s5,n61,True,True
random_dag_2,and_or_forward,46,s11|s5,n62,True,True
random_dag_2,and_or_forward,46,s11|s5,n63,True,True
random_dag_2,and_or_forward,46,s11|s5,n64,True,True
random_dag_2,and_or_forward,47,s11|s6,n61,True,True
random_dag_2,and_or_forward,47,s11|s6,n62,True,True
random_dag_2,and_or_forward,47,s11|s6,n63,True,True
random_dag_2,and_or_forward,47,s11|s6,n64,True,True
random_dag_2,and_or_forward,48,s11|s7,n61,True,True
random_dag_2,and_or_forward,48,s11|s7,n62,True,True
random_dag_2,and_or_forward,48,s11|s7,n63,True,True
random_dag_2,and_or_forward,48,s11|s7,n64,True,True
random_dag_2,and_or_forward,49,s11|s8,n61,True,True
random_dag_2,and_or_forward,49,s11|s8,n62,False,False
random_dag_2,and_or_forward,49,s11|s8,n63,False,False
random_dag_2,and_or_forward,49,s11|s8,n64,True,True
random_dag_2,and_or_forward,50,s11|s9,n61,True,True
random_dag_2,and_or_forward,50,s11|s9,n62,True,True
random_dag_2,and_or_forward,50,s11|s9,n63,True,True
random_dag_2,and_or_forward,50,s11|s9,n64,False,False
random_dag_2,and_or_forward,51,s2|s3,n61,True,True
random_dag_2,and_or_forward,51,s2|s3,n62,True,True
random_dag_2,and_or_forward,51,s2|s3,n63,True,True
random_dag_2,and_or_forward,51,s2|s3,n64,True,True
random_dag_2,and_or_forward,52,s2|s4,n61,True,True
random_dag_2,and_or_forward,52,s2|s4,n62,True,True
random_dag_2,and_or_forward,52,s2|s4,n63,True,True
random_dag_2,and_or_forward,52,s2|s4,n64,True,True
random_dag_2,and_or_forward,53,s2|s5,n61,True,True
random_dag_2,and_or_forward,53,s2|s5,n62,True,True
random_dag_2,and_or_forward,53,s2|s5,n63,True,True
random_dag_2,and_or_forward,53,s2|s5,n64,True,True
random_dag_2,and_or_forward,54,s2|s6,n61,True,True
random_dag_2,and_or_forward,54,s2|s6,n62,True,True
random_dag_2,and_or_forward,54,s2|s6,n63,False,False
random_dag_2,and_or_forward,54,s2|s6,n64,True,True
random_dag_2,and_or_forward,55,s2|s7,n61,True,True
random_dag_2,and_or_forward,55,s2|s7,n62,True,True
random_dag_2,and_or_forward,55,s2|s7,n63,True,True
random_dag_2,and_or_forward,55,s2|s7,n64,True,True
random_dag_2,and_or_forward,56,s2|s8,n61,True,True
random_dag_2,and_or_forward,56,s2|s8,n62,False,False
random_dag_2,and_or_forward,56,s2|s8,n63,False,False
random_dag_2,and_or_forward,56,s2|s8,n64,True,True
random_dag_2,and_or_forward,57,s2|s9,n61,True,True
random_dag_2,and_or_forward,57,s2|s9,n62,True,True
random_dag_2,and_or_forward,57,s2|s9,n63,True,True
random_dag_2,and_or_forward,57,s2|s9,n64,True,True
random_dag_2,and_or_forward,58,s3|s4,n61,True,True
random_dag_2,and_or_forward,58,s3|s4,n62,True,True
random_dag_2,and_or_forward,58,s3|s4,n63,True,True
random_dag_2,and_or_forward,58,s3|s4,n64,False,False
random_dag_2,and_or_forward,59,s3|s5,n61,True,True
random_dag_2,and_or_forward,59,s3|s5,n62,True,True
random_dag_2,and_or_forward,59,s3|s5,n63,True,True
random_dag_2,and_or_forward,59,s3|s5,n64,True,True
random_dag_2,and_or_forward,60,s3|s6,n61,True,True
random_dag_2,and_or_forward,60,s3|s6,n62,True,True
random_dag_2,and_or_forward,60,s3|s6,n63,False,False
random_dag_2,and_or_forward,60,s3|s6,n64,True,True
random_dag_2,and_or_forward,61,s3|s7,n61,True,True
random_dag_2,and_or_forward,61,s3|s7,n62,True,True
random_dag_2,and_or_forward,61,s3|s7,n63,True,True
random_dag_2,and_or_forward,61,s3|s7,n64,True,True
random_dag_2,and_or_forward,62,s3|s8,n61,True,True
random_dag_2,and_or_forward,62,s3|s8,n62,False,False
random_dag_2,and_or_forward,62,s3|s8,n63,False,False
random_dag_2,and_or_forward,62,s3|s8,n64,True,True
random_dag_2,and_or_forward,63,s3|s9,n61,True,True
random_dag_2,and_or_forward,63,s3|s9,n62,True,True
random_dag_2,and_or_forward,63,s3|s9,n63,True,True
random_dag_2,and_or_forward,63,s3|s9,n64,False,False
random_dag_2,and_or_forward,64,s4|s5,n61,True,True
random_dag_2,and_or_forward,64,s4|s5,n62,True,True
random_dag_2,and_or_forward,64,s4|s5,n63,True,True
random_dag_2,and_or_forward,64,s4|s5,n64,True,True
random_dag_2,and_or_forward,65,s4|s6,n61,True,True
random_dag_2,and_or_forward,65,s4|s6,n62,True,True
random_dag_2,and_or_forward,65,s4|s6,n63,True,True
random_dag_2,and_or_forward,65,s4|s6,n64,True,True
random_dag_2,and_or_forward,66,s4|s7,n61,True,True
random_dag_2,and_or_forward,66,s4|s7,n62,True,True
random_dag_2,and_or_forward,66,s4|s7,n63,True,True
random_dag_2,and_or_forward,66,s4|s7,n64,True,True
random_dag_2,and_or_forward,67,s4|s8,n61,True,True
random_dag_2,and_or_forward,67,s4|s8,n62,False,False
random_dag_2,and_or_forward,67,s4|s8,n63,False,False
random_dag_2,and_or_forward,67,s4|s8,n64,True,True
random_dag_2,and_or_forward,68,s4|s9,n61,True,True
random_dag_2,and_or_forward,68,s4|s9,n62,False,False
random_dag_2,and_or_forward,68,s4|s9,n63,False,False
random_dag_2,and_or_forward,68,s4|s9,n64,True,True
random_dag_2,and_or_forward,69,s5|s6,n61,True,True
random_dag_2,and_or_forward,69,s5|s6,n62,True,True
random_dag_2,and_or_forward,69,s5|s6,n63,True,True
random_dag_2,and_or_forward,69,s5|s6,n64,True,True
random_dag_2,and_or_forward,70,s5|s7,n61,True,True
random_dag_2,and_or_forward,70,s5|s7,n62,True,True
random_dag_2,and_or_forward,70,s5|s7,n63,True,True
random_dag_2,and_or_forward,70,s5|s7,n64,True,True
random_dag_2,and_or_forward,71,s5|s8,n61,True,True
random_dag_2,and_or_forward,71,s5|s8,n62,False,False
random_dag_2,and_or_forward,71,s5|s8,n63,False,False
random_dag_2,and_or_forward,71,s5|s8,n64,True,True
random_dag_2,and_or_forward,72,s5|s9,n61,True,True
random_dag_2,and_or_forward,72,s5|s9,n62,True,True
random_dag_2,and_or_forward,72,s5|s9,n63,True,True
random_dag_2,and_or_forward,72,s5|s9,n64,True,True
random_dag_2,and_or_forward,73,s6|s7,n61,True,True
random_dag_2,and_or_forward,73,s6|s7,n62,True,True
random_dag_2,and_or_forward,73,s6|s7,n63,True,True
random_dag_2,and_or_forward,73,s6|s7,n64,True,True
random_dag_2,and_or_forward,74,s6|s8,n61,True,True
random_dag_2,and_or_forward,74,s6|s8,n62,False,False
random_dag_2,and_or_forward,74,s6|s8,n63,False,False
random_dag_2,and_or_forward,74,s6|s8,n64,True,True
random_dag_2,and_or_forward,75,s6|s9,n61,True,True
random_dag_2,and_or_forward,75,s6|s9,n62,False,False
random_dag_2,and_or_forward,75,s6|s9,n63,False,False
random_dag_2,and_or_forward,75,s6|s9,n64,False,False
random_dag_2,and_or_forward,76,s7|s8,n61,True,True
random_dag_2,and_or_forward,76,s7|s8,n62,False,False
random_dag_2,and_or_forward,76,s7|s8,n63,False,False
random_dag_2,and_or_forward,76,s7|s8,n64,True,True
random_dag_2,and_or_forward,77,s7|s9,n61,True,True
random_dag_2,and_or_forward,77,s7|s9,n62,False,False
random_dag_2,and_or_forward,77,s7|s9,n63,False,False
random_dag_2,and_or_forward,77,s7|s9,n64,True,True
random_dag_2,and_or_forward,78,s8|s9,n61,True,True
random_dag_2,and_or_forward,78,s8|s9,n62,False,False
random_dag_2,and_or_forward,78,s8|s9,n63,False,False
random_dag_2,and_or_forward,78,s8|s9,n64,True,True
random_dag_2,and_or_forward,79,s0|s1|s10|s11|s2|s3|s4|s5|s6|s7|s8|s9,n61,False,False
random_dag_2,and_or_forward,79,s0|s1|s10|s11|s2|s3|s4|s5|s6|s7|s8|s9,n62,False,False
random_dag_2,and_or_forward,79,s0|s1|s10|s11|s2|s3|s4|s5|s6|s7|s8|s9,n63,False,False
random_dag_2,and_or_forward,79,s0|s1|s10|s11|s2|s3|s4|s5|s6|s7|s8|s9,n64,False,False
random_dag_2,r207_scalar,0,,n61,True,True
random_dag_2,r207_scalar,0,,n62,True,True
random_dag_2,r207_scalar,0,,n63,True,True
random_dag_2,r207_scalar,0,,n64,True,True
random_dag_2,r207_scalar,1,s0,n61,True,True
random_dag_2,r207_scalar,1,s0,n62,True,True
random_dag_2,r207_scalar,1,s0,n63,True,True
random_dag_2,r207_scalar,1,s0,n64,True,True
random_dag_2,r207_scalar,2,s1,n61,True,True
random_dag_2,r207_scalar,2,s1,n62,True,True
random_dag_2,r207_scalar,2,s1,n63,True,True
random_dag_2,r207_scalar,2,s1,n64,True,True
random_dag_2,r207_scalar,3,s10,n61,True,True
random_dag_2,r207_scalar,3,s10,n62,True,True
random_dag_2,r207_scalar,3,s10,n63,True,True
random_dag_2,r207_scalar,3,s10,n64,True,True
random_dag_2,r207_scalar,4,s11,n61,True,True
random_dag_2,r207_scalar,4,s11,n62,True,True
random_dag_2,r207_scalar,4,s11,n63,True,True
random_dag_2,r207_scalar,4,s11,n64,True,True
random_dag_2,r207_scalar,5,s2,n61,True,True
random_dag_2,r207_scalar,5,s2,n62,True,True
random_dag_2,r207_scalar,5,s2,n63,True,True
random_dag_2,r207_scalar,5,s2,n64,True,True
random_dag_2,r207_scalar,6,s3,n61,True,True
random_dag_2,r207_scalar,6,s3,n62,True,True
random_dag_2,r207_scalar,6,s3,n63,True,True
random_dag_2,r207_scalar,6,s3,n64,True,True
random_dag_2,r207_scalar,7,s4,n61,True,True
random_dag_2,r207_scalar,7,s4,n62,True,True
random_dag_2,r207_scalar,7,s4,n63,True,True
random_dag_2,r207_scalar,7,s4,n64,True,True
random_dag_2,r207_scalar,8,s5,n61,True,True
random_dag_2,r207_scalar,8,s5,n62,True,True
random_dag_2,r207_scalar,8,s5,n63,True,True
random_dag_2,r207_scalar,8,s5,n64,True,True
random_dag_2,r207_scalar,9,s6,n61,True,True
random_dag_2,r207_scalar,9,s6,n62,True,True
random_dag_2,r207_scalar,9,s6,n63,True,True
random_dag_2,r207_scalar,9,s6,n64,True,True
random_dag_2,r207_scalar,10,s7,n61,True,True
random_dag_2,r207_scalar,10,s7,n62,True,True
random_dag_2,r207_scalar,10,s7,n63,True,True
random_dag_2,r207_scalar,10,s7,n64,True,True
random_dag_2,r207_scalar,11,s8,n61,True,True
random_dag_2,r207_scalar,11,s8,n62,False,False
random_dag_2,r207_scalar,11,s8,n63,False,False
random_dag_2,r207_scalar,11,s8,n64,True,True
random_dag_2,r207_scalar,12,s9,n61,True,True
random_dag_2,r207_scalar,12,s9,n62,True,True
random_dag_2,r207_scalar,12,s9,n63,True,True
random_dag_2,r207_scalar,12,s9,n64,True,True
random_dag_2,r207_scalar,13,s0|s1,n61,True,True
random_dag_2,r207_scalar,13,s0|s1,n62,True,True
random_dag_2,r207_scalar,13,s0|s1,n63,True,True
random_dag_2,r207_scalar,13,s0|s1,n64,True,True
random_dag_2,r207_scalar,14,s0|s10,n61,True,True
random_dag_2,r207_scalar,14,s0|s10,n62,True,True
random_dag_2,r207_scalar,14,s0|s10,n63,True,True
random_dag_2,r207_scalar,14,s0|s10,n64,True,True
random_dag_2,r207_scalar,15,s0|s11,n61,True,True
random_dag_2,r207_scalar,15,s0|s11,n62,True,True
random_dag_2,r207_scalar,15,s0|s11,n63,True,True
random_dag_2,r207_scalar,15,s0|s11,n64,False,False
random_dag_2,r207_scalar,16,s0|s2,n61,True,True
random_dag_2,r207_scalar,16,s0|s2,n62,True,True
random_dag_2,r207_scalar,16,s0|s2,n63,True,True
random_dag_2,r207_scalar,16,s0|s2,n64,True,True
random_dag_2,r207_scalar,17,s0|s3,n61,True,True
random_dag_2,r207_scalar,17,s0|s3,n62,True,True
random_dag_2,r207_scalar,17,s0|s3,n63,True,True
random_dag_2,r207_scalar,17,s0|s3,n64,False,False
random_dag_2,r207_scalar,18,s0|s4,n61,True,True
random_dag_2,r207_scalar,18,s0|s4,n62,True,True
random_dag_2,r207_scalar,18,s0|s4,n63,True,True
random_dag_2,r207_scalar,18,s0|s4,n64,True,True
random_dag_2,r207_scalar,19,s0|s5,n61,True,True
random_dag_2,r207_scalar,19,s0|s5,n62,True,True
random_dag_2,r207_scalar,19,s0|s5,n63,True,True
random_dag_2,r207_scalar,19,s0|s5,n64,True,True
random_dag_2,r207_scalar,20,s0|s6,n61,True,True
random_dag_2,r207_scalar,20,s0|s6,n62,True,True
random_dag_2,r207_scalar,20,s0|s6,n63,True,True
random_dag_2,r207_scalar,20,s0|s6,n64,True,True
random_dag_2,r207_scalar,21,s0|s7,n61,True,True
random_dag_2,r207_scalar,21,s0|s7,n62,True,True
random_dag_2,r207_scalar,21,s0|s7,n63,True,True
random_dag_2,r207_scalar,21,s0|s7,n64,True,True
random_dag_2,r207_scalar,22,s0|s8,n61,True,True
random_dag_2,r207_scalar,22,s0|s8,n62,False,False
random_dag_2,r207_scalar,22,s0|s8,n63,False,False
random_dag_2,r207_scalar,22,s0|s8,n64,True,True
random_dag_2,r207_scalar,23,s0|s9,n61,True,True
random_dag_2,r207_scalar,23,s0|s9,n62,True,True
random_dag_2,r207_scalar,23,s0|s9,n63,True,True
random_dag_2,r207_scalar,23,s0|s9,n64,True,True
random_dag_2,r207_scalar,24,s1|s10,n61,True,True
random_dag_2,r207_scalar,24,s1|s10,n62,True,True
random_dag_2,r207_scalar,24,s1|s10,n63,True,True
random_dag_2,r207_scalar,24,s1|s10,n64,True,True
random_dag_2,r207_scalar,25,s1|s11,n61,True,True
random_dag_2,r207_scalar,25,s1|s11,n62,True,True
random_dag_2,r207_scalar,25,s1|s11,n63,True,True
random_dag_2,r207_scalar,25,s1|s11,n64,True,True
random_dag_2,r207_scalar,26,s1|s2,n61,True,True
random_dag_2,r207_scalar,26,s1|s2,n62,True,True
random_dag_2,r207_scalar,26,s1|s2,n63,True,True
random_dag_2,r207_scalar,26,s1|s2,n64,True,True
random_dag_2,r207_scalar,27,s1|s3,n61,True,True
random_dag_2,r207_scalar,27,s1|s3,n62,True,True
random_dag_2,r207_scalar,27,s1|s3,n63,True,True
random_dag_2,r207_scalar,27,s1|s3,n64,True,True
random_dag_2,r207_scalar,28,s1|s4,n61,True,True
random_dag_2,r207_scalar,28,s1|s4,n62,True,True
random_dag_2,r207_scalar,28,s1|s4,n63,True,True
random_dag_2,r207_scalar,28,s1|s4,n64,True,True
random_dag_2,r207_scalar,29,s1|s5,n61,True,True
random_dag_2,r207_scalar,29,s1|s5,n62,True,True
random_dag_2,r207_scalar,29,s1|s5,n63,True,True
random_dag_2,r207_scalar,29,s1|s5,n64,True,True
random_dag_2,r207_scalar,30,s1|s6,n61,True,True
random_dag_2,r207_scalar,30,s1|s6,n62,True,True
random_dag_2,r207_scalar,30,s1|s6,n63,True,True
random_dag_2,r207_scalar,30,s1|s6,n64,True,True
random_dag_2,r207_scalar,31,s1|s7,n61,True,True
random_dag_2,r207_scalar,31,s1|s7,n62,True,True
random_dag_2,r207_scalar,31,s1|s7,n63,True,True
random_dag_2,r207_scalar,31,s1|s7,n64,True,True
random_dag_2,r207_scalar,32,s1|s8,n61,True,True
random_dag_2,r207_scalar,32,s1|s8,n62,False,False
random_dag_2,r207_scalar,32,s1|s8,n63,False,False
random_dag_2,r207_scalar,32,s1|s8,n64,True,True
random_dag_2,r207_scalar,33,s1|s9,n61,True,True
random_dag_2,r207_scalar,33,s1|s9,n62,False,False
random_dag_2,r207_scalar,33,s1|s9,n63,False,False
random_dag_2,r207_scalar,33,s1|s9,n64,True,True
random_dag_2,r207_scalar,34,s10|s11,n61,True,True
random_dag_2,r207_scalar,34,s10|s11,n62,True,True
random_dag_2,r207_scalar,34,s10|s11,n63,True,True
random_dag_2,r207_scalar,34,s10|s11,n64,False,False
random_dag_2,r207_scalar,35,s10|s2,n61,True,True
random_dag_2,r207_scalar,35,s10|s2,n62,True,True
random_dag_2,r207_scalar,35,s10|s2,n63,True,True
random_dag_2,r207_scalar,35,s10|s2,n64,True,True
random_dag_2,r207_scalar,36,s10|s3,n61,True,True
random_dag_2,r207_scalar,36,s10|s3,n62,True,True
random_dag_2,r207_scalar,36,s10|s3,n63,True,True
random_dag_2,r207_scalar,36,s10|s3,n64,False,False
random_dag_2,r207_scalar,37,s10|s4,n61,True,True
random_dag_2,r207_scalar,37,s10|s4,n62,True,True
random_dag_2,r207_scalar,37,s10|s4,n63,True,True
random_dag_2,r207_scalar,37,s10|s4,n64,True,True
random_dag_2,r207_scalar,38,s10|s5,n61,True,True
random_dag_2,r207_scalar,38,s10|s5,n62,True,True
random_dag_2,r207_scalar,38,s10|s5,n63,True,True
random_dag_2,r207_scalar,38,s10|s5,n64,True,True
random_dag_2,r207_scalar,39,s10|s6,n61,True,True
random_dag_2,r207_scalar,39,s10|s6,n62,True,True
random_dag_2,r207_scalar,39,s10|s6,n63,True,True
random_dag_2,r207_scalar,39,s10|s6,n64,True,True
random_dag_2,r207_scalar,40,s10|s7,n61,True,True
random_dag_2,r207_scalar,40,s10|s7,n62,True,True
random_dag_2,r207_scalar,40,s10|s7,n63,True,True
random_dag_2,r207_scalar,40,s10|s7,n64,True,True
random_dag_2,r207_scalar,41,s10|s8,n61,True,True
random_dag_2,r207_scalar,41,s10|s8,n62,False,False
random_dag_2,r207_scalar,41,s10|s8,n63,False,False
random_dag_2,r207_scalar,41,s10|s8,n64,True,True
random_dag_2,r207_scalar,42,s10|s9,n61,True,True
random_dag_2,r207_scalar,42,s10|s9,n62,True,True
random_dag_2,r207_scalar,42,s10|s9,n63,True,True
random_dag_2,r207_scalar,42,s10|s9,n64,True,True
random_dag_2,r207_scalar,43,s11|s2,n61,True,True
random_dag_2,r207_scalar,43,s11|s2,n62,True,True
random_dag_2,r207_scalar,43,s11|s2,n63,True,True
random_dag_2,r207_scalar,43,s11|s2,n64,True,True
random_dag_2,r207_scalar,44,s11|s3,n61,True,True
random_dag_2,r207_scalar,44,s11|s3,n62,True,True
random_dag_2,r207_scalar,44,s11|s3,n63,True,True
random_dag_2,r207_scalar,44,s11|s3,n64,True,True
random_dag_2,r207_scalar,45,s11|s4,n61,True,True
random_dag_2,r207_scalar,45,s11|s4,n62,True,True
random_dag_2,r207_scalar,45,s11|s4,n63,True,True
random_dag_2,r207_scalar,45,s11|s4,n64,False,False
random_dag_2,r207_scalar,46,s11|s5,n61,True,True
random_dag_2,r207_scalar,46,s11|s5,n62,True,True
random_dag_2,r207_scalar,46,s11|s5,n63,True,True
random_dag_2,r207_scalar,46,s11|s5,n64,True,True
random_dag_2,r207_scalar,47,s11|s6,n61,True,True
random_dag_2,r207_scalar,47,s11|s6,n62,True,True
random_dag_2,r207_scalar,47,s11|s6,n63,True,True
random_dag_2,r207_scalar,47,s11|s6,n64,True,True
random_dag_2,r207_scalar,48,s11|s7,n61,True,True
random_dag_2,r207_scalar,48,s11|s7,n62,True,True
random_dag_2,r207_scalar,48,s11|s7,n63,True,True
random_dag_2,r207_scalar,48,s11|s7,n64,True,True
random_dag_2,r207_scalar,49,s11|s8,n61,True,True
random_dag_2,r207_scalar,49,s11|s8,n62,False,False
random_dag_2,r207_scalar,49,s11|s8,n63,False,False
random_dag_2,r207_scalar,49,s11|s8,n64,True,True
random_dag_2,r207_scalar,50,s11|s9,n61,True,True
random_dag_2,r207_scalar,50,s11|s9,n62,True,True
random_dag_2,r207_scalar,50,s11|s9,n63,True,True
random_dag_2,r207_scalar,50,s11|s9,n64,False,False
random_dag_2,r207_scalar,51,s2|s3,n61,True,True
random_dag_2,r207_scalar,51,s2|s3,n62,True,True
random_dag_2,r207_scalar,51,s2|s3,n63,True,True
random_dag_2,r207_scalar,51,s2|s3,n64,True,True
random_dag_2,r207_scalar,52,s2|s4,n61,True,True
random_dag_2,r207_scalar,52,s2|s4,n62,True,True
random_dag_2,r207_scalar,52,s2|s4,n63,True,True
random_dag_2,r207_scalar,52,s2|s4,n64,True,True
random_dag_2,r207_scalar,53,s2|s5,n61,True,True
random_dag_2,r207_scalar,53,s2|s5,n62,True,True
random_dag_2,r207_scalar,53,s2|s5,n63,True,True
random_dag_2,r207_scalar,53,s2|s5,n64,True,True
random_dag_2,r207_scalar,54,s2|s6,n61,True,True
random_dag_2,r207_scalar,54,s2|s6,n62,True,True
random_dag_2,r207_scalar,54,s2|s6,n63,False,False
random_dag_2,r207_scalar,54,s2|s6,n64,True,True
random_dag_2,r207_scalar,55,s2|s7,n61,True,True
random_dag_2,r207_scalar,55,s2|s7,n62,True,True
random_dag_2,r207_scalar,55,s2|s7,n63,True,True
random_dag_2,r207_scalar,55,s2|s7,n64,True,True
random_dag_2,r207_scalar,56,s2|s8,n61,True,True
random_dag_2,r207_scalar,56,s2|s8,n62,False,False
random_dag_2,r207_scalar,56,s2|s8,n63,False,False
random_dag_2,r207_scalar,56,s2|s8,n64,True,True
random_dag_2,r207_scalar,57,s2|s9,n61,True,True
random_dag_2,r207_scalar,57,s2|s9,n62,True,True
random_dag_2,r207_scalar,57,s2|s9,n63,True,True
random_dag_2,r207_scalar,57,s2|s9,n64,True,True
random_dag_2,r207_scalar,58,s3|s4,n61,True,True
random_dag_2,r207_scalar,58,s3|s4,n62,True,True
random_dag_2,r207_scalar,58,s3|s4,n63,True,True
random_dag_2,r207_scalar,58,s3|s4,n64,False,False
random_dag_2,r207_scalar,59,s3|s5,n61,True,True
random_dag_2,r207_scalar,59,s3|s5,n62,True,True
random_dag_2,r207_scalar,59,s3|s5,n63,True,True
random_dag_2,r207_scalar,59,s3|s5,n64,True,True
random_dag_2,r207_scalar,60,s3|s6,n61,True,True
random_dag_2,r207_scalar,60,s3|s6,n62,True,True
random_dag_2,r207_scalar,60,s3|s6,n63,False,False
random_dag_2,r207_scalar,60,s3|s6,n64,True,True
random_dag_2,r207_scalar,61,s3|s7,n61,True,True
random_dag_2,r207_scalar,61,s3|s7,n62,True,True
random_dag_2,r207_scalar,61,s3|s7,n63,True,True
random_dag_2,r207_scalar,61,s3|s7,n64,True,True
random_dag_2,r207_scalar,62,s3|s8,n61,True,True
random_dag_2,r207_scalar,62,s3|s8,n62,False,False
random_dag_2,r207_scalar,62,s3|s8,n63,False,False
random_dag_2,r207_scalar,62,s3|s8,n64,True,True
random_dag_2,r207_scalar,63,s3|s9,n61,True,True
random_dag_2,r207_scalar,63,s3|s9,n62,True,True
random_dag_2,r207_scalar,63,s3|s9,n63,True,True
random_dag_2,r207_scalar,63,s3|s9,n64,False,False
random_dag_2,r207_scalar,64,s4|s5,n61,True,True
random_dag_2,r207_scalar,64,s4|s5,n62,True,True
random_dag_2,r207_scalar,64,s4|s5,n63,True,True
random_dag_2,r207_scalar,64,s4|s5,n64,True,True
random_dag_2,r207_scalar,65,s4|s6,n61,True,True
random_dag_2,r207_scalar,65,s4|s6,n62,True,True
random_dag_2,r207_scalar,65,s4|s6,n63,True,True
random_dag_2,r207_scalar,65,s4|s6,n64,True,True
random_dag_2,r207_scalar,66,s4|s7,n61,True,True
random_dag_2,r207_scalar,66,s4|s7,n62,True,True
random_dag_2,r207_scalar,66,s4|s7,n63,True,True
random_dag_2,r207_scalar,66,s4|s7,n64,True,True
random_dag_2,r207_scalar,67,s4|s8,n61,True,True
random_dag_2,r207_scalar,67,s4|s8,n62,False,False
random_dag_2,r207_scalar,67,s4|s8,n63,False,False
random_dag_2,r207_scalar,67,s4|s8,n64,True,True
random_dag_2,r207_scalar,68,s4|s9,n61,True,True
random_dag_2,r207_scalar,68,s4|s9,n62,False,False
random_dag_2,r207_scalar,68,s4|s9,n63,False,False
random_dag_2,r207_scalar,68,s4|s9,n64,True,True
random_dag_2,r207_scalar,69,s5|s6,n61,True,True
random_dag_2,r207_scalar,69,s5|s6,n62,True,True
random_dag_2,r207_scalar,69,s5|s6,n63,True,True
random_dag_2,r207_scalar,69,s5|s6,n64,True,True
random_dag_2,r207_scalar,70,s5|s7,n61,True,True
random_dag_2,r207_scalar,70,s5|s7,n62,True,True
random_dag_2,r207_scalar,70,s5|s7,n63,True,True
random_dag_2,r207_scalar,70,s5|s7,n64,True,True
random_dag_2,r207_scalar,71,s5|s8,n61,True,True
random_dag_2,r207_scalar,71,s5|s8,n62,False,False
random_dag_2,r207_scalar,71,s5|s8,n63,False,False
random_dag_2,r207_scalar,71,s5|s8,n64,True,True
random_dag_2,r207_scalar,72,s5|s9,n61,True,True
random_dag_2,r207_scalar,72,s5|s9,n62,True,True
random_dag_2,r207_scalar,72,s5|s9,n63,True,True
random_dag_2,r207_scalar,72,s5|s9,n64,True,True
random_dag_2,r207_scalar,73,s6|s7,n61,True,True
random_dag_2,r207_scalar,73,s6|s7,n62,True,True
random_dag_2,r207_scalar,73,s6|s7,n63,True,True
random_dag_2,r207_scalar,73,s6|s7,n64,True,True
random_dag_2,r207_scalar,74,s6|s8,n61,True,True
random_dag_2,r207_scalar,74,s6|s8,n62,False,False
random_dag_2,r207_scalar,74,s6|s8,n63,False,False
random_dag_2,r207_scalar,74,s6|s8,n64,True,True
random_dag_2,r207_scalar,75,s6|s9,n61,True,True
random_dag_2,r207_scalar,75,s6|s9,n62,False,False
random_dag_2,r207_scalar,75,s6|s9,n63,False,False
random_dag_2,r207_scalar,75,s6|s9,n64,False,False
random_dag_2,r207_scalar,76,s7|s8,n61,True,True
random_dag_2,r207_scalar,76,s7|s8,n62,False,False
random_dag_2,r207_scalar,76,s7|s8,n63,False,False
random_dag_2,r207_scalar,76,s7|s8,n64,True,True
random_dag_2,r207_scalar,77,s7|s9,n61,True,True
random_dag_2,r207_scalar,77,s7|s9,n62,False,False
random_dag_2,r207_scalar,77,s7|s9,n63,False,False
random_dag_2,r207_scalar,77,s7|s9,n64,True,True
random_dag_2,r207_scalar,78,s8|s9,n61,True,True
random_dag_2,r207_scalar,78,s8|s9,n62,False,False
random_dag_2,r207_scalar,78,s8|s9,n63,False,False
random_dag_2,r207_scalar,78,s8|s9,n64,True,True
random_dag_2,r207_scalar,79,s0|s1|s10|s11|s2|s3|s4|s5|s6|s7|s8|s9,n61,False,False
random_dag_2,r207_scalar,79,s0|s1|s10|s11|s2|s3|s4|s5|s6|s7|s8|s9,n62,False,False
random_dag_2,r207_scalar,79,s0|s1|s10|s11|s2|s3|s4|s5|s6|s7|s8|s9,n63,False,False
random_dag_2,r207_scalar,79,s0|s1|s10|s11|s2|s3|s4|s5|s6|s7|s8|s9,n64,False,False
random_dag_2,r207_bitset,0,,n61,True,True
random_dag_2,r207_bitset,0,,n62,True,True
random_dag_2,r207_bitset,0,,n63,True,True
random_dag_2,r207_bitset,0,,n64,True,True
random_dag_2,r207_bitset,1,s0,n61,True,True
random_dag_2,r207_bitset,1,s0,n62,True,True
random_dag_2,r207_bitset,1,s0,n63,True,True
random_dag_2,r207_bitset,1,s0,n64,True,True
random_dag_2,r207_bitset,2,s1,n61,True,True
random_dag_2,r207_bitset,2,s1,n62,True,True
random_dag_2,r207_bitset,2,s1,n63,True,True
random_dag_2,r207_bitset,2,s1,n64,True,True
random_dag_2,r207_bitset,3,s10,n61,True,True
random_dag_2,r207_bitset,3,s10,n62,True,True
random_dag_2,r207_bitset,3,s10,n63,True,True
random_dag_2,r207_bitset,3,s10,n64,True,True
random_dag_2,r207_bitset,4,s11,n61,True,True
random_dag_2,r207_bitset,4,s11,n62,True,True
random_dag_2,r207_bitset,4,s11,n63,True,True
random_dag_2,r207_bitset,4,s11,n64,True,True
random_dag_2,r207_bitset,5,s2,n61,True,True
random_dag_2,r207_bitset,5,s2,n62,True,True
random_dag_2,r207_bitset,5,s2,n63,True,True
random_dag_2,r207_bitset,5,s2,n64,True,True
random_dag_2,r207_bitset,6,s3,n61,True,True
random_dag_2,r207_bitset,6,s3,n62,True,True
random_dag_2,r207_bitset,6,s3,n63,True,True
random_dag_2,r207_bitset,6,s3,n64,True,True
random_dag_2,r207_bitset,7,s4,n61,True,True
random_dag_2,r207_bitset,7,s4,n62,True,True
random_dag_2,r207_bitset,7,s4,n63,True,True
random_dag_2,r207_bitset,7,s4,n64,True,True
random_dag_2,r207_bitset,8,s5,n61,True,True
random_dag_2,r207_bitset,8,s5,n62,True,True
random_dag_2,r207_bitset,8,s5,n63,True,True
random_dag_2,r207_bitset,8,s5,n64,True,True
random_dag_2,r207_bitset,9,s6,n61,True,True
random_dag_2,r207_bitset,9,s6,n62,True,True
random_dag_2,r207_bitset,9,s6,n63,True,True
random_dag_2,r207_bitset,9,s6,n64,True,True
random_dag_2,r207_bitset,10,s7,n61,True,True
random_dag_2,r207_bitset,10,s7,n62,True,True
random_dag_2,r207_bitset,10,s7,n63,True,True
random_dag_2,r207_bitset,10,s7,n64,True,True
random_dag_2,r207_bitset,11,s8,n61,True,True
random_dag_2,r207_bitset,11,s8,n62,False,False
random_dag_2,r207_bitset,11,s8,n63,False,False
random_dag_2,r207_bitset,11,s8,n64,True,True
random_dag_2,r207_bitset,12,s9,n61,True,True
random_dag_2,r207_bitset,12,s9,n62,True,True
random_dag_2,r207_bitset,12,s9,n63,True,True
random_dag_2,r207_bitset,12,s9,n64,True,True
random_dag_2,r207_bitset,13,s0|s1,n61,True,True
random_dag_2,r207_bitset,13,s0|s1,n62,True,True
random_dag_2,r207_bitset,13,s0|s1,n63,True,True
random_dag_2,r207_bitset,13,s0|s1,n64,True,True
random_dag_2,r207_bitset,14,s0|s10,n61,True,True
random_dag_2,r207_bitset,14,s0|s10,n62,True,True
random_dag_2,r207_bitset,14,s0|s10,n63,True,True
random_dag_2,r207_bitset,14,s0|s10,n64,True,True
random_dag_2,r207_bitset,15,s0|s11,n61,True,True
random_dag_2,r207_bitset,15,s0|s11,n62,True,True
random_dag_2,r207_bitset,15,s0|s11,n63,True,True
random_dag_2,r207_bitset,15,s0|s11,n64,False,False
random_dag_2,r207_bitset,16,s0|s2,n61,True,True
random_dag_2,r207_bitset,16,s0|s2,n62,True,True
random_dag_2,r207_bitset,16,s0|s2,n63,True,True
random_dag_2,r207_bitset,16,s0|s2,n64,True,True
random_dag_2,r207_bitset,17,s0|s3,n61,True,True
random_dag_2,r207_bitset,17,s0|s3,n62,True,True
random_dag_2,r207_bitset,17,s0|s3,n63,True,True
random_dag_2,r207_bitset,17,s0|s3,n64,False,False
random_dag_2,r207_bitset,18,s0|s4,n61,True,True
random_dag_2,r207_bitset,18,s0|s4,n62,True,True
random_dag_2,r207_bitset,18,s0|s4,n63,True,True
random_dag_2,r207_bitset,18,s0|s4,n64,True,True
random_dag_2,r207_bitset,19,s0|s5,n61,True,True
random_dag_2,r207_bitset,19,s0|s5,n62,True,True
random_dag_2,r207_bitset,19,s0|s5,n63,True,True
random_dag_2,r207_bitset,19,s0|s5,n64,True,True
random_dag_2,r207_bitset,20,s0|s6,n61,True,True
random_dag_2,r207_bitset,20,s0|s6,n62,True,True
random_dag_2,r207_bitset,20,s0|s6,n63,True,True
random_dag_2,r207_bitset,20,s0|s6,n64,True,True
random_dag_2,r207_bitset,21,s0|s7,n61,True,True
random_dag_2,r207_bitset,21,s0|s7,n62,True,True
random_dag_2,r207_bitset,21,s0|s7,n63,True,True
random_dag_2,r207_bitset,21,s0|s7,n64,True,True
random_dag_2,r207_bitset,22,s0|s8,n61,True,True
random_dag_2,r207_bitset,22,s0|s8,n62,False,False
random_dag_2,r207_bitset,22,s0|s8,n63,False,False
random_dag_2,r207_bitset,22,s0|s8,n64,True,True
random_dag_2,r207_bitset,23,s0|s9,n61,True,True
random_dag_2,r207_bitset,23,s0|s9,n62,True,True
random_dag_2,r207_bitset,23,s0|s9,n63,True,True
random_dag_2,r207_bitset,23,s0|s9,n64,True,True
random_dag_2,r207_bitset,24,s1|s10,n61,True,True
random_dag_2,r207_bitset,24,s1|s10,n62,True,True
random_dag_2,r207_bitset,24,s1|s10,n63,True,True
random_dag_2,r207_bitset,24,s1|s10,n64,True,True
random_dag_2,r207_bitset,25,s1|s11,n61,True,True
random_dag_2,r207_bitset,25,s1|s11,n62,True,True
random_dag_2,r207_bitset,25,s1|s11,n63,True,True
random_dag_2,r207_bitset,25,s1|s11,n64,True,True
random_dag_2,r207_bitset,26,s1|s2,n61,True,True
random_dag_2,r207_bitset,26,s1|s2,n62,True,True
random_dag_2,r207_bitset,26,s1|s2,n63,True,True
random_dag_2,r207_bitset,26,s1|s2,n64,True,True
random_dag_2,r207_bitset,27,s1|s3,n61,True,True
random_dag_2,r207_bitset,27,s1|s3,n62,True,True
random_dag_2,r207_bitset,27,s1|s3,n63,True,True
random_dag_2,r207_bitset,27,s1|s3,n64,True,True
random_dag_2,r207_bitset,28,s1|s4,n61,True,True
random_dag_2,r207_bitset,28,s1|s4,n62,True,True
random_dag_2,r207_bitset,28,s1|s4,n63,True,True
random_dag_2,r207_bitset,28,s1|s4,n64,True,True
random_dag_2,r207_bitset,29,s1|s5,n61,True,True
random_dag_2,r207_bitset,29,s1|s5,n62,True,True
random_dag_2,r207_bitset,29,s1|s5,n63,True,True
random_dag_2,r207_bitset,29,s1|s5,n64,True,True
random_dag_2,r207_bitset,30,s1|s6,n61,True,True
random_dag_2,r207_bitset,30,s1|s6,n62,True,True
random_dag_2,r207_bitset,30,s1|s6,n63,True,True
random_dag_2,r207_bitset,30,s1|s6,n64,True,True
random_dag_2,r207_bitset,31,s1|s7,n61,True,True
random_dag_2,r207_bitset,31,s1|s7,n62,True,True
random_dag_2,r207_bitset,31,s1|s7,n63,True,True
random_dag_2,r207_bitset,31,s1|s7,n64,True,True
random_dag_2,r207_bitset,32,s1|s8,n61,True,True
random_dag_2,r207_bitset,32,s1|s8,n62,False,False
random_dag_2,r207_bitset,32,s1|s8,n63,False,False
random_dag_2,r207_bitset,32,s1|s8,n64,True,True
random_dag_2,r207_bitset,33,s1|s9,n61,True,True
random_dag_2,r207_bitset,33,s1|s9,n62,False,False
random_dag_2,r207_bitset,33,s1|s9,n63,False,False
random_dag_2,r207_bitset,33,s1|s9,n64,True,True
random_dag_2,r207_bitset,34,s10|s11,n61,True,True
random_dag_2,r207_bitset,34,s10|s11,n62,True,True
random_dag_2,r207_bitset,34,s10|s11,n63,True,True
random_dag_2,r207_bitset,34,s10|s11,n64,False,False
random_dag_2,r207_bitset,35,s10|s2,n61,True,True
random_dag_2,r207_bitset,35,s10|s2,n62,True,True
random_dag_2,r207_bitset,35,s10|s2,n63,True,True
random_dag_2,r207_bitset,35,s10|s2,n64,True,True
random_dag_2,r207_bitset,36,s10|s3,n61,True,True
random_dag_2,r207_bitset,36,s10|s3,n62,True,True
random_dag_2,r207_bitset,36,s10|s3,n63,True,True
random_dag_2,r207_bitset,36,s10|s3,n64,False,False
random_dag_2,r207_bitset,37,s10|s4,n61,True,True
random_dag_2,r207_bitset,37,s10|s4,n62,True,True
random_dag_2,r207_bitset,37,s10|s4,n63,True,True
random_dag_2,r207_bitset,37,s10|s4,n64,True,True
random_dag_2,r207_bitset,38,s10|s5,n61,True,True
random_dag_2,r207_bitset,38,s10|s5,n62,True,True
random_dag_2,r207_bitset,38,s10|s5,n63,True,True
random_dag_2,r207_bitset,38,s10|s5,n64,True,True
random_dag_2,r207_bitset,39,s10|s6,n61,True,True
random_dag_2,r207_bitset,39,s10|s6,n62,True,True
random_dag_2,r207_bitset,39,s10|s6,n63,True,True
random_dag_2,r207_bitset,39,s10|s6,n64,True,True
random_dag_2,r207_bitset,40,s10|s7,n61,True,True
random_dag_2,r207_bitset,40,s10|s7,n62,True,True
random_dag_2,r207_bitset,40,s10|s7,n63,True,True
random_dag_2,r207_bitset,40,s10|s7,n64,True,True
random_dag_2,r207_bitset,41,s10|s8,n61,True,True
random_dag_2,r207_bitset,41,s10|s8,n62,False,False
random_dag_2,r207_bitset,41,s10|s8,n63,False,False
random_dag_2,r207_bitset,41,s10|s8,n64,True,True
random_dag_2,r207_bitset,42,s10|s9,n61,True,True
random_dag_2,r207_bitset,42,s10|s9,n62,True,True
random_dag_2,r207_bitset,42,s10|s9,n63,True,True
random_dag_2,r207_bitset,42,s10|s9,n64,True,True
random_dag_2,r207_bitset,43,s11|s2,n61,True,True
random_dag_2,r207_bitset,43,s11|s2,n62,True,True
random_dag_2,r207_bitset,43,s11|s2,n63,True,True
random_dag_2,r207_bitset,43,s11|s2,n64,True,True
random_dag_2,r207_bitset,44,s11|s3,n61,True,True
random_dag_2,r207_bitset,44,s11|s3,n62,True,True
random_dag_2,r207_bitset,44,s11|s3,n63,True,True
random_dag_2,r207_bitset,44,s11|s3,n64,True,True
random_dag_2,r207_bitset,45,s11|s4,n61,True,True
random_dag_2,r207_bitset,45,s11|s4,n62,True,True
random_dag_2,r207_bitset,45,s11|s4,n63,True,True
random_dag_2,r207_bitset,45,s11|s4,n64,False,False
random_dag_2,r207_bitset,46,s11|s5,n61,True,True
random_dag_2,r207_bitset,46,s11|s5,n62,True,True
random_dag_2,r207_bitset,46,s11|s5,n63,True,True
random_dag_2,r207_bitset,46,s11|s5,n64,True,True
random_dag_2,r207_bitset,47,s11|s6,n61,True,True
random_dag_2,r207_bitset,47,s11|s6,n62,True,True
random_dag_2,r207_bitset,47,s11|s6,n63,True,True
random_dag_2,r207_bitset,47,s11|s6,n64,True,True
random_dag_2,r207_bitset,48,s11|s7,n61,True,True
random_dag_2,r207_bitset,48,s11|s7,n62,True,True
random_dag_2,r207_bitset,48,s11|s7,n63,True,True
random_dag_2,r207_bitset,48,s11|s7,n64,True,True
random_dag_2,r207_bitset,49,s11|s8,n61,True,True
random_dag_2,r207_bitset,49,s11|s8,n62,False,False
random_dag_2,r207_bitset,49,s11|s8,n63,False,False
random_dag_2,r207_bitset,49,s11|s8,n64,True,True
random_dag_2,r207_bitset,50,s11|s9,n61,True,True
random_dag_2,r207_bitset,50,s11|s9,n62,True,True
random_dag_2,r207_bitset,50,s11|s9,n63,True,True
random_dag_2,r207_bitset,50,s11|s9,n64,False,False
random_dag_2,r207_bitset,51,s2|s3,n61,True,True
random_dag_2,r207_bitset,51,s2|s3,n62,True,True
random_dag_2,r207_bitset,51,s2|s3,n63,True,True
random_dag_2,r207_bitset,51,s2|s3,n64,True,True
random_dag_2,r207_bitset,52,s2|s4,n61,True,True
random_dag_2,r207_bitset,52,s2|s4,n62,True,True
random_dag_2,r207_bitset,52,s2|s4,n63,True,True
random_dag_2,r207_bitset,52,s2|s4,n64,True,True
random_dag_2,r207_bitset,53,s2|s5,n61,True,True
random_dag_2,r207_bitset,53,s2|s5,n62,True,True
random_dag_2,r207_bitset,53,s2|s5,n63,True,True
random_dag_2,r207_bitset,53,s2|s5,n64,True,True
random_dag_2,r207_bitset,54,s2|s6,n61,True,True
random_dag_2,r207_bitset,54,s2|s6,n62,True,True
random_dag_2,r207_bitset,54,s2|s6,n63,False,False
random_dag_2,r207_bitset,54,s2|s6,n64,True,True
random_dag_2,r207_bitset,55,s2|s7,n61,True,True
random_dag_2,r207_bitset,55,s2|s7,n62,True,True
random_dag_2,r207_bitset,55,s2|s7,n63,True,True
random_dag_2,r207_bitset,55,s2|s7,n64,True,True
random_dag_2,r207_bitset,56,s2|s8,n61,True,True
random_dag_2,r207_bitset,56,s2|s8,n62,False,False
random_dag_2,r207_bitset,56,s2|s8,n63,False,False
random_dag_2,r207_bitset,56,s2|s8,n64,True,True
random_dag_2,r207_bitset,57,s2|s9,n61,True,True
random_dag_2,r207_bitset,57,s2|s9,n62,True,True
random_dag_2,r207_bitset,57,s2|s9,n63,True,True
random_dag_2,r207_bitset,57,s2|s9,n64,True,True
random_dag_2,r207_bitset,58,s3|s4,n61,True,True
random_dag_2,r207_bitset,58,s3|s4,n62,True,True
random_dag_2,r207_bitset,58,s3|s4,n63,True,True
random_dag_2,r207_bitset,58,s3|s4,n64,False,False
random_dag_2,r207_bitset,59,s3|s5,n61,True,True
random_dag_2,r207_bitset,59,s3|s5,n62,True,True
random_dag_2,r207_bitset,59,s3|s5,n63,True,True
random_dag_2,r207_bitset,59,s3|s5,n64,True,True
random_dag_2,r207_bitset,60,s3|s6,n61,True,True
random_dag_2,r207_bitset,60,s3|s6,n62,True,True
random_dag_2,r207_bitset,60,s3|s6,n63,False,False
random_dag_2,r207_bitset,60,s3|s6,n64,True,True
random_dag_2,r207_bitset,61,s3|s7,n61,True,True
random_dag_2,r207_bitset,61,s3|s7,n62,True,True
random_dag_2,r207_bitset,61,s3|s7,n63,True,True
random_dag_2,r207_bitset,61,s3|s7,n64,True,True
random_dag_2,r207_bitset,62,s3|s8,n61,True,True
random_dag_2,r207_bitset,62,s3|s8,n62,False,False
random_dag_2,r207_bitset,62,s3|s8,n63,False,False
random_dag_2,r207_bitset,62,s3|s8,n64,True,True
random_dag_2,r207_bitset,63,s3|s9,n61,True,True
random_dag_2,r207_bitset,63,s3|s9,n62,True,True
random_dag_2,r207_bitset,63,s3|s9,n63,True,True
random_dag_2,r207_bitset,63,s3|s9,n64,False,False
random_dag_2,r207_bitset,64,s4|s5,n61,True,True
random_dag_2,r207_bitset,64,s4|s5,n62,True,True
random_dag_2,r207_bitset,64,s4|s5,n63,True,True
random_dag_2,r207_bitset,64,s4|s5,n64,True,True
random_dag_2,r207_bitset,65,s4|s6,n61,True,True
random_dag_2,r207_bitset,65,s4|s6,n62,True,True
random_dag_2,r207_bitset,65,s4|s6,n63,True,True
random_dag_2,r207_bitset,65,s4|s6,n64,True,True
random_dag_2,r207_bitset,66,s4|s7,n61,True,True
random_dag_2,r207_bitset,66,s4|s7,n62,True,True
random_dag_2,r207_bitset,66,s4|s7,n63,True,True
random_dag_2,r207_bitset,66,s4|s7,n64,True,True
random_dag_2,r207_bitset,67,s4|s8,n61,True,True
random_dag_2,r207_bitset,67,s4|s8,n62,False,False
random_dag_2,r207_bitset,67,s4|s8,n63,False,False
random_dag_2,r207_bitset,67,s4|s8,n64,True,True
random_dag_2,r207_bitset,68,s4|s9,n61,True,True
random_dag_2,r207_bitset,68,s4|s9,n62,False,False
random_dag_2,r207_bitset,68,s4|s9,n63,False,False
random_dag_2,r207_bitset,68,s4|s9,n64,True,True
random_dag_2,r207_bitset,69,s5|s6,n61,True,True
random_dag_2,r207_bitset,69,s5|s6,n62,True,True
random_dag_2,r207_bitset,69,s5|s6,n63,True,True
random_dag_2,r207_bitset,69,s5|s6,n64,True,True
random_dag_2,r207_bitset,70,s5|s7,n61,True,True
random_dag_2,r207_bitset,70,s5|s7,n62,True,True
random_dag_2,r207_bitset,70,s5|s7,n63,True,True
random_dag_2,r207_bitset,70,s5|s7,n64,True,True
random_dag_2,r207_bitset,71,s5|s8,n61,True,True
random_dag_2,r207_bitset,71,s5|s8,n62,False,False
random_dag_2,r207_bitset,71,s5|s8,n63,False,False
random_dag_2,r207_bitset,71,s5|s8,n64,True,True
random_dag_2,r207_bitset,72,s5|s9,n61,True,True
random_dag_2,r207_bitset,72,s5|s9,n62,True,True
random_dag_2,r207_bitset,72,s5|s9,n63,True,True
random_dag_2,r207_bitset,72,s5|s9,n64,True,True
random_dag_2,r207_bitset,73,s6|s7,n61,True,True
random_dag_2,r207_bitset,73,s6|s7,n62,True,True
random_dag_2,r207_bitset,73,s6|s7,n63,True,True
random_dag_2,r207_bitset,73,s6|s7,n64,True,True
random_dag_2,r207_bitset,74,s6|s8,n61,True,True
random_dag_2,r207_bitset,74,s6|s8,n62,False,False
random_dag_2,r207_bitset,74,s6|s8,n63,False,False
random_dag_2,r207_bitset,74,s6|s8,n64,True,True
random_dag_2,r207_bitset,75,s6|s9,n61,True,True
random_dag_2,r207_bitset,75,s6|s9,n62,False,False
random_dag_2,r207_bitset,75,s6|s9,n63,False,False
random_dag_2,r207_bitset,75,s6|s9,n64,False,False
random_dag_2,r207_bitset,76,s7|s8,n61,True,True
random_dag_2,r207_bitset,76,s7|s8,n62,False,False
random_dag_2,r207_bitset,76,s7|s8,n63,False,False
random_dag_2,r207_bitset,76,s7|s8,n64,True,True
random_dag_2,r207_bitset,77,s7|s9,n61,True,True
random_dag_2,r207_bitset,77,s7|s9,n62,False,False
random_dag_2,r207_bitset,77,s7|s9,n63,False,False
random_dag_2,r207_bitset,77,s7|s9,n64,True,True
random_dag_2,r207_bitset,78,s8|s9,n61,True,True
random_dag_2,r207_bitset,78,s8|s9,n62,False,False
random_dag_2,r207_bitset,78,s8|s9,n63,False,False
random_dag_2,r207_bitset,78,s8|s9,n64,True,True
random_dag_2,r207_bitset,79,s0|s1|s10|s11|s2|s3|s4|s5|s6|s7|s8|s9,n61,False,False
random_dag_2,r207_bitset,79,s0|s1|s10|s11|s2|s3|s4|s5|s6|s7|s8|s9,n62,False,False
random_dag_2,r207_bitset,79,s0|s1|s10|s11|s2|s3|s4|s5|s6|s7|s8|s9,n63,False,False
random_dag_2,r207_bitset,79,s0|s1|s10|s11|s2|s3|s4|s5|s6|s7|s8|s9,n64,False,False
random_dag_3,and_or_forward,0,,n61,True,True
random_dag_3,and_or_forward,0,,n62,True,True
random_dag_3,and_or_forward,0,,n63,True,True
random_dag_3,and_or_forward,0,,n64,True,True
random_dag_3,and_or_forward,1,s0,n61,True,True
random_dag_3,and_or_forward,1,s0,n62,True,True
random_dag_3,and_or_forward,1,s0,n63,True,True
random_dag_3,and_or_forward,1,s0,n64,True,True
random_dag_3,and_or_forward,2,s1,n61,True,True
random_dag_3,and_or_forward,2,s1,n62,True,True
random_dag_3,and_or_forward,2,s1,n63,True,True
random_dag_3,and_or_forward,2,s1,n64,True,True
random_dag_3,and_or_forward,3,s10,n61,False,False
random_dag_3,and_or_forward,3,s10,n62,True,True
random_dag_3,and_or_forward,3,s10,n63,True,True
random_dag_3,and_or_forward,3,s10,n64,True,True
random_dag_3,and_or_forward,4,s11,n61,True,True
random_dag_3,and_or_forward,4,s11,n62,True,True
random_dag_3,and_or_forward,4,s11,n63,True,True
random_dag_3,and_or_forward,4,s11,n64,True,True
random_dag_3,and_or_forward,5,s2,n61,True,True
random_dag_3,and_or_forward,5,s2,n62,True,True
random_dag_3,and_or_forward,5,s2,n63,True,True
random_dag_3,and_or_forward,5,s2,n64,True,True
random_dag_3,and_or_forward,6,s3,n61,True,True
random_dag_3,and_or_forward,6,s3,n62,True,True
random_dag_3,and_or_forward,6,s3,n63,True,True
random_dag_3,and_or_forward,6,s3,n64,True,True
random_dag_3,and_or_forward,7,s4,n61,True,True
random_dag_3,and_or_forward,7,s4,n62,True,True
random_dag_3,and_or_forward,7,s4,n63,True,True
random_dag_3,and_or_forward,7,s4,n64,True,True
random_dag_3,and_or_forward,8,s5,n61,False,False
random_dag_3,and_or_forward,8,s5,n62,True,True
random_dag_3,and_or_forward,8,s5,n63,True,True
random_dag_3,and_or_forward,8,s5,n64,True,True
random_dag_3,and_or_forward,9,s6,n61,False,False
random_dag_3,and_or_forward,9,s6,n62,True,True
random_dag_3,and_or_forward,9,s6,n63,True,True
random_dag_3,and_or_forward,9,s6,n64,True,True
random_dag_3,and_or_forward,10,s7,n61,True,True
random_dag_3,and_or_forward,10,s7,n62,True,True
random_dag_3,and_or_forward,10,s7,n63,False,False
random_dag_3,and_or_forward,10,s7,n64,True,True
random_dag_3,and_or_forward,11,s8,n61,True,True
random_dag_3,and_or_forward,11,s8,n62,True,True
random_dag_3,and_or_forward,11,s8,n63,True,True
random_dag_3,and_or_forward,11,s8,n64,True,True
random_dag_3,and_or_forward,12,s9,n61,True,True
random_dag_3,and_or_forward,12,s9,n62,True,True
random_dag_3,and_or_forward,12,s9,n63,True,True
random_dag_3,and_or_forward,12,s9,n64,True,True
random_dag_3,and_or_forward,13,s0|s1,n61,True,True
random_dag_3,and_or_forward,13,s0|s1,n62,False,False
random_dag_3,and_or_forward,13,s0|s1,n63,True,True
random_dag_3,and_or_forward,13,s0|s1,n64,True,True
random_dag_3,and_or_forward,14,s0|s10,n61,False,False
random_dag_3,and_or_forward,14,s0|s10,n62,True,True
random_dag_3,and_or_forward,14,s0|s10,n63,True,True
random_dag_3,and_or_forward,14,s0|s10,n64,True,True
random_dag_3,and_or_forward,15,s0|s11,n61,True,True
random_dag_3,and_or_forward,15,s0|s11,n62,True,True
random_dag_3,and_or_forward,15,s0|s11,n63,True,True
random_dag_3,and_or_forward,15,s0|s11,n64,True,True
random_dag_3,and_or_forward,16,s0|s2,n61,True,True
random_dag_3,and_or_forward,16,s0|s2,n62,True,True
random_dag_3,and_or_forward,16,s0|s2,n63,True,True
random_dag_3,and_or_forward,16,s0|s2,n64,True,True
random_dag_3,and_or_forward,17,s0|s3,n61,True,True
random_dag_3,and_or_forward,17,s0|s3,n62,True,True
random_dag_3,and_or_forward,17,s0|s3,n63,True,True
random_dag_3,and_or_forward,17,s0|s3,n64,True,True
random_dag_3,and_or_forward,18,s0|s4,n61,True,True
random_dag_3,and_or_forward,18,s0|s4,n62,True,True
random_dag_3,and_or_forward,18,s0|s4,n63,True,True
random_dag_3,and_or_forward,18,s0|s4,n64,True,True
random_dag_3,and_or_forward,19,s0|s5,n61,False,False
random_dag_3,and_or_forward,19,s0|s5,n62,True,True
random_dag_3,and_or_forward,19,s0|s5,n63,True,True
random_dag_3,and_or_forward,19,s0|s5,n64,True,True
random_dag_3,and_or_forward,20,s0|s6,n61,False,False
random_dag_3,and_or_forward,20,s0|s6,n62,True,True
random_dag_3,and_or_forward,20,s0|s6,n63,True,True
random_dag_3,and_or_forward,20,s0|s6,n64,True,True
random_dag_3,and_or_forward,21,s0|s7,n61,True,True
random_dag_3,and_or_forward,21,s0|s7,n62,True,True
random_dag_3,and_or_forward,21,s0|s7,n63,False,False
random_dag_3,and_or_forward,21,s0|s7,n64,True,True
random_dag_3,and_or_forward,22,s0|s8,n61,True,True
random_dag_3,and_or_forward,22,s0|s8,n62,True,True
random_dag_3,and_or_forward,22,s0|s8,n63,True,True
random_dag_3,and_or_forward,22,s0|s8,n64,True,True
random_dag_3,and_or_forward,23,s0|s9,n61,True,True
random_dag_3,and_or_forward,23,s0|s9,n62,True,True
random_dag_3,and_or_forward,23,s0|s9,n63,True,True
random_dag_3,and_or_forward,23,s0|s9,n64,True,True
random_dag_3,and_or_forward,24,s1|s10,n61,False,False
random_dag_3,and_or_forward,24,s1|s10,n62,True,True
random_dag_3,and_or_forward,24,s1|s10,n63,True,True
random_dag_3,and_or_forward,24,s1|s10,n64,True,True
random_dag_3,and_or_forward,25,s1|s11,n61,True,True
random_dag_3,and_or_forward,25,s1|s11,n62,True,True
random_dag_3,and_or_forward,25,s1|s11,n63,True,True
random_dag_3,and_or_forward,25,s1|s11,n64,True,True
random_dag_3,and_or_forward,26,s1|s2,n61,True,True
random_dag_3,and_or_forward,26,s1|s2,n62,False,False
random_dag_3,and_or_forward,26,s1|s2,n63,True,True
random_dag_3,and_or_forward,26,s1|s2,n64,True,True
random_dag_3,and_or_forward,27,s1|s3,n61,True,True
random_dag_3,and_or_forward,27,s1|s3,n62,True,True
random_dag_3,and_or_forward,27,s1|s3,n63,True,True
random_dag_3,and_or_forward,27,s1|s3,n64,True,True
random_dag_3,and_or_forward,28,s1|s4,n61,True,True
random_dag_3,and_or_forward,28,s1|s4,n62,True,True
random_dag_3,and_or_forward,28,s1|s4,n63,True,True
random_dag_3,and_or_forward,28,s1|s4,n64,True,True
random_dag_3,and_or_forward,29,s1|s5,n61,False,False
random_dag_3,and_or_forward,29,s1|s5,n62,True,True
random_dag_3,and_or_forward,29,s1|s5,n63,True,True
random_dag_3,and_or_forward,29,s1|s5,n64,True,True
random_dag_3,and_or_forward,30,s1|s6,n61,False,False
random_dag_3,and_or_forward,30,s1|s6,n62,True,True
random_dag_3,and_or_forward,30,s1|s6,n63,True,True
random_dag_3,and_or_forward,30,s1|s6,n64,True,True
random_dag_3,and_or_forward,31,s1|s7,n61,True,True
random_dag_3,and_or_forward,31,s1|s7,n62,True,True
random_dag_3,and_or_forward,31,s1|s7,n63,False,False
random_dag_3,and_or_forward,31,s1|s7,n64,True,True
random_dag_3,and_or_forward,32,s1|s8,n61,True,True
random_dag_3,and_or_forward,32,s1|s8,n62,True,True
random_dag_3,and_or_forward,32,s1|s8,n63,True,True
random_dag_3,and_or_forward,32,s1|s8,n64,True,True
random_dag_3,and_or_forward,33,s1|s9,n61,True,True
random_dag_3,and_or_forward,33,s1|s9,n62,True,True
random_dag_3,and_or_forward,33,s1|s9,n63,True,True
random_dag_3,and_or_forward,33,s1|s9,n64,True,True
random_dag_3,and_or_forward,34,s10|s11,n61,False,False
random_dag_3,and_or_forward,34,s10|s11,n62,True,True
random_dag_3,and_or_forward,34,s10|s11,n63,True,True
random_dag_3,and_or_forward,34,s10|s11,n64,True,True
random_dag_3,and_or_forward,35,s10|s2,n61,False,False
random_dag_3,and_or_forward,35,s10|s2,n62,True,True
random_dag_3,and_or_forward,35,s10|s2,n63,True,True
random_dag_3,and_or_forward,35,s10|s2,n64,True,True
random_dag_3,and_or_forward,36,s10|s3,n61,False,False
random_dag_3,and_or_forward,36,s10|s3,n62,True,True
random_dag_3,and_or_forward,36,s10|s3,n63,True,True
random_dag_3,and_or_forward,36,s10|s3,n64,True,True
random_dag_3,and_or_forward,37,s10|s4,n61,False,False
random_dag_3,and_or_forward,37,s10|s4,n62,True,True
random_dag_3,and_or_forward,37,s10|s4,n63,True,True
random_dag_3,and_or_forward,37,s10|s4,n64,True,True
random_dag_3,and_or_forward,38,s10|s5,n61,False,False
random_dag_3,and_or_forward,38,s10|s5,n62,True,True
random_dag_3,and_or_forward,38,s10|s5,n63,True,True
random_dag_3,and_or_forward,38,s10|s5,n64,True,True
random_dag_3,and_or_forward,39,s10|s6,n61,False,False
random_dag_3,and_or_forward,39,s10|s6,n62,True,True
random_dag_3,and_or_forward,39,s10|s6,n63,True,True
random_dag_3,and_or_forward,39,s10|s6,n64,True,True
random_dag_3,and_or_forward,40,s10|s7,n61,False,False
random_dag_3,and_or_forward,40,s10|s7,n62,True,True
random_dag_3,and_or_forward,40,s10|s7,n63,False,False
random_dag_3,and_or_forward,40,s10|s7,n64,True,True
random_dag_3,and_or_forward,41,s10|s8,n61,False,False
random_dag_3,and_or_forward,41,s10|s8,n62,True,True
random_dag_3,and_or_forward,41,s10|s8,n63,True,True
random_dag_3,and_or_forward,41,s10|s8,n64,True,True
random_dag_3,and_or_forward,42,s10|s9,n61,False,False
random_dag_3,and_or_forward,42,s10|s9,n62,True,True
random_dag_3,and_or_forward,42,s10|s9,n63,True,True
random_dag_3,and_or_forward,42,s10|s9,n64,True,True
random_dag_3,and_or_forward,43,s11|s2,n61,True,True
random_dag_3,and_or_forward,43,s11|s2,n62,True,True
random_dag_3,and_or_forward,43,s11|s2,n63,True,True
random_dag_3,and_or_forward,43,s11|s2,n64,False,False
random_dag_3,and_or_forward,44,s11|s3,n61,True,True
random_dag_3,and_or_forward,44,s11|s3,n62,True,True
random_dag_3,and_or_forward,44,s11|s3,n63,True,True
random_dag_3,and_or_forward,44,s11|s3,n64,True,True
random_dag_3,and_or_forward,45,s11|s4,n61,True,True
random_dag_3,and_or_forward,45,s11|s4,n62,True,True
random_dag_3,and_or_forward,45,s11|s4,n63,True,True
random_dag_3,and_or_forward,45,s11|s4,n64,True,True
random_dag_3,and_or_forward,46,s11|s5,n61,False,False
random_dag_3,and_or_forward,46,s11|s5,n62,True,True
random_dag_3,and_or_forward,46,s11|s5,n63,True,True
random_dag_3,and_or_forward,46,s11|s5,n64,True,True
random_dag_3,and_or_forward,47,s11|s6,n61,False,False
random_dag_3,and_or_forward,47,s11|s6,n62,True,True
random_dag_3,and_or_forward,47,s11|s6,n63,True,True
random_dag_3,and_or_forward,47,s11|s6,n64,True,True
random_dag_3,and_or_forward,48,s11|s7,n61,True,True
random_dag_3,and_or_forward,48,s11|s7,n62,True,True
random_dag_3,and_or_forward,48,s11|s7,n63,False,False
random_dag_3,and_or_forward,48,s11|s7,n64,True,True
random_dag_3,and_or_forward,49,s11|s8,n61,True,True
random_dag_3,and_or_forward,49,s11|s8,n62,True,True
random_dag_3,and_or_forward,49,s11|s8,n63,True,True
random_dag_3,and_or_forward,49,s11|s8,n64,True,True
random_dag_3,and_or_forward,50,s11|s9,n61,True,True
random_dag_3,and_or_forward,50,s11|s9,n62,True,True
random_dag_3,and_or_forward,50,s11|s9,n63,True,True
random_dag_3,and_or_forward,50,s11|s9,n64,True,True
random_dag_3,and_or_forward,51,s2|s3,n61,True,True
random_dag_3,and_or_forward,51,s2|s3,n62,True,True
random_dag_3,and_or_forward,51,s2|s3,n63,True,True
random_dag_3,and_or_forward,51,s2|s3,n64,True,True
random_dag_3,and_or_forward,52,s2|s4,n61,True,True
random_dag_3,and_or_forward,52,s2|s4,n62,True,True
random_dag_3,and_or_forward,52,s2|s4,n63,True,True
random_dag_3,and_or_forward,52,s2|s4,n64,True,True
random_dag_3,and_or_forward,53,s2|s5,n61,False,False
random_dag_3,and_or_forward,53,s2|s5,n62,True,True
random_dag_3,and_or_forward,53,s2|s5,n63,True,True
random_dag_3,and_or_forward,53,s2|s5,n64,True,True
random_dag_3,and_or_forward,54,s2|s6,n61,False,False
random_dag_3,and_or_forward,54,s2|s6,n62,True,True
random_dag_3,and_or_forward,54,s2|s6,n63,True,True
random_dag_3,and_or_forward,54,s2|s6,n64,True,True
random_dag_3,and_or_forward,55,s2|s7,n61,True,True
random_dag_3,and_or_forward,55,s2|s7,n62,True,True
random_dag_3,and_or_forward,55,s2|s7,n63,False,False
random_dag_3,and_or_forward,55,s2|s7,n64,True,True
random_dag_3,and_or_forward,56,s2|s8,n61,True,True
random_dag_3,and_or_forward,56,s2|s8,n62,True,True
random_dag_3,and_or_forward,56,s2|s8,n63,True,True
random_dag_3,and_or_forward,56,s2|s8,n64,True,True
random_dag_3,and_or_forward,57,s2|s9,n61,True,True
random_dag_3,and_or_forward,57,s2|s9,n62,True,True
random_dag_3,and_or_forward,57,s2|s9,n63,True,True
random_dag_3,and_or_forward,57,s2|s9,n64,True,True
random_dag_3,and_or_forward,58,s3|s4,n61,True,True
random_dag_3,and_or_forward,58,s3|s4,n62,True,True
random_dag_3,and_or_forward,58,s3|s4,n63,True,True
random_dag_3,and_or_forward,58,s3|s4,n64,True,True
random_dag_3,and_or_forward,59,s3|s5,n61,False,False
random_dag_3,and_or_forward,59,s3|s5,n62,True,True
random_dag_3,and_or_forward,59,s3|s5,n63,True,True
random_dag_3,and_or_forward,59,s3|s5,n64,True,True
random_dag_3,and_or_forward,60,s3|s6,n61,False,False
random_dag_3,and_or_forward,60,s3|s6,n62,True,True
random_dag_3,and_or_forward,60,s3|s6,n63,True,True
random_dag_3,and_or_forward,60,s3|s6,n64,True,True
random_dag_3,and_or_forward,61,s3|s7,n61,True,True
random_dag_3,and_or_forward,61,s3|s7,n62,True,True
random_dag_3,and_or_forward,61,s3|s7,n63,False,False
random_dag_3,and_or_forward,61,s3|s7,n64,True,True
random_dag_3,and_or_forward,62,s3|s8,n61,True,True
random_dag_3,and_or_forward,62,s3|s8,n62,True,True
random_dag_3,and_or_forward,62,s3|s8,n63,True,True
random_dag_3,and_or_forward,62,s3|s8,n64,True,True
random_dag_3,and_or_forward,63,s3|s9,n61,True,True
random_dag_3,and_or_forward,63,s3|s9,n62,True,True
random_dag_3,and_or_forward,63,s3|s9,n63,True,True
random_dag_3,and_or_forward,63,s3|s9,n64,True,True
random_dag_3,and_or_forward,64,s4|s5,n61,False,False
random_dag_3,and_or_forward,64,s4|s5,n62,True,True
random_dag_3,and_or_forward,64,s4|s5,n63,True,True
random_dag_3,and_or_forward,64,s4|s5,n64,True,True
random_dag_3,and_or_forward,65,s4|s6,n61,False,False
random_dag_3,and_or_forward,65,s4|s6,n62,True,True
random_dag_3,and_or_forward,65,s4|s6,n63,True,True
random_dag_3,and_or_forward,65,s4|s6,n64,True,True
random_dag_3,and_or_forward,66,s4|s7,n61,True,True
random_dag_3,and_or_forward,66,s4|s7,n62,True,True
random_dag_3,and_or_forward,66,s4|s7,n63,False,False
random_dag_3,and_or_forward,66,s4|s7,n64,True,True
random_dag_3,and_or_forward,67,s4|s8,n61,True,True
random_dag_3,and_or_forward,67,s4|s8,n62,True,True
random_dag_3,and_or_forward,67,s4|s8,n63,True,True
random_dag_3,and_or_forward,67,s4|s8,n64,True,True
random_dag_3,and_or_forward,68,s4|s9,n61,True,True
random_dag_3,and_or_forward,68,s4|s9,n62,True,True
random_dag_3,and_or_forward,68,s4|s9,n63,True,True
random_dag_3,and_or_forward,68,s4|s9,n64,True,True
random_dag_3,and_or_forward,69,s5|s6,n61,False,False
random_dag_3,and_or_forward,69,s5|s6,n62,True,True
random_dag_3,and_or_forward,69,s5|s6,n63,True,True
random_dag_3,and_or_forward,69,s5|s6,n64,True,True
random_dag_3,and_or_forward,70,s5|s7,n61,False,False
random_dag_3,and_or_forward,70,s5|s7,n62,True,True
random_dag_3,and_or_forward,70,s5|s7,n63,False,False
random_dag_3,and_or_forward,70,s5|s7,n64,True,True
random_dag_3,and_or_forward,71,s5|s8,n61,False,False
random_dag_3,and_or_forward,71,s5|s8,n62,True,True
random_dag_3,and_or_forward,71,s5|s8,n63,True,True
random_dag_3,and_or_forward,71,s5|s8,n64,True,True
random_dag_3,and_or_forward,72,s5|s9,n61,False,False
random_dag_3,and_or_forward,72,s5|s9,n62,True,True
random_dag_3,and_or_forward,72,s5|s9,n63,True,True
random_dag_3,and_or_forward,72,s5|s9,n64,True,True
random_dag_3,and_or_forward,73,s6|s7,n61,False,False
random_dag_3,and_or_forward,73,s6|s7,n62,True,True
random_dag_3,and_or_forward,73,s6|s7,n63,False,False
random_dag_3,and_or_forward,73,s6|s7,n64,True,True
random_dag_3,and_or_forward,74,s6|s8,n61,False,False
random_dag_3,and_or_forward,74,s6|s8,n62,True,True
random_dag_3,and_or_forward,74,s6|s8,n63,True,True
random_dag_3,and_or_forward,74,s6|s8,n64,True,True
random_dag_3,and_or_forward,75,s6|s9,n61,False,False
random_dag_3,and_or_forward,75,s6|s9,n62,True,True
random_dag_3,and_or_forward,75,s6|s9,n63,True,True
random_dag_3,and_or_forward,75,s6|s9,n64,True,True
random_dag_3,and_or_forward,76,s7|s8,n61,True,True
random_dag_3,and_or_forward,76,s7|s8,n62,True,True
random_dag_3,and_or_forward,76,s7|s8,n63,False,False
random_dag_3,and_or_forward,76,s7|s8,n64,True,True
random_dag_3,and_or_forward,77,s7|s9,n61,True,True
random_dag_3,and_or_forward,77,s7|s9,n62,True,True
random_dag_3,and_or_forward,77,s7|s9,n63,False,False
random_dag_3,and_or_forward,77,s7|s9,n64,True,True
random_dag_3,and_or_forward,78,s8|s9,n61,True,True
random_dag_3,and_or_forward,78,s8|s9,n62,True,True
random_dag_3,and_or_forward,78,s8|s9,n63,True,True
random_dag_3,and_or_forward,78,s8|s9,n64,True,True
random_dag_3,and_or_forward,79,s0|s1|s10|s11|s2|s3|s4|s5|s6|s7|s8|s9,n61,False,False
random_dag_3,and_or_forward,79,s0|s1|s10|s11|s2|s3|s4|s5|s6|s7|s8|s9,n62,False,False
random_dag_3,and_or_forward,79,s0|s1|s10|s11|s2|s3|s4|s5|s6|s7|s8|s9,n63,False,False
random_dag_3,and_or_forward,79,s0|s1|s10|s11|s2|s3|s4|s5|s6|s7|s8|s9,n64,False,False
random_dag_3,r207_scalar,0,,n61,True,True
random_dag_3,r207_scalar,0,,n62,True,True
random_dag_3,r207_scalar,0,,n63,True,True
random_dag_3,r207_scalar,0,,n64,True,True
random_dag_3,r207_scalar,1,s0,n61,True,True
random_dag_3,r207_scalar,1,s0,n62,True,True
random_dag_3,r207_scalar,1,s0,n63,True,True
random_dag_3,r207_scalar,1,s0,n64,True,True
random_dag_3,r207_scalar,2,s1,n61,True,True
random_dag_3,r207_scalar,2,s1,n62,True,True
random_dag_3,r207_scalar,2,s1,n63,True,True
random_dag_3,r207_scalar,2,s1,n64,True,True
random_dag_3,r207_scalar,3,s10,n61,False,False
random_dag_3,r207_scalar,3,s10,n62,True,True
random_dag_3,r207_scalar,3,s10,n63,True,True
random_dag_3,r207_scalar,3,s10,n64,True,True
random_dag_3,r207_scalar,4,s11,n61,True,True
random_dag_3,r207_scalar,4,s11,n62,True,True
random_dag_3,r207_scalar,4,s11,n63,True,True
random_dag_3,r207_scalar,4,s11,n64,True,True
random_dag_3,r207_scalar,5,s2,n61,True,True
random_dag_3,r207_scalar,5,s2,n62,True,True
random_dag_3,r207_scalar,5,s2,n63,True,True
random_dag_3,r207_scalar,5,s2,n64,True,True
random_dag_3,r207_scalar,6,s3,n61,True,True
random_dag_3,r207_scalar,6,s3,n62,True,True
random_dag_3,r207_scalar,6,s3,n63,True,True
random_dag_3,r207_scalar,6,s3,n64,True,True
random_dag_3,r207_scalar,7,s4,n61,True,True
random_dag_3,r207_scalar,7,s4,n62,True,True
random_dag_3,r207_scalar,7,s4,n63,True,True
random_dag_3,r207_scalar,7,s4,n64,True,True
random_dag_3,r207_scalar,8,s5,n61,False,False
random_dag_3,r207_scalar,8,s5,n62,True,True
random_dag_3,r207_scalar,8,s5,n63,True,True
random_dag_3,r207_scalar,8,s5,n64,True,True
random_dag_3,r207_scalar,9,s6,n61,False,False
random_dag_3,r207_scalar,9,s6,n62,True,True
random_dag_3,r207_scalar,9,s6,n63,True,True
random_dag_3,r207_scalar,9,s6,n64,True,True
random_dag_3,r207_scalar,10,s7,n61,True,True
random_dag_3,r207_scalar,10,s7,n62,True,True
random_dag_3,r207_scalar,10,s7,n63,False,False
random_dag_3,r207_scalar,10,s7,n64,True,True
random_dag_3,r207_scalar,11,s8,n61,True,True
random_dag_3,r207_scalar,11,s8,n62,True,True
random_dag_3,r207_scalar,11,s8,n63,True,True
random_dag_3,r207_scalar,11,s8,n64,True,True
random_dag_3,r207_scalar,12,s9,n61,True,True
random_dag_3,r207_scalar,12,s9,n62,True,True
random_dag_3,r207_scalar,12,s9,n63,True,True
random_dag_3,r207_scalar,12,s9,n64,True,True
random_dag_3,r207_scalar,13,s0|s1,n61,True,True
random_dag_3,r207_scalar,13,s0|s1,n62,False,False
random_dag_3,r207_scalar,13,s0|s1,n63,True,True
random_dag_3,r207_scalar,13,s0|s1,n64,True,True
random_dag_3,r207_scalar,14,s0|s10,n61,False,False
random_dag_3,r207_scalar,14,s0|s10,n62,True,True
random_dag_3,r207_scalar,14,s0|s10,n63,True,True
random_dag_3,r207_scalar,14,s0|s10,n64,True,True
random_dag_3,r207_scalar,15,s0|s11,n61,True,True
random_dag_3,r207_scalar,15,s0|s11,n62,True,True
random_dag_3,r207_scalar,15,s0|s11,n63,True,True
random_dag_3,r207_scalar,15,s0|s11,n64,True,True
random_dag_3,r207_scalar,16,s0|s2,n61,True,True
random_dag_3,r207_scalar,16,s0|s2,n62,True,True
random_dag_3,r207_scalar,16,s0|s2,n63,True,True
random_dag_3,r207_scalar,16,s0|s2,n64,True,True
random_dag_3,r207_scalar,17,s0|s3,n61,True,True
random_dag_3,r207_scalar,17,s0|s3,n62,True,True
random_dag_3,r207_scalar,17,s0|s3,n63,True,True
random_dag_3,r207_scalar,17,s0|s3,n64,True,True
random_dag_3,r207_scalar,18,s0|s4,n61,True,True
random_dag_3,r207_scalar,18,s0|s4,n62,True,True
random_dag_3,r207_scalar,18,s0|s4,n63,True,True
random_dag_3,r207_scalar,18,s0|s4,n64,True,True
random_dag_3,r207_scalar,19,s0|s5,n61,False,False
random_dag_3,r207_scalar,19,s0|s5,n62,True,True
random_dag_3,r207_scalar,19,s0|s5,n63,True,True
random_dag_3,r207_scalar,19,s0|s5,n64,True,True
random_dag_3,r207_scalar,20,s0|s6,n61,False,False
random_dag_3,r207_scalar,20,s0|s6,n62,True,True
random_dag_3,r207_scalar,20,s0|s6,n63,True,True
random_dag_3,r207_scalar,20,s0|s6,n64,True,True
random_dag_3,r207_scalar,21,s0|s7,n61,True,True
random_dag_3,r207_scalar,21,s0|s7,n62,True,True
random_dag_3,r207_scalar,21,s0|s7,n63,False,False
random_dag_3,r207_scalar,21,s0|s7,n64,True,True
random_dag_3,r207_scalar,22,s0|s8,n61,True,True
random_dag_3,r207_scalar,22,s0|s8,n62,True,True
random_dag_3,r207_scalar,22,s0|s8,n63,True,True
random_dag_3,r207_scalar,22,s0|s8,n64,True,True
random_dag_3,r207_scalar,23,s0|s9,n61,True,True
random_dag_3,r207_scalar,23,s0|s9,n62,True,True
random_dag_3,r207_scalar,23,s0|s9,n63,True,True
random_dag_3,r207_scalar,23,s0|s9,n64,True,True
random_dag_3,r207_scalar,24,s1|s10,n61,False,False
random_dag_3,r207_scalar,24,s1|s10,n62,True,True
random_dag_3,r207_scalar,24,s1|s10,n63,True,True
random_dag_3,r207_scalar,24,s1|s10,n64,True,True
random_dag_3,r207_scalar,25,s1|s11,n61,True,True
random_dag_3,r207_scalar,25,s1|s11,n62,True,True
random_dag_3,r207_scalar,25,s1|s11,n63,True,True
random_dag_3,r207_scalar,25,s1|s11,n64,True,True
random_dag_3,r207_scalar,26,s1|s2,n61,True,True
random_dag_3,r207_scalar,26,s1|s2,n62,False,False
random_dag_3,r207_scalar,26,s1|s2,n63,True,True
random_dag_3,r207_scalar,26,s1|s2,n64,True,True
random_dag_3,r207_scalar,27,s1|s3,n61,True,True
random_dag_3,r207_scalar,27,s1|s3,n62,True,True
random_dag_3,r207_scalar,27,s1|s3,n63,True,True
random_dag_3,r207_scalar,27,s1|s3,n64,True,True
random_dag_3,r207_scalar,28,s1|s4,n61,True,True
random_dag_3,r207_scalar,28,s1|s4,n62,True,True
random_dag_3,r207_scalar,28,s1|s4,n63,True,True
random_dag_3,r207_scalar,28,s1|s4,n64,True,True
random_dag_3,r207_scalar,29,s1|s5,n61,False,False
random_dag_3,r207_scalar,29,s1|s5,n62,True,True
random_dag_3,r207_scalar,29,s1|s5,n63,True,True
random_dag_3,r207_scalar,29,s1|s5,n64,True,True
random_dag_3,r207_scalar,30,s1|s6,n61,False,False
random_dag_3,r207_scalar,30,s1|s6,n62,True,True
random_dag_3,r207_scalar,30,s1|s6,n63,True,True
random_dag_3,r207_scalar,30,s1|s6,n64,True,True
random_dag_3,r207_scalar,31,s1|s7,n61,True,True
random_dag_3,r207_scalar,31,s1|s7,n62,True,True
random_dag_3,r207_scalar,31,s1|s7,n63,False,False
random_dag_3,r207_scalar,31,s1|s7,n64,True,True
random_dag_3,r207_scalar,32,s1|s8,n61,True,True
random_dag_3,r207_scalar,32,s1|s8,n62,True,True
random_dag_3,r207_scalar,32,s1|s8,n63,True,True
random_dag_3,r207_scalar,32,s1|s8,n64,True,True
random_dag_3,r207_scalar,33,s1|s9,n61,True,True
random_dag_3,r207_scalar,33,s1|s9,n62,True,True
random_dag_3,r207_scalar,33,s1|s9,n63,True,True
random_dag_3,r207_scalar,33,s1|s9,n64,True,True
random_dag_3,r207_scalar,34,s10|s11,n61,False,False
random_dag_3,r207_scalar,34,s10|s11,n62,True,True
random_dag_3,r207_scalar,34,s10|s11,n63,True,True
random_dag_3,r207_scalar,34,s10|s11,n64,True,True
random_dag_3,r207_scalar,35,s10|s2,n61,False,False
random_dag_3,r207_scalar,35,s10|s2,n62,True,True
random_dag_3,r207_scalar,35,s10|s2,n63,True,True
random_dag_3,r207_scalar,35,s10|s2,n64,True,True
random_dag_3,r207_scalar,36,s10|s3,n61,False,False
random_dag_3,r207_scalar,36,s10|s3,n62,True,True
random_dag_3,r207_scalar,36,s10|s3,n63,True,True
random_dag_3,r207_scalar,36,s10|s3,n64,True,True
random_dag_3,r207_scalar,37,s10|s4,n61,False,False
random_dag_3,r207_scalar,37,s10|s4,n62,True,True
random_dag_3,r207_scalar,37,s10|s4,n63,True,True
random_dag_3,r207_scalar,37,s10|s4,n64,True,True
random_dag_3,r207_scalar,38,s10|s5,n61,False,False
random_dag_3,r207_scalar,38,s10|s5,n62,True,True
random_dag_3,r207_scalar,38,s10|s5,n63,True,True
random_dag_3,r207_scalar,38,s10|s5,n64,True,True
random_dag_3,r207_scalar,39,s10|s6,n61,False,False
random_dag_3,r207_scalar,39,s10|s6,n62,True,True
random_dag_3,r207_scalar,39,s10|s6,n63,True,True
random_dag_3,r207_scalar,39,s10|s6,n64,True,True
random_dag_3,r207_scalar,40,s10|s7,n61,False,False
random_dag_3,r207_scalar,40,s10|s7,n62,True,True
random_dag_3,r207_scalar,40,s10|s7,n63,False,False
random_dag_3,r207_scalar,40,s10|s7,n64,True,True
random_dag_3,r207_scalar,41,s10|s8,n61,False,False
random_dag_3,r207_scalar,41,s10|s8,n62,True,True
random_dag_3,r207_scalar,41,s10|s8,n63,True,True
random_dag_3,r207_scalar,41,s10|s8,n64,True,True
random_dag_3,r207_scalar,42,s10|s9,n61,False,False
random_dag_3,r207_scalar,42,s10|s9,n62,True,True
random_dag_3,r207_scalar,42,s10|s9,n63,True,True
random_dag_3,r207_scalar,42,s10|s9,n64,True,True
random_dag_3,r207_scalar,43,s11|s2,n61,True,True
random_dag_3,r207_scalar,43,s11|s2,n62,True,True
random_dag_3,r207_scalar,43,s11|s2,n63,True,True
random_dag_3,r207_scalar,43,s11|s2,n64,False,False
random_dag_3,r207_scalar,44,s11|s3,n61,True,True
random_dag_3,r207_scalar,44,s11|s3,n62,True,True
random_dag_3,r207_scalar,44,s11|s3,n63,True,True
random_dag_3,r207_scalar,44,s11|s3,n64,True,True
random_dag_3,r207_scalar,45,s11|s4,n61,True,True
random_dag_3,r207_scalar,45,s11|s4,n62,True,True
random_dag_3,r207_scalar,45,s11|s4,n63,True,True
random_dag_3,r207_scalar,45,s11|s4,n64,True,True
random_dag_3,r207_scalar,46,s11|s5,n61,False,False
random_dag_3,r207_scalar,46,s11|s5,n62,True,True
random_dag_3,r207_scalar,46,s11|s5,n63,True,True
random_dag_3,r207_scalar,46,s11|s5,n64,True,True
random_dag_3,r207_scalar,47,s11|s6,n61,False,False
random_dag_3,r207_scalar,47,s11|s6,n62,True,True
random_dag_3,r207_scalar,47,s11|s6,n63,True,True
random_dag_3,r207_scalar,47,s11|s6,n64,True,True
random_dag_3,r207_scalar,48,s11|s7,n61,True,True
random_dag_3,r207_scalar,48,s11|s7,n62,True,True
random_dag_3,r207_scalar,48,s11|s7,n63,False,False
random_dag_3,r207_scalar,48,s11|s7,n64,True,True
random_dag_3,r207_scalar,49,s11|s8,n61,True,True
random_dag_3,r207_scalar,49,s11|s8,n62,True,True
random_dag_3,r207_scalar,49,s11|s8,n63,True,True
random_dag_3,r207_scalar,49,s11|s8,n64,True,True
random_dag_3,r207_scalar,50,s11|s9,n61,True,True
random_dag_3,r207_scalar,50,s11|s9,n62,True,True
random_dag_3,r207_scalar,50,s11|s9,n63,True,True
random_dag_3,r207_scalar,50,s11|s9,n64,True,True
random_dag_3,r207_scalar,51,s2|s3,n61,True,True
random_dag_3,r207_scalar,51,s2|s3,n62,True,True
random_dag_3,r207_scalar,51,s2|s3,n63,True,True
random_dag_3,r207_scalar,51,s2|s3,n64,True,True
random_dag_3,r207_scalar,52,s2|s4,n61,True,True
random_dag_3,r207_scalar,52,s2|s4,n62,True,True
random_dag_3,r207_scalar,52,s2|s4,n63,True,True
random_dag_3,r207_scalar,52,s2|s4,n64,True,True
random_dag_3,r207_scalar,53,s2|s5,n61,False,False
random_dag_3,r207_scalar,53,s2|s5,n62,True,True
random_dag_3,r207_scalar,53,s2|s5,n63,True,True
random_dag_3,r207_scalar,53,s2|s5,n64,True,True
random_dag_3,r207_scalar,54,s2|s6,n61,False,False
random_dag_3,r207_scalar,54,s2|s6,n62,True,True
random_dag_3,r207_scalar,54,s2|s6,n63,True,True
random_dag_3,r207_scalar,54,s2|s6,n64,True,True
random_dag_3,r207_scalar,55,s2|s7,n61,True,True
random_dag_3,r207_scalar,55,s2|s7,n62,True,True
random_dag_3,r207_scalar,55,s2|s7,n63,False,False
random_dag_3,r207_scalar,55,s2|s7,n64,True,True
random_dag_3,r207_scalar,56,s2|s8,n61,True,True
random_dag_3,r207_scalar,56,s2|s8,n62,True,True
random_dag_3,r207_scalar,56,s2|s8,n63,True,True
random_dag_3,r207_scalar,56,s2|s8,n64,True,True
random_dag_3,r207_scalar,57,s2|s9,n61,True,True
random_dag_3,r207_scalar,57,s2|s9,n62,True,True
random_dag_3,r207_scalar,57,s2|s9,n63,True,True
random_dag_3,r207_scalar,57,s2|s9,n64,True,True
random_dag_3,r207_scalar,58,s3|s4,n61,True,True
random_dag_3,r207_scalar,58,s3|s4,n62,True,True
random_dag_3,r207_scalar,58,s3|s4,n63,True,True
random_dag_3,r207_scalar,58,s3|s4,n64,True,True
random_dag_3,r207_scalar,59,s3|s5,n61,False,False
random_dag_3,r207_scalar,59,s3|s5,n62,True,True
random_dag_3,r207_scalar,59,s3|s5,n63,True,True
random_dag_3,r207_scalar,59,s3|s5,n64,True,True
random_dag_3,r207_scalar,60,s3|s6,n61,False,False
random_dag_3,r207_scalar,60,s3|s6,n62,True,True
random_dag_3,r207_scalar,60,s3|s6,n63,True,True
random_dag_3,r207_scalar,60,s3|s6,n64,True,True
random_dag_3,r207_scalar,61,s3|s7,n61,True,True
random_dag_3,r207_scalar,61,s3|s7,n62,True,True
random_dag_3,r207_scalar,61,s3|s7,n63,False,False
random_dag_3,r207_scalar,61,s3|s7,n64,True,True
random_dag_3,r207_scalar,62,s3|s8,n61,True,True
random_dag_3,r207_scalar,62,s3|s8,n62,True,True
random_dag_3,r207_scalar,62,s3|s8,n63,True,True
random_dag_3,r207_scalar,62,s3|s8,n64,True,True
random_dag_3,r207_scalar,63,s3|s9,n61,True,True
random_dag_3,r207_scalar,63,s3|s9,n62,True,True
random_dag_3,r207_scalar,63,s3|s9,n63,True,True
random_dag_3,r207_scalar,63,s3|s9,n64,True,True
random_dag_3,r207_scalar,64,s4|s5,n61,False,False
random_dag_3,r207_scalar,64,s4|s5,n62,True,True
random_dag_3,r207_scalar,64,s4|s5,n63,True,True
random_dag_3,r207_scalar,64,s4|s5,n64,True,True
random_dag_3,r207_scalar,65,s4|s6,n61,False,False
random_dag_3,r207_scalar,65,s4|s6,n62,True,True
random_dag_3,r207_scalar,65,s4|s6,n63,True,True
random_dag_3,r207_scalar,65,s4|s6,n64,True,True
random_dag_3,r207_scalar,66,s4|s7,n61,True,True
random_dag_3,r207_scalar,66,s4|s7,n62,True,True
random_dag_3,r207_scalar,66,s4|s7,n63,False,False
random_dag_3,r207_scalar,66,s4|s7,n64,True,True
random_dag_3,r207_scalar,67,s4|s8,n61,True,True
random_dag_3,r207_scalar,67,s4|s8,n62,True,True
random_dag_3,r207_scalar,67,s4|s8,n63,True,True
random_dag_3,r207_scalar,67,s4|s8,n64,True,True
random_dag_3,r207_scalar,68,s4|s9,n61,True,True
random_dag_3,r207_scalar,68,s4|s9,n62,True,True
random_dag_3,r207_scalar,68,s4|s9,n63,True,True
random_dag_3,r207_scalar,68,s4|s9,n64,True,True
random_dag_3,r207_scalar,69,s5|s6,n61,False,False
random_dag_3,r207_scalar,69,s5|s6,n62,True,True
random_dag_3,r207_scalar,69,s5|s6,n63,True,True
random_dag_3,r207_scalar,69,s5|s6,n64,True,True
random_dag_3,r207_scalar,70,s5|s7,n61,False,False
random_dag_3,r207_scalar,70,s5|s7,n62,True,True
random_dag_3,r207_scalar,70,s5|s7,n63,False,False
random_dag_3,r207_scalar,70,s5|s7,n64,True,True
random_dag_3,r207_scalar,71,s5|s8,n61,False,False
random_dag_3,r207_scalar,71,s5|s8,n62,True,True
random_dag_3,r207_scalar,71,s5|s8,n63,True,True
random_dag_3,r207_scalar,71,s5|s8,n64,True,True
random_dag_3,r207_scalar,72,s5|s9,n61,False,False
random_dag_3,r207_scalar,72,s5|s9,n62,True,True
random_dag_3,r207_scalar,72,s5|s9,n63,True,True
random_dag_3,r207_scalar,72,s5|s9,n64,True,True
random_dag_3,r207_scalar,73,s6|s7,n61,False,False
random_dag_3,r207_scalar,73,s6|s7,n62,True,True
random_dag_3,r207_scalar,73,s6|s7,n63,False,False
random_dag_3,r207_scalar,73,s6|s7,n64,True,True
random_dag_3,r207_scalar,74,s6|s8,n61,False,False
random_dag_3,r207_scalar,74,s6|s8,n62,True,True
random_dag_3,r207_scalar,74,s6|s8,n63,True,True
random_dag_3,r207_scalar,74,s6|s8,n64,True,True
random_dag_3,r207_scalar,75,s6|s9,n61,False,False
random_dag_3,r207_scalar,75,s6|s9,n62,True,True
random_dag_3,r207_scalar,75,s6|s9,n63,True,True
random_dag_3,r207_scalar,75,s6|s9,n64,True,True
random_dag_3,r207_scalar,76,s7|s8,n61,True,True
random_dag_3,r207_scalar,76,s7|s8,n62,True,True
random_dag_3,r207_scalar,76,s7|s8,n63,False,False
random_dag_3,r207_scalar,76,s7|s8,n64,True,True
random_dag_3,r207_scalar,77,s7|s9,n61,True,True
random_dag_3,r207_scalar,77,s7|s9,n62,True,True
random_dag_3,r207_scalar,77,s7|s9,n63,False,False
random_dag_3,r207_scalar,77,s7|s9,n64,True,True
random_dag_3,r207_scalar,78,s8|s9,n61,True,True
random_dag_3,r207_scalar,78,s8|s9,n62,True,True
random_dag_3,r207_scalar,78,s8|s9,n63,True,True
random_dag_3,r207_scalar,78,s8|s9,n64,True,True
random_dag_3,r207_scalar,79,s0|s1|s10|s11|s2|s3|s4|s5|s6|s7|s8|s9,n61,False,False
random_dag_3,r207_scalar,79,s0|s1|s10|s11|s2|s3|s4|s5|s6|s7|s8|s9,n62,False,False
random_dag_3,r207_scalar,79,s0|s1|s10|s11|s2|s3|s4|s5|s6|s7|s8|s9,n63,False,False
random_dag_3,r207_scalar,79,s0|s1|s10|s11|s2|s3|s4|s5|s6|s7|s8|s9,n64,False,False
random_dag_3,r207_bitset,0,,n61,True,True
random_dag_3,r207_bitset,0,,n62,True,True
random_dag_3,r207_bitset,0,,n63,True,True
random_dag_3,r207_bitset,0,,n64,True,True
random_dag_3,r207_bitset,1,s0,n61,True,True
random_dag_3,r207_bitset,1,s0,n62,True,True
random_dag_3,r207_bitset,1,s0,n63,True,True
random_dag_3,r207_bitset,1,s0,n64,True,True
random_dag_3,r207_bitset,2,s1,n61,True,True
random_dag_3,r207_bitset,2,s1,n62,True,True
random_dag_3,r207_bitset,2,s1,n63,True,True
random_dag_3,r207_bitset,2,s1,n64,True,True
random_dag_3,r207_bitset,3,s10,n61,False,False
random_dag_3,r207_bitset,3,s10,n62,True,True
random_dag_3,r207_bitset,3,s10,n63,True,True
random_dag_3,r207_bitset,3,s10,n64,True,True
random_dag_3,r207_bitset,4,s11,n61,True,True
random_dag_3,r207_bitset,4,s11,n62,True,True
random_dag_3,r207_bitset,4,s11,n63,True,True
random_dag_3,r207_bitset,4,s11,n64,True,True
random_dag_3,r207_bitset,5,s2,n61,True,True
random_dag_3,r207_bitset,5,s2,n62,True,True
random_dag_3,r207_bitset,5,s2,n63,True,True
random_dag_3,r207_bitset,5,s2,n64,True,True
random_dag_3,r207_bitset,6,s3,n61,True,True
random_dag_3,r207_bitset,6,s3,n62,True,True
random_dag_3,r207_bitset,6,s3,n63,True,True
random_dag_3,r207_bitset,6,s3,n64,True,True
random_dag_3,r207_bitset,7,s4,n61,True,True
random_dag_3,r207_bitset,7,s4,n62,True,True
random_dag_3,r207_bitset,7,s4,n63,True,True
random_dag_3,r207_bitset,7,s4,n64,True,True
random_dag_3,r207_bitset,8,s5,n61,False,False
random_dag_3,r207_bitset,8,s5,n62,True,True
random_dag_3,r207_bitset,8,s5,n63,True,True
random_dag_3,r207_bitset,8,s5,n64,True,True
random_dag_3,r207_bitset,9,s6,n61,False,False
random_dag_3,r207_bitset,9,s6,n62,True,True
random_dag_3,r207_bitset,9,s6,n63,True,True
random_dag_3,r207_bitset,9,s6,n64,True,True
random_dag_3,r207_bitset,10,s7,n61,True,True
random_dag_3,r207_bitset,10,s7,n62,True,True
random_dag_3,r207_bitset,10,s7,n63,False,False
random_dag_3,r207_bitset,10,s7,n64,True,True
random_dag_3,r207_bitset,11,s8,n61,True,True
random_dag_3,r207_bitset,11,s8,n62,True,True
random_dag_3,r207_bitset,11,s8,n63,True,True
random_dag_3,r207_bitset,11,s8,n64,True,True
random_dag_3,r207_bitset,12,s9,n61,True,True
random_dag_3,r207_bitset,12,s9,n62,True,True
random_dag_3,r207_bitset,12,s9,n63,True,True
random_dag_3,r207_bitset,12,s9,n64,True,True
random_dag_3,r207_bitset,13,s0|s1,n61,True,True
random_dag_3,r207_bitset,13,s0|s1,n62,False,False
random_dag_3,r207_bitset,13,s0|s1,n63,True,True
random_dag_3,r207_bitset,13,s0|s1,n64,True,True
random_dag_3,r207_bitset,14,s0|s10,n61,False,False
random_dag_3,r207_bitset,14,s0|s10,n62,True,True
random_dag_3,r207_bitset,14,s0|s10,n63,True,True
random_dag_3,r207_bitset,14,s0|s10,n64,True,True
random_dag_3,r207_bitset,15,s0|s11,n61,True,True
random_dag_3,r207_bitset,15,s0|s11,n62,True,True
random_dag_3,r207_bitset,15,s0|s11,n63,True,True
random_dag_3,r207_bitset,15,s0|s11,n64,True,True
random_dag_3,r207_bitset,16,s0|s2,n61,True,True
random_dag_3,r207_bitset,16,s0|s2,n62,True,True
random_dag_3,r207_bitset,16,s0|s2,n63,True,True
random_dag_3,r207_bitset,16,s0|s2,n64,True,True
random_dag_3,r207_bitset,17,s0|s3,n61,True,True
random_dag_3,r207_bitset,17,s0|s3,n62,True,True
random_dag_3,r207_bitset,17,s0|s3,n63,True,True
random_dag_3,r207_bitset,17,s0|s3,n64,True,True
random_dag_3,r207_bitset,18,s0|s4,n61,True,True
random_dag_3,r207_bitset,18,s0|s4,n62,True,True
random_dag_3,r207_bitset,18,s0|s4,n63,True,True
random_dag_3,r207_bitset,18,s0|s4,n64,True,True
random_dag_3,r207_bitset,19,s0|s5,n61,False,False
random_dag_3,r207_bitset,19,s0|s5,n62,True,True
random_dag_3,r207_bitset,19,s0|s5,n63,True,True
random_dag_3,r207_bitset,19,s0|s5,n64,True,True
random_dag_3,r207_bitset,20,s0|s6,n61,False,False
random_dag_3,r207_bitset,20,s0|s6,n62,True,True
random_dag_3,r207_bitset,20,s0|s6,n63,True,True
random_dag_3,r207_bitset,20,s0|s6,n64,True,True
random_dag_3,r207_bitset,21,s0|s7,n61,True,True
random_dag_3,r207_bitset,21,s0|s7,n62,True,True
random_dag_3,r207_bitset,21,s0|s7,n63,False,False
random_dag_3,r207_bitset,21,s0|s7,n64,True,True
random_dag_3,r207_bitset,22,s0|s8,n61,True,True
random_dag_3,r207_bitset,22,s0|s8,n62,True,True
random_dag_3,r207_bitset,22,s0|s8,n63,True,True
random_dag_3,r207_bitset,22,s0|s8,n64,True,True
random_dag_3,r207_bitset,23,s0|s9,n61,True,True
random_dag_3,r207_bitset,23,s0|s9,n62,True,True
random_dag_3,r207_bitset,23,s0|s9,n63,True,True
random_dag_3,r207_bitset,23,s0|s9,n64,True,True
random_dag_3,r207_bitset,24,s1|s10,n61,False,False
random_dag_3,r207_bitset,24,s1|s10,n62,True,True
random_dag_3,r207_bitset,24,s1|s10,n63,True,True
random_dag_3,r207_bitset,24,s1|s10,n64,True,True
random_dag_3,r207_bitset,25,s1|s11,n61,True,True
random_dag_3,r207_bitset,25,s1|s11,n62,True,True
random_dag_3,r207_bitset,25,s1|s11,n63,True,True
random_dag_3,r207_bitset,25,s1|s11,n64,True,True
random_dag_3,r207_bitset,26,s1|s2,n61,True,True
random_dag_3,r207_bitset,26,s1|s2,n62,False,False
random_dag_3,r207_bitset,26,s1|s2,n63,True,True
random_dag_3,r207_bitset,26,s1|s2,n64,True,True
random_dag_3,r207_bitset,27,s1|s3,n61,True,True
random_dag_3,r207_bitset,27,s1|s3,n62,True,True
random_dag_3,r207_bitset,27,s1|s3,n63,True,True
random_dag_3,r207_bitset,27,s1|s3,n64,True,True
random_dag_3,r207_bitset,28,s1|s4,n61,True,True
random_dag_3,r207_bitset,28,s1|s4,n62,True,True
random_dag_3,r207_bitset,28,s1|s4,n63,True,True
random_dag_3,r207_bitset,28,s1|s4,n64,True,True
random_dag_3,r207_bitset,29,s1|s5,n61,False,False
random_dag_3,r207_bitset,29,s1|s5,n62,True,True
random_dag_3,r207_bitset,29,s1|s5,n63,True,True
random_dag_3,r207_bitset,29,s1|s5,n64,True,True
random_dag_3,r207_bitset,30,s1|s6,n61,False,False
random_dag_3,r207_bitset,30,s1|s6,n62,True,True
random_dag_3,r207_bitset,30,s1|s6,n63,True,True
random_dag_3,r207_bitset,30,s1|s6,n64,True,True
random_dag_3,r207_bitset,31,s1|s7,n61,True,True
random_dag_3,r207_bitset,31,s1|s7,n62,True,True
random_dag_3,r207_bitset,31,s1|s7,n63,False,False
random_dag_3,r207_bitset,31,s1|s7,n64,True,True
random_dag_3,r207_bitset,32,s1|s8,n61,True,True
random_dag_3,r207_bitset,32,s1|s8,n62,True,True
random_dag_3,r207_bitset,32,s1|s8,n63,True,True
random_dag_3,r207_bitset,32,s1|s8,n64,True,True
random_dag_3,r207_bitset,33,s1|s9,n61,True,True
random_dag_3,r207_bitset,33,s1|s9,n62,True,True
random_dag_3,r207_bitset,33,s1|s9,n63,True,True
random_dag_3,r207_bitset,33,s1|s9,n64,True,True
random_dag_3,r207_bitset,34,s10|s11,n61,False,False
random_dag_3,r207_bitset,34,s10|s11,n62,True,True
random_dag_3,r207_bitset,34,s10|s11,n63,True,True
random_dag_3,r207_bitset,34,s10|s11,n64,True,True
random_dag_3,r207_bitset,35,s10|s2,n61,False,False
random_dag_3,r207_bitset,35,s10|s2,n62,True,True
random_dag_3,r207_bitset,35,s10|s2,n63,True,True
random_dag_3,r207_bitset,35,s10|s2,n64,True,True
random_dag_3,r207_bitset,36,s10|s3,n61,False,False
random_dag_3,r207_bitset,36,s10|s3,n62,True,True
random_dag_3,r207_bitset,36,s10|s3,n63,True,True
random_dag_3,r207_bitset,36,s10|s3,n64,True,True
random_dag_3,r207_bitset,37,s10|s4,n61,False,False
random_dag_3,r207_bitset,37,s10|s4,n62,True,True
random_dag_3,r207_bitset,37,s10|s4,n63,True,True
random_dag_3,r207_bitset,37,s10|s4,n64,True,True
random_dag_3,r207_bitset,38,s10|s5,n61,False,False
random_dag_3,r207_bitset,38,s10|s5,n62,True,True
random_dag_3,r207_bitset,38,s10|s5,n63,True,True
random_dag_3,r207_bitset,38,s10|s5,n64,True,True
random_dag_3,r207_bitset,39,s10|s6,n61,False,False
random_dag_3,r207_bitset,39,s10|s6,n62,True,True
random_dag_3,r207_bitset,39,s10|s6,n63,True,True
random_dag_3,r207_bitset,39,s10|s6,n64,True,True
random_dag_3,r207_bitset,40,s10|s7,n61,False,False
random_dag_3,r207_bitset,40,s10|s7,n62,True,True
random_dag_3,r207_bitset,40,s10|s7,n63,False,False
random_dag_3,r207_bitset,40,s10|s7,n64,True,True
random_dag_3,r207_bitset,41,s10|s8,n61,False,False
random_dag_3,r207_bitset,41,s10|s8,n62,True,True
random_dag_3,r207_bitset,41,s10|s8,n63,True,True
random_dag_3,r207_bitset,41,s10|s8,n64,True,True
random_dag_3,r207_bitset,42,s10|s9,n61,False,False
random_dag_3,r207_bitset,42,s10|s9,n62,True,True
random_dag_3,r207_bitset,42,s10|s9,n63,True,True
random_dag_3,r207_bitset,42,s10|s9,n64,True,True
random_dag_3,r207_bitset,43,s11|s2,n61,True,True
random_dag_3,r207_bitset,43,s11|s2,n62,True,True
random_dag_3,r207_bitset,43,s11|s2,n63,True,True
random_dag_3,r207_bitset,43,s11|s2,n64,False,False
random_dag_3,r207_bitset,44,s11|s3,n61,True,True
random_dag_3,r207_bitset,44,s11|s3,n62,True,True
random_dag_3,r207_bitset,44,s11|s3,n63,True,True
random_dag_3,r207_bitset,44,s11|s3,n64,True,True
random_dag_3,r207_bitset,45,s11|s4,n61,True,True
random_dag_3,r207_bitset,45,s11|s4,n62,True,True
random_dag_3,r207_bitset,45,s11|s4,n63,True,True
random_dag_3,r207_bitset,45,s11|s4,n64,True,True
random_dag_3,r207_bitset,46,s11|s5,n61,False,False
random_dag_3,r207_bitset,46,s11|s5,n62,True,True
random_dag_3,r207_bitset,46,s11|s5,n63,True,True
random_dag_3,r207_bitset,46,s11|s5,n64,True,True
random_dag_3,r207_bitset,47,s11|s6,n61,False,False
random_dag_3,r207_bitset,47,s11|s6,n62,True,True
random_dag_3,r207_bitset,47,s11|s6,n63,True,True
random_dag_3,r207_bitset,47,s11|s6,n64,True,True
random_dag_3,r207_bitset,48,s11|s7,n61,True,True
random_dag_3,r207_bitset,48,s11|s7,n62,True,True
random_dag_3,r207_bitset,48,s11|s7,n63,False,False
random_dag_3,r207_bitset,48,s11|s7,n64,True,True
random_dag_3,r207_bitset,49,s11|s8,n61,True,True
random_dag_3,r207_bitset,49,s11|s8,n62,True,True
random_dag_3,r207_bitset,49,s11|s8,n63,True,True
random_dag_3,r207_bitset,49,s11|s8,n64,True,True
random_dag_3,r207_bitset,50,s11|s9,n61,True,True
random_dag_3,r207_bitset,50,s11|s9,n62,True,True
random_dag_3,r207_bitset,50,s11|s9,n63,True,True
random_dag_3,r207_bitset,50,s11|s9,n64,True,True
random_dag_3,r207_bitset,51,s2|s3,n61,True,True
random_dag_3,r207_bitset,51,s2|s3,n62,True,True
random_dag_3,r207_bitset,51,s2|s3,n63,True,True
random_dag_3,r207_bitset,51,s2|s3,n64,True,True
random_dag_3,r207_bitset,52,s2|s4,n61,True,True
random_dag_3,r207_bitset,52,s2|s4,n62,True,True
random_dag_3,r207_bitset,52,s2|s4,n63,True,True
random_dag_3,r207_bitset,52,s2|s4,n64,True,True
random_dag_3,r207_bitset,53,s2|s5,n61,False,False
random_dag_3,r207_bitset,53,s2|s5,n62,True,True
random_dag_3,r207_bitset,53,s2|s5,n63,True,True
random_dag_3,r207_bitset,53,s2|s5,n64,True,True
random_dag_3,r207_bitset,54,s2|s6,n61,False,False
random_dag_3,r207_bitset,54,s2|s6,n62,True,True
random_dag_3,r207_bitset,54,s2|s6,n63,True,True
random_dag_3,r207_bitset,54,s2|s6,n64,True,True
random_dag_3,r207_bitset,55,s2|s7,n61,True,True
random_dag_3,r207_bitset,55,s2|s7,n62,True,True
random_dag_3,r207_bitset,55,s2|s7,n63,False,False
random_dag_3,r207_bitset,55,s2|s7,n64,True,True
random_dag_3,r207_bitset,56,s2|s8,n61,True,True
random_dag_3,r207_bitset,56,s2|s8,n62,True,True
random_dag_3,r207_bitset,56,s2|s8,n63,True,True
random_dag_3,r207_bitset,56,s2|s8,n64,True,True
random_dag_3,r207_bitset,57,s2|s9,n61,True,True
random_dag_3,r207_bitset,57,s2|s9,n62,True,True
random_dag_3,r207_bitset,57,s2|s9,n63,True,True
random_dag_3,r207_bitset,57,s2|s9,n64,True,True
random_dag_3,r207_bitset,58,s3|s4,n61,True,True
random_dag_3,r207_bitset,58,s3|s4,n62,True,True
random_dag_3,r207_bitset,58,s3|s4,n63,True,True
random_dag_3,r207_bitset,58,s3|s4,n64,True,True
random_dag_3,r207_bitset,59,s3|s5,n61,False,False
random_dag_3,r207_bitset,59,s3|s5,n62,True,True
random_dag_3,r207_bitset,59,s3|s5,n63,True,True
random_dag_3,r207_bitset,59,s3|s5,n64,True,True
random_dag_3,r207_bitset,60,s3|s6,n61,False,False
random_dag_3,r207_bitset,60,s3|s6,n62,True,True
random_dag_3,r207_bitset,60,s3|s6,n63,True,True
random_dag_3,r207_bitset,60,s3|s6,n64,True,True
random_dag_3,r207_bitset,61,s3|s7,n61,True,True
random_dag_3,r207_bitset,61,s3|s7,n62,True,True
random_dag_3,r207_bitset,61,s3|s7,n63,False,False
random_dag_3,r207_bitset,61,s3|s7,n64,True,True
random_dag_3,r207_bitset,62,s3|s8,n61,True,True
random_dag_3,r207_bitset,62,s3|s8,n62,True,True
random_dag_3,r207_bitset,62,s3|s8,n63,True,True
random_dag_3,r207_bitset,62,s3|s8,n64,True,True
random_dag_3,r207_bitset,63,s3|s9,n61,True,True
random_dag_3,r207_bitset,63,s3|s9,n62,True,True
random_dag_3,r207_bitset,63,s3|s9,n63,True,True
random_dag_3,r207_bitset,63,s3|s9,n64,True,True
random_dag_3,r207_bitset,64,s4|s5,n61,False,False
random_dag_3,r207_bitset,64,s4|s5,n62,True,True
random_dag_3,r207_bitset,64,s4|s5,n63,True,True
random_dag_3,r207_bitset,64,s4|s5,n64,True,True
random_dag_3,r207_bitset,65,s4|s6,n61,False,False
random_dag_3,r207_bitset,65,s4|s6,n62,True,True
random_dag_3,r207_bitset,65,s4|s6,n63,True,True
random_dag_3,r207_bitset,65,s4|s6,n64,True,True
random_dag_3,r207_bitset,66,s4|s7,n61,True,True
random_dag_3,r207_bitset,66,s4|s7,n62,True,True
random_dag_3,r207_bitset,66,s4|s7,n63,False,False
random_dag_3,r207_bitset,66,s4|s7,n64,True,True
random_dag_3,r207_bitset,67,s4|s8,n61,True,True
random_dag_3,r207_bitset,67,s4|s8,n62,True,True
random_dag_3,r207_bitset,67,s4|s8,n63,True,True
random_dag_3,r207_bitset,67,s4|s8,n64,True,True
random_dag_3,r207_bitset,68,s4|s9,n61,True,True
random_dag_3,r207_bitset,68,s4|s9,n62,True,True
random_dag_3,r207_bitset,68,s4|s9,n63,True,True
random_dag_3,r207_bitset,68,s4|s9,n64,True,True
random_dag_3,r207_bitset,69,s5|s6,n61,False,False
random_dag_3,r207_bitset,69,s5|s6,n62,True,True
random_dag_3,r207_bitset,69,s5|s6,n63,True,True
random_dag_3,r207_bitset,69,s5|s6,n64,True,True
random_dag_3,r207_bitset,70,s5|s7,n61,False,False
random_dag_3,r207_bitset,70,s5|s7,n62,True,True
random_dag_3,r207_bitset,70,s5|s7,n63,False,False
random_dag_3,r207_bitset,70,s5|s7,n64,True,True
random_dag_3,r207_bitset,71,s5|s8,n61,False,False
random_dag_3,r207_bitset,71,s5|s8,n62,True,True
random_dag_3,r207_bitset,71,s5|s8,n63,True,True
random_dag_3,r207_bitset,71,s5|s8,n64,True,True
random_dag_3,r207_bitset,72,s5|s9,n61,False,False
random_dag_3,r207_bitset,72,s5|s9,n62,True,True
random_dag_3,r207_bitset,72,s5|s9,n63,True,True
random_dag_3,r207_bitset,72,s5|s9,n64,True,True
random_dag_3,r207_bitset,73,s6|s7,n61,False,False
random_dag_3,r207_bitset,73,s6|s7,n62,True,True
random_dag_3,r207_bitset,73,s6|s7,n63,False,False
random_dag_3,r207_bitset,73,s6|s7,n64,True,True
random_dag_3,r207_bitset,74,s6|s8,n61,False,False
random_dag_3,r207_bitset,74,s6|s8,n62,True,True
random_dag_3,r207_bitset,74,s6|s8,n63,True,True
random_dag_3,r207_bitset,74,s6|s8,n64,True,True
random_dag_3,r207_bitset,75,s6|s9,n61,False,False
random_dag_3,r207_bitset,75,s6|s9,n62,True,True
random_dag_3,r207_bitset,75,s6|s9,n63,True,True
random_dag_3,r207_bitset,75,s6|s9,n64,True,True
random_dag_3,r207_bitset,76,s7|s8,n61,True,True
random_dag_3,r207_bitset,76,s7|s8,n62,True,True
random_dag_3,r207_bitset,76,s7|s8,n63,False,False
random_dag_3,r207_bitset,76,s7|s8,n64,True,True
random_dag_3,r207_bitset,77,s7|s9,n61,True,True
random_dag_3,r207_bitset,77,s7|s9,n62,True,True
random_dag_3,r207_bitset,77,s7|s9,n63,False,False
random_dag_3,r207_bitset,77,s7|s9,n64,True,True
random_dag_3,r207_bitset,78,s8|s9,n61,True,True
random_dag_3,r207_bitset,78,s8|s9,n62,True,True
random_dag_3,r207_bitset,78,s8|s9,n63,True,True
random_dag_3,r207_bitset,78,s8|s9,n64,True,True
random_dag_3,r207_bitset,79,s0|s1|s10|s11|s2|s3|s4|s5|s6|s7|s8|s9,n61,False,False
random_dag_3,r207_bitset,79,s0|s1|s10|s11|s2|s3|s4|s5|s6|s7|s8|s9,n62,False,False
random_dag_3,r207_bitset,79,s0|s1|s10|s11|s2|s3|s4|s5|s6|s7|s8|s9,n63,False,False
random_dag_3,r207_bitset,79,s0|s1|s10|s11|s2|s3|s4|s5|s6|s7|s8|s9,n64,False,False
random_dag_4,and_or_forward,0,,n61,True,True
random_dag_4,and_or_forward,0,,n62,True,True
random_dag_4,and_or_forward,0,,n63,True,True
random_dag_4,and_or_forward,0,,n64,True,True
random_dag_4,and_or_forward,1,s0,n61,True,True
random_dag_4,and_or_forward,1,s0,n62,True,True
random_dag_4,and_or_forward,1,s0,n63,True,True
random_dag_4,and_or_forward,1,s0,n64,True,True
random_dag_4,and_or_forward,2,s1,n61,True,True
random_dag_4,and_or_forward,2,s1,n62,True,True
random_dag_4,and_or_forward,2,s1,n63,True,True
random_dag_4,and_or_forward,2,s1,n64,True,True
random_dag_4,and_or_forward,3,s10,n61,True,True
random_dag_4,and_or_forward,3,s10,n62,True,True
random_dag_4,and_or_forward,3,s10,n63,False,False
random_dag_4,and_or_forward,3,s10,n64,True,True
random_dag_4,and_or_forward,4,s11,n61,True,True
random_dag_4,and_or_forward,4,s11,n62,True,True
random_dag_4,and_or_forward,4,s11,n63,True,True
random_dag_4,and_or_forward,4,s11,n64,True,True
random_dag_4,and_or_forward,5,s2,n61,True,True
random_dag_4,and_or_forward,5,s2,n62,True,True
random_dag_4,and_or_forward,5,s2,n63,True,True
random_dag_4,and_or_forward,5,s2,n64,True,True
random_dag_4,and_or_forward,6,s3,n61,True,True
random_dag_4,and_or_forward,6,s3,n62,True,True
random_dag_4,and_or_forward,6,s3,n63,True,True
random_dag_4,and_or_forward,6,s3,n64,True,True
random_dag_4,and_or_forward,7,s4,n61,True,True
random_dag_4,and_or_forward,7,s4,n62,True,True
random_dag_4,and_or_forward,7,s4,n63,True,True
random_dag_4,and_or_forward,7,s4,n64,True,True
random_dag_4,and_or_forward,8,s5,n61,False,False
random_dag_4,and_or_forward,8,s5,n62,False,False
random_dag_4,and_or_forward,8,s5,n63,False,False
random_dag_4,and_or_forward,8,s5,n64,True,True
random_dag_4,and_or_forward,9,s6,n61,True,True
random_dag_4,and_or_forward,9,s6,n62,False,False
random_dag_4,and_or_forward,9,s6,n63,True,True
random_dag_4,and_or_forward,9,s6,n64,True,True
random_dag_4,and_or_forward,10,s7,n61,True,True
random_dag_4,and_or_forward,10,s7,n62,True,True
random_dag_4,and_or_forward,10,s7,n63,True,True
random_dag_4,and_or_forward,10,s7,n64,True,True
random_dag_4,and_or_forward,11,s8,n61,True,True
random_dag_4,and_or_forward,11,s8,n62,True,True
random_dag_4,and_or_forward,11,s8,n63,True,True
random_dag_4,and_or_forward,11,s8,n64,True,True
random_dag_4,and_or_forward,12,s9,n61,True,True
random_dag_4,and_or_forward,12,s9,n62,True,True
random_dag_4,and_or_forward,12,s9,n63,True,True
random_dag_4,and_or_forward,12,s9,n64,True,True
random_dag_4,and_or_forward,13,s0|s1,n61,True,True
random_dag_4,and_or_forward,13,s0|s1,n62,True,True
random_dag_4,and_or_forward,13,s0|s1,n63,True,True
random_dag_4,and_or_forward,13,s0|s1,n64,True,True
random_dag_4,and_or_forward,14,s0|s10,n61,True,True
random_dag_4,and_or_forward,14,s0|s10,n62,True,True
random_dag_4,and_or_forward,14,s0|s10,n63,False,False
random_dag_4,and_or_forward,14,s0|s10,n64,True,True
random_dag_4,and_or_forward,15,s0|s11,n61,False,False
random_dag_4,and_or_forward,15,s0|s11,n62,True,True
random_dag_4,and_or_forward,15,s0|s11,n63,True,True
random_dag_4,and_or_forward,15,s0|s11,n64,True,True
random_dag_4,and_or_forward,16,s0|s2,n61,True,True
random_dag_4,and_or_forward,16,s0|s2,n62,True,True
random_dag_4,and_or_forward,16,s0|s2,n63,True,True
random_dag_4,and_or_forward,16,s0|s2,n64,True,True
random_dag_4,and_or_forward,17,s0|s3,n61,True,True
random_dag_4,and_or_forward,17,s0|s3,n62,True,True
random_dag_4,and_or_forward,17,s0|s3,n63,True,True
random_dag_4,and_or_forward,17,s0|s3,n64,True,True
random_dag_4,and_or_forward,18,s0|s4,n61,True,True
random_dag_4,and_or_forward,18,s0|s4,n62,True,True
random_dag_4,and_or_forward,18,s0|s4,n63,True,True
random_dag_4,and_or_forward,18,s0|s4,n64,False,False
random_dag_4,and_or_forward,19,s0|s5,n61,False,False
random_dag_4,and_or_forward,19,s0|s5,n62,False,False
random_dag_4,and_or_forward,19,s0|s5,n63,False,False
random_dag_4,and_or_forward,19,s0|s5,n64,True,True
random_dag_4,and_or_forward,20,s0|s6,n61,True,True
random_dag_4,and_or_forward,20,s0|s6,n62,False,False
random_dag_4,and_or_forward,20,s0|s6,n63,True,True
random_dag_4,and_or_forward,20,s0|s6,n64,True,True
random_dag_4,and_or_forward,21,s0|s7,n61,True,True
random_dag_4,and_or_forward,21,s0|s7,n62,True,True
random_dag_4,and_or_forward,21,s0|s7,n63,True,True
random_dag_4,and_or_forward,21,s0|s7,n64,True,True
random_dag_4,and_or_forward,22,s0|s8,n61,True,True
random_dag_4,and_or_forward,22,s0|s8,n62,True,True
random_dag_4,and_or_forward,22,s0|s8,n63,True,True
random_dag_4,and_or_forward,22,s0|s8,n64,True,True
random_dag_4,and_or_forward,23,s0|s9,n61,True,True
random_dag_4,and_or_forward,23,s0|s9,n62,True,True
random_dag_4,and_or_forward,23,s0|s9,n63,True,True
random_dag_4,and_or_forward,23,s0|s9,n64,True,True
random_dag_4,and_or_forward,24,s1|s10,n61,True,True
random_dag_4,and_or_forward,24,s1|s10,n62,True,True
random_dag_4,and_or_forward,24,s1|s10,n63,False,False
random_dag_4,and_or_forward,24,s1|s10,n64,True,True
random_dag_4,and_or_forward,25,s1|s11,n61,False,False
random_dag_4,and_or_forward,25,s1|s11,n62,True,True
random_dag_4,and_or_forward,25,s1|s11,n63,True,True
random_dag_4,and_or_forward,25,s1|s11,n64,True,True
random_dag_4,and_or_forward,26,s1|s2,n61,True,True
random_dag_4,and_or_forward,26,s1|s2,n62,True,True
random_dag_4,and_or_forward,26,s1|s2,n63,True,True
random_dag_4,and_or_forward,26,s1|s2,n64,True,True
random_dag_4,and_or_forward,27,s1|s3,n61,True,True
random_dag_4,and_or_forward,27,s1|s3,n62,True,True
random_dag_4,and_or_forward,27,s1|s3,n63,True,True
random_dag_4,and_or_forward,27,s1|s3,n64,True,True
random_dag_4,and_or_forward,28,s1|s4,n61,True,True
random_dag_4,and_or_forward,28,s1|s4,n62,True,True
random_dag_4,and_or_forward,28,s1|s4,n63,True,True
random_dag_4,and_or_forward,28,s1|s4,n64,True,True
random_dag_4,and_or_forward,29,s1|s5,n61,False,False
random_dag_4,and_or_forward,29,s1|s5,n62,False,False
random_dag_4,and_or_forward,29,s1|s5,n63,False,False
random_dag_4,and_or_forward,29,s1|s5,n64,True,True
random_dag_4,and_or_forward,30,s1|s6,n61,True,True
random_dag_4,and_or_forward,30,s1|s6,n62,False,False
random_dag_4,and_or_forward,30,s1|s6,n63,True,True
random_dag_4,and_or_forward,30,s1|s6,n64,True,True
random_dag_4,and_or_forward,31,s1|s7,n61,True,True
random_dag_4,and_or_forward,31,s1|s7,n62,True,True
random_dag_4,and_or_forward,31,s1|s7,n63,True,True
random_dag_4,and_or_forward,31,s1|s7,n64,True,True
random_dag_4,and_or_forward,32,s1|s8,n61,True,True
random_dag_4,and_or_forward,32,s1|s8,n62,True,True
random_dag_4,and_or_forward,32,s1|s8,n63,True,True
random_dag_4,and_or_forward,32,s1|s8,n64,True,True
random_dag_4,and_or_forward,33,s1|s9,n61,True,True
random_dag_4,and_or_forward,33,s1|s9,n62,True,True
random_dag_4,and_or_forward,33,s1|s9,n63,True,True
random_dag_4,and_or_forward,33,s1|s9,n64,True,True
random_dag_4,and_or_forward,34,s10|s11,n61,True,True
random_dag_4,and_or_forward,34,s10|s11,n62,True,True
random_dag_4,and_or_forward,34,s10|s11,n63,False,False
random_dag_4,and_or_forward,34,s10|s11,n64,True,True
random_dag_4,and_or_forward,35,s10|s2,n61,True,True
random_dag_4,and_or_forward,35,s10|s2,n62,True,True
random_dag_4,and_or_forward,35,s10|s2,n63,False,False
random_dag_4,and_or_forward,35,s10|s2,n64,True,True
random_dag_4,and_or_forward,36,s10|s3,n61,True,True
random_dag_4,and_or_forward,36,s10|s3,n62,True,True
random_dag_4,and_or_forward,36,s10|s3,n63,False,False
random_dag_4,and_or_forward,36,s10|s3,n64,True,True
random_dag_4,and_or_forward,37,s10|s4,n61,True,True
random_dag_4,and_or_forward,37,s10|s4,n62,True,True
random_dag_4,and_or_forward,37,s10|s4,n63,False,False
random_dag_4,and_or_forward,37,s10|s4,n64,True,True
random_dag_4,and_or_forward,38,s10|s5,n61,False,False
random_dag_4,and_or_forward,38,s10|s5,n62,False,False
random_dag_4,and_or_forward,38,s10|s5,n63,False,False
random_dag_4,and_or_forward,38,s10|s5,n64,True,True
random_dag_4,and_or_forward,39,s10|s6,n61,True,True
random_dag_4,and_or_forward,39,s10|s6,n62,False,False
random_dag_4,and_or_forward,39,s10|s6,n63,False,False
random_dag_4,and_or_forward,39,s10|s6,n64,True,True
random_dag_4,and_or_forward,40,s10|s7,n61,True,True
random_dag_4,and_or_forward,40,s10|s7,n62,True,True
random_dag_4,and_or_forward,40,s10|s7,n63,False,False
random_dag_4,and_or_forward,40,s10|s7,n64,True,True
random_dag_4,and_or_forward,41,s10|s8,n61,True,True
random_dag_4,and_or_forward,41,s10|s8,n62,True,True
random_dag_4,and_or_forward,41,s10|s8,n63,False,False
random_dag_4,and_or_forward,41,s10|s8,n64,True,True
random_dag_4,and_or_forward,42,s10|s9,n61,True,True
random_dag_4,and_or_forward,42,s10|s9,n62,True,True
random_dag_4,and_or_forward,42,s10|s9,n63,False,False
random_dag_4,and_or_forward,42,s10|s9,n64,True,True
random_dag_4,and_or_forward,43,s11|s2,n61,True,True
random_dag_4,and_or_forward,43,s11|s2,n62,True,True
random_dag_4,and_or_forward,43,s11|s2,n63,True,True
random_dag_4,and_or_forward,43,s11|s2,n64,True,True
random_dag_4,and_or_forward,44,s11|s3,n61,False,False
random_dag_4,and_or_forward,44,s11|s3,n62,True,True
random_dag_4,and_or_forward,44,s11|s3,n63,True,True
random_dag_4,and_or_forward,44,s11|s3,n64,True,True
random_dag_4,and_or_forward,45,s11|s4,n61,True,True
random_dag_4,and_or_forward,45,s11|s4,n62,True,True
random_dag_4,and_or_forward,45,s11|s4,n63,True,True
random_dag_4,and_or_forward,45,s11|s4,n64,True,True
random_dag_4,and_or_forward,46,s11|s5,n61,False,False
random_dag_4,and_or_forward,46,s11|s5,n62,False,False
random_dag_4,and_or_forward,46,s11|s5,n63,False,False
random_dag_4,and_or_forward,46,s11|s5,n64,True,True
random_dag_4,and_or_forward,47,s11|s6,n61,True,True
random_dag_4,and_or_forward,47,s11|s6,n62,False,False
random_dag_4,and_or_forward,47,s11|s6,n63,True,True
random_dag_4,and_or_forward,47,s11|s6,n64,True,True
random_dag_4,and_or_forward,48,s11|s7,n61,False,False
random_dag_4,and_or_forward,48,s11|s7,n62,True,True
random_dag_4,and_or_forward,48,s11|s7,n63,True,True
random_dag_4,and_or_forward,48,s11|s7,n64,True,True
random_dag_4,and_or_forward,49,s11|s8,n61,False,False
random_dag_4,and_or_forward,49,s11|s8,n62,True,True
random_dag_4,and_or_forward,49,s11|s8,n63,True,True
random_dag_4,and_or_forward,49,s11|s8,n64,True,True
random_dag_4,and_or_forward,50,s11|s9,n61,True,True
random_dag_4,and_or_forward,50,s11|s9,n62,True,True
random_dag_4,and_or_forward,50,s11|s9,n63,True,True
random_dag_4,and_or_forward,50,s11|s9,n64,True,True
random_dag_4,and_or_forward,51,s2|s3,n61,True,True
random_dag_4,and_or_forward,51,s2|s3,n62,True,True
random_dag_4,and_or_forward,51,s2|s3,n63,True,True
random_dag_4,and_or_forward,51,s2|s3,n64,True,True
random_dag_4,and_or_forward,52,s2|s4,n61,True,True
random_dag_4,and_or_forward,52,s2|s4,n62,True,True
random_dag_4,and_or_forward,52,s2|s4,n63,True,True
random_dag_4,and_or_forward,52,s2|s4,n64,True,True
random_dag_4,and_or_forward,53,s2|s5,n61,False,False
random_dag_4,and_or_forward,53,s2|s5,n62,False,False
random_dag_4,and_or_forward,53,s2|s5,n63,False,False
random_dag_4,and_or_forward,53,s2|s5,n64,True,True
random_dag_4,and_or_forward,54,s2|s6,n61,True,True
random_dag_4,and_or_forward,54,s2|s6,n62,False,False
random_dag_4,and_or_forward,54,s2|s6,n63,True,True
random_dag_4,and_or_forward,54,s2|s6,n64,True,True
random_dag_4,and_or_forward,55,s2|s7,n61,True,True
random_dag_4,and_or_forward,55,s2|s7,n62,True,True
random_dag_4,and_or_forward,55,s2|s7,n63,True,True
random_dag_4,and_or_forward,55,s2|s7,n64,True,True
random_dag_4,and_or_forward,56,s2|s8,n61,True,True
random_dag_4,and_or_forward,56,s2|s8,n62,True,True
random_dag_4,and_or_forward,56,s2|s8,n63,True,True
random_dag_4,and_or_forward,56,s2|s8,n64,True,True
random_dag_4,and_or_forward,57,s2|s9,n61,True,True
random_dag_4,and_or_forward,57,s2|s9,n62,True,True
random_dag_4,and_or_forward,57,s2|s9,n63,True,True
random_dag_4,and_or_forward,57,s2|s9,n64,True,True
random_dag_4,and_or_forward,58,s3|s4,n61,True,True
random_dag_4,and_or_forward,58,s3|s4,n62,False,False
random_dag_4,and_or_forward,58,s3|s4,n63,True,True
random_dag_4,and_or_forward,58,s3|s4,n64,True,True
random_dag_4,and_or_forward,59,s3|s5,n61,False,False
random_dag_4,and_or_forward,59,s3|s5,n62,False,False
random_dag_4,and_or_forward,59,s3|s5,n63,False,False
random_dag_4,and_or_forward,59,s3|s5,n64,True,True
random_dag_4,and_or_forward,60,s3|s6,n61,True,True
random_dag_4,and_or_forward,60,s3|s6,n62,False,False
random_dag_4,and_or_forward,60,s3|s6,n63,True,True
random_dag_4,and_or_forward,60,s3|s6,n64,True,True
random_dag_4,and_or_forward,61,s3|s7,n61,True,True
random_dag_4,and_or_forward,61,s3|s7,n62,True,True
random_dag_4,and_or_forward,61,s3|s7,n63,True,True
random_dag_4,and_or_forward,61,s3|s7,n64,True,True
random_dag_4,and_or_forward,62,s3|s8,n61,True,True
random_dag_4,and_or_forward,62,s3|s8,n62,True,True
random_dag_4,and_or_forward,62,s3|s8,n63,True,True
random_dag_4,and_or_forward,62,s3|s8,n64,True,True
random_dag_4,and_or_forward,63,s3|s9,n61,True,True
random_dag_4,and_or_forward,63,s3|s9,n62,True,True
random_dag_4,and_or_forward,63,s3|s9,n63,True,True
random_dag_4,and_or_forward,63,s3|s9,n64,True,True
random_dag_4,and_or_forward,64,s4|s5,n61,False,False
random_dag_4,and_or_forward,64,s4|s5,n62,False,False
random_dag_4,and_or_forward,64,s4|s5,n63,False,False
random_dag_4,and_or_forward,64,s4|s5,n64,False,False
random_dag_4,and_or_forward,65,s4|s6,n61,True,True
random_dag_4,and_or_forward,65,s4|s6,n62,False,False
random_dag_4,and_or_forward,65,s4|s6,n63,True,True
random_dag_4,and_or_forward,65,s4|s6,n64,True,True
random_dag_4,and_or_forward,66,s4|s7,n61,True,True
random_dag_4,and_or_forward,66,s4|s7,n62,True,True
random_dag_4,and_or_forward,66,s4|s7,n63,True,True
random_dag_4,and_or_forward,66,s4|s7,n64,True,True
random_dag_4,and_or_forward,67,s4|s8,n61,True,True
random_dag_4,and_or_forward,67,s4|s8,n62,True,True
random_dag_4,and_or_forward,67,s4|s8,n63,True,True
random_dag_4,and_or_forward,67,s4|s8,n64,True,True
random_dag_4,and_or_forward,68,s4|s9,n61,True,True
random_dag_4,and_or_forward,68,s4|s9,n62,True,True
random_dag_4,and_or_forward,68,s4|s9,n63,True,True
random_dag_4,and_or_forward,68,s4|s9,n64,True,True
random_dag_4,and_or_forward,69,s5|s6,n61,False,False
random_dag_4,and_or_forward,69,s5|s6,n62,False,False
random_dag_4,and_or_forward,69,s5|s6,n63,False,False
random_dag_4,and_or_forward,69,s5|s6,n64,True,True
random_dag_4,and_or_forward,70,s5|s7,n61,False,False
random_dag_4,and_or_forward,70,s5|s7,n62,False,False
random_dag_4,and_or_forward,70,s5|s7,n63,False,False
random_dag_4,and_or_forward,70,s5|s7,n64,True,True
random_dag_4,and_or_forward,71,s5|s8,n61,False,False
random_dag_4,and_or_forward,71,s5|s8,n62,False,False
random_dag_4,and_or_forward,71,s5|s8,n63,False,False
random_dag_4,and_or_forward,71,s5|s8,n64,True,True
random_dag_4,and_or_forward,72,s5|s9,n61,False,False
random_dag_4,and_or_forward,72,s5|s9,n62,False,False
random_dag_4,and_or_forward,72,s5|s9,n63,False,False
random_dag_4,and_or_forward,72,s5|s9,n64,True,True
random_dag_4,and_or_forward,73,s6|s7,n61,True,True
random_dag_4,and_or_forward,73,s6|s7,n62,False,False
random_dag_4,and_or_forward,73,s6|s7,n63,True,True
random_dag_4,and_or_forward,73,s6|s7,n64,True,True
random_dag_4,and_or_forward,74,s6|s8,n61,True,True
random_dag_4,and_or_forward,74,s6|s8,n62,False,False
random_dag_4,and_or_forward,74,s6|s8,n63,True,True
random_dag_4,and_or_forward,74,s6|s8,n64,True,True
random_dag_4,and_or_forward,75,s6|s9,n61,True,True
random_dag_4,and_or_forward,75,s6|s9,n62,False,False
random_dag_4,and_or_forward,75,s6|s9,n63,True,True
random_dag_4,and_or_forward,75,s6|s9,n64,True,True
random_dag_4,and_or_forward,76,s7|s8,n61,True,True
random_dag_4,and_or_forward,76,s7|s8,n62,True,True
random_dag_4,and_or_forward,76,s7|s8,n63,True,True
random_dag_4,and_or_forward,76,s7|s8,n64,True,True
random_dag_4,and_or_forward,77,s7|s9,n61,True,True
random_dag_4,and_or_forward,77,s7|s9,n62,True,True
random_dag_4,and_or_forward,77,s7|s9,n63,True,True
random_dag_4,and_or_forward,77,s7|s9,n64,True,True
random_dag_4,and_or_forward,78,s8|s9,n61,True,True
random_dag_4,and_or_forward,78,s8|s9,n62,True,True
random_dag_4,and_or_forward,78,s8|s9,n63,True,True
random_dag_4,and_or_forward,78,s8|s9,n64,True,True
random_dag_4,and_or_forward,79,s0|s1|s10|s11|s2|s3|s4|s5|s6|s7|s8|s9,n61,False,False
random_dag_4,and_or_forward,79,s0|s1|s10|s11|s2|s3|s4|s5|s6|s7|s8|s9,n62,False,False
random_dag_4,and_or_forward,79,s0|s1|s10|s11|s2|s3|s4|s5|s6|s7|s8|s9,n63,False,False
random_dag_4,and_or_forward,79,s0|s1|s10|s11|s2|s3|s4|s5|s6|s7|s8|s9,n64,False,False
random_dag_4,r207_scalar,0,,n61,True,True
random_dag_4,r207_scalar,0,,n62,True,True
random_dag_4,r207_scalar,0,,n63,True,True
random_dag_4,r207_scalar,0,,n64,True,True
random_dag_4,r207_scalar,1,s0,n61,True,True
random_dag_4,r207_scalar,1,s0,n62,True,True
random_dag_4,r207_scalar,1,s0,n63,True,True
random_dag_4,r207_scalar,1,s0,n64,True,True
random_dag_4,r207_scalar,2,s1,n61,True,True
random_dag_4,r207_scalar,2,s1,n62,True,True
random_dag_4,r207_scalar,2,s1,n63,True,True
random_dag_4,r207_scalar,2,s1,n64,True,True
random_dag_4,r207_scalar,3,s10,n61,True,True
random_dag_4,r207_scalar,3,s10,n62,True,True
random_dag_4,r207_scalar,3,s10,n63,False,False
random_dag_4,r207_scalar,3,s10,n64,True,True
random_dag_4,r207_scalar,4,s11,n61,True,True
random_dag_4,r207_scalar,4,s11,n62,True,True
random_dag_4,r207_scalar,4,s11,n63,True,True
random_dag_4,r207_scalar,4,s11,n64,True,True
random_dag_4,r207_scalar,5,s2,n61,True,True
random_dag_4,r207_scalar,5,s2,n62,True,True
random_dag_4,r207_scalar,5,s2,n63,True,True
random_dag_4,r207_scalar,5,s2,n64,True,True
random_dag_4,r207_scalar,6,s3,n61,True,True
random_dag_4,r207_scalar,6,s3,n62,True,True
random_dag_4,r207_scalar,6,s3,n63,True,True
random_dag_4,r207_scalar,6,s3,n64,True,True
random_dag_4,r207_scalar,7,s4,n61,True,True
random_dag_4,r207_scalar,7,s4,n62,True,True
random_dag_4,r207_scalar,7,s4,n63,True,True
random_dag_4,r207_scalar,7,s4,n64,True,True
random_dag_4,r207_scalar,8,s5,n61,False,False
random_dag_4,r207_scalar,8,s5,n62,False,False
random_dag_4,r207_scalar,8,s5,n63,False,False
random_dag_4,r207_scalar,8,s5,n64,True,True
random_dag_4,r207_scalar,9,s6,n61,True,True
random_dag_4,r207_scalar,9,s6,n62,False,False
random_dag_4,r207_scalar,9,s6,n63,True,True
random_dag_4,r207_scalar,9,s6,n64,True,True
random_dag_4,r207_scalar,10,s7,n61,True,True
random_dag_4,r207_scalar,10,s7,n62,True,True
random_dag_4,r207_scalar,10,s7,n63,True,True
random_dag_4,r207_scalar,10,s7,n64,True,True
random_dag_4,r207_scalar,11,s8,n61,True,True
random_dag_4,r207_scalar,11,s8,n62,True,True
random_dag_4,r207_scalar,11,s8,n63,True,True
random_dag_4,r207_scalar,11,s8,n64,True,True
random_dag_4,r207_scalar,12,s9,n61,True,True
random_dag_4,r207_scalar,12,s9,n62,True,True
random_dag_4,r207_scalar,12,s9,n63,True,True
random_dag_4,r207_scalar,12,s9,n64,True,True
random_dag_4,r207_scalar,13,s0|s1,n61,True,True
random_dag_4,r207_scalar,13,s0|s1,n62,True,True
random_dag_4,r207_scalar,13,s0|s1,n63,True,True
random_dag_4,r207_scalar,13,s0|s1,n64,True,True
random_dag_4,r207_scalar,14,s0|s10,n61,True,True
random_dag_4,r207_scalar,14,s0|s10,n62,True,True
random_dag_4,r207_scalar,14,s0|s10,n63,False,False
random_dag_4,r207_scalar,14,s0|s10,n64,True,True
random_dag_4,r207_scalar,15,s0|s11,n61,False,False
random_dag_4,r207_scalar,15,s0|s11,n62,True,True
random_dag_4,r207_scalar,15,s0|s11,n63,True,True
random_dag_4,r207_scalar,15,s0|s11,n64,True,True
random_dag_4,r207_scalar,16,s0|s2,n61,True,True
random_dag_4,r207_scalar,16,s0|s2,n62,True,True
random_dag_4,r207_scalar,16,s0|s2,n63,True,True
random_dag_4,r207_scalar,16,s0|s2,n64,True,True
random_dag_4,r207_scalar,17,s0|s3,n61,True,True
random_dag_4,r207_scalar,17,s0|s3,n62,True,True
random_dag_4,r207_scalar,17,s0|s3,n63,True,True
random_dag_4,r207_scalar,17,s0|s3,n64,True,True
random_dag_4,r207_scalar,18,s0|s4,n61,True,True
random_dag_4,r207_scalar,18,s0|s4,n62,True,True
random_dag_4,r207_scalar,18,s0|s4,n63,True,True
random_dag_4,r207_scalar,18,s0|s4,n64,False,False
random_dag_4,r207_scalar,19,s0|s5,n61,False,False
random_dag_4,r207_scalar,19,s0|s5,n62,False,False
random_dag_4,r207_scalar,19,s0|s5,n63,False,False
random_dag_4,r207_scalar,19,s0|s5,n64,True,True
random_dag_4,r207_scalar,20,s0|s6,n61,True,True
random_dag_4,r207_scalar,20,s0|s6,n62,False,False
random_dag_4,r207_scalar,20,s0|s6,n63,True,True
random_dag_4,r207_scalar,20,s0|s6,n64,True,True
random_dag_4,r207_scalar,21,s0|s7,n61,True,True
random_dag_4,r207_scalar,21,s0|s7,n62,True,True
random_dag_4,r207_scalar,21,s0|s7,n63,True,True
random_dag_4,r207_scalar,21,s0|s7,n64,True,True
random_dag_4,r207_scalar,22,s0|s8,n61,True,True
random_dag_4,r207_scalar,22,s0|s8,n62,True,True
random_dag_4,r207_scalar,22,s0|s8,n63,True,True
random_dag_4,r207_scalar,22,s0|s8,n64,True,True
random_dag_4,r207_scalar,23,s0|s9,n61,True,True
random_dag_4,r207_scalar,23,s0|s9,n62,True,True
random_dag_4,r207_scalar,23,s0|s9,n63,True,True
random_dag_4,r207_scalar,23,s0|s9,n64,True,True
random_dag_4,r207_scalar,24,s1|s10,n61,True,True
random_dag_4,r207_scalar,24,s1|s10,n62,True,True
random_dag_4,r207_scalar,24,s1|s10,n63,False,False
random_dag_4,r207_scalar,24,s1|s10,n64,True,True
random_dag_4,r207_scalar,25,s1|s11,n61,False,False
random_dag_4,r207_scalar,25,s1|s11,n62,True,True
random_dag_4,r207_scalar,25,s1|s11,n63,True,True
random_dag_4,r207_scalar,25,s1|s11,n64,True,True
random_dag_4,r207_scalar,26,s1|s2,n61,True,True
random_dag_4,r207_scalar,26,s1|s2,n62,True,True
random_dag_4,r207_scalar,26,s1|s2,n63,True,True
random_dag_4,r207_scalar,26,s1|s2,n64,True,True
random_dag_4,r207_scalar,27,s1|s3,n61,True,True
random_dag_4,r207_scalar,27,s1|s3,n62,True,True
random_dag_4,r207_scalar,27,s1|s3,n63,True,True
random_dag_4,r207_scalar,27,s1|s3,n64,True,True
random_dag_4,r207_scalar,28,s1|s4,n61,True,True
random_dag_4,r207_scalar,28,s1|s4,n62,True,True
random_dag_4,r207_scalar,28,s1|s4,n63,True,True
random_dag_4,r207_scalar,28,s1|s4,n64,True,True
random_dag_4,r207_scalar,29,s1|s5,n61,False,False
random_dag_4,r207_scalar,29,s1|s5,n62,False,False
random_dag_4,r207_scalar,29,s1|s5,n63,False,False
random_dag_4,r207_scalar,29,s1|s5,n64,True,True
random_dag_4,r207_scalar,30,s1|s6,n61,True,True
random_dag_4,r207_scalar,30,s1|s6,n62,False,False
random_dag_4,r207_scalar,30,s1|s6,n63,True,True
random_dag_4,r207_scalar,30,s1|s6,n64,True,True
random_dag_4,r207_scalar,31,s1|s7,n61,True,True
random_dag_4,r207_scalar,31,s1|s7,n62,True,True
random_dag_4,r207_scalar,31,s1|s7,n63,True,True
random_dag_4,r207_scalar,31,s1|s7,n64,True,True
random_dag_4,r207_scalar,32,s1|s8,n61,True,True
random_dag_4,r207_scalar,32,s1|s8,n62,True,True
random_dag_4,r207_scalar,32,s1|s8,n63,True,True
random_dag_4,r207_scalar,32,s1|s8,n64,True,True
random_dag_4,r207_scalar,33,s1|s9,n61,True,True
random_dag_4,r207_scalar,33,s1|s9,n62,True,True
random_dag_4,r207_scalar,33,s1|s9,n63,True,True
random_dag_4,r207_scalar,33,s1|s9,n64,True,True
random_dag_4,r207_scalar,34,s10|s11,n61,True,True
random_dag_4,r207_scalar,34,s10|s11,n62,True,True
random_dag_4,r207_scalar,34,s10|s11,n63,False,False
random_dag_4,r207_scalar,34,s10|s11,n64,True,True
random_dag_4,r207_scalar,35,s10|s2,n61,True,True
random_dag_4,r207_scalar,35,s10|s2,n62,True,True
random_dag_4,r207_scalar,35,s10|s2,n63,False,False
random_dag_4,r207_scalar,35,s10|s2,n64,True,True
random_dag_4,r207_scalar,36,s10|s3,n61,True,True
random_dag_4,r207_scalar,36,s10|s3,n62,True,True
random_dag_4,r207_scalar,36,s10|s3,n63,False,False
random_dag_4,r207_scalar,36,s10|s3,n64,True,True
random_dag_4,r207_scalar,37,s10|s4,n61,True,True
random_dag_4,r207_scalar,37,s10|s4,n62,True,True
random_dag_4,r207_scalar,37,s10|s4,n63,False,False
random_dag_4,r207_scalar,37,s10|s4,n64,True,True
random_dag_4,r207_scalar,38,s10|s5,n61,False,False
random_dag_4,r207_scalar,38,s10|s5,n62,False,False
random_dag_4,r207_scalar,38,s10|s5,n63,False,False
random_dag_4,r207_scalar,38,s10|s5,n64,True,True
random_dag_4,r207_scalar,39,s10|s6,n61,True,True
random_dag_4,r207_scalar,39,s10|s6,n62,False,False
random_dag_4,r207_scalar,39,s10|s6,n63,False,False
random_dag_4,r207_scalar,39,s10|s6,n64,True,True
random_dag_4,r207_scalar,40,s10|s7,n61,True,True
random_dag_4,r207_scalar,40,s10|s7,n62,True,True
random_dag_4,r207_scalar,40,s10|s7,n63,False,False
random_dag_4,r207_scalar,40,s10|s7,n64,True,True
random_dag_4,r207_scalar,41,s10|s8,n61,True,True
random_dag_4,r207_scalar,41,s10|s8,n62,True,True
random_dag_4,r207_scalar,41,s10|s8,n63,False,False
random_dag_4,r207_scalar,41,s10|s8,n64,True,True
random_dag_4,r207_scalar,42,s10|s9,n61,True,True
random_dag_4,r207_scalar,42,s10|s9,n62,True,True
random_dag_4,r207_scalar,42,s10|s9,n63,False,False
random_dag_4,r207_scalar,42,s10|s9,n64,True,True
random_dag_4,r207_scalar,43,s11|s2,n61,True,True
random_dag_4,r207_scalar,43,s11|s2,n62,True,True
random_dag_4,r207_scalar,43,s11|s2,n63,True,True
random_dag_4,r207_scalar,43,s11|s2,n64,True,True
random_dag_4,r207_scalar,44,s11|s3,n61,False,False
random_dag_4,r207_scalar,44,s11|s3,n62,True,True
random_dag_4,r207_scalar,44,s11|s3,n63,True,True
random_dag_4,r207_scalar,44,s11|s3,n64,True,True
random_dag_4,r207_scalar,45,s11|s4,n61,True,True
random_dag_4,r207_scalar,45,s11|s4,n62,True,True
random_dag_4,r207_scalar,45,s11|s4,n63,True,True
random_dag_4,r207_scalar,45,s11|s4,n64,True,True
random_dag_4,r207_scalar,46,s11|s5,n61,False,False
random_dag_4,r207_scalar,46,s11|s5,n62,False,False
random_dag_4,r207_scalar,46,s11|s5,n63,False,False
random_dag_4,r207_scalar,46,s11|s5,n64,True,True
random_dag_4,r207_scalar,47,s11|s6,n61,True,True
random_dag_4,r207_scalar,47,s11|s6,n62,False,False
random_dag_4,r207_scalar,47,s11|s6,n63,True,True
random_dag_4,r207_scalar,47,s11|s6,n64,True,True
random_dag_4,r207_scalar,48,s11|s7,n61,False,False
random_dag_4,r207_scalar,48,s11|s7,n62,True,True
random_dag_4,r207_scalar,48,s11|s7,n63,True,True
random_dag_4,r207_scalar,48,s11|s7,n64,True,True
random_dag_4,r207_scalar,49,s11|s8,n61,False,False
random_dag_4,r207_scalar,49,s11|s8,n62,True,True
random_dag_4,r207_scalar,49,s11|s8,n63,True,True
random_dag_4,r207_scalar,49,s11|s8,n64,True,True
random_dag_4,r207_scalar,50,s11|s9,n61,True,True
random_dag_4,r207_scalar,50,s11|s9,n62,True,True
random_dag_4,r207_scalar,50,s11|s9,n63,True,True
random_dag_4,r207_scalar,50,s11|s9,n64,True,True
random_dag_4,r207_scalar,51,s2|s3,n61,True,True
random_dag_4,r207_scalar,51,s2|s3,n62,True,True
random_dag_4,r207_scalar,51,s2|s3,n63,True,True
random_dag_4,r207_scalar,51,s2|s3,n64,True,True
random_dag_4,r207_scalar,52,s2|s4,n61,True,True
random_dag_4,r207_scalar,52,s2|s4,n62,True,True
random_dag_4,r207_scalar,52,s2|s4,n63,True,True
random_dag_4,r207_scalar,52,s2|s4,n64,True,True
random_dag_4,r207_scalar,53,s2|s5,n61,False,False
random_dag_4,r207_scalar,53,s2|s5,n62,False,False
random_dag_4,r207_scalar,53,s2|s5,n63,False,False
random_dag_4,r207_scalar,53,s2|s5,n64,True,True
random_dag_4,r207_scalar,54,s2|s6,n61,True,True
random_dag_4,r207_scalar,54,s2|s6,n62,False,False
random_dag_4,r207_scalar,54,s2|s6,n63,True,True
random_dag_4,r207_scalar,54,s2|s6,n64,True,True
random_dag_4,r207_scalar,55,s2|s7,n61,True,True
random_dag_4,r207_scalar,55,s2|s7,n62,True,True
random_dag_4,r207_scalar,55,s2|s7,n63,True,True
random_dag_4,r207_scalar,55,s2|s7,n64,True,True
random_dag_4,r207_scalar,56,s2|s8,n61,True,True
random_dag_4,r207_scalar,56,s2|s8,n62,True,True
random_dag_4,r207_scalar,56,s2|s8,n63,True,True
random_dag_4,r207_scalar,56,s2|s8,n64,True,True
random_dag_4,r207_scalar,57,s2|s9,n61,True,True
random_dag_4,r207_scalar,57,s2|s9,n62,True,True
random_dag_4,r207_scalar,57,s2|s9,n63,True,True
random_dag_4,r207_scalar,57,s2|s9,n64,True,True
random_dag_4,r207_scalar,58,s3|s4,n61,True,True
random_dag_4,r207_scalar,58,s3|s4,n62,False,False
random_dag_4,r207_scalar,58,s3|s4,n63,True,True
random_dag_4,r207_scalar,58,s3|s4,n64,True,True
random_dag_4,r207_scalar,59,s3|s5,n61,False,False
random_dag_4,r207_scalar,59,s3|s5,n62,False,False
random_dag_4,r207_scalar,59,s3|s5,n63,False,False
random_dag_4,r207_scalar,59,s3|s5,n64,True,True
random_dag_4,r207_scalar,60,s3|s6,n61,True,True
random_dag_4,r207_scalar,60,s3|s6,n62,False,False
random_dag_4,r207_scalar,60,s3|s6,n63,True,True
random_dag_4,r207_scalar,60,s3|s6,n64,True,True
random_dag_4,r207_scalar,61,s3|s7,n61,True,True
random_dag_4,r207_scalar,61,s3|s7,n62,True,True
random_dag_4,r207_scalar,61,s3|s7,n63,True,True
random_dag_4,r207_scalar,61,s3|s7,n64,True,True
random_dag_4,r207_scalar,62,s3|s8,n61,True,True
random_dag_4,r207_scalar,62,s3|s8,n62,True,True
random_dag_4,r207_scalar,62,s3|s8,n63,True,True
random_dag_4,r207_scalar,62,s3|s8,n64,True,True
random_dag_4,r207_scalar,63,s3|s9,n61,True,True
random_dag_4,r207_scalar,63,s3|s9,n62,True,True
random_dag_4,r207_scalar,63,s3|s9,n63,True,True
random_dag_4,r207_scalar,63,s3|s9,n64,True,True
random_dag_4,r207_scalar,64,s4|s5,n61,False,False
random_dag_4,r207_scalar,64,s4|s5,n62,False,False
random_dag_4,r207_scalar,64,s4|s5,n63,False,False
random_dag_4,r207_scalar,64,s4|s5,n64,False,False
random_dag_4,r207_scalar,65,s4|s6,n61,True,True
random_dag_4,r207_scalar,65,s4|s6,n62,False,False
random_dag_4,r207_scalar,65,s4|s6,n63,True,True
random_dag_4,r207_scalar,65,s4|s6,n64,True,True
random_dag_4,r207_scalar,66,s4|s7,n61,True,True
random_dag_4,r207_scalar,66,s4|s7,n62,True,True
random_dag_4,r207_scalar,66,s4|s7,n63,True,True
random_dag_4,r207_scalar,66,s4|s7,n64,True,True
random_dag_4,r207_scalar,67,s4|s8,n61,True,True
random_dag_4,r207_scalar,67,s4|s8,n62,True,True
random_dag_4,r207_scalar,67,s4|s8,n63,True,True
random_dag_4,r207_scalar,67,s4|s8,n64,True,True
random_dag_4,r207_scalar,68,s4|s9,n61,True,True
random_dag_4,r207_scalar,68,s4|s9,n62,True,True
random_dag_4,r207_scalar,68,s4|s9,n63,True,True
random_dag_4,r207_scalar,68,s4|s9,n64,True,True
random_dag_4,r207_scalar,69,s5|s6,n61,False,False
random_dag_4,r207_scalar,69,s5|s6,n62,False,False
random_dag_4,r207_scalar,69,s5|s6,n63,False,False
random_dag_4,r207_scalar,69,s5|s6,n64,True,True
random_dag_4,r207_scalar,70,s5|s7,n61,False,False
random_dag_4,r207_scalar,70,s5|s7,n62,False,False
random_dag_4,r207_scalar,70,s5|s7,n63,False,False
random_dag_4,r207_scalar,70,s5|s7,n64,True,True
random_dag_4,r207_scalar,71,s5|s8,n61,False,False
random_dag_4,r207_scalar,71,s5|s8,n62,False,False
random_dag_4,r207_scalar,71,s5|s8,n63,False,False
random_dag_4,r207_scalar,71,s5|s8,n64,True,True
random_dag_4,r207_scalar,72,s5|s9,n61,False,False
random_dag_4,r207_scalar,72,s5|s9,n62,False,False
random_dag_4,r207_scalar,72,s5|s9,n63,False,False
random_dag_4,r207_scalar,72,s5|s9,n64,True,True
random_dag_4,r207_scalar,73,s6|s7,n61,True,True
random_dag_4,r207_scalar,73,s6|s7,n62,False,False
random_dag_4,r207_scalar,73,s6|s7,n63,True,True
random_dag_4,r207_scalar,73,s6|s7,n64,True,True
random_dag_4,r207_scalar,74,s6|s8,n61,True,True
random_dag_4,r207_scalar,74,s6|s8,n62,False,False
random_dag_4,r207_scalar,74,s6|s8,n63,True,True
random_dag_4,r207_scalar,74,s6|s8,n64,True,True
random_dag_4,r207_scalar,75,s6|s9,n61,True,True
random_dag_4,r207_scalar,75,s6|s9,n62,False,False
random_dag_4,r207_scalar,75,s6|s9,n63,True,True
random_dag_4,r207_scalar,75,s6|s9,n64,True,True
random_dag_4,r207_scalar,76,s7|s8,n61,True,True
random_dag_4,r207_scalar,76,s7|s8,n62,True,True
random_dag_4,r207_scalar,76,s7|s8,n63,True,True
random_dag_4,r207_scalar,76,s7|s8,n64,True,True
random_dag_4,r207_scalar,77,s7|s9,n61,True,True
random_dag_4,r207_scalar,77,s7|s9,n62,True,True
random_dag_4,r207_scalar,77,s7|s9,n63,True,True
random_dag_4,r207_scalar,77,s7|s9,n64,True,True
random_dag_4,r207_scalar,78,s8|s9,n61,True,True
random_dag_4,r207_scalar,78,s8|s9,n62,True,True
random_dag_4,r207_scalar,78,s8|s9,n63,True,True
random_dag_4,r207_scalar,78,s8|s9,n64,True,True
random_dag_4,r207_scalar,79,s0|s1|s10|s11|s2|s3|s4|s5|s6|s7|s8|s9,n61,False,False
random_dag_4,r207_scalar,79,s0|s1|s10|s11|s2|s3|s4|s5|s6|s7|s8|s9,n62,False,False
random_dag_4,r207_scalar,79,s0|s1|s10|s11|s2|s3|s4|s5|s6|s7|s8|s9,n63,False,False
random_dag_4,r207_scalar,79,s0|s1|s10|s11|s2|s3|s4|s5|s6|s7|s8|s9,n64,False,False
random_dag_4,r207_bitset,0,,n61,True,True
random_dag_4,r207_bitset,0,,n62,True,True
random_dag_4,r207_bitset,0,,n63,True,True
random_dag_4,r207_bitset,0,,n64,True,True
random_dag_4,r207_bitset,1,s0,n61,True,True
random_dag_4,r207_bitset,1,s0,n62,True,True
random_dag_4,r207_bitset,1,s0,n63,True,True
random_dag_4,r207_bitset,1,s0,n64,True,True
random_dag_4,r207_bitset,2,s1,n61,True,True
random_dag_4,r207_bitset,2,s1,n62,True,True
random_dag_4,r207_bitset,2,s1,n63,True,True
random_dag_4,r207_bitset,2,s1,n64,True,True
random_dag_4,r207_bitset,3,s10,n61,True,True
random_dag_4,r207_bitset,3,s10,n62,True,True
random_dag_4,r207_bitset,3,s10,n63,False,False
random_dag_4,r207_bitset,3,s10,n64,True,True
random_dag_4,r207_bitset,4,s11,n61,True,True
random_dag_4,r207_bitset,4,s11,n62,True,True
random_dag_4,r207_bitset,4,s11,n63,True,True
random_dag_4,r207_bitset,4,s11,n64,True,True
random_dag_4,r207_bitset,5,s2,n61,True,True
random_dag_4,r207_bitset,5,s2,n62,True,True
random_dag_4,r207_bitset,5,s2,n63,True,True
random_dag_4,r207_bitset,5,s2,n64,True,True
random_dag_4,r207_bitset,6,s3,n61,True,True
random_dag_4,r207_bitset,6,s3,n62,True,True
random_dag_4,r207_bitset,6,s3,n63,True,True
random_dag_4,r207_bitset,6,s3,n64,True,True
random_dag_4,r207_bitset,7,s4,n61,True,True
random_dag_4,r207_bitset,7,s4,n62,True,True
random_dag_4,r207_bitset,7,s4,n63,True,True
random_dag_4,r207_bitset,7,s4,n64,True,True
random_dag_4,r207_bitset,8,s5,n61,False,False
random_dag_4,r207_bitset,8,s5,n62,False,False
random_dag_4,r207_bitset,8,s5,n63,False,False
random_dag_4,r207_bitset,8,s5,n64,True,True
random_dag_4,r207_bitset,9,s6,n61,True,True
random_dag_4,r207_bitset,9,s6,n62,False,False
random_dag_4,r207_bitset,9,s6,n63,True,True
random_dag_4,r207_bitset,9,s6,n64,True,True
random_dag_4,r207_bitset,10,s7,n61,True,True
random_dag_4,r207_bitset,10,s7,n62,True,True
random_dag_4,r207_bitset,10,s7,n63,True,True
random_dag_4,r207_bitset,10,s7,n64,True,True
random_dag_4,r207_bitset,11,s8,n61,True,True
random_dag_4,r207_bitset,11,s8,n62,True,True
random_dag_4,r207_bitset,11,s8,n63,True,True
random_dag_4,r207_bitset,11,s8,n64,True,True
random_dag_4,r207_bitset,12,s9,n61,True,True
random_dag_4,r207_bitset,12,s9,n62,True,True
random_dag_4,r207_bitset,12,s9,n63,True,True
random_dag_4,r207_bitset,12,s9,n64,True,True
random_dag_4,r207_bitset,13,s0|s1,n61,True,True
random_dag_4,r207_bitset,13,s0|s1,n62,True,True
random_dag_4,r207_bitset,13,s0|s1,n63,True,True
random_dag_4,r207_bitset,13,s0|s1,n64,True,True
random_dag_4,r207_bitset,14,s0|s10,n61,True,True
random_dag_4,r207_bitset,14,s0|s10,n62,True,True
random_dag_4,r207_bitset,14,s0|s10,n63,False,False
random_dag_4,r207_bitset,14,s0|s10,n64,True,True
random_dag_4,r207_bitset,15,s0|s11,n61,False,False
random_dag_4,r207_bitset,15,s0|s11,n62,True,True
random_dag_4,r207_bitset,15,s0|s11,n63,True,True
random_dag_4,r207_bitset,15,s0|s11,n64,True,True
random_dag_4,r207_bitset,16,s0|s2,n61,True,True
random_dag_4,r207_bitset,16,s0|s2,n62,True,True
random_dag_4,r207_bitset,16,s0|s2,n63,True,True
random_dag_4,r207_bitset,16,s0|s2,n64,True,True
random_dag_4,r207_bitset,17,s0|s3,n61,True,True
random_dag_4,r207_bitset,17,s0|s3,n62,True,True
random_dag_4,r207_bitset,17,s0|s3,n63,True,True
random_dag_4,r207_bitset,17,s0|s3,n64,True,True
random_dag_4,r207_bitset,18,s0|s4,n61,True,True
random_dag_4,r207_bitset,18,s0|s4,n62,True,True
random_dag_4,r207_bitset,18,s0|s4,n63,True,True
random_dag_4,r207_bitset,18,s0|s4,n64,False,False
random_dag_4,r207_bitset,19,s0|s5,n61,False,False
random_dag_4,r207_bitset,19,s0|s5,n62,False,False
random_dag_4,r207_bitset,19,s0|s5,n63,False,False
random_dag_4,r207_bitset,19,s0|s5,n64,True,True
random_dag_4,r207_bitset,20,s0|s6,n61,True,True
random_dag_4,r207_bitset,20,s0|s6,n62,False,False
random_dag_4,r207_bitset,20,s0|s6,n63,True,True
random_dag_4,r207_bitset,20,s0|s6,n64,True,True
random_dag_4,r207_bitset,21,s0|s7,n61,True,True
random_dag_4,r207_bitset,21,s0|s7,n62,True,True
random_dag_4,r207_bitset,21,s0|s7,n63,True,True
random_dag_4,r207_bitset,21,s0|s7,n64,True,True
random_dag_4,r207_bitset,22,s0|s8,n61,True,True
random_dag_4,r207_bitset,22,s0|s8,n62,True,True
random_dag_4,r207_bitset,22,s0|s8,n63,True,True
random_dag_4,r207_bitset,22,s0|s8,n64,True,True
random_dag_4,r207_bitset,23,s0|s9,n61,True,True
random_dag_4,r207_bitset,23,s0|s9,n62,True,True
random_dag_4,r207_bitset,23,s0|s9,n63,True,True
random_dag_4,r207_bitset,23,s0|s9,n64,True,True
random_dag_4,r207_bitset,24,s1|s10,n61,True,True
random_dag_4,r207_bitset,24,s1|s10,n62,True,True
random_dag_4,r207_bitset,24,s1|s10,n63,False,False
random_dag_4,r207_bitset,24,s1|s10,n64,True,True
random_dag_4,r207_bitset,25,s1|s11,n61,False,False
random_dag_4,r207_bitset,25,s1|s11,n62,True,True
random_dag_4,r207_bitset,25,s1|s11,n63,True,True
random_dag_4,r207_bitset,25,s1|s11,n64,True,True
random_dag_4,r207_bitset,26,s1|s2,n61,True,True
random_dag_4,r207_bitset,26,s1|s2,n62,True,True
random_dag_4,r207_bitset,26,s1|s2,n63,True,True
random_dag_4,r207_bitset,26,s1|s2,n64,True,True
random_dag_4,r207_bitset,27,s1|s3,n61,True,True
random_dag_4,r207_bitset,27,s1|s3,n62,True,True
random_dag_4,r207_bitset,27,s1|s3,n63,True,True
random_dag_4,r207_bitset,27,s1|s3,n64,True,True
random_dag_4,r207_bitset,28,s1|s4,n61,True,True
random_dag_4,r207_bitset,28,s1|s4,n62,True,True
random_dag_4,r207_bitset,28,s1|s4,n63,True,True
random_dag_4,r207_bitset,28,s1|s4,n64,True,True
random_dag_4,r207_bitset,29,s1|s5,n61,False,False
random_dag_4,r207_bitset,29,s1|s5,n62,False,False
random_dag_4,r207_bitset,29,s1|s5,n63,False,False
random_dag_4,r207_bitset,29,s1|s5,n64,True,True
random_dag_4,r207_bitset,30,s1|s6,n61,True,True
random_dag_4,r207_bitset,30,s1|s6,n62,False,False
random_dag_4,r207_bitset,30,s1|s6,n63,True,True
random_dag_4,r207_bitset,30,s1|s6,n64,True,True
random_dag_4,r207_bitset,31,s1|s7,n61,True,True
random_dag_4,r207_bitset,31,s1|s7,n62,True,True
random_dag_4,r207_bitset,31,s1|s7,n63,True,True
random_dag_4,r207_bitset,31,s1|s7,n64,True,True
random_dag_4,r207_bitset,32,s1|s8,n61,True,True
random_dag_4,r207_bitset,32,s1|s8,n62,True,True
random_dag_4,r207_bitset,32,s1|s8,n63,True,True
random_dag_4,r207_bitset,32,s1|s8,n64,True,True
random_dag_4,r207_bitset,33,s1|s9,n61,True,True
random_dag_4,r207_bitset,33,s1|s9,n62,True,True
random_dag_4,r207_bitset,33,s1|s9,n63,True,True
random_dag_4,r207_bitset,33,s1|s9,n64,True,True
random_dag_4,r207_bitset,34,s10|s11,n61,True,True
random_dag_4,r207_bitset,34,s10|s11,n62,True,True
random_dag_4,r207_bitset,34,s10|s11,n63,False,False
random_dag_4,r207_bitset,34,s10|s11,n64,True,True
random_dag_4,r207_bitset,35,s10|s2,n61,True,True
random_dag_4,r207_bitset,35,s10|s2,n62,True,True
random_dag_4,r207_bitset,35,s10|s2,n63,False,False
random_dag_4,r207_bitset,35,s10|s2,n64,True,True
random_dag_4,r207_bitset,36,s10|s3,n61,True,True
random_dag_4,r207_bitset,36,s10|s3,n62,True,True
random_dag_4,r207_bitset,36,s10|s3,n63,False,False
random_dag_4,r207_bitset,36,s10|s3,n64,True,True
random_dag_4,r207_bitset,37,s10|s4,n61,True,True
random_dag_4,r207_bitset,37,s10|s4,n62,True,True
random_dag_4,r207_bitset,37,s10|s4,n63,False,False
random_dag_4,r207_bitset,37,s10|s4,n64,True,True
random_dag_4,r207_bitset,38,s10|s5,n61,False,False
random_dag_4,r207_bitset,38,s10|s5,n62,False,False
random_dag_4,r207_bitset,38,s10|s5,n63,False,False
random_dag_4,r207_bitset,38,s10|s5,n64,True,True
random_dag_4,r207_bitset,39,s10|s6,n61,True,True
random_dag_4,r207_bitset,39,s10|s6,n62,False,False
random_dag_4,r207_bitset,39,s10|s6,n63,False,False
random_dag_4,r207_bitset,39,s10|s6,n64,True,True
random_dag_4,r207_bitset,40,s10|s7,n61,True,True
random_dag_4,r207_bitset,40,s10|s7,n62,True,True
random_dag_4,r207_bitset,40,s10|s7,n63,False,False
random_dag_4,r207_bitset,40,s10|s7,n64,True,True
random_dag_4,r207_bitset,41,s10|s8,n61,True,True
random_dag_4,r207_bitset,41,s10|s8,n62,True,True
random_dag_4,r207_bitset,41,s10|s8,n63,False,False
random_dag_4,r207_bitset,41,s10|s8,n64,True,True
random_dag_4,r207_bitset,42,s10|s9,n61,True,True
random_dag_4,r207_bitset,42,s10|s9,n62,True,True
random_dag_4,r207_bitset,42,s10|s9,n63,False,False
random_dag_4,r207_bitset,42,s10|s9,n64,True,True
random_dag_4,r207_bitset,43,s11|s2,n61,True,True
random_dag_4,r207_bitset,43,s11|s2,n62,True,True
random_dag_4,r207_bitset,43,s11|s2,n63,True,True
random_dag_4,r207_bitset,43,s11|s2,n64,True,True
random_dag_4,r207_bitset,44,s11|s3,n61,False,False
random_dag_4,r207_bitset,44,s11|s3,n62,True,True
random_dag_4,r207_bitset,44,s11|s3,n63,True,True
random_dag_4,r207_bitset,44,s11|s3,n64,True,True
random_dag_4,r207_bitset,45,s11|s4,n61,True,True
random_dag_4,r207_bitset,45,s11|s4,n62,True,True
random_dag_4,r207_bitset,45,s11|s4,n63,True,True
random_dag_4,r207_bitset,45,s11|s4,n64,True,True
random_dag_4,r207_bitset,46,s11|s5,n61,False,False
random_dag_4,r207_bitset,46,s11|s5,n62,False,False
random_dag_4,r207_bitset,46,s11|s5,n63,False,False
random_dag_4,r207_bitset,46,s11|s5,n64,True,True
random_dag_4,r207_bitset,47,s11|s6,n61,True,True
random_dag_4,r207_bitset,47,s11|s6,n62,False,False
random_dag_4,r207_bitset,47,s11|s6,n63,True,True
random_dag_4,r207_bitset,47,s11|s6,n64,True,True
random_dag_4,r207_bitset,48,s11|s7,n61,False,False
random_dag_4,r207_bitset,48,s11|s7,n62,True,True
random_dag_4,r207_bitset,48,s11|s7,n63,True,True
random_dag_4,r207_bitset,48,s11|s7,n64,True,True
random_dag_4,r207_bitset,49,s11|s8,n61,False,False
random_dag_4,r207_bitset,49,s11|s8,n62,True,True
random_dag_4,r207_bitset,49,s11|s8,n63,True,True
random_dag_4,r207_bitset,49,s11|s8,n64,True,True
random_dag_4,r207_bitset,50,s11|s9,n61,True,True
random_dag_4,r207_bitset,50,s11|s9,n62,True,True
random_dag_4,r207_bitset,50,s11|s9,n63,True,True
random_dag_4,r207_bitset,50,s11|s9,n64,True,True
random_dag_4,r207_bitset,51,s2|s3,n61,True,True
random_dag_4,r207_bitset,51,s2|s3,n62,True,True
random_dag_4,r207_bitset,51,s2|s3,n63,True,True
random_dag_4,r207_bitset,51,s2|s3,n64,True,True
random_dag_4,r207_bitset,52,s2|s4,n61,True,True
random_dag_4,r207_bitset,52,s2|s4,n62,True,True
random_dag_4,r207_bitset,52,s2|s4,n63,True,True
random_dag_4,r207_bitset,52,s2|s4,n64,True,True
random_dag_4,r207_bitset,53,s2|s5,n61,False,False
random_dag_4,r207_bitset,53,s2|s5,n62,False,False
random_dag_4,r207_bitset,53,s2|s5,n63,False,False
random_dag_4,r207_bitset,53,s2|s5,n64,True,True
random_dag_4,r207_bitset,54,s2|s6,n61,True,True
random_dag_4,r207_bitset,54,s2|s6,n62,False,False
random_dag_4,r207_bitset,54,s2|s6,n63,True,True
random_dag_4,r207_bitset,54,s2|s6,n64,True,True
random_dag_4,r207_bitset,55,s2|s7,n61,True,True
random_dag_4,r207_bitset,55,s2|s7,n62,True,True
random_dag_4,r207_bitset,55,s2|s7,n63,True,True
random_dag_4,r207_bitset,55,s2|s7,n64,True,True
random_dag_4,r207_bitset,56,s2|s8,n61,True,True
random_dag_4,r207_bitset,56,s2|s8,n62,True,True
random_dag_4,r207_bitset,56,s2|s8,n63,True,True
random_dag_4,r207_bitset,56,s2|s8,n64,True,True
random_dag_4,r207_bitset,57,s2|s9,n61,True,True
random_dag_4,r207_bitset,57,s2|s9,n62,True,True
random_dag_4,r207_bitset,57,s2|s9,n63,True,True
random_dag_4,r207_bitset,57,s2|s9,n64,True,True
random_dag_4,r207_bitset,58,s3|s4,n61,True,True
random_dag_4,r207_bitset,58,s3|s4,n62,False,False
random_dag_4,r207_bitset,58,s3|s4,n63,True,True
random_dag_4,r207_bitset,58,s3|s4,n64,True,True
random_dag_4,r207_bitset,59,s3|s5,n61,False,False
random_dag_4,r207_bitset,59,s3|s5,n62,False,False
random_dag_4,r207_bitset,59,s3|s5,n63,False,False
random_dag_4,r207_bitset,59,s3|s5,n64,True,True
random_dag_4,r207_bitset,60,s3|s6,n61,True,True
random_dag_4,r207_bitset,60,s3|s6,n62,False,False
random_dag_4,r207_bitset,60,s3|s6,n63,True,True
random_dag_4,r207_bitset,60,s3|s6,n64,True,True
random_dag_4,r207_bitset,61,s3|s7,n61,True,True
random_dag_4,r207_bitset,61,s3|s7,n62,True,True
random_dag_4,r207_bitset,61,s3|s7,n63,True,True
random_dag_4,r207_bitset,61,s3|s7,n64,True,True
random_dag_4,r207_bitset,62,s3|s8,n61,True,True
random_dag_4,r207_bitset,62,s3|s8,n62,True,True
random_dag_4,r207_bitset,62,s3|s8,n63,True,True
random_dag_4,r207_bitset,62,s3|s8,n64,True,True
random_dag_4,r207_bitset,63,s3|s9,n61,True,True
random_dag_4,r207_bitset,63,s3|s9,n62,True,True
random_dag_4,r207_bitset,63,s3|s9,n63,True,True
random_dag_4,r207_bitset,63,s3|s9,n64,True,True
random_dag_4,r207_bitset,64,s4|s5,n61,False,False
random_dag_4,r207_bitset,64,s4|s5,n62,False,False
random_dag_4,r207_bitset,64,s4|s5,n63,False,False
random_dag_4,r207_bitset,64,s4|s5,n64,False,False
random_dag_4,r207_bitset,65,s4|s6,n61,True,True
random_dag_4,r207_bitset,65,s4|s6,n62,False,False
random_dag_4,r207_bitset,65,s4|s6,n63,True,True
random_dag_4,r207_bitset,65,s4|s6,n64,True,True
random_dag_4,r207_bitset,66,s4|s7,n61,True,True
random_dag_4,r207_bitset,66,s4|s7,n62,True,True
random_dag_4,r207_bitset,66,s4|s7,n63,True,True
random_dag_4,r207_bitset,66,s4|s7,n64,True,True
random_dag_4,r207_bitset,67,s4|s8,n61,True,True
random_dag_4,r207_bitset,67,s4|s8,n62,True,True
random_dag_4,r207_bitset,67,s4|s8,n63,True,True
random_dag_4,r207_bitset,67,s4|s8,n64,True,True
random_dag_4,r207_bitset,68,s4|s9,n61,True,True
random_dag_4,r207_bitset,68,s4|s9,n62,True,True
random_dag_4,r207_bitset,68,s4|s9,n63,True,True
random_dag_4,r207_bitset,68,s4|s9,n64,True,True
random_dag_4,r207_bitset,69,s5|s6,n61,False,False
random_dag_4,r207_bitset,69,s5|s6,n62,False,False
random_dag_4,r207_bitset,69,s5|s6,n63,False,False
random_dag_4,r207_bitset,69,s5|s6,n64,True,True
random_dag_4,r207_bitset,70,s5|s7,n61,False,False
random_dag_4,r207_bitset,70,s5|s7,n62,False,False
random_dag_4,r207_bitset,70,s5|s7,n63,False,False
random_dag_4,r207_bitset,70,s5|s7,n64,True,True
random_dag_4,r207_bitset,71,s5|s8,n61,False,False
random_dag_4,r207_bitset,71,s5|s8,n62,False,False
random_dag_4,r207_bitset,71,s5|s8,n63,False,False
random_dag_4,r207_bitset,71,s5|s8,n64,True,True
random_dag_4,r207_bitset,72,s5|s9,n61,False,False
random_dag_4,r207_bitset,72,s5|s9,n62,False,False
random_dag_4,r207_bitset,72,s5|s9,n63,False,False
random_dag_4,r207_bitset,72,s5|s9,n64,True,True
random_dag_4,r207_bitset,73,s6|s7,n61,True,True
random_dag_4,r207_bitset,73,s6|s7,n62,False,False
random_dag_4,r207_bitset,73,s6|s7,n63,True,True
random_dag_4,r207_bitset,73,s6|s7,n64,True,True
random_dag_4,r207_bitset,74,s6|s8,n61,True,True
random_dag_4,r207_bitset,74,s6|s8,n62,False,False
random_dag_4,r207_bitset,74,s6|s8,n63,True,True
random_dag_4,r207_bitset,74,s6|s8,n64,True,True
random_dag_4,r207_bitset,75,s6|s9,n61,True,True
random_dag_4,r207_bitset,75,s6|s9,n62,False,False
random_dag_4,r207_bitset,75,s6|s9,n63,True,True
random_dag_4,r207_bitset,75,s6|s9,n64,True,True
random_dag_4,r207_bitset,76,s7|s8,n61,True,True
random_dag_4,r207_bitset,76,s7|s8,n62,True,True
random_dag_4,r207_bitset,76,s7|s8,n63,True,True
random_dag_4,r207_bitset,76,s7|s8,n64,True,True
random_dag_4,r207_bitset,77,s7|s9,n61,True,True
random_dag_4,r207_bitset,77,s7|s9,n62,True,True
random_dag_4,r207_bitset,77,s7|s9,n63,True,True
random_dag_4,r207_bitset,77,s7|s9,n64,True,True
random_dag_4,r207_bitset,78,s8|s9,n61,True,True
random_dag_4,r207_bitset,78,s8|s9,n62,True,True
random_dag_4,r207_bitset,78,s8|s9,n63,True,True
random_dag_4,r207_bitset,78,s8|s9,n64,True,True
random_dag_4,r207_bitset,79,s0|s1|s10|s11|s2|s3|s4|s5|s6|s7|s8|s9,n61,False,False
random_dag_4,r207_bitset,79,s0|s1|s10|s11|s2|s3|s4|s5|s6|s7|s8|s9,n62,False,False
random_dag_4,r207_bitset,79,s0|s1|s10|s11|s2|s3|s4|s5|s6|s7|s8|s9,n63,False,False
random_dag_4,r207_bitset,79,s0|s1|s10|s11|s2|s3|s4|s5|s6|s7|s8|s9,n64,False,False
random_dag_5,and_or_forward,0,,n61,True,True
random_dag_5,and_or_forward,0,,n62,True,True
random_dag_5,and_or_forward,0,,n63,True,True
random_dag_5,and_or_forward,0,,n64,True,True
random_dag_5,and_or_forward,1,s0,n61,True,True
random_dag_5,and_or_forward,1,s0,n62,True,True
random_dag_5,and_or_forward,1,s0,n63,True,True
random_dag_5,and_or_forward,1,s0,n64,True,True
random_dag_5,and_or_forward,2,s1,n61,True,True
random_dag_5,and_or_forward,2,s1,n62,True,True
random_dag_5,and_or_forward,2,s1,n63,True,True
random_dag_5,and_or_forward,2,s1,n64,True,True
random_dag_5,and_or_forward,3,s10,n61,True,True
random_dag_5,and_or_forward,3,s10,n62,True,True
random_dag_5,and_or_forward,3,s10,n63,True,True
random_dag_5,and_or_forward,3,s10,n64,True,True
random_dag_5,and_or_forward,4,s11,n61,True,True
random_dag_5,and_or_forward,4,s11,n62,False,False
random_dag_5,and_or_forward,4,s11,n63,True,True
random_dag_5,and_or_forward,4,s11,n64,True,True
random_dag_5,and_or_forward,5,s2,n61,False,False
random_dag_5,and_or_forward,5,s2,n62,True,True
random_dag_5,and_or_forward,5,s2,n63,True,True
random_dag_5,and_or_forward,5,s2,n64,True,True
random_dag_5,and_or_forward,6,s3,n61,True,True
random_dag_5,and_or_forward,6,s3,n62,True,True
random_dag_5,and_or_forward,6,s3,n63,True,True
random_dag_5,and_or_forward,6,s3,n64,True,True
random_dag_5,and_or_forward,7,s4,n61,True,True
random_dag_5,and_or_forward,7,s4,n62,False,False
random_dag_5,and_or_forward,7,s4,n63,True,True
random_dag_5,and_or_forward,7,s4,n64,True,True
random_dag_5,and_or_forward,8,s5,n61,True,True
random_dag_5,and_or_forward,8,s5,n62,False,False
random_dag_5,and_or_forward,8,s5,n63,True,True
random_dag_5,and_or_forward,8,s5,n64,True,True
random_dag_5,and_or_forward,9,s6,n61,True,True
random_dag_5,and_or_forward,9,s6,n62,False,False
random_dag_5,and_or_forward,9,s6,n63,True,True
random_dag_5,and_or_forward,9,s6,n64,True,True
random_dag_5,and_or_forward,10,s7,n61,True,True
random_dag_5,and_or_forward,10,s7,n62,True,True
random_dag_5,and_or_forward,10,s7,n63,True,True
random_dag_5,and_or_forward,10,s7,n64,True,True
random_dag_5,and_or_forward,11,s8,n61,True,True
random_dag_5,and_or_forward,11,s8,n62,True,True
random_dag_5,and_or_forward,11,s8,n63,True,True
random_dag_5,and_or_forward,11,s8,n64,True,True
random_dag_5,and_or_forward,12,s9,n61,True,True
random_dag_5,and_or_forward,12,s9,n62,True,True
random_dag_5,and_or_forward,12,s9,n63,True,True
random_dag_5,and_or_forward,12,s9,n64,True,True
random_dag_5,and_or_forward,13,s0|s1,n61,True,True
random_dag_5,and_or_forward,13,s0|s1,n62,True,True
random_dag_5,and_or_forward,13,s0|s1,n63,True,True
random_dag_5,and_or_forward,13,s0|s1,n64,True,True
random_dag_5,and_or_forward,14,s0|s10,n61,True,True
random_dag_5,and_or_forward,14,s0|s10,n62,True,True
random_dag_5,and_or_forward,14,s0|s10,n63,True,True
random_dag_5,and_or_forward,14,s0|s10,n64,True,True
random_dag_5,and_or_forward,15,s0|s11,n61,True,True
random_dag_5,and_or_forward,15,s0|s11,n62,False,False
random_dag_5,and_or_forward,15,s0|s11,n63,True,True
random_dag_5,and_or_forward,15,s0|s11,n64,False,False
random_dag_5,and_or_forward,16,s0|s2,n61,False,False
random_dag_5,and_or_forward,16,s0|s2,n62,True,True
random_dag_5,and_or_forward,16,s0|s2,n63,True,True
random_dag_5,and_or_forward,16,s0|s2,n64,True,True
random_dag_5,and_or_forward,17,s0|s3,n61,True,True
random_dag_5,and_or_forward,17,s0|s3,n62,True,True
random_dag_5,and_or_forward,17,s0|s3,n63,True,True
random_dag_5,and_or_forward,17,s0|s3,n64,True,True
random_dag_5,and_or_forward,18,s0|s4,n61,True,True
random_dag_5,and_or_forward,18,s0|s4,n62,False,False
random_dag_5,and_or_forward,18,s0|s4,n63,True,True
random_dag_5,and_or_forward,18,s0|s4,n64,False,False
random_dag_5,and_or_forward,19,s0|s5,n61,True,True
random_dag_5,and_or_forward,19,s0|s5,n62,False,False
random_dag_5,and_or_forward,19,s0|s5,n63,True,True
random_dag_5,and_or_forward,19,s0|s5,n64,False,False
random_dag_5,and_or_forward,20,s0|s6,n61,True,True
random_dag_5,and_or_forward,20,s0|s6,n62,False,False
random_dag_5,and_or_forward,20,s0|s6,n63,True,True
random_dag_5,and_or_forward,20,s0|s6,n64,False,False
random_dag_5,and_or_forward,21,s0|s7,n61,True,True
random_dag_5,and_or_forward,21,s0|s7,n62,True,True
random_dag_5,and_or_forward,21,s0|s7,n63,True,True
random_dag_5,and_or_forward,21,s0|s7,n64,True,True
random_dag_5,and_or_forward,22,s0|s8,n61,True,True
random_dag_5,and_or_forward,22,s0|s8,n62,True,True
random_dag_5,and_or_forward,22,s0|s8,n63,True,True
random_dag_5,and_or_forward,22,s0|s8,n64,True,True
random_dag_5,and_or_forward,23,s0|s9,n61,True,True
random_dag_5,and_or_forward,23,s0|s9,n62,True,True
random_dag_5,and_or_forward,23,s0|s9,n63,True,True
random_dag_5,and_or_forward,23,s0|s9,n64,True,True
random_dag_5,and_or_forward,24,s1|s10,n61,True,True
random_dag_5,and_or_forward,24,s1|s10,n62,False,False
random_dag_5,and_or_forward,24,s1|s10,n63,True,True
random_dag_5,and_or_forward,24,s1|s10,n64,False,False
random_dag_5,and_or_forward,25,s1|s11,n61,True,True
random_dag_5,and_or_forward,25,s1|s11,n62,False,False
random_dag_5,and_or_forward,25,s1|s11,n63,True,True
random_dag_5,and_or_forward,25,s1|s11,n64,False,False
random_dag_5,and_or_forward,26,s1|s2,n61,False,False
random_dag_5,and_or_forward,26,s1|s2,n62,True,True
random_dag_5,and_or_forward,26,s1|s2,n63,True,True
random_dag_5,and_or_forward,26,s1|s2,n64,True,True
random_dag_5,and_or_forward,27,s1|s3,n61,True,True
random_dag_5,and_or_forward,27,s1|s3,n62,True,True
random_dag_5,and_or_forward,27,s1|s3,n63,True,True
random_dag_5,and_or_forward,27,s1|s3,n64,True,True
random_dag_5,and_or_forward,28,s1|s4,n61,True,True
random_dag_5,and_or_forward,28,s1|s4,n62,False,False
random_dag_5,and_or_forward,28,s1|s4,n63,True,True
random_dag_5,and_or_forward,28,s1|s4,n64,False,False
random_dag_5,and_or_forward,29,s1|s5,n61,True,True
random_dag_5,and_or_forward,29,s1|s5,n62,False,False
random_dag_5,and_or_forward,29,s1|s5,n63,True,True
random_dag_5,and_or_forward,29,s1|s5,n64,False,False
random_dag_5,and_or_forward,30,s1|s6,n61,True,True
random_dag_5,and_or_forward,30,s1|s6,n62,False,False
random_dag_5,and_or_forward,30,s1|s6,n63,True,True
random_dag_5,and_or_forward,30,s1|s6,n64,False,False
random_dag_5,and_or_forward,31,s1|s7,n61,True,True
random_dag_5,and_or_forward,31,s1|s7,n62,True,True
random_dag_5,and_or_forward,31,s1|s7,n63,True,True
random_dag_5,and_or_forward,31,s1|s7,n64,True,True
random_dag_5,and_or_forward,32,s1|s8,n61,True,True
random_dag_5,and_or_forward,32,s1|s8,n62,True,True
random_dag_5,and_or_forward,32,s1|s8,n63,True,True
random_dag_5,and_or_forward,32,s1|s8,n64,True,True
random_dag_5,and_or_forward,33,s1|s9,n61,True,True
random_dag_5,and_or_forward,33,s1|s9,n62,True,True
random_dag_5,and_or_forward,33,s1|s9,n63,True,True
random_dag_5,and_or_forward,33,s1|s9,n64,True,True
random_dag_5,and_or_forward,34,s10|s11,n61,True,True
random_dag_5,and_or_forward,34,s10|s11,n62,False,False
random_dag_5,and_or_forward,34,s10|s11,n63,True,True
random_dag_5,and_or_forward,34,s10|s11,n64,True,True
random_dag_5,and_or_forward,35,s10|s2,n61,False,False
random_dag_5,and_or_forward,35,s10|s2,n62,False,False
random_dag_5,and_or_forward,35,s10|s2,n63,True,True
random_dag_5,and_or_forward,35,s10|s2,n64,True,True
random_dag_5,and_or_forward,36,s10|s3,n61,True,True
random_dag_5,and_or_forward,36,s10|s3,n62,True,True
random_dag_5,and_or_forward,36,s10|s3,n63,True,True
random_dag_5,and_or_forward,36,s10|s3,n64,True,True
random_dag_5,and_or_forward,37,s10|s4,n61,True,True
random_dag_5,and_or_forward,37,s10|s4,n62,False,False
random_dag_5,and_or_forward,37,s10|s4,n63,True,True
random_dag_5,and_or_forward,37,s10|s4,n64,True,True
random_dag_5,and_or_forward,38,s10|s5,n61,True,True
random_dag_5,and_or_forward,38,s10|s5,n62,False,False
random_dag_5,and_or_forward,38,s10|s5,n63,True,True
random_dag_5,and_or_forward,38,s10|s5,n64,True,True
random_dag_5,and_or_forward,39,s10|s6,n61,True,True
random_dag_5,and_or_forward,39,s10|s6,n62,False,False
random_dag_5,and_or_forward,39,s10|s6,n63,True,True
random_dag_5,and_or_forward,39,s10|s6,n64,True,True
random_dag_5,and_or_forward,40,s10|s7,n61,True,True
random_dag_5,and_or_forward,40,s10|s7,n62,True,True
random_dag_5,and_or_forward,40,s10|s7,n63,True,True
random_dag_5,and_or_forward,40,s10|s7,n64,True,True
random_dag_5,and_or_forward,41,s10|s8,n61,True,True
random_dag_5,and_or_forward,41,s10|s8,n62,True,True
random_dag_5,and_or_forward,41,s10|s8,n63,True,True
random_dag_5,and_or_forward,41,s10|s8,n64,True,True
random_dag_5,and_or_forward,42,s10|s9,n61,True,True
random_dag_5,and_or_forward,42,s10|s9,n62,True,True
random_dag_5,and_or_forward,42,s10|s9,n63,True,True
random_dag_5,and_or_forward,42,s10|s9,n64,True,True
random_dag_5,and_or_forward,43,s11|s2,n61,False,False
random_dag_5,and_or_forward,43,s11|s2,n62,False,False
random_dag_5,and_or_forward,43,s11|s2,n63,True,True
random_dag_5,and_or_forward,43,s11|s2,n64,True,True
random_dag_5,and_or_forward,44,s11|s3,n61,True,True
random_dag_5,and_or_forward,44,s11|s3,n62,False,False
random_dag_5,and_or_forward,44,s11|s3,n63,True,True
random_dag_5,and_or_forward,44,s11|s3,n64,True,True
random_dag_5,and_or_forward,45,s11|s4,n61,True,True
random_dag_5,and_or_forward,45,s11|s4,n62,False,False
random_dag_5,and_or_forward,45,s11|s4,n63,True,True
random_dag_5,and_or_forward,45,s11|s4,n64,True,True
random_dag_5,and_or_forward,46,s11|s5,n61,True,True
random_dag_5,and_or_forward,46,s11|s5,n62,False,False
random_dag_5,and_or_forward,46,s11|s5,n63,True,True
random_dag_5,and_or_forward,46,s11|s5,n64,True,True
random_dag_5,and_or_forward,47,s11|s6,n61,True,True
random_dag_5,and_or_forward,47,s11|s6,n62,False,False
random_dag_5,and_or_forward,47,s11|s6,n63,True,True
random_dag_5,and_or_forward,47,s11|s6,n64,True,True
random_dag_5,and_or_forward,48,s11|s7,n61,True,True
random_dag_5,and_or_forward,48,s11|s7,n62,False,False
random_dag_5,and_or_forward,48,s11|s7,n63,True,True
random_dag_5,and_or_forward,48,s11|s7,n64,False,False
random_dag_5,and_or_forward,49,s11|s8,n61,True,True
random_dag_5,and_or_forward,49,s11|s8,n62,False,False
random_dag_5,and_or_forward,49,s11|s8,n63,True,True
random_dag_5,and_or_forward,49,s11|s8,n64,True,True
random_dag_5,and_or_forward,50,s11|s9,n61,True,True
random_dag_5,and_or_forward,50,s11|s9,n62,False,False
random_dag_5,and_or_forward,50,s11|s9,n63,True,True
random_dag_5,and_or_forward,50,s11|s9,n64,True,True
random_dag_5,and_or_forward,51,s2|s3,n61,False,False
random_dag_5,and_or_forward,51,s2|s3,n62,True,True
random_dag_5,and_or_forward,51,s2|s3,n63,True,True
random_dag_5,and_or_forward,51,s2|s3,n64,True,True
random_dag_5,and_or_forward,52,s2|s4,n61,False,False
random_dag_5,and_or_forward,52,s2|s4,n62,False,False
random_dag_5,and_or_forward,52,s2|s4,n63,True,True
random_dag_5,and_or_forward,52,s2|s4,n64,True,True
random_dag_5,and_or_forward,53,s2|s5,n61,False,False
random_dag_5,and_or_forward,53,s2|s5,n62,False,False
random_dag_5,and_or_forward,53,s2|s5,n63,True,True
random_dag_5,and_or_forward,53,s2|s5,n64,True,True
random_dag_5,and_or_forward,54,s2|s6,n61,False,False
random_dag_5,and_or_forward,54,s2|s6,n62,False,False
random_dag_5,and_or_forward,54,s2|s6,n63,True,True
random_dag_5,and_or_forward,54,s2|s6,n64,True,True
random_dag_5,and_or_forward,55,s2|s7,n61,False,False
random_dag_5,and_or_forward,55,s2|s7,n62,True,True
random_dag_5,and_or_forward,55,s2|s7,n63,True,True
random_dag_5,and_or_forward,55,s2|s7,n64,True,True
random_dag_5,and_or_forward,56,s2|s8,n61,False,False
random_dag_5,and_or_forward,56,s2|s8,n62,True,True
random_dag_5,and_or_forward,56,s2|s8,n63,True,True
random_dag_5,and_or_forward,56,s2|s8,n64,True,True
random_dag_5,and_or_forward,57,s2|s9,n61,False,False
random_dag_5,and_or_forward,57,s2|s9,n62,False,False
random_dag_5,and_or_forward,57,s2|s9,n63,True,True
random_dag_5,and_or_forward,57,s2|s9,n64,True,True
random_dag_5,and_or_forward,58,s3|s4,n61,True,True
random_dag_5,and_or_forward,58,s3|s4,n62,False,False
random_dag_5,and_or_forward,58,s3|s4,n63,True,True
random_dag_5,and_or_forward,58,s3|s4,n64,True,True
random_dag_5,and_or_forward,59,s3|s5,n61,True,True
random_dag_5,and_or_forward,59,s3|s5,n62,False,False
random_dag_5,and_or_forward,59,s3|s5,n63,True,True
random_dag_5,and_or_forward,59,s3|s5,n64,True,True
random_dag_5,and_or_forward,60,s3|s6,n61,True,True
random_dag_5,and_or_forward,60,s3|s6,n62,False,False
random_dag_5,and_or_forward,60,s3|s6,n63,True,True
random_dag_5,and_or_forward,60,s3|s6,n64,True,True
random_dag_5,and_or_forward,61,s3|s7,n61,True,True
random_dag_5,and_or_forward,61,s3|s7,n62,True,True
random_dag_5,and_or_forward,61,s3|s7,n63,True,True
random_dag_5,and_or_forward,61,s3|s7,n64,True,True
random_dag_5,and_or_forward,62,s3|s8,n61,True,True
random_dag_5,and_or_forward,62,s3|s8,n62,True,True
random_dag_5,and_or_forward,62,s3|s8,n63,True,True
random_dag_5,and_or_forward,62,s3|s8,n64,True,True
random_dag_5,and_or_forward,63,s3|s9,n61,True,True
random_dag_5,and_or_forward,63,s3|s9,n62,True,True
random_dag_5,and_or_forward,63,s3|s9,n63,True,True
random_dag_5,and_or_forward,63,s3|s9,n64,True,True
random_dag_5,and_or_forward,64,s4|s5,n61,True,True
random_dag_5,and_or_forward,64,s4|s5,n62,False,False
random_dag_5,and_or_forward,64,s4|s5,n63,True,True
random_dag_5,and_or_forward,64,s4|s5,n64,True,True
random_dag_5,and_or_forward,65,s4|s6,n61,True,True
random_dag_5,and_or_forward,65,s4|s6,n62,False,False
random_dag_5,and_or_forward,65,s4|s6,n63,True,True
random_dag_5,and_or_forward,65,s4|s6,n64,True,True
random_dag_5,and_or_forward,66,s4|s7,n61,True,True
random_dag_5,and_or_forward,66,s4|s7,n62,False,False
random_dag_5,and_or_forward,66,s4|s7,n63,True,True
random_dag_5,and_or_forward,66,s4|s7,n64,True,True
random_dag_5,and_or_forward,67,s4|s8,n61,True,True
random_dag_5,and_or_forward,67,s4|s8,n62,False,False
random_dag_5,and_or_forward,67,s4|s8,n63,True,True
random_dag_5,and_or_forward,67,s4|s8,n64,True,True
random_dag_5,and_or_forward,68,s4|s9,n61,True,True
random_dag_5,and_or_forward,68,s4|s9,n62,False,False
random_dag_5,and_or_forward,68,s4|s9,n63,True,True
random_dag_5,and_or_forward,68,s4|s9,n64,True,True
random_dag_5,and_or_forward,69,s5|s6,n61,True,True
random_dag_5,and_or_forward,69,s5|s6,n62,False,False
random_dag_5,and_or_forward,69,s5|s6,n63,True,True
random_dag_5,and_or_forward,69,s5|s6,n64,True,True
random_dag_5,and_or_forward,70,s5|s7,n61,True,True
random_dag_5,and_or_forward,70,s5|s7,n62,False,False
random_dag_5,and_or_forward,70,s5|s7,n63,True,True
random_dag_5,and_or_forward,70,s5|s7,n64,True,True
random_dag_5,and_or_forward,71,s5|s8,n61,True,True
random_dag_5,and_or_forward,71,s5|s8,n62,False,False
random_dag_5,and_or_forward,71,s5|s8,n63,True,True
random_dag_5,and_or_forward,71,s5|s8,n64,True,True
random_dag_5,and_or_forward,72,s5|s9,n61,True,True
random_dag_5,and_or_forward,72,s5|s9,n62,False,False
random_dag_5,and_or_forward,72,s5|s9,n63,True,True
random_dag_5,and_or_forward,72,s5|s9,n64,True,True
random_dag_5,and_or_forward,73,s6|s7,n61,True,True
random_dag_5,and_or_forward,73,s6|s7,n62,False,False
random_dag_5,and_or_forward,73,s6|s7,n63,True,True
random_dag_5,and_or_forward,73,s6|s7,n64,True,True
random_dag_5,and_or_forward,74,s6|s8,n61,True,True
random_dag_5,and_or_forward,74,s6|s8,n62,False,False
random_dag_5,and_or_forward,74,s6|s8,n63,True,True
random_dag_5,and_or_forward,74,s6|s8,n64,True,True
random_dag_5,and_or_forward,75,s6|s9,n61,True,True
random_dag_5,and_or_forward,75,s6|s9,n62,False,False
random_dag_5,and_or_forward,75,s6|s9,n63,True,True
random_dag_5,and_or_forward,75,s6|s9,n64,True,True
random_dag_5,and_or_forward,76,s7|s8,n61,True,True
random_dag_5,and_or_forward,76,s7|s8,n62,True,True
random_dag_5,and_or_forward,76,s7|s8,n63,True,True
random_dag_5,and_or_forward,76,s7|s8,n64,True,True
random_dag_5,and_or_forward,77,s7|s9,n61,True,True
random_dag_5,and_or_forward,77,s7|s9,n62,True,True
random_dag_5,and_or_forward,77,s7|s9,n63,True,True
random_dag_5,and_or_forward,77,s7|s9,n64,True,True
random_dag_5,and_or_forward,78,s8|s9,n61,True,True
random_dag_5,and_or_forward,78,s8|s9,n62,True,True
random_dag_5,and_or_forward,78,s8|s9,n63,True,True
random_dag_5,and_or_forward,78,s8|s9,n64,True,True
random_dag_5,and_or_forward,79,s0|s1|s10|s11|s2|s3|s4|s5|s6|s7|s8|s9,n61,False,False
random_dag_5,and_or_forward,79,s0|s1|s10|s11|s2|s3|s4|s5|s6|s7|s8|s9,n62,False,False
random_dag_5,and_or_forward,79,s0|s1|s10|s11|s2|s3|s4|s5|s6|s7|s8|s9,n63,False,False
random_dag_5,and_or_forward,79,s0|s1|s10|s11|s2|s3|s4|s5|s6|s7|s8|s9,n64,False,False
random_dag_5,r207_scalar,0,,n61,True,True
random_dag_5,r207_scalar,0,,n62,True,True
random_dag_5,r207_scalar,0,,n63,True,True
random_dag_5,r207_scalar,0,,n64,True,True
random_dag_5,r207_scalar,1,s0,n61,True,True
random_dag_5,r207_scalar,1,s0,n62,True,True
random_dag_5,r207_scalar,1,s0,n63,True,True
random_dag_5,r207_scalar,1,s0,n64,True,True
random_dag_5,r207_scalar,2,s1,n61,True,True
random_dag_5,r207_scalar,2,s1,n62,True,True
random_dag_5,r207_scalar,2,s1,n63,True,True
random_dag_5,r207_scalar,2,s1,n64,True,True
random_dag_5,r207_scalar,3,s10,n61,True,True
random_dag_5,r207_scalar,3,s10,n62,True,True
random_dag_5,r207_scalar,3,s10,n63,True,True
random_dag_5,r207_scalar,3,s10,n64,True,True
random_dag_5,r207_scalar,4,s11,n61,True,True
random_dag_5,r207_scalar,4,s11,n62,False,False
random_dag_5,r207_scalar,4,s11,n63,True,True
random_dag_5,r207_scalar,4,s11,n64,True,True
random_dag_5,r207_scalar,5,s2,n61,False,False
random_dag_5,r207_scalar,5,s2,n62,True,True
random_dag_5,r207_scalar,5,s2,n63,True,True
random_dag_5,r207_scalar,5,s2,n64,True,True
random_dag_5,r207_scalar,6,s3,n61,True,True
random_dag_5,r207_scalar,6,s3,n62,True,True
random_dag_5,r207_scalar,6,s3,n63,True,True
random_dag_5,r207_scalar,6,s3,n64,True,True
random_dag_5,r207_scalar,7,s4,n61,True,True
random_dag_5,r207_scalar,7,s4,n62,False,False
random_dag_5,r207_scalar,7,s4,n63,True,True
random_dag_5,r207_scalar,7,s4,n64,True,True
random_dag_5,r207_scalar,8,s5,n61,True,True
random_dag_5,r207_scalar,8,s5,n62,False,False
random_dag_5,r207_scalar,8,s5,n63,True,True
random_dag_5,r207_scalar,8,s5,n64,True,True
random_dag_5,r207_scalar,9,s6,n61,True,True
random_dag_5,r207_scalar,9,s6,n62,False,False
random_dag_5,r207_scalar,9,s6,n63,True,True
random_dag_5,r207_scalar,9,s6,n64,True,True
random_dag_5,r207_scalar,10,s7,n61,True,True
random_dag_5,r207_scalar,10,s7,n62,True,True
random_dag_5,r207_scalar,10,s7,n63,True,True
random_dag_5,r207_scalar,10,s7,n64,True,True
random_dag_5,r207_scalar,11,s8,n61,True,True
random_dag_5,r207_scalar,11,s8,n62,True,True
random_dag_5,r207_scalar,11,s8,n63,True,True
random_dag_5,r207_scalar,11,s8,n64,True,True
random_dag_5,r207_scalar,12,s9,n61,True,True
random_dag_5,r207_scalar,12,s9,n62,True,True
random_dag_5,r207_scalar,12,s9,n63,True,True
random_dag_5,r207_scalar,12,s9,n64,True,True
random_dag_5,r207_scalar,13,s0|s1,n61,True,True
random_dag_5,r207_scalar,13,s0|s1,n62,True,True
random_dag_5,r207_scalar,13,s0|s1,n63,True,True
random_dag_5,r207_scalar,13,s0|s1,n64,True,True
random_dag_5,r207_scalar,14,s0|s10,n61,True,True
random_dag_5,r207_scalar,14,s0|s10,n62,True,True
random_dag_5,r207_scalar,14,s0|s10,n63,True,True
random_dag_5,r207_scalar,14,s0|s10,n64,True,True
random_dag_5,r207_scalar,15,s0|s11,n61,True,True
random_dag_5,r207_scalar,15,s0|s11,n62,False,False
random_dag_5,r207_scalar,15,s0|s11,n63,True,True
random_dag_5,r207_scalar,15,s0|s11,n64,False,False
random_dag_5,r207_scalar,16,s0|s2,n61,False,False
random_dag_5,r207_scalar,16,s0|s2,n62,True,True
random_dag_5,r207_scalar,16,s0|s2,n63,True,True
random_dag_5,r207_scalar,16,s0|s2,n64,True,True
random_dag_5,r207_scalar,17,s0|s3,n61,True,True
random_dag_5,r207_scalar,17,s0|s3,n62,True,True
random_dag_5,r207_scalar,17,s0|s3,n63,True,True
random_dag_5,r207_scalar,17,s0|s3,n64,True,True
random_dag_5,r207_scalar,18,s0|s4,n61,True,True
random_dag_5,r207_scalar,18,s0|s4,n62,False,False
random_dag_5,r207_scalar,18,s0|s4,n63,True,True
random_dag_5,r207_scalar,18,s0|s4,n64,False,False
random_dag_5,r207_scalar,19,s0|s5,n61,True,True
random_dag_5,r207_scalar,19,s0|s5,n62,False,False
random_dag_5,r207_scalar,19,s0|s5,n63,True,True
random_dag_5,r207_scalar,19,s0|s5,n64,False,False
random_dag_5,r207_scalar,20,s0|s6,n61,True,True
random_dag_5,r207_scalar,20,s0|s6,n62,False,False
random_dag_5,r207_scalar,20,s0|s6,n63,True,True
random_dag_5,r207_scalar,20,s0|s6,n64,False,False
random_dag_5,r207_scalar,21,s0|s7,n61,True,True
random_dag_5,r207_scalar,21,s0|s7,n62,True,True
random_dag_5,r207_scalar,21,s0|s7,n63,True,True
random_dag_5,r207_scalar,21,s0|s7,n64,True,True
random_dag_5,r207_scalar,22,s0|s8,n61,True,True
random_dag_5,r207_scalar,22,s0|s8,n62,True,True
random_dag_5,r207_scalar,22,s0|s8,n63,True,True
random_dag_5,r207_scalar,22,s0|s8,n64,True,True
random_dag_5,r207_scalar,23,s0|s9,n61,True,True
random_dag_5,r207_scalar,23,s0|s9,n62,True,True
random_dag_5,r207_scalar,23,s0|s9,n63,True,True
random_dag_5,r207_scalar,23,s0|s9,n64,True,True
random_dag_5,r207_scalar,24,s1|s10,n61,True,True
random_dag_5,r207_scalar,24,s1|s10,n62,False,False
random_dag_5,r207_scalar,24,s1|s10,n63,True,True
random_dag_5,r207_scalar,24,s1|s10,n64,False,False
random_dag_5,r207_scalar,25,s1|s11,n61,True,True
random_dag_5,r207_scalar,25,s1|s11,n62,False,False
random_dag_5,r207_scalar,25,s1|s11,n63,True,True
random_dag_5,r207_scalar,25,s1|s11,n64,False,False
random_dag_5,r207_scalar,26,s1|s2,n61,False,False
random_dag_5,r207_scalar,26,s1|s2,n62,True,True
random_dag_5,r207_scalar,26,s1|s2,n63,True,True
random_dag_5,r207_scalar,26,s1|s2,n64,True,True
random_dag_5,r207_scalar,27,s1|s3,n61,True,True
random_dag_5,r207_scalar,27,s1|s3,n62,True,True
random_dag_5,r207_scalar,27,s1|s3,n63,True,True
random_dag_5,r207_scalar,27,s1|s3,n64,True,True
random_dag_5,r207_scalar,28,s1|s4,n61,True,True
random_dag_5,r207_scalar,28,s1|s4,n62,False,False
random_dag_5,r207_scalar,28,s1|s4,n63,True,True
random_dag_5,r207_scalar,28,s1|s4,n64,False,False
random_dag_5,r207_scalar,29,s1|s5,n61,True,True
random_dag_5,r207_scalar,29,s1|s5,n62,False,False
random_dag_5,r207_scalar,29,s1|s5,n63,True,True
random_dag_5,r207_scalar,29,s1|s5,n64,False,False
random_dag_5,r207_scalar,30,s1|s6,n61,True,True
random_dag_5,r207_scalar,30,s1|s6,n62,False,False
random_dag_5,r207_scalar,30,s1|s6,n63,True,True
random_dag_5,r207_scalar,30,s1|s6,n64,False,False
random_dag_5,r207_scalar,31,s1|s7,n61,True,True
random_dag_5,r207_scalar,31,s1|s7,n62,True,True
random_dag_5,r207_scalar,31,s1|s7,n63,True,True
random_dag_5,r207_scalar,31,s1|s7,n64,True,True
random_dag_5,r207_scalar,32,s1|s8,n61,True,True
random_dag_5,r207_scalar,32,s1|s8,n62,True,True
random_dag_5,r207_scalar,32,s1|s8,n63,True,True
random_dag_5,r207_scalar,32,s1|s8,n64,True,True
random_dag_5,r207_scalar,33,s1|s9,n61,True,True
random_dag_5,r207_scalar,33,s1|s9,n62,True,True
random_dag_5,r207_scalar,33,s1|s9,n63,True,True
random_dag_5,r207_scalar,33,s1|s9,n64,True,True
random_dag_5,r207_scalar,34,s10|s11,n61,True,True
random_dag_5,r207_scalar,34,s10|s11,n62,False,False
random_dag_5,r207_scalar,34,s10|s11,n63,True,True
random_dag_5,r207_scalar,34,s10|s11,n64,True,True
random_dag_5,r207_scalar,35,s10|s2,n61,False,False
random_dag_5,r207_scalar,35,s10|s2,n62,False,False
random_dag_5,r207_scalar,35,s10|s2,n63,True,True
random_dag_5,r207_scalar,35,s10|s2,n64,True,True
random_dag_5,r207_scalar,36,s10|s3,n61,True,True
random_dag_5,r207_scalar,36,s10|s3,n62,True,True
random_dag_5,r207_scalar,36,s10|s3,n63,True,True
random_dag_5,r207_scalar,36,s10|s3,n64,True,True
random_dag_5,r207_scalar,37,s10|s4,n61,True,True
random_dag_5,r207_scalar,37,s10|s4,n62,False,False
random_dag_5,r207_scalar,37,s10|s4,n63,True,True
random_dag_5,r207_scalar,37,s10|s4,n64,True,True
random_dag_5,r207_scalar,38,s10|s5,n61,True,True
random_dag_5,r207_scalar,38,s10|s5,n62,False,False
random_dag_5,r207_scalar,38,s10|s5,n63,True,True
random_dag_5,r207_scalar,38,s10|s5,n64,True,True
random_dag_5,r207_scalar,39,s10|s6,n61,True,True
random_dag_5,r207_scalar,39,s10|s6,n62,False,False
random_dag_5,r207_scalar,39,s10|s6,n63,True,True
random_dag_5,r207_scalar,39,s10|s6,n64,True,True
random_dag_5,r207_scalar,40,s10|s7,n61,True,True
random_dag_5,r207_scalar,40,s10|s7,n62,True,True
random_dag_5,r207_scalar,40,s10|s7,n63,True,True
random_dag_5,r207_scalar,40,s10|s7,n64,True,True
random_dag_5,r207_scalar,41,s10|s8,n61,True,True
random_dag_5,r207_scalar,41,s10|s8,n62,True,True
random_dag_5,r207_scalar,41,s10|s8,n63,True,True
random_dag_5,r207_scalar,41,s10|s8,n64,True,True
random_dag_5,r207_scalar,42,s10|s9,n61,True,True
random_dag_5,r207_scalar,42,s10|s9,n62,True,True
random_dag_5,r207_scalar,42,s10|s9,n63,True,True
random_dag_5,r207_scalar,42,s10|s9,n64,True,True
random_dag_5,r207_scalar,43,s11|s2,n61,False,False
random_dag_5,r207_scalar,43,s11|s2,n62,False,False
random_dag_5,r207_scalar,43,s11|s2,n63,True,True
random_dag_5,r207_scalar,43,s11|s2,n64,True,True
random_dag_5,r207_scalar,44,s11|s3,n61,True,True
random_dag_5,r207_scalar,44,s11|s3,n62,False,False
random_dag_5,r207_scalar,44,s11|s3,n63,True,True
random_dag_5,r207_scalar,44,s11|s3,n64,True,True
random_dag_5,r207_scalar,45,s11|s4,n61,True,True
random_dag_5,r207_scalar,45,s11|s4,n62,False,False
random_dag_5,r207_scalar,45,s11|s4,n63,True,True
random_dag_5,r207_scalar,45,s11|s4,n64,True,True
random_dag_5,r207_scalar,46,s11|s5,n61,True,True
random_dag_5,r207_scalar,46,s11|s5,n62,False,False
random_dag_5,r207_scalar,46,s11|s5,n63,True,True
random_dag_5,r207_scalar,46,s11|s5,n64,True,True
random_dag_5,r207_scalar,47,s11|s6,n61,True,True
random_dag_5,r207_scalar,47,s11|s6,n62,False,False
random_dag_5,r207_scalar,47,s11|s6,n63,True,True
random_dag_5,r207_scalar,47,s11|s6,n64,True,True
random_dag_5,r207_scalar,48,s11|s7,n61,True,True
random_dag_5,r207_scalar,48,s11|s7,n62,False,False
random_dag_5,r207_scalar,48,s11|s7,n63,True,True
random_dag_5,r207_scalar,48,s11|s7,n64,False,False
random_dag_5,r207_scalar,49,s11|s8,n61,True,True
random_dag_5,r207_scalar,49,s11|s8,n62,False,False
random_dag_5,r207_scalar,49,s11|s8,n63,True,True
random_dag_5,r207_scalar,49,s11|s8,n64,True,True
random_dag_5,r207_scalar,50,s11|s9,n61,True,True
random_dag_5,r207_scalar,50,s11|s9,n62,False,False
random_dag_5,r207_scalar,50,s11|s9,n63,True,True
random_dag_5,r207_scalar,50,s11|s9,n64,True,True
random_dag_5,r207_scalar,51,s2|s3,n61,False,False
random_dag_5,r207_scalar,51,s2|s3,n62,True,True
random_dag_5,r207_scalar,51,s2|s3,n63,True,True
random_dag_5,r207_scalar,51,s2|s3,n64,True,True
random_dag_5,r207_scalar,52,s2|s4,n61,False,False
random_dag_5,r207_scalar,52,s2|s4,n62,False,False
random_dag_5,r207_scalar,52,s2|s4,n63,True,True
random_dag_5,r207_scalar,52,s2|s4,n64,True,True
random_dag_5,r207_scalar,53,s2|s5,n61,False,False
random_dag_5,r207_scalar,53,s2|s5,n62,False,False
random_dag_5,r207_scalar,53,s2|s5,n63,True,True
random_dag_5,r207_scalar,53,s2|s5,n64,True,True
random_dag_5,r207_scalar,54,s2|s6,n61,False,False
random_dag_5,r207_scalar,54,s2|s6,n62,False,False
random_dag_5,r207_scalar,54,s2|s6,n63,True,True
random_dag_5,r207_scalar,54,s2|s6,n64,True,True
random_dag_5,r207_scalar,55,s2|s7,n61,False,False
random_dag_5,r207_scalar,55,s2|s7,n62,True,True
random_dag_5,r207_scalar,55,s2|s7,n63,True,True
random_dag_5,r207_scalar,55,s2|s7,n64,True,True
random_dag_5,r207_scalar,56,s2|s8,n61,False,False
random_dag_5,r207_scalar,56,s2|s8,n62,True,True
random_dag_5,r207_scalar,56,s2|s8,n63,True,True
random_dag_5,r207_scalar,56,s2|s8,n64,True,True
random_dag_5,r207_scalar,57,s2|s9,n61,False,False
random_dag_5,r207_scalar,57,s2|s9,n62,False,False
random_dag_5,r207_scalar,57,s2|s9,n63,True,True
random_dag_5,r207_scalar,57,s2|s9,n64,True,True
random_dag_5,r207_scalar,58,s3|s4,n61,True,True
random_dag_5,r207_scalar,58,s3|s4,n62,False,False
random_dag_5,r207_scalar,58,s3|s4,n63,True,True
random_dag_5,r207_scalar,58,s3|s4,n64,True,True
random_dag_5,r207_scalar,59,s3|s5,n61,True,True
random_dag_5,r207_scalar,59,s3|s5,n62,False,False
random_dag_5,r207_scalar,59,s3|s5,n63,True,True
random_dag_5,r207_scalar,59,s3|s5,n64,True,True
random_dag_5,r207_scalar,60,s3|s6,n61,True,True
random_dag_5,r207_scalar,60,s3|s6,n62,False,False
random_dag_5,r207_scalar,60,s3|s6,n63,True,True
random_dag_5,r207_scalar,60,s3|s6,n64,True,True
random_dag_5,r207_scalar,61,s3|s7,n61,True,True
random_dag_5,r207_scalar,61,s3|s7,n62,True,True
random_dag_5,r207_scalar,61,s3|s7,n63,True,True
random_dag_5,r207_scalar,61,s3|s7,n64,True,True
random_dag_5,r207_scalar,62,s3|s8,n61,True,True
random_dag_5,r207_scalar,62,s3|s8,n62,True,True
random_dag_5,r207_scalar,62,s3|s8,n63,True,True
random_dag_5,r207_scalar,62,s3|s8,n64,True,True
random_dag_5,r207_scalar,63,s3|s9,n61,True,True
random_dag_5,r207_scalar,63,s3|s9,n62,True,True
random_dag_5,r207_scalar,63,s3|s9,n63,True,True
random_dag_5,r207_scalar,63,s3|s9,n64,True,True
random_dag_5,r207_scalar,64,s4|s5,n61,True,True
random_dag_5,r207_scalar,64,s4|s5,n62,False,False
random_dag_5,r207_scalar,64,s4|s5,n63,True,True
random_dag_5,r207_scalar,64,s4|s5,n64,True,True
random_dag_5,r207_scalar,65,s4|s6,n61,True,True
random_dag_5,r207_scalar,65,s4|s6,n62,False,False
random_dag_5,r207_scalar,65,s4|s6,n63,True,True
random_dag_5,r207_scalar,65,s4|s6,n64,True,True
random_dag_5,r207_scalar,66,s4|s7,n61,True,True
random_dag_5,r207_scalar,66,s4|s7,n62,False,False
random_dag_5,r207_scalar,66,s4|s7,n63,True,True
random_dag_5,r207_scalar,66,s4|s7,n64,True,True
random_dag_5,r207_scalar,67,s4|s8,n61,True,True
random_dag_5,r207_scalar,67,s4|s8,n62,False,False
random_dag_5,r207_scalar,67,s4|s8,n63,True,True
random_dag_5,r207_scalar,67,s4|s8,n64,True,True
random_dag_5,r207_scalar,68,s4|s9,n61,True,True
random_dag_5,r207_scalar,68,s4|s9,n62,False,False
random_dag_5,r207_scalar,68,s4|s9,n63,True,True
random_dag_5,r207_scalar,68,s4|s9,n64,True,True
random_dag_5,r207_scalar,69,s5|s6,n61,True,True
random_dag_5,r207_scalar,69,s5|s6,n62,False,False
random_dag_5,r207_scalar,69,s5|s6,n63,True,True
random_dag_5,r207_scalar,69,s5|s6,n64,True,True
random_dag_5,r207_scalar,70,s5|s7,n61,True,True
random_dag_5,r207_scalar,70,s5|s7,n62,False,False
random_dag_5,r207_scalar,70,s5|s7,n63,True,True
random_dag_5,r207_scalar,70,s5|s7,n64,True,True
random_dag_5,r207_scalar,71,s5|s8,n61,True,True
random_dag_5,r207_scalar,71,s5|s8,n62,False,False
random_dag_5,r207_scalar,71,s5|s8,n63,True,True
random_dag_5,r207_scalar,71,s5|s8,n64,True,True
random_dag_5,r207_scalar,72,s5|s9,n61,True,True
random_dag_5,r207_scalar,72,s5|s9,n62,False,False
random_dag_5,r207_scalar,72,s5|s9,n63,True,True
random_dag_5,r207_scalar,72,s5|s9,n64,True,True
random_dag_5,r207_scalar,73,s6|s7,n61,True,True
random_dag_5,r207_scalar,73,s6|s7,n62,False,False
random_dag_5,r207_scalar,73,s6|s7,n63,True,True
random_dag_5,r207_scalar,73,s6|s7,n64,True,True
random_dag_5,r207_scalar,74,s6|s8,n61,True,True
random_dag_5,r207_scalar,74,s6|s8,n62,False,False
random_dag_5,r207_scalar,74,s6|s8,n63,True,True
random_dag_5,r207_scalar,74,s6|s8,n64,True,True
random_dag_5,r207_scalar,75,s6|s9,n61,True,True
random_dag_5,r207_scalar,75,s6|s9,n62,False,False
random_dag_5,r207_scalar,75,s6|s9,n63,True,True
random_dag_5,r207_scalar,75,s6|s9,n64,True,True
random_dag_5,r207_scalar,76,s7|s8,n61,True,True
random_dag_5,r207_scalar,76,s7|s8,n62,True,True
random_dag_5,r207_scalar,76,s7|s8,n63,True,True
random_dag_5,r207_scalar,76,s7|s8,n64,True,True
random_dag_5,r207_scalar,77,s7|s9,n61,True,True
random_dag_5,r207_scalar,77,s7|s9,n62,True,True
random_dag_5,r207_scalar,77,s7|s9,n63,True,True
random_dag_5,r207_scalar,77,s7|s9,n64,True,True
random_dag_5,r207_scalar,78,s8|s9,n61,True,True
random_dag_5,r207_scalar,78,s8|s9,n62,True,True
random_dag_5,r207_scalar,78,s8|s9,n63,True,True
random_dag_5,r207_scalar,78,s8|s9,n64,True,True
random_dag_5,r207_scalar,79,s0|s1|s10|s11|s2|s3|s4|s5|s6|s7|s8|s9,n61,False,False
random_dag_5,r207_scalar,79,s0|s1|s10|s11|s2|s3|s4|s5|s6|s7|s8|s9,n62,False,False
random_dag_5,r207_scalar,79,s0|s1|s10|s11|s2|s3|s4|s5|s6|s7|s8|s9,n63,False,False
random_dag_5,r207_scalar,79,s0|s1|s10|s11|s2|s3|s4|s5|s6|s7|s8|s9,n64,False,False
random_dag_5,r207_bitset,0,,n61,True,True
random_dag_5,r207_bitset,0,,n62,True,True
random_dag_5,r207_bitset,0,,n63,True,True
random_dag_5,r207_bitset,0,,n64,True,True
random_dag_5,r207_bitset,1,s0,n61,True,True
random_dag_5,r207_bitset,1,s0,n62,True,True
random_dag_5,r207_bitset,1,s0,n63,True,True
random_dag_5,r207_bitset,1,s0,n64,True,True
random_dag_5,r207_bitset,2,s1,n61,True,True
random_dag_5,r207_bitset,2,s1,n62,True,True
random_dag_5,r207_bitset,2,s1,n63,True,True
random_dag_5,r207_bitset,2,s1,n64,True,True
random_dag_5,r207_bitset,3,s10,n61,True,True
random_dag_5,r207_bitset,3,s10,n62,True,True
random_dag_5,r207_bitset,3,s10,n63,True,True
random_dag_5,r207_bitset,3,s10,n64,True,True
random_dag_5,r207_bitset,4,s11,n61,True,True
random_dag_5,r207_bitset,4,s11,n62,False,False
random_dag_5,r207_bitset,4,s11,n63,True,True
random_dag_5,r207_bitset,4,s11,n64,True,True
random_dag_5,r207_bitset,5,s2,n61,False,False
random_dag_5,r207_bitset,5,s2,n62,True,True
random_dag_5,r207_bitset,5,s2,n63,True,True
random_dag_5,r207_bitset,5,s2,n64,True,True
random_dag_5,r207_bitset,6,s3,n61,True,True
random_dag_5,r207_bitset,6,s3,n62,True,True
random_dag_5,r207_bitset,6,s3,n63,True,True
random_dag_5,r207_bitset,6,s3,n64,True,True
random_dag_5,r207_bitset,7,s4,n61,True,True
random_dag_5,r207_bitset,7,s4,n62,False,False
random_dag_5,r207_bitset,7,s4,n63,True,True
random_dag_5,r207_bitset,7,s4,n64,True,True
random_dag_5,r207_bitset,8,s5,n61,True,True
random_dag_5,r207_bitset,8,s5,n62,False,False
random_dag_5,r207_bitset,8,s5,n63,True,True
random_dag_5,r207_bitset,8,s5,n64,True,True
random_dag_5,r207_bitset,9,s6,n61,True,True
random_dag_5,r207_bitset,9,s6,n62,False,False
random_dag_5,r207_bitset,9,s6,n63,True,True
random_dag_5,r207_bitset,9,s6,n64,True,True
random_dag_5,r207_bitset,10,s7,n61,True,True
random_dag_5,r207_bitset,10,s7,n62,True,True
random_dag_5,r207_bitset,10,s7,n63,True,True
random_dag_5,r207_bitset,10,s7,n64,True,True
random_dag_5,r207_bitset,11,s8,n61,True,True
random_dag_5,r207_bitset,11,s8,n62,True,True
random_dag_5,r207_bitset,11,s8,n63,True,True
random_dag_5,r207_bitset,11,s8,n64,True,True
random_dag_5,r207_bitset,12,s9,n61,True,True
random_dag_5,r207_bitset,12,s9,n62,True,True
random_dag_5,r207_bitset,12,s9,n63,True,True
random_dag_5,r207_bitset,12,s9,n64,True,True
random_dag_5,r207_bitset,13,s0|s1,n61,True,True
random_dag_5,r207_bitset,13,s0|s1,n62,True,True
random_dag_5,r207_bitset,13,s0|s1,n63,True,True
random_dag_5,r207_bitset,13,s0|s1,n64,True,True
random_dag_5,r207_bitset,14,s0|s10,n61,True,True
random_dag_5,r207_bitset,14,s0|s10,n62,True,True
random_dag_5,r207_bitset,14,s0|s10,n63,True,True
random_dag_5,r207_bitset,14,s0|s10,n64,True,True
random_dag_5,r207_bitset,15,s0|s11,n61,True,True
random_dag_5,r207_bitset,15,s0|s11,n62,False,False
random_dag_5,r207_bitset,15,s0|s11,n63,True,True
random_dag_5,r207_bitset,15,s0|s11,n64,False,False
random_dag_5,r207_bitset,16,s0|s2,n61,False,False
random_dag_5,r207_bitset,16,s0|s2,n62,True,True
random_dag_5,r207_bitset,16,s0|s2,n63,True,True
random_dag_5,r207_bitset,16,s0|s2,n64,True,True
random_dag_5,r207_bitset,17,s0|s3,n61,True,True
random_dag_5,r207_bitset,17,s0|s3,n62,True,True
random_dag_5,r207_bitset,17,s0|s3,n63,True,True
random_dag_5,r207_bitset,17,s0|s3,n64,True,True
random_dag_5,r207_bitset,18,s0|s4,n61,True,True
random_dag_5,r207_bitset,18,s0|s4,n62,False,False
random_dag_5,r207_bitset,18,s0|s4,n63,True,True
random_dag_5,r207_bitset,18,s0|s4,n64,False,False
random_dag_5,r207_bitset,19,s0|s5,n61,True,True
random_dag_5,r207_bitset,19,s0|s5,n62,False,False
random_dag_5,r207_bitset,19,s0|s5,n63,True,True
random_dag_5,r207_bitset,19,s0|s5,n64,False,False
random_dag_5,r207_bitset,20,s0|s6,n61,True,True
random_dag_5,r207_bitset,20,s0|s6,n62,False,False
random_dag_5,r207_bitset,20,s0|s6,n63,True,True
random_dag_5,r207_bitset,20,s0|s6,n64,False,False
random_dag_5,r207_bitset,21,s0|s7,n61,True,True
random_dag_5,r207_bitset,21,s0|s7,n62,True,True
random_dag_5,r207_bitset,21,s0|s7,n63,True,True
random_dag_5,r207_bitset,21,s0|s7,n64,True,True
random_dag_5,r207_bitset,22,s0|s8,n61,True,True
random_dag_5,r207_bitset,22,s0|s8,n62,True,True
random_dag_5,r207_bitset,22,s0|s8,n63,True,True
random_dag_5,r207_bitset,22,s0|s8,n64,True,True
random_dag_5,r207_bitset,23,s0|s9,n61,True,True
random_dag_5,r207_bitset,23,s0|s9,n62,True,True
random_dag_5,r207_bitset,23,s0|s9,n63,True,True
random_dag_5,r207_bitset,23,s0|s9,n64,True,True
random_dag_5,r207_bitset,24,s1|s10,n61,True,True
random_dag_5,r207_bitset,24,s1|s10,n62,False,False
random_dag_5,r207_bitset,24,s1|s10,n63,True,True
random_dag_5,r207_bitset,24,s1|s10,n64,False,False
random_dag_5,r207_bitset,25,s1|s11,n61,True,True
random_dag_5,r207_bitset,25,s1|s11,n62,False,False
random_dag_5,r207_bitset,25,s1|s11,n63,True,True
random_dag_5,r207_bitset,25,s1|s11,n64,False,False
random_dag_5,r207_bitset,26,s1|s2,n61,False,False
random_dag_5,r207_bitset,26,s1|s2,n62,True,True
random_dag_5,r207_bitset,26,s1|s2,n63,True,True
random_dag_5,r207_bitset,26,s1|s2,n64,True,True
random_dag_5,r207_bitset,27,s1|s3,n61,True,True
random_dag_5,r207_bitset,27,s1|s3,n62,True,True
random_dag_5,r207_bitset,27,s1|s3,n63,True,True
random_dag_5,r207_bitset,27,s1|s3,n64,True,True
random_dag_5,r207_bitset,28,s1|s4,n61,True,True
random_dag_5,r207_bitset,28,s1|s4,n62,False,False
random_dag_5,r207_bitset,28,s1|s4,n63,True,True
random_dag_5,r207_bitset,28,s1|s4,n64,False,False
random_dag_5,r207_bitset,29,s1|s5,n61,True,True
random_dag_5,r207_bitset,29,s1|s5,n62,False,False
random_dag_5,r207_bitset,29,s1|s5,n63,True,True
random_dag_5,r207_bitset,29,s1|s5,n64,False,False
random_dag_5,r207_bitset,30,s1|s6,n61,True,True
random_dag_5,r207_bitset,30,s1|s6,n62,False,False
random_dag_5,r207_bitset,30,s1|s6,n63,True,True
random_dag_5,r207_bitset,30,s1|s6,n64,False,False
random_dag_5,r207_bitset,31,s1|s7,n61,True,True
random_dag_5,r207_bitset,31,s1|s7,n62,True,True
random_dag_5,r207_bitset,31,s1|s7,n63,True,True
random_dag_5,r207_bitset,31,s1|s7,n64,True,True
random_dag_5,r207_bitset,32,s1|s8,n61,True,True
random_dag_5,r207_bitset,32,s1|s8,n62,True,True
random_dag_5,r207_bitset,32,s1|s8,n63,True,True
random_dag_5,r207_bitset,32,s1|s8,n64,True,True
random_dag_5,r207_bitset,33,s1|s9,n61,True,True
random_dag_5,r207_bitset,33,s1|s9,n62,True,True
random_dag_5,r207_bitset,33,s1|s9,n63,True,True
random_dag_5,r207_bitset,33,s1|s9,n64,True,True
random_dag_5,r207_bitset,34,s10|s11,n61,True,True
random_dag_5,r207_bitset,34,s10|s11,n62,False,False
random_dag_5,r207_bitset,34,s10|s11,n63,True,True
random_dag_5,r207_bitset,34,s10|s11,n64,True,True
random_dag_5,r207_bitset,35,s10|s2,n61,False,False
random_dag_5,r207_bitset,35,s10|s2,n62,False,False
random_dag_5,r207_bitset,35,s10|s2,n63,True,True
random_dag_5,r207_bitset,35,s10|s2,n64,True,True
random_dag_5,r207_bitset,36,s10|s3,n61,True,True
random_dag_5,r207_bitset,36,s10|s3,n62,True,True
random_dag_5,r207_bitset,36,s10|s3,n63,True,True
random_dag_5,r207_bitset,36,s10|s3,n64,True,True
random_dag_5,r207_bitset,37,s10|s4,n61,True,True
random_dag_5,r207_bitset,37,s10|s4,n62,False,False
random_dag_5,r207_bitset,37,s10|s4,n63,True,True
random_dag_5,r207_bitset,37,s10|s4,n64,True,True
random_dag_5,r207_bitset,38,s10|s5,n61,True,True
random_dag_5,r207_bitset,38,s10|s5,n62,False,False
random_dag_5,r207_bitset,38,s10|s5,n63,True,True
random_dag_5,r207_bitset,38,s10|s5,n64,True,True
random_dag_5,r207_bitset,39,s10|s6,n61,True,True
random_dag_5,r207_bitset,39,s10|s6,n62,False,False
random_dag_5,r207_bitset,39,s10|s6,n63,True,True
random_dag_5,r207_bitset,39,s10|s6,n64,True,True
random_dag_5,r207_bitset,40,s10|s7,n61,True,True
random_dag_5,r207_bitset,40,s10|s7,n62,True,True
random_dag_5,r207_bitset,40,s10|s7,n63,True,True
random_dag_5,r207_bitset,40,s10|s7,n64,True,True
random_dag_5,r207_bitset,41,s10|s8,n61,True,True
random_dag_5,r207_bitset,41,s10|s8,n62,True,True
random_dag_5,r207_bitset,41,s10|s8,n63,True,True
random_dag_5,r207_bitset,41,s10|s8,n64,True,True
random_dag_5,r207_bitset,42,s10|s9,n61,True,True
random_dag_5,r207_bitset,42,s10|s9,n62,True,True
random_dag_5,r207_bitset,42,s10|s9,n63,True,True
random_dag_5,r207_bitset,42,s10|s9,n64,True,True
random_dag_5,r207_bitset,43,s11|s2,n61,False,False
random_dag_5,r207_bitset,43,s11|s2,n62,False,False
random_dag_5,r207_bitset,43,s11|s2,n63,True,True
random_dag_5,r207_bitset,43,s11|s2,n64,True,True
random_dag_5,r207_bitset,44,s11|s3,n61,True,True
random_dag_5,r207_bitset,44,s11|s3,n62,False,False
random_dag_5,r207_bitset,44,s11|s3,n63,True,True
random_dag_5,r207_bitset,44,s11|s3,n64,True,True
random_dag_5,r207_bitset,45,s11|s4,n61,True,True
random_dag_5,r207_bitset,45,s11|s4,n62,False,False
random_dag_5,r207_bitset,45,s11|s4,n63,True,True
random_dag_5,r207_bitset,45,s11|s4,n64,True,True
random_dag_5,r207_bitset,46,s11|s5,n61,True,True
random_dag_5,r207_bitset,46,s11|s5,n62,False,False
random_dag_5,r207_bitset,46,s11|s5,n63,True,True
random_dag_5,r207_bitset,46,s11|s5,n64,True,True
random_dag_5,r207_bitset,47,s11|s6,n61,True,True
random_dag_5,r207_bitset,47,s11|s6,n62,False,False
random_dag_5,r207_bitset,47,s11|s6,n63,True,True
random_dag_5,r207_bitset,47,s11|s6,n64,True,True
random_dag_5,r207_bitset,48,s11|s7,n61,True,True
random_dag_5,r207_bitset,48,s11|s7,n62,False,False
random_dag_5,r207_bitset,48,s11|s7,n63,True,True
random_dag_5,r207_bitset,48,s11|s7,n64,False,False
random_dag_5,r207_bitset,49,s11|s8,n61,True,True
random_dag_5,r207_bitset,49,s11|s8,n62,False,False
random_dag_5,r207_bitset,49,s11|s8,n63,True,True
random_dag_5,r207_bitset,49,s11|s8,n64,True,True
random_dag_5,r207_bitset,50,s11|s9,n61,True,True
random_dag_5,r207_bitset,50,s11|s9,n62,False,False
random_dag_5,r207_bitset,50,s11|s9,n63,True,True
random_dag_5,r207_bitset,50,s11|s9,n64,True,True
random_dag_5,r207_bitset,51,s2|s3,n61,False,False
random_dag_5,r207_bitset,51,s2|s3,n62,True,True
random_dag_5,r207_bitset,51,s2|s3,n63,True,True
random_dag_5,r207_bitset,51,s2|s3,n64,True,True
random_dag_5,r207_bitset,52,s2|s4,n61,False,False
random_dag_5,r207_bitset,52,s2|s4,n62,False,False
random_dag_5,r207_bitset,52,s2|s4,n63,True,True
random_dag_5,r207_bitset,52,s2|s4,n64,True,True
random_dag_5,r207_bitset,53,s2|s5,n61,False,False
random_dag_5,r207_bitset,53,s2|s5,n62,False,False
random_dag_5,r207_bitset,53,s2|s5,n63,True,True
random_dag_5,r207_bitset,53,s2|s5,n64,True,True
random_dag_5,r207_bitset,54,s2|s6,n61,False,False
random_dag_5,r207_bitset,54,s2|s6,n62,False,False
random_dag_5,r207_bitset,54,s2|s6,n63,True,True
random_dag_5,r207_bitset,54,s2|s6,n64,True,True
random_dag_5,r207_bitset,55,s2|s7,n61,False,False
random_dag_5,r207_bitset,55,s2|s7,n62,True,True
random_dag_5,r207_bitset,55,s2|s7,n63,True,True
random_dag_5,r207_bitset,55,s2|s7,n64,True,True
random_dag_5,r207_bitset,56,s2|s8,n61,False,False
random_dag_5,r207_bitset,56,s2|s8,n62,True,True
random_dag_5,r207_bitset,56,s2|s8,n63,True,True
random_dag_5,r207_bitset,56,s2|s8,n64,True,True
random_dag_5,r207_bitset,57,s2|s9,n61,False,False
random_dag_5,r207_bitset,57,s2|s9,n62,False,False
random_dag_5,r207_bitset,57,s2|s9,n63,True,True
random_dag_5,r207_bitset,57,s2|s9,n64,True,True
random_dag_5,r207_bitset,58,s3|s4,n61,True,True
random_dag_5,r207_bitset,58,s3|s4,n62,False,False
random_dag_5,r207_bitset,58,s3|s4,n63,True,True
random_dag_5,r207_bitset,58,s3|s4,n64,True,True
random_dag_5,r207_bitset,59,s3|s5,n61,True,True
random_dag_5,r207_bitset,59,s3|s5,n62,False,False
random_dag_5,r207_bitset,59,s3|s5,n63,True,True
random_dag_5,r207_bitset,59,s3|s5,n64,True,True
random_dag_5,r207_bitset,60,s3|s6,n61,True,True
random_dag_5,r207_bitset,60,s3|s6,n62,False,False
random_dag_5,r207_bitset,60,s3|s6,n63,True,True
random_dag_5,r207_bitset,60,s3|s6,n64,True,True
random_dag_5,r207_bitset,61,s3|s7,n61,True,True
random_dag_5,r207_bitset,61,s3|s7,n62,True,True
random_dag_5,r207_bitset,61,s3|s7,n63,True,True
random_dag_5,r207_bitset,61,s3|s7,n64,True,True
random_dag_5,r207_bitset,62,s3|s8,n61,True,True
random_dag_5,r207_bitset,62,s3|s8,n62,True,True
random_dag_5,r207_bitset,62,s3|s8,n63,True,True
random_dag_5,r207_bitset,62,s3|s8,n64,True,True
random_dag_5,r207_bitset,63,s3|s9,n61,True,True
random_dag_5,r207_bitset,63,s3|s9,n62,True,True
random_dag_5,r207_bitset,63,s3|s9,n63,True,True
random_dag_5,r207_bitset,63,s3|s9,n64,True,True
random_dag_5,r207_bitset,64,s4|s5,n61,True,True
random_dag_5,r207_bitset,64,s4|s5,n62,False,False
random_dag_5,r207_bitset,64,s4|s5,n63,True,True
random_dag_5,r207_bitset,64,s4|s5,n64,True,True
random_dag_5,r207_bitset,65,s4|s6,n61,True,True
random_dag_5,r207_bitset,65,s4|s6,n62,False,False
random_dag_5,r207_bitset,65,s4|s6,n63,True,True
random_dag_5,r207_bitset,65,s4|s6,n64,True,True
random_dag_5,r207_bitset,66,s4|s7,n61,True,True
random_dag_5,r207_bitset,66,s4|s7,n62,False,False
random_dag_5,r207_bitset,66,s4|s7,n63,True,True
random_dag_5,r207_bitset,66,s4|s7,n64,True,True
random_dag_5,r207_bitset,67,s4|s8,n61,True,True
random_dag_5,r207_bitset,67,s4|s8,n62,False,False
random_dag_5,r207_bitset,67,s4|s8,n63,True,True
random_dag_5,r207_bitset,67,s4|s8,n64,True,True
random_dag_5,r207_bitset,68,s4|s9,n61,True,True
random_dag_5,r207_bitset,68,s4|s9,n62,False,False
random_dag_5,r207_bitset,68,s4|s9,n63,True,True
random_dag_5,r207_bitset,68,s4|s9,n64,True,True
random_dag_5,r207_bitset,69,s5|s6,n61,True,True
random_dag_5,r207_bitset,69,s5|s6,n62,False,False
random_dag_5,r207_bitset,69,s5|s6,n63,True,True
random_dag_5,r207_bitset,69,s5|s6,n64,True,True
random_dag_5,r207_bitset,70,s5|s7,n61,True,True
random_dag_5,r207_bitset,70,s5|s7,n62,False,False
random_dag_5,r207_bitset,70,s5|s7,n63,True,True
random_dag_5,r207_bitset,70,s5|s7,n64,True,True
random_dag_5,r207_bitset,71,s5|s8,n61,True,True
random_dag_5,r207_bitset,71,s5|s8,n62,False,False
random_dag_5,r207_bitset,71,s5|s8,n63,True,True
random_dag_5,r207_bitset,71,s5|s8,n64,True,True
random_dag_5,r207_bitset,72,s5|s9,n61,True,True
random_dag_5,r207_bitset,72,s5|s9,n62,False,False
random_dag_5,r207_bitset,72,s5|s9,n63,True,True
random_dag_5,r207_bitset,72,s5|s9,n64,True,True
random_dag_5,r207_bitset,73,s6|s7,n61,True,True
random_dag_5,r207_bitset,73,s6|s7,n62,False,False
random_dag_5,r207_bitset,73,s6|s7,n63,True,True
random_dag_5,r207_bitset,73,s6|s7,n64,True,True
random_dag_5,r207_bitset,74,s6|s8,n61,True,True
random_dag_5,r207_bitset,74,s6|s8,n62,False,False
random_dag_5,r207_bitset,74,s6|s8,n63,True,True
random_dag_5,r207_bitset,74,s6|s8,n64,True,True
random_dag_5,r207_bitset,75,s6|s9,n61,True,True
random_dag_5,r207_bitset,75,s6|s9,n62,False,False
random_dag_5,r207_bitset,75,s6|s9,n63,True,True
random_dag_5,r207_bitset,75,s6|s9,n64,True,True
random_dag_5,r207_bitset,76,s7|s8,n61,True,True
random_dag_5,r207_bitset,76,s7|s8,n62,True,True
random_dag_5,r207_bitset,76,s7|s8,n63,True,True
random_dag_5,r207_bitset,76,s7|s8,n64,True,True
random_dag_5,r207_bitset,77,s7|s9,n61,True,True
random_dag_5,r207_bitset,77,s7|s9,n62,True,True
random_dag_5,r207_bitset,77,s7|s9,n63,True,True
random_dag_5,r207_bitset,77,s7|s9,n64,True,True
random_dag_5,r207_bitset,78,s8|s9,n61,True,True
random_dag_5,r207_bitset,78,s8|s9,n62,True,True
random_dag_5,r207_bitset,78,s8|s9,n63,True,True
random_dag_5,r207_bitset,78,s8|s9,n64,True,True
random_dag_5,r207_bitset,79,s0|s1|s10|s11|s2|s3|s4|s5|s6|s7|s8|s9,n61,False,False
random_dag_5,r207_bitset,79,s0|s1|s10|s11|s2|s3|s4|s5|s6|s7|s8|s9,n62,False,False
random_dag_5,r207_bitset,79,s0|s1|s10|s11|s2|s3|s4|s5|s6|s7|s8|s9,n63,False,False
random_dag_5,r207_bitset,79,s0|s1|s10|s11|s2|s3|s4|s5|s6|s7|s8|s9,n64,False,False
random_dag_6,and_or_forward,0,,n61,True,True
random_dag_6,and_or_forward,0,,n62,True,True
random_dag_6,and_or_forward,0,,n63,True,True
random_dag_6,and_or_forward,0,,n64,True,True
random_dag_6,and_or_forward,1,s0,n61,True,True
random_dag_6,and_or_forward,1,s0,n62,True,True
random_dag_6,and_or_forward,1,s0,n63,True,True
random_dag_6,and_or_forward,1,s0,n64,True,True
random_dag_6,and_or_forward,2,s1,n61,True,True
random_dag_6,and_or_forward,2,s1,n62,True,True
random_dag_6,and_or_forward,2,s1,n63,True,True
random_dag_6,and_or_forward,2,s1,n64,True,True
random_dag_6,and_or_forward,3,s10,n61,True,True
random_dag_6,and_or_forward,3,s10,n62,True,True
random_dag_6,and_or_forward,3,s10,n63,True,True
random_dag_6,and_or_forward,3,s10,n64,True,True
random_dag_6,and_or_forward,4,s11,n61,True,True
random_dag_6,and_or_forward,4,s11,n62,True,True
random_dag_6,and_or_forward,4,s11,n63,False,False
random_dag_6,and_or_forward,4,s11,n64,True,True
random_dag_6,and_or_forward,5,s2,n61,True,True
random_dag_6,and_or_forward,5,s2,n62,True,True
random_dag_6,and_or_forward,5,s2,n63,False,False
random_dag_6,and_or_forward,5,s2,n64,True,True
random_dag_6,and_or_forward,6,s3,n61,True,True
random_dag_6,and_or_forward,6,s3,n62,True,True
random_dag_6,and_or_forward,6,s3,n63,True,True
random_dag_6,and_or_forward,6,s3,n64,True,True
random_dag_6,and_or_forward,7,s4,n61,True,True
random_dag_6,and_or_forward,7,s4,n62,True,True
random_dag_6,and_or_forward,7,s4,n63,True,True
random_dag_6,and_or_forward,7,s4,n64,True,True
random_dag_6,and_or_forward,8,s5,n61,True,True
random_dag_6,and_or_forward,8,s5,n62,True,True
random_dag_6,and_or_forward,8,s5,n63,False,False
random_dag_6,and_or_forward,8,s5,n64,True,True
random_dag_6,and_or_forward,9,s6,n61,True,True
random_dag_6,and_or_forward,9,s6,n62,True,True
random_dag_6,and_or_forward,9,s6,n63,False,False
random_dag_6,and_or_forward,9,s6,n64,True,True
random_dag_6,and_or_forward,10,s7,n61,True,True
random_dag_6,and_or_forward,10,s7,n62,True,True
random_dag_6,and_or_forward,10,s7,n63,True,True
random_dag_6,and_or_forward,10,s7,n64,True,True
random_dag_6,and_or_forward,11,s8,n61,True,True
random_dag_6,and_or_forward,11,s8,n62,True,True
random_dag_6,and_or_forward,11,s8,n63,True,True
random_dag_6,and_or_forward,11,s8,n64,True,True
random_dag_6,and_or_forward,12,s9,n61,False,False
random_dag_6,and_or_forward,12,s9,n62,True,True
random_dag_6,and_or_forward,12,s9,n63,False,False
random_dag_6,and_or_forward,12,s9,n64,True,True
random_dag_6,and_or_forward,13,s0|s1,n61,True,True
random_dag_6,and_or_forward,13,s0|s1,n62,True,True
random_dag_6,and_or_forward,13,s0|s1,n63,True,True
random_dag_6,and_or_forward,13,s0|s1,n64,True,True
random_dag_6,and_or_forward,14,s0|s10,n61,True,True
random_dag_6,and_or_forward,14,s0|s10,n62,True,True
random_dag_6,and_or_forward,14,s0|s10,n63,True,True
random_dag_6,and_or_forward,14,s0|s10,n64,True,True
random_dag_6,and_or_forward,15,s0|s11,n61,True,True
random_dag_6,and_or_forward,15,s0|s11,n62,True,True
random_dag_6,and_or_forward,15,s0|s11,n63,False,False
random_dag_6,and_or_forward,15,s0|s11,n64,True,True
random_dag_6,and_or_forward,16,s0|s2,n61,True,True
random_dag_6,and_or_forward,16,s0|s2,n62,True,True
random_dag_6,and_or_forward,16,s0|s2,n63,False,False
random_dag_6,and_or_forward,16,s0|s2,n64,True,True
random_dag_6,and_or_forward,17,s0|s3,n61,True,True
random_dag_6,and_or_forward,17,s0|s3,n62,True,True
random_dag_6,and_or_forward,17,s0|s3,n63,True,True
random_dag_6,and_or_forward,17,s0|s3,n64,True,True
random_dag_6,and_or_forward,18,s0|s4,n61,True,True
random_dag_6,and_or_forward,18,s0|s4,n62,True,True
random_dag_6,and_or_forward,18,s0|s4,n63,True,True
random_dag_6,and_or_forward,18,s0|s4,n64,True,True
random_dag_6,and_or_forward,19,s0|s5,n61,True,True
random_dag_6,and_or_forward,19,s0|s5,n62,True,True
random_dag_6,and_or_forward,19,s0|s5,n63,False,False
random_dag_6,and_or_forward,19,s0|s5,n64,True,True
random_dag_6,and_or_forward,20,s0|s6,n61,True,True
random_dag_6,and_or_forward,20,s0|s6,n62,True,True
random_dag_6,and_or_forward,20,s0|s6,n63,False,False
random_dag_6,and_or_forward,20,s0|s6,n64,True,True
random_dag_6,and_or_forward,21,s0|s7,n61,True,True
random_dag_6,and_or_forward,21,s0|s7,n62,True,True
random_dag_6,and_or_forward,21,s0|s7,n63,True,True
random_dag_6,and_or_forward,21,s0|s7,n64,True,True
random_dag_6,and_or_forward,22,s0|s8,n61,True,True
random_dag_6,and_or_forward,22,s0|s8,n62,True,True
random_dag_6,and_or_forward,22,s0|s8,n63,True,True
random_dag_6,and_or_forward,22,s0|s8,n64,True,True
random_dag_6,and_or_forward,23,s0|s9,n61,False,False
random_dag_6,and_or_forward,23,s0|s9,n62,True,True
random_dag_6,and_or_forward,23,s0|s9,n63,False,False
random_dag_6,and_or_forward,23,s0|s9,n64,True,True
random_dag_6,and_or_forward,24,s1|s10,n61,True,True
random_dag_6,and_or_forward,24,s1|s10,n62,True,True
random_dag_6,and_or_forward,24,s1|s10,n63,True,True
random_dag_6,and_or_forward,24,s1|s10,n64,True,True
random_dag_6,and_or_forward,25,s1|s11,n61,True,True
random_dag_6,and_or_forward,25,s1|s11,n62,True,True
random_dag_6,and_or_forward,25,s1|s11,n63,False,False
random_dag_6,and_or_forward,25,s1|s11,n64,True,True
random_dag_6,and_or_forward,26,s1|s2,n61,True,True
random_dag_6,and_or_forward,26,s1|s2,n62,True,True
random_dag_6,and_or_forward,26,s1|s2,n63,False,False
random_dag_6,and_or_forward,26,s1|s2,n64,True,True
random_dag_6,and_or_forward,27,s1|s3,n61,True,True
random_dag_6,and_or_forward,27,s1|s3,n62,True,True
random_dag_6,and_or_forward,27,s1|s3,n63,True,True
random_dag_6,and_or_forward,27,s1|s3,n64,True,True
random_dag_6,and_or_forward,28,s1|s4,n61,True,True
random_dag_6,and_or_forward,28,s1|s4,n62,True,True
random_dag_6,and_or_forward,28,s1|s4,n63,True,True
random_dag_6,and_or_forward,28,s1|s4,n64,True,True
random_dag_6,and_or_forward,29,s1|s5,n61,True,True
random_dag_6,and_or_forward,29,s1|s5,n62,True,True
random_dag_6,and_or_forward,29,s1|s5,n63,False,False
random_dag_6,and_or_forward,29,s1|s5,n64,True,True
random_dag_6,and_or_forward,30,s1|s6,n61,True,True
random_dag_6,and_or_forward,30,s1|s6,n62,True,True
random_dag_6,and_or_forward,30,s1|s6,n63,False,False
random_dag_6,and_or_forward,30,s1|s6,n64,True,True
random_dag_6,and_or_forward,31,s1|s7,n61,True,True
random_dag_6,and_or_forward,31,s1|s7,n62,True,True
random_dag_6,and_or_forward,31,s1|s7,n63,True,True
random_dag_6,and_or_forward,31,s1|s7,n64,True,True
random_dag_6,and_or_forward,32,s1|s8,n61,True,True
random_dag_6,and_or_forward,32,s1|s8,n62,True,True
random_dag_6,and_or_forward,32,s1|s8,n63,True,True
random_dag_6,and_or_forward,32,s1|s8,n64,True,True
random_dag_6,and_or_forward,33,s1|s9,n61,False,False
random_dag_6,and_or_forward,33,s1|s9,n62,True,True
random_dag_6,and_or_forward,33,s1|s9,n63,False,False
random_dag_6,and_or_forward,33,s1|s9,n64,True,True
random_dag_6,and_or_forward,34,s10|s11,n61,True,True
random_dag_6,and_or_forward,34,s10|s11,n62,True,True
random_dag_6,and_or_forward,34,s10|s11,n63,False,False
random_dag_6,and_or_forward,34,s10|s11,n64,True,True
random_dag_6,and_or_forward,35,s10|s2,n61,True,True
random_dag_6,and_or_forward,35,s10|s2,n62,True,True
random_dag_6,and_or_forward,35,s10|s2,n63,False,False
random_dag_6,and_or_forward,35,s10|s2,n64,True,True
random_dag_6,and_or_forward,36,s10|s3,n61,True,True
random_dag_6,and_or_forward,36,s10|s3,n62,True,True
random_dag_6,and_or_forward,36,s10|s3,n63,True,True
random_dag_6,and_or_forward,36,s10|s3,n64,True,True
random_dag_6,and_or_forward,37,s10|s4,n61,True,True
random_dag_6,and_or_forward,37,s10|s4,n62,True,True
random_dag_6,and_or_forward,37,s10|s4,n63,True,True
random_dag_6,and_or_forward,37,s10|s4,n64,True,True
random_dag_6,and_or_forward,38,s10|s5,n61,True,True
random_dag_6,and_or_forward,38,s10|s5,n62,True,True
random_dag_6,and_or_forward,38,s10|s5,n63,False,False
random_dag_6,and_or_forward,38,s10|s5,n64,True,True
random_dag_6,and_or_forward,39,s10|s6,n61,True,True
random_dag_6,and_or_forward,39,s10|s6,n62,True,True
random_dag_6,and_or_forward,39,s10|s6,n63,False,False
random_dag_6,and_or_forward,39,s10|s6,n64,True,True
random_dag_6,and_or_forward,40,s10|s7,n61,True,True
random_dag_6,and_or_forward,40,s10|s7,n62,True,True
random_dag_6,and_or_forward,40,s10|s7,n63,True,True
random_dag_6,and_or_forward,40,s10|s7,n64,True,True
random_dag_6,and_or_forward,41,s10|s8,n61,True,True
random_dag_6,and_or_forward,41,s10|s8,n62,True,True
random_dag_6,and_or_forward,41,s10|s8,n63,True,True
random_dag_6,and_or_forward,41,s10|s8,n64,True,True
random_dag_6,and_or_forward,42,s10|s9,n61,False,False
random_dag_6,and_or_forward,42,s10|s9,n62,True,True
random_dag_6,and_or_forward,42,s10|s9,n63,False,False
random_dag_6,and_or_forward,42,s10|s9,n64,True,True
random_dag_6,and_or_forward,43,s11|s2,n61,True,True
random_dag_6,and_or_forward,43,s11|s2,n62,True,True
random_dag_6,and_or_forward,43,s11|s2,n63,False,False
random_dag_6,and_or_forward,43,s11|s2,n64,True,True
random_dag_6,and_or_forward,44,s11|s3,n61,True,True
random_dag_6,and_or_forward,44,s11|s3,n62,True,True
random_dag_6,and_or_forward,44,s11|s3,n63,False,False
random_dag_6,and_or_forward,44,s11|s3,n64,True,True
random_dag_6,and_or_forward,45,s11|s4,n61,True,True
random_dag_6,and_or_forward,45,s11|s4,n62,True,True
random_dag_6,and_or_forward,45,s11|s4,n63,False,False
random_dag_6,and_or_forward,45,s11|s4,n64,True,True
random_dag_6,and_or_forward,46,s11|s5,n61,True,True
random_dag_6,and_or_forward,46,s11|s5,n62,True,True
random_dag_6,and_or_forward,46,s11|s5,n63,False,False
random_dag_6,and_or_forward,46,s11|s5,n64,True,True
random_dag_6,and_or_forward,47,s11|s6,n61,True,True
random_dag_6,and_or_forward,47,s11|s6,n62,True,True
random_dag_6,and_or_forward,47,s11|s6,n63,False,False
random_dag_6,and_or_forward,47,s11|s6,n64,True,True
random_dag_6,and_or_forward,48,s11|s7,n61,True,True
random_dag_6,and_or_forward,48,s11|s7,n62,True,True
random_dag_6,and_or_forward,48,s11|s7,n63,False,False
random_dag_6,and_or_forward,48,s11|s7,n64,True,True
random_dag_6,and_or_forward,49,s11|s8,n61,True,True
random_dag_6,and_or_forward,49,s11|s8,n62,True,True
random_dag_6,and_or_forward,49,s11|s8,n63,False,False
random_dag_6,and_or_forward,49,s11|s8,n64,True,True
random_dag_6,and_or_forward,50,s11|s9,n61,False,False
random_dag_6,and_or_forward,50,s11|s9,n62,True,True
random_dag_6,and_or_forward,50,s11|s9,n63,False,False
random_dag_6,and_or_forward,50,s11|s9,n64,True,True
random_dag_6,and_or_forward,51,s2|s3,n61,True,True
random_dag_6,and_or_forward,51,s2|s3,n62,True,True
random_dag_6,and_or_forward,51,s2|s3,n63,False,False
random_dag_6,and_or_forward,51,s2|s3,n64,True,True
random_dag_6,and_or_forward,52,s2|s4,n61,True,True
random_dag_6,and_or_forward,52,s2|s4,n62,True,True
random_dag_6,and_or_forward,52,s2|s4,n63,False,False
random_dag_6,and_or_forward,52,s2|s4,n64,True,True
random_dag_6,and_or_forward,53,s2|s5,n61,True,True
random_dag_6,and_or_forward,53,s2|s5,n62,True,True
random_dag_6,and_or_forward,53,s2|s5,n63,False,False
random_dag_6,and_or_forward,53,s2|s5,n64,True,True
random_dag_6,and_or_forward,54,s2|s6,n61,True,True
random_dag_6,and_or_forward,54,s2|s6,n62,True,True
random_dag_6,and_or_forward,54,s2|s6,n63,False,False
random_dag_6,and_or_forward,54,s2|s6,n64,True,True
random_dag_6,and_or_forward,55,s2|s7,n61,True,True
random_dag_6,and_or_forward,55,s2|s7,n62,True,True
random_dag_6,and_or_forward,55,s2|s7,n63,False,False
random_dag_6,and_or_forward,55,s2|s7,n64,True,True
random_dag_6,and_or_forward,56,s2|s8,n61,True,True
random_dag_6,and_or_forward,56,s2|s8,n62,True,True
random_dag_6,and_or_forward,56,s2|s8,n63,False,False
random_dag_6,and_or_forward,56,s2|s8,n64,True,True
random_dag_6,and_or_forward,57,s2|s9,n61,False,False
random_dag_6,and_or_forward,57,s2|s9,n62,True,True
random_dag_6,and_or_forward,57,s2|s9,n63,False,False
random_dag_6,and_or_forward,57,s2|s9,n64,True,True
random_dag_6,and_or_forward,58,s3|s4,n61,True,True
random_dag_6,and_or_forward,58,s3|s4,n62,True,True
random_dag_6,and_or_forward,58,s3|s4,n63,True,True
random_dag_6,and_or_forward,58,s3|s4,n64,True,True
random_dag_6,and_or_forward,59,s3|s5,n61,True,True
random_dag_6,and_or_forward,59,s3|s5,n62,True,True
random_dag_6,and_or_forward,59,s3|s5,n63,False,False
random_dag_6,and_or_forward,59,s3|s5,n64,True,True
random_dag_6,and_or_forward,60,s3|s6,n61,True,True
random_dag_6,and_or_forward,60,s3|s6,n62,True,True
random_dag_6,and_or_forward,60,s3|s6,n63,False,False
random_dag_6,and_or_forward,60,s3|s6,n64,True,True
random_dag_6,and_or_forward,61,s3|s7,n61,True,True
random_dag_6,and_or_forward,61,s3|s7,n62,True,True
random_dag_6,and_or_forward,61,s3|s7,n63,True,True
random_dag_6,and_or_forward,61,s3|s7,n64,True,True
random_dag_6,and_or_forward,62,s3|s8,n61,True,True
random_dag_6,and_or_forward,62,s3|s8,n62,True,True
random_dag_6,and_or_forward,62,s3|s8,n63,True,True
random_dag_6,and_or_forward,62,s3|s8,n64,True,True
random_dag_6,and_or_forward,63,s3|s9,n61,False,False
random_dag_6,and_or_forward,63,s3|s9,n62,True,True
random_dag_6,and_or_forward,63,s3|s9,n63,False,False
random_dag_6,and_or_forward,63,s3|s9,n64,True,True
random_dag_6,and_or_forward,64,s4|s5,n61,True,True
random_dag_6,and_or_forward,64,s4|s5,n62,True,True
random_dag_6,and_or_forward,64,s4|s5,n63,False,False
random_dag_6,and_or_forward,64,s4|s5,n64,True,True
random_dag_6,and_or_forward,65,s4|s6,n61,True,True
random_dag_6,and_or_forward,65,s4|s6,n62,True,True
random_dag_6,and_or_forward,65,s4|s6,n63,False,False
random_dag_6,and_or_forward,65,s4|s6,n64,True,True
random_dag_6,and_or_forward,66,s4|s7,n61,True,True
random_dag_6,and_or_forward,66,s4|s7,n62,True,True
random_dag_6,and_or_forward,66,s4|s7,n63,True,True
random_dag_6,and_or_forward,66,s4|s7,n64,True,True
random_dag_6,and_or_forward,67,s4|s8,n61,True,True
random_dag_6,and_or_forward,67,s4|s8,n62,True,True
random_dag_6,and_or_forward,67,s4|s8,n63,True,True
random_dag_6,and_or_forward,67,s4|s8,n64,True,True
random_dag_6,and_or_forward,68,s4|s9,n61,False,False
random_dag_6,and_or_forward,68,s4|s9,n62,True,True
random_dag_6,and_or_forward,68,s4|s9,n63,False,False
random_dag_6,and_or_forward,68,s4|s9,n64,True,True
random_dag_6,and_or_forward,69,s5|s6,n61,True,True
random_dag_6,and_or_forward,69,s5|s6,n62,True,True
random_dag_6,and_or_forward,69,s5|s6,n63,False,False
random_dag_6,and_or_forward,69,s5|s6,n64,True,True
random_dag_6,and_or_forward,70,s5|s7,n61,True,True
random_dag_6,and_or_forward,70,s5|s7,n62,True,True
random_dag_6,and_or_forward,70,s5|s7,n63,False,False
random_dag_6,and_or_forward,70,s5|s7,n64,True,True
random_dag_6,and_or_forward,71,s5|s8,n61,True,True
random_dag_6,and_or_forward,71,s5|s8,n62,True,True
random_dag_6,and_or_forward,71,s5|s8,n63,False,False
random_dag_6,and_or_forward,71,s5|s8,n64,True,True
random_dag_6,and_or_forward,72,s5|s9,n61,False,False
random_dag_6,and_or_forward,72,s5|s9,n62,True,True
random_dag_6,and_or_forward,72,s5|s9,n63,False,False
random_dag_6,and_or_forward,72,s5|s9,n64,True,True
random_dag_6,and_or_forward,73,s6|s7,n61,True,True
random_dag_6,and_or_forward,73,s6|s7,n62,True,True
random_dag_6,and_or_forward,73,s6|s7,n63,False,False
random_dag_6,and_or_forward,73,s6|s7,n64,True,True
random_dag_6,and_or_forward,74,s6|s8,n61,True,True
random_dag_6,and_or_forward,74,s6|s8,n62,True,True
random_dag_6,and_or_forward,74,s6|s8,n63,False,False
random_dag_6,and_or_forward,74,s6|s8,n64,True,True
random_dag_6,and_or_forward,75,s6|s9,n61,False,False
random_dag_6,and_or_forward,75,s6|s9,n62,True,True
random_dag_6,and_or_forward,75,s6|s9,n63,False,False
random_dag_6,and_or_forward,75,s6|s9,n64,True,True
random_dag_6,and_or_forward,76,s7|s8,n61,True,True
random_dag_6,and_or_forward,76,s7|s8,n62,True,True
random_dag_6,and_or_forward,76,s7|s8,n63,True,True
random_dag_6,and_or_forward,76,s7|s8,n64,True,True
random_dag_6,and_or_forward,77,s7|s9,n61,False,False
random_dag_6,and_or_forward,77,s7|s9,n62,True,True
random_dag_6,and_or_forward,77,s7|s9,n63,False,False
random_dag_6,and_or_forward,77,s7|s9,n64,True,True
random_dag_6,and_or_forward,78,s8|s9,n61,False,False
random_dag_6,and_or_forward,78,s8|s9,n62,True,True
random_dag_6,and_or_forward,78,s8|s9,n63,False,False
random_dag_6,and_or_forward,78,s8|s9,n64,True,True
random_dag_6,and_or_forward,79,s0|s1|s10|s11|s2|s3|s4|s5|s6|s7|s8|s9,n61,False,False
random_dag_6,and_or_forward,79,s0|s1|s10|s11|s2|s3|s4|s5|s6|s7|s8|s9,n62,False,False
random_dag_6,and_or_forward,79,s0|s1|s10|s11|s2|s3|s4|s5|s6|s7|s8|s9,n63,False,False
random_dag_6,and_or_forward,79,s0|s1|s10|s11|s2|s3|s4|s5|s6|s7|s8|s9,n64,False,False
random_dag_6,r207_scalar,0,,n61,True,True
random_dag_6,r207_scalar,0,,n62,True,True
random_dag_6,r207_scalar,0,,n63,True,True
random_dag_6,r207_scalar,0,,n64,True,True
random_dag_6,r207_scalar,1,s0,n61,True,True
random_dag_6,r207_scalar,1,s0,n62,True,True
random_dag_6,r207_scalar,1,s0,n63,True,True
random_dag_6,r207_scalar,1,s0,n64,True,True
random_dag_6,r207_scalar,2,s1,n61,True,True
random_dag_6,r207_scalar,2,s1,n62,True,True
random_dag_6,r207_scalar,2,s1,n63,True,True
random_dag_6,r207_scalar,2,s1,n64,True,True
random_dag_6,r207_scalar,3,s10,n61,True,True
random_dag_6,r207_scalar,3,s10,n62,True,True
random_dag_6,r207_scalar,3,s10,n63,True,True
random_dag_6,r207_scalar,3,s10,n64,True,True
random_dag_6,r207_scalar,4,s11,n61,True,True
random_dag_6,r207_scalar,4,s11,n62,True,True
random_dag_6,r207_scalar,4,s11,n63,False,False
random_dag_6,r207_scalar,4,s11,n64,True,True
random_dag_6,r207_scalar,5,s2,n61,True,True
random_dag_6,r207_scalar,5,s2,n62,True,True
random_dag_6,r207_scalar,5,s2,n63,False,False
random_dag_6,r207_scalar,5,s2,n64,True,True
random_dag_6,r207_scalar,6,s3,n61,True,True
random_dag_6,r207_scalar,6,s3,n62,True,True
random_dag_6,r207_scalar,6,s3,n63,True,True
random_dag_6,r207_scalar,6,s3,n64,True,True
random_dag_6,r207_scalar,7,s4,n61,True,True
random_dag_6,r207_scalar,7,s4,n62,True,True
random_dag_6,r207_scalar,7,s4,n63,True,True
random_dag_6,r207_scalar,7,s4,n64,True,True
random_dag_6,r207_scalar,8,s5,n61,True,True
random_dag_6,r207_scalar,8,s5,n62,True,True
random_dag_6,r207_scalar,8,s5,n63,False,False
random_dag_6,r207_scalar,8,s5,n64,True,True
random_dag_6,r207_scalar,9,s6,n61,True,True
random_dag_6,r207_scalar,9,s6,n62,True,True
random_dag_6,r207_scalar,9,s6,n63,False,False
random_dag_6,r207_scalar,9,s6,n64,True,True
random_dag_6,r207_scalar,10,s7,n61,True,True
random_dag_6,r207_scalar,10,s7,n62,True,True
random_dag_6,r207_scalar,10,s7,n63,True,True
random_dag_6,r207_scalar,10,s7,n64,True,True
random_dag_6,r207_scalar,11,s8,n61,True,True
random_dag_6,r207_scalar,11,s8,n62,True,True
random_dag_6,r207_scalar,11,s8,n63,True,True
random_dag_6,r207_scalar,11,s8,n64,True,True
random_dag_6,r207_scalar,12,s9,n61,False,False
random_dag_6,r207_scalar,12,s9,n62,True,True
random_dag_6,r207_scalar,12,s9,n63,False,False
random_dag_6,r207_scalar,12,s9,n64,True,True
random_dag_6,r207_scalar,13,s0|s1,n61,True,True
random_dag_6,r207_scalar,13,s0|s1,n62,True,True
random_dag_6,r207_scalar,13,s0|s1,n63,True,True
random_dag_6,r207_scalar,13,s0|s1,n64,True,True
random_dag_6,r207_scalar,14,s0|s10,n61,True,True
random_dag_6,r207_scalar,14,s0|s10,n62,True,True
random_dag_6,r207_scalar,14,s0|s10,n63,True,True
random_dag_6,r207_scalar,14,s0|s10,n64,True,True
random_dag_6,r207_scalar,15,s0|s11,n61,True,True
random_dag_6,r207_scalar,15,s0|s11,n62,True,True
random_dag_6,r207_scalar,15,s0|s11,n63,False,False
random_dag_6,r207_scalar,15,s0|s11,n64,True,True
random_dag_6,r207_scalar,16,s0|s2,n61,True,True
random_dag_6,r207_scalar,16,s0|s2,n62,True,True
random_dag_6,r207_scalar,16,s0|s2,n63,False,False
random_dag_6,r207_scalar,16,s0|s2,n64,True,True
random_dag_6,r207_scalar,17,s0|s3,n61,True,True
random_dag_6,r207_scalar,17,s0|s3,n62,True,True
random_dag_6,r207_scalar,17,s0|s3,n63,True,True
random_dag_6,r207_scalar,17,s0|s3,n64,True,True
random_dag_6,r207_scalar,18,s0|s4,n61,True,True
random_dag_6,r207_scalar,18,s0|s4,n62,True,True
random_dag_6,r207_scalar,18,s0|s4,n63,True,True
random_dag_6,r207_scalar,18,s0|s4,n64,True,True
random_dag_6,r207_scalar,19,s0|s5,n61,True,True
random_dag_6,r207_scalar,19,s0|s5,n62,True,True
random_dag_6,r207_scalar,19,s0|s5,n63,False,False
random_dag_6,r207_scalar,19,s0|s5,n64,True,True
random_dag_6,r207_scalar,20,s0|s6,n61,True,True
random_dag_6,r207_scalar,20,s0|s6,n62,True,True
random_dag_6,r207_scalar,20,s0|s6,n63,False,False
random_dag_6,r207_scalar,20,s0|s6,n64,True,True
random_dag_6,r207_scalar,21,s0|s7,n61,True,True
random_dag_6,r207_scalar,21,s0|s7,n62,True,True
random_dag_6,r207_scalar,21,s0|s7,n63,True,True
random_dag_6,r207_scalar,21,s0|s7,n64,True,True
random_dag_6,r207_scalar,22,s0|s8,n61,True,True
random_dag_6,r207_scalar,22,s0|s8,n62,True,True
random_dag_6,r207_scalar,22,s0|s8,n63,True,True
random_dag_6,r207_scalar,22,s0|s8,n64,True,True
random_dag_6,r207_scalar,23,s0|s9,n61,False,False
random_dag_6,r207_scalar,23,s0|s9,n62,True,True
random_dag_6,r207_scalar,23,s0|s9,n63,False,False
random_dag_6,r207_scalar,23,s0|s9,n64,True,True
random_dag_6,r207_scalar,24,s1|s10,n61,True,True
random_dag_6,r207_scalar,24,s1|s10,n62,True,True
random_dag_6,r207_scalar,24,s1|s10,n63,True,True
random_dag_6,r207_scalar,24,s1|s10,n64,True,True
random_dag_6,r207_scalar,25,s1|s11,n61,True,True
random_dag_6,r207_scalar,25,s1|s11,n62,True,True
random_dag_6,r207_scalar,25,s1|s11,n63,False,False
random_dag_6,r207_scalar,25,s1|s11,n64,True,True
random_dag_6,r207_scalar,26,s1|s2,n61,True,True
random_dag_6,r207_scalar,26,s1|s2,n62,True,True
random_dag_6,r207_scalar,26,s1|s2,n63,False,False
random_dag_6,r207_scalar,26,s1|s2,n64,True,True
random_dag_6,r207_scalar,27,s1|s3,n61,True,True
random_dag_6,r207_scalar,27,s1|s3,n62,True,True
random_dag_6,r207_scalar,27,s1|s3,n63,True,True
random_dag_6,r207_scalar,27,s1|s3,n64,True,True
random_dag_6,r207_scalar,28,s1|s4,n61,True,True
random_dag_6,r207_scalar,28,s1|s4,n62,True,True
random_dag_6,r207_scalar,28,s1|s4,n63,True,True
random_dag_6,r207_scalar,28,s1|s4,n64,True,True
random_dag_6,r207_scalar,29,s1|s5,n61,True,True
random_dag_6,r207_scalar,29,s1|s5,n62,True,True
random_dag_6,r207_scalar,29,s1|s5,n63,False,False
random_dag_6,r207_scalar,29,s1|s5,n64,True,True
random_dag_6,r207_scalar,30,s1|s6,n61,True,True
random_dag_6,r207_scalar,30,s1|s6,n62,True,True
random_dag_6,r207_scalar,30,s1|s6,n63,False,False
random_dag_6,r207_scalar,30,s1|s6,n64,True,True
random_dag_6,r207_scalar,31,s1|s7,n61,True,True
random_dag_6,r207_scalar,31,s1|s7,n62,True,True
random_dag_6,r207_scalar,31,s1|s7,n63,True,True
random_dag_6,r207_scalar,31,s1|s7,n64,True,True
random_dag_6,r207_scalar,32,s1|s8,n61,True,True
random_dag_6,r207_scalar,32,s1|s8,n62,True,True
random_dag_6,r207_scalar,32,s1|s8,n63,True,True
random_dag_6,r207_scalar,32,s1|s8,n64,True,True
random_dag_6,r207_scalar,33,s1|s9,n61,False,False
random_dag_6,r207_scalar,33,s1|s9,n62,True,True
random_dag_6,r207_scalar,33,s1|s9,n63,False,False
random_dag_6,r207_scalar,33,s1|s9,n64,True,True
random_dag_6,r207_scalar,34,s10|s11,n61,True,True
random_dag_6,r207_scalar,34,s10|s11,n62,True,True
random_dag_6,r207_scalar,34,s10|s11,n63,False,False
random_dag_6,r207_scalar,34,s10|s11,n64,True,True
random_dag_6,r207_scalar,35,s10|s2,n61,True,True
random_dag_6,r207_scalar,35,s10|s2,n62,True,True
random_dag_6,r207_scalar,35,s10|s2,n63,False,False
random_dag_6,r207_scalar,35,s10|s2,n64,True,True
random_dag_6,r207_scalar,36,s10|s3,n61,True,True
random_dag_6,r207_scalar,36,s10|s3,n62,True,True
random_dag_6,r207_scalar,36,s10|s3,n63,True,True
random_dag_6,r207_scalar,36,s10|s3,n64,True,True
random_dag_6,r207_scalar,37,s10|s4,n61,True,True
random_dag_6,r207_scalar,37,s10|s4,n62,True,True
random_dag_6,r207_scalar,37,s10|s4,n63,True,True
random_dag_6,r207_scalar,37,s10|s4,n64,True,True
random_dag_6,r207_scalar,38,s10|s5,n61,True,True
random_dag_6,r207_scalar,38,s10|s5,n62,True,True
random_dag_6,r207_scalar,38,s10|s5,n63,False,False
random_dag_6,r207_scalar,38,s10|s5,n64,True,True
random_dag_6,r207_scalar,39,s10|s6,n61,True,True
random_dag_6,r207_scalar,39,s10|s6,n62,True,True
random_dag_6,r207_scalar,39,s10|s6,n63,False,False
random_dag_6,r207_scalar,39,s10|s6,n64,True,True
random_dag_6,r207_scalar,40,s10|s7,n61,True,True
random_dag_6,r207_scalar,40,s10|s7,n62,True,True
random_dag_6,r207_scalar,40,s10|s7,n63,True,True
random_dag_6,r207_scalar,40,s10|s7,n64,True,True
random_dag_6,r207_scalar,41,s10|s8,n61,True,True
random_dag_6,r207_scalar,41,s10|s8,n62,True,True
random_dag_6,r207_scalar,41,s10|s8,n63,True,True
random_dag_6,r207_scalar,41,s10|s8,n64,True,True
random_dag_6,r207_scalar,42,s10|s9,n61,False,False
random_dag_6,r207_scalar,42,s10|s9,n62,True,True
random_dag_6,r207_scalar,42,s10|s9,n63,False,False
random_dag_6,r207_scalar,42,s10|s9,n64,True,True
random_dag_6,r207_scalar,43,s11|s2,n61,True,True
random_dag_6,r207_scalar,43,s11|s2,n62,True,True
random_dag_6,r207_scalar,43,s11|s2,n63,False,False
random_dag_6,r207_scalar,43,s11|s2,n64,True,True
random_dag_6,r207_scalar,44,s11|s3,n61,True,True
random_dag_6,r207_scalar,44,s11|s3,n62,True,True
random_dag_6,r207_scalar,44,s11|s3,n63,False,False
random_dag_6,r207_scalar,44,s11|s3,n64,True,True
random_dag_6,r207_scalar,45,s11|s4,n61,True,True
random_dag_6,r207_scalar,45,s11|s4,n62,True,True
random_dag_6,r207_scalar,45,s11|s4,n63,False,False
random_dag_6,r207_scalar,45,s11|s4,n64,True,True
random_dag_6,r207_scalar,46,s11|s5,n61,True,True
random_dag_6,r207_scalar,46,s11|s5,n62,True,True
random_dag_6,r207_scalar,46,s11|s5,n63,False,False
random_dag_6,r207_scalar,46,s11|s5,n64,True,True
random_dag_6,r207_scalar,47,s11|s6,n61,True,True
random_dag_6,r207_scalar,47,s11|s6,n62,True,True
random_dag_6,r207_scalar,47,s11|s6,n63,False,False
random_dag_6,r207_scalar,47,s11|s6,n64,True,True
random_dag_6,r207_scalar,48,s11|s7,n61,True,True
random_dag_6,r207_scalar,48,s11|s7,n62,True,True
random_dag_6,r207_scalar,48,s11|s7,n63,False,False
random_dag_6,r207_scalar,48,s11|s7,n64,True,True
random_dag_6,r207_scalar,49,s11|s8,n61,True,True
random_dag_6,r207_scalar,49,s11|s8,n62,True,True
random_dag_6,r207_scalar,49,s11|s8,n63,False,False
random_dag_6,r207_scalar,49,s11|s8,n64,True,True
random_dag_6,r207_scalar,50,s11|s9,n61,False,False
random_dag_6,r207_scalar,50,s11|s9,n62,True,True
random_dag_6,r207_scalar,50,s11|s9,n63,False,False
random_dag_6,r207_scalar,50,s11|s9,n64,True,True
random_dag_6,r207_scalar,51,s2|s3,n61,True,True
random_dag_6,r207_scalar,51,s2|s3,n62,True,True
random_dag_6,r207_scalar,51,s2|s3,n63,False,False
random_dag_6,r207_scalar,51,s2|s3,n64,True,True
random_dag_6,r207_scalar,52,s2|s4,n61,True,True
random_dag_6,r207_scalar,52,s2|s4,n62,True,True
random_dag_6,r207_scalar,52,s2|s4,n63,False,False
random_dag_6,r207_scalar,52,s2|s4,n64,True,True
random_dag_6,r207_scalar,53,s2|s5,n61,True,True
random_dag_6,r207_scalar,53,s2|s5,n62,True,True
random_dag_6,r207_scalar,53,s2|s5,n63,False,False
random_dag_6,r207_scalar,53,s2|s5,n64,True,True
random_dag_6,r207_scalar,54,s2|s6,n61,True,True
random_dag_6,r207_scalar,54,s2|s6,n62,True,True
random_dag_6,r207_scalar,54,s2|s6,n63,False,False
random_dag_6,r207_scalar,54,s2|s6,n64,True,True
random_dag_6,r207_scalar,55,s2|s7,n61,True,True
random_dag_6,r207_scalar,55,s2|s7,n62,True,True
random_dag_6,r207_scalar,55,s2|s7,n63,False,False
random_dag_6,r207_scalar,55,s2|s7,n64,True,True
random_dag_6,r207_scalar,56,s2|s8,n61,True,True
random_dag_6,r207_scalar,56,s2|s8,n62,True,True
random_dag_6,r207_scalar,56,s2|s8,n63,False,False
random_dag_6,r207_scalar,56,s2|s8,n64,True,True
random_dag_6,r207_scalar,57,s2|s9,n61,False,False
random_dag_6,r207_scalar,57,s2|s9,n62,True,True
random_dag_6,r207_scalar,57,s2|s9,n63,False,False
random_dag_6,r207_scalar,57,s2|s9,n64,True,True
random_dag_6,r207_scalar,58,s3|s4,n61,True,True
random_dag_6,r207_scalar,58,s3|s4,n62,True,True
random_dag_6,r207_scalar,58,s3|s4,n63,True,True
random_dag_6,r207_scalar,58,s3|s4,n64,True,True
random_dag_6,r207_scalar,59,s3|s5,n61,True,True
random_dag_6,r207_scalar,59,s3|s5,n62,True,True
random_dag_6,r207_scalar,59,s3|s5,n63,False,False
random_dag_6,r207_scalar,59,s3|s5,n64,True,True
random_dag_6,r207_scalar,60,s3|s6,n61,True,True
random_dag_6,r207_scalar,60,s3|s6,n62,True,True
random_dag_6,r207_scalar,60,s3|s6,n63,False,False
random_dag_6,r207_scalar,60,s3|s6,n64,True,True
random_dag_6,r207_scalar,61,s3|s7,n61,True,True
random_dag_6,r207_scalar,61,s3|s7,n62,True,True
random_dag_6,r207_scalar,61,s3|s7,n63,True,True
random_dag_6,r207_scalar,61,s3|s7,n64,True,True
random_dag_6,r207_scalar,62,s3|s8,n61,True,True
random_dag_6,r207_scalar,62,s3|s8,n62,True,True
random_dag_6,r207_scalar,62,s3|s8,n63,True,True
random_dag_6,r207_scalar,62,s3|s8,n64,True,True
random_dag_6,r207_scalar,63,s3|s9,n61,False,False
random_dag_6,r207_scalar,63,s3|s9,n62,True,True
random_dag_6,r207_scalar,63,s3|s9,n63,False,False
random_dag_6,r207_scalar,63,s3|s9,n64,True,True
random_dag_6,r207_scalar,64,s4|s5,n61,True,True
random_dag_6,r207_scalar,64,s4|s5,n62,True,True
random_dag_6,r207_scalar,64,s4|s5,n63,False,False
random_dag_6,r207_scalar,64,s4|s5,n64,True,True
random_dag_6,r207_scalar,65,s4|s6,n61,True,True
random_dag_6,r207_scalar,65,s4|s6,n62,True,True
random_dag_6,r207_scalar,65,s4|s6,n63,False,False
random_dag_6,r207_scalar,65,s4|s6,n64,True,True
random_dag_6,r207_scalar,66,s4|s7,n61,True,True
random_dag_6,r207_scalar,66,s4|s7,n62,True,True
random_dag_6,r207_scalar,66,s4|s7,n63,True,True
random_dag_6,r207_scalar,66,s4|s7,n64,True,True
random_dag_6,r207_scalar,67,s4|s8,n61,True,True
random_dag_6,r207_scalar,67,s4|s8,n62,True,True
random_dag_6,r207_scalar,67,s4|s8,n63,True,True
random_dag_6,r207_scalar,67,s4|s8,n64,True,True
random_dag_6,r207_scalar,68,s4|s9,n61,False,False
random_dag_6,r207_scalar,68,s4|s9,n62,True,True
random_dag_6,r207_scalar,68,s4|s9,n63,False,False
random_dag_6,r207_scalar,68,s4|s9,n64,True,True
random_dag_6,r207_scalar,69,s5|s6,n61,True,True
random_dag_6,r207_scalar,69,s5|s6,n62,True,True
random_dag_6,r207_scalar,69,s5|s6,n63,False,False
random_dag_6,r207_scalar,69,s5|s6,n64,True,True
random_dag_6,r207_scalar,70,s5|s7,n61,True,True
random_dag_6,r207_scalar,70,s5|s7,n62,True,True
random_dag_6,r207_scalar,70,s5|s7,n63,False,False
random_dag_6,r207_scalar,70,s5|s7,n64,True,True
random_dag_6,r207_scalar,71,s5|s8,n61,True,True
random_dag_6,r207_scalar,71,s5|s8,n62,True,True
random_dag_6,r207_scalar,71,s5|s8,n63,False,False
random_dag_6,r207_scalar,71,s5|s8,n64,True,True
random_dag_6,r207_scalar,72,s5|s9,n61,False,False
random_dag_6,r207_scalar,72,s5|s9,n62,True,True
random_dag_6,r207_scalar,72,s5|s9,n63,False,False
random_dag_6,r207_scalar,72,s5|s9,n64,True,True
random_dag_6,r207_scalar,73,s6|s7,n61,True,True
random_dag_6,r207_scalar,73,s6|s7,n62,True,True
random_dag_6,r207_scalar,73,s6|s7,n63,False,False
random_dag_6,r207_scalar,73,s6|s7,n64,True,True
random_dag_6,r207_scalar,74,s6|s8,n61,True,True
random_dag_6,r207_scalar,74,s6|s8,n62,True,True
random_dag_6,r207_scalar,74,s6|s8,n63,False,False
random_dag_6,r207_scalar,74,s6|s8,n64,True,True
random_dag_6,r207_scalar,75,s6|s9,n61,False,False
random_dag_6,r207_scalar,75,s6|s9,n62,True,True
random_dag_6,r207_scalar,75,s6|s9,n63,False,False
random_dag_6,r207_scalar,75,s6|s9,n64,True,True
random_dag_6,r207_scalar,76,s7|s8,n61,True,True
random_dag_6,r207_scalar,76,s7|s8,n62,True,True
random_dag_6,r207_scalar,76,s7|s8,n63,True,True
random_dag_6,r207_scalar,76,s7|s8,n64,True,True
random_dag_6,r207_scalar,77,s7|s9,n61,False,False
random_dag_6,r207_scalar,77,s7|s9,n62,True,True
random_dag_6,r207_scalar,77,s7|s9,n63,False,False
random_dag_6,r207_scalar,77,s7|s9,n64,True,True
random_dag_6,r207_scalar,78,s8|s9,n61,False,False
random_dag_6,r207_scalar,78,s8|s9,n62,True,True
random_dag_6,r207_scalar,78,s8|s9,n63,False,False
random_dag_6,r207_scalar,78,s8|s9,n64,True,True
random_dag_6,r207_scalar,79,s0|s1|s10|s11|s2|s3|s4|s5|s6|s7|s8|s9,n61,False,False
random_dag_6,r207_scalar,79,s0|s1|s10|s11|s2|s3|s4|s5|s6|s7|s8|s9,n62,False,False
random_dag_6,r207_scalar,79,s0|s1|s10|s11|s2|s3|s4|s5|s6|s7|s8|s9,n63,False,False
random_dag_6,r207_scalar,79,s0|s1|s10|s11|s2|s3|s4|s5|s6|s7|s8|s9,n64,False,False
random_dag_6,r207_bitset,0,,n61,True,True
random_dag_6,r207_bitset,0,,n62,True,True
random_dag_6,r207_bitset,0,,n63,True,True
random_dag_6,r207_bitset,0,,n64,True,True
random_dag_6,r207_bitset,1,s0,n61,True,True
random_dag_6,r207_bitset,1,s0,n62,True,True
random_dag_6,r207_bitset,1,s0,n63,True,True
random_dag_6,r207_bitset,1,s0,n64,True,True
random_dag_6,r207_bitset,2,s1,n61,True,True
random_dag_6,r207_bitset,2,s1,n62,True,True
random_dag_6,r207_bitset,2,s1,n63,True,True
random_dag_6,r207_bitset,2,s1,n64,True,True
random_dag_6,r207_bitset,3,s10,n61,True,True
random_dag_6,r207_bitset,3,s10,n62,True,True
random_dag_6,r207_bitset,3,s10,n63,True,True
random_dag_6,r207_bitset,3,s10,n64,True,True
random_dag_6,r207_bitset,4,s11,n61,True,True
random_dag_6,r207_bitset,4,s11,n62,True,True
random_dag_6,r207_bitset,4,s11,n63,False,False
random_dag_6,r207_bitset,4,s11,n64,True,True
random_dag_6,r207_bitset,5,s2,n61,True,True
random_dag_6,r207_bitset,5,s2,n62,True,True
random_dag_6,r207_bitset,5,s2,n63,False,False
random_dag_6,r207_bitset,5,s2,n64,True,True
random_dag_6,r207_bitset,6,s3,n61,True,True
random_dag_6,r207_bitset,6,s3,n62,True,True
random_dag_6,r207_bitset,6,s3,n63,True,True
random_dag_6,r207_bitset,6,s3,n64,True,True
random_dag_6,r207_bitset,7,s4,n61,True,True
random_dag_6,r207_bitset,7,s4,n62,True,True
random_dag_6,r207_bitset,7,s4,n63,True,True
random_dag_6,r207_bitset,7,s4,n64,True,True
random_dag_6,r207_bitset,8,s5,n61,True,True
random_dag_6,r207_bitset,8,s5,n62,True,True
random_dag_6,r207_bitset,8,s5,n63,False,False
random_dag_6,r207_bitset,8,s5,n64,True,True
random_dag_6,r207_bitset,9,s6,n61,True,True
random_dag_6,r207_bitset,9,s6,n62,True,True
random_dag_6,r207_bitset,9,s6,n63,False,False
random_dag_6,r207_bitset,9,s6,n64,True,True
random_dag_6,r207_bitset,10,s7,n61,True,True
random_dag_6,r207_bitset,10,s7,n62,True,True
random_dag_6,r207_bitset,10,s7,n63,True,True
random_dag_6,r207_bitset,10,s7,n64,True,True
random_dag_6,r207_bitset,11,s8,n61,True,True
random_dag_6,r207_bitset,11,s8,n62,True,True
random_dag_6,r207_bitset,11,s8,n63,True,True
random_dag_6,r207_bitset,11,s8,n64,True,True
random_dag_6,r207_bitset,12,s9,n61,False,False
random_dag_6,r207_bitset,12,s9,n62,True,True
random_dag_6,r207_bitset,12,s9,n63,False,False
random_dag_6,r207_bitset,12,s9,n64,True,True
random_dag_6,r207_bitset,13,s0|s1,n61,True,True
random_dag_6,r207_bitset,13,s0|s1,n62,True,True
random_dag_6,r207_bitset,13,s0|s1,n63,True,True
random_dag_6,r207_bitset,13,s0|s1,n64,True,True
random_dag_6,r207_bitset,14,s0|s10,n61,True,True
random_dag_6,r207_bitset,14,s0|s10,n62,True,True
random_dag_6,r207_bitset,14,s0|s10,n63,True,True
random_dag_6,r207_bitset,14,s0|s10,n64,True,True
random_dag_6,r207_bitset,15,s0|s11,n61,True,True
random_dag_6,r207_bitset,15,s0|s11,n62,True,True
random_dag_6,r207_bitset,15,s0|s11,n63,False,False
random_dag_6,r207_bitset,15,s0|s11,n64,True,True
random_dag_6,r207_bitset,16,s0|s2,n61,True,True
random_dag_6,r207_bitset,16,s0|s2,n62,True,True
random_dag_6,r207_bitset,16,s0|s2,n63,False,False
random_dag_6,r207_bitset,16,s0|s2,n64,True,True
random_dag_6,r207_bitset,17,s0|s3,n61,True,True
random_dag_6,r207_bitset,17,s0|s3,n62,True,True
random_dag_6,r207_bitset,17,s0|s3,n63,True,True
random_dag_6,r207_bitset,17,s0|s3,n64,True,True
random_dag_6,r207_bitset,18,s0|s4,n61,True,True
random_dag_6,r207_bitset,18,s0|s4,n62,True,True
random_dag_6,r207_bitset,18,s0|s4,n63,True,True
random_dag_6,r207_bitset,18,s0|s4,n64,True,True
random_dag_6,r207_bitset,19,s0|s5,n61,True,True
random_dag_6,r207_bitset,19,s0|s5,n62,True,True
random_dag_6,r207_bitset,19,s0|s5,n63,False,False
random_dag_6,r207_bitset,19,s0|s5,n64,True,True
random_dag_6,r207_bitset,20,s0|s6,n61,True,True
random_dag_6,r207_bitset,20,s0|s6,n62,True,True
random_dag_6,r207_bitset,20,s0|s6,n63,False,False
random_dag_6,r207_bitset,20,s0|s6,n64,True,True
random_dag_6,r207_bitset,21,s0|s7,n61,True,True
random_dag_6,r207_bitset,21,s0|s7,n62,True,True
random_dag_6,r207_bitset,21,s0|s7,n63,True,True
random_dag_6,r207_bitset,21,s0|s7,n64,True,True
random_dag_6,r207_bitset,22,s0|s8,n61,True,True
random_dag_6,r207_bitset,22,s0|s8,n62,True,True
random_dag_6,r207_bitset,22,s0|s8,n63,True,True
random_dag_6,r207_bitset,22,s0|s8,n64,True,True
random_dag_6,r207_bitset,23,s0|s9,n61,False,False
random_dag_6,r207_bitset,23,s0|s9,n62,True,True
random_dag_6,r207_bitset,23,s0|s9,n63,False,False
random_dag_6,r207_bitset,23,s0|s9,n64,True,True
random_dag_6,r207_bitset,24,s1|s10,n61,True,True
random_dag_6,r207_bitset,24,s1|s10,n62,True,True
random_dag_6,r207_bitset,24,s1|s10,n63,True,True
random_dag_6,r207_bitset,24,s1|s10,n64,True,True
random_dag_6,r207_bitset,25,s1|s11,n61,True,True
random_dag_6,r207_bitset,25,s1|s11,n62,True,True
random_dag_6,r207_bitset,25,s1|s11,n63,False,False
random_dag_6,r207_bitset,25,s1|s11,n64,True,True
random_dag_6,r207_bitset,26,s1|s2,n61,True,True
random_dag_6,r207_bitset,26,s1|s2,n62,True,True
random_dag_6,r207_bitset,26,s1|s2,n63,False,False
random_dag_6,r207_bitset,26,s1|s2,n64,True,True
random_dag_6,r207_bitset,27,s1|s3,n61,True,True
random_dag_6,r207_bitset,27,s1|s3,n62,True,True
random_dag_6,r207_bitset,27,s1|s3,n63,True,True
random_dag_6,r207_bitset,27,s1|s3,n64,True,True
random_dag_6,r207_bitset,28,s1|s4,n61,True,True
random_dag_6,r207_bitset,28,s1|s4,n62,True,True
random_dag_6,r207_bitset,28,s1|s4,n63,True,True
random_dag_6,r207_bitset,28,s1|s4,n64,True,True
random_dag_6,r207_bitset,29,s1|s5,n61,True,True
random_dag_6,r207_bitset,29,s1|s5,n62,True,True
random_dag_6,r207_bitset,29,s1|s5,n63,False,False
random_dag_6,r207_bitset,29,s1|s5,n64,True,True
random_dag_6,r207_bitset,30,s1|s6,n61,True,True
random_dag_6,r207_bitset,30,s1|s6,n62,True,True
random_dag_6,r207_bitset,30,s1|s6,n63,False,False
random_dag_6,r207_bitset,30,s1|s6,n64,True,True
random_dag_6,r207_bitset,31,s1|s7,n61,True,True
random_dag_6,r207_bitset,31,s1|s7,n62,True,True
random_dag_6,r207_bitset,31,s1|s7,n63,True,True
random_dag_6,r207_bitset,31,s1|s7,n64,True,True
random_dag_6,r207_bitset,32,s1|s8,n61,True,True
random_dag_6,r207_bitset,32,s1|s8,n62,True,True
random_dag_6,r207_bitset,32,s1|s8,n63,True,True
random_dag_6,r207_bitset,32,s1|s8,n64,True,True
random_dag_6,r207_bitset,33,s1|s9,n61,False,False
random_dag_6,r207_bitset,33,s1|s9,n62,True,True
random_dag_6,r207_bitset,33,s1|s9,n63,False,False
random_dag_6,r207_bitset,33,s1|s9,n64,True,True
random_dag_6,r207_bitset,34,s10|s11,n61,True,True
random_dag_6,r207_bitset,34,s10|s11,n62,True,True
random_dag_6,r207_bitset,34,s10|s11,n63,False,False
random_dag_6,r207_bitset,34,s10|s11,n64,True,True
random_dag_6,r207_bitset,35,s10|s2,n61,True,True
random_dag_6,r207_bitset,35,s10|s2,n62,True,True
random_dag_6,r207_bitset,35,s10|s2,n63,False,False
random_dag_6,r207_bitset,35,s10|s2,n64,True,True
random_dag_6,r207_bitset,36,s10|s3,n61,True,True
random_dag_6,r207_bitset,36,s10|s3,n62,True,True
random_dag_6,r207_bitset,36,s10|s3,n63,True,True
random_dag_6,r207_bitset,36,s10|s3,n64,True,True
random_dag_6,r207_bitset,37,s10|s4,n61,True,True
random_dag_6,r207_bitset,37,s10|s4,n62,True,True
random_dag_6,r207_bitset,37,s10|s4,n63,True,True
random_dag_6,r207_bitset,37,s10|s4,n64,True,True
random_dag_6,r207_bitset,38,s10|s5,n61,True,True
random_dag_6,r207_bitset,38,s10|s5,n62,True,True
random_dag_6,r207_bitset,38,s10|s5,n63,False,False
random_dag_6,r207_bitset,38,s10|s5,n64,True,True
random_dag_6,r207_bitset,39,s10|s6,n61,True,True
random_dag_6,r207_bitset,39,s10|s6,n62,True,True
random_dag_6,r207_bitset,39,s10|s6,n63,False,False
random_dag_6,r207_bitset,39,s10|s6,n64,True,True
random_dag_6,r207_bitset,40,s10|s7,n61,True,True
random_dag_6,r207_bitset,40,s10|s7,n62,True,True
random_dag_6,r207_bitset,40,s10|s7,n63,True,True
random_dag_6,r207_bitset,40,s10|s7,n64,True,True
random_dag_6,r207_bitset,41,s10|s8,n61,True,True
random_dag_6,r207_bitset,41,s10|s8,n62,True,True
random_dag_6,r207_bitset,41,s10|s8,n63,True,True
random_dag_6,r207_bitset,41,s10|s8,n64,True,True
random_dag_6,r207_bitset,42,s10|s9,n61,False,False
random_dag_6,r207_bitset,42,s10|s9,n62,True,True
random_dag_6,r207_bitset,42,s10|s9,n63,False,False
random_dag_6,r207_bitset,42,s10|s9,n64,True,True
random_dag_6,r207_bitset,43,s11|s2,n61,True,True
random_dag_6,r207_bitset,43,s11|s2,n62,True,True
random_dag_6,r207_bitset,43,s11|s2,n63,False,False
random_dag_6,r207_bitset,43,s11|s2,n64,True,True
random_dag_6,r207_bitset,44,s11|s3,n61,True,True
random_dag_6,r207_bitset,44,s11|s3,n62,True,True
random_dag_6,r207_bitset,44,s11|s3,n63,False,False
random_dag_6,r207_bitset,44,s11|s3,n64,True,True
random_dag_6,r207_bitset,45,s11|s4,n61,True,True
random_dag_6,r207_bitset,45,s11|s4,n62,True,True
random_dag_6,r207_bitset,45,s11|s4,n63,False,False
random_dag_6,r207_bitset,45,s11|s4,n64,True,True
random_dag_6,r207_bitset,46,s11|s5,n61,True,True
random_dag_6,r207_bitset,46,s11|s5,n62,True,True
random_dag_6,r207_bitset,46,s11|s5,n63,False,False
random_dag_6,r207_bitset,46,s11|s5,n64,True,True
random_dag_6,r207_bitset,47,s11|s6,n61,True,True
random_dag_6,r207_bitset,47,s11|s6,n62,True,True
random_dag_6,r207_bitset,47,s11|s6,n63,False,False
random_dag_6,r207_bitset,47,s11|s6,n64,True,True
random_dag_6,r207_bitset,48,s11|s7,n61,True,True
random_dag_6,r207_bitset,48,s11|s7,n62,True,True
random_dag_6,r207_bitset,48,s11|s7,n63,False,False
random_dag_6,r207_bitset,48,s11|s7,n64,True,True
random_dag_6,r207_bitset,49,s11|s8,n61,True,True
random_dag_6,r207_bitset,49,s11|s8,n62,True,True
random_dag_6,r207_bitset,49,s11|s8,n63,False,False
random_dag_6,r207_bitset,49,s11|s8,n64,True,True
random_dag_6,r207_bitset,50,s11|s9,n61,False,False
random_dag_6,r207_bitset,50,s11|s9,n62,True,True
random_dag_6,r207_bitset,50,s11|s9,n63,False,False
random_dag_6,r207_bitset,50,s11|s9,n64,True,True
random_dag_6,r207_bitset,51,s2|s3,n61,True,True
random_dag_6,r207_bitset,51,s2|s3,n62,True,True
random_dag_6,r207_bitset,51,s2|s3,n63,False,False
random_dag_6,r207_bitset,51,s2|s3,n64,True,True
random_dag_6,r207_bitset,52,s2|s4,n61,True,True
random_dag_6,r207_bitset,52,s2|s4,n62,True,True
random_dag_6,r207_bitset,52,s2|s4,n63,False,False
random_dag_6,r207_bitset,52,s2|s4,n64,True,True
random_dag_6,r207_bitset,53,s2|s5,n61,True,True
random_dag_6,r207_bitset,53,s2|s5,n62,True,True
random_dag_6,r207_bitset,53,s2|s5,n63,False,False
random_dag_6,r207_bitset,53,s2|s5,n64,True,True
random_dag_6,r207_bitset,54,s2|s6,n61,True,True
random_dag_6,r207_bitset,54,s2|s6,n62,True,True
random_dag_6,r207_bitset,54,s2|s6,n63,False,False
random_dag_6,r207_bitset,54,s2|s6,n64,True,True
random_dag_6,r207_bitset,55,s2|s7,n61,True,True
random_dag_6,r207_bitset,55,s2|s7,n62,True,True
random_dag_6,r207_bitset,55,s2|s7,n63,False,False
random_dag_6,r207_bitset,55,s2|s7,n64,True,True
random_dag_6,r207_bitset,56,s2|s8,n61,True,True
random_dag_6,r207_bitset,56,s2|s8,n62,True,True
random_dag_6,r207_bitset,56,s2|s8,n63,False,False
random_dag_6,r207_bitset,56,s2|s8,n64,True,True
random_dag_6,r207_bitset,57,s2|s9,n61,False,False
random_dag_6,r207_bitset,57,s2|s9,n62,True,True
random_dag_6,r207_bitset,57,s2|s9,n63,False,False
random_dag_6,r207_bitset,57,s2|s9,n64,True,True
random_dag_6,r207_bitset,58,s3|s4,n61,True,True
random_dag_6,r207_bitset,58,s3|s4,n62,True,True
random_dag_6,r207_bitset,58,s3|s4,n63,True,True
random_dag_6,r207_bitset,58,s3|s4,n64,True,True
random_dag_6,r207_bitset,59,s3|s5,n61,True,True
random_dag_6,r207_bitset,59,s3|s5,n62,True,True
random_dag_6,r207_bitset,59,s3|s5,n63,False,False
random_dag_6,r207_bitset,59,s3|s5,n64,True,True
random_dag_6,r207_bitset,60,s3|s6,n61,True,True
random_dag_6,r207_bitset,60,s3|s6,n62,True,True
random_dag_6,r207_bitset,60,s3|s6,n63,False,False
random_dag_6,r207_bitset,60,s3|s6,n64,True,True
random_dag_6,r207_bitset,61,s3|s7,n61,True,True
random_dag_6,r207_bitset,61,s3|s7,n62,True,True
random_dag_6,r207_bitset,61,s3|s7,n63,True,True
random_dag_6,r207_bitset,61,s3|s7,n64,True,True
random_dag_6,r207_bitset,62,s3|s8,n61,True,True
random_dag_6,r207_bitset,62,s3|s8,n62,True,True
random_dag_6,r207_bitset,62,s3|s8,n63,True,True
random_dag_6,r207_bitset,62,s3|s8,n64,True,True
random_dag_6,r207_bitset,63,s3|s9,n61,False,False
random_dag_6,r207_bitset,63,s3|s9,n62,True,True
random_dag_6,r207_bitset,63,s3|s9,n63,False,False
random_dag_6,r207_bitset,63,s3|s9,n64,True,True
random_dag_6,r207_bitset,64,s4|s5,n61,True,True
random_dag_6,r207_bitset,64,s4|s5,n62,True,True
random_dag_6,r207_bitset,64,s4|s5,n63,False,False
random_dag_6,r207_bitset,64,s4|s5,n64,True,True
random_dag_6,r207_bitset,65,s4|s6,n61,True,True
random_dag_6,r207_bitset,65,s4|s6,n62,True,True
random_dag_6,r207_bitset,65,s4|s6,n63,False,False
random_dag_6,r207_bitset,65,s4|s6,n64,True,True
random_dag_6,r207_bitset,66,s4|s7,n61,True,True
random_dag_6,r207_bitset,66,s4|s7,n62,True,True
random_dag_6,r207_bitset,66,s4|s7,n63,True,True
random_dag_6,r207_bitset,66,s4|s7,n64,True,True
random_dag_6,r207_bitset,67,s4|s8,n61,True,True
random_dag_6,r207_bitset,67,s4|s8,n62,True,True
random_dag_6,r207_bitset,67,s4|s8,n63,True,True
random_dag_6,r207_bitset,67,s4|s8,n64,True,True
random_dag_6,r207_bitset,68,s4|s9,n61,False,False
random_dag_6,r207_bitset,68,s4|s9,n62,True,True
random_dag_6,r207_bitset,68,s4|s9,n63,False,False
random_dag_6,r207_bitset,68,s4|s9,n64,True,True
random_dag_6,r207_bitset,69,s5|s6,n61,True,True
random_dag_6,r207_bitset,69,s5|s6,n62,True,True
random_dag_6,r207_bitset,69,s5|s6,n63,False,False
random_dag_6,r207_bitset,69,s5|s6,n64,True,True
random_dag_6,r207_bitset,70,s5|s7,n61,True,True
random_dag_6,r207_bitset,70,s5|s7,n62,True,True
random_dag_6,r207_bitset,70,s5|s7,n63,False,False
random_dag_6,r207_bitset,70,s5|s7,n64,True,True
random_dag_6,r207_bitset,71,s5|s8,n61,True,True
random_dag_6,r207_bitset,71,s5|s8,n62,True,True
random_dag_6,r207_bitset,71,s5|s8,n63,False,False
random_dag_6,r207_bitset,71,s5|s8,n64,True,True
random_dag_6,r207_bitset,72,s5|s9,n61,False,False
random_dag_6,r207_bitset,72,s5|s9,n62,True,True
random_dag_6,r207_bitset,72,s5|s9,n63,False,False
random_dag_6,r207_bitset,72,s5|s9,n64,True,True
random_dag_6,r207_bitset,73,s6|s7,n61,True,True
random_dag_6,r207_bitset,73,s6|s7,n62,True,True
random_dag_6,r207_bitset,73,s6|s7,n63,False,False
random_dag_6,r207_bitset,73,s6|s7,n64,True,True
random_dag_6,r207_bitset,74,s6|s8,n61,True,True
random_dag_6,r207_bitset,74,s6|s8,n62,True,True
random_dag_6,r207_bitset,74,s6|s8,n63,False,False
random_dag_6,r207_bitset,74,s6|s8,n64,True,True
random_dag_6,r207_bitset,75,s6|s9,n61,False,False
random_dag_6,r207_bitset,75,s6|s9,n62,True,True
random_dag_6,r207_bitset,75,s6|s9,n63,False,False
random_dag_6,r207_bitset,75,s6|s9,n64,True,True
random_dag_6,r207_bitset,76,s7|s8,n61,True,True
random_dag_6,r207_bitset,76,s7|s8,n62,True,True
random_dag_6,r207_bitset,76,s7|s8,n63,True,True
random_dag_6,r207_bitset,76,s7|s8,n64,True,True
random_dag_6,r207_bitset,77,s7|s9,n61,False,False
random_dag_6,r207_bitset,77,s7|s9,n62,True,True
random_dag_6,r207_bitset,77,s7|s9,n63,False,False
random_dag_6,r207_bitset,77,s7|s9,n64,True,True
random_dag_6,r207_bitset,78,s8|s9,n61,False,False
random_dag_6,r207_bitset,78,s8|s9,n62,True,True
random_dag_6,r207_bitset,78,s8|s9,n63,False,False
random_dag_6,r207_bitset,78,s8|s9,n64,True,True
random_dag_6,r207_bitset,79,s0|s1|s10|s11|s2|s3|s4|s5|s6|s7|s8|s9,n61,False,False
random_dag_6,r207_bitset,79,s0|s1|s10|s11|s2|s3|s4|s5|s6|s7|s8|s9,n62,False,False
random_dag_6,r207_bitset,79,s0|s1|s10|s11|s2|s3|s4|s5|s6|s7|s8|s9,n63,False,False
random_dag_6,r207_bitset,79,s0|s1|s10|s11|s2|s3|s4|s5|s6|s7|s8|s9,n64,False,False
random_dag_7,and_or_forward,0,,n61,True,True
random_dag_7,and_or_forward,0,,n62,True,True
random_dag_7,and_or_forward,0,,n63,True,True
random_dag_7,and_or_forward,0,,n64,True,True
random_dag_7,and_or_forward,1,s0,n61,False,False
random_dag_7,and_or_forward,1,s0,n62,True,True
random_dag_7,and_or_forward,1,s0,n63,True,True
random_dag_7,and_or_forward,1,s0,n64,True,True
random_dag_7,and_or_forward,2,s1,n61,True,True
random_dag_7,and_or_forward,2,s1,n62,True,True
random_dag_7,and_or_forward,2,s1,n63,True,True
random_dag_7,and_or_forward,2,s1,n64,True,True
random_dag_7,and_or_forward,3,s10,n61,True,True
random_dag_7,and_or_forward,3,s10,n62,False,False
random_dag_7,and_or_forward,3,s10,n63,True,True
random_dag_7,and_or_forward,3,s10,n64,True,True
random_dag_7,and_or_forward,4,s11,n61,True,True
random_dag_7,and_or_forward,4,s11,n62,True,True
random_dag_7,and_or_forward,4,s11,n63,True,True
random_dag_7,and_or_forward,4,s11,n64,True,True
random_dag_7,and_or_forward,5,s2,n61,True,True
random_dag_7,and_or_forward,5,s2,n62,True,True
random_dag_7,and_or_forward,5,s2,n63,True,True
random_dag_7,and_or_forward,5,s2,n64,True,True
random_dag_7,and_or_forward,6,s3,n61,True,True
random_dag_7,and_or_forward,6,s3,n62,False,False
random_dag_7,and_or_forward,6,s3,n63,True,True
random_dag_7,and_or_forward,6,s3,n64,True,True
random_dag_7,and_or_forward,7,s4,n61,True,True
random_dag_7,and_or_forward,7,s4,n62,True,True
random_dag_7,and_or_forward,7,s4,n63,True,True
random_dag_7,and_or_forward,7,s4,n64,True,True
random_dag_7,and_or_forward,8,s5,n61,True,True
random_dag_7,and_or_forward,8,s5,n62,True,True
random_dag_7,and_or_forward,8,s5,n63,True,True
random_dag_7,and_or_forward,8,s5,n64,True,True
random_dag_7,and_or_forward,9,s6,n61,False,False
random_dag_7,and_or_forward,9,s6,n62,True,True
random_dag_7,and_or_forward,9,s6,n63,True,True
random_dag_7,and_or_forward,9,s6,n64,True,True
random_dag_7,and_or_forward,10,s7,n61,True,True
random_dag_7,and_or_forward,10,s7,n62,True,True
random_dag_7,and_or_forward,10,s7,n63,True,True
random_dag_7,and_or_forward,10,s7,n64,True,True
random_dag_7,and_or_forward,11,s8,n61,True,True
random_dag_7,and_or_forward,11,s8,n62,True,True
random_dag_7,and_or_forward,11,s8,n63,True,True
random_dag_7,and_or_forward,11,s8,n64,True,True
random_dag_7,and_or_forward,12,s9,n61,True,True
random_dag_7,and_or_forward,12,s9,n62,True,True
random_dag_7,and_or_forward,12,s9,n63,True,True
random_dag_7,and_or_forward,12,s9,n64,True,True
random_dag_7,and_or_forward,13,s0|s1,n61,False,False
random_dag_7,and_or_forward,13,s0|s1,n62,True,True
random_dag_7,and_or_forward,13,s0|s1,n63,True,True
random_dag_7,and_or_forward,13,s0|s1,n64,True,True
random_dag_7,and_or_forward,14,s0|s10,n61,False,False
random_dag_7,and_or_forward,14,s0|s10,n62,False,False
random_dag_7,and_or_forward,14,s0|s10,n63,True,True
random_dag_7,and_or_forward,14,s0|s10,n64,True,True
random_dag_7,and_or_forward,15,s0|s11,n61,False,False
random_dag_7,and_or_forward,15,s0|s11,n62,True,True
random_dag_7,and_or_forward,15,s0|s11,n63,True,True
random_dag_7,and_or_forward,15,s0|s11,n64,True,True
random_dag_7,and_or_forward,16,s0|s2,n61,False,False
random_dag_7,and_or_forward,16,s0|s2,n62,True,True
random_dag_7,and_or_forward,16,s0|s2,n63,True,True
random_dag_7,and_or_forward,16,s0|s2,n64,True,True
random_dag_7,and_or_forward,17,s0|s3,n61,False,False
random_dag_7,and_or_forward,17,s0|s3,n62,False,False
random_dag_7,and_or_forward,17,s0|s3,n63,True,True
random_dag_7,and_or_forward,17,s0|s3,n64,True,True
random_dag_7,and_or_forward,18,s0|s4,n61,False,False
random_dag_7,and_or_forward,18,s0|s4,n62,True,True
random_dag_7,and_or_forward,18,s0|s4,n63,True,True
random_dag_7,and_or_forward,18,s0|s4,n64,True,True
random_dag_7,and_or_forward,19,s0|s5,n61,False,False
random_dag_7,and_or_forward,19,s0|s5,n62,True,True
random_dag_7,and_or_forward,19,s0|s5,n63,True,True
random_dag_7,and_or_forward,19,s0|s5,n64,False,False
random_dag_7,and_or_forward,20,s0|s6,n61,False,False
random_dag_7,and_or_forward,20,s0|s6,n62,True,True
random_dag_7,and_or_forward,20,s0|s6,n63,True,True
random_dag_7,and_or_forward,20,s0|s6,n64,True,True
random_dag_7,and_or_forward,21,s0|s7,n61,False,False
random_dag_7,and_or_forward,21,s0|s7,n62,True,True
random_dag_7,and_or_forward,21,s0|s7,n63,True,True
random_dag_7,and_or_forward,21,s0|s7,n64,True,True
random_dag_7,and_or_forward,22,s0|s8,n61,False,False
random_dag_7,and_or_forward,22,s0|s8,n62,True,True
random_dag_7,and_or_forward,22,s0|s8,n63,True,True
random_dag_7,and_or_forward,22,s0|s8,n64,True,True
random_dag_7,and_or_forward,23,s0|s9,n61,False,False
random_dag_7,and_or_forward,23,s0|s9,n62,True,True
random_dag_7,and_or_forward,23,s0|s9,n63,True,True
random_dag_7,and_or_forward,23,s0|s9,n64,True,True
random_dag_7,and_or_forward,24,s1|s10,n61,True,True
random_dag_7,and_or_forward,24,s1|s10,n62,False,False
random_dag_7,and_or_forward,24,s1|s10,n63,True,True
random_dag_7,and_or_forward,24,s1|s10,n64,True,True
random_dag_7,and_or_forward,25,s1|s11,n61,True,True
random_dag_7,and_or_forward,25,s1|s11,n62,True,True
random_dag_7,and_or_forward,25,s1|s11,n63,True,True
random_dag_7,and_or_forward,25,s1|s11,n64,True,True
random_dag_7,and_or_forward,26,s1|s2,n61,True,True
random_dag_7,and_or_forward,26,s1|s2,n62,True,True
random_dag_7,and_or_forward,26,s1|s2,n63,True,True
random_dag_7,and_or_forward,26,s1|s2,n64,True,True
random_dag_7,and_or_forward,27,s1|s3,n61,False,False
random_dag_7,and_or_forward,27,s1|s3,n62,False,False
random_dag_7,and_or_forward,27,s1|s3,n63,True,True
random_dag_7,and_or_forward,27,s1|s3,n64,True,True
random_dag_7,and_or_forward,28,s1|s4,n61,True,True
random_dag_7,and_or_forward,28,s1|s4,n62,True,True
random_dag_7,and_or_forward,28,s1|s4,n63,True,True
random_dag_7,and_or_forward,28,s1|s4,n64,True,True
random_dag_7,and_or_forward,29,s1|s5,n61,True,True
random_dag_7,and_or_forward,29,s1|s5,n62,True,True
random_dag_7,and_or_forward,29,s1|s5,n63,True,True
random_dag_7,and_or_forward,29,s1|s5,n64,True,True
random_dag_7,and_or_forward,30,s1|s6,n61,False,False
random_dag_7,and_or_forward,30,s1|s6,n62,True,True
random_dag_7,and_or_forward,30,s1|s6,n63,True,True
random_dag_7,and_or_forward,30,s1|s6,n64,True,True
random_dag_7,and_or_forward,31,s1|s7,n61,True,True
random_dag_7,and_or_forward,31,s1|s7,n62,True,True
random_dag_7,and_or_forward,31,s1|s7,n63,True,True
random_dag_7,and_or_forward,31,s1|s7,n64,True,True
random_dag_7,and_or_forward,32,s1|s8,n61,True,True
random_dag_7,and_or_forward,32,s1|s8,n62,True,True
random_dag_7,and_or_forward,32,s1|s8,n63,True,True
random_dag_7,and_or_forward,32,s1|s8,n64,True,True
random_dag_7,and_or_forward,33,s1|s9,n61,True,True
random_dag_7,and_or_forward,33,s1|s9,n62,True,True
random_dag_7,and_or_forward,33,s1|s9,n63,True,True
random_dag_7,and_or_forward,33,s1|s9,n64,True,True
random_dag_7,and_or_forward,34,s10|s11,n61,True,True
random_dag_7,and_or_forward,34,s10|s11,n62,False,False
random_dag_7,and_or_forward,34,s10|s11,n63,True,True
random_dag_7,and_or_forward,34,s10|s11,n64,True,True
random_dag_7,and_or_forward,35,s10|s2,n61,True,True
random_dag_7,and_or_forward,35,s10|s2,n62,False,False
random_dag_7,and_or_forward,35,s10|s2,n63,True,True
random_dag_7,and_or_forward,35,s10|s2,n64,True,True
random_dag_7,and_or_forward,36,s10|s3,n61,True,True
random_dag_7,and_or_forward,36,s10|s3,n62,False,False
random_dag_7,and_or_forward,36,s10|s3,n63,True,True
random_dag_7,and_or_forward,36,s10|s3,n64,True,True
random_dag_7,and_or_forward,37,s10|s4,n61,True,True
random_dag_7,and_or_forward,37,s10|s4,n62,False,False
random_dag_7,and_or_forward,37,s10|s4,n63,True,True
random_dag_7,and_or_forward,37,s10|s4,n64,True,True
random_dag_7,and_or_forward,38,s10|s5,n61,True,True
random_dag_7,and_or_forward,38,s10|s5,n62,False,False
random_dag_7,and_or_forward,38,s10|s5,n63,True,True
random_dag_7,and_or_forward,38,s10|s5,n64,True,True
random_dag_7,and_or_forward,39,s10|s6,n61,False,False
random_dag_7,and_or_forward,39,s10|s6,n62,False,False
random_dag_7,and_or_forward,39,s10|s6,n63,True,True
random_dag_7,and_or_forward,39,s10|s6,n64,True,True
random_dag_7,and_or_forward,40,s10|s7,n61,True,True
random_dag_7,and_or_forward,40,s10|s7,n62,False,False
random_dag_7,and_or_forward,40,s10|s7,n63,True,True
random_dag_7,and_or_forward,40,s10|s7,n64,True,True
random_dag_7,and_or_forward,41,s10|s8,n61,True,True
random_dag_7,and_or_forward,41,s10|s8,n62,False,False
random_dag_7,and_or_forward,41,s10|s8,n63,True,True
random_dag_7,and_or_forward,41,s10|s8,n64,True,True
random_dag_7,and_or_forward,42,s10|s9,n61,True,True
random_dag_7,and_or_forward,42,s10|s9,n62,False,False
random_dag_7,and_or_forward,42,s10|s9,n63,True,True
random_dag_7,and_or_forward,42,s10|s9,n64,True,True
random_dag_7,and_or_forward,43,s11|s2,n61,True,True
random_dag_7,and_or_forward,43,s11|s2,n62,True,True
random_dag_7,and_or_forward,43,s11|s2,n63,True,True
random_dag_7,and_or_forward,43,s11|s2,n64,True,True
random_dag_7,and_or_forward,44,s11|s3,n61,True,True
random_dag_7,and_or_forward,44,s11|s3,n62,False,False
random_dag_7,and_or_forward,44,s11|s3,n63,True,True
random_dag_7,and_or_forward,44,s11|s3,n64,True,True
random_dag_7,and_or_forward,45,s11|s4,n61,True,True
random_dag_7,and_or_forward,45,s11|s4,n62,True,True
random_dag_7,and_or_forward,45,s11|s4,n63,True,True
random_dag_7,and_or_forward,45,s11|s4,n64,True,True
random_dag_7,and_or_forward,46,s11|s5,n61,True,True
random_dag_7,and_or_forward,46,s11|s5,n62,True,True
random_dag_7,and_or_forward,46,s11|s5,n63,True,True
random_dag_7,and_or_forward,46,s11|s5,n64,True,True
random_dag_7,and_or_forward,47,s11|s6,n61,False,False
random_dag_7,and_or_forward,47,s11|s6,n62,True,True
random_dag_7,and_or_forward,47,s11|s6,n63,True,True
random_dag_7,and_or_forward,47,s11|s6,n64,True,True
random_dag_7,and_or_forward,48,s11|s7,n61,True,True
random_dag_7,and_or_forward,48,s11|s7,n62,True,True
random_dag_7,and_or_forward,48,s11|s7,n63,True,True
random_dag_7,and_or_forward,48,s11|s7,n64,True,True
random_dag_7,and_or_forward,49,s11|s8,n61,True,True
random_dag_7,and_or_forward,49,s11|s8,n62,True,True
random_dag_7,and_or_forward,49,s11|s8,n63,True,True
random_dag_7,and_or_forward,49,s11|s8,n64,True,True
random_dag_7,and_or_forward,50,s11|s9,n61,True,True
random_dag_7,and_or_forward,50,s11|s9,n62,True,True
random_dag_7,and_or_forward,50,s11|s9,n63,True,True
random_dag_7,and_or_forward,50,s11|s9,n64,True,True
random_dag_7,and_or_forward,51,s2|s3,n61,True,True
random_dag_7,and_or_forward,51,s2|s3,n62,False,False
random_dag_7,and_or_forward,51,s2|s3,n63,True,True
random_dag_7,and_or_forward,51,s2|s3,n64,True,True
random_dag_7,and_or_forward,52,s2|s4,n61,True,True
random_dag_7,and_or_forward,52,s2|s4,n62,True,True
random_dag_7,and_or_forward,52,s2|s4,n63,True,True
random_dag_7,and_or_forward,52,s2|s4,n64,True,True
random_dag_7,and_or_forward,53,s2|s5,n61,True,True
random_dag_7,and_or_forward,53,s2|s5,n62,True,True
random_dag_7,and_or_forward,53,s2|s5,n63,True,True
random_dag_7,and_or_forward,53,s2|s5,n64,True,True
random_dag_7,and_or_forward,54,s2|s6,n61,False,False
random_dag_7,and_or_forward,54,s2|s6,n62,True,True
random_dag_7,and_or_forward,54,s2|s6,n63,True,True
random_dag_7,and_or_forward,54,s2|s6,n64,True,True
random_dag_7,and_or_forward,55,s2|s7,n61,True,True
random_dag_7,and_or_forward,55,s2|s7,n62,True,True
random_dag_7,and_or_forward,55,s2|s7,n63,True,True
random_dag_7,and_or_forward,55,s2|s7,n64,True,True
random_dag_7,and_or_forward,56,s2|s8,n61,True,True
random_dag_7,and_or_forward,56,s2|s8,n62,True,True
random_dag_7,and_or_forward,56,s2|s8,n63,True,True
random_dag_7,and_or_forward,56,s2|s8,n64,True,True
random_dag_7,and_or_forward,57,s2|s9,n61,True,True
random_dag_7,and_or_forward,57,s2|s9,n62,True,True
random_dag_7,and_or_forward,57,s2|s9,n63,True,True
random_dag_7,and_or_forward,57,s2|s9,n64,True,True
random_dag_7,and_or_forward,58,s3|s4,n61,True,True
random_dag_7,and_or_forward,58,s3|s4,n62,False,False
random_dag_7,and_or_forward,58,s3|s4,n63,True,True
random_dag_7,and_or_forward,58,s3|s4,n64,True,True
random_dag_7,and_or_forward,59,s3|s5,n61,True,True
random_dag_7,and_or_forward,59,s3|s5,n62,False,False
random_dag_7,and_or_forward,59,s3|s5,n63,True,True
random_dag_7,and_or_forward,59,s3|s5,n64,True,True
random_dag_7,and_or_forward,60,s3|s6,n61,False,False
random_dag_7,and_or_forward,60,s3|s6,n62,False,False
random_dag_7,and_or_forward,60,s3|s6,n63,True,True
random_dag_7,and_or_forward,60,s3|s6,n64,True,True
random_dag_7,and_or_forward,61,s3|s7,n61,True,True
random_dag_7,and_or_forward,61,s3|s7,n62,False,False
random_dag_7,and_or_forward,61,s3|s7,n63,True,True
random_dag_7,and_or_forward,61,s3|s7,n64,True,True
random_dag_7,and_or_forward,62,s3|s8,n61,True,True
random_dag_7,and_or_forward,62,s3|s8,n62,False,False
random_dag_7,and_or_forward,62,s3|s8,n63,True,True
random_dag_7,and_or_forward,62,s3|s8,n64,True,True
random_dag_7,and_or_forward,63,s3|s9,n61,True,True
random_dag_7,and_or_forward,63,s3|s9,n62,False,False
random_dag_7,and_or_forward,63,s3|s9,n63,True,True
random_dag_7,and_or_forward,63,s3|s9,n64,True,True
random_dag_7,and_or_forward,64,s4|s5,n61,True,True
random_dag_7,and_or_forward,64,s4|s5,n62,True,True
random_dag_7,and_or_forward,64,s4|s5,n63,True,True
random_dag_7,and_or_forward,64,s4|s5,n64,True,True
random_dag_7,and_or_forward,65,s4|s6,n61,False,False
random_dag_7,and_or_forward,65,s4|s6,n62,True,True
random_dag_7,and_or_forward,65,s4|s6,n63,True,True
random_dag_7,and_or_forward,65,s4|s6,n64,True,True
random_dag_7,and_or_forward,66,s4|s7,n61,True,True
random_dag_7,and_or_forward,66,s4|s7,n62,True,True
random_dag_7,and_or_forward,66,s4|s7,n63,True,True
random_dag_7,and_or_forward,66,s4|s7,n64,True,True
random_dag_7,and_or_forward,67,s4|s8,n61,True,True
random_dag_7,and_or_forward,67,s4|s8,n62,True,True
random_dag_7,and_or_forward,67,s4|s8,n63,True,True
random_dag_7,and_or_forward,67,s4|s8,n64,True,True
random_dag_7,and_or_forward,68,s4|s9,n61,True,True
random_dag_7,and_or_forward,68,s4|s9,n62,True,True
random_dag_7,and_or_forward,68,s4|s9,n63,True,True
random_dag_7,and_or_forward,68,s4|s9,n64,True,True
random_dag_7,and_or_forward,69,s5|s6,n61,False,False
random_dag_7,and_or_forward,69,s5|s6,n62,True,True
random_dag_7,and_or_forward,69,s5|s6,n63,True,True
random_dag_7,and_or_forward,69,s5|s6,n64,True,True
random_dag_7,and_or_forward,70,s5|s7,n61,True,True
random_dag_7,and_or_forward,70,s5|s7,n62,True,True
random_dag_7,and_or_forward,70,s5|s7,n63,True,True
random_dag_7,and_or_forward,70,s5|s7,n64,True,True
random_dag_7,and_or_forward,71,s5|s8,n61,True,True
random_dag_7,and_or_forward,71,s5|s8,n62,True,True
random_dag_7,and_or_forward,71,s5|s8,n63,True,True
random_dag_7,and_or_forward,71,s5|s8,n64,True,True
random_dag_7,and_or_forward,72,s5|s9,n61,True,True
random_dag_7,and_or_forward,72,s5|s9,n62,True,True
random_dag_7,and_or_forward,72,s5|s9,n63,True,True
random_dag_7,and_or_forward,72,s5|s9,n64,True,True
random_dag_7,and_or_forward,73,s6|s7,n61,False,False
random_dag_7,and_or_forward,73,s6|s7,n62,True,True
random_dag_7,and_or_forward,73,s6|s7,n63,True,True
random_dag_7,and_or_forward,73,s6|s7,n64,True,True
random_dag_7,and_or_forward,74,s6|s8,n61,False,False
random_dag_7,and_or_forward,74,s6|s8,n62,True,True
random_dag_7,and_or_forward,74,s6|s8,n63,True,True
random_dag_7,and_or_forward,74,s6|s8,n64,True,True
random_dag_7,and_or_forward,75,s6|s9,n61,False,False
random_dag_7,and_or_forward,75,s6|s9,n62,True,True
random_dag_7,and_or_forward,75,s6|s9,n63,True,True
random_dag_7,and_or_forward,75,s6|s9,n64,True,True
random_dag_7,and_or_forward,76,s7|s8,n61,True,True
random_dag_7,and_or_forward,76,s7|s8,n62,True,True
random_dag_7,and_or_forward,76,s7|s8,n63,True,True
random_dag_7,and_or_forward,76,s7|s8,n64,True,True
random_dag_7,and_or_forward,77,s7|s9,n61,True,True
random_dag_7,and_or_forward,77,s7|s9,n62,True,True
random_dag_7,and_or_forward,77,s7|s9,n63,True,True
random_dag_7,and_or_forward,77,s7|s9,n64,True,True
random_dag_7,and_or_forward,78,s8|s9,n61,True,True
random_dag_7,and_or_forward,78,s8|s9,n62,True,True
random_dag_7,and_or_forward,78,s8|s9,n63,True,True
random_dag_7,and_or_forward,78,s8|s9,n64,True,True
random_dag_7,and_or_forward,79,s0|s1|s10|s11|s2|s3|s4|s5|s6|s7|s8|s9,n61,False,False
random_dag_7,and_or_forward,79,s0|s1|s10|s11|s2|s3|s4|s5|s6|s7|s8|s9,n62,False,False
random_dag_7,and_or_forward,79,s0|s1|s10|s11|s2|s3|s4|s5|s6|s7|s8|s9,n63,False,False
random_dag_7,and_or_forward,79,s0|s1|s10|s11|s2|s3|s4|s5|s6|s7|s8|s9,n64,False,False
random_dag_7,r207_scalar,0,,n61,True,True
random_dag_7,r207_scalar,0,,n62,True,True
random_dag_7,r207_scalar,0,,n63,True,True
random_dag_7,r207_scalar,0,,n64,True,True
random_dag_7,r207_scalar,1,s0,n61,False,False
random_dag_7,r207_scalar,1,s0,n62,True,True
random_dag_7,r207_scalar,1,s0,n63,True,True
random_dag_7,r207_scalar,1,s0,n64,True,True
random_dag_7,r207_scalar,2,s1,n61,True,True
random_dag_7,r207_scalar,2,s1,n62,True,True
random_dag_7,r207_scalar,2,s1,n63,True,True
random_dag_7,r207_scalar,2,s1,n64,True,True
random_dag_7,r207_scalar,3,s10,n61,True,True
random_dag_7,r207_scalar,3,s10,n62,False,False
random_dag_7,r207_scalar,3,s10,n63,True,True
random_dag_7,r207_scalar,3,s10,n64,True,True
random_dag_7,r207_scalar,4,s11,n61,True,True
random_dag_7,r207_scalar,4,s11,n62,True,True
random_dag_7,r207_scalar,4,s11,n63,True,True
random_dag_7,r207_scalar,4,s11,n64,True,True
random_dag_7,r207_scalar,5,s2,n61,True,True
random_dag_7,r207_scalar,5,s2,n62,True,True
random_dag_7,r207_scalar,5,s2,n63,True,True
random_dag_7,r207_scalar,5,s2,n64,True,True
random_dag_7,r207_scalar,6,s3,n61,True,True
random_dag_7,r207_scalar,6,s3,n62,False,False
random_dag_7,r207_scalar,6,s3,n63,True,True
random_dag_7,r207_scalar,6,s3,n64,True,True
random_dag_7,r207_scalar,7,s4,n61,True,True
random_dag_7,r207_scalar,7,s4,n62,True,True
random_dag_7,r207_scalar,7,s4,n63,True,True
random_dag_7,r207_scalar,7,s4,n64,True,True
random_dag_7,r207_scalar,8,s5,n61,True,True
random_dag_7,r207_scalar,8,s5,n62,True,True
random_dag_7,r207_scalar,8,s5,n63,True,True
random_dag_7,r207_scalar,8,s5,n64,True,True
random_dag_7,r207_scalar,9,s6,n61,False,False
random_dag_7,r207_scalar,9,s6,n62,True,True
random_dag_7,r207_scalar,9,s6,n63,True,True
random_dag_7,r207_scalar,9,s6,n64,True,True
random_dag_7,r207_scalar,10,s7,n61,True,True
random_dag_7,r207_scalar,10,s7,n62,True,True
random_dag_7,r207_scalar,10,s7,n63,True,True
random_dag_7,r207_scalar,10,s7,n64,True,True
random_dag_7,r207_scalar,11,s8,n61,True,True
random_dag_7,r207_scalar,11,s8,n62,True,True
random_dag_7,r207_scalar,11,s8,n63,True,True
random_dag_7,r207_scalar,11,s8,n64,True,True
random_dag_7,r207_scalar,12,s9,n61,True,True
random_dag_7,r207_scalar,12,s9,n62,True,True
random_dag_7,r207_scalar,12,s9,n63,True,True
random_dag_7,r207_scalar,12,s9,n64,True,True
random_dag_7,r207_scalar,13,s0|s1,n61,False,False
random_dag_7,r207_scalar,13,s0|s1,n62,True,True
random_dag_7,r207_scalar,13,s0|s1,n63,True,True
random_dag_7,r207_scalar,13,s0|s1,n64,True,True
random_dag_7,r207_scalar,14,s0|s10,n61,False,False
random_dag_7,r207_scalar,14,s0|s10,n62,False,False
random_dag_7,r207_scalar,14,s0|s10,n63,True,True
random_dag_7,r207_scalar,14,s0|s10,n64,True,True
random_dag_7,r207_scalar,15,s0|s11,n61,False,False
random_dag_7,r207_scalar,15,s0|s11,n62,True,True
random_dag_7,r207_scalar,15,s0|s11,n63,True,True
random_dag_7,r207_scalar,15,s0|s11,n64,True,True
random_dag_7,r207_scalar,16,s0|s2,n61,False,False
random_dag_7,r207_scalar,16,s0|s2,n62,True,True
random_dag_7,r207_scalar,16,s0|s2,n63,True,True
random_dag_7,r207_scalar,16,s0|s2,n64,True,True
random_dag_7,r207_scalar,17,s0|s3,n61,False,False
random_dag_7,r207_scalar,17,s0|s3,n62,False,False
random_dag_7,r207_scalar,17,s0|s3,n63,True,True
random_dag_7,r207_scalar,17,s0|s3,n64,True,True
random_dag_7,r207_scalar,18,s0|s4,n61,False,False
random_dag_7,r207_scalar,18,s0|s4,n62,True,True
random_dag_7,r207_scalar,18,s0|s4,n63,True,True
random_dag_7,r207_scalar,18,s0|s4,n64,True,True
random_dag_7,r207_scalar,19,s0|s5,n61,False,False
random_dag_7,r207_scalar,19,s0|s5,n62,True,True
random_dag_7,r207_scalar,19,s0|s5,n63,True,True
random_dag_7,r207_scalar,19,s0|s5,n64,False,False
random_dag_7,r207_scalar,20,s0|s6,n61,False,False
random_dag_7,r207_scalar,20,s0|s6,n62,True,True
random_dag_7,r207_scalar,20,s0|s6,n63,True,True
random_dag_7,r207_scalar,20,s0|s6,n64,True,True
random_dag_7,r207_scalar,21,s0|s7,n61,False,False
random_dag_7,r207_scalar,21,s0|s7,n62,True,True
random_dag_7,r207_scalar,21,s0|s7,n63,True,True
random_dag_7,r207_scalar,21,s0|s7,n64,True,True
random_dag_7,r207_scalar,22,s0|s8,n61,False,False
random_dag_7,r207_scalar,22,s0|s8,n62,True,True
random_dag_7,r207_scalar,22,s0|s8,n63,True,True
random_dag_7,r207_scalar,22,s0|s8,n64,True,True
random_dag_7,r207_scalar,23,s0|s9,n61,False,False
random_dag_7,r207_scalar,23,s0|s9,n62,True,True
random_dag_7,r207_scalar,23,s0|s9,n63,True,True
random_dag_7,r207_scalar,23,s0|s9,n64,True,True
random_dag_7,r207_scalar,24,s1|s10,n61,True,True
random_dag_7,r207_scalar,24,s1|s10,n62,False,False
random_dag_7,r207_scalar,24,s1|s10,n63,True,True
random_dag_7,r207_scalar,24,s1|s10,n64,True,True
random_dag_7,r207_scalar,25,s1|s11,n61,True,True
random_dag_7,r207_scalar,25,s1|s11,n62,True,True
random_dag_7,r207_scalar,25,s1|s11,n63,True,True
random_dag_7,r207_scalar,25,s1|s11,n64,True,True
random_dag_7,r207_scalar,26,s1|s2,n61,True,True
random_dag_7,r207_scalar,26,s1|s2,n62,True,True
random_dag_7,r207_scalar,26,s1|s2,n63,True,True
random_dag_7,r207_scalar,26,s1|s2,n64,True,True
random_dag_7,r207_scalar,27,s1|s3,n61,False,False
random_dag_7,r207_scalar,27,s1|s3,n62,False,False
random_dag_7,r207_scalar,27,s1|s3,n63,True,True
random_dag_7,r207_scalar,27,s1|s3,n64,True,True
random_dag_7,r207_scalar,28,s1|s4,n61,True,True
random_dag_7,r207_scalar,28,s1|s4,n62,True,True
random_dag_7,r207_scalar,28,s1|s4,n63,True,True
random_dag_7,r207_scalar,28,s1|s4,n64,True,True
random_dag_7,r207_scalar,29,s1|s5,n61,True,True
random_dag_7,r207_scalar,29,s1|s5,n62,True,True
random_dag_7,r207_scalar,29,s1|s5,n63,True,True
random_dag_7,r207_scalar,29,s1|s5,n64,True,True
random_dag_7,r207_scalar,30,s1|s6,n61,False,False
random_dag_7,r207_scalar,30,s1|s6,n62,True,True
random_dag_7,r207_scalar,30,s1|s6,n63,True,True
random_dag_7,r207_scalar,30,s1|s6,n64,True,True
random_dag_7,r207_scalar,31,s1|s7,n61,True,True
random_dag_7,r207_scalar,31,s1|s7,n62,True,True
random_dag_7,r207_scalar,31,s1|s7,n63,True,True
random_dag_7,r207_scalar,31,s1|s7,n64,True,True
random_dag_7,r207_scalar,32,s1|s8,n61,True,True
random_dag_7,r207_scalar,32,s1|s8,n62,True,True
random_dag_7,r207_scalar,32,s1|s8,n63,True,True
random_dag_7,r207_scalar,32,s1|s8,n64,True,True
random_dag_7,r207_scalar,33,s1|s9,n61,True,True
random_dag_7,r207_scalar,33,s1|s9,n62,True,True
random_dag_7,r207_scalar,33,s1|s9,n63,True,True
random_dag_7,r207_scalar,33,s1|s9,n64,True,True
random_dag_7,r207_scalar,34,s10|s11,n61,True,True
random_dag_7,r207_scalar,34,s10|s11,n62,False,False
random_dag_7,r207_scalar,34,s10|s11,n63,True,True
random_dag_7,r207_scalar,34,s10|s11,n64,True,True
random_dag_7,r207_scalar,35,s10|s2,n61,True,True
random_dag_7,r207_scalar,35,s10|s2,n62,False,False
random_dag_7,r207_scalar,35,s10|s2,n63,True,True
random_dag_7,r207_scalar,35,s10|s2,n64,True,True
random_dag_7,r207_scalar,36,s10|s3,n61,True,True
random_dag_7,r207_scalar,36,s10|s3,n62,False,False
random_dag_7,r207_scalar,36,s10|s3,n63,True,True
random_dag_7,r207_scalar,36,s10|s3,n64,True,True
random_dag_7,r207_scalar,37,s10|s4,n61,True,True
random_dag_7,r207_scalar,37,s10|s4,n62,False,False
random_dag_7,r207_scalar,37,s10|s4,n63,True,True
random_dag_7,r207_scalar,37,s10|s4,n64,True,True
random_dag_7,r207_scalar,38,s10|s5,n61,True,True
random_dag_7,r207_scalar,38,s10|s5,n62,False,False
random_dag_7,r207_scalar,38,s10|s5,n63,True,True
random_dag_7,r207_scalar,38,s10|s5,n64,True,True
random_dag_7,r207_scalar,39,s10|s6,n61,False,False
random_dag_7,r207_scalar,39,s10|s6,n62,False,False
random_dag_7,r207_scalar,39,s10|s6,n63,True,True
random_dag_7,r207_scalar,39,s10|s6,n64,True,True
random_dag_7,r207_scalar,40,s10|s7,n61,True,True
random_dag_7,r207_scalar,40,s10|s7,n62,False,False
random_dag_7,r207_scalar,40,s10|s7,n63,True,True
random_dag_7,r207_scalar,40,s10|s7,n64,True,True
random_dag_7,r207_scalar,41,s10|s8,n61,True,True
random_dag_7,r207_scalar,41,s10|s8,n62,False,False
random_dag_7,r207_scalar,41,s10|s8,n63,True,True
random_dag_7,r207_scalar,41,s10|s8,n64,True,True
random_dag_7,r207_scalar,42,s10|s9,n61,True,True
random_dag_7,r207_scalar,42,s10|s9,n62,False,False
random_dag_7,r207_scalar,42,s10|s9,n63,True,True
random_dag_7,r207_scalar,42,s10|s9,n64,True,True
random_dag_7,r207_scalar,43,s11|s2,n61,True,True
random_dag_7,r207_scalar,43,s11|s2,n62,True,True
random_dag_7,r207_scalar,43,s11|s2,n63,True,True
random_dag_7,r207_scalar,43,s11|s2,n64,True,True
random_dag_7,r207_scalar,44,s11|s3,n61,True,True
random_dag_7,r207_scalar,44,s11|s3,n62,False,False
random_dag_7,r207_scalar,44,s11|s3,n63,True,True
random_dag_7,r207_scalar,44,s11|s3,n64,True,True
random_dag_7,r207_scalar,45,s11|s4,n61,True,True
random_dag_7,r207_scalar,45,s11|s4,n62,True,True
random_dag_7,r207_scalar,45,s11|s4,n63,True,True
random_dag_7,r207_scalar,45,s11|s4,n64,True,True
random_dag_7,r207_scalar,46,s11|s5,n61,True,True
random_dag_7,r207_scalar,46,s11|s5,n62,True,True
random_dag_7,r207_scalar,46,s11|s5,n63,True,True
random_dag_7,r207_scalar,46,s11|s5,n64,True,True
random_dag_7,r207_scalar,47,s11|s6,n61,False,False
random_dag_7,r207_scalar,47,s11|s6,n62,True,True
random_dag_7,r207_scalar,47,s11|s6,n63,True,True
random_dag_7,r207_scalar,47,s11|s6,n64,True,True
random_dag_7,r207_scalar,48,s11|s7,n61,True,True
random_dag_7,r207_scalar,48,s11|s7,n62,True,True
random_dag_7,r207_scalar,48,s11|s7,n63,True,True
random_dag_7,r207_scalar,48,s11|s7,n64,True,True
random_dag_7,r207_scalar,49,s11|s8,n61,True,True
random_dag_7,r207_scalar,49,s11|s8,n62,True,True
random_dag_7,r207_scalar,49,s11|s8,n63,True,True
random_dag_7,r207_scalar,49,s11|s8,n64,True,True
random_dag_7,r207_scalar,50,s11|s9,n61,True,True
random_dag_7,r207_scalar,50,s11|s9,n62,True,True
random_dag_7,r207_scalar,50,s11|s9,n63,True,True
random_dag_7,r207_scalar,50,s11|s9,n64,True,True
random_dag_7,r207_scalar,51,s2|s3,n61,True,True
random_dag_7,r207_scalar,51,s2|s3,n62,False,False
random_dag_7,r207_scalar,51,s2|s3,n63,True,True
random_dag_7,r207_scalar,51,s2|s3,n64,True,True
random_dag_7,r207_scalar,52,s2|s4,n61,True,True
random_dag_7,r207_scalar,52,s2|s4,n62,True,True
random_dag_7,r207_scalar,52,s2|s4,n63,True,True
random_dag_7,r207_scalar,52,s2|s4,n64,True,True
random_dag_7,r207_scalar,53,s2|s5,n61,True,True
random_dag_7,r207_scalar,53,s2|s5,n62,True,True
random_dag_7,r207_scalar,53,s2|s5,n63,True,True
random_dag_7,r207_scalar,53,s2|s5,n64,True,True
random_dag_7,r207_scalar,54,s2|s6,n61,False,False
random_dag_7,r207_scalar,54,s2|s6,n62,True,True
random_dag_7,r207_scalar,54,s2|s6,n63,True,True
random_dag_7,r207_scalar,54,s2|s6,n64,True,True
random_dag_7,r207_scalar,55,s2|s7,n61,True,True
random_dag_7,r207_scalar,55,s2|s7,n62,True,True
random_dag_7,r207_scalar,55,s2|s7,n63,True,True
random_dag_7,r207_scalar,55,s2|s7,n64,True,True
random_dag_7,r207_scalar,56,s2|s8,n61,True,True
random_dag_7,r207_scalar,56,s2|s8,n62,True,True
random_dag_7,r207_scalar,56,s2|s8,n63,True,True
random_dag_7,r207_scalar,56,s2|s8,n64,True,True
random_dag_7,r207_scalar,57,s2|s9,n61,True,True
random_dag_7,r207_scalar,57,s2|s9,n62,True,True
random_dag_7,r207_scalar,57,s2|s9,n63,True,True
random_dag_7,r207_scalar,57,s2|s9,n64,True,True
random_dag_7,r207_scalar,58,s3|s4,n61,True,True
random_dag_7,r207_scalar,58,s3|s4,n62,False,False
random_dag_7,r207_scalar,58,s3|s4,n63,True,True
random_dag_7,r207_scalar,58,s3|s4,n64,True,True
random_dag_7,r207_scalar,59,s3|s5,n61,True,True
random_dag_7,r207_scalar,59,s3|s5,n62,False,False
random_dag_7,r207_scalar,59,s3|s5,n63,True,True
random_dag_7,r207_scalar,59,s3|s5,n64,True,True
random_dag_7,r207_scalar,60,s3|s6,n61,False,False
random_dag_7,r207_scalar,60,s3|s6,n62,False,False
random_dag_7,r207_scalar,60,s3|s6,n63,True,True
random_dag_7,r207_scalar,60,s3|s6,n64,True,True
random_dag_7,r207_scalar,61,s3|s7,n61,True,True
random_dag_7,r207_scalar,61,s3|s7,n62,False,False
random_dag_7,r207_scalar,61,s3|s7,n63,True,True
random_dag_7,r207_scalar,61,s3|s7,n64,True,True
random_dag_7,r207_scalar,62,s3|s8,n61,True,True
random_dag_7,r207_scalar,62,s3|s8,n62,False,False
random_dag_7,r207_scalar,62,s3|s8,n63,True,True
random_dag_7,r207_scalar,62,s3|s8,n64,True,True
random_dag_7,r207_scalar,63,s3|s9,n61,True,True
random_dag_7,r207_scalar,63,s3|s9,n62,False,False
random_dag_7,r207_scalar,63,s3|s9,n63,True,True
random_dag_7,r207_scalar,63,s3|s9,n64,True,True
random_dag_7,r207_scalar,64,s4|s5,n61,True,True
random_dag_7,r207_scalar,64,s4|s5,n62,True,True
random_dag_7,r207_scalar,64,s4|s5,n63,True,True
random_dag_7,r207_scalar,64,s4|s5,n64,True,True
random_dag_7,r207_scalar,65,s4|s6,n61,False,False
random_dag_7,r207_scalar,65,s4|s6,n62,True,True
random_dag_7,r207_scalar,65,s4|s6,n63,True,True
random_dag_7,r207_scalar,65,s4|s6,n64,True,True
random_dag_7,r207_scalar,66,s4|s7,n61,True,True
random_dag_7,r207_scalar,66,s4|s7,n62,True,True
random_dag_7,r207_scalar,66,s4|s7,n63,True,True
random_dag_7,r207_scalar,66,s4|s7,n64,True,True
random_dag_7,r207_scalar,67,s4|s8,n61,True,True
random_dag_7,r207_scalar,67,s4|s8,n62,True,True
random_dag_7,r207_scalar,67,s4|s8,n63,True,True
random_dag_7,r207_scalar,67,s4|s8,n64,True,True
random_dag_7,r207_scalar,68,s4|s9,n61,True,True
random_dag_7,r207_scalar,68,s4|s9,n62,True,True
random_dag_7,r207_scalar,68,s4|s9,n63,True,True
random_dag_7,r207_scalar,68,s4|s9,n64,True,True
random_dag_7,r207_scalar,69,s5|s6,n61,False,False
random_dag_7,r207_scalar,69,s5|s6,n62,True,True
random_dag_7,r207_scalar,69,s5|s6,n63,True,True
random_dag_7,r207_scalar,69,s5|s6,n64,True,True
random_dag_7,r207_scalar,70,s5|s7,n61,True,True
random_dag_7,r207_scalar,70,s5|s7,n62,True,True
random_dag_7,r207_scalar,70,s5|s7,n63,True,True
random_dag_7,r207_scalar,70,s5|s7,n64,True,True
random_dag_7,r207_scalar,71,s5|s8,n61,True,True
random_dag_7,r207_scalar,71,s5|s8,n62,True,True
random_dag_7,r207_scalar,71,s5|s8,n63,True,True
random_dag_7,r207_scalar,71,s5|s8,n64,True,True
random_dag_7,r207_scalar,72,s5|s9,n61,True,True
random_dag_7,r207_scalar,72,s5|s9,n62,True,True
random_dag_7,r207_scalar,72,s5|s9,n63,True,True
random_dag_7,r207_scalar,72,s5|s9,n64,True,True
random_dag_7,r207_scalar,73,s6|s7,n61,False,False
random_dag_7,r207_scalar,73,s6|s7,n62,True,True
random_dag_7,r207_scalar,73,s6|s7,n63,True,True
random_dag_7,r207_scalar,73,s6|s7,n64,True,True
random_dag_7,r207_scalar,74,s6|s8,n61,False,False
random_dag_7,r207_scalar,74,s6|s8,n62,True,True
random_dag_7,r207_scalar,74,s6|s8,n63,True,True
random_dag_7,r207_scalar,74,s6|s8,n64,True,True
random_dag_7,r207_scalar,75,s6|s9,n61,False,False
random_dag_7,r207_scalar,75,s6|s9,n62,True,True
random_dag_7,r207_scalar,75,s6|s9,n63,True,True
random_dag_7,r207_scalar,75,s6|s9,n64,True,True
random_dag_7,r207_scalar,76,s7|s8,n61,True,True
random_dag_7,r207_scalar,76,s7|s8,n62,True,True
random_dag_7,r207_scalar,76,s7|s8,n63,True,True
random_dag_7,r207_scalar,76,s7|s8,n64,True,True
random_dag_7,r207_scalar,77,s7|s9,n61,True,True
random_dag_7,r207_scalar,77,s7|s9,n62,True,True
random_dag_7,r207_scalar,77,s7|s9,n63,True,True
random_dag_7,r207_scalar,77,s7|s9,n64,True,True
random_dag_7,r207_scalar,78,s8|s9,n61,True,True
random_dag_7,r207_scalar,78,s8|s9,n62,True,True
random_dag_7,r207_scalar,78,s8|s9,n63,True,True
random_dag_7,r207_scalar,78,s8|s9,n64,True,True
random_dag_7,r207_scalar,79,s0|s1|s10|s11|s2|s3|s4|s5|s6|s7|s8|s9,n61,False,False
random_dag_7,r207_scalar,79,s0|s1|s10|s11|s2|s3|s4|s5|s6|s7|s8|s9,n62,False,False
random_dag_7,r207_scalar,79,s0|s1|s10|s11|s2|s3|s4|s5|s6|s7|s8|s9,n63,False,False
random_dag_7,r207_scalar,79,s0|s1|s10|s11|s2|s3|s4|s5|s6|s7|s8|s9,n64,False,False
random_dag_7,r207_bitset,0,,n61,True,True
random_dag_7,r207_bitset,0,,n62,True,True
random_dag_7,r207_bitset,0,,n63,True,True
random_dag_7,r207_bitset,0,,n64,True,True
random_dag_7,r207_bitset,1,s0,n61,False,False
random_dag_7,r207_bitset,1,s0,n62,True,True
random_dag_7,r207_bitset,1,s0,n63,True,True
random_dag_7,r207_bitset,1,s0,n64,True,True
random_dag_7,r207_bitset,2,s1,n61,True,True
random_dag_7,r207_bitset,2,s1,n62,True,True
random_dag_7,r207_bitset,2,s1,n63,True,True
random_dag_7,r207_bitset,2,s1,n64,True,True
random_dag_7,r207_bitset,3,s10,n61,True,True
random_dag_7,r207_bitset,3,s10,n62,False,False
random_dag_7,r207_bitset,3,s10,n63,True,True
random_dag_7,r207_bitset,3,s10,n64,True,True
random_dag_7,r207_bitset,4,s11,n61,True,True
random_dag_7,r207_bitset,4,s11,n62,True,True
random_dag_7,r207_bitset,4,s11,n63,True,True
random_dag_7,r207_bitset,4,s11,n64,True,True
random_dag_7,r207_bitset,5,s2,n61,True,True
random_dag_7,r207_bitset,5,s2,n62,True,True
random_dag_7,r207_bitset,5,s2,n63,True,True
random_dag_7,r207_bitset,5,s2,n64,True,True
random_dag_7,r207_bitset,6,s3,n61,True,True
random_dag_7,r207_bitset,6,s3,n62,False,False
random_dag_7,r207_bitset,6,s3,n63,True,True
random_dag_7,r207_bitset,6,s3,n64,True,True
random_dag_7,r207_bitset,7,s4,n61,True,True
random_dag_7,r207_bitset,7,s4,n62,True,True
random_dag_7,r207_bitset,7,s4,n63,True,True
random_dag_7,r207_bitset,7,s4,n64,True,True
random_dag_7,r207_bitset,8,s5,n61,True,True
random_dag_7,r207_bitset,8,s5,n62,True,True
random_dag_7,r207_bitset,8,s5,n63,True,True
random_dag_7,r207_bitset,8,s5,n64,True,True
random_dag_7,r207_bitset,9,s6,n61,False,False
random_dag_7,r207_bitset,9,s6,n62,True,True
random_dag_7,r207_bitset,9,s6,n63,True,True
random_dag_7,r207_bitset,9,s6,n64,True,True
random_dag_7,r207_bitset,10,s7,n61,True,True
random_dag_7,r207_bitset,10,s7,n62,True,True
random_dag_7,r207_bitset,10,s7,n63,True,True
random_dag_7,r207_bitset,10,s7,n64,True,True
random_dag_7,r207_bitset,11,s8,n61,True,True
random_dag_7,r207_bitset,11,s8,n62,True,True
random_dag_7,r207_bitset,11,s8,n63,True,True
random_dag_7,r207_bitset,11,s8,n64,True,True
random_dag_7,r207_bitset,12,s9,n61,True,True
random_dag_7,r207_bitset,12,s9,n62,True,True
random_dag_7,r207_bitset,12,s9,n63,True,True
random_dag_7,r207_bitset,12,s9,n64,True,True
random_dag_7,r207_bitset,13,s0|s1,n61,False,False
random_dag_7,r207_bitset,13,s0|s1,n62,True,True
random_dag_7,r207_bitset,13,s0|s1,n63,True,True
random_dag_7,r207_bitset,13,s0|s1,n64,True,True
random_dag_7,r207_bitset,14,s0|s10,n61,False,False
random_dag_7,r207_bitset,14,s0|s10,n62,False,False
random_dag_7,r207_bitset,14,s0|s10,n63,True,True
random_dag_7,r207_bitset,14,s0|s10,n64,True,True
random_dag_7,r207_bitset,15,s0|s11,n61,False,False
random_dag_7,r207_bitset,15,s0|s11,n62,True,True
random_dag_7,r207_bitset,15,s0|s11,n63,True,True
random_dag_7,r207_bitset,15,s0|s11,n64,True,True
random_dag_7,r207_bitset,16,s0|s2,n61,False,False
random_dag_7,r207_bitset,16,s0|s2,n62,True,True
random_dag_7,r207_bitset,16,s0|s2,n63,True,True
random_dag_7,r207_bitset,16,s0|s2,n64,True,True
random_dag_7,r207_bitset,17,s0|s3,n61,False,False
random_dag_7,r207_bitset,17,s0|s3,n62,False,False
random_dag_7,r207_bitset,17,s0|s3,n63,True,True
random_dag_7,r207_bitset,17,s0|s3,n64,True,True
random_dag_7,r207_bitset,18,s0|s4,n61,False,False
random_dag_7,r207_bitset,18,s0|s4,n62,True,True
random_dag_7,r207_bitset,18,s0|s4,n63,True,True
random_dag_7,r207_bitset,18,s0|s4,n64,True,True
random_dag_7,r207_bitset,19,s0|s5,n61,False,False
random_dag_7,r207_bitset,19,s0|s5,n62,True,True
random_dag_7,r207_bitset,19,s0|s5,n63,True,True
random_dag_7,r207_bitset,19,s0|s5,n64,False,False
random_dag_7,r207_bitset,20,s0|s6,n61,False,False
random_dag_7,r207_bitset,20,s0|s6,n62,True,True
random_dag_7,r207_bitset,20,s0|s6,n63,True,True
random_dag_7,r207_bitset,20,s0|s6,n64,True,True
random_dag_7,r207_bitset,21,s0|s7,n61,False,False
random_dag_7,r207_bitset,21,s0|s7,n62,True,True
random_dag_7,r207_bitset,21,s0|s7,n63,True,True
random_dag_7,r207_bitset,21,s0|s7,n64,True,True
random_dag_7,r207_bitset,22,s0|s8,n61,False,False
random_dag_7,r207_bitset,22,s0|s8,n62,True,True
random_dag_7,r207_bitset,22,s0|s8,n63,True,True
random_dag_7,r207_bitset,22,s0|s8,n64,True,True
random_dag_7,r207_bitset,23,s0|s9,n61,False,False
random_dag_7,r207_bitset,23,s0|s9,n62,True,True
random_dag_7,r207_bitset,23,s0|s9,n63,True,True
random_dag_7,r207_bitset,23,s0|s9,n64,True,True
random_dag_7,r207_bitset,24,s1|s10,n61,True,True
random_dag_7,r207_bitset,24,s1|s10,n62,False,False
random_dag_7,r207_bitset,24,s1|s10,n63,True,True
random_dag_7,r207_bitset,24,s1|s10,n64,True,True
random_dag_7,r207_bitset,25,s1|s11,n61,True,True
random_dag_7,r207_bitset,25,s1|s11,n62,True,True
random_dag_7,r207_bitset,25,s1|s11,n63,True,True
random_dag_7,r207_bitset,25,s1|s11,n64,True,True
random_dag_7,r207_bitset,26,s1|s2,n61,True,True
random_dag_7,r207_bitset,26,s1|s2,n62,True,True
random_dag_7,r207_bitset,26,s1|s2,n63,True,True
random_dag_7,r207_bitset,26,s1|s2,n64,True,True
random_dag_7,r207_bitset,27,s1|s3,n61,False,False
random_dag_7,r207_bitset,27,s1|s3,n62,False,False
random_dag_7,r207_bitset,27,s1|s3,n63,True,True
random_dag_7,r207_bitset,27,s1|s3,n64,True,True
random_dag_7,r207_bitset,28,s1|s4,n61,True,True
random_dag_7,r207_bitset,28,s1|s4,n62,True,True
random_dag_7,r207_bitset,28,s1|s4,n63,True,True
random_dag_7,r207_bitset,28,s1|s4,n64,True,True
random_dag_7,r207_bitset,29,s1|s5,n61,True,True
random_dag_7,r207_bitset,29,s1|s5,n62,True,True
random_dag_7,r207_bitset,29,s1|s5,n63,True,True
random_dag_7,r207_bitset,29,s1|s5,n64,True,True
random_dag_7,r207_bitset,30,s1|s6,n61,False,False
random_dag_7,r207_bitset,30,s1|s6,n62,True,True
random_dag_7,r207_bitset,30,s1|s6,n63,True,True
random_dag_7,r207_bitset,30,s1|s6,n64,True,True
random_dag_7,r207_bitset,31,s1|s7,n61,True,True
random_dag_7,r207_bitset,31,s1|s7,n62,True,True
random_dag_7,r207_bitset,31,s1|s7,n63,True,True
random_dag_7,r207_bitset,31,s1|s7,n64,True,True
random_dag_7,r207_bitset,32,s1|s8,n61,True,True
random_dag_7,r207_bitset,32,s1|s8,n62,True,True
random_dag_7,r207_bitset,32,s1|s8,n63,True,True
random_dag_7,r207_bitset,32,s1|s8,n64,True,True
random_dag_7,r207_bitset,33,s1|s9,n61,True,True
random_dag_7,r207_bitset,33,s1|s9,n62,True,True
random_dag_7,r207_bitset,33,s1|s9,n63,True,True
random_dag_7,r207_bitset,33,s1|s9,n64,True,True
random_dag_7,r207_bitset,34,s10|s11,n61,True,True
random_dag_7,r207_bitset,34,s10|s11,n62,False,False
random_dag_7,r207_bitset,34,s10|s11,n63,True,True
random_dag_7,r207_bitset,34,s10|s11,n64,True,True
random_dag_7,r207_bitset,35,s10|s2,n61,True,True
random_dag_7,r207_bitset,35,s10|s2,n62,False,False
random_dag_7,r207_bitset,35,s10|s2,n63,True,True
random_dag_7,r207_bitset,35,s10|s2,n64,True,True
random_dag_7,r207_bitset,36,s10|s3,n61,True,True
random_dag_7,r207_bitset,36,s10|s3,n62,False,False
random_dag_7,r207_bitset,36,s10|s3,n63,True,True
random_dag_7,r207_bitset,36,s10|s3,n64,True,True
random_dag_7,r207_bitset,37,s10|s4,n61,True,True
random_dag_7,r207_bitset,37,s10|s4,n62,False,False
random_dag_7,r207_bitset,37,s10|s4,n63,True,True
random_dag_7,r207_bitset,37,s10|s4,n64,True,True
random_dag_7,r207_bitset,38,s10|s5,n61,True,True
random_dag_7,r207_bitset,38,s10|s5,n62,False,False
random_dag_7,r207_bitset,38,s10|s5,n63,True,True
random_dag_7,r207_bitset,38,s10|s5,n64,True,True
random_dag_7,r207_bitset,39,s10|s6,n61,False,False
random_dag_7,r207_bitset,39,s10|s6,n62,False,False
random_dag_7,r207_bitset,39,s10|s6,n63,True,True
random_dag_7,r207_bitset,39,s10|s6,n64,True,True
random_dag_7,r207_bitset,40,s10|s7,n61,True,True
random_dag_7,r207_bitset,40,s10|s7,n62,False,False
random_dag_7,r207_bitset,40,s10|s7,n63,True,True
random_dag_7,r207_bitset,40,s10|s7,n64,True,True
random_dag_7,r207_bitset,41,s10|s8,n61,True,True
random_dag_7,r207_bitset,41,s10|s8,n62,False,False
random_dag_7,r207_bitset,41,s10|s8,n63,True,True
random_dag_7,r207_bitset,41,s10|s8,n64,True,True
random_dag_7,r207_bitset,42,s10|s9,n61,True,True
random_dag_7,r207_bitset,42,s10|s9,n62,False,False
random_dag_7,r207_bitset,42,s10|s9,n63,True,True
random_dag_7,r207_bitset,42,s10|s9,n64,True,True
random_dag_7,r207_bitset,43,s11|s2,n61,True,True
random_dag_7,r207_bitset,43,s11|s2,n62,True,True
random_dag_7,r207_bitset,43,s11|s2,n63,True,True
random_dag_7,r207_bitset,43,s11|s2,n64,True,True
random_dag_7,r207_bitset,44,s11|s3,n61,True,True
random_dag_7,r207_bitset,44,s11|s3,n62,False,False
random_dag_7,r207_bitset,44,s11|s3,n63,True,True
random_dag_7,r207_bitset,44,s11|s3,n64,True,True
random_dag_7,r207_bitset,45,s11|s4,n61,True,True
random_dag_7,r207_bitset,45,s11|s4,n62,True,True
random_dag_7,r207_bitset,45,s11|s4,n63,True,True
random_dag_7,r207_bitset,45,s11|s4,n64,True,True
random_dag_7,r207_bitset,46,s11|s5,n61,True,True
random_dag_7,r207_bitset,46,s11|s5,n62,True,True
random_dag_7,r207_bitset,46,s11|s5,n63,True,True
random_dag_7,r207_bitset,46,s11|s5,n64,True,True
random_dag_7,r207_bitset,47,s11|s6,n61,False,False
random_dag_7,r207_bitset,47,s11|s6,n62,True,True
random_dag_7,r207_bitset,47,s11|s6,n63,True,True
random_dag_7,r207_bitset,47,s11|s6,n64,True,True
random_dag_7,r207_bitset,48,s11|s7,n61,True,True
random_dag_7,r207_bitset,48,s11|s7,n62,True,True
random_dag_7,r207_bitset,48,s11|s7,n63,True,True
random_dag_7,r207_bitset,48,s11|s7,n64,True,True
random_dag_7,r207_bitset,49,s11|s8,n61,True,True
random_dag_7,r207_bitset,49,s11|s8,n62,True,True
random_dag_7,r207_bitset,49,s11|s8,n63,True,True
random_dag_7,r207_bitset,49,s11|s8,n64,True,True
random_dag_7,r207_bitset,50,s11|s9,n61,True,True
random_dag_7,r207_bitset,50,s11|s9,n62,True,True
random_dag_7,r207_bitset,50,s11|s9,n63,True,True
random_dag_7,r207_bitset,50,s11|s9,n64,True,True
random_dag_7,r207_bitset,51,s2|s3,n61,True,True
random_dag_7,r207_bitset,51,s2|s3,n62,False,False
random_dag_7,r207_bitset,51,s2|s3,n63,True,True
random_dag_7,r207_bitset,51,s2|s3,n64,True,True
random_dag_7,r207_bitset,52,s2|s4,n61,True,True
random_dag_7,r207_bitset,52,s2|s4,n62,True,True
random_dag_7,r207_bitset,52,s2|s4,n63,True,True
random_dag_7,r207_bitset,52,s2|s4,n64,True,True
random_dag_7,r207_bitset,53,s2|s5,n61,True,True
random_dag_7,r207_bitset,53,s2|s5,n62,True,True
random_dag_7,r207_bitset,53,s2|s5,n63,True,True
random_dag_7,r207_bitset,53,s2|s5,n64,True,True
random_dag_7,r207_bitset,54,s2|s6,n61,False,False
random_dag_7,r207_bitset,54,s2|s6,n62,True,True
random_dag_7,r207_bitset,54,s2|s6,n63,True,True
random_dag_7,r207_bitset,54,s2|s6,n64,True,True
random_dag_7,r207_bitset,55,s2|s7,n61,True,True
random_dag_7,r207_bitset,55,s2|s7,n62,True,True
random_dag_7,r207_bitset,55,s2|s7,n63,True,True
random_dag_7,r207_bitset,55,s2|s7,n64,True,True
random_dag_7,r207_bitset,56,s2|s8,n61,True,True
random_dag_7,r207_bitset,56,s2|s8,n62,True,True
random_dag_7,r207_bitset,56,s2|s8,n63,True,True
random_dag_7,r207_bitset,56,s2|s8,n64,True,True
random_dag_7,r207_bitset,57,s2|s9,n61,True,True
random_dag_7,r207_bitset,57,s2|s9,n62,True,True
random_dag_7,r207_bitset,57,s2|s9,n63,True,True
random_dag_7,r207_bitset,57,s2|s9,n64,True,True
random_dag_7,r207_bitset,58,s3|s4,n61,True,True
random_dag_7,r207_bitset,58,s3|s4,n62,False,False
random_dag_7,r207_bitset,58,s3|s4,n63,True,True
random_dag_7,r207_bitset,58,s3|s4,n64,True,True
random_dag_7,r207_bitset,59,s3|s5,n61,True,True
random_dag_7,r207_bitset,59,s3|s5,n62,False,False
random_dag_7,r207_bitset,59,s3|s5,n63,True,True
random_dag_7,r207_bitset,59,s3|s5,n64,True,True
random_dag_7,r207_bitset,60,s3|s6,n61,False,False
random_dag_7,r207_bitset,60,s3|s6,n62,False,False
random_dag_7,r207_bitset,60,s3|s6,n63,True,True
random_dag_7,r207_bitset,60,s3|s6,n64,True,True
random_dag_7,r207_bitset,61,s3|s7,n61,True,True
random_dag_7,r207_bitset,61,s3|s7,n62,False,False
random_dag_7,r207_bitset,61,s3|s7,n63,True,True
random_dag_7,r207_bitset,61,s3|s7,n64,True,True
random_dag_7,r207_bitset,62,s3|s8,n61,True,True
random_dag_7,r207_bitset,62,s3|s8,n62,False,False
random_dag_7,r207_bitset,62,s3|s8,n63,True,True
random_dag_7,r207_bitset,62,s3|s8,n64,True,True
random_dag_7,r207_bitset,63,s3|s9,n61,True,True
random_dag_7,r207_bitset,63,s3|s9,n62,False,False
random_dag_7,r207_bitset,63,s3|s9,n63,True,True
random_dag_7,r207_bitset,63,s3|s9,n64,True,True
random_dag_7,r207_bitset,64,s4|s5,n61,True,True
random_dag_7,r207_bitset,64,s4|s5,n62,True,True
random_dag_7,r207_bitset,64,s4|s5,n63,True,True
random_dag_7,r207_bitset,64,s4|s5,n64,True,True
random_dag_7,r207_bitset,65,s4|s6,n61,False,False
random_dag_7,r207_bitset,65,s4|s6,n62,True,True
random_dag_7,r207_bitset,65,s4|s6,n63,True,True
random_dag_7,r207_bitset,65,s4|s6,n64,True,True
random_dag_7,r207_bitset,66,s4|s7,n61,True,True
random_dag_7,r207_bitset,66,s4|s7,n62,True,True
random_dag_7,r207_bitset,66,s4|s7,n63,True,True
random_dag_7,r207_bitset,66,s4|s7,n64,True,True
random_dag_7,r207_bitset,67,s4|s8,n61,True,True
random_dag_7,r207_bitset,67,s4|s8,n62,True,True
random_dag_7,r207_bitset,67,s4|s8,n63,True,True
random_dag_7,r207_bitset,67,s4|s8,n64,True,True
random_dag_7,r207_bitset,68,s4|s9,n61,True,True
random_dag_7,r207_bitset,68,s4|s9,n62,True,True
random_dag_7,r207_bitset,68,s4|s9,n63,True,True
random_dag_7,r207_bitset,68,s4|s9,n64,True,True
random_dag_7,r207_bitset,69,s5|s6,n61,False,False
random_dag_7,r207_bitset,69,s5|s6,n62,True,True
random_dag_7,r207_bitset,69,s5|s6,n63,True,True
random_dag_7,r207_bitset,69,s5|s6,n64,True,True
random_dag_7,r207_bitset,70,s5|s7,n61,True,True
random_dag_7,r207_bitset,70,s5|s7,n62,True,True
random_dag_7,r207_bitset,70,s5|s7,n63,True,True
random_dag_7,r207_bitset,70,s5|s7,n64,True,True
random_dag_7,r207_bitset,71,s5|s8,n61,True,True
random_dag_7,r207_bitset,71,s5|s8,n62,True,True
random_dag_7,r207_bitset,71,s5|s8,n63,True,True
random_dag_7,r207_bitset,71,s5|s8,n64,True,True
random_dag_7,r207_bitset,72,s5|s9,n61,True,True
random_dag_7,r207_bitset,72,s5|s9,n62,True,True
random_dag_7,r207_bitset,72,s5|s9,n63,True,True
random_dag_7,r207_bitset,72,s5|s9,n64,True,True
random_dag_7,r207_bitset,73,s6|s7,n61,False,False
random_dag_7,r207_bitset,73,s6|s7,n62,True,True
random_dag_7,r207_bitset,73,s6|s7,n63,True,True
random_dag_7,r207_bitset,73,s6|s7,n64,True,True
random_dag_7,r207_bitset,74,s6|s8,n61,False,False
random_dag_7,r207_bitset,74,s6|s8,n62,True,True
random_dag_7,r207_bitset,74,s6|s8,n63,True,True
random_dag_7,r207_bitset,74,s6|s8,n64,True,True
random_dag_7,r207_bitset,75,s6|s9,n61,False,False
random_dag_7,r207_bitset,75,s6|s9,n62,True,True
random_dag_7,r207_bitset,75,s6|s9,n63,True,True
random_dag_7,r207_bitset,75,s6|s9,n64,True,True
random_dag_7,r207_bitset,76,s7|s8,n61,True,True
random_dag_7,r207_bitset,76,s7|s8,n62,True,True
random_dag_7,r207_bitset,76,s7|s8,n63,True,True
random_dag_7,r207_bitset,76,s7|s8,n64,True,True
random_dag_7,r207_bitset,77,s7|s9,n61,True,True
random_dag_7,r207_bitset,77,s7|s9,n62,True,True
random_dag_7,r207_bitset,77,s7|s9,n63,True,True
random_dag_7,r207_bitset,77,s7|s9,n64,True,True
random_dag_7,r207_bitset,78,s8|s9,n61,True,True
random_dag_7,r207_bitset,78,s8|s9,n62,True,True
random_dag_7,r207_bitset,78,s8|s9,n63,True,True
random_dag_7,r207_bitset,78,s8|s9,n64,True,True
random_dag_7,r207_bitset,79,s0|s1|s10|s11|s2|s3|s4|s5|s6|s7|s8|s9,n61,False,False
random_dag_7,r207_bitset,79,s0|s1|s10|s11|s2|s3|s4|s5|s6|s7|s8|s9,n62,False,False
random_dag_7,r207_bitset,79,s0|s1|s10|s11|s2|s3|s4|s5|s6|s7|s8|s9,n63,False,False
random_dag_7,r207_bitset,79,s0|s1|s10|s11|s2|s3|s4|s5|s6|s7|s8|s9,n64,False,False
deep_chain_1200,and_or_forward,0,,n1199,True,True
deep_chain_1200,and_or_forward,1,root,n1199,False,False
deep_chain_1200,r207_scalar,0,,n1199,True,True
deep_chain_1200,r207_scalar,1,root,n1199,False,False
deep_chain_1200,r207_bitset,0,,n1199,True,True
deep_chain_1200,r207_bitset,1,root,n1199,False,False
