im_id	canonical_primitive	family_status	source_ids	source_mapping_status	source_concepts	constraint_shells_exact_if_mapped	nearest_existing	why_distinct	primitive_graph_signature_v1	semantic_tags	state_types	time_structure	information_structure	intervention_role	guarantee_type	ontology_annotation_status	source_evidence_raw	historical_shell_note	source_mapping_confidence	source_domain_span
IM-001	LOCAL INFEASIBILITY ≠ JOINT INFEASIBILITY	pre_saturation_registry	M-577; M-578; E-857; E-852; M-535	rehydrated_from_original_interaction_map	M-577:Gomory–Hu tree | M-578:Cut-equivalent tree | E-857:Queue gridlock resolution | E-852:Multilateral offset cycle | M-535:Birkhoff–von Neumann decomposition	M-577:Undirected capacities | M-578:Cut structure | E-857:Circular obligations | E-852:Payment network | M-535:Nonnegative row/column sums			structural_relation	optimization_constraints	feasible-set	static/unspecified	unspecified	mechanism/structural	local	automatic first-pass from canonical family text; manual audit before hard exclusion	E-857 queue gridlock resolution | E-852 multilateral offset cycle | M-535 Birkhoff–von Neumann decomposition | M-577/578 cut-equivalent representations | daha eski circulation/flow kayıtları		HIGH_WITH_QUALIFIED_RANGE_ANCHORS	E;M
IM-002	INDIVIDUALLY LOSSY / JOINTLY SUFFICIENT	pre_saturation_registry	M-741; M-742; M-743; M-744; M-745; M-746; M-747; M-748; M-749; M-750; S-661; S-662; S-663; S-664; S-665; S-666; S-667; S-668; S-669; S-670; S-671; S-672; S-673; S-674; M-889; M-890; M-892	rehydrated_from_original_interaction_map	M-741:Filtered chain complex | M-742:Associated graded object | M-743:Spectral sequence | M-744:Higher-page differential | M-745:Exact couple | M-746:Page stabilization | M-747:$E_\infty$ object | M-748:Extension problem | M-749:Double complex | M-750:Total complex | S-661:Deterministic record linkage | S-662:Probabilistic record linkage | S-663:Fellegi–Sunter linkage | S-664:Comparison vector | S-665:m/u probabilities | S-666:Match / clerical / nonmatch triage | S-667:Blocking | S-668:Sorted-neighborhood linkage | S-669:Entity-resolution clustering | S-670:One-to-one linkage constraint | S-671:Bayesian record linkage | S-672:Linkage-uncertainty propagation | S-673:Deduplication | S-674:Fuzzy string comparison | M-889:Analysis filter bank | M-890:Synthesis filter bank | M-892:Perfect reconstruction	M-741:Chain complex + filtration | M-742:Nested structure | M-743:Filtered/graded complex | M-744:Bigraded structure | M-745:Exact diagram | M-746:Spectral sequence | M-747:Convergent spectral sequence | M-748:Filtered reconstruction | M-749:Anticommuting differentials | M-750:Double complex | S-661:High-quality identifiers | S-662:Noisy identifiers | S-663:Pair classification | S-664:Record pairs | S-665:Fellegi–Sunter model | S-666:Decision thresholds | S-667:Large files | S-668:Approximate ordering | S-669:Multi-record identity | S-670:Bipartite identity constraint | S-671:Probabilistic identity model | S-672:Two-stage analysis | S-673:Within-file duplicates | S-674:Noisy text fields | M-889:Discrete wavelet transform | M-890:Perfect reconstruction | M-892:Complementary channels			structural_relation	optimization_constraints	generic	static/unspecified	lossy/garbled	mechanism/structural	certificate/exact	automatic first-pass from canonical family text; manual audit before hard exclusion	M-889 analysis filter bank | M-890 synthesis filter bank | M-892 perfect reconstruction | M-741–750 filtered complexes/spectral sequences | S-661–674 record linkage fragments | daha eski projection/nullspace records		HIGH_WITH_QUALIFIED_RANGE_ANCHORS	M;S
IM-003	OUTPUT RESHAPES ITS GENERATOR	pre_saturation_registry	P-793; P-794; P-795; P-806; P-807; P-880; P-860	rehydrated_from_original_interaction_map	P-793:Lorentz-force backreaction | P-794:Dynamo saturation | P-795:Alpha quenching | P-806:Gain clamping | P-807:Gain saturation | P-880:Degradation-area feedback | P-860:Surface-reconstruction feedback	P-793:Nonlinear MHD | P-794:Nonlinear feedback | P-795:Mean-field dynamo | P-806:Saturating laser | P-807:Finite excited population | P-880:Coupled degradation | P-860:Dynamic catalyst surface			structural_relation	general_mechanism	generic	static/unspecified	endogenous-feedback	mechanism/structural	none-explicit	automatic first-pass from canonical family text; manual audit before hard exclusion	P-793 Lorentz backreaction | P-794 dynamo saturation | P-795 alpha quenching | P-806 gain clamping | P-807 gain saturation | P-880 degradation-area feedback | P-860 surface reconstruction feedback		HIGH	P
IM-004	FLOW RESHAPES ITS FUTURE CONDUIT	pre_saturation_registry	P-764; P-765; P-876; P-877; P-967; P-980	rehydrated_from_original_interaction_map	P-764:Reactive-infiltration feedback | P-765:Wormhole formation | P-876:Protrusion current focusing | P-877:Dendritic growth | P-967:Conductive-filament bridging | P-980:Endurance degradation by pathway evolution	P-764:Dissolution + advection | P-765:Unstable reactive infiltration | P-876:Nonuniform electrodeposition | P-877:Metal plating | P-967:Filamentary switch | P-980:Repeated cycling			structural_relation	dynamics_memory;sequential_time	dynamic-state/path;resource/flow	sequential;dynamic	endogenous-feedback	mechanism/structural	none-explicit	automatic first-pass from canonical family text; manual audit before hard exclusion	P-764 reactive-infiltration feedback | P-765 wormhole formation | P-876 protrusion current focusing | P-877 dendritic growth | P-967 conductive-filament bridging | P-980 pathway evolution		HIGH	P
IM-005	CONSTRAINT ACTIVATION CHANGES CONFIGURATION SPACE	pre_saturation_registry	P-675; P-679; P-680; M-787; E-933	rehydrated_from_original_interaction_map	P-675:Shear jamming | P-679:Contact-network percolation under stress | P-680:Constraint-rheology mechanism | M-787:M-convex function | E-933:Nonnegative inventory constraint	P-675:Dense frictional particles | P-679:Dense suspension/granular material | P-680:Dense particulate system | M-787:Conserved integer resource | E-933:Physical commodity			structural_relation	optimization_constraints	feasible-set	static/unspecified	unspecified	mechanism/structural	none-explicit	automatic first-pass from canonical family text; manual audit before hard exclusion	P-675 shear jamming | P-679 contact-network percolation | P-680 constraint rheology | M-787 M-convex fixed-total exchange | compositional S-521ff | E-933 nonnegative inventory boundary		HIGH_WITH_QUALIFIED_RANGE_ANCHORS	E;M;P
IM-006	EASY PROXY CREATES MISMATCH RISK	pre_saturation_registry	S-943; S-944; S-945; S-946; S-947; S-948; S-949; S-950; S-951; S-952; S-953; S-954; S-955; S-956; S-957; S-958; S-959; S-960; S-961; S-967; E-989; E-991; E-1000; E-885	rehydrated_from_original_interaction_map	S-943:Common auxiliary bridge | S-944:Sample-membership propensity | S-945:Inverse-odds integration weighting | S-946:Covariate-balancing integration | S-947:Probability-reference calibration | S-948:Mass imputation | S-949:Nonparametric mass imputation | S-950:Outcome-model transportability | S-951:Selection ignorability for integration | S-952:Source-overlap/positivity | S-953:Doubly robust data integration | S-954:Augmented integration estimator | S-955:Selection-model misspecification sensitivity | S-956:Outcome-model misspecification sensitivity | S-957:Benchmark-variable validation | S-958:Integration effective sample size | S-959:Design + model variance propagation | S-960:Reference-sample bottleneck | S-961:Imperfect reference standard | S-967:Imperfect-reference bias | E-989:Index insurance | E-991:Basis risk | E-1000:Verification–basis-risk tradeoff | E-885:Letter of credit	S-943:Shared covariates | S-944:Data-source selection | S-945:Estimated source propensity | S-946:Shared auxiliary variables | S-947:Reference survey | S-948:X$ modelini öğren; probability sample’daki units’in $Y$’lerini predict/impute et \| Outcome transportability | S-949:Flexible outcome relation | S-950:X$ relation nonprobability source’dan probability-target population’a taşınabiliyor varsay \| Cross-source stability | S-951:Nonprobability selection | S-952:Support overlap | S-953:Two nuisance models | S-954:Probability + nonprobability sources | S-955:Unknown selection | S-956:X$ model target’a taşınmıyorsa mass-imputation bias’ını quantify et \| Model transport failure | S-957:Observable benchmark | S-958:Unequal integration weights | S-959:Hybrid inference | S-960:Data fusion | S-961:Diagnostic evaluation | S-967:Misclassified reference | E-989:Weather/area/index risk | E-991:Proxy-based insurance | E-1000:Insurance information architecture | E-885:Bank-guaranteed documentary trade			structural_relation	general_mechanism	generic	static/unspecified	unspecified	mechanism/structural	none-explicit	automatic first-pass from canonical family text; manual audit before hard exclusion	S-961 imperfect reference standard | S-967 imperfect-reference bias | E-989 index insurance | E-991 basis risk | E-1000 verification–basis-risk tradeoff | E-885 letter of credit / documentary compliance | S-943–960 data-source anchoring		HIGH	E;S
IM-007	VALIDATOR IS NOT TRUTH ORACLE	pre_saturation_registry	S-961; S-962; S-963; S-964; S-965; S-966; S-967; S-968; S-969; S-970; S-971; S-972; S-973; S-974; S-975; S-976; S-977; S-978; S-979; S-980; S-661; S-662; S-663; S-664; S-665; S-666; S-667; S-668; S-669; S-670; S-671; S-672; S-673; S-674; S-941; S-942; S-943; S-944; S-945; S-946; S-947; S-948; S-949; S-950; S-951; S-952; S-953; S-954; S-955; S-956; S-957; S-958; S-959; S-960	rehydrated_from_original_interaction_map	S-961:Imperfect reference standard | S-962:No-gold-standard latent disease | S-963:Hui–Walter identification mechanism | S-964:Conditional test independence | S-965:Conditional test dependence | S-966:Local dependence parameter | S-967:Imperfect-reference bias | S-968:Partial verification bias | S-969:Differential verification | S-970:Discrepant-analysis bias | S-971:Composite reference standard | S-972:Latent prevalence–accuracy joint estimation | S-973:Multiple-population prevalence leverage | S-974:Bayesian no-gold-standard model | S-975:Prior-sensitive nonidentification | S-976:Imperfect-test repeated measurement | S-977:Test-order effect | S-978:Disease-state evolution between tests | S-979:Accuracy heterogeneity | S-980:No-gold-standard model checking | S-661:Deterministic record linkage | S-662:Probabilistic record linkage | S-663:Fellegi–Sunter linkage | S-664:Comparison vector | S-665:m/u probabilities | S-666:Match / clerical / nonmatch triage | S-667:Blocking | S-668:Sorted-neighborhood linkage | S-669:Entity-resolution clustering | S-670:One-to-one linkage constraint | S-671:Bayesian record linkage | S-672:Linkage-uncertainty propagation | S-673:Deduplication | S-674:Fuzzy string comparison | S-941:Probability-sample anchor | S-942:Nonprobability rich sample | S-943:Common auxiliary bridge | S-944:Sample-membership propensity | S-945:Inverse-odds integration weighting | S-946:Covariate-balancing integration | S-947:Probability-reference calibration | S-948:Mass imputation | S-949:Nonparametric mass imputation | S-950:Outcome-model transportability | S-951:Selection ignorability for integration | S-952:Source-overlap/positivity | S-953:Doubly robust data integration | S-954:Augmented integration estimator | S-955:Selection-model misspecification sensitivity | S-956:Outcome-model misspecification sensitivity | S-957:Benchmark-variable validation | S-958:Integration effective sample size | S-959:Design + model variance propagation | S-960:Reference-sample bottleneck	S-961:Diagnostic evaluation | S-962:Latent binary state | S-963:Population heterogeneity assumptions | S-964:Latent-class diagnostics | S-965:Shared residual mechanism | S-966:Dependent diagnostics | S-967:Misclassified reference | S-968:Selective verification | S-969:Multiple reference standards | S-970:Post-hoc verification | S-971:No single gold standard | S-972:Hidden disease status | S-973:Shared accuracy across groups | S-974:Latent diagnostic model | S-975:Bayesian weak identification | S-976:Replicate tests | S-977:Sequential diagnostics | S-978:Dynamic latent state | S-979:Covariate-dependent error | S-980:Assumption-sensitive latent model | S-661:High-quality identifiers | S-662:Noisy identifiers | S-663:Pair classification | S-664:Record pairs | S-665:Fellegi–Sunter model | S-666:Decision thresholds | S-667:Large files | S-668:Approximate ordering | S-669:Multi-record identity | S-670:Bipartite identity constraint | S-671:Probabilistic identity model | S-672:Two-stage analysis | S-673:Within-file duplicates | S-674:Noisy text fields | S-941:Probability sample | S-942:Convenience/web/admin sample | S-943:Shared covariates | S-944:Data-source selection | S-945:Estimated source propensity | S-946:Shared auxiliary variables | S-947:Reference survey | S-948:X$ modelini öğren; probability sample’daki units’in $Y$’lerini predict/impute et \| Outcome transportability | S-949:Flexible outcome relation | S-950:X$ relation nonprobability source’dan probability-target population’a taşınabiliyor varsay \| Cross-source stability | S-951:Nonprobability selection | S-952:Support overlap | S-953:Two nuisance models | S-954:Probability + nonprobability sources | S-955:Unknown selection | S-956:X$ model target’a taşınmıyorsa mass-imputation bias’ını quantify et \| Model transport failure | S-957:Observable benchmark | S-958:Unequal integration weights | S-959:Hybrid inference | S-960:Data fusion			structural_relation	certificate_validation	generic	static/unspecified	unspecified	mechanism/structural	none-explicit	automatic first-pass from canonical family text; manual audit before hard exclusion	S-961–980 no-gold-standard diagnostics | S-661–674 record linkage uncertainty | S-941–960 reference-sample anchoring | daha eski measurement-error records		HIGH_WITH_QUALIFIED_RANGE_ANCHORS	S
IM-008	EXPOSURE ≠ AUTHORITY ≠ INFORMATION ≠ LIQUIDITY	pre_saturation_registry	E-945; E-946; E-947; E-948; E-949; E-950; E-951; E-952; E-953; E-954; E-955; E-956; E-957; E-958; E-959; E-960; E-774; E-775; E-749; E-750	rehydrated_from_original_interaction_map	E-945:Exclusive license | E-946:Nonexclusive licensing | E-947:Field-of-use restriction | E-948:Geographic licensing scope | E-949:Sublicensing right | E-950:Minimum annual royalty | E-951:Milestone payment | E-952:Royalty-linked inventor incentive | E-953:Equity-based license consideration | E-954:Shelving incentive | E-955:Annual-fee anti-shelving mechanism | E-956:License take-back / reversion | E-957:Grant-back clause | E-958:Patent pool | E-959:Royalty stacking | E-960:Compulsory licensing | E-774:Board-seat allocation | E-775:State-contingent control transfer | E-749:Dual-class equity | E-750:Control–cash-flow wedge	E-945:Rival licensees excluded | E-946:Multiple licensees | E-947:Contractual scope | E-948:Territorial restriction | E-949:Delegated licensing | E-950:Commercialization discipline | E-951:Verifiable development event | E-952:Inventor moral hazard | E-953:Startup licensee | E-954:Strategic acquisition | E-955:Dormant license | E-956:Performance contingency | E-957:Follow-on innovation | E-958:Multiple essential patents | E-959:Fragmented IP rights | E-960:Regulatory intervention | E-774:Incomplete contracts | E-775:Verifiable performance | E-749:Multiple voting classes | E-750:Disproportionate rights			structural_relation	information_incentive	resource/flow	static/unspecified	strategic/informational	mechanism/structural	none-explicit	automatic first-pass from canonical family text; manual audit before hard exclusion	E-774 board-seat allocation | E-775 state-contingent control transfer | E-749 dual-class equity | E-750 control–cash-flow wedge | daha önce eklenen `PAYOFF-WEIGHT≠CONTROL-WEIGHT` | E-945–960 licensing rights		HIGH	E
IM-009	CONDITIONAL PERMEABILITY	pre_saturation_registry	P-554; P-555; P-869; P-887; P-888; P-541; E-947; E-960	rehydrated_from_original_interaction_map	P-554:Bragg reflection | P-555:Stop band | P-869:Selective SEI transport | P-887:Ion-selective membrane | P-888:Donnan exclusion | P-541:Waveguide cutoff | E-947:Field-of-use restriction | E-960:Compulsory licensing	P-554:Periodic medium | P-555:Band structure | P-869:Mixed ionic/electronic transport | P-887:Charged membrane | P-888:Charged porous phase | P-541:Bounded transverse geometry | E-947:Contractual scope | E-960:Regulatory intervention			condition	general_mechanism	generic	static/unspecified	unspecified	mechanism/structural	none-explicit	automatic first-pass from canonical family text; manual audit before hard exclusion	P-869 selective SEI transport | P-887 ion-selective membrane | P-888 Donnan exclusion | P-554/555 stop bands | P-541 waveguide cutoff | E-947 field-of-use restriction | E-960 compulsory licensing		HIGH	E;P
IM-010	PHYSICAL TOPOLOGY / POTENTIAL TOPOLOGY / CURRENTLY USABLE TOPOLOGY	pre_saturation_registry	P-1000; P-999; P-990; P-991; E-916; P-776	rehydrated_from_original_interaction_map	P-1000:Recovery-controlled propagation permission | P-999:Source–sink mismatch | P-990:Unidirectional block | P-991:Conduction failure threshold | E-916:Reserve-distribution friction | P-776:Dead-pore shielding	P-1000:State-dependent connectivity | P-999:Geometry + finite coupling | P-990:Asymmetric recovery/coupling | P-991:Propagation threshold | E-916:Heterogeneous banks | P-776:Transport accessibility			structural_relation	optimization_constraints;network_transport	graph/network	static/unspecified	unspecified	mechanism/structural	none-explicit	automatic first-pass from canonical family text; manual audit before hard exclusion	P-1000 recovery-controlled propagation | P-999 source–sink mismatch | P-990 unidirectional block | P-991 conduction failure | E-916 reserve-distribution friction | P-776 dead-pore shielding		HIGH	E;P
IM-011	SAME MACRO TRAJECTORY ≠ SAME MICRO GRAPH	pre_saturation_registry	P-813; P-817; P-627; P-628; P-743; P-742; P-967; P-974	rehydrated_from_original_interaction_map	P-813:Active Q-switching | P-817:Mode locking | P-627:Nucleated dewetting | P-628:Dewetting rim | P-743:Domain-wall propagation switching | P-742:Reverse-domain nucleation | P-967:Conductive-filament bridging | P-974:Interface-type resistive switching	P-813:Controlled cavity Q | P-817:Multimode coherent cavity | P-627:Metastability | P-628:Mass conservation | P-743:Mobile interface | P-742:Switching barrier | P-967:Filamentary switch | P-974:Interfacial transport			structural_relation	general_mechanism	graph/network;dynamic-state/path	dynamic	unspecified	mechanism/structural	none-explicit	automatic first-pass from canonical family text; manual audit before hard exclusion	P-813 Q-switching | P-817 mode locking | P-601ff KJMA | P-627 spinodal dewetting | P-628 nucleated dewetting | P-743 domain-wall propagation | P-742 reverse-domain nucleation | P-967 filament formation | P-974 interface switching		HIGH_WITH_QUALIFIED_RANGE_ANCHORS	P
IM-012	SATURATION → CHANNEL-SELECTION PROBLEM	pre_saturation_registry	P-891; P-893; P-894; P-805; E-935	rehydrated_from_original_interaction_map	P-891:Limiting current | P-893:Overlimiting current | P-894:Electroconvection | P-805:Laser threshold | E-935:Storage-capacity shadow value	P-891:Diffusion-limited ion supply | P-893:Beyond classical limiting regime | P-894:Ion-selective interface | P-805:Gain–loss balance | E-935:Finite storage capacity			select	network_transport	generic	static/unspecified	selected/conditioned	mechanism/structural	none-explicit	automatic first-pass from canonical family text; manual audit before hard exclusion	P-891 limiting current | P-893 overlimiting current | P-894 electroconvection | P-805 laser threshold/saturation family | E-935 storage capacity | older queue/capacity mechanisms		HIGH_WITH_QUALIFIED_RANGE_ANCHORS	E;P
IM-013	COMMITMENT VS OPTION VALUE	pre_saturation_registry	E-973; E-980; E-950; E-956; E-761; E-779	rehydrated_from_original_interaction_map	E-973:Commitment savings account | E-980:Commitment–flexibility tradeoff | E-950:Minimum annual royalty | E-956:License take-back / reversion | E-761:Staged venture financing | E-779:Follow-on financing option	E-973:Self-control demand | E-980:Uncertain household cash flow | E-950:Commercialization discipline | E-956:Performance contingency | E-761:Severe uncertainty | E-779:Sequential information			structural_relation	control_decision	generic	static/unspecified	unspecified	mechanism/structural	none-explicit	automatic first-pass from canonical family text; manual audit before hard exclusion	E-973 commitment savings | E-980 commitment–flexibility tradeoff | E-950 minimum royalty | E-956 rights reversion | E-761 staged financing | E-779 follow-on option		HIGH	E
IM-014	OBSERVATION POLICY ← CURRENT UNCERTAINTY	pre_saturation_registry	M-669; M-670; M-671; M-672; M-673; M-674; M-675; M-676; S-827; S-828; S-829; S-830; S-831; S-832; S-833; S-834; S-835; S-836; S-837; S-838; S-839; S-840; S-859; M-638	rehydrated_from_original_interaction_map	M-669:Quasi-Monte Carlo | M-670:Low-discrepancy sequence | M-671:Randomized quasi-Monte Carlo | M-672:Multilevel Monte Carlo | M-673:Multilevel telescoping estimator | M-674:Sparse grid | M-675:Smolyak construction | M-676:Stochastic collocation | S-827:Two-phase outcome-dependent sampling | S-828:Extreme-outcome sampling | S-829:Residual-dependent sampling | S-830:Two-stage case-control sampling | S-831:Phase-II inclusion probability | S-832:Ascertainment-corrected likelihood | S-833:Two-phase inverse-probability weighting | S-834:Augmented two-phase estimator | S-835:Calibration of phase-II weights | S-836:Two-phase multiple imputation | S-837:Validation subsample design | S-838:Optimal phase-II allocation | S-839:Nested exposure case-control | S-840:Phase-I information recovery | S-859:Computerized adaptive testing | M-638:Leverage-score sampling	M-669:Numerical integration | M-670:Unit cube / measure space | M-671:Randomized deterministic design | M-672:Nested numerical resolutions | M-673:Coupled approximation levels | M-674:Moderate-dimensional approximation | M-675:Sparse tensor approximation | M-676:Parametric uncertainty | S-827:Costly measurement | S-828:Continuous response | S-829:Auxiliary outcome model | S-830:Rare disease/exposure | S-831:Unequal sampling | S-832:Biased ascertainment | S-833:Known inclusion probabilities | S-834:Auxiliary variables | S-835:Auxiliary population information | S-836:Missing-by-design variable | S-837:Measurement error | S-838:Fixed measurement budget | S-839:Rare dynamic exposure | S-840:Two-phase design | S-859:Sequential testing | M-638:Low-rank linear algebra			structural_relation	observation_measurement;control_decision;robustness_error	observation/signal;action/policy	static/unspecified	unspecified	active control/decision	none-explicit	automatic first-pass from canonical family text; manual audit before hard exclusion	S-859 computerized adaptive testing | S-838 optimal phase-II allocation | M-638 leverage-score sampling | M-669–676 adaptive/multilevel methods | S-827–840 two-phase designs		HIGH	M;S
IM-015	TOTAL RESOURCE ≠ ACCESSIBLE RESOURCE ≠ CURRENTLY DEPLOYABLE RESOURCE	pre_saturation_registry	E-661; E-671; E-679; E-804; E-916; P-776; P-879	rehydrated_from_original_interaction_map	E-661:Cash-on-hand state | E-671:Illiquid-asset accumulation | E-679:Unused credit as liquidity insurance | E-804:Cash-collateral control | E-916:Reserve-distribution friction | P-776:Dead-pore shielding | P-879:Loss of active material	E-661:Liquid resources | E-671:Return–liquidity tradeoff | E-679:Credible contingent credit | E-804:Secured collateral | E-916:Heterogeneous banks | P-776:Transport accessibility | P-879:Connectivity/percolation			structural_relation	general_mechanism	resource/flow	static/unspecified	unspecified	mechanism/structural	none-explicit	automatic first-pass from canonical family text; manual audit before hard exclusion	E-661 cash-on-hand | E-671 illiquid asset | E-679 unused credit | E-804 cash collateral | E-916 reserve distribution | P-776 dead-pore shielding | P-879 isolated active material		HIGH	E;P
IM-016	SAME STATE + DIFFERENT AGE → DIFFERENT FUTURE	pre_saturation_registry	M-122; S-280; P-051; P-527; E-160	rehydrated_from_verified_IM016_050_family_table	M-122:Semi-Markov process | S-280:Hidden semi-Markov model | P-051:Aging | P-527:Contact aging | E-160:Hysteresis in unemployment	M-122:Duration dependence | S-280:Duration-dependent latent dynamics | P-051:Broken time-translation invariance | P-527:Stationary contact | E-160:Duration dependence			structural_relation	dynamics_memory;sequential_time	dynamic-state/path	sequential	unspecified	mechanism/structural	none-explicit	automatic first-pass from canonical family text; manual audit before hard exclusion	M-122, S-280, P-051, P-527, E-160	Clock age gerçekten sufficient mı, yoksa hidden accumulated damage/skill/contact state mi taşıyor?	HIGH	E;M;P;S
IM-017	RESET → PRE-RESET HISTORY BECOMES IRRELEVANT	pre_saturation_registry	S-112; S-113; P-130; P-430; M-123	rehydrated_from_verified_IM016_050_family_table	S-112:Renewal process | S-113:Renewal reward | P-130:Stochastic resetting | P-430:Reset-assisted search | M-123:Renewal equation	S-112:IID interarrival baseline | S-113:Regeneration | P-130:Reset protocol | P-430:Broad first-passage times | M-123:Regeneration			structural_relation	sequential_time	feasible-set	sequential	unspecified	mechanism/structural	none-explicit	automatic first-pass from canonical family text; manual audit before hard exclusion	M-123, S-112/113, P-130/430	Full regeneration ile yalnız bir coordinate’in resetlenmesi ayrılmalı	HIGH	M;P;S
IM-018	MACRO SIGNAL DISAPPEARS WHILE MICRO INFORMATION SURVIVES	pre_saturation_registry	P-027; P-062; P-246; S-348; M-007	rehydrated_from_verified_IM016_050_family_table	P-027:Landau damping | P-062:Phase mixing | P-246:Spin echo | S-348:Faithfulness | M-007:Nullspace	P-027:Distribution of velocities/phase mixing | P-062:Distribution of frequencies | P-246:Reversible inhomogeneous dephasing | S-348:Generic causal parameters | M-007:Depends on the operator defining visibility			structural_relation	observation_measurement;information_incentive	observation/signal	static/unspecified	selected/conditioned;strategic/informational	mechanism/structural	none-explicit	automatic first-pass from canonical family text; manual audit before hard exclusion	P-027, P-062, P-246, S-348, M-007	Dissipation mı, projection mı, cancellation/dephasing mi?	HIGH	M;P;S
IM-019	LOCAL THRESHOLD RULE → ITERATE → GLOBAL CLOSURE	pre_saturation_registry	E-419; P-197; M-518	rehydrated_from_verified_IM016_050_family_table	E-419:Threshold social adoption | P-197:Bootstrap percolation | M-518:Closure operator	E-419:Local threshold | P-197:Deterministic threshold rule | M-518:Extensive + monotone + idempotent			structural_relation	general_mechanism	generic	static/unspecified	unspecified	mechanism/structural	local	automatic first-pass from canonical family text; manual audit before hard exclusion	E-419, P-197, M-518	Activation irreversible ise bootstrap-like; reversible/strategic ise başka family	HIGH	E;M;P
IM-020	SEARCH MODE = DETECT VS RELOCATE	pre_saturation_registry	E-245; E-246; E-479; P-429	rehydrated_from_verified_IM016_050_family_table	E-245:Directed search | E-246:On-the-job search | E-479:Search reservation price | P-429:Intermittent search	E-245:Search submarkets | E-246:Search while employed | E-479:Search cost | P-429:Two-mode search			detect	observation_measurement	generic	static/unspecified	unspecified	passive inference/diagnostic	none-explicit	automatic first-pass from canonical family text; manual audit before hard exclusion	E-479, E-245/246, P-429	Search cost/stop rule ile physical blind-fast relocation aynı şey değil; ortak subgraph mode allocation	HIGH	E;P
IM-021	WHO GETS VERIFIED DEPENDS ON FIRST SIGNAL → VERIFIED DATA BECOMES SELECTED	pre_saturation_registry	S-968; S-969; E-411; E-412	rehydrated_from_verified_IM016_050_family_table	S-968:Partial verification bias | S-969:Differential verification | E-411:Costly state verification | E-412:Verification-triggered contract	S-968:Selective verification | S-969:Multiple reference standards | E-411:Verification technology | E-412:Auditing costs			select	observation_measurement	observation/signal	static/unspecified	selected/conditioned;strategic/informational	mechanism/structural	none-explicit	automatic first-pass from canonical family text; manual audit before hard exclusion	S-968/969, E-411/412	Verification economics için control; statistics için observation mechanism	HIGH	E;S
IM-022	REPEAT WEAK CHECKS → WRONG TYPES EXIT → DISCRIMINATION AMPLIFIES	pre_saturation_registry	S-037; P-460; E-248	rehydrated_from_verified_IM016_050_family_table	S-037:Sequential probability ratio test | P-460:Kinetic proofreading cascade | E-248:Probationary screening	S-037:Error-rate guarantees under model | P-460:Nonequilibrium verification | E-248:Learning + firing option			structural_relation	general_mechanism	generic	static/unspecified	unspecified	mechanism/structural	none-explicit	automatic first-pass from canonical family text; manual audit before hard exclusion	S-037, P-460, E-248	Statistical evidence, irreversible chemical checking ve strategic worker behavior ayrılmalı	HIGH	E;P;S
IM-023	GLOBAL RATE = CURRENT RATE-LIMITING LAYER	pre_saturation_registry	P-467; P-468; M-048; P-360; P-758; E-514; S-960	rehydrated_from_verified_IM016_050_family_table	P-467:Diffusion-limited reaction | P-468:Reaction-limited regime | M-048:Min-cut duality | P-360:Interface-controlled kinetics | P-758:Nucleation-versus-propagation control | E-514:Bottleneck-input mechanism | S-960:Reference-sample bottleneck	P-467:Transport bottleneck | P-468:Kinetic bottleneck | M-048:Network-flow assumptions | P-360:Moving interface bottleneck | P-758:Competing kinetic bottlenecks | E-514:Strong complementarity | S-960:Data fusion			structural_relation	general_mechanism	generic	static/unspecified	unspecified	mechanism/structural	none-explicit	automatic first-pass from canonical family text; manual audit before hard exclusion	M-048, P-360, P-467/468, P-758, E-514, S-960	Bottleneck sabit değil; regime değişince transport→reaction→interface→anchor arasında taşınabilir	HIGH	E;M;P;S
IM-024	FIRST EXIT DESTROYS/ALTERS OTHER POSSIBLE EXITS	pre_saturation_registry	S-024; S-305; E-542; E-551; P-960	rehydrated_from_verified_IM016_050_family_table	S-024:Competing risks | S-305:Semi-competing risks | E-542:Mortgage prepayment option | E-551:Double-trigger mortgage default | P-960:Excitation-pathway competition	S-024:Events interfere with observability | S-305:Asymmetric terminal event | E-542:Callable-by-borrower debt | E-551:Household liquidity + collateral | P-960:Finite-lifetime excited state			structural_relation	general_mechanism	generic	static/unspecified	lossy/garbled	mechanism/structural	none-explicit	automatic first-pass from canonical family text; manual audit before hard exclusion	S-024/305, P-960, E-542/551	Symmetric competing risks ile one-way terminal event ayrılmalı	HIGH	E;P;S
IM-025	FIXED TOTAL → EVERY INCREASE MUST BE AN EXCHANGE	pre_saturation_registry	M-787; M-789; S-521; S-529; E-633; E-635	rehydrated_from_verified_IM016_050_family_table	M-787:M-convex function | M-789:Exchange axiom for M-convexity | S-521:Compositional data simplex | S-529:Subcompositional coherence | E-633:Regional quota | E-635:Flexible allotment	M-787:Conserved integer resource | M-789:Discrete allocation | S-521:Positive parts summing to constant | S-529:Composition subset | E-633:Cross-institution constraint | E-635:Cross-division constraint			structural_relation	general_mechanism	generic	static/unspecified	unspecified	mechanism/structural	none-explicit	automatic first-pass from canonical family text; manual audit before hard exclusion	M-787/789, S-521/529, E-633/635	Observed dependence genuine interaction değil constraint-induced olabilir	HIGH	E;M;S
IM-026	NOMINAL REDUNDANCY ≠ EFFECTIVE REDUNDANCY	pre_saturation_registry	S-505; S-520; M-278; E-508	rehydrated_from_verified_IM016_050_family_table	S-505:Cluster sampling | S-520:Dual-frame sampling | M-278:Fountain code | E-508:Multisourcing redundancy	S-505:Within-cluster dependence | S-520:Multiple sampling frames | M-278:Rateless erasure setting | E-508:Spare sourcing capacity			structural_relation	general_mechanism	generic	static/unspecified	unspecified	mechanism/structural	none-explicit	automatic first-pass from canonical family text; manual audit before hard exclusion	M-278, E-508, S-505/520	Copies independent fail ediyorsa redundancy güçlü; aynı shock’u paylaşıyorsa nearly fake	HIGH	E;M;S
IM-027	CHEAP COARSE MANY + EXPENSIVE FINE FEW + CORRECTION	pre_saturation_registry	M-672; M-673; S-827; S-829; S-837	rehydrated_from_verified_IM016_050_family_table	M-672:Multilevel Monte Carlo | M-673:Multilevel telescoping estimator | S-827:Two-phase outcome-dependent sampling | S-829:Residual-dependent sampling | S-837:Validation subsample design	M-672:Nested numerical resolutions | M-673:Coupled approximation levels | S-827:Costly measurement | S-829:Auxiliary outcome model | S-837:Measurement error			structural_relation	representation	generic	static/unspecified	unspecified	mechanism/structural	none-explicit	automatic first-pass from canonical family text; manual audit before hard exclusion	M-672/673, S-827/829/837	MLMC telescoping identity ile two-phase sampling/IPW algebra’sı farklı	HIGH	M;S
IM-028	HIGH-RATE TYPES EXIT FIRST → SURVIVORS LOOK SLOWER	pre_saturation_registry	S-035; E-546; P-050	rehydrated_from_verified_IM016_050_family_table	S-035:Frailty model | E-546:Prepayment burnout | P-050:Stretched exponential relaxation	S-035:Latent random effects | E-546:Borrower heterogeneity | P-050:Heterogeneous relaxation			structural_relation	general_mechanism	generic	multiscale	selected/conditioned	mechanism/structural	none-explicit	automatic first-pass from canonical family text; manual audit before hard exclusion	S-035, E-546, P-050 near	Individual dynamics değişmeden aggregate dynamics değişebilir	HIGH	E;P;S
IM-029	REDUNDANT RELATIONS → VIOLATION PATTERN LOCATES ERROR	pre_saturation_registry	M-263; M-264; E-787; E-791; S-976	rehydrated_from_verified_IM016_050_family_table	M-263:Syndrome decoding | M-264:Parity check | E-787:Third-party information reporting | E-791:VAT invoice-credit chain | S-976:Imperfect-test repeated measurement	M-263:Linear code | M-264:Algebraic redundancy | E-787:Verifiable counterparty data | E-791:Business-to-business VAT | S-976:Replicate tests			structural_relation	robustness_error	generic	static/unspecified	unspecified	mechanism/structural	none-explicit	automatic first-pass from canonical family text; manual audit before hard exclusion	M-263/264, E-787/791, S-976	Independent records/check equations gerekiyor; copied evidence işe yaramaz	HIGH	E;M;S
IM-030	WEAK/SACRIFICIAL LAYER FAILS FIRST TO SAVE CORE	pre_saturation_registry	E-288; E-982; E-564; P-500	rehydrated_from_verified_IM016_050_family_table	E-288:Stop-loss contract | E-982:Deductible | E-564:Countercyclical capital buffer | P-500:Sacrificial-bond toughening	E-288:Tail protection | E-982:Partial risk sharing | E-564:Macroprudential cycle | P-500:Hierarchical material			structural_relation	general_mechanism	generic	static/unspecified	unspecified	mechanism/structural	none-explicit	automatic first-pass from canonical family text; manual audit before hard exclusion	P-500, E-288/982/564	Physical energy absorption, contractual loss allocation ve capital buffer farklı shells	HIGH	E;P
IM-031	SAME ENDPOINTS + DIFFERENT ORDER → DIFFERENT RESULT	pre_saturation_registry	M-389; M-393; E-039; E-194; P-010	rehydrated_from_verified_IM016_050_family_table	M-389:Lie bracket | M-393:Path signature | E-039:Switching cost | E-194:Path dependence | P-010:Hysteresis	M-389:Noncommuting vector fields | M-393:Bounded variation/rough paths | E-039:Lock-in/path dependence | E-194:Increasing returns | P-010:Memory/path dependence			structural_relation	general_mechanism	generic	static/unspecified	unspecified	mechanism/structural	none-explicit	automatic first-pass from canonical family text; manual audit before hard exclusion	M-389/393, P-010, E-039/194	Noncommuting operations, physical memory ve institutional lock-in ayrılmalı	HIGH	E;M;P
IM-032	MISSING OBSERVATIONS + STRUCTURE → RECONSTRUCTION POSSIBLE	pre_saturation_registry	M-173; M-175; S-356	rehydrated_from_verified_IM016_050_family_table	M-173:Phase retrieval | M-175:Matrix completion | S-356:Matrix-completion counterfactual	M-173:Nonlinear inverse ambiguity | M-175:Incoherence + low rank | S-356:Structured missingness/low rank			structural_relation	observation_measurement	observation/signal	static/unspecified	unspecified	passive inference/diagnostic	none-explicit	automatic first-pass from canonical family text; manual audit before hard exclusion	M-173/175, S-356	Low rank / phase / support assumptions information’ın yerini doldurur	HIGH	M;S
IM-033	AVERAGE CASE UNTRUSTWORTHY → OPTIMIZE AGAINST ADMISSIBLE WORST CASE	pre_saturation_registry	M-081; M-473; S-109; E-396	rehydrated_from_verified_IM016_050_family_table	M-081:Minimax | M-473:Worst-case expectation over measures | S-109:H∞ filtering | E-396:Ambiguity aversion	M-081:Adversarial/worst-case criterion | M-473:Distributional ambiguity | S-109:Worst-case energy gain | E-396:Unknown probability law			optimize	optimization_constraints;robustness_error;sequential_time	generic	sequential	unspecified	mechanism/structural	none-explicit	automatic first-pass from canonical family text; manual audit before hard exclusion	M-081/473, S-109, E-396	Adversary parameter mı, disturbance mı, probability law mı seçiyor?	HIGH	E;M;S
IM-034	INFORMATION QUALITY IS AN ORDER, NOT ONE SCALAR	pre_saturation_registry	E-404; E-405; M-630; S-008	rehydrated_from_verified_IM016_050_family_table	E-404:Blackwell informativeness | E-405:Garbling | M-630:Le Cam distance mechanism | S-008:Sufficient statistic	E-404:Experiments/signals | E-405:Stochastic information channel | M-630:Statistical experiments | S-008:“Information” is target/model specific			structural_relation	information_incentive	generic	static/unspecified	strategic/informational	mechanism/structural	none-explicit	automatic first-pass from canonical family text; manual audit before hard exclusion	E-404/405, M-630, S-008	Garbling relation varsa universal dominance; yoksa informativeness decision-specific	HIGH	E;M;S
IM-035	OBSERVATION CAN BE A SET, NOT A POINT	pre_saturation_registry	S-861; S-880; M-008; M-511; E-408	rehydrated_from_verified_IM016_050_family_table	S-861:Coarsened observation | S-880:Coarsening-resolution hierarchy | M-008:Quotient | M-511:Coequalizer | E-408:Crawford–Sobel partition	S-861:Set-valued observation | S-880:General incomplete data | M-008:Equivalence relation must respect subsequent operations | M-511:Identification | E-408:Preference misalignment			structural_relation	observation_measurement	feasible-set;observation/signal	static/unspecified	unspecified	passive inference/diagnostic	none-explicit	automatic first-pass from canonical family text; manual audit before hard exclusion	S-861/880, E-408, M-008/511	Random coarsening, strategic coarse disclosure ve mathematical quotient ayrı	HIGH	E;M;S
IM-036	UNUSED LOCAL BUDGET CAN BE RECYCLED SUBJECT TO GLOBAL RULE	pre_saturation_registry	E-634; E-635; M-545; M-550; S-492	rehydrated_from_verified_IM016_050_family_table	E-634:Reserve system | E-635:Flexible allotment | M-545:Polymatroid | M-550:Polymatroidal flow | S-492:Alpha recycling	E-634:Controlled priority | E-635:Cross-division constraint | M-545:Submodular rank function | M-550:Network congestion structure | S-492:Multiple-testing graph			structural_relation	general_mechanism	generic	static/unspecified	unspecified	mechanism/structural	local	automatic first-pass from canonical family text; manual audit before hard exclusion	S-492, E-634/635, M-545/550	Error budget, physical capacity ve admission quota aynı units değil	HIGH	E;M;S
IM-037	SPEND RESOLUTION WHERE MARGINAL CONSEQUENCE IS LARGE	pre_saturation_registry	M-663; M-668; S-095; S-838; E-360; E-565	rehydrated_from_verified_IM016_050_family_table	M-663:Adaptive mesh refinement | M-668:Local error indicator | S-095:Neyman allocation | S-838:Optimal phase-II allocation | E-360:Systemic importance by network position | E-565:Systemic-risk surcharge	M-663:Spatially localized error | M-668:Decomposable discretization error | S-095:Known/estimated stratum variance | S-838:Fixed measurement budget | E-360:Network contagion | E-565:Systemic importance			structural_relation	general_mechanism	generic	static/unspecified	unspecified	mechanism/structural	none-explicit	automatic first-pass from canonical family text; manual audit before hard exclusion	M-663/668, S-095/838, E-360/565	Error reduction, statistical variance ve systemic damage farklı objective	HIGH	E;M;S
IM-038	FULL OBJECT UNIDENTIFIED, TARGET FUNCTION CAN STILL BE IDENTIFIED	pre_saturation_registry	S-008; S-131; M-428; E-404	rehydrated_from_verified_IM016_050_family_table	S-008:Sufficient statistic | S-131:Partial identification | M-428:Minimal realization | E-404:Blackwell informativeness	S-008:“Information” is target/model specific | S-131:Weak assumptions | M-428:Realization equivalence | E-404:Experiments/signals			structural_relation	identification_causal	generic	static/unspecified	latent/partial	mechanism/structural	none-explicit	automatic first-pass from canonical family text; manual audit before hard exclusion	S-008/131, M-428, E-404	Target-specific sufficiency full-state reconstruction’dan ayrılmalı	HIGH	E;M;S
IM-039	COARSE-GRAIN ONLY IF COARSE STATE HAS CLOSED DYNAMICS	pre_saturation_registry	M-147; M-689; M-026; P-030	rehydrated_from_verified_IM016_050_family_table	M-147:Lumpability | M-689:Semiconjugacy | M-026:Homogenization | P-030:Effective theory	M-147:Transition compatibility | M-689:Many-to-one dynamics map | M-026:Scale separation/ergodicity or structural assumptions | P-030:Scale separation/controlled approximation			structural_relation	representation;dynamics_memory	dynamic-state/path	dynamic	unspecified	mechanism/structural	none-explicit	automatic first-pass from canonical family text; manual audit before hard exclusion	M-147/689, M-026, P-030	Similar-looking microstates lump edilemez; aggregate transition hidden microstate’e bağlıysa closure fails	HIGH	M;P
IM-040	MEASUREMENT POLICY CAN CHANGE THE PROCESS BEING MEASURED	pre_saturation_registry	E-782; E-786; P-242; S-977	rehydrated_from_verified_IM016_050_family_table	E-782:Audit-probability deterrence | E-786:Strategic audit targeting feedback | P-242:Anti-Zeno effect | S-977:Test-order effect	E-782:Credible audits | E-786:Endogenous response | P-242:System-bath spectrum | S-977:Sequential diagnostics			measure	observation_measurement;control_decision	observation/signal;action/policy	static/unspecified	unspecified	information/measurement control	none-explicit	automatic first-pass from canonical family text; manual audit before hard exclusion	P-242, S-977, E-782/786	Quantum backaction, clinical/test intervention, strategic deterrence ayrı causal mechanisms	HIGH	E;P;S
IM-041	REAL STRUCTURE SHOULD SURVIVE ADMISSIBLE SMALL PERTURBATIONS	pre_saturation_registry	M-698; M-983; M-985; S-244; P-219	rehydrated_from_verified_IM016_050_family_table	M-698:Structural stability | M-983:Generic transversality | M-985:Stability under perturbation | S-244:Stability selection | P-219:Topological protection	M-698:Stable dynamical class | M-983:Smooth-map space | M-985:Structural stability | S-244:Repeated subsampling | P-219:Gap/topological invariant			structural_relation	robustness_error	generic	static/unspecified	selected/conditioned	mechanism/structural	none-explicit	automatic first-pass from canonical family text; manual audit before hard exclusion	M-698/983/985, S-244, P-219	“Admissible perturbation” domain-specific; topological robustness ≠ sampling stability	HIGH	M;P;S
IM-042	GLOBAL FAILURE/RATE CAN LIVE AT ONE EXTREME LOCAL REGION	pre_saturation_registry	M-374; P-193; S-190	rehydrated_from_verified_IM016_050_family_table	M-374:Max-flow/min-cut random medium | P-193:Crack-tip singularity | S-190:Peaks over threshold	M-374:Network capacities | P-193:Continuum fracture approximation | S-190:High threshold			structural_relation	general_mechanism	generic	rare-event	unspecified	mechanism/structural	local	automatic first-pass from canonical family text; manual audit before hard exclusion	M-374, P-193, S-190	Weakest cut, crack-tip singularity ve statistical tail different geometries	HIGH	M;P;S
IM-043	STATIONARY MACRO STATE ≠ ZERO INTERNAL FLOW	pre_saturation_registry	P-122; P-123; P-457; M-498	rehydrated_from_verified_IM016_050_family_table	P-122:Probability current | P-123:Nonequilibrium steady state | P-457:Cycle current | M-498:Discrete Hodge decomposition	P-122:Nonequilibrium steady state | P-123:Open driven system | P-457:Broken detailed balance | M-498:Oriented graph/complex			structural_relation	dynamics_memory	dynamic-state/path;resource/flow	dynamic	unspecified	mechanism/structural	none-explicit	automatic first-pass from canonical family text; manual audit before hard exclusion	P-122/123/457, M-498	Equilibrium, nonequilibrium steady state ve balanced circulation ayrılmalı	HIGH	M;P
IM-044	SAME AGGREGATE AMOUNT ≠ SAME FUNCTIONAL STATE	pre_saturation_registry	P-780; E-738; E-916	rehydrated_from_verified_IM016_050_family_table	P-780:Pore-scale→Darcy-scale closure failure | E-738:Capital vintage composition | E-916:Reserve-distribution friction	P-780:Strong evolving heterogeneity | E-738:Heterogeneous vintages | E-916:Heterogeneous banks			structural_relation	dynamics_memory	dynamic-state/path	static/unspecified	unspecified	mechanism/structural	none-explicit	automatic first-pass from canonical family text; manual audit before hard exclusion	P-780, E-738, E-916	Geometry, vintage composition veya holder distribution aggregate scalar’da kaybolabilir	HIGH	E;P
IM-045	MANY UNITS ≠ AUTOMATIC SELF-AVERAGING	pre_saturation_registry	P-154; P-156; M-154; E-515	rehydrated_from_verified_IM016_050_family_table	P-154:Rare-region effect | P-156:Non-self-averaging | M-154:Law of large numbers for fields | E-515:Granular origin of aggregate fluctuations	P-154:Disorder/extreme heterogeneity | P-156:Disorder/criticality | M-154:Weak dependence | E-515:Fat-tailed firm size/network influence			structural_relation	general_mechanism	generic	static/unspecified	unspecified	mechanism/structural	none-explicit	automatic first-pass from canonical family text; manual audit before hard exclusion	M-154, P-154/156, E-515	Heavy weights, rare regions, quenched disorder veya concentration LLN intuition’ını bozabilir	HIGH	E;M;P
IM-046	AGGREGATE RESPONSE = WHO ACTS + HOW MUCH ACTORS ACT	pre_saturation_registry	E-586; E-587; S-197	rehydrated_from_verified_IM016_050_family_table	E-586:Extensive margin of price adjustment | E-587:Intensive margin of price adjustment | S-197:Hurdle model	E-586:Adjustment frequency | E-587:Adjustment size | S-197:Two-stage process			structural_relation	general_mechanism	generic	static/unspecified	unspecified	mechanism/structural	none-explicit	automatic first-pass from canonical family text; manual audit before hard exclusion	S-197, E-586/587	Extensive margin ve intensive margin tek mean change’e collapse edilmemeli	HIGH	E;S
IM-047	OBSERVED ZERO HAS MULTIPLE CAUSAL MECHANISMS	pre_saturation_registry	S-196; S-534; S-535; P-320; P-690; M-007; E-660	rehydrated_from_verified_IM016_050_family_table	S-196:Zero-inflated model | S-534:Structural zero | S-535:Rounded/measurement zero | P-320:Fano antiresonance | P-690:Antiresonant response | M-007:Nullspace | E-660:Renewable curtailment	S-196:Mixture structure | S-534:Zero-generating mechanism | S-535:Censoring/detection | P-320:Coherent path interference | P-690:Coupled oscillators | M-007:Depends on the operator defining visibility | E-660:Grid feasibility			observe	observation_measurement;identification_causal	observation/signal	static/unspecified	unspecified	passive inference/diagnostic	none-explicit	automatic first-pass from canonical family text; manual audit before hard exclusion	S-196/534/535, P-320/690, M-007, E-660	Impossible, absent, below detection, cancelled, blocked ayrı states	HIGH	E;M;P;S
IM-048	STARTING A PROCESS ≠ CONTINUING THE PROCESS	pre_saturation_registry	P-533; P-758; S-197; E-651	rehydrated_from_verified_IM016_050_family_table	P-533:Frictional nucleation length | P-758:Nucleation-versus-propagation control | S-197:Hurdle model | E-651:Startup-cost nonconvexity	P-533:Elastic stiffness + friction weakening | P-758:Competing kinetic bottlenecks | S-197:Two-stage process | E-651:Thermal generation			structural_relation	general_mechanism	generic	static/unspecified	unspecified	mechanism/structural	none-explicit	automatic first-pass from canonical family text; manual audit before hard exclusion	S-197, E-651, P-533/758	Hurdle/startup/nucleation barrier aşıldıktan sonraki marginal dynamics başka law olabilir	HIGH	E;P;S
IM-049	SELECTION CAN IMPROVE AGGREGATE WITHOUT ANY UNIT IMPROVING	pre_saturation_registry	E-243; S-035; E-546	rehydrated_from_verified_IM016_050_family_table	E-243:Selection through exit | S-035:Frailty model | E-546:Prepayment burnout	E-243:Entry/exit | S-035:Latent random effects | E-546:Borrower heterogeneity			select	general_mechanism	generic	static/unspecified	selected/conditioned	mechanism/structural	none-explicit	automatic first-pass from canonical family text; manual audit before hard exclusion	E-243, S-035, E-546	Within-unit change ile composition/exit effect ayrı decomposition gerektirir	HIGH	E;S
IM-050	COARSE AVERAGE CAN LOSE THE VARIABLE THAT ACTUALLY CLOSES THE DYNAMICS	pre_saturation_registry	M-147; M-689; E-916; E-738; P-780	rehydrated_from_verified_IM016_050_family_table	M-147:Lumpability | M-689:Semiconjugacy | E-916:Reserve-distribution friction | E-738:Capital vintage composition | P-780:Pore-scale→Darcy-scale closure failure	M-147:Transition compatibility | M-689:Many-to-one dynamics map | E-916:Heterogeneous banks | E-738:Heterogeneous vintages | P-780:Strong evolving heterogeneity			structural_relation	representation;dynamics_memory;sequential_time	dynamic-state/path	sequential;dynamic	unspecified	mechanism/structural	none-explicit	automatic first-pass from canonical family text; manual audit before hard exclusion	P-780, M-147/689, E-916/738	Sufficient coarse variable ile visually convenient aggregate aynı şey değildir	HIGH	E;M;P
IM-051	CONTROL CHANGES FASTER THAN SYSTEM CAN RELAX → PROTOCOL SELECTS FINAL STATE	pre_saturation_registry	P-918	rehydrated_from_donor_generation_pass_high_confidence	P-918:Field-ramp-rate trapping	P-918:Finite relaxation time			control→select→relax	control_decision;dynamics_memory	dynamic-state/path;action/policy	dynamic;multiscale	selected/conditioned	active control/decision	none-explicit	automatic first-pass from canonical family text; manual audit before hard exclusion	P-918 donor-generation primitive: CONTROL-RATE / RELAXATION-RATE → SELECT-FINAL-STATE	protocol dependence: final value vs ramp rate/relaxation	HIGH	P
IM-052	NO IMPROVING LOCAL EXCHANGE → GLOBAL OPTIMUM ONLY UNDER SPECIAL EXCHANGE GEOMETRY	pre_saturation_registry	M-787; M-788; M-789; M-790; M-791; M-792; M-793; M-794	rehydrated_from_donor_generation_pass_high_confidence	M-787:M-convex function | M-788:$M^\natural$-convexity | M-789:Exchange axiom for M-convexity | M-790:Valuated matroid | M-791:Discrete conjugacy | M-792:Discrete subgradient | M-793:Local-to-global optimality for M-convexity | M-794:Steepest-descent exchange	M-787:Conserved integer resource | M-788:Variable total resource | M-789:Discrete allocation | M-790:Matroid bases | M-791:Integer convex duality | M-792:Discrete convex function | M-793:M-convex landscape | M-794:Exchange neighborhood			structural_relation	optimization_constraints	generic	static/unspecified	unspecified	mechanism/structural	local	automatic first-pass from canonical family text; manual audit before hard exclusion	M-787–794 discrete-convex exchange family; M-793 is the local→global certificate anchor	local exchange is globally certifying only under M-convex/exchange geometry	HIGH	M
IM-053	FORBIDDEN/UNAVAILABLE COARSE STATE CAN BE REALIZED BY FAST OR RANDOM MICRO-MIXTURE	pre_saturation_registry	M-834; M-838	rehydrated_from_donor_generation_pass_high_confidence	M-834:Laminate measure | M-838:Oscillation-generated relaxation	M-834:Fine-scale mixtures | M-838:Scale separation			structural_relation	representation;dynamics_memory	dynamic-state/path	multiscale	unspecified	mechanism/structural	probabilistic	automatic first-pass from canonical family text; manual audit before hard exclusion	M-834 laminate measure + M-838 oscillation-generated relaxation; broader M-832–838 relaxation family	macrostate may be forbidden while compatible fine-scale mixtures/oscillations realize its coarse value	HIGH	M
IM-054	FREEZE NUISANCE INFORMATION → MOVE ONLY INSIDE REMAINING FIBER	pre_saturation_registry	S-770; S-771	rehydrated_from_donor_generation_pass_high_confidence	S-770:Conditional sample space | S-771:Nuisance elimination by conditioning	S-770:Conditional inference | S-771:Exponential-family structure			structural_relation	estimation_learning;information_incentive	generic	static/unspecified	strategic/informational	mechanism/structural	none-explicit	automatic first-pass from canonical family text; manual audit before hard exclusion	S-770/771 conditional-inference primitive: FREEZE-NUISANCE → INFER-FROM-REMAINING-VARIATION	conditioning requires nuisance-sufficient / valid conditional fiber structure	HIGH	S
IM-055	CONTINUOUS DESIRE/FORCE → DEAD ZONE → THRESHOLD → LUMPY MOVE	pre_saturation_registry	E-728; E-729	rehydrated_from_donor_generation_pass_high_confidence	E-728:Investment inaction region | E-729:Investment spike	E-728:Fixed costs | E-729:Lumpy investment			structural_relation	general_mechanism	generic	static/unspecified	unspecified	mechanism/structural	none-explicit	automatic first-pass from canonical family text; manual audit before hard exclusion	E-728/729 primitive: CONTINUOUS DESIRE → DEAD ZONE → DISCRETE CORRECTION	fixed/nonconvex adjustment costs create inaction band and lumpy action	HIGH	E
IM-056	CLUSTERING DOES NOT IDENTIFY THE INTERACTION THAT CREATED IT	pre_saturation_registry	S-602; S-603; S-608; S-612	rehydrated_from_donor_generation_pass_high_confidence	S-602:Inhomogeneous Poisson process | S-603:Log-Gaussian Cox process | S-608:Gibbs point process | S-612:Pair-correlation function	S-602:Spatially varying intensity | S-603:Latent intensity field | S-608:Interacting point pattern | S-612:Second-order spatial dependence			identify	identification_causal;control_decision	action/policy	static/unspecified	unspecified	active control/decision	none-explicit	automatic first-pass from canonical family text; manual audit before hard exclusion	S-602/603 latent intensity vs S-608 direct interaction; S-612 second-order diagnostic	clustering can arise from heterogeneous intensity or point-point interaction; observational clustering alone does not identify mechanism	HIGH	S
IM-057	LOCAL POSITIVE CLUSTERING FORCE + LARGE-SCALE OPPOSING COST → FINITE CLUSTER SCALE	pre_saturation_registry	P-833; P-834	rehydrated_from_donor_generation_pass_high_confidence	P-833:SALR interaction | P-834:Equilibrium finite-cluster phase	P-833:Competing-range forces | P-834:SALR			structural_relation	general_mechanism	generic	multiscale	support-limited	mechanism/structural	local	automatic first-pass from canonical family text; manual audit before hard exclusion	P-833 SALR interaction + P-834 equilibrium finite-cluster phase	short-range attraction plus longer-range repulsion arrests unlimited coalescence at finite scale	HIGH	P
IM-058	CAPACITY BELONGS TO GROUPS/SUBSETS, NOT NECESSARILY INDIVIDUAL EDGES	pre_saturation_registry	M-545; M-546; M-549; M-550	rehydrated_from_donor_generation_pass_high_confidence	M-545:Polymatroid | M-546:Polymatroid base polytope | M-549:Submodular flow | M-550:Polymatroidal flow	M-545:Submodular rank function | M-546:Continuous allocation | M-549:Network + submodular boundary | M-550:Network congestion structure			structural_relation	optimization_constraints	feasible-set;resource/flow	static/unspecified	unspecified	mechanism/structural	certificate/exact	automatic first-pass from canonical family text; manual audit before hard exclusion	M-545/550 primitive: CAPACITY MAY BELONG TO A COLLECTION, NOT INDIVIDUAL CHANNELS	subset/group capacity constraints and shared incident-edge capacity	HIGH	M
IM-059	REFERENCE MEASUREMENT IS ANOTHER SENSOR, NOT AUTOMATICALLY TRUTH	pre_saturation_registry	S-961; S-967	rehydrated_from_donor_generation_pass_high_confidence	S-961:Imperfect reference standard | S-967:Imperfect-reference bias	S-961:Diagnostic evaluation | S-967:Misclassified reference			measure	observation_measurement	observation/signal	static/unspecified	unspecified	passive inference/diagnostic	none-explicit	automatic first-pass from canonical family text; manual audit before hard exclusion	S-961 imperfect reference standard + S-967 imperfect-reference bias	reference/comparator can itself be fallible; agreement with it is not truth	HIGH	S
IM-060	UNSEEN MASS CAN BE INFERRED FROM PATTERNS OF REPEATED VISIBILITY	pre_saturation_registry	S-801; S-802; S-803	rehydrated_from_donor_generation_pass_high_confidence	S-801:Dual-system estimator | S-802:Capture history | S-803:Never-observed cell	S-801:Closed population + independence benchmark | S-802:Repeated partial observation | S-803:Hidden population			infer	identification_causal	generic	static/unspecified	unspecified	passive inference/diagnostic	none-explicit	automatic first-pass from canonical family text; manual audit before hard exclusion	S-801 dual-system estimator + S-802 capture history + S-803 never-observed cell	hidden population inferred from overlap/repeated visibility under capture-model assumptions	HIGH	S
IM-061	NO RELATION IN AGGREGATE ≠ NO RELATION AT SPECIFIC FREQUENCY/TIMESCALE	pre_saturation_registry	S-549; S-550; S-551; S-552	rehydrated_from_donor_generation_pass_high_confidence	S-549:Cross-spectrum | S-550:Spectral coherence | S-551:Phase spectrum | S-552:Partial coherence	S-549:Bivariate stationary process | S-550:Frequency-specific dependence | S-551:Complex cross-spectrum | S-552:Multivariate stationary process			structural_relation	sequential_time	generic	multiscale	unspecified	mechanism/structural	none-explicit	automatic first-pass from canonical family text; manual audit before hard exclusion	S-549–552 cross-spectrum/coherence family: interaction may exist only at particular timescales	stationarity/frequency-domain shell; aggregate time-domain relation can cancel or hide band-specific dependence	HIGH	S
IM-062	BETTER/FAVORABLE STATE EXISTS ≠ SYSTEM CAN REACH IT	pre_saturation_registry	P-729; P-733	rehydrated_from_donor_generation_pass_high_confidence	P-729:Landau critical velocity | P-733:Vortex nucleation barrier	P-729:Excitation spectrum | P-733:Metastability			structural_relation	dynamics_memory	dynamic-state/path	static/unspecified	unspecified	mechanism/structural	none-explicit	automatic first-pass from canonical family text; manual audit before hard exclusion	P-729/733 distinction: ENERGETICALLY FAVORABLE ≠ DYNAMICALLY ACCESSIBLE	state ranking/favorability is separate from path/barrier accessibility	HIGH	P
IM-063	EARLIEST ARRIVAL, NOT ONLY NEAREST DISTANCE, CAN PARTITION TERRITORY	pre_saturation_registry	M-613	rehydrated_from_donor_generation_pass_high_confidence	M-613:Johnson–Mehl tessellation	M-613:Nucleation-growth geometry			structural_relation	general_mechanism	generic	static/unspecified	unspecified	mechanism/structural	local	automatic first-pass from canonical family text; manual audit before hard exclusion	M-613 Johnson–Mehl primitive: GEOMETRIC-CLOSENESS ≠ EARLIEST-ARRIVAL	arrival depends jointly on distance, birth/start time, and propagation speed	HIGH	M
IM-064	ONE FAILURE REDISTRIBUTES LOAD → SURVIVORS CLOSER TO FAILURE → CASCADE	pre_saturation_registry	P-194; P-195	rehydrated_from_donor_generation_pass_high_confidence	P-194:Fiber-bundle model | P-195:Progressive failure	P-194:Load-sharing rule | P-195:Interaction/load transfer			structural_relation	dynamics_memory	distribution;resource/flow	static/unspecified	selected/conditioned	mechanism/structural	none-explicit	automatic first-pass from canonical family text; manual audit before hard exclusion	P-194 fiber-bundle + P-195 progressive failure	element failure redistributes load; redistribution can trigger secondary failure cascade	HIGH	P
IM-065	CREATE A SECOND PATH SO UNWANTED EFFECT CANCELS	pre_saturation_registry	S-069	rehydrated_from_donor_generation_pass_high_confidence	S-069:Orthogonal score	S-069:Local derivative cancellation			cancel	network_transport	graph/network	static/unspecified	unspecified	mechanism/structural	none-explicit	automatic first-pass from canonical family text; manual audit before hard exclusion	S-069 orthogonal-score primitive: nuisance error reaches target through one path → construct second path → local cancellation	orthogonality/local derivative cancellation shell; not generic interference	HIGH	S
IM-066	SAME OBSERVED DATA + DIFFERENT DATA-GENERATING DESIGN → DIFFERENT VALID INFERENCE	pre_saturation_registry	S-750; S-754; S-760	rehydrated_from_donor_generation_pass_high_confidence	S-750:Covariate-adaptive randomization inference | S-754:Randomization distribution | S-760:Design–analysis compatibility	S-750:Design-aware inference | S-754:Known assignment mechanism | S-760:Experimental design			observe→infer	observation_measurement;identification_causal;certificate_validation	observation/signal	static/unspecified	unspecified	passive inference/diagnostic	none-explicit	automatic first-pass from canonical family text; manual audit before hard exclusion	S-750 adaptive randomization inference + S-754 randomization distribution + S-760 design–analysis compatibility	same observed outcomes/table can require different reference distributions under different assignment/data-generation designs	HIGH	S
IM-067	BLOCK ONE CHANNEL → ACTIVITY REROUTES INTO ANOTHER CHANNEL	pre_saturation_registry	P-771; P-772	rehydrated_from_donor_generation_pass_high_confidence	P-771:Precipitation clogging | P-772:Flow diversion by precipitation	P-771:Supersaturation | P-772:Networked pores			route	network_transport	graph/network	static/unspecified	unspecified	mechanism/structural	none-explicit	automatic first-pass from canonical family text; manual audit before hard exclusion	P-771 precipitation clogging + P-772 flow diversion by precipitation	network has alternate paths; blocked/clogged channel diverts flow rather than simply deleting activity	HIGH	P
IM-068	CURRENT OUTPUT CAN LOOK NORMAL WHILE HIDDEN PIPELINE/RESERVOIR GUARANTEES DIFFERENT FUTURE	pre_saturation_registry	E-739; E-740	rehydrated_from_donor_generation_pass_high_confidence	E-739:Time-to-build capital | E-740:Investment gestation pipeline	E-739:Construction/installation lag | E-740:Multi-stage construction			structural_relation	certificate_validation;sequential_time	latent/information-state	sequential	latent/partial	mechanism/structural	certificate/exact	automatic first-pass from canonical family text; manual audit before hard exclusion	E-739 time-to-build + E-740 investment gestation pipeline	current output can omit committed unfinished pipeline that determines future productive stock	HIGH	E
IM-069	SEVERAL SERVICES/MODES SHARE ONE RESOURCE → ONE STARVES OTHERS	pre_saturation_registry	E-649	rehydrated_from_donor_generation_pass_high_confidence	E-649:Energy–reserve co-optimization	E-649:Shared generation capacity			structural_relation	general_mechanism	resource/flow	static/unspecified	unspecified	mechanism/structural	none-explicit	automatic first-pass from canonical family text; manual audit before hard exclusion	E-649 energy–reserve co-optimization: MULTIPLE SERVICES → SAME UNDERLYING CAPACITY → JOINT OPPORTUNITY COST	services share one physical capacity and cannot each count the full nominal resource	HIGH	E
IM-070	GLOBAL SIZE HUGE; HARDNESS CONTROLLED BY INTERFACE WIDTH	pre_saturation_registry	M-561; M-562; M-574; M-575; M-576	rehydrated_from_donor_generation_pass_high_confidence	M-561:Tree decomposition | M-562:Treewidth | M-574:Dynamic programming on treewidth | M-575:Branch decomposition | M-576:Branchwidth	M-561:Graph decomposition | M-562:Combinatorial width | M-574:Bounded treewidth | M-575:Connectivity decomposition | M-576:Graph connectivity width			control	control_decision	action/policy	static/unspecified	unspecified	active control/decision	none-explicit	automatic first-pass from canonical family text; manual audit before hard exclusion	M-561/562 tree decomposition/treewidth + M-574–576 boundary-state dynamic programming/branchwidth	global problem may be huge while computational hardness is controlled by separator/interface width	HIGH	M
IM-071	VARIABLE CAN BE CAUSED BY YESTERDAY'S ACTION AND CAUSE TOMORROW'S ACTION/OUTCOME	pre_saturation_registry	S-127; S-725	rehydrated_from_donor_generation_evidence_v6	S-127:Marginal structural model | S-725:Time-varying confounder affected by prior treatment	S-127:Sequential exchangeability | S-725:Longitudinal causal feedback			structural_relation	control_decision	action/policy	static/unspecified	unspecified	active control/decision	none-explicit	automatic first-pass from canonical family text; manual audit before hard exclusion	Marginal structural model + time-varying confounder affected by prior treatment	past action can alter a variable that later affects both action and outcome; ordinary adjustment can break causal paths	HIGH	S
IM-072	DON'T SAMPLE TYPICAL PATHS IF QUESTION IS ABOUT ATYPICAL PATH	pre_saturation_registry	S-093; M-115	rehydrated_from_donor_generation_evidence_v6	S-093:Importance sampling | M-115:Large deviations	S-093:Support overlap | M-115:Asymptotic exponential scaling			structural_relation	observation_measurement;network_transport	graph/network;observation/signal	static/unspecified	unspecified	mechanism/structural	none-explicit	automatic first-pass from canonical family text; manual audit before hard exclusion	Importance sampling + large deviations	rare/atypical-path target requires tilted sampling or rare-path geometry rather than typical-path frequency	HIGH	M;S
IM-073	THROW AWAY MOST OF NETWORK BUT PRESERVE BOTTLENECK QUERIES	pre_saturation_registry	M-360; M-577; M-578	rehydrated_from_donor_generation_evidence_v6	M-360:Spectral sparsification | M-577:Gomory–Hu tree | M-578:Cut-equivalent tree	M-360:Weighted graph approximation | M-577:Undirected capacities | M-578:Cut structure			structural_relation	network_transport	graph/network	static/unspecified	unspecified	mechanism/structural	none-explicit	automatic first-pass from canonical family text; manual audit before hard exclusion	Spectral sparsification + Gomory–Hu/cut-equivalent tree	compression is valid only for declared cut/quadratic query families; not arbitrary network behavior	HIGH	M
IM-074	BALANCE MANY CONDITIONS VIA DISCREPANCY CONTROL	pre_saturation_registry	M-581; M-582; M-583; M-584; M-585; M-586	rehydrated_from_donor_generation_evidence_v6	M-581:Set-system discrepancy | M-582:Hereditary discrepancy | M-583:Vector discrepancy | M-584:Beck–Fiala mechanism | M-585:Spencer discrepancy phenomenon | M-586:Partial coloring	M-581:Family of subsets | M-582:All induced subsystems | M-583:Vector relaxation | M-584:Bounded incidence | M-585:High-dimensional set system | M-586:Iterative discrepancy minimization			control→condition	control_decision	action/policy	static/unspecified	unspecified	active control/decision	none-explicit	automatic first-pass from canonical family text; manual audit before hard exclusion	Discrepancy / vector balancing / partial coloring family	simultaneous balance guarantees depend on incidence/geometry; not every many-constraint system admits small discrepancy	HIGH	M
IM-075	DELIBERATELY REMOVE BAD COMPONENT TO IMPROVE SURVIVING SYSTEM	pre_saturation_registry	P-500	rehydrated_from_donor_generation_evidence_v6	P-500:Sacrificial-bond toughening	P-500:Hierarchical material			structural_relation	general_mechanism	generic	static/unspecified	selected/conditioned	mechanism/structural	none-explicit	automatic first-pass from canonical family text; manual audit before hard exclusion	Sacrificial-bond toughening	weak component is intentionally consumed/removed to absorb load and protect the surviving load-bearing structure	HIGH	P
IM-076	FAILURE TO FIND SOLUTION ≠ PROOF NONE EXISTS; SOME FAILURES HAVE SHORT WITNESS	pre_saturation_registry	M-523; M-524	rehydrated_from_donor_generation_evidence_v6	M-523:Farkas lemma | M-524:Alternative theorem	M-523:Linear alternatives | M-524:Linear/conic feasibility			structural_relation	certificate_validation	generic	static/unspecified	unspecified	mechanism/structural	certificate/exact	automatic first-pass from canonical family text; manual audit before hard exclusion	Farkas lemma + alternative theorem	infeasibility can have a short separating/dual certificate under linear/conic structure; search failure alone is not proof	HIGH	M
IM-077	GOOD MODULES + BAD INTERFACE → BAD GLOBAL TRANSFER	pre_saturation_registry	P-300; M-140	rehydrated_from_donor_generation_evidence_v6	P-300:Boundary resistance / Kapitza resistance | M-140:Domain decomposition	P-300:Mode mismatch at interface | M-140:Locality/interface conditions			structural_relation	general_mechanism	generic	static/unspecified	unspecified	mechanism/structural	none-explicit	automatic first-pass from canonical family text; manual audit before hard exclusion	Boundary/Kapitza resistance + domain decomposition	good local modules require compatible interface conditions; interface mismatch can dominate global transfer	HIGH	M;P
IM-078	STATE DETERIORATES → NEW CONSTRAINTS ACTIVATE → FREEDOM FALLS → FURTHER DETERIORATION	pre_saturation_registry	P-680; P-880	rehydrated_from_donor_generation_evidence_v6	P-680:Constraint-rheology mechanism | P-880:Degradation-area feedback	P-680:Dense particulate system | P-880:Coupled degradation			structural_relation	optimization_constraints;dynamics_memory	dynamic-state/path;feasible-set	static/unspecified	unspecified	mechanism/structural	none-explicit	automatic first-pass from canonical family text; manual audit before hard exclusion	Constraint-rheology + degradation-area feedback	constraint activation shrinks accessible configurations; degradation can concentrate load and accelerate further degradation; exact combined loop is a composition	MEDIUM_HIGH	P
IM-079	EVERY LOCAL PIECE CAN WORK WHILE NO GLOBAL OBJECT EXISTS	pre_saturation_registry	M-488; M-489; M-490; M-491; M-492; M-496; M-500	rehydrated_from_donor_generation_evidence_v6	M-488:Sheaf | M-489:Local section | M-490:Gluing axiom | M-491:Sheaf obstruction | M-492:Sheaf cohomology | M-496:Obstruction theory | M-500:Local-to-global consistency principle	M-488:Local-to-global structure | M-489:Sheaf/local domain | M-490:Exact compatibility | M-491:Local compatibility network | M-492:Derived local-to-global structure | M-496:CW/simplicial structures | M-500:Overlap/gluing architecture			structural_relation	general_mechanism	generic	static/unspecified	unspecified	mechanism/structural	local	automatic first-pass from canonical family text; manual audit before hard exclusion	Sheaf/local-to-global obstruction family	local validity is insufficient; overlaps/gluing can fail and obstruction witnesses can certify global inconsistency	HIGH	M
IM-080	PERFORMANCE NOT INTRINSIC TO TEST/MODEL; DEPENDS ON POPULATION SPECTRUM	pre_saturation_registry	S-713	rehydrated_from_donor_generation_evidence_v6	S-713:Spectrum effect	S-713:Population composition			structural_relation	general_mechanism	generic	static/unspecified	unspecified	mechanism/structural	none-explicit	automatic first-pass from canonical family text; manual audit before hard exclusion	Spectrum effect	test/model performance depends on severity/case-mix population spectrum, not only the nominal test	HIGH	S
IM-081	PROXY USEFUL UNTIL DIRECT EVIDENCE ARRIVES; WEIGHT SHOULD FALL	pre_saturation_registry	E-523; E-524	rehydrated_from_donor_generation_evidence_v6	E-523:Employer learning | E-524:Credential-weight decay	E-523:Repeated employment | E-524:Employer learning			structural_relation	general_mechanism	generic	static/unspecified	unspecified	mechanism/structural	none-explicit	automatic first-pass from canonical family text; manual audit before hard exclusion	Employer learning + credential-weight decay	proxy weight should fall as direct performance evidence accumulates	HIGH	E
IM-082	ONE LONG HISTORY NEED NOT REPRESENT MANY PARALLEL REALIZATIONS	pre_saturation_registry	M-335; P-140	rehydrated_from_donor_generation_evidence_v6	M-335:Ergodic theorem | P-140:Weak ergodicity breaking	M-335:Ergodicity | P-140:Heavy-tailed trapping			represent	representation;sequential_time	generic	sequential	unspecified	mechanism/structural	none-explicit	automatic first-pass from canonical family text; manual audit before hard exclusion	Ergodic theorem positive control + weak ergodicity breaking	time average from one long path represents ensemble only under ergodicity-like conditions; heavy trapping can break it	HIGH	M;P
IM-083	ELIMINATING HIDDEN INTERNAL PARTS CAN CREATE EFFECTIVE RESPONSE WITH DIFFERENT SIGN/SHAPE	pre_saturation_registry	M-132; P-682; P-683; P-691	rehydrated_from_donor_generation_evidence_v6	M-132:Schur complement | P-682:Negative effective mass density | P-683:Negative effective bulk modulus | P-691:Resonance-induced effective-parameter sign flip	M-132:Block invertibility | P-682:Locally resonant medium | P-683:Acoustic resonators | P-691:Dispersive resonance			structural_relation	general_mechanism	latent/information-state	static/unspecified	latent/partial	mechanism/structural	none-explicit	automatic first-pass from canonical family text; manual audit before hard exclusion	Schur elimination + hidden resonator effective-sign reversal	eliminating hidden/internal degrees of freedom can alter effective coefficient shape/sign rather than merely average components	HIGH	M;P
IM-084	CONVEX MIXING TOO PERMISSIVE; ONLY COMPATIBLE MICRO-MIXTURES REALIZABLE	pre_saturation_registry	M-832; M-833; M-834; M-835; M-838	rehydrated_from_donor_generation_evidence_v6	M-832:Rank-one convex hull | M-833:Quasiconvex envelope | M-834:Laminate measure | M-835:Gradient differential inclusion | M-838:Oscillation-generated relaxation	M-832:Matrix constraints | M-833:Gradient variational problem | M-834:Fine-scale mixtures | M-835:PDE inclusion | M-838:Scale separation			structural_relation	general_mechanism	feasible-set	static/unspecified	unspecified	mechanism/structural	none-explicit	automatic first-pass from canonical family text; manual audit before hard exclusion	Rank-one/quasiconvex relaxation + laminate/oscillation family	ordinary convex mixtures may be unrealizable; micro-mixtures must satisfy compatibility/gradient geometry	HIGH	M
IM-085	TWO SAFEGUARDS USING SAME FAILURE MODEL ARE NOT INDEPENDENT SAFEGUARDS	pre_saturation_registry	E-561; E-562	rehydrated_from_donor_generation_evidence_v6	E-561:Risk-weighted capital requirement | E-562:Leverage-ratio backstop	E-561:Regulatory risk weights | E-562:Model-independent balance-sheet constraint			structural_relation	general_mechanism	generic	static/unspecified	unspecified	mechanism/structural	none-explicit	automatic first-pass from canonical family text; manual audit before hard exclusion	Risk-weighted capital + leverage-ratio backstop	two controls tied to the same risk model share model-error failure; a backstop using a different observable closes a distinct failure channel	HIGH	E
IM-086	DISCRETE OBSERVED STATES CAN BE CREATED BY OBSERVATION RULE, NOT DISCRETE REAL STATES	pre_saturation_registry	M-681; M-682; M-687; M-689; M-694	rehydrated_from_donor_generation_evidence_v6	M-681:Symbolic coding | M-682:Itinerary | M-687:Markov partition | M-689:Semiconjugacy | M-694:Generating partition	M-681:Partitioned state space | M-682:Dynamical partition | M-687:Hyperbolic dynamics | M-689:Many-to-one dynamics map | M-694:Measure dynamics			observe	observation_measurement;dynamics_memory	dynamic-state/path;observation/signal	static/unspecified	unspecified	passive inference/diagnostic	none-explicit	automatic first-pass from canonical family text; manual audit before hard exclusion	Symbolic coding / Markov partition / semiconjugacy	discrete observed labels can be imposed by a partition of continuous state; discreteness of code does not imply discrete ontology	HIGH	M
IM-087	A AND B CAN APPEAR TO INTERACT BECAUSE BOTH COUPLE THROUGH A THIRD VARIABLE/MEDIUM	pre_saturation_registry	S-343; S-347; P-249	rehydrated_from_donor_generation_evidence_v6	S-343:Back-door adjustment | S-347:FCI algorithm | P-249:RKKY interaction	S-343:Observed confounders | S-347:Latent confounding | P-249:Mediating electron sea			structural_relation	general_mechanism	generic	static/unspecified	unspecified	mechanism/structural	none-explicit	automatic first-pass from canonical family text; manual audit before hard exclusion	Confounding/common-cause diagnostics + medium-mediated effective interaction	third-variable coupling can create apparent association; a physical mediator can also create a real effective pair interaction—shell must distinguish common cause from mediation	MEDIUM	P;S
IM-088	BOUNDARY IS NOT FIXED; STATE INCLUDES WHERE BOUNDARY IS	pre_saturation_registry	P-355	rehydrated_from_donor_generation_evidence_v6	P-355:Stefan problem	P-355:Moving phase boundary			bound	certificate_validation;dynamics_memory;network_transport	dynamic-state/path	static/unspecified	unspecified	mechanism/structural	bound	automatic first-pass from canonical family text; manual audit before hard exclusion	Stefan moving-boundary problem	boundary location is endogenous state because transport moves the boundary and boundary location changes future transport	HIGH	P
IM-089	COMPLEMENTARY PARTS CANNOT GENERALLY SUBSTITUTE; PARTIAL SUCCESS MAY BE WORTHLESS	pre_saturation_registry	E-501; E-514	rehydrated_from_donor_generation_evidence_v6	E-501:Leontief input complementarity | E-514:Bottleneck-input mechanism	E-501:Near-zero substitution | E-514:Strong complementarity			structural_relation	general_mechanism	generic	static/unspecified	unspecified	mechanism/structural	none-explicit	automatic first-pass from canonical family text; manual audit before hard exclusion	Leontief / bottleneck-input complementarity	indispensable complements have near-zero substitution; extra quantity of one cannot compensate missing other part	HIGH	E
IM-090	A→B AND B→A NEED NOT BE SAME CHANNEL/STRENGTH	pre_saturation_registry	P-699	rehydrated_from_donor_generation_evidence_v6	P-699:Acoustic nonreciprocity by active/time modulation	P-699:Broken reciprocity			structural_relation	network_transport	generic	static/unspecified	unspecified	mechanism/structural	none-explicit	automatic first-pass from canonical family text; manual audit before hard exclusion	Acoustic nonreciprocity	A→B and B→A transfer can differ when reciprocity is broken; direction must be explicit	HIGH	P
IM-091	PATH-SPECIFIC EFFECT MAY BE UNIDENTIFIABLE BECAUSE AN INTERMEDIATE WOULD NEED INCOMPATIBLE STATES	pre_saturation_registry	S-652; S-653	rehydrated_from_donor_generation_evidence_v6	S-652:Path-specific effect | S-653:Recanting-witness obstruction	S-652:Causal DAG | S-653:Conflicting path assignments			structural_relation	identification_causal;dynamics_memory;network_transport	graph/network;dynamic-state/path	static/unspecified	latent/partial	mechanism/structural	none-explicit	automatic first-pass from canonical family text; manual audit before hard exclusion	Path-specific effect + recanting-witness obstruction	same mediator may need incompatible counterfactual states on allowed vs forbidden paths, destroying identification	HIGH	S
IM-092	ACTION CAN CHANGE MACHINE THAT GENERATES FUTURE PREFERENCES/INCENTIVES	pre_saturation_registry	E-020; E-394; E-395	rehydrated_from_donor_generation_evidence_v6	E-020:Learning by doing | E-394:Habit formation | E-395:Rational addiction mechanism	E-020:Experience accumulation | E-394:Consumption memory | E-395:Habit stock dynamics			structural_relation	observation_measurement;control_decision;information_incentive;sequential_time	action/policy	sequential	unspecified	active control/decision	none-explicit	automatic first-pass from canonical family text; manual audit before hard exclusion	Learning-by-doing + habit/rational-addiction dynamics	today's action changes the state that generates future productivity/preferences/incentives	HIGH	E
IM-093	COSTLY INFORMATION + FREE COPYING FROM OUTPUT → PERFECT REVELATION CAN DESTROY INCENTIVE TO CREATE INFO	pre_saturation_registry	E-456; E-457	rehydrated_from_donor_generation_evidence_v6	E-456:Information acquisition externality | E-457:Grossman–Stiglitz mechanism	E-456:Informational markets | E-457:Costly information			structural_relation	information_incentive	generic	static/unspecified	lossy/garbled;strategic/informational	mechanism/structural	none-explicit	automatic first-pass from canonical family text; manual audit before hard exclusion	Information-acquisition externality + Grossman–Stiglitz	costly information revealed through output/price can be copied by free riders, reducing incentive to produce it	HIGH	E
IM-094	LIMITED INFORMATION CAPACITY SHOULD BE SPENT ON DISTINCTIONS THAT CAN CHANGE DECISION	pre_saturation_registry	E-100; E-458	rehydrated_from_donor_generation_evidence_v6	E-100:Rational inattention | E-458:Rational inattention channel capacity	E-100:Information-processing constraint | E-458:Information cost			structural_relation	control_decision;information_incentive	action/policy;resource/flow	static/unspecified	strategic/informational	mechanism/structural	none-explicit	automatic first-pass from canonical family text; manual audit before hard exclusion	Rational inattention + channel-capacity formulation	limited processing budget should be allocated to distinctions with decision value	HIGH	E
IM-095	DECENTRALIZED ACQUISITION OF COMPLEMENTS → EXPOSURE TO USELESS PARTIAL PACKAGES	pre_saturation_registry	E-344; E-345; E-346	rehydrated_from_donor_generation_evidence_v6	E-344:Combinatorial auction | E-345:Package bidding | E-346:Exposure problem	E-344:Complementarity | E-345:Nonadditive valuations | E-346:Complementarity + decentralized auctions			structural_relation	sequential_time	generic	sequential	unspecified	mechanism/structural	none-explicit	automatic first-pass from canonical family text; manual audit before hard exclusion	Combinatorial/package bidding + exposure problem	decentralized acquisition of complements can leave a useless partial package; package mechanism coordinates complementarity	HIGH	E
IM-096	IF POINTWISE OPERATIONS FAIL, DEFINE OBJECT THROUGH HOW SMOOTH TESTS RESPOND	pre_saturation_registry	M-248; M-249; M-250	rehydrated_from_donor_generation_evidence_v6	M-248:Weak solution | M-249:Distribution | M-250:Weak derivative	M-248:Integral formulation | M-249:Generalized function | M-250:Sobolev structure			structural_relation	general_mechanism	generic	static/unspecified	unspecified	mechanism/structural	none-explicit	automatic first-pass from canonical family text; manual audit before hard exclusion	Weak solution / distribution / weak derivative	when pointwise object/derivative fails, define it by integrated action on smooth test functions	HIGH	M
IM-097	MORE INPUT/CAPACITY/FEWER CONSTRAINTS CAN MAKE GLOBAL OUTCOME WORSE	pre_saturation_registry	E-108; E-127; E-206	rehydrated_from_donor_generation_evidence_v6	E-108:Second-best theorem | E-127:Braess paradox | E-206:Jevons paradox	E-108:Multiple interacting wedges | E-127:Noncooperative routing | E-206:Elastic demand/general equilibrium			structural_relation	optimization_constraints	feasible-set;resource/flow	static/unspecified	unspecified	mechanism/structural	none-explicit	automatic first-pass from canonical family text; manual audit before hard exclusion	Second-best + Braess + Jevons counterexamples	more capacity or removal of one constraint can worsen equilibrium/global outcome when responses/interacting distortions are endogenous	MEDIUM_HIGH	E
IM-098	GOOD PASSIVE PREDICTOR NEED NOT BE GOOD INTERVENTION TARGET	pre_saturation_registry	S-657	rehydrated_from_donor_generation_evidence_v6	S-657:Surrogate paradox	S-657:Invalid surrogacy structure			structural_relation	estimation_learning;control_decision	generic	static/unspecified	unspecified	active control/decision	none-explicit	automatic first-pass from canonical family text; manual audit before hard exclusion	Surrogate paradox	a variable can strongly predict outcome yet manipulating it need not improve the true endpoint	HIGH	S
IM-099	NUMBER OF INDEPENDENT TARGETS CANNOT EXCEED EFFECTIVE INDEPENDENT CONTROL DIRECTIONS	pre_saturation_registry	E-109	rehydrated_from_donor_generation_evidence_v6	E-109:Tinbergen rule	E-109:Local controllability/rank			control	control_decision	action/policy	static/unspecified	unspecified	active control/decision	none-explicit	automatic first-pass from canonical family text; manual audit before hard exclusion	Tinbergen rule	independent targets require sufficient independent control directions/instruments; effective control rank is the limiting dimension	HIGH	E
IM-100	UNUSED CAPACITY CAN HAVE VALUE PRECISELY BECAUSE UNUSED NOW	pre_saturation_registry	E-462; E-463; E-464; E-679; E-707	rehydrated_from_donor_generation_evidence_v6	E-462:Yield management | E-463:Booking-limit policy | E-464:Protection level | E-679:Unused credit as liquidity insurance | E-707:Financial slack	E-462:Capacity reservation | E-463:Sequential demand | E-464:Demand uncertainty | E-679:Credible contingent credit | E-707:Future funding option			structural_relation	general_mechanism	resource/flow	static/unspecified	unspecified	mechanism/structural	none-explicit	automatic first-pass from canonical family text; manual audit before hard exclusion	Protection-level / unused-credit / financial-slack option family	unused capacity preserves contingent ability to serve a future high-value/adverse state; value comes from not spending it now	HIGH	E
IM-101	SAME OBJECT CAN AUTOMATICALLY CHANGE ROLE WHEN STATE CROSSES TRIGGER	pre_saturation_registry	E-718; E-775	rehydrated_from_donor_generation_evidence_v7	E-718:Contingent-convertible mechanism | E-775:State-contingent control transfer	E-718:Contractual trigger | E-775:Verifiable performance			structural_relation	dynamics_memory	dynamic-state/path	static/unspecified	unspecified	mechanism/structural	none-explicit	automatic first-pass from canonical family text; manual audit before hard exclusion	Contingent-convertible + state-contingent control transfer	same claim/right changes role automatically when an observable state trigger is crossed	HIGH	E
IM-102	SERIES VS PARALLEL COMPOSITION CHANGES WHICH ERROR TYPE SYSTEM SACRIFICES	pre_saturation_registry	S-718; S-719	rehydrated_from_donor_generation_evidence_v7	S-718:Tests in series | S-719:Tests in parallel	S-718:Sequential AND rule | S-719:OR rule			structural_relation	robustness_error	generic	static/unspecified	unspecified	mechanism/structural	none-explicit	automatic first-pass from canonical family text; manual audit before hard exclusion	Tests in series vs tests in parallel	AND/series raises specificity at sensitivity cost; OR/parallel raises sensitivity at specificity cost	HIGH	S
IM-103	AVAILABILITY/READINESS ≠ CURRENT UTILIZATION	pre_saturation_registry	E-250; E-646; E-679	rehydrated_from_donor_generation_evidence_v7	E-250:Labor hoarding | E-646:Capacity market | E-679:Unused credit as liquidity insurance	E-250:Rehiring/training costs | E-646:Resource adequacy | E-679:Credible contingent credit			structural_relation	general_mechanism	generic	static/unspecified	unspecified	mechanism/structural	none-explicit	automatic first-pass from canonical family text; manual audit before hard exclusion	Labor hoarding + capacity market + unused credit	resource can be available/ready while currently underutilized; readiness is a state variable distinct from current flow	HIGH	E
IM-104	WHAT YOU CAN DISTINGUISH DETERMINED BY CLASS OF QUESTIONS/TESTS	pre_saturation_registry	M-069; M-249; M-463; M-466	rehydrated_from_donor_generation_evidence_v7	M-069:Observability | M-249:Distribution | M-463:Weak convergence | M-466:Characteristic function	M-069:Measurement mapping + dynamics | M-249:Generalized function | M-463:Distributional limit | M-466:Probability law			structural_relation	general_mechanism	generic	static/unspecified	unspecified	mechanism/structural	none-explicit	automatic first-pass from canonical family text; manual audit before hard exclusion	Observability + generalized/test-function representations	distinguishability is relative to the measurement/test class; changing the admissible questions changes equivalence classes	MEDIUM_HIGH	M
IM-105	PASSING RESTRICTED CHECKS ≠ OBJECT CORRECT; VALIDATION HAS BLIND SUBSPACE	pre_saturation_registry	M-007; M-893	rehydrated_from_donor_generation_evidence_v7	M-007:Nullspace | M-893:Vanishing moment	M-007:Depends on the operator defining visibility | M-893:Moment cancellation			structural_relation	certificate_validation	generic	static/unspecified	unspecified	mechanism/structural	none-explicit	automatic first-pass from canonical family text; manual audit before hard exclusion	Nullspace + vanishing-moment checks	restricted tests have a null/blind subspace; passing them cannot certify components they annihilate	HIGH	M
IM-106	WEAKLY VALID OBJECT MAY NOT BE UNIQUE; ADDITIONAL ADMISSIBILITY/COMPARISON RULE MAY DEFINE RIGHT SOLUTION	pre_saturation_registry	M-247; M-248	rehydrated_from_donor_generation_evidence_v7	M-247:Entropy solution | M-248:Weak solution	M-247:Hyperbolic PDE | M-248:Integral formulation			structural_relation	certificate_validation	generic	static/unspecified	unspecified	mechanism/structural	none-explicit	automatic first-pass from canonical family text; manual audit before hard exclusion	Entropy solution selects among multiple weak solutions	weak validity may admit many objects; extra admissibility/entropy/comparison condition selects the physical/right one	HIGH	M
IM-107	WHEN DATA DO NOT POINT-IDENTIFY, CORRECT ANSWER MAY BE LARGE/DISCONNECTED/UNBOUNDED SET	pre_saturation_registry	S-131; S-136; S-447	rehydrated_from_donor_generation_evidence_v7	S-131:Partial identification | S-136:Moment inequalities | S-447:Identification-robust confidence set	S-131:Weak assumptions | S-136:Partial identification | S-447:Weak/nonidentification			identify→bound	identification_causal;certificate_validation;network_transport	feasible-set	static/unspecified	unspecified	mechanism/structural	bound	automatic first-pass from canonical family text; manual audit before hard exclusion	Partial identification + identification-robust confidence sets	when point identification fails, the honest answer can be a large/disconnected/unbounded feasible set	HIGH	S
IM-108	CAN PROVE PROPERTY NEEDED WITHOUT IDENTIFYING HIDDEN COMPONENT	pre_saturation_registry	S-050; S-125; M-255	rehydrated_from_donor_generation_evidence_v7	S-050:C-optimal design | S-125:Targeted maximum likelihood | M-255:Adjoint-weighted residual	S-050:Target functional specified | S-125:Semiparametric model | M-255:Quantity of interest			identify	identification_causal	latent/information-state	static/unspecified	latent/partial	mechanism/structural	none-explicit	automatic first-pass from canonical family text; manual audit before hard exclusion	Target-functional design/estimation + adjoint goal weighting	full hidden state/parameter recovery can be unnecessary when only one property/functional is decision relevant	MEDIUM_HIGH	M;S
IM-109	WEAK/AVERAGE LIMIT NEED NOT SURVIVE NONLINEAR OPERATION	pre_saturation_registry	M-119; M-310; M-463	rehydrated_from_donor_generation_evidence_v7	M-119:Compensated compactness | M-310:Jensen inequality | M-463:Weak convergence	M-119:PDE structure | M-310:Convexity/concavity | M-463:Distributional limit			structural_relation	sequential_time	generic	sequential	selected/conditioned	mechanism/structural	local	automatic first-pass from canonical family text; manual audit before hard exclusion	Weak convergence + compensated compactness/Jensen warning	weak/average limits generally do not commute with nonlinear products/maps without additional structure	HIGH	M
IM-110	FULL OBJECT IDENTIFICATION UNNECESSARY IF RELEVANT TESTS/LOSSES ORDER CANDIDATES SAME WAY	pre_saturation_registry	E-404; E-405; M-630; S-008	rehydrated_from_donor_generation_evidence_v7	E-404:Blackwell informativeness | E-405:Garbling | M-630:Le Cam distance mechanism | S-008:Sufficient statistic	E-404:Experiments/signals | E-405:Stochastic information channel | M-630:Statistical experiments | S-008:“Information” is target/model specific			structural_relation	identification_causal	generic	static/unspecified	unspecified	mechanism/structural	none-explicit	automatic first-pass from canonical family text; manual audit before hard exclusion	Blackwell/garbling + Le Cam + sufficiency	full-object identity is unnecessary when candidates are equivalent for the declared decision/loss/test family	HIGH	E;M;S
IM-111	UNCERTAINTY CAN EXPLODE BECAUSE INVERSE MAP LOSES RANK/CURVATURE, NOT BECAUSE DATA ARE NOISY	pre_saturation_registry	M-017; M-161; M-988	rehydrated_from_donor_generation_evidence_v7	M-017:Singular value decomposition | M-161:Ill-posed inverse problem | M-988:Critical point of map	M-017:Linear map plus metric structure | M-161:Inverse operator instability | M-988:Smooth mapping			structural_relation	robustness_error	generic	static/unspecified	unspecified	mechanism/structural	none-explicit	automatic first-pass from canonical family text; manual audit before hard exclusion	SVD + ill-posed inverse + Jacobian rank loss	uncertainty can blow up because the forward map loses transmitted directions/rank, even with small measurement noise	HIGH	M
IM-112	REGULARIZATION/MAX-ENT SELECTS REPRESENTATIVE; DOES NOT IDENTIFY TRUTH	pre_saturation_registry	M-088; M-089; M-227	rehydrated_from_donor_generation_evidence_v7	M-088:Regularization | M-089:Tikhonov regularization | M-227:Maximum entropy	M-088:Bias introduced deliberately | M-089:Inverse problem | M-227:Moment/support constraints			identify→represent→select	representation;identification_causal	generic	static/unspecified	selected/conditioned	mechanism/structural	none-explicit	automatic first-pass from canonical family text; manual audit before hard exclusion	Regularization/Tikhonov/maximum entropy	regularizer or max-entropy rule selects one representative among compatible answers; it does not create identification	HIGH	M
IM-113	DON'T RE-SOLVE; VERIFY CANDIDATE WITH WITNESS IN ANOTHER SPACE	pre_saturation_registry	M-415; M-449	rehydrated_from_donor_generation_evidence_v7	M-415:Dual certificate | M-449:Sparse recovery dual certificate	M-415:Convex duality | M-449:Convex sparse optimization			verify	observation_measurement;certificate_validation	generic	static/unspecified	selected/conditioned	mechanism/structural	certificate/exact	automatic first-pass from canonical family text; manual audit before hard exclusion	Dual and sparse-recovery certificates	verify a candidate by an independently checkable witness in the dual/measurement space rather than re-solving	HIGH	M
IM-114	GLOBAL ILL-CONDITIONING IRRELEVANT IF ADMISSIBLE OBJECTS NEVER MOVE IN BAD DIRECTIONS	pre_saturation_registry	M-445	rehydrated_from_donor_generation_evidence_v7	M-445:Source condition	M-445:Spectral regularity			condition	general_mechanism	generic	static/unspecified	unspecified	mechanism/structural	none-explicit	automatic first-pass from canonical family text; manual audit before hard exclusion	Inverse-problem source condition	global bad directions need not matter if admissible/true objects live in a favorable spectral/source subset	HIGH	M
IM-115	CERTIFY LARGE INTERCONNECTED SYSTEM FROM MODULE-LEVEL INPUT–OUTPUT BUDGETS WITHOUT FULL INTERNAL MODEL	pre_saturation_registry	M-459; M-460	rehydrated_from_donor_generation_evidence_v7	M-459:Dissipativity | M-460:Integral quadratic constraint	M-459:Storage/supply rate | M-460:Robust control			certify	certificate_validation;network_transport	generic	static/unspecified	unspecified	mechanism/structural	certificate/exact	automatic first-pass from canonical family text; manual audit before hard exclusion	Dissipativity + integral quadratic constraints	certify interconnected systems from module-level input-output supply/gain inequalities without full internal models	HIGH	M
IM-116	GUARANTEE HAS SCOPE; GLOBAL/MARGINAL VALIDITY ≠ LOCAL VALIDITY	pre_saturation_registry	S-987; S-988; S-989	rehydrated_from_donor_generation_evidence_v7	S-987:Marginal coverage guarantee | S-988:Marginal ≠ conditional coverage | S-989:Mondrian conformal	S-987:Exchangeability | S-988:Heterogeneous covariates | S-989:Exchangeable within groups			structural_relation	certificate_validation	generic	static/unspecified	unspecified	mechanism/structural	certificate/exact;local	automatic first-pass from canonical family text; manual audit before hard exclusion	Marginal vs conditional conformal coverage	guarantees have scope; population-average validity does not imply every subgroup/local state has same validity	HIGH	S
IM-117	VALIDITY AND USEFULNESS ARE DIFFERENT AXES	pre_saturation_registry	S-997; S-1000; S-716	rehydrated_from_donor_generation_evidence_v7	S-997:Conformal set size | S-1000:Validity–efficiency separation | S-716:Decision-curve analysis	S-997:Efficiency criterion | S-1000:Distribution-free uncertainty | S-716:Decision consequences			structural_relation	certificate_validation	generic	static/unspecified	unspecified	mechanism/structural	none-explicit	automatic first-pass from canonical family text; manual audit before hard exclusion	Conformal set size + validity-efficiency separation + decision curve	formal validity and practical usefulness/informativeness are separate axes	HIGH	S
IM-118	DON'T INSPECT EVERYTHING UNIFORMLY; RANDOMLY PROBE DIRECTIONS REVEALING IMPORTANT SUBSPACE	pre_saturation_registry	M-636; M-638	rehydrated_from_donor_generation_evidence_v7	M-636:Randomized range finder | M-638:Leverage-score sampling	M-636:Approximate low rank | M-638:Low-rank linear algebra			reveal	information_incentive	generic	static/unspecified	unspecified	mechanism/structural	probabilistic	automatic first-pass from canonical family text; manual audit before hard exclusion	Randomized range finding + leverage-score sampling	probe directions nonuniformly/randomly to discover target subspace without inspecting everything	HIGH	M
IM-119	MORE FIT CAN MAKE ESTIMATE WORSE ONCE FITTING NOISE	pre_saturation_registry	M-166; M-446	rehydrated_from_donor_generation_evidence_v7	M-166:Iterative regularization | M-446:Morozov discrepancy stopping	M-166:Early stopping | M-446:Known/estimated noise			structural_relation	estimation_learning;robustness_error	generic	static/unspecified	unspecified	passive inference/diagnostic	none-explicit	automatic first-pass from canonical family text; manual audit before hard exclusion	Iterative regularization + Morozov discrepancy stopping	after residual reaches noise scale, more fit can reconstruct noise and worsen estimate	HIGH	M
IM-120	NUISANCE-REMOVAL TAXONOMY: PROFILE / CONDITION / SUBTRACT / ANNIHILATE / ORTHOGONALIZE	pre_saturation_registry	S-065; S-069; S-124; S-444; S-771	rehydrated_from_donor_generation_evidence_v7	S-065:Fixed effects | S-069:Orthogonal score | S-124:Double machine learning | S-444:Profile likelihood | S-771:Nuisance elimination by conditioning	S-065:Within-unit variation required | S-069:Local derivative cancellation | S-124:High-dimensional nuisance | S-444:Likelihood model | S-771:Exponential-family structure			condition	estimation_learning	generic	static/unspecified	unspecified	mechanism/structural	none-explicit	automatic first-pass from canonical family text; manual audit before hard exclusion	Fixed effects / orthogonal scores / profile likelihood / conditioning	nuisance removal is a taxonomy of distinct operators: subtract, orthogonalize, profile, condition, annihilate	HIGH	S
IM-121	DESIGN EVIDENCE OBJECT TO REMAIN VALID UNDER DATA-DEPENDENT STOPPING	pre_saturation_registry	S-089; S-227; S-395	rehydrated_from_donor_generation_evidence_v7	S-089:E-value | S-227:Anytime-valid inference | S-395:Safe testing	S-089:Sequentially valid evidence | S-227:Sequential validity | S-395:E-values/test martingales			stop	certificate_validation;control_decision	action/policy	sequential	unspecified	active control/decision	none-explicit	automatic first-pass from canonical family text; manual audit before hard exclusion	E-values / anytime-valid / safe testing	construct evidence objects whose validity survives data-dependent stopping/inspection	HIGH	S
IM-122	ROBUSTNESS CAN REQUIRE CHANGING TEST, NOT IMPROVING UNSTABLE ESTIMATOR	pre_saturation_registry	S-141; S-408; S-460	rehydrated_from_donor_generation_evidence_v7	S-141:Median-of-means | S-408:Geometric median-of-means | S-460:Sequential rank test	S-141:Heavy-tail robustness | S-408:Heavy-tailed data | S-460:Ordered observations			structural_relation	estimation_learning;robustness_error	generic	static/unspecified	unspecified	passive inference/diagnostic	none-explicit	automatic first-pass from canonical family text; manual audit before hard exclusion	Median-of-means / geometric MoM / sequential rank test	robustness can come from changing the statistic/test geometry rather than trying to stabilize a fragile estimator	MEDIUM_HIGH	S
IM-123	GUARANTEE RELATIVE TO DATA-GENERATING SYMMETRY; WHEN SYMMETRY BREAKS GUARANTEE MAY NOT TRAVEL	pre_saturation_registry	S-090; S-148; S-998	rehydrated_from_donor_generation_evidence_v7	S-090:Conformal prediction | S-148:Permutation test | S-998:Coverage under covariate shift	S-090:Exchangeability | S-148:Exchangeability under null | S-998:Distribution shift			structural_relation	certificate_validation	generic	static/unspecified	unspecified	mechanism/structural	certificate/exact	automatic first-pass from canonical family text; manual audit before hard exclusion	Conformal/permutation symmetry + covariate-shift failure	validity is relative to an exchangeability/randomization symmetry; when symmetry breaks, guarantee need not transport	HIGH	S
IM-124	SOLVE SAME PROBLEM AFTER SAFELY DELETING WHAT CANNOT MATTER	pre_saturation_registry	M-764	rehydrated_from_donor_generation_evidence_v7	M-764:Kernelization	M-764:Safe reductions			structural_relation	general_mechanism	generic	static/unspecified	unspecified	mechanism/structural	none-explicit	automatic first-pass from canonical family text; manual audit before hard exclusion	Kernelization	safely delete/compress components that cannot affect the declared answer, preserving exact yes/no behavior	HIGH	M
IM-125	KEEP ONLY PARTIAL SOLUTIONS THAT CAN STILL LEAD TO DIFFERENT FUTURES	pre_saturation_registry	M-775	rehydrated_from_donor_generation_evidence_v7	M-775:Representative family	M-775:Matroid/extension structure			structural_relation	sequential_time	generic	sequential	unspecified	mechanism/structural	none-explicit	automatic first-pass from canonical family text; manual audit before hard exclusion	Representative family	retain only partial solutions that differ in future extendability; discard future-equivalent branches	HIGH	M
IM-126	PROBLEM SIZE AND PROBLEM HARDNESS CAN BE DIFFERENT VARIABLES	pre_saturation_registry	M-761; M-763	rehydrated_from_donor_generation_evidence_v7	M-761:Parameterized problem | M-763:Parameter choice	M-761:Two-scale complexity | M-763:Structural complexity			structural_relation	general_mechanism	generic	static/unspecified	unspecified	mechanism/structural	none-explicit	automatic first-pass from canonical family text; manual audit before hard exclusion	Parameterized complexity	nominal input size and structural hardness parameter are different variables	HIGH	M
IM-127	WHEN TWO ACTIONS ALMOST EQUALLY GOOD, ESTIMATED BEST ACTION CAN BE UNSTABLE EVEN IF VALUE IS STABLE	pre_saturation_registry	S-738	rehydrated_from_donor_generation_evidence_v7	S-738:Nonregularity in optimal-regime inference	S-738:Near-zero treatment contrast			structural_relation	estimation_learning;control_decision	action/policy	static/unspecified	unspecified	active control/decision	none-explicit	automatic first-pass from canonical family text; manual audit before hard exclusion	Nonregularity in optimal-regime inference	near-zero action contrast makes estimated argmax flip under tiny noise even when achieved value changes little	HIGH	S
IM-128	DON'T ESTIMATE HIDDEN BIAS; ASK HOW LARGE IT MUST BE TO CHANGE CONCLUSION	pre_saturation_registry	S-134; S-439	rehydrated_from_donor_generation_evidence_v7	S-134:Rosenbaum sensitivity | S-439:Tipping-point sensitivity	S-134:Matched observational studies | S-439:Decision threshold			structural_relation	estimation_learning;robustness_error	latent/information-state	static/unspecified	latent/partial	passive inference/diagnostic	none-explicit	automatic first-pass from canonical family text; manual audit before hard exclusion	Rosenbaum/tipping-point sensitivity	do not pretend hidden bias is identified; solve for the bias strength needed to reverse the decision	HIGH	S
IM-129	ONE ANALYSIS PATH IS NOT THE EVIDENCE; MAP RESULT OVER ALL DEFENSIBLE ANALYSIS PATHS	pre_saturation_registry	S-440	rehydrated_from_donor_generation_evidence_v7	S-440:Specification curve	S-440:Researcher degrees of freedom			structural_relation	network_transport	graph/network	static/unspecified	unspecified	mechanism/structural	none-explicit	automatic first-pass from canonical family text; manual audit before hard exclusion	Specification curve	evidence should be mapped over defensible analysis paths rather than one privileged specification	HIGH	S
IM-130	BAD MODULE SHOULD NOT CONTAMINATE GOOD MODULE THROUGH FEEDBACK	pre_saturation_registry	S-426	rehydrated_from_donor_generation_evidence_v7	S-426:Cut posterior	S-426:Modular Bayes			structural_relation	dynamics_memory	generic	static/unspecified	endogenous-feedback	mechanism/structural	none-explicit	automatic first-pass from canonical family text; manual audit before hard exclusion	Cut posterior / modular Bayes	block feedback from a misspecified module so its error does not contaminate trusted modules	HIGH	S
IM-131	INFORMATION NEED NOT ENTER WITH WEIGHT 0 OR 1; LEARNING RATE CAN BE TEMPERED	pre_saturation_registry	S-430	rehydrated_from_donor_generation_evidence_v8	S-430:Safe Bayes	S-430:Model misspecification			structural_relation	estimation_learning;information_incentive	generic	static/unspecified	strategic/informational	mechanism/structural	none-explicit	automatic first-pass from canonical family text; manual audit before hard exclusion	Safe Bayes	new evidence need not enter with unit learning rate; predictive performance can temper likelihood weight under misspecification	HIGH	S
IM-132	RANDOMLY RECODE PROBLEM SO HIDDEN SMALL STRUCTURE BECOMES EASY TO ISOLATE	pre_saturation_registry	M-772; M-773	rehydrated_from_donor_generation_evidence_v8	M-772:Color coding | M-773:Splitter/perfect-hash derandomization	M-772:Small hidden pattern | M-773:Derandomized pattern finding			structural_relation	general_mechanism	latent/information-state	static/unspecified	latent/partial	mechanism/structural	probabilistic	automatic first-pass from canonical family text; manual audit before hard exclusion	Color coding + splitter/perfect-hash derandomization	randomly recode vertices so a hidden small pattern becomes colorful/separable and therefore easy to isolate algorithmically	HIGH	M
IM-133	NOT EVERY PAIR SHOULD BE FORCED INTO TOTAL RANKING; INCOMPARABILITY CAN BE CORRECT	pre_saturation_registry	M-861	rehydrated_from_donor_generation_evidence_v8	M-861:Partial order	M-861:Ordered set			structural_relation	general_mechanism	generic	static/unspecified	unspecified	mechanism/structural	none-explicit	automatic first-pass from canonical family text; manual audit before hard exclusion	Partial order	forcing every pair into a total ranking destroys genuine incomparability	HIGH	M
IM-134	SMALL SOLUTION AND LARGE OBSTRUCTION CAN BE DUAL DESCRIPTIONS	pre_saturation_registry	M-777; M-216	rehydrated_from_donor_generation_evidence_v8	M-777:Parameterized duality | M-216:Fredholm alternative	M-777:Min-max/FPT structure | M-216:Fredholm operator			structural_relation	optimization_constraints	generic	static/unspecified	unspecified	mechanism/structural	certificate/exact	automatic first-pass from canonical family text; manual audit before hard exclusion	Parameterized duality + Fredholm alternative	small primal solution and a large/dual obstruction can be alternative descriptions of the same feasibility question	HIGH	M
IM-135	SOME PROBLEMS CANNOT BE LOSSLESSLY COMPRESSED TO A SMALL CORE	pre_saturation_registry	M-780	rehydrated_from_donor_generation_evidence_v8	M-780:Kernel lower-bound mechanism	M-780:Preprocessing impossibility			compress	representation	generic	static/unspecified	lossy/garbled	mechanism/structural	none-explicit	automatic first-pass from canonical family text; manual audit before hard exclusion	Kernel lower-bound mechanism	some instances cannot admit a small lossless preprocessing core unless an unlikely complexity collapse occurs	HIGH	M
IM-136	THE INTERACTION GRAPH ITSELF IS A STATE VARIABLE	pre_saturation_registry	E-147; E-520; P-675	rehydrated_from_donor_generation_evidence_v8	E-147:Network formation | E-520:Endogenous network rewiring | P-675:Shear jamming	E-147:Strategic links | E-520:Search/switching costs | P-675:Dense frictional particles			structural_relation	control_decision;dynamics_memory	graph/network;dynamic-state/path;action/policy	static/unspecified	unspecified	active control/decision	none-explicit	automatic first-pass from canonical family text; manual audit before hard exclusion	Network formation + endogenous rewiring + contact-network formation	links/contact topology is endogenous and can change with incentives/shocks/load; the graph is part of the dynamical state	HIGH	E;P
IM-137	A FORBIDDEN TOPOLOGY CHANGE CAN BECOME ALLOWED IN A SPECIAL LAYER AND RELEASE STORED POTENTIAL	pre_saturation_registry	P-508; P-520	rehydrated_from_donor_generation_evidence_v8	P-508:Magnetic reconnection | P-520:Flux freezing	P-508:Nonideal plasma layer | P-520:Ideal MHD			structural_relation	optimization_constraints;network_transport	graph/network	static/unspecified	unspecified	mechanism/structural	none-explicit	automatic first-pass from canonical family text; manual audit before hard exclusion	Magnetic reconnection + flux freezing	topology change is forbidden in the ideal bulk but allowed in a nonideal layer, where stored field energy can be released	HIGH	P
IM-138	A BOTTLENECK CAN BECOME DYNAMICALLY UNSTABLE AND SPLIT INTO A NEW TRANSPORT ARCHITECTURE	pre_saturation_registry	P-510; P-511	rehydrated_from_donor_generation_evidence_v8	P-510:Sweet–Parker bottleneck | P-511:Plasmoid instability	P-510:Laminar resistive MHD | P-511:High Lundquist number			split→transport	dynamics_memory;network_transport	graph/network;dynamic-state/path	dynamic	unspecified	mechanism/structural	none-explicit	automatic first-pass from canonical family text; manual audit before hard exclusion	Sweet-Parker bottleneck + plasmoid instability	a stressed bottleneck can itself become unstable, fragment, and create a new parallel/intermittent transport architecture	HIGH	P
IM-139	CONSERVATION LAWS DEFINE THE MANIFOLD OF POSSIBLE STATES BEFORE DYNAMICS ARE FIT	pre_saturation_registry	P-442; P-443	rehydrated_from_donor_generation_evidence_v8	P-442:Stoichiometric conservation | P-443:Stoichiometric subspace	P-442:Reaction network | P-443:Conservation constraints			structural_relation	estimation_learning;dynamics_memory	dynamic-state/path	dynamic	unspecified	mechanism/structural	none-explicit	automatic first-pass from canonical family text; manual audit before hard exclusion	Stoichiometric conservation + stoichiometric subspace	conservation constraints define the reachable concentration manifold/subspace before fitting kinetics on it	HIGH	P
IM-140	A CONSERVED/ACCUMULATING BURDEN CAN SELF-QUENCH GROWTH UNLESS A BOUNDARY EXPORT CHANNEL REMOVES IT	pre_saturation_registry	P-796; P-798	rehydrated_from_donor_generation_evidence_v8	P-796:Magnetic-helicity constraint | P-798:Helicity-flux relief	P-796:High conductivity | P-798:Open boundaries			bound→conserve	certificate_validation;dynamics_memory;network_transport	generic	static/unspecified	unspecified	mechanism/structural	bound	automatic first-pass from canonical family text; manual audit before hard exclusion	Magnetic-helicity constraint + helicity-flux relief	an accumulating approximately conserved burden can quench growth; exporting it through an open boundary relieves the constraint	HIGH	P
IM-141	TOTAL MATERIAL PRESENT ≠ FUNCTIONALLY CONNECTED/ACTIVE MATERIAL	pre_saturation_registry	P-864; P-879	rehydrated_from_donor_generation_evidence_v8	P-864:Solid-state diffusion limitation | P-879:Loss of active material	P-864:Finite diffusion coefficient | P-879:Connectivity/percolation			structural_relation	network_transport	generic	static/unspecified	unspecified	mechanism/structural	none-explicit	automatic first-pass from canonical family text; manual audit before hard exclusion	Solid-state diffusion limitation + loss of active material	total material can remain present while inaccessible/disconnected material ceases to contribute to current function	HIGH	P
IM-142	REPAIR CAN RESTORE LOCAL FUNCTION WHILE INCREASING CUMULATIVE IRREVERSIBLE DAMAGE	pre_saturation_registry	P-872	rehydrated_from_donor_generation_evidence_v8	P-872:SEI cracking–repair cycle	P-872:Mechanochemical cycling			structural_relation	sequential_time	generic	sequential	unspecified	mechanism/structural	local	automatic first-pass from canonical family text; manual audit before hard exclusion	SEI cracking-repair cycle	repair restores local passivation/function but each repair cycle consumes additional irreversible inventory and can increase cumulative damage/cost	HIGH	P
IM-143	A RULE CAN REDUCE THE REGULATED CATEGORY WHILE THE UNDERLYING FUNCTION MIGRATES ACROSS THE PERIMETER	pre_saturation_registry	E-571; E-573	rehydrated_from_donor_generation_evidence_v8	E-571:Risk-weight arbitrage | E-573:Regulatory perimeter migration	E-571:Rule-sensitive balance sheet | E-573:Uneven regulation			structural_relation	representation	generic	static/unspecified	unspecified	mechanism/structural	none-explicit	automatic first-pass from canonical family text; manual audit before hard exclusion	Risk-weight arbitrage + regulatory-perimeter migration	a rule can shrink the regulated category while the same economic function migrates to another form/channel	HIGH	E
IM-144	HOST/BULK FAILURE DOES NOT NECESSARILY IMPLY FUNCTION FAILURE IF FUNCTION CAN LIVE IN A DIFFERENT LAYER/VEHICLE	pre_saturation_registry	E-580	rehydrated_from_donor_generation_evidence_v8	E-580:Bridge-bank mechanism	E-580:Bank resolution			structural_relation	general_mechanism	generic	static/unspecified	unspecified	mechanism/structural	none-explicit	automatic first-pass from canonical family text; manual audit before hard exclusion	Bridge-bank mechanism	host/legal-entity failure need not destroy the function if critical operations can be moved to another solvent vehicle/layer	HIGH	E
IM-145	CROSSING A DISCRIMINANT CAN CHANGE THE NUMBER/TYPE OF VALID STATES; OLD LOCAL MODEL CLASS NO LONGER EXTRAPOLATES	pre_saturation_registry	M-989; M-990; M-991; M-997	rehydrated_from_donor_generation_evidence_v8	M-989:Critical value / discriminant | M-990:Fold singularity | M-991:Cusp singularity | M-997:Bifurcation/discriminant set	M-989:Singular map | M-990:Generic codimension-1 singularity | M-991:Higher degeneracy | M-997:Parameter family			structural_relation	certificate_validation;dynamics_memory	dynamic-state/path	static/unspecified	unspecified	mechanism/structural	local	automatic first-pass from canonical family text; manual audit before hard exclusion	Discriminant/fold/cusp/bifurcation set	crossing a discriminant changes inverse-solution count/type, so an old local model class cannot be extrapolated across the boundary	HIGH	M
IM-146	A REGION CARRYING ALMOST NO MASS CAN DETERMINE THE SPEED OF THE WHOLE ADVANCING SYSTEM	pre_saturation_registry	P-339	rehydrated_from_donor_generation_evidence_v8	P-339:Pulled front	P-339:Unstable leading edge			structural_relation	general_mechanism	generic	static/unspecified	unspecified	mechanism/structural	none-explicit	automatic first-pass from canonical family text; manual audit before hard exclusion	Pulled front	macroscopic front speed can be selected by an exponentially small leading-edge tail carrying almost no mass	HIGH	P
IM-147	A VANISHINGLY SMALL SUBSET CAN DOMINATE LONG-TIME OR AGGREGATE BEHAVIOR	pre_saturation_registry	P-154	rehydrated_from_donor_generation_evidence_v8	P-154:Rare-region effect	P-154:Disorder/extreme heterogeneity			structural_relation	sequential_time	feasible-set	asymptotic	unspecified	mechanism/structural	none-explicit	automatic first-pass from canonical family text; manual audit before hard exclusion	Rare-region effect	a vanishingly small but atypical subset can dominate aggregate long-time behavior	HIGH	P
IM-148	A VARIABLE CAN BE IRRELEVANT FOR THE MAIN LIMIT YET ESSENTIAL FOR A PARTICULAR OBSERVABLE	pre_saturation_registry	P-159	rehydrated_from_donor_generation_evidence_v8	P-159:Dangerous irrelevant variable	P-159:RG structure			structural_relation	observation_measurement	observation/signal	static/unspecified	unspecified	passive inference/diagnostic	none-explicit	automatic first-pass from canonical family text; manual audit before hard exclusion	Dangerous irrelevant variable	a variable irrelevant for the main scaling limit can remain singularly important for a particular observable	HIGH	P
IM-149	RETURN CONTROL PARAMETERS TO THEIR STARTING VALUES AND STILL ACCUMULATE A NET EFFECT	pre_saturation_registry	P-079; P-331; P-332; P-334; P-335	rehydrated_from_donor_generation_evidence_v8	P-079:Geometric phase | P-331:Topological pumping | P-332:Thouless pump | P-334:Stochastic pump | P-335:Geometric pumping	P-079:Adiabatic/cyclic geometry | P-331:Gap + cyclic path | P-332:Adiabatic topology | P-334:Periodic stochastic driving | P-335:Adiabatic cyclic control			control→accumulate	control_decision	action/policy	static/unspecified	unspecified	active control/decision	none-explicit	automatic first-pass from canonical family text; manual audit before hard exclusion	Geometric phase + topological/stochastic/geometric pumping	return control parameters/local state to their start while a path-dependent cycle accumulates nonzero phase/transport/current	HIGH	P
IM-150	COMPLEX MEMORY CAN SOMETIMES BE REPRESENTED AS MANY SIMPLE THRESHOLD ELEMENTS WITH INTERNAL ON/OFF STATES	pre_saturation_registry	P-184; M-300	rehydrated_from_donor_generation_evidence_v8	P-184:Preisach hysteresis | M-300:Preisach-type operator mathematics	P-184:Hysteron superposition | M-300:Superposed hysterons			represent	representation;dynamics_memory;sequential_time	dynamic-state/path	static/unspecified	unspecified	mechanism/structural	none-explicit	automatic first-pass from canonical family text; manual audit before hard exclusion	Preisach hysteresis / Preisach-type operator	complex path memory can be represented as a superposition/bank of simple threshold hysterons with internal on/off states	HIGH	M;P
IM-151	HISTORY MAY HAVE A STRUCTURED ERASE/RESTORE RULE: RETURN TO AN OLD EXTREMUM CAN RESTORE AN OLD INTERNAL CONFIGURATION	pre_saturation_registry	P-183	rehydrated_from_donor_generation_evidence_v8	P-183:Return-point memory	P-183:Hysteretic ordering			structural_relation	sequential_time	generic	sequential	unspecified	mechanism/structural	none-explicit	automatic first-pass from canonical family text; manual audit before hard exclusion	Return-point memory	returning the input to an earlier extremum can restore a previous internal configuration under hysteretic ordering	HIGH	P
IM-152	MORE SCATTERING/PATHS CAN SUPPRESS TRANSPORT THROUGH COHERENT CANCELLATION RATHER THAN ENHANCE MIXING	pre_saturation_registry	P-172; P-173	rehydrated_from_donor_generation_evidence_v8	P-172:Anderson localization of waves | P-173:Weak localization	P-172:Coherent disorder | P-173:Phase coherence			cancel→transport	network_transport	graph/network	static/unspecified	unspecified	mechanism/structural	none-explicit	automatic first-pass from canonical family text; manual audit before hard exclusion	Anderson localization + weak localization	more scattering paths need not enhance mixing; coherent path interference can suppress diffusion/transport	HIGH	P
IM-153	SMALL DIRECTIONAL ASYMMETRY REPEATED THROUGH THE BULK CAN ACCUMULATE INTO MACROSCOPIC BOUNDARY PILE-UP	pre_saturation_registry	P-329; P-330	rehydrated_from_donor_generation_evidence_v8	P-329:Nonreciprocal interaction | P-330:Non-Hermitian skin effect	P-329:Nonequilibrium interactions | P-330:Non-Hermitian lattice			bound→accumulate	certificate_validation;network_transport	generic	static/unspecified	unspecified	mechanism/structural	bound	automatic first-pass from canonical family text; manual audit before hard exclusion	Nonreciprocal interaction + non-Hermitian skin effect	small directional asymmetry repeated through bulk couplings can accumulate into macroscopic boundary localization/pile-up	HIGH	P
IM-154	DEPENDENCE CAN BE ABSENT AT ONE TAIL SCALE AND PRESENT AT A DEEPER TAIL SCALE	pre_saturation_registry	S-365	rehydrated_from_donor_generation_evidence_v8	S-365:Hidden regular variation	S-365:Multiple tail scales			structural_relation	general_mechanism	generic	multiscale;rare-event	unspecified	mechanism/structural	none-explicit	automatic first-pass from canonical family text; manual audit before hard exclusion	Hidden regular variation	dependence can disappear at the main tail scale yet reappear on a deeper joint-extreme scale	HIGH	S
IM-155	AVERAGE ACTIVITY CAN BE MISLEADING WHEN TRANSPORT/RESPONSE IS CARRIED BY RARE BURSTS OR COHERENT STRUCTURES	pre_saturation_registry	P-164	rehydrated_from_donor_generation_evidence_v8	P-164:Intermittency	P-164:Turbulence/multifractality			transport	network_transport;sequential_time	generic	sequential;rare-event	unspecified	mechanism/structural	none-explicit	automatic first-pass from canonical family text; manual audit before hard exclusion	Intermittency	average activity can hide transport/response concentrated in rare intense bursts or coherent structures	HIGH	P
IM-156	SYMMETRIC RULES CAN PRODUCE AN ASYMMETRIC REALIZED STATE; TINY COORDINATION SIGNALS CAN SELECT WHICH ONE	pre_saturation_registry	P-014; E-155; E-156	rehydrated_from_donor_generation_evidence_v8	P-014:Symmetry breaking | E-155:Coordination on focal point | E-156:Sunspot equilibrium	P-014:Degeneracy/instability | E-155:Multiple equilibria | E-156:Expectations coordination			select	observation_measurement;dynamics_memory	dynamic-state/path;observation/signal	static/unspecified	selected/conditioned;strategic/informational	mechanism/structural	none-explicit	automatic first-pass from canonical family text; manual audit before hard exclusion	Symmetry breaking + focal-point/sunspot coordination	symmetric rules can realize one asymmetric equilibrium/state; even a tiny or fundamentally irrelevant coordination signal can select which one	HIGH	E;P
IM-157	A SYSTEM CAN LOOK STATIONARY ONLY BECAUSE YOU CONDITIONED ON NOT YET HAVING FAILED	pre_saturation_registry	M-148	rehydrated_from_donor_generation_evidence_v8	M-148:Quasi-stationary distribution	M-148:Absorbing dynamics			condition	general_mechanism	generic	static/unspecified	unspecified	mechanism/structural	none-explicit	automatic first-pass from canonical family text; manual audit before hard exclusion	Quasi-stationary distribution	a process can look stationary only after conditioning on absorption/failure not yet having occurred	HIGH	M
IM-158	ABSORPTION CHANGES THE STATE SPACE: AFTER ENTRY, ORDINARY RETURN/ERGODIC LOGIC NO LONGER APPLIES	pre_saturation_registry	M-148; P-141	rehydrated_from_donor_generation_evidence_v8	M-148:Quasi-stationary distribution | P-141:Contact process	M-148:Absorbing dynamics | P-141:Local birth-death			structural_relation	dynamics_memory	dynamic-state/path	static/unspecified	unspecified	mechanism/structural	none-explicit	automatic first-pass from canonical family text; manual audit before hard exclusion	Absorbing dynamics + contact-process die-out	absorption/die-out is a state-space-changing terminal event; post-entry ordinary recurrence/ergodic return logic is no longer the right contract	MEDIUM_HIGH	M;P
IM-159	YOU CAN INFER AN INFINITE/LARGE-SYSTEM TRANSITION FROM HOW FINITE SYSTEMS MOVE WITH SIZE	pre_saturation_registry	P-157	rehydrated_from_donor_generation_evidence_v8	P-157:Finite-size scaling	P-157:Scaling hypothesis			infer	identification_causal;dynamics_memory	generic	dynamic	unspecified	passive inference/diagnostic	none-explicit	automatic first-pass from canonical family text; manual audit before hard exclusion	Finite-size scaling	infer an infinite-system transition from systematic movement/collapse of finite-system observables with size	HIGH	P
IM-160	DIFFERENT MICROSCOPIC SYSTEMS CAN SHARE THE SAME LARGE-SCALE LAW ONLY IF THE RELEVANT STRUCTURAL SHELL MATCHES	pre_saturation_registry	P-158; M-153; M-026; P-030	rehydrated_from_donor_generation_evidence_v8	P-158:Universality | M-153:Hydrodynamic limit | M-026:Homogenization | P-030:Effective theory	P-158:Shared symmetry/dimension/conservation | M-153:Space-time scaling | M-026:Scale separation/ergodicity or structural assumptions | P-030:Scale separation/controlled approximation			structural_relation	general_mechanism	generic	multiscale	unspecified	mechanism/structural	none-explicit	automatic first-pass from canonical family text; manual audit before hard exclusion	Universality + hydrodynamic/homogenized/effective limits	different microscopic systems share one large-scale law only when the relevant symmetry/dimension/conservation/scale-separation shell matches	HIGH	M;P
IM-161	THE CORRECT LAW ITSELF CAN CHANGE WITH SCALE; A PARAMETER FIT IN ONE SCALE NEED NOT EXTRAPOLATE	pre_saturation_registry	P-160	rehydrated from donor-generation mechanism anchor	P-160 Crossover	P-160: Competing fixed points/scales			structural_relation	estimation_learning	generic	multiscale	unspecified	mechanism/structural	none-explicit	automatic first-pass from canonical family text; manual audit before hard exclusion	P-160: Bir scale/regime’de bir law, başka scale’de başka law dominate eder; arada geçiş bölgesi vardır	source IDs recovered by mechanism-level match to original 4,000-record donor inventory; shell retained	HIGH	P
IM-162	SMOOTH RESPONSE WITHIN ONE ACTIVE-CONSTRAINT REGIME; KINK/JUMP WHEN THE ACTIVE SET CHANGES	pre_saturation_registry	M-525; M-530	rehydrated from donor-generation mechanism anchor	M-525 KKT conditions; M-530 Normal cone	M-525: Differentiable constrained optimization; M-530: Convex geometry			structural_relation	optimization_constraints	feasible-set	static/unspecified	unspecified	mechanism/structural	none-explicit	automatic first-pass from canonical family text; manual audit before hard exclusion	M-525: Optimum’da objective’i iyileştirecek feasible first-order direction kalmamalı; active constraints bunu balance eder || M-530: Boundary point’te hangi external directions feasible region’a “destek” verir ve outward movement’ı engeller?	source IDs recovered by mechanism-level match to original 4,000-record donor inventory; shell retained	MEDIUM_HIGH	M
IM-163	PARAMETER/OBJECTIVE SPACE CAN BE PARTITIONED BY WHICH CONSTRAINT/FACE/OPTIMUM IS ACTIVE	pre_saturation_registry	M-531	rehydrated from donor-generation mechanism anchor	M-531 Polyhedral normal fan	M-531: Polytope			structural_relation	optimization_constraints	feasible-set	static/unspecified	unspecified	mechanism/structural	none-explicit	automatic first-pass from canonical family text; manual audit before hard exclusion	M-531: Her objective direction için hangi vertex/face’in optimum olduğunu direction-space regions’ına ayır	source IDs recovered by mechanism-level match to original 4,000-record donor inventory; shell retained	HIGH	M
IM-164	COARSE-GRAINING CAN CREATE A VALID EFFECTIVE LAW ONLY AFTER HIDDEN FAST VARIABLES HAVE RELAXED/MIXED	pre_saturation_registry	P-108; P-111; P-030	rehydrated from donor-generation mechanism anchor	P-108 Adiabatic elimination; P-111 Averaging theorem; P-030 Effective theory	P-108: Time-scale separation; P-111: Fast periodic/ergodic motion; P-030: Scale separation/controlled approximation			relax	representation;certificate_validation;dynamics_memory	latent/information-state;dynamic-state/path	dynamic;multiscale	latent/partial	mechanism/structural	none-explicit	automatic first-pass from canonical family text; manual audit before hard exclusion	P-108: Çok hızlı variable hemen dengeye geliyor varsay; onu ayrı state olarak taşımadan slow dynamics’e göm || P-111: Fast cycle’ın her detayını takip etmek yerine slow variable üzerinde cycle-average etkisini kullan || P-030: Ignore inaccessible microscopic detail but preserve its large-scale consequences in a reduced rule	source IDs recovered by mechanism-level match to original 4,000-record donor inventory; shell retained	HIGH	P
IM-165	A LARGE-SCALE UNIVERSAL LAW CAN BE CORRECT WHILE MICRO-MECHANISM IDENTIFICATION FROM THAT LAW IS IMPOSSIBLE	pre_saturation_registry	P-158; P-030	rehydrated from donor-generation mechanism anchor	P-158 Universality; P-030 Effective theory	P-158: Shared symmetry/dimension/conservation; P-030: Scale separation/controlled approximation			structural_relation	identification_causal	generic	multiscale	unspecified	mechanism/structural	none-explicit	automatic first-pass from canonical family text; manual audit before hard exclusion	P-158: Microscopic details farklı olsa bile large-scale critical behavior birkaç aggregate property ile aynı olabilir || P-030: Ignore inaccessible microscopic detail but preserve its large-scale consequences in a reduced rule	source IDs recovered by mechanism-level match to original 4,000-record donor inventory; shell retained	MEDIUM_HIGH	P
IM-166	SELF-SUSTAINING ACTIVITY APPEARS WHEN ONE CYCLE CREATES MORE THAN IT LOSES/REMOVES	pre_saturation_registry	M-361; M-362; P-701; P-702; P-703; P-704; P-705	rehydrated from donor-generation mechanism anchor	M-361 Galton–Watson branching; M-362 Branching extinction threshold; P-701 Neutron multiplication; P-702 Effective multiplication factor $k_{\text{eff}}$; P-703 Subcritical chain; P-704 Critical chain; P-705 Supercritical chain	M-361: Independent reproduction; M-362: Reproduction distribution; P-701: Fission chain; P-702: Reactor neutron balance; P-703: $k_{\text{eff}}<1$; P-704: $k_{\text{eff}}=1$; P-705: $k_{\text{eff}}>1$			structural_relation	general_mechanism	generic	static/unspecified	unspecified	mechanism/structural	none-explicit	automatic first-pass from canonical family text; manual audit before hard exclusion	M-361: Her unit rastgele sayıda yeni unit üretir; population ya söner ya büyüyebilir || M-362: Ortalama offspring ≤1 ise extinction baskın; >1 ise indefinite survival mümkün hale gelir || P-701: Bir fission birkaç neutrons üretir; bunların bir kısmı yeni fissions oluşturursa population generation-to-generation multiply olabilir || P-702: Bir neutron generation’dan sonraki generation’a surviving/produced neutron ratio’sunu single stability indicator olarak taşı || P-703: Her generation öncekinin altında kalır; external source olmazsa chain reaction söner || P-704: Her generation yaklaşık kendini replace eder; average neutron population stable kalır || P-705: Her generation bir öncekinden daha fazla effective neutrons bırakır; neutron population büyür	source IDs recovered by mechanism-level match to original 4,000-record donor inventory; shell retained	HIGH	M;P
IM-167	IN A HETEROGENEOUS REPRODUCING SYSTEM, THE INTERACTION MATRIX CONTROLS SURVIVAL AND COMPOSITION	pre_saturation_registry	M-364; M-365	rehydrated from donor-generation mechanism anchor	M-364 Multitype branching; M-365 Perron–Frobenius mechanism	M-364: Type-dependent reproduction; M-365: Nonnegative irreducible matrix			control	control_decision	action/policy	static/unspecified	selected/conditioned	active control/decision	none-explicit	automatic first-pass from canonical family text; manual audit before hard exclusion	M-364: Farklı unit types farklı types üretir; long-run growth tek ortalamadan değil reproduction matrix’ten gelir || M-365: Positive interaction matrix’inde uzun-run composition dominant positive eigenvector’a yaklaşabilir	source IDs recovered by mechanism-level match to original 4,000-record donor inventory; shell retained	HIGH	M
IM-168	DON'T SOLVE THE DEPENDENT PROCESS EXACTLY; SANDWICH IT BETWEEN TRACTABLE PROCESSES AND TRANSFER GUARANTEES	pre_saturation_registry	M-367	rehydrated from donor-generation mechanism anchor	M-367 Contact/percolation domination	M-367: Stochastic ordering			structural_relation	certificate_validation	generic	static/unspecified	unspecified	mechanism/structural	certificate/exact	automatic first-pass from canonical family text; manual audit before hard exclusion	M-367: Karmaşık dependent process’i daha basit üst/alt random process ile sandwich et	source IDs recovered by mechanism-level match to original 4,000-record donor inventory; shell retained	HIGH	M
IM-169	LOCAL AMPLIFICATION ≠ LOCAL PERSISTENCE: GROWTH CAN BE SWEPT AWAY FASTER THAN IT ACCUMULATES	pre_saturation_registry	P-370; P-371	rehydrated from donor-generation mechanism anchor	P-370 Absolute instability; P-371 Convective instability	P-370: Open-flow stability; P-371: Advection + growth			accumulate	dynamics_memory	generic	multiscale	unspecified	mechanism/structural	local	automatic first-pass from canonical family text; manual audit before hard exclusion	P-370: Perturbation yalnız downstream taşınmaz; fixed location’da da zamanla büyür || P-371: Perturbation büyür ama flow tarafından taşındığı için fixed point sonunda sakinleşebilir	source IDs recovered by mechanism-level match to original 4,000-record donor inventory; shell retained	HIGH	P
IM-170	SUCCESS DEPENDS ON COMPLETING TRANSPORT/REACTION BEFORE A FINITE LIFETIME OR RESIDENCE CLOCK EXPIRES	pre_saturation_registry	P-465; P-466	rehydrated from donor-generation mechanism anchor	P-465 Flame extinction by stretch; P-466 Damköhler competition	P-465: Reaction vs transport times; P-466: Timescale ratio			transport	control_decision;network_transport;sequential_time	action/policy	sequential	unspecified	active control/decision	none-explicit	automatic first-pass from canonical family text; manual audit before hard exclusion	P-465: Reaction chemistry yeterli olsa bile flow/interface stretching residence time’ı fazla azaltırsa flame sönebilir || P-466: Reaction’ın characteristic time’ı transport/mixing time’a göre büyük veya küçük olduğunda regime tamamen değişir	source IDs recovered by mechanism-level match to original 4,000-record donor inventory; shell retained	HIGH	P
IM-171	A LOCALLY CAPABLE SOURCE MAY FAIL TO PROPAGATE BECAUSE THE DOWNSTREAM SINK/LOAD IS TOO LARGE	pre_saturation_registry	P-473; P-999	rehydrated from donor-generation mechanism anchor	P-473 Source–sink mismatch; P-999 Source–sink mismatch	P-473: Excitation current balance; P-999: Geometry + finite coupling			propagate	dynamics_memory	dynamic-state/path;resource/flow	dynamic	unspecified	mechanism/structural	local	automatic first-pass from canonical family text; manual audit before hard exclusion	P-473: Küçük active region büyük passive load’u excite etmeye yetmeyebilir || P-999: Small excited source large resting load’u depolarize/excite etmeye yetmezse propagation block olabilir	source IDs recovered by mechanism-level match to original 4,000-record donor inventory; shell retained	HIGH	P
IM-172	SAME MEAN LOAD/SERVICE CAN PRODUCE VERY DIFFERENT CONGESTION WHEN VARIABILITY DIFFERS	pre_saturation_registry	M-324	rehydrated from donor-generation mechanism anchor	M-324 Pollaczek–Khinchine mechanism	M-324: M/G/1 queue			structural_relation	general_mechanism	resource/flow	static/unspecified	unspecified	mechanism/structural	none-explicit	automatic first-pass from canonical family text; manual audit before hard exclusion	M-324: Sadece ortalama service değil service-time variability de waiting’i büyütür	source IDs recovered by mechanism-level match to original 4,000-record donor inventory; shell retained	HIGH	M
IM-173	A HARD COMBINATORIAL BOTTLENECK CAN SOMETIMES BE BOUNDED BY AN EASIER SPECTRAL SURROGATE	pre_saturation_registry	M-351; M-352; M-353	rehydrated from donor-generation mechanism anchor	M-351 Graph Laplacian; M-352 Algebraic connectivity; M-353 Cheeger inequality	M-351: Weighted graph; M-352: Connected graph; M-353: Graph geometry			bound	representation;certificate_validation;network_transport;sequential_time	graph/network	static/unspecified	unspecified	mechanism/structural	bound	automatic first-pass from canonical family text; manual audit before hard exclusion	M-351: Her node’u komşularından ne kadar farklı olduğuyla ölç || M-352: Network’ün ne kadar tek parça olduğunu Laplacian’ın ilk nonzero eigenvalue’sundan ölç || M-353: Network’teki hidden bottleneck’i yalnız combinatorial cut aramadan spectral quantity ile bound et	source IDs recovered by mechanism-level match to original 4,000-record donor inventory; shell retained	HIGH	M
IM-174	TURN ABSTRACT DISTRIBUTIONAL DIFFERENCE INTO MINIMUM PROBABILITY THAT OPTIMALLY COUPLED REALIZATIONS DISAGREE	pre_saturation_registry	M-378; M-379	rehydrated from donor-generation mechanism anchor	M-378 Maximal coupling; M-379 Total variation via coupling	M-378: Probability measures; M-379: Common measurable space			structural_relation	optimization_constraints	distribution	static/unspecified	unspecified	mechanism/structural	probabilistic	automatic first-pass from canonical family text; manual audit before hard exclusion	M-378: İki distribution’dan samples’ı mümkün olan en yüksek probability ile aynı yapacak joint construction kur || M-379: İki probability law’ın farkı, optimal coupling altında samples’ın farklı kalma minimum probability’sidir	source IDs recovered by mechanism-level match to original 4,000-record donor inventory; shell retained	HIGH	M
IM-175	LOCAL INFLUENCE BOUNDS CAN CERTIFY GLOBAL FORGETTING OF INITIAL CONDITIONS	pre_saturation_registry	M-380	rehydrated from donor-generation mechanism anchor	M-380 Dobrushin contraction	M-380: Influence coefficients			bound→certify→condition	certificate_validation	generic	static/unspecified	unspecified	mechanism/structural	certificate/exact;bound;local	automatic first-pass from canonical family text; manual audit before hard exclusion	M-380: Local dependence yeterince zayıfsa repeated update başlangıç farklarını contract eder	source IDs recovered by mechanism-level match to original 4,000-record donor inventory; shell retained	HIGH	M
IM-176	MACROSCOPIC CONCENTRATION CAN EMERGE WITHOUT DIRECT PAIRWISE ATTRACTION THROUGH OCCUPANCY-DEPENDENT RETENTION	pre_saturation_registry	P-147; P-148	rehydrated from donor-generation mechanism anchor	P-147 Zero-range process; P-148 Condensation in zero-range process	P-147: Mass transport; P-148: Rate-tail conditions			merge	control_decision	action/policy	static/unspecified	unspecified	active control/decision	none-explicit	automatic first-pass from canonical family text; manual audit before hard exclusion	P-147: Bir site’dan çıkış hızı sadece o site’daki occupancy’ye bağlıdır || P-148: Yeterince mass varsa macroscopic fraction tek site’da toplanabilir	source IDs recovered by mechanism-level match to original 4,000-record donor inventory; shell retained	HIGH	P
IM-177	BEING ABLE TO SEE A STATE DIRECTION AND BEING ABLE TO CONTROL IT ARE INDEPENDENT QUESTIONS	pre_saturation_registry	M-421; M-422; M-427	rehydrated from donor-generation mechanism anchor	M-421 Controllability Gramian; M-422 Observability Gramian; M-427 Kalman decomposition	M-421: Linear dynamics; M-422: Linear observation system; M-427: Linear systems			control	control_decision;dynamics_memory	dynamic-state/path;action/policy	static/unspecified	unspecified	active control/decision	none-explicit	automatic first-pass from canonical family text; manual audit before hard exclusion	M-421: Her input direction’ın zaman boyunca hangi state directions’a ne kadar ulaşabildiğini tek geometric object’te biriktir || M-422: Her hidden state direction’ın future measurements üzerinde ne kadar iz bıraktığını biriktir || M-427: State space’i dört parçaya ayır: görülebilir/görülemez × kontrol edilebilir/edilemez	source IDs recovered by mechanism-level match to original 4,000-record donor inventory; shell retained	HIGH	M
IM-178	STATE IMPORTANCE SHOULD BE MEASURED BY HOW STRONGLY IT CONNECTS PAST INPUT TO FUTURE OUTPUT	pre_saturation_registry	M-423; M-424; M-425; M-426	rehydrated from donor-generation mechanism anchor	M-423 Balanced realization; M-424 Balanced truncation; M-425 Hankel singular value; M-426 Model reduction error bound	M-423: Stable linear system; M-424: Stability + Hankel singular values; M-425: Input-output linear system; M-426: Stable system			measure	observation_measurement;dynamics_memory;network_transport;sequential_time	dynamic-state/path;observation/signal	sequential	unspecified	passive inference/diagnostic	none-explicit	automatic first-pass from canonical family text; manual audit before hard exclusion	M-423: State coordinates’ı hem kontrol edilmesi hem görülmesi aynı scale’da sıralanacak şekilde değiştir || M-424: Hem zor görülen hem zor etkilenebilen state directions’ı atıp küçük model kur || M-425: Geçmiş input’un future output’a taşınmasında bir hidden direction ne kadar güçlü ara kanal? || M-426: State’i küçültürken hangi discarded directions’ın output error’a en fazla katkı verebileceğini bound et	source IDs recovered by mechanism-level match to original 4,000-record donor inventory; shell retained	HIGH	M
IM-179	DIFFERENT INTERNAL MODELS CAN BE BEHAVIORALLY IDENTICAL; DELETE STATES THAT NEVER CHANGE INPUT–OUTPUT BEHAVIOR	pre_saturation_registry	M-428	rehydrated from donor-generation mechanism anchor	M-428 Minimal realization	M-428: Realization equivalence			delete	dynamics_memory	dynamic-state/path	static/unspecified	unspecified	mechanism/structural	none-explicit	automatic first-pass from canonical family text; manual audit before hard exclusion	M-428: Aynı input-output behavior’ı üreten gereksiz hidden states’i sil; en küçük internal model’i tut	source IDs recovered by mechanism-level match to original 4,000-record donor inventory; shell retained	HIGH	M
IM-180	UNIQUE RECOVERY CAN HAVE A GEOMETRIC/TIME COVERAGE THRESHOLD, NOT JUST NOISE OR SAMPLE-SIZE THRESHOLD	pre_saturation_registry	M-433; M-434	rehydrated from donor-generation mechanism anchor	M-433 Observability inequality; M-434 Unique recovery threshold	M-433: PDE/control geometry; M-434: Measurement geometry			recover	observation_measurement;identification_causal;robustness_error;sequential_time	observation/signal	sequential	unspecified	mechanism/structural	none-explicit	automatic first-pass from canonical family text; manual audit before hard exclusion	M-433: Tüm hidden energy’yi sınırlı observation region/time’daki measurement ile bound edebiliyor musun? || M-434: Observation set/time yeterli değilse farklı states aynı data’yı üretir; yeterli hale gelince uniqueness açılır	source IDs recovered by mechanism-level match to original 4,000-record donor inventory; shell retained	HIGH	M
IM-181	INTERROGATE AN INACCESSIBLE INTERIOR THROUGH CONTROLLED BOUNDARY INPUTS AND BOUNDARY RESPONSES	pre_saturation_registry	M-431; M-432	rehydrated from donor-generation mechanism anchor	M-431 Dirichlet-to-Neumann map; M-432 Calderón-type inverse problem	M-431: PDE boundary access; M-432: Elliptic PDE			bound→control	certificate_validation;control_decision;network_transport	action/policy	static/unspecified	unspecified	active control/decision	bound	automatic first-pass from canonical family text; manual audit before hard exclusion	M-431: Boundary’ye verilen input’a boundary’den çıkan response’u ölç; interior’u bu input-output operator’dan infer et || M-432: Interior coefficient doğrudan görünmüyor; boundary experiments’ın tamamından conductivity-like field recover etmeye çalış	source IDs recovered by mechanism-level match to original 4,000-record donor inventory; shell retained	HIGH	M
IM-182	DIRECT CONTROL/NOISE DIRECTIONS CAN BE FEW WHILE ORDERED DYNAMICAL COMPOSITIONS GENERATE MANY MORE DIRECTIONS	pre_saturation_registry	M-388; M-389; M-390	rehydrated from donor-generation mechanism anchor	M-388 Hörmander mechanism; M-389 Lie bracket; M-390 Chow–Rashevskii reachability	M-388: Lie-bracket spanning; M-389: Noncommuting vector fields; M-390: Bracket-generating controls			control	control_decision;dynamics_memory;robustness_error	dynamic-state/path;action/policy	dynamic	unspecified	active control/decision	none-explicit	automatic first-pass from canonical family text; manual audit before hard exclusion	M-388: Noise doğrudan her direction’a girmese bile dynamics noise directions’ı birbirine karıştırıp bütün state space’e yayabilir || M-389: A yönünde biraz git, B yönünde git, A’yı geri al, B’yi geri al; net olarak üçüncü bir direction oluşabilir || M-390: İzin verilen instantaneous directions az olsa da onların brackets’ı bütün directions’ı üretirse global movement mümkün olabilir	source IDs recovered by mechanism-level match to original 4,000-record donor inventory; shell retained	HIGH	M
IM-183	SAMPLE ONLY THE INTRACTABLE LATENT PART; INTEGRATE THE TRACTABLE PART EXACTLY	pre_saturation_registry	S-058	rehydrated from donor-generation mechanism anchor	S-058 Rao–Blackwellized particle filter	S-058: Conditional analytic structure			structural_relation	observation_measurement	latent/information-state;observation/signal	static/unspecified	latent/partial	mechanism/structural	certificate/exact	automatic first-pass from canonical family text; manual audit before hard exclusion	S-058: Sample only the hard part; integrate the tractable part exactly	source IDs recovered by mechanism-level match to original 4,000-record donor inventory; shell retained	HIGH	S
IM-184	ADDING ARTIFICIAL HIDDEN VARIABLES CAN MAKE COMPUTATION EASIER WITHOUT CHANGING THE TARGET MARGINAL	pre_saturation_registry	S-060	rehydrated from donor-generation mechanism anchor	S-060 Data augmentation	S-060: Augmented model preserves target			structural_relation	general_mechanism	latent/information-state	static/unspecified	latent/partial	mechanism/structural	none-explicit	automatic first-pass from canonical family text; manual audit before hard exclusion	S-060: Add artificial hidden variables that make the hard calculation easier	source IDs recovered by mechanism-level match to original 4,000-record donor inventory; shell retained	HIGH	S
IM-185	HEAVY LOAD CAN REDUCE EFFECTIVE DYNAMIC DIMENSION EVEN WHILE NOMINAL DIMENSION STAYS LARGE	pre_saturation_registry	M-326; M-328	rehydrated from donor-generation mechanism anchor	M-326 Heavy-traffic limit; M-328 State-space collapse	M-326: Near-critical load; M-328: Resource pooling/heavy traffic			structural_relation	representation;dynamics_memory	dynamic-state/path;resource/flow	dynamic	unspecified	mechanism/structural	none-explicit	automatic first-pass from canonical family text; manual audit before hard exclusion	M-326: Capacity neredeyse tamamen doluyken microscopic queue details yerine scaled diffusion behavior dominate eder || M-328: High-dimensional congestion system heavy load altında birkaç effective direction’a sıkışabilir	source IDs recovered by mechanism-level match to original 4,000-record donor inventory; shell retained	HIGH	M
IM-186	A COMPLEX INTERNAL MODULE CAN HAVE A SIMPLE OUTPUT LAW UNDER A SPECIAL STATIONARY SHELL	pre_saturation_registry	M-325	rehydrated from donor-generation mechanism anchor	M-325 Burke theorem	M-325: M/M/1 stationarity			structural_relation	general_mechanism	generic	static/unspecified	unspecified	mechanism/structural	none-explicit	automatic first-pass from canonical family text; manual audit before hard exclusion	M-325: Bazı equilibrium queues’da karmaşık service sistemi çıkışı tekrar basit input process gibi görünebilir	source IDs recovered by mechanism-level match to original 4,000-record donor inventory; shell retained	MEDIUM_HIGH	M
IM-187	THE RIGHT AVERAGE OF STRUCTURED OBJECTS MAY REQUIRE MOVING THEM THROUGH THEIR GEOMETRY, NOT AVERAGING COORDINATES	pre_saturation_registry	M-435; S-621; S-623	rehydrated from donor-generation mechanism anchor	M-435 Optimal transport barycenter; S-621 Fréchet mean; S-623 Intrinsic mean	M-435: Wasserstein geometry; S-621: General metric space; S-623: Riemannian manifold			structural_relation	representation;sequential_time	generic	sequential	unspecified	mechanism/structural	none-explicit	automatic first-pass from canonical family text; manual audit before hard exclusion	M-435: Birkaç distribution’ın “ortalamasını” pointwise average değil minimum transport cost’lu ortak distribution olarak seç || S-621: Ordinary average tanımlanamıyorsa “bütün observations’a squared distance toplamını minimize eden point”i center seç || S-623: Manifold’un kendi curved geodesic distance’ını kullanarak center bul	source IDs recovered by mechanism-level match to original 4,000-record donor inventory; shell retained	HIGH	M;S
IM-188	REGULARIZATION CAN CREATE SYSTEMATIC SELF-BIAS; CORRECT IT RATHER THAN REMOVING REGULARIZATION ENTIRELY	pre_saturation_registry	S-243	rehydrated from donor-generation mechanism anchor	S-243 Debiased lasso	S-243: High-dimensional sparsity			structural_relation	robustness_error	generic	static/unspecified	unspecified	mechanism/structural	none-explicit	automatic first-pass from canonical family text; manual audit before hard exclusion	S-243: Sparse shrinkage bias’ını ikinci bir correction step ile geri çıkarıp inference yapılabilir coefficient üret	source IDs recovered by mechanism-level match to original 4,000-record donor inventory; shell retained	HIGH	S
IM-189	RANDOM-TIME OBSERVATION OVERREPRESENTS LONG-LIVED STATES/EPISODES	pre_saturation_registry	S-272	rehydrated from donor-generation mechanism anchor	S-272 Length-biased sampling	S-272: Duration-biased sampling			represent	representation;observation_measurement;dynamics_memory;sequential_time	dynamic-state/path;observation/signal	static/unspecified	unspecified	passive inference/diagnostic	probabilistic	automatic first-pass from canonical family text; manual audit before hard exclusion	S-272: Uzun süren events’i random observation zamanında görme ihtimalin daha yüksek	source IDs recovered by mechanism-level match to original 4,000-record donor inventory; shell retained	HIGH	S
IM-190	WHEN YOU CHOOSE TO LOOK CAN ITSELF REVEAL INFORMATION ABOUT THE HIDDEN STATE	pre_saturation_registry	S-874; S-875	rehydrated from donor-generation mechanism anchor	S-874 Informative visit process; S-875 Informative inspection time	S-874: Irregular follow-up; S-875: Inspection process			reveal	dynamics_memory;information_incentive	latent/information-state;dynamic-state/path	static/unspecified	latent/partial;strategic/informational	mechanism/structural	none-explicit	automatic first-pass from canonical family text; manual audit before hard exclusion	S-874: State kötü/iyi olduğu için individual daha sık ölçülüyorsa observation times process hakkında information taşır || S-875: “Ne zaman baktık?” unobserved process state’iyle ilişkiliyse observed interval/current-status information biased olabilir	source IDs recovered by mechanism-level match to original 4,000-record donor inventory; shell retained	HIGH	S
IM-191	LATENT COMPONENT NAMES MAY BE PURE SYMMETRY; A NAMED HIDDEN CLASS IS NOT AUTOMATICALLY AN IDENTIFIED ENTITY	pre_saturation_registry	S-269; S-270	rehydrated from donor-generation mechanism anchor	S-269 Mixture identifiability; S-270 Label switching	S-269: Structural conditions; S-270: Symmetry			structural_relation	identification_causal	latent/information-state	static/unspecified	latent/partial	mechanism/structural	none-explicit	automatic first-pass from canonical family text; manual audit before hard exclusion	S-269: Aynı observed distribution farklı latent decompositions tarafından üretilebiliyorsa hidden groups unique değildir || S-270: Mixture components'in adlarını değiştirmek observable model'i değiştirmez	source IDs recovered by mechanism-level match to original 4,000-record donor inventory; shell retained	HIGH	S
IM-192	REGENERATIVE COMPLEXITY CAN COLLAPSE TO REWARD-PER-CYCLE / TIME-PER-CYCLE FOR LONG-RUN RATES	pre_saturation_registry	S-113; S-114; M-123	rehydrated from donor-generation mechanism anchor	S-113 Renewal reward; S-114 Regenerative simulation; M-123 Renewal equation	S-113: Regeneration; S-114: True regeneration; M-123: Regeneration			structural_relation	sequential_time	generic	asymptotic	unspecified	mechanism/structural	asymptotic	automatic first-pass from canonical family text; manual audit before hard exclusion	S-113: Her renewal cycle'a ödül bağla; uzun vadeli rate'i cycle başına reward/time ile hesapla || S-114: Process içinde geçmişi unutturan restart noktaları bul ve cycles olarak analiz et || M-123: Bugünkü toplamı ilk olay + yeniden başlayan problem olarak parçala	source IDs recovered by mechanism-level match to original 4,000-record donor inventory; shell retained	HIGH	M;S
IM-193	RESETTING THE CLOCK AFTER EACH EVENT AND USING ONE GLOBAL CLOCK ARE DIFFERENT MODELS	pre_saturation_registry	S-312; S-313	rehydrated from donor-generation mechanism anchor	S-312 Gap-time model; S-313 Calendar-time model	S-312: Renewal-like recurrence; S-313: Global-time effects			structural_relation	sequential_time	feasible-set	sequential	unspecified	mechanism/structural	none-explicit	automatic first-pass from canonical family text; manual audit before hard exclusion	S-312: Her event sonrası saat yeniden başlar || S-313: Event sayacını resetleme; bütün events'i absolute timeline üzerinde tut	source IDs recovered by mechanism-level match to original 4,000-record donor inventory; shell retained	HIGH	S
IM-194	DON'T JUST ROUTE FLOWS; ALGEBRAICALLY MIX THEM SO DOWNSTREAM NODES CAN RECONSTRUCT WHAT THEY NEED	pre_saturation_registry	M-277	rehydrated from donor-generation mechanism anchor	M-277 Network coding	M-277: Network topology/algebra			route	dynamics_memory;network_transport	graph/network;dynamic-state/path;resource/flow	dynamic	unspecified	mechanism/structural	none-explicit	automatic first-pass from canonical family text; manual audit before hard exclusion	M-277: Her relay yalnız aldığı paketi forward etmek zorunda değil; birkaç flow'u algebraically combine ederek bottleneck throughput artırabilir	source IDs recovered by mechanism-level match to original 4,000-record donor inventory; shell retained	HIGH	M
IM-195	WHEN UNIQUE RECOVERY BECOMES IMPOSSIBLE, RETURN A SMALL CANDIDATE LIST INSTEAD OF DECLARING TOTAL FAILURE	pre_saturation_registry	M-267	rehydrated from donor-generation mechanism anchor	M-267 List decoding	M-267: Error radius beyond unique decoding			recover	identification_causal	generic	static/unspecified	unspecified	mechanism/structural	none-explicit	automatic first-pass from canonical family text; manual audit before hard exclusion	M-267: Noise fazla olduğunda tek kesin cevap zorlama; observation'a uyabilecek küçük candidate listesi döndür	source IDs recovered by mechanism-level match to original 4,000-record donor inventory; shell retained	HIGH	M
IM-196	RECOVERY CAN HAVE A SHARP COMPLEXITY–MEASUREMENT GEOMETRY BOUNDARY	pre_saturation_registry	M-279; M-280	rehydrated from donor-generation mechanism anchor	M-279 Compressed sensing phase transition; M-280 Restricted isometry	M-279: Sparsity + measurement geometry; M-280: Sparse signal class			measure→recover→bound	observation_measurement;identification_causal;certificate_validation;network_transport	observation/signal	static/unspecified	unspecified	passive inference/diagnostic	bound	automatic first-pass from canonical family text; manual audit before hard exclusion	M-279: Sparse signal vardır ama measurement sayısı/sparsity belirli boundary'nin altındaysa recovery imkansız, üstündeyse mümkün hale gelir || M-280: Measurement map sparse vectors arasındaki distances'ı yaklaşık korursa inversion stable olur	source IDs recovered by mechanism-level match to original 4,000-record donor inventory; shell retained	HIGH	M
IM-197	TRANSITION/DECAY RATE DEPENDS ON AVAILABLE FINAL STATES IN THE ENVIRONMENT, NOT ONLY ON THE SOURCE	pre_saturation_registry	P-269; P-270	rehydrated from donor-generation mechanism anchor	P-269 Purcell effect; P-270 Inhibited spontaneous emission	P-269: Structured environment; P-270: Density-of-states engineering			structural_relation	dynamics_memory	dynamic-state/path	dynamic	unspecified	mechanism/structural	none-explicit	automatic first-pass from canonical family text; manual audit before hard exclusion	P-269: Emitter decay rate'i yalnız emitter'a değil surrounding allowed electromagnetic modes'a bağlıdır || P-270: Environment final states'i azaltırsa normally spontaneous process ciddi yavaşlayabilir	source IDs recovered by mechanism-level match to original 4,000-record donor inventory; shell retained	HIGH	P
IM-198	CORRELATION/PHASE STRUCTURE CAN MAKE MANY UNITS EMIT FAR MORE OR FAR LESS THAN THE SUM OF INDEPENDENT UNITS	pre_saturation_registry	P-273; P-274	rehydrated from donor-generation mechanism anchor	P-273 Superradiance; P-274 Subradiance	P-273: Cooperative phase coherence; P-274: Collective destructive interference			structural_relation	general_mechanism	generic	static/unspecified	unspecified	mechanism/structural	none-explicit	automatic first-pass from canonical family text; manual audit before hard exclusion	P-273: Emitters coherent collective state kurarsa total emission independent emitters toplamından çok daha hızlı olabilir || P-274: Bazı collective combinations interference yüzünden environment'a çok zayıf couple olup uzun yaşayabilir	source IDs recovered by mechanism-level match to original 4,000-record donor inventory; shell retained	HIGH	P
IM-199	SYMMETRIC DEPENDENCE CAN SOMETIMES BE REPRESENTED AS A MIXTURE OF SIMPLER CONDITIONALLY INDEPENDENT WORLDS	pre_saturation_registry	M-474; M-475	rehydrated from donor-generation mechanism anchor	M-474 Exchangeability; M-475 de Finetti mechanism	M-474: Permutation symmetry; M-475: Infinite exchangeability			represent→condition	representation;sequential_time	generic	static/unspecified	unspecified	mechanism/structural	none-explicit	automatic first-pass from canonical family text; manual audit before hard exclusion	M-474: Observation sırasını değiştirince joint law değişmiyorsa labels/order intrinsic bilgi taşımaz || M-475: Sonsuz exchangeable binary sequence hidden probability verilince independent observations mixture'ı gibi temsil edilebilir	source IDs recovered by mechanism-level match to original 4,000-record donor inventory; shell retained	HIGH	M
IM-200	LOCAL COMPOSITION INEQUALITIES CAN FORCE A STABLE LARGE-SCALE RATE EVEN IN A RANDOM ENVIRONMENT	pre_saturation_registry	M-337; M-339	rehydrated from donor-generation mechanism anchor	M-337 Subadditivity; M-339 Subadditive ergodic theorem	M-337: Subadditive structure; M-339: Stationarity + subadditivity			structural_relation	general_mechanism	generic	multiscale	unspecified	mechanism/structural	local;probabilistic	automatic first-pass from canonical family text; manual audit before hard exclusion	M-337: Bir bütünün maliyeti iki parçanın ayrı maliyetleri toplamından büyük değilse large-scale average stabilize olabilir || M-339: Random environment'da bile büyük-scale cost/time ratio stable deterministic-like limit'e yaklaşabilir	source IDs recovered by mechanism-level match to original 4,000-record donor inventory; shell retained	HIGH	M
IM-201	CONDITIONING ON A RARE FUTURE EVENT CREATES A DIFFERENT EFFECTIVE PATH DYNAMICS	pre_saturation_registry	M-149	rehydrated from donor-generation mechanism anchor	M-149 Conditioned process / Doob h-transform	M-149: Positive harmonic function			condition	dynamics_memory;network_transport;sequential_time	graph/network;dynamic-state/path	sequential;dynamic;rare-event	unspecified	mechanism/structural	none-explicit	automatic first-pass from canonical family text; manual audit before hard exclusion	M-149: Şu rare outcome olacak şartıyla path dynamics nasıl değişirmiş gibi davranır?	source IDs recovered by mechanism-level match to original 4,000-record donor inventory; shell retained	HIGH	M
IM-202	FAST LOCAL MIXING + SLOW INTER-BASIN JUMPS → HIERARCHICAL METASTABLE STATE	pre_saturation_registry	M-146; P-019	rehydrated from donor-generation mechanism anchor	M-146 Metastable Markov decomposition; P-019 Metastability	M-146: Timescale separation; P-019: Energy/free-energy barrier			structural_relation	dynamics_memory	dynamic-state/path	multiscale	unspecified	mechanism/structural	local	automatic first-pass from canonical family text; manual audit before hard exclusion	M-146: System kısa zamanda kendi bölgesinde karışır ama bölgeler arasında çok yavaş geçer || P-019: System çok uzun süre locally stable state'te kalıp rare escape yapabilir	source IDs recovered by mechanism-level match to original 4,000-record donor inventory; shell retained	HIGH	M;P
IM-203	PAIRWISE DEPENDENCE CAN VANISH IN A LARGE POPULATION WHILE COLLECTIVE MEAN-FIELD INTERACTION REMAINS	pre_saturation_registry	M-151; M-152	rehydrated from donor-generation mechanism anchor	M-151 Mean-field limit; M-152 Propagation of chaos	M-151: Weak symmetric interaction; M-152: Mean-field scaling			structural_relation	control_decision	action/policy	static/unspecified	unspecified	active control/decision	none-explicit	automatic first-pass from canonical family text; manual audit before hard exclusion	M-151: Büyük population'da tek tek etkiler yerine population average etkisini kullan || M-152: Büyük interacting population'da sonlu sayıda parçacık yaklaşık bağımsız hale gelir	source IDs recovered by mechanism-level match to original 4,000-record donor inventory; shell retained	HIGH	M
IM-204	MACRO DETERMINISM AND STOCHASTIC FLUCTUATIONS CAN LIVE AT DIFFERENT ASYMPTOTIC ORDERS	pre_saturation_registry	M-154; M-155	rehydrated from donor-generation mechanism anchor	M-154 Law of large numbers for fields; M-155 Central-limit fluctuation field	M-154: Weak dependence; M-155: Second-order scaling			structural_relation	sequential_time	generic	asymptotic	unspecified	mechanism/structural	asymptotic	automatic first-pass from canonical family text; manual audit before hard exclusion	M-154: Çok sayıda küçük random contribution aggregate field'ı deterministic hale getirir || M-155: Deterministic large-scale limit etrafındaki kalan noise'un ölçeğini ve şeklini çıkar	source IDs recovered by mechanism-level match to original 4,000-record donor inventory; shell retained	HIGH	M
IM-205	THE LIMIT FAILED MUST BE SPLIT INTO CONCENTRATION, FRAGMENTATION, OR ESCAPE	pre_saturation_registry	M-120	rehydrated from donor-generation mechanism anchor	M-120 Concentration compactness	M-120: Variational loss of compactness			split	general_mechanism	generic	static/unspecified	unspecified	mechanism/structural	none-explicit	automatic first-pass from canonical family text; manual audit before hard exclusion	M-120: Limit kaçıyorsa bunun üç nedenini ayır: sıkışma, parçalanma, sonsuza kaçış	source IDs recovered by mechanism-level match to original 4,000-record donor inventory; shell retained	HIGH	M
IM-206	INFER LONG-TIME BEHAVIOR FROM TRANSFORM BEHAVIOR NEAR A BOUNDARY/LOW FREQUENCY	pre_saturation_registry	M-125; M-126	rehydrated from donor-generation mechanism anchor	M-125 Tauberian theorem; M-126 Abelian theorem	M-125: Regularity assumptions; M-126: Summability structure			infer→bound	identification_causal;certificate_validation;network_transport;sequential_time	generic	multiscale;asymptotic	unspecified	passive inference/diagnostic	bound;local	automatic first-pass from canonical family text; manual audit before hard exclusion	M-125: Büyük-zaman davranışını transform'un küçük-frekans/sınır davranışından çıkar || M-126: Uzun-vade davranışını daha düzgün bir transform'a geçir	source IDs recovered by mechanism-level match to original 4,000-record donor inventory; shell retained	HIGH	M
IM-207	SPLIT TWO-SIDED RANDOM MOTION INTO UPWARD AND DOWNWARD FACTORS BEFORE SOLVING WHOLE PATH PROBLEM	pre_saturation_registry	M-124	rehydrated from donor-generation mechanism anchor	M-124 Wiener–Hopf factorization	M-124: Transform/factorization conditions			split	network_transport	graph/network	static/unspecified	unspecified	mechanism/structural	probabilistic	automatic first-pass from canonical family text; manual audit before hard exclusion	M-124: İki yönlü/random hareket problemini yukarı giden ve aşağı giden parçalara ayır	source IDs recovered by mechanism-level match to original 4,000-record donor inventory; shell retained	HIGH	M
IM-208	A NON-MARKOV OBSERVED PROCESS CAN BECOME MARKOV AFTER ADDING THE RIGHT MEMORY VARIABLE	pre_saturation_registry	M-121; M-122	rehydrated from donor-generation mechanism anchor	M-121 Dynamic programming with state augmentation; M-122 Semi-Markov process	M-121: Markovization; M-122: Duration dependence			observe	observation_measurement;dynamics_memory	dynamic-state/path;observation/signal	static/unspecified	unspecified	passive inference/diagnostic	none-explicit	automatic first-pass from canonical family text; manual audit before hard exclusion	M-121: Geleceği hesaplamak için geçmişten gerekli minimum bilgiyi state'e ekle || M-122: Sonraki state yalnız nerede olduğuna değil orada ne kadar kaldığına da bağlı	source IDs recovered by mechanism-level match to original 4,000-record donor inventory; shell retained	HIGH	M
IM-209	REMOVE NORMALIZATION, SOLVE A LINEAR UNNORMALIZED PROBLEM, NORMALIZE ONLY AT THE END	pre_saturation_registry	S-104	rehydrated from donor-generation mechanism anchor	S-104 Zakai equation	S-104: Change of representation			structural_relation	general_mechanism	generic	static/unspecified	unspecified	mechanism/structural	local	automatic first-pass from canonical family text; manual audit before hard exclusion	S-104: Nonlinear normalized filter yerine unnormalized ama linear stochastic equation çöz	source IDs recovered by mechanism-level match to original 4,000-record donor inventory; shell retained	HIGH	S
IM-210	FUTURE DATA CAN CHANGE YOUR BEST ESTIMATE OF THE PAST; ONLINE AND OFFLINE STATE ESTIMATES ARE DIFFERENT	pre_saturation_registry	S-106; S-107	rehydrated from donor-generation mechanism anchor	S-106 Smoothing; S-107 Fixed-lag smoothing	S-106: Offline/two-sided information; S-107: Delay/latency tradeoff			structural_relation	estimation_learning;dynamics_memory;sequential_time	dynamic-state/path	sequential	unspecified	passive inference/diagnostic	none-explicit	automatic first-pass from canonical family text; manual audit before hard exclusion	S-106: Gelecekte gördüğün veriyi de kullanıp geçmiş hidden state'i yeniden değerlendir || S-107: Sadece birkaç adım geleceği görüp geçmiş estimate'i düzelt	source IDs recovered by mechanism-level match to original 4,000-record donor inventory; shell retained	HIGH	S
IM-211	DON'T COMMIT TO ONE DYNAMICAL MODEL TOO EARLY; CARRY A MODEL BANK AND UPDATE MODEL PROBABILITIES	pre_saturation_registry	S-110	rehydrated from donor-generation mechanism anchor	S-110 Interacting multiple model	S-110: Finite model bank			structural_relation	control_decision;dynamics_memory	distribution;dynamic-state/path	dynamic	unspecified	mechanism/structural	probabilistic	automatic first-pass from canonical family text; manual audit before hard exclusion	S-110: Tek dynamics seçmek yerine birkaç modeli paralel taşı; hangisinin olası olduğunu da güncelle	source IDs recovered by mechanism-level match to original 4,000-record donor inventory; shell retained	HIGH	S
IM-212	SUBTRACT THE PREDICTABLE PART OF AN OBSERVATION STREAM TO ISOLATE NEW INFORMATION	pre_saturation_registry	S-105; S-120	rehydrated from donor-generation mechanism anchor	S-105 Innovation process; S-120 Compensator	S-105: Correct conditional model; S-120: Predictable intensity			structural_relation	observation_measurement;estimation_learning;information_incentive	observation/signal	static/unspecified	strategic/informational	passive inference/diagnostic	none-explicit	automatic first-pass from canonical family text; manual audit before hard exclusion	S-105: Observation'daki zaten beklediğim kısmı çıkar; sadece yeni sürpriz kalsın || S-120: Raw event count'tan modelin beklediği event akışını çıkar; geriye sürpriz/martingale kalır	source IDs recovered by mechanism-level match to original 4,000-record donor inventory; shell retained	HIGH	S
IM-213	THE WORLD SEEN FROM A RANDOM EVENT IS NOT THE SAME AS THE WORLD SEEN FROM A RANDOM TIME	pre_saturation_registry	S-115	rehydrated from donor-generation mechanism anchor	S-115 Palm probability	S-115: Point-process framework			structural_relation	sequential_time	generic	static/unspecified	unspecified	mechanism/structural	probabilistic	automatic first-pass from canonical family text; manual audit before hard exclusion	S-115: Rastgele bir zamanda değil, bir event'in gözünden dünya nasıl görünür diye conditional sampling yap	source IDs recovered by mechanism-level match to original 4,000-record donor inventory; shell retained	HIGH	S
IM-214	A CERTIFICATE CAN LOOK CORRECT ALGEBRAICALLY YET BE INVALID BECAUSE LOCAL CONSTRAINT GEOMETRY IS DEGENERATE	pre_saturation_registry	M-525; M-526; M-527	rehydrated from donor-generation mechanism anchor	M-525 KKT conditions; M-526 Constraint qualification; M-527 Slater condition	M-525: Differentiable constrained optimization; M-526: Local constraint geometry; M-527: Convex optimization			structural_relation	certificate_validation;optimization_constraints	feasible-set	static/unspecified	unspecified	mechanism/structural	certificate/exact;local	automatic first-pass from canonical family text; manual audit before hard exclusion	M-525: Local optimality certificate active constraints ile balance kurar || M-526: KKT gibi local certificates için active constraints fazla degenerate olmamalı || M-527: Strict interior feasibility duality pathologies'ini temizler	source IDs recovered by mechanism-level match to original 4,000-record donor inventory; shell retained	HIGH	M
IM-215	A FEASIBLE CANDIDATE + OPPOSITE-SIDE CERTIFICATE CAN GIVE A NUMERICAL ERROR BAR ON OPTIMALITY	pre_saturation_registry	M-415; M-417; M-528	rehydrated from donor-generation mechanism anchor	M-415 Dual certificate; M-417 Primal-dual gap; M-528 Strong duality	M-415: Convex duality; M-417: Weak/strong duality; M-528: Convexity + regularity			structural_relation	certificate_validation;optimization_constraints;robustness_error	feasible-set	static/unspecified	unspecified	mechanism/structural	certificate/exact;bound	automatic first-pass from canonical family text; manual audit before hard exclusion	M-415: Candidate optimum'u opposite-side feasible witness ile bound et || M-417: Candidate solution ile certificate farkı optimum'dan ne kadar uzak olabileceğini ölçer || M-528: Primal ve dual optimum uygun koşullarda aynı value'ya ulaşır	source IDs recovered by mechanism-level match to original 4,000-record donor inventory; shell retained	HIGH	M
IM-216	PROPAGATE FUTURE CONSEQUENCE BACKWARD TO PRICE TODAY’S LOCAL ACTION	pre_saturation_registry	M-255	rehydrated from donor-generation mechanism anchor	M-255 Adjoint-weighted residual	M-255: Quantity of interest			propagate	control_decision;optimization_constraints;dynamics_memory;sequential_time	dynamic-state/path;action/policy	sequential;dynamic	unspecified	active control/decision	local	automatic first-pass from canonical family text; manual audit before hard exclusion	M-255: Her residual aynı önemli değil; final quantity'yi en çok bozan residual'a daha yüksek weight ver	source IDs recovered by mechanism-level match to original 4,000-record donor inventory; shell retained	HIGH	M
IM-217	KEEP THE SAME PATHS BUT CHANGE THEIR PROBABILITY WEIGHTS TO REMOVE/ALTER DRIFT	pre_saturation_registry	M-113; M-386	rehydrated from donor-generation mechanism anchor	M-113 Girsanov transform; M-386 Girsanov likelihood ratio process	M-113: Absolute continuity; M-386: Equivalent measures			structural_relation	network_transport	graph/network;distribution	static/unspecified	unspecified	mechanism/structural	probabilistic	automatic first-pass from canonical family text; manual audit before hard exclusion	M-113: Aynı path'lere bak ama probability ağırlıklarını değiştirerek drift'i başka bir şeye çevir || M-386: Path'leri değiştirmeden hangi paths'in daha probable sayıldığını dinamik weight ile değiştir	source IDs recovered by mechanism-level match to original 4,000-record donor inventory; shell retained	HIGH	M
IM-218	REPLACE A DETERMINISTIC EVOLUTION EQUATION BY AN EXPECTATION OVER RANDOM PATHS	pre_saturation_registry	M-114	rehydrated from donor-generation mechanism anchor	M-114 Feynman–Kac	M-114: Generator/PDE compatibility			structural_relation	network_transport;information_incentive	graph/network	static/unspecified	unspecified	mechanism/structural	probabilistic	automatic first-pass from canonical family text; manual audit before hard exclusion	M-114: Differential equation çözümünü random yollar üzerindeki beklenen toplam olarak yeniden ifade et	source IDs recovered by mechanism-level match to original 4,000-record donor inventory; shell retained	HIGH	M
IM-219	A SYSTEM’S ARROW OF TIME CAN BE VISIBLE IN FORWARD/REVERSE PATH PROBABILITIES EVEN WHEN MACRO STATE IS STATIONARY	pre_saturation_registry	P-121; P-124; P-125	rehydrated from donor-generation mechanism anchor	P-121 Detailed-balance breaking; P-124 Entropy production rate; P-125 Fluctuation theorem	P-121: Nonequilibrium drive; P-124: Stochastic thermodynamics; P-125: Nonequilibrium path probabilities			structural_relation	dynamics_memory;network_transport;sequential_time	graph/network;distribution;dynamic-state/path	static/unspecified	unspecified	mechanism/structural	probabilistic	automatic first-pass from canonical family text; manual audit before hard exclusion	P-121: Forward ve reverse microscopic flows eşit değilse circulation oluşur || P-124: Irreversibility'yi forward/reverse path asymmetry ile ölç || P-125: Reverse-like entropy events'in probability ratio'su belirli law taşır	source IDs recovered by mechanism-level match to original 4,000-record donor inventory; shell retained	HIGH	P
IM-220	INFER AN EQUILIBRIUM STATE DIFFERENCE FROM NONEQUILIBRIUM DRIVEN TRAJECTORIES	pre_saturation_registry	P-126; P-127	rehydrated from donor-generation mechanism anchor	P-126 Jarzynski equality; P-127 Crooks relation	P-126: Initial equilibrium; P-127: Microscopic reversibility			infer	identification_causal;dynamics_memory	dynamic-state/path	dynamic	unspecified	passive inference/diagnostic	none-explicit	automatic first-pass from canonical family text; manual audit before hard exclusion	P-126: Equilibrium free-energy difference'ı nonequilibrium work trajectories'nin exponential average'ından çıkar || P-127: Forward ve time-reversed path probabilities arasından free-energy farkını çıkar	source IDs recovered by mechanism-level match to original 4,000-record donor inventory; shell retained	HIGH	P
IM-221	ABANDON EXTREME SLOW TRAJECTORIES AND RESTART; MEAN COMPLETION CAN IMPROVE EVEN THOUGH WORK IS DISCARDED	pre_saturation_registry	P-131	rehydrated_from_donor_inventory_exact_anchor_LCB-7F3A91	P-131:Restart optimization	P-131:Heavy-tail/variable completion time			restart	control_decision	dynamic-state/path	sequential;dynamic;multiscale;rare-event	unspecified	active control/decision	none-explicit	automatic first-pass from canonical family text; manual audit before hard exclusion	P-131 Restart optimization: Çok uzun süren kötü trajectories’i bırakıp yeniden başlamak mean completion time’ı azaltabilir		HIGH	P
IM-222	RECOVERY TIME CAN DIVERGE BEFORE THE STATE ITSELF VISIBLY COLLAPSES	pre_saturation_registry	P-119; P-120	rehydrated_from_donor_inventory_exact_anchor_LCB-7F3A91	P-119:Critical slowing down | P-120:Early-warning indicators	P-119:Near bifurcation/criticality | P-120:Specific transition classes			recover	identification_causal;dynamics_memory;sequential_time	dynamic-state/path	static/unspecified	unspecified	mechanism/structural	none-explicit	automatic first-pass from canonical family text; manual audit before hard exclusion	P-119 Critical slowing down: Stability kaybolmaya yaklaşınca system perturbation’dan normale dönmekte giderek yavaşlar | P-120 Early-warning indicators: Transition öncesi recovery yavaşlayınca autocorrelation/variance gibi işaretler büyüyebilir		HIGH_WITH_SUPPORTING_ANCHORS	P
IM-223	ENFORCE A HARD STATE CONSTRAINT WITH MINIMUM NECESSARY CORRECTION AND TRACK THAT CORRECTION SEPARATELY	pre_saturation_registry	M-329	rehydrated_from_donor_inventory_exact_anchor_LCB-7F3A91	M-329:Skorokhod reflection	M-329:Hard state constraint			structural_relation	optimization_constraints;dynamics_memory	dynamic-state/path;feasible-set	static/unspecified	unspecified	mechanism/structural	none-explicit	automatic first-pass from canonical family text; manual audit before hard exclusion	M-329 Skorokhod reflection: Unconstrained path boundary’yi aşacaksa minimum correction ekleyerek feasible region içine geri it		HIGH	M
IM-224	CERTIFY STOCHASTIC STABILITY BY SHOWING ONE BADNESS FUNCTION HAS NEGATIVE EXPECTED DRIFT OUTSIDE A CORE REGION	pre_saturation_registry	M-331	rehydrated_from_donor_inventory_exact_anchor_LCB-7F3A91	M-331:Lyapunov drift criterion	M-331:Markov dynamics			certify	certificate_validation;information_incentive	generic	static/unspecified	unspecified	mechanism/structural	certificate/exact	automatic first-pass from canonical family text; manual audit before hard exclusion	M-331 Lyapunov drift criterion: Bir “system badness” measure’ın expected next-step change’i dış bölgelerde negatifse system geri çekilir		HIGH	M
IM-225	DEPENDENT SEQUENTIAL DATA CAN STILL HAVE SHARP DEVIATION GUARANTEES IF SURPRISES AND PREDICTABLE VARIANCE ARE CONTROLLED	pre_saturation_registry	M-311; M-313	rehydrated_from_donor_inventory_exact_anchor_LCB-7F3A91	M-311:Martingale concentration | M-313:Freedman inequality	M-311:Martingale difference structure | M-313:Martingale variance process			control	estimation_learning;certificate_validation;control_decision;sequential_time	action/policy	sequential	unspecified	active control/decision	certificate/exact	automatic first-pass from canonical family text; manual audit before hard exclusion	M-311 Martingale concentration: Dependent sequential increments olsa bile predictable boundedness sayesinde total deviation’ı bound et | M-313 Freedman inequality: Deviation bound’unu yalnız worst-case step size değil gerçekleşen conditional variance ile de ayarla		HIGH	M
IM-226	DECOMPOSE A PROCESS INTO FAIR UNPREDICTABLE MOVEMENT + SYSTEMATIC ONE-WAY DRIFT	pre_saturation_registry	M-314	rehydrated_from_donor_inventory_exact_anchor_LCB-7F3A91	M-314:Optional decomposition	M-314:Supermartingale structure			structural_relation	representation;estimation_learning	generic	static/unspecified	unspecified	mechanism/structural	none-explicit	automatic first-pass from canonical family text; manual audit before hard exclusion	M-314 Optional decomposition: Bir process’i “fair unpredictable part + systematic one-way drift” olarak parçala		HIGH	M
IM-227	ORDINARY CLOCK TIME AND ACCUMULATED CONTACT/VISIT TIME AT A BOUNDARY ARE DIFFERENT STATE VARIABLES	pre_saturation_registry	M-317	rehydrated_from_donor_inventory_exact_anchor_LCB-7F3A91	M-317:Local time	M-317:Continuous semimartingale			bound→accumulate	certificate_validation;dynamics_memory;network_transport;sequential_time	dynamic-state/path	sequential	unspecified	mechanism/structural	bound	automatic first-pass from canonical family text; manual audit before hard exclusion	M-317 Local time: Process’in bir noktada ne kadar “temas biriktirdiğini” ordinary clock’tan ayrı ölç		HIGH	M
IM-228	A REAL SIGNAL CAN EXIST YET REMAIN UNDETECTABLE UNTIL IT CROSSES A STRUCTURAL SEPARATION THRESHOLD	pre_saturation_registry	M-184; M-185; S-450	rehydrated_from_donor_inventory_exact_anchor_LCB-7F3A91	M-184:Spiked random matrix | M-185:BBP transition | S-450:Mixture separation threshold	M-184:Signal-strength threshold | M-185:High-dimensional phase transition | S-450:Component overlap			detect	observation_measurement	observation/signal	static/unspecified	strategic/informational	passive inference/diagnostic	none-explicit	automatic first-pass from canonical family text; manual audit before hard exclusion	M-184 Spiked random matrix: Büyük noise cloud’una gerçek low-rank signal ekle; signal yeterince güçlüyse spectrum’dan ayrılır | M-185 BBP transition: Hidden signal yavaşça güçlense bile detectability belirli eşiğe kadar neredeyse hiç iyileşmeyebilir; sonra eigenvalue cloud’dan çıkar | S-450 Mixture separation threshold: Components çok overlap ederse “iki class var” mathematically mümkün olsa bile individual classification unreliable olur		HIGH_WITH_SUPPORTING_ANCHORS	M;S
IM-229	A FEATURE IS MORE CREDIBLE IF IT SURVIVES ACROSS A RANGE OF RESOLUTION SCALES	pre_saturation_registry	M-191	rehydrated_from_donor_inventory_exact_anchor_LCB-7F3A91	M-191:Persistent homology	M-191:Filtered topology			structural_relation	general_mechanism	generic	multiscale	selected/conditioned	mechanism/structural	none-explicit	automatic first-pass from canonical family text; manual audit before hard exclusion	M-191 Persistent homology: Structure’ı tek scale’da seçme; scale değişirken hangi holes/components uzun süre yaşamaya devam ediyor izle		HIGH	M
IM-230	LOSSLESS LOW-DIMENSIONAL REPRESENTATION CAN BE IMPOSSIBLE EVEN WITH ZERO NOISE: TOPOLOGY CAN FORCE COLLISIONS	pre_saturation_registry	M-196	rehydrated_from_donor_inventory_exact_anchor_LCB-7F3A91	M-196:Borsuk–Ulam mechanism	M-196:Continuous map sphere→lower dimension			represent	representation;network_transport;robustness_error	graph/network	static/unspecified	unspecified	mechanism/structural	none-explicit	automatic first-pass from canonical family text; manual audit before hard exclusion	M-196 Borsuk–Ulam mechanism: Opposite points arasında bazı measurements’ın aynı olmak zorunda olduğu topology-imposed collision vardır		HIGH	M
IM-231	UNDER THE RIGHT CONVEX SHELL, GLOBAL FEASIBILITY CAN BE CERTIFIED BY CHECKING ONLY SMALL SUBSETS	pre_saturation_registry	M-199	rehydrated_from_donor_inventory_exact_anchor_LCB-7F3A91	M-199:Helly theorem	M-199:Finite-dimensional convexity			structural_relation	certificate_validation;optimization_constraints	feasible-set	static/unspecified	unspecified	mechanism/structural	certificate/exact	automatic first-pass from canonical family text; manual audit before hard exclusion	M-199 Helly theorem: Çok sayıda convex constraint’ın global intersection’ını bütün küçük subsets’in intersection’larından çıkar		HIGH	M
IM-232	SEPARATE SIGNAL AND CORRUPTION BY GIVING THEM STRUCTURALLY INCOMPATIBLE EXPLANATION CLASSES	pre_saturation_registry	M-176	rehydrated_from_donor_inventory_exact_anchor_LCB-7F3A91	M-176:Robust PCA	M-176:Structural decomposition			structural_relation	observation_measurement	observation/signal	static/unspecified	strategic/informational	mechanism/structural	none-explicit	automatic first-pass from canonical family text; manual audit before hard exclusion	M-176 Robust PCA: Data’yı “low-rank ortak yapı + sparse bozulma” diye ayır		HIGH	M
IM-233	TWO UNKNOWN LAYERS CAN SOMETIMES BE RECOVERED JOINTLY IF THEY OBEY DIFFERENT STRUCTURAL CONSTRAINTS	pre_saturation_registry	M-174	rehydrated_from_donor_inventory_exact_anchor_LCB-7F3A91	M-174:Blind deconvolution	M-174:Identifiability constraints			recover	identification_causal;optimization_constraints;sequential_time	feasible-set	static/unspecified	unspecified	mechanism/structural	none-explicit	automatic first-pass from canonical family text; manual audit before hard exclusion	M-174 Blind deconvolution: Hem blur kernel hem true signal bilinmiyor; ikisini birlikte ayır		HIGH	M
IM-234	ESTIMATE UNOBSERVABLE ERROR FROM HOW THE ESTIMATOR RESPONDS TO OBSERVED NOISE	pre_saturation_registry	S-901; S-902	rehydrated_from_donor_inventory_exact_anchor_LCB-7F3A91	S-901:Stein identity | S-902:Stein unbiased risk estimate — SURE	S-901:Gaussian model | S-902:Gaussian denoising			observe	observation_measurement;estimation_learning;robustness_error	observation/signal	static/unspecified	latent/partial	passive inference/diagnostic	none-explicit	automatic first-pass from canonical family text; manual audit before hard exclusion	S-901 Stein identity: Gaussian noise altında unknown mean içeren expectation’ı estimator derivative/divergence içeren observable expectation’a dönüştür | S-902 Stein unbiased risk estimate — SURE: True parameter bilinmeden estimator’ın mean-squared error risk’ini data’dan unbiased estimate et		HIGH	S
IM-235	MODEL COMPLEXITY IS HOW STRONGLY THE FIT REACTS TO DATA, NOT HOW MANY PARAMETERS ARE WRITTEN DOWN	pre_saturation_registry	S-903; S-904	rehydrated_from_donor_inventory_exact_anchor_LCB-7F3A91	S-903:Effective degrees of freedom | S-904:Optimism correction	S-903:Adaptive estimator | S-904:In-sample fitting			structural_relation	estimation_learning	generic	static/unspecified	unspecified	mechanism/structural	none-explicit	automatic first-pass from canonical family text; manual audit before hard exclusion	S-903 Effective degrees of freedom: Model complexity’yi yalnız parameter count değil fitted values’ın noisy observations’a sensitivity’siyle ölç | S-904 Optimism correction: Training fit’in gerçek prediction error’dan fazla iyimser olmasını estimator sensitivity üzerinden düzelt		HIGH	S
IM-236	ITERATIVE SELF-FEEDBACK CREATES CORRELATED RESIDUALS; ADD A CORRECTION THAT CANCELS MEMORY OF PREVIOUS ITERATION	pre_saturation_registry	S-911; S-912	rehydrated_from_donor_inventory_exact_anchor_LCB-7F3A91	S-911:Approximate message passing — AMP | S-912:Onsager correction	S-911:Random high-dimensional design | S-912:AMP			cancel	optimization_constraints;dynamics_memory	dynamic-state/path	static/unspecified	endogenous-feedback	mechanism/structural	certificate/exact	automatic first-pass from canonical family text; manual audit before hard exclusion	S-911 Approximate message passing — AMP: High-dimensional linear inverse problem’de residual + denoising iteration kullan; naive iterative feedback’e correction ekle | S-912 Onsager correction: Previous iteration’ın feedback correlation’ını explicit cancel ederek residual’ı fresh-noise-like hale getir		HIGH	S
IM-237	A HUGE COUPLED ESTIMATION ALGORITHM CAN HAVE LOW-DIMENSIONAL ERROR DYNAMICS IN THE RIGHT RANDOM REGIME	pre_saturation_registry	S-913	rehydrated_from_donor_inventory_exact_anchor_LCB-7F3A91	S-913:State evolution	S-913:AMP asymptotics			structural_relation	estimation_learning;dynamics_memory;robustness_error	dynamic-state/path	dynamic	unspecified	passive inference/diagnostic	probabilistic	automatic first-pass from canonical family text; manual audit before hard exclusion	S-913 State evolution: Huge random iterative algorithm’ın aggregate error dynamics’ini low-dimensional scalar recursion ile predict et		HIGH	S
IM-238	FUTURE VERIFICATION CAN RETROACTIVELY CHANGE AN EARLIER PAYOFF, SO DELAYED INFORMATION CREATES PRESENT INCENTIVES	pre_saturation_registry	E-336	rehydrated_from_donor_inventory_exact_anchor_LCB-7F3A91	E-336:Clawback	E-336:Verifiable later information			structural_relation	information_incentive;sequential_time	generic	sequential	selected/conditioned;strategic/informational	mechanism/structural	none-explicit	automatic first-pass from canonical family text; manual audit before hard exclusion	E-336 Clawback: Önceden verilmiş reward, sonradan hidden bad outcome ortaya çıkarsa geri alınabilir		HIGH	E
IM-239	A CURRENT COMMITMENT IS NOT REAL IF FUTURE PARTIES WILL RATIONALLY RENEGOTIATE IT AWAY	pre_saturation_registry	E-337; E-075	rehydrated_from_donor_inventory_exact_anchor_LCB-7F3A91	E-337:Renegotiation constraint | E-075:Time inconsistency	E-337:Future bargaining | E-075:Inability to commit			structural_relation	control_decision;sequential_time	generic	sequential	unspecified	mechanism/structural	none-explicit	automatic first-pass from canonical family text; manual audit before hard exclusion	E-337 Renegotiation constraint: Bugün yazılan contract yarın tarafların ikisi de değiştirmek isteyecekse original incentive plan credible değildir | E-075 Time inconsistency: A plan optimal before the future arrives is no longer optimal once it arrives		HIGH_WITH_SUPPORTING_ANCHORS	E
IM-240	A RAW SCORE/RANKING MAY BE UNIMPLEMENTABLE; FLATTEN NONMONOTONE REGIONS UNTIL DECISION RULE SATISFIES INCENTIVES	pre_saturation_registry	E-349	rehydrated_from_donor_inventory_exact_anchor_LCB-7F3A91	E-349:Ironing	E-349:Incentive compatibility			structural_relation	control_decision;information_incentive	action/policy	static/unspecified	unspecified	mechanism/structural	none-explicit	automatic first-pass from canonical family text; manual audit before hard exclusion	E-349 Ironing: Raw incentive index monotone değilse implementable allocation için nonmonotone regions’ı flatten et		HIGH	E
IM-241	SPARSE LOCAL MESSAGES CAN RECOVER A GLOBAL BELIEF/CONSISTENCY STATE — BUT LOOPS CHANGE THE VALIDITY CONTRACT	pre_saturation_registry	M-269; M-270	rehydrated_from_donor_inventory_exact_anchor_LCB-7F3A91	M-269:Low-density parity check | M-270:Belief propagation	M-269:Sparse factor graph | M-270:Tree exact; loopy approximate			recover	identification_causal;certificate_validation;dynamics_memory;information_incentive;sequential_time	latent/information-state;dynamic-state/path	sequential	strategic/informational	mechanism/structural	local	automatic first-pass from canonical family text; manual audit before hard exclusion	M-269 Low-density parity check: Çok büyük code’u az bağlantılı local parity constraints ile kur; iterative message passing kullan | M-270 Belief propagation: Her local constraint komşularına “ne kadar inanıyorum?” mesajı yollar; mesajlar tekrar tekrar update olur		HIGH	M
IM-242	SATISFY SEVERAL GLOBAL CONSTRAINT FAMILIES BY ALTERNATELY REPAIRING ONE AT A TIME	pre_saturation_registry	M-100; M-159	rehydrated_from_donor_inventory_exact_anchor_LCB-7F3A91	M-100:Alternating projection | M-159:Dykstra algorithm	M-100:Set geometry/convergence conditions | M-159:Convex sets			structural_relation	optimization_constraints;sequential_time	feasible-set	static/unspecified	unspecified	mechanism/structural	none-explicit	automatic first-pass from canonical family text; manual audit before hard exclusion	M-100 Alternating projection: İki şartı aynı anda çözmek zor; sırayla birine, sonra diğerine uydurarak ortak noktaya yaklaş | M-159 Dykstra algorithm: Birden çok constraint set’e sırayla project et ama önceki projection hatasını memory variable ile düzelt		HIGH	M
IM-243	RESCALE REPRESENTATION TO IMPROVE NUMERICAL GEOMETRY WITHOUT CHANGING THE UNDERLYING RELATIONAL OBJECT	pre_saturation_registry	M-138; M-276	rehydrated_from_donor_inventory_exact_anchor_LCB-7F3A91	M-138:Preconditioning | M-276:Matrix balancing	M-138:Equivalent transformed system | M-276:Diagonal rescaling			represent	representation	generic	multiscale	unspecified	mechanism/structural	none-explicit	automatic first-pass from canonical family text; manual audit before hard exclusion	M-138 Preconditioning: Problemi değiştirmeden coordinate/scale değiştirip çözümü daha kolay hale getir | M-276 Matrix balancing: Scale farklarını değiştir ama underlying relational pattern’i koruyarak numerically better representation üret		HIGH_WITH_SUPPORTING_ANCHORS	M
IM-244	DECENTRALIZED LOCAL INCENTIVE MOVES CAN SOMETIMES BE REPRESENTED BY ONE GLOBAL POTENTIAL LANDSCAPE	pre_saturation_registry	M-286	rehydrated_from_donor_inventory_exact_anchor_LCB-7F3A91	M-286:Potential game	M-286:Exact/ordinal potential structure			represent	representation;optimization_constraints;information_incentive;sequential_time	generic	static/unspecified	unspecified	mechanism/structural	local	automatic first-pass from canonical family text; manual audit before hard exclusion	M-286 Potential game: Her oyuncunun unilateral incentive’ını tek global landscape’in değişimiyle temsil et		HIGH	M
IM-245	REPRESENT A WHOLE CONVEX FEASIBLE SET BY ITS EXTREME RESPONSE IN EVERY TEST DIRECTION	pre_saturation_registry	M-294	rehydrated_from_donor_inventory_exact_anchor_LCB-7F3A91	M-294:Support function	M-294:Convex body			represent	representation;optimization_constraints	feasible-set	rare-event	unspecified	mechanism/structural	none-explicit	automatic first-pass from canonical family text; manual audit before hard exclusion	M-294 Support function: Bir convex setin tamamını taşımak yerine her direction’da ne kadar ileri gidebildiğini kaydet		HIGH	M
IM-246	A HIGHLY COMPLICATED MIXTURE MAY NEED ONLY A SMALL NUMBER OF ACTIVE COMPONENTS ONCE DIMENSION IS ACCOUNTED FOR	pre_saturation_registry	M-302	rehydrated_from_donor_inventory_exact_anchor_LCB-7F3A91	M-302:Carathéodory theorem	M-302:Finite-dimensional convexity			structural_relation	general_mechanism	generic	static/unspecified	unspecified	mechanism/structural	none-explicit	automatic first-pass from canonical family text; manual audit before hard exclusion	M-302 Carathéodory theorem: Yüksek sayıda noktadan oluşan bir mixture gerekiyormuş gibi görünse de dimension kadar küçük bir subset yeterli olabilir		HIGH	M
IM-247	BOUNDARY INFLUENCE IS SET BY DYNAMICAL/GEOMETRIC ACCESSIBILITY, NOT RAW BOUNDARY SIZE	pre_saturation_registry	M-645; M-648	rehydrated_from_donor_inventory_exact_anchor_LCB-7F3A91	M-645:Harmonic measure | M-648:Wiener regularity criterion	M-645:Domain geometry | M-648:Fine boundary geometry			bound	certificate_validation;dynamics_memory;network_transport	dynamic-state/path;feasible-set	dynamic	unspecified	mechanism/structural	bound	automatic first-pass from canonical family text; manual audit before hard exclusion	M-645 Harmonic measure: Interior point’ten bakınca boundary’nin hangi parçası solution üzerinde ne kadar influence taşıyor? | M-648 Wiener regularity criterion: Boundary point geometrically “yeterince görünür” mü ki imposed boundary value gerçekten orada interior solution’a ulaşsın?		HIGH_WITH_SUPPORTING_ANCHORS	M
IM-248	GEOMETRICALLY NONEMPTY/LARGE-LOOKING SETS CAN BE EFFECTIVELY INVISIBLE TO A GIVEN PHYSICAL/PROBABILISTIC PROCESS	pre_saturation_registry	M-651; M-652; M-654	rehydrated_from_donor_inventory_exact_anchor_LCB-7F3A91	M-651:Logarithmic capacity | M-652:Newtonian capacity | M-654:Polar set	M-651:Compact planar set | M-652:Higher-dimensional potential theory | M-654:Zero capacity			structural_relation	general_mechanism	distribution;feasible-set	static/unspecified	unspecified	mechanism/structural	probabilistic	automatic first-pass from canonical family text; manual audit before hard exclusion	M-651 Logarithmic capacity: Bir set’in external field/potential açısından “ne kadar büyük/hedeflenebilir” olduğunu minimum-energy charge distribution ile ölç | M-652 Newtonian capacity: Geometric size’ı volume’dan farklı olarak potential oluşturma/charge taşıma ability’siyle ölç | M-654 Polar set: Geometrically var olmasına rağmen potential/Brownian-motion açısından neredeyse görünmez kadar küçük set		HIGH_WITH_SUPPORTING_ANCHORS	M
IM-249	REPLACE AN INACCESSIBLE INTERIOR SOURCE BY A BOUNDARY-EQUIVALENT SOURCE THAT PRESERVES EXTERNAL OBSERVABLES	pre_saturation_registry	M-655	rehydrated_from_donor_inventory_exact_anchor_LCB-7F3A91	M-655:Balayage / sweeping	M-655:Potential equivalence			bound	observation_measurement;certificate_validation;network_transport	observation/signal	static/unspecified	unspecified	passive inference/diagnostic	bound	automatic first-pass from canonical family text; manual audit before hard exclusion	M-655 Balayage / sweeping: Interior charge distribution’ın outside-region potential’ını değiştirmeden mass’i boundary’ye “süpür”		HIGH	M
IM-250	LOCAL SAFE-DIRECTION CONDITIONS AT EVERY BOUNDARY POINT CAN CERTIFY GLOBAL VIABILITY	pre_saturation_registry	M-289; M-290	rehydrated_from_donor_inventory_exact_anchor_LCB-7F3A91	M-289:Viability theorem | M-290:Nagumo tangent-cone condition	M-289:Tangency conditions | M-290:Closed constraint set			bound→certify→condition	certificate_validation;network_transport	generic	static/unspecified	unspecified	mechanism/structural	certificate/exact;bound;local	automatic first-pass from canonical family text; manual audit before hard exclusion	M-289 Viability theorem: Bir state’i allowed region içinde sonsuza kadar tutacak local direction her boundary point’te var mı? | M-290 Nagumo tangent-cone condition: Boundary’de dışarı çıkmamak için velocity’nin izin verilen tangent directions içinde kalması gerekir		HIGH_WITH_SUPPORTING_ANCHORS	M
IM-251	MARGINAL VALUE OF THE SAME ADDITION DEPENDS ON WHAT IS ALREADY PRESENT	pre_saturation_registry	M-053	rehydrated_from_donor_inventory_exact_anchor_LCB-7F3A91	M-053:Submodularity	M-053:Diminishing marginal set returns			structural_relation	general_mechanism	generic	static/unspecified	unspecified	mechanism/structural	none-explicit	automatic first-pass from canonical family text; manual audit before hard exclusion	M-053 Submodularity: Extra benefit of adding something decreases as your collection grows		HIGH	M
IM-252	GREEDY LOCAL CHOICE CAN BE GLOBALLY EXACT — BUT ONLY UNDER AN EXCHANGE-INDEPENDENCE GEOMETRY	pre_saturation_registry	M-052	rehydrated_from_donor_inventory_exact_anchor_LCB-7F3A91	M-052:Greedy optimality in matroids	M-052:Matroid structure			structural_relation	optimization_constraints	generic	static/unspecified	unspecified	mechanism/structural	certificate/exact;local	automatic first-pass from canonical family text; manual audit before hard exclusion	M-052 Greedy optimality in matroids: Repeatedly take best available piece and still reach global optimum		HIGH	M
IM-253	PROJECT ONTO A CONSTRAINT FAMILY SO TOTAL MISMATCH SPLITS INTO EXPLAINED ADJUSTMENT + RESIDUAL MISMATCH	pre_saturation_registry	M-271; M-274	rehydrated_from_donor_inventory_exact_anchor_LCB-7F3A91	M-271:Information projection | M-274:Pythagorean information identity	M-271:Divergence geometry | M-274:Appropriate divergence/manifold			project→split	optimization_constraints	feasible-set	static/unspecified	unspecified	mechanism/structural	certificate/exact	automatic first-pass from canonical family text; manual audit before hard exclusion	M-271 Information projection: Bir distribution’ı constraint family içindeki en yakın distribution’a project et | M-274 Pythagorean information identity: Projection sonrası total divergence bazı geometrilerde orthogonal parçalar gibi ayrılır		HIGH_WITH_SUPPORTING_ANCHORS	M
IM-254	THE SAME OBJECT CAN HAVE TWO DUAL COORDINATE SYSTEMS IN WHICH DIFFERENT OPERATIONS BECOME SIMPLE	pre_saturation_registry	M-273	rehydrated_from_donor_inventory_exact_anchor_LCB-7F3A91	M-273:Dual affine coordinates	M-273:Information geometry			structural_relation	representation;optimization_constraints	generic	static/unspecified	unspecified	mechanism/structural	certificate/exact	automatic first-pass from canonical family text; manual audit before hard exclusion	M-273 Dual affine coordinates: Aynı statistical object’i iki farklı coordinate sisteminde ifade et; birinde mixture, diğerinde exponential structure simple olur		HIGH	M
IM-255	ONCE INFORMATION IS DESTROYED DOWNSTREAM PROCESSING CANNOT RECREATE IT	pre_saturation_registry	M-224	rehydrated_from_donor_inventory_exact_anchor_LCB-7F3A91	M-224:Data-processing inequality	M-224:Markov information chain			structural_relation	information_incentive	generic	static/unspecified	lossy/garbled;strategic/informational	mechanism/structural	none-explicit	automatic first-pass from canonical family text; manual audit before hard exclusion	M-224 Data-processing inequality: Bilgiyi işledikten sonra, kaynakta olmayan yeni bilgi yaratamazsın		HIGH	M
IM-256	A REPRESENTATION CAN THROW AWAY MOST RAW DETAIL YET PRESERVE ALL INFORMATION RELEVANT TO ONE TARGET	pre_saturation_registry	S-008	rehydrated_from_donor_inventory_exact_anchor_LCB-7F3A91	S-008:Sufficient statistic	S-008:“Information” is target/model specific			represent	representation;information_incentive	generic	rare-event	strategic/informational	mechanism/structural	none-explicit	automatic first-pass from canonical family text; manual audit before hard exclusion	S-008 Sufficient statistic: Compress data without losing information about a specified target		HIGH	S
IM-257	FOR A FIXED ERROR TOLERANCE THERE CAN BE A MINIMUM INFORMATION/REPRESENTATION BUDGET	pre_saturation_registry	M-226	rehydrated_from_donor_inventory_exact_anchor_LCB-7F3A91	M-226:Rate–distortion	M-226:Distortion metric			represent	representation;information_incentive;robustness_error	generic	static/unspecified	strategic/informational	mechanism/structural	none-explicit	automatic first-pass from canonical family text; manual audit before hard exclusion	M-226 Rate–distortion: Her ayrıntıyı saklayamıyorsan, belirli hata toleransıyla minimum kaç bit gerekir?		HIGH	M
IM-258	SIMULTANEOUS MECHANISMS CAN SOMETIMES BE SOLVED BY RAPIDLY ALTERNATING THEIR SEPARATE EASY DYNAMICS	pre_saturation_registry	M-233; M-234	rehydrated_from_donor_inventory_exact_anchor_LCB-7F3A91	M-233:Operator splitting | M-234:Lie–Trotter product	M-233:Decomposable generator/operator | M-234:Generator regularity			structural_relation	dynamics_memory;sequential_time	dynamic-state/path	dynamic	unspecified	mechanism/structural	none-explicit	automatic first-pass from canonical family text; manual audit before hard exclusion	M-233 Operator splitting: “Hepsini bir anda çöz” yerine mekanizmaları ayrı time steps’e böl | M-234 Lie–Trotter product: Aynı anda çalışan iki dynamics’i sırayla çok kısa çalıştırınca joint dynamics’e yaklaş		HIGH_WITH_SUPPORTING_ANCHORS	M
IM-259	SYMMETRIZING THE ORDER OF SUBSTEPS CAN CANCEL THE LEADING ERROR CREATED BY SPLITTING	pre_saturation_registry	M-235	rehydrated_from_donor_inventory_exact_anchor_LCB-7F3A91	M-235:Strang splitting	M-235:Smooth operators			cancel→split	robustness_error	generic	static/unspecified	unspecified	mechanism/structural	none-explicit	automatic first-pass from canonical family text; manual audit before hard exclusion	M-235 Strang splitting: Sıralı approximation’daki error’u symmetric half-step/full-step/half-step ile iptal et		HIGH	M
IM-260	A DECISION RULE CAN SUCCEED WITHOUT IDENTIFYING THE TRUE WORLD IF ITS CUMULATIVE LOSS TRACKS A STRONG COMPARATOR	pre_saturation_registry	S-222	rehydrated_from_donor_inventory_exact_anchor_LCB-7F3A91	S-222:Regret minimization	S-222:Comparator class			identify	identification_causal;control_decision	action/policy	static/unspecified	unspecified	mechanism/structural	none-explicit	automatic first-pass from canonical family text; manual audit before hard exclusion	S-222 Regret minimization: “Gerçeği tam öğrendim mi?” yerine hindsight’daki en iyi sabit strategy’den ne kadar geri kaldım ölç		HIGH	S
IM-261	DON'T PICK ONE EXPERT TOO EARLY; CONTINUOUSLY REALLOCATE WEIGHT TOWARD WHAT IS WORKING	pre_saturation_registry	S-223; S-224	rehydrated_from_donor_inventory_exact_anchor_LCB-7F3A91	S-223:Exponential weights | S-224:Hedge algorithm	S-223:Bounded losses | S-224:Online decision			allocate	general_mechanism	generic	static/unspecified	unspecified	mechanism/structural	none-explicit	automatic first-pass from canonical family text; manual audit before hard exclusion	S-223 Exponential weights: İyi çalışan experts’in ağırlığını hızla artır, kötülerin azalt | S-224 Hedge algorithm: Tek expert seçme; performance’a göre sürekli değişen mixture taşı		HIGH	S
IM-262	EXACT STATIONARY SAMPLING CAN BE CERTIFIED BY COALESCENCE OF ALL POSSIBLE HISTORIES, NOT LONG BURN-IN	pre_saturation_registry	M-333; M-334	rehydrated_from_donor_inventory_exact_anchor_LCB-7F3A91	M-333:Coupling from the past | M-334:Perfect sampling	M-333:Monotone/couplable chain | M-334:Exact coupling construction			structural_relation	certificate_validation	generic	static/unspecified	unspecified	mechanism/structural	certificate/exact	automatic first-pass from canonical family text; manual audit before hard exclusion	M-333 Coupling from the past: Simulation’ı geçmişten başlatıp bütün olası başlangıçların bugün aynı state’e birleşip birleşmediğine bak | M-334 Perfect sampling: Uzun-run approximation yerine stationary distribution’dan tam sample üret		HIGH	M
IM-263	ONE STATIONARY DISTRIBUTION CAN BE A MIXTURE OF MUTUALLY NONCOMMUNICATING LONG-RUN WORLDS	pre_saturation_registry	M-336	rehydrated_from_donor_inventory_exact_anchor_LCB-7F3A91	M-336:Ergodic decomposition	M-336:Invariant measures			structural_relation	general_mechanism	distribution	asymptotic	unspecified	mechanism/structural	asymptotic	automatic first-pass from canonical family text; manual audit before hard exclusion	M-336 Ergodic decomposition: Tek global distribution aslında kendi içinde mixing olmayan birkaç invariant world’ün mixture’ı olabilir		HIGH	M
IM-264	A SAFEGUARD CAN CONSUME ITSELF WHILE PERFORMING ITS PROTECTIVE FUNCTION	pre_saturation_registry	P-500	rehydrated_from_donor_inventory_exact_anchor_LCB-7F3A91	P-500:Sacrificial-bond toughening	P-500:Hierarchical material			structural_relation	general_mechanism	generic	static/unspecified	unspecified	mechanism/structural	none-explicit	automatic first-pass from canonical family text; manual audit before hard exclusion	P-500 Sacrificial-bond toughening: Main structure kırılmadan önce weaker internal bonds sırayla kırılıp büyük energy absorb eder		HIGH	P
IM-265	WHEN THE PROCESS ITSELF IS UNCONTROLLABLE, TIMING OF EXIT CAN STILL BE THE CONTROL VARIABLE	pre_saturation_registry	M-341; M-343	rehydrated_from_donor_inventory_exact_anchor_LCB-7F3A91	M-341:Optimal stopping | M-343:Stopping boundary	M-341:Stochastic process + stopping rule | M-343:Markov optimal stopping			control	control_decision	action/policy	static/unspecified	unspecified	active control/decision	none-explicit	automatic first-pass from canonical family text; manual audit before hard exclusion	M-341 Optimal stopping: Süreci kontrol edemiyorsun; sadece ne zaman duracağını seçiyorsun | M-343 Stopping boundary: State smooth değişir ama “bekle/dur” kararı belirli bir boundary’de discrete değişir		HIGH_WITH_SUPPORTING_ANCHORS	M
IM-266	IRREVERSIBLE SEQUENTIAL CHOICE REQUIRES SPENDING EARLY OPTIONS TO LEARN A THRESHOLD FOR LATER COMMITMENT	pre_saturation_registry	M-344	rehydrated_from_donor_inventory_exact_anchor_LCB-7F3A91	M-344:Secretary problem	M-344:Random order + irreversible choice			structural_relation	estimation_learning;control_decision;sequential_time	generic	sequential	unspecified	mechanism/structural	none-explicit	automatic first-pass from canonical family text; manual audit before hard exclusion	M-344 Secretary problem: Seçenekler sırayla gelir, geri dönemezsin; önce biraz öğren, sonra yeterince iyi ilk adayı al		HIGH	M
IM-267	THE VALUE OF PERFECT FUTURE INFORMATION CAN BE BOUNDED WITHOUT HAVING THAT INFORMATION	pre_saturation_registry	M-345	rehydrated_from_donor_inventory_exact_anchor_LCB-7F3A91	M-345:Prophet inequality	M-345:Sequential selection			bound	certificate_validation;information_incentive;sequential_time	generic	sequential	strategic/informational	mechanism/structural	bound	automatic first-pass from canonical family text; manual audit before hard exclusion	M-345 Prophet inequality: Geleceği bilen ideal chooser ile online chooser arasındaki kaçınılmaz performance gap’ini bound et		HIGH	M
IM-268	REACHING THE TARGET AND SURVIVING THE PATH TO THE TARGET ARE TWO DIFFERENT CONSTRAINTS	pre_saturation_registry	M-350	rehydrated_from_donor_inventory_exact_anchor_LCB-7F3A91	M-350:Reach-avoid problem	M-350:Dynamic state constraints			structural_relation	optimization_constraints;network_transport	graph/network;feasible-set	static/unspecified	selected/conditioned	mechanism/structural	none-explicit	automatic first-pass from canonical family text; manual audit before hard exclusion	M-350 Reach-avoid problem: Target’a ulaş ama yol boyunca forbidden region’a hiç girme		HIGH	M
IM-269	A RARE MACRO EVENT IS OFTEN CONTROLLED BY THE LEAST-COST ATYPICAL PATH, NOT TYPICAL FLUCTUATIONS	pre_saturation_registry	M-115; M-156	rehydrated_from_donor_inventory_exact_anchor_LCB-7F3A91	M-115:Large deviations | M-156:Large-deviation path principle	M-115:Asymptotic exponential scaling | M-156:Path-space LDP			control	control_decision;network_transport	graph/network;action/policy	rare-event	unspecified	active control/decision	none-explicit	automatic first-pass from canonical family text; manual audit before hard exclusion	M-115 Large deviations: Çok nadir olayları tek tek simüle etmek yerine “en ucuz nadir yol”un maliyetini hesapla | M-156 Large-deviation path principle: Tüm trajectory’ler arasında rare macroscopic davranışın en ucuz path’ini bul		HIGH_WITH_SUPPORTING_ANCHORS	M
IM-270	LATENT SCORES ARE NOT COMPARABLE ACROSS GROUPS/TIME IF THE MEASUREMENT MAP ITSELF CHANGES	pre_saturation_registry	S-330; S-331	rehydrated_from_donor_inventory_exact_anchor_LCB-7F3A91	S-330:Differential item functioning | S-331:Measurement invariance	S-330:Measurement fairness/invariance | S-331:Multi-group latent model			measure	observation_measurement;sequential_time	latent/information-state;observation/signal	static/unspecified	latent/partial	passive inference/diagnostic	none-explicit	automatic first-pass from canonical family text; manual audit before hard exclusion	S-330 Differential item functioning: Aynı hidden ability’de iki group aynı item’a farklı cevap veriyorsa item measurement-neutral değildir | S-331 Measurement invariance: Group/time değişince measurement map değişiyorsa latent scores doğrudan karşılaştırılamaz		HIGH_WITH_SUPPORTING_ANCHORS	S
IM-271	RESIDUAL DEPENDENCE AFTER CONDITIONING ON LATENT STATE IS EVIDENCE THE STATE REPRESENTATION IS INCOMPLETE	pre_saturation_registry	S-332; S-855	rehydrated_from_donor_inventory_exact_anchor_LCB-7F3A91	S-332:Local independence diagnostic | S-855:Local-dependence IRT	S-332:Latent-variable model | S-855:Violated local independence			represent→condition	representation;optimization_constraints;dynamics_memory	latent/information-state;dynamic-state/path	static/unspecified	latent/partial	mechanism/structural	certificate/exact	automatic first-pass from canonical family text; manual audit before hard exclusion	S-332 Local independence diagnostic: Latent variable’ı condition ettikten sonra indicators hâlâ bağlıysa hidden-state representation eksik olabilir | S-855 Local-dependence IRT: One latent score conditioned on olsa bile certain items still directly correlated olabilir		HIGH_WITH_SUPPORTING_ANCHORS	S
IM-272	MANY TINY SAME-DIRECTION ERRORS CAN BECOME STRONG EVIDENCE THROUGH ACCUMULATION EVEN WHEN NO SINGLE OBSERVATION IS ABNORMAL	pre_saturation_registry	S-333	rehydrated_from_donor_inventory_exact_anchor_LCB-7F3A91	S-333:CUSUM	S-333:Sequential change detection			structural_relation	observation_measurement;robustness_error	observation/signal	static/unspecified	unspecified	passive inference/diagnostic	none-explicit	automatic first-pass from canonical family text; manual audit before hard exclusion	S-333 CUSUM: Küçük directional deviations tek tek önemsiz görünse de aynı yönde birikirse alarm ver		HIGH	S
IM-273	WHEN EVIDENCE REVERSES, RESET OLD EVIDENCE DEBT SO A NEW EPISODE IS NOT MASKED BY THE PAST	pre_saturation_registry	S-336	rehydrated_from_donor_inventory_exact_anchor_LCB-7F3A91	S-336:Page stopping rule	S-336:Persistent one-sided shifts			structural_relation	general_mechanism	feasible-set	static/unspecified	unspecified	mechanism/structural	none-explicit	automatic first-pass from canonical family text; manual audit before hard exclusion	S-336 Page stopping rule: Evidence kötü yöne giderse geçmiş negative accumulation’ı sıfırla ve yeni run başlat		HIGH	S
IM-274	YOU CANNOT EVALUATE/TRANSPORT AN ACTION OR POPULATION REGION THAT SOURCE DATA NEVER SUPPORTS	pre_saturation_registry	S-727; S-952	rehydrated_from_donor_inventory_exact_anchor_LCB-7F3A91	S-727:Sequential positivity | S-952:Source-overlap/positivity	S-727:Policy support | S-952:Support overlap			transport	control_decision;network_transport	action/policy	static/unspecified	support-limited	active control/decision	none-explicit	automatic first-pass from canonical family text; manual audit before hard exclusion	S-727 Sequential positivity: Regime’in isteyebileceği her action relevant histories içinde observed data’da nonzero chance ile gerçekleşmiş olmalı | S-952 Source-overlap/positivity: Target population’daki relevant covariate regions’in rich sample’da sufficient representation’ı bulunmalı		HIGH_WITH_SUPPORTING_ANCHORS	S
IM-275	TWO WRONG-PRONE MODELS CAN BE COMBINED SO VALIDITY SURVIVES IF EITHER ONE OF TWO DISTINCT MODELING ROUTES IS CORRECT	pre_saturation_registry	S-068; S-953	rehydrated_from_donor_inventory_exact_anchor_LCB-7F3A91	S-068:Doubly robust estimation | S-953:Doubly robust data integration	S-068:At least one nuisance model correctly specified | S-953:Two nuisance models			route	certificate_validation;network_transport	graph/network	static/unspecified	selected/conditioned	mechanism/structural	none-explicit	automatic first-pass from canonical family text; manual audit before hard exclusion	S-068 Doubly robust estimation: Combine two correction models so getting either one right can be enough | S-953 Doubly robust data integration: Selection model veya outcome model’den en az biri doğruysa estimator consistency koruyabilsin		HIGH_WITH_SUPPORTING_ANCHORS	S
IM-276	MILLIONS OF RICH OBSERVATIONS CANNOT OUTGROW A SMALL REFERENCE ANCHOR WHEN THE ANCHOR CONNECTS DATA TO TARGET POPULATION	pre_saturation_registry	S-941; S-960	rehydrated_from_donor_inventory_exact_anchor_LCB-7F3A91	S-941:Probability-sample anchor | S-960:Reference-sample bottleneck	S-941:Probability sample | S-960:Data fusion			structural_relation	observation_measurement;network_transport	observation/signal	static/unspecified	unspecified	passive inference/diagnostic	none-explicit	automatic first-pass from canonical family text; manual audit before hard exclusion	S-941 Probability-sample anchor: Küçük/expensive ama known inclusion mechanism taşıyan sample’ı target population için design-valid reference yap | S-960 Reference-sample bottleneck: Millions of rich records olsa bile target-population anchoring information küçük/noisy reference sample tarafından limitlenebilir		HIGH_WITH_SUPPORTING_ANCHORS	S
IM-277	THE SAME INPUT CAN PRODUCE AN IMMEDIATE RESPONSE AND A SLOWER INTERNAL-STATE RESPONSE ON DIFFERENT CLOCKS	pre_saturation_registry	P-529; P-530	rehydrated_from_donor_inventory_exact_anchor_LCB-7F3A91	P-529:Direct velocity effect | P-530:State evolution	P-529:Rate dependence | P-530:Internal interface state			structural_relation	dynamics_memory;sequential_time	dynamic-state/path	sequential;multiscale	unspecified	mechanism/structural	none-explicit	automatic first-pass from canonical family text; manual audit before hard exclusion	P-529 Direct velocity effect: Sliding velocity aniden değişince friction daha state yeniden organize olmadan immediate response verir | P-530 State evolution: Sliding eski contacts’i yenileriyle değiştirir; interface memory’si characteristic slip/time scale’da update olur		HIGH_WITH_SUPPORTING_ANCHORS	P
IM-278	ALTERNATING LOCAL CORRECTIONS MAY NEED A MEMORY OF PREVIOUS CORRECTION ERROR TO CONVERGE TO RIGHT GLOBAL OBJECT	pre_saturation_registry	M-159	rehydrated_from_donor_inventory_exact_anchor_LCB-7F3A91	M-159:Dykstra algorithm	M-159:Convex sets			structural_relation	dynamics_memory;robustness_error	dynamic-state/path	static/unspecified	unspecified	mechanism/structural	local	ALIAS_CHILD_CANDIDATE_OF_IM-242_EXACT_SOURCE_COLLISION	M-159 Dykstra algorithm: Birden çok constraint set’e sırayla project et ama önceki projection hatasını memory variable ile düzelt		HIGH	M
IM-279	SOLVE LARGE COUPLED PROBLEMS LOCALLY, THEN USE A SHADOW-PRICE/CONSENSUS SIGNAL TO FORCE AGREEMENT	pre_saturation_registry	M-160	rehydrated_from_donor_inventory_exact_anchor_LCB-7F3A91	M-160:Alternating direction method	M-160:Separable convex structure			structural_relation	observation_measurement;optimization_constraints	observation/signal	static/unspecified	strategic/informational	mechanism/structural	local	automatic first-pass from canonical family text; manual audit before hard exclusion	M-160 Alternating direction method: Büyük problemi parçalara böl; local çözümleri multiplier/consensus sinyaliyle uyumlu hale getir		HIGH	M
IM-280	UNCERTAINTY WIDTH ITSELF CAN BE A FEEDBACK CONTROL VARIABLE USED TO RESTORE A COVERAGE TARGET	pre_saturation_registry	S-390	rehydrated_from_donor_inventory_exact_anchor_LCB-7F3A91	S-390:Adaptive conformal inference	S-390:Online feedback			control	control_decision;dynamics_memory;robustness_error;sequential_time	action/policy	sequential	endogenous-feedback	active control/decision	none-explicit	automatic first-pass from canonical family text; manual audit before hard exclusion	S-390 Adaptive conformal inference: Sequential prediction errors arttığında future intervals’ı genişletip coverage target’ına geri dön		HIGH	S
IM-281	THE AMOUNT OF HISTORY RETAINED CAN BE CHOSEN ENDOGENOUSLY FROM EVIDENCE OF A REGIME BREAK	pre_saturation_registry	S-399	rehydrated_from_donor_inventory_exact_anchor_LCB-7F3A91	S-399:ADWIN	S-399:Adaptive window			structural_relation	sequential_time	generic	sequential	endogenous-feedback	mechanism/structural	none-explicit	automatic first-pass from canonical family text; manual audit before hard exclusion	S-399 ADWIN: Recent data’yı iki candidate window’a böl; distributions anlamlı ayrışıyorsa eski kısmı bırak		HIGH	S
IM-282	NOMINAL COMMITMENTS CAN EXCEED PHYSICAL CAPACITY WHEN ONLY A RANDOM SUBSET MATERIALIZES — AT COST OF OVERFLOW RISK	pre_saturation_registry	E-465; E-466	rehydrated_from_donor_inventory_exact_anchor_LCB-7F3A91	E-465:Overbooking | E-466:Overbooking tradeoff	E-465:No-show uncertainty | E-466:Random show-up			structural_relation	control_decision;dynamics_memory	dynamic-state/path;feasible-set;resource/flow	dynamic	unspecified	mechanism/structural	probabilistic	automatic first-pass from canonical family text; manual audit before hard exclusion	E-465 Overbooking: Bazı customers gelmeyecek diye physical capacity’den fazla reservation kabul et | E-466 Overbooking tradeoff: Empty seat cost ile too-many-arrive compensation cost’unu karşılaştır		HIGH_WITH_SUPPORTING_ANCHORS	E
IM-283	A TINY INFORMATION-ACQUISITION FRICTION CAN DESTROY SEARCH ENTIRELY THROUGH EQUILIBRIUM FEEDBACK	pre_saturation_registry	E-480	rehydrated_from_donor_inventory_exact_anchor_LCB-7F3A91	E-480:Diamond search paradox	E-480:Sequential price search			structural_relation	dynamics_memory;information_incentive	generic	static/unspecified	lossy/garbled;endogenous-feedback;strategic/informational	mechanism/structural	none-explicit	automatic first-pass from canonical family text; manual audit before hard exclusion	E-480 Diamond search paradox: Minicik positive search cost bile bazı settings’de consumers’ın hiç search etmemesine ve monopoly-like price’a yol açabilir		HIGH	E
IM-284	FAILURE OF LONG-RANGE PROPAGATION DOES NOT MEAN THE FIELD/INFLUENCE VANISHES LOCALLY	pre_saturation_registry	P-542	rehydrated_from_donor_inventory_exact_anchor_LCB-7F3A91	P-542:Evanescent mode	P-542:Below-cutoff mode			structural_relation	dynamics_memory	dynamic-state/path	dynamic	unspecified	mechanism/structural	local	automatic first-pass from canonical family text; manual audit before hard exclusion	P-542 Evanescent mode: Propagation yasaklandığında field aniden sıfır olmaz; distance ile exponential decay eder		HIGH	P
IM-285	THE SPEED OF A VISIBLE PATTERN NEED NOT BE THE SPEED OF ENERGY OR INFORMATION TRANSPORT	pre_saturation_registry	P-546	rehydrated_from_donor_inventory_exact_anchor_LCB-7F3A91	P-546:Phase/group velocity separation	P-546:Dispersive medium/guide			transport	network_transport;information_incentive	generic	static/unspecified	strategic/informational	mechanism/structural	none-explicit	automatic first-pass from canonical family text; manual audit before hard exclusion	P-546 Phase/group velocity separation: Constant-phase pattern’ın speed’i ile energy/information packet’ın speed’i aynı olmak zorunda değildir		HIGH	P
IM-286	A LOCAL DEFECT CAN CREATE AN ALLOWED LOCALIZED STATE INSIDE A BULK-FORBIDDEN REGIME	pre_saturation_registry	P-556	rehydrated_from_donor_inventory_exact_anchor_LCB-7F3A91	P-556:Defect mode in band gap	P-556:Periodic structure + defect			structural_relation	dynamics_memory	dynamic-state/path	static/unspecified	unspecified	mechanism/structural	local	automatic first-pass from canonical family text; manual audit before hard exclusion	P-556 Defect mode in band gap: Normally forbidden frequency’de local defect confined allowed state yaratabilir		HIGH	P
IM-287	A NOMINALLY FORBIDDEN CHANNEL CAN TRANSMIT ACROSS A FINITE BARRIER THROUGH AN EXPONENTIALLY DECAYING INTERMEDIATE FIELD	pre_saturation_registry	P-560	rehydrated_from_donor_inventory_exact_anchor_LCB-7F3A91	P-560:Frustrated total internal reflection	P-560:Finite gap			structural_relation	network_transport	generic	static/unspecified	unspecified	mechanism/structural	none-explicit	automatic first-pass from canonical family text; manual audit before hard exclusion	P-560 Frustrated total internal reflection: Normalde total-reflected wave, ikinci medium evanescent tail içine yeterince yakın konursa barrier üzerinden finite transmission gösterebilir		HIGH	P
IM-288	DELIBERATELY MAKING ONE OPTION WORSE CAN IMPROVE HIDDEN-TYPE SEPARATION AND IMPLEMENTABILITY	pre_saturation_registry	E-476	rehydrated_from_donor_inventory_exact_anchor_LCB-7F3A91	E-476:Damaged goods strategy	E-476:Market power + unverifiable type			structural_relation	general_mechanism	latent/information-state	static/unspecified	latent/partial	mechanism/structural	none-explicit	automatic first-pass from canonical family text; manual audit before hard exclusion	E-476 Damaged goods strategy: High-quality product’ı bilerek sınırlayıp cheaper version yaratmak segmentation’ı mümkün kılabilir		HIGH	E
IM-289	DISTRIBUTION SHIFT MUST BE DECOMPOSED INTO CHANGED INPUT MIX VS CHANGED INPUT→OUTCOME MECHANISM	pre_saturation_registry	S-381; S-383	rehydrated_from_donor_inventory_exact_anchor_LCB-7F3A91	S-381:Concept drift | S-383:Covariate shift	S-381:Nonstationary prediction | S-383:Support overlap			structural_relation	representation	distribution	static/unspecified	unspecified	mechanism/structural	none-explicit	automatic first-pass from canonical family text; manual audit before hard exclusion	S-381 Concept drift: $P(Y\mid X)$ zamanla değişebilir; eski predictive relation artık aynı olmayabilir | S-383 Covariate shift: $P(X)$ değişir ama $P(Y\mid X)$ sabit kalır		HIGH_WITH_SUPPORTING_ANCHORS	S
IM-290	AN EXACT REWEIGHTING CORRECTION CAN BE WORSE THAN A BIASED ONE WHEN NEAR-UNSUPPORTED CASES RECEIVE ENORMOUS WEIGHTS	pre_saturation_registry	S-386	rehydrated_from_donor_inventory_exact_anchor_LCB-7F3A91	S-386:Importance-weight clipping	S-386:Shift estimation			reweight	estimation_learning;robustness_error	generic	static/unspecified	support-limited	mechanism/structural	certificate/exact;local	automatic first-pass from canonical family text; manual audit before hard exclusion	S-386 Importance-weight clipping: Extreme density ratios variance’ı patlatıyorsa büyük weights’i sınırlayıp biraz bias kabul et		HIGH	S
IM-291	IN SEQUENTIAL DISCOVERY, FUTURE TESTING BUDGET CAN BE A STOCHASTIC STATE CREATED OR DEPLETED BY EARLIER RESULTS	pre_saturation_registry	S-391; S-392	rehydrated_from_donor_inventory_exact_anchor_LCB-7F3A91	S-391:Online FDR | S-392:Alpha investing	S-391:Sequential multiple testing | S-392:Online error control			structural_relation	dynamics_memory;sequential_time	dynamic-state/path	sequential	unspecified	mechanism/structural	none-explicit	automatic first-pass from canonical family text; manual audit before hard exclusion	S-391 Online FDR: Hypotheses sırayla gelirken geçmiş discoveries’e göre future significance budget’ını ayarla | S-392 Alpha investing: Rejection kazandıkça future testing budget’ı artabilir; başarısız tests budget tüketir		HIGH_WITH_SUPPORTING_ANCHORS	S
IM-292	ELIMINATING HIDDEN DYNAMIC VARIABLES CAN TURN A MARKOV/LOCAL SYSTEM INTO MEMORY + COLORED NOISE	pre_saturation_registry	P-105; P-106; P-107	rehydrated_from_donor_inventory_exact_anchor_LCB-7F3A91	P-105:Mori projection | P-106:Zwanzig projection | P-107:Generalized Langevin equation	P-105:Projection formalism | P-106:Chosen relevant subspace | P-107:Exact projected dynamics			structural_relation	dynamics_memory;robustness_error	latent/information-state;dynamic-state/path	dynamic	latent/partial	mechanism/structural	local	automatic first-pass from canonical family text; manual audit before hard exclusion	P-105 Mori projection: Çok büyük system dynamics’inden sadece seçtiğin observables’ı tut; kalanların etkisi memory + noise olarak geri gelir | P-106 Zwanzig projection: “Relevant variables” ile geri kalan degrees of freedom’ı projection ile ayır | P-107 Generalized Langevin equation: Unuttuğun microscopic variables current state’e memory kernel ve colored noise olarak geri döner		HIGH_WITH_SUPPORTING_ANCHORS	P
IM-293	FAST MICRO-MOTION CAN ALTER THE EFFECTIVE SLOW POTENTIAL AND STABILIZE AN OTHERWISE UNSTABLE STATE	pre_saturation_registry	P-114; P-115	rehydrated_from_donor_inventory_exact_anchor_LCB-7F3A91	P-114:Kapitza stabilization | P-115:Dynamic stabilization	P-114:High-frequency forcing | P-115:Multi-scale forcing			stabilize	optimization_constraints;dynamics_memory	dynamic-state/path	multiscale	unspecified	mechanism/structural	none-explicit	automatic first-pass from canonical family text; manual audit before hard exclusion	P-114 Kapitza stabilization: Çok hızlı titreşim, normalde unstable olan slow configuration’ı effective olarak stable yapabilir | P-115 Dynamic stabilization: Instantaneous force hep “stabilizing” görünmese de fast motion average effective potential’ı değiştirir		HIGH_WITH_SUPPORTING_ANCHORS	P
IM-294	CHANNEL INDEPENDENCE IS CONDITIONAL ON GEOMETRY; CHANGING MEDIUM CAN CONVERT ENERGY BETWEEN PREVIOUSLY ORTHOGONAL MODES	pre_saturation_registry	P-549; P-550; P-551	rehydrated_from_donor_inventory_exact_anchor_LCB-7F3A91	P-549:Mode conversion | P-550:Adiabatic mode conversion | P-551:Nonadiabatic mode mixing	P-549:Inhomogeneous guide | P-550:Slowly varying guide | P-551:Abrupt transition			condition	network_transport	generic	static/unspecified	unspecified	mechanism/structural	none-explicit	automatic first-pass from canonical family text; manual audit before hard exclusion	P-549 Mode conversion: Geometry/material değişimi incoming mode energy’sini başka allowed modes’a aktarabilir | P-550 Adiabatic mode conversion: Geometry yeterince yavaş değişirse wave sudden scattering yerine evolving local mode’u takip edebilir | P-551 Nonadiabatic mode mixing: Geometry hızlı değişirse local mode tracking bozulur ve multiple modes excite olur		HIGH_WITH_SUPPORTING_ANCHORS	P
IM-295	EFFECTIVE REDUNDANCY HAS AN EXACT DUAL: MAX DISJOINT ROUTES = MINIMUM SEPARATOR	pre_saturation_registry	M-375	rehydrated_from_donor_inventory_exact_anchor_LCB-7F3A91	M-375:Menger theorem	M-375:Graph connectivity			route	optimization_constraints;network_transport	graph/network	static/unspecified	unspecified	mechanism/structural	certificate/exact	automatic first-pass from canonical family text; manual audit before hard exclusion	M-375 Menger theorem: İki region arasında kaç bağımsız route varsa onları tamamen ayırmak için en az o kadar bottleneck kaldırmak gerekir		HIGH	M
IM-296	TRANSFER/CLIP THE DOWNSIDE AND AN AGENT MAY RATIONALLY SEEK MORE VARIANCE	pre_saturation_registry	E-710	rehydrated_from_donor_inventory_exact_anchor_LCB-7F3A91	E-710:Asset substitution / risk shifting	E-710:Limited liability			structural_relation	information_incentive;sequential_time	generic	sequential	unspecified	mechanism/structural	none-explicit	automatic first-pass from canonical family text; manual audit before hard exclusion	E-710 Asset substitution / risk shifting: Equity holders debt outstanding iken project riskini yükselterek upside’ın çoğunu alıp downside’ın bir kısmını creditors’a bırakabilir		HIGH	E
IM-297	ZERO SMALL-SCALE NET DISPLACEMENT DOES NOT MEAN ZERO EFFECT: SECOND-ORDER ROUGHNESS CAN ACCUMULATE FINITELY	pre_saturation_registry	M-381; M-382; M-384	rehydrated_from_donor_inventory_exact_anchor_LCB-7F3A91	M-381:Itô formula | M-382:Itô correction | M-384:Quadratic variation	M-381:Semimartingale | M-382:Diffusive scaling | M-384:Rough stochastic paths			accumulate	general_mechanism	generic	multiscale	unspecified	mechanism/structural	none-explicit	automatic first-pass from canonical family text; manual audit before hard exclusion	M-381 Itô formula: Random hareket altında function’ın değişimi yalnız slope×move değildir; randomness’in quadratic variation’ı ekstra curvature term üretir | M-382 Itô correction: Çok küçük random movements tek tek sıfıra yakın olsa da squared movements toplandığında kaybolmaz | M-384 Quadratic variation: Path’in ordinary total displacement’ı küçük olabilir ama küçük increments’in kareleri finite aggregate bırakabilir		HIGH_WITH_SUPPORTING_ANCHORS	M
IM-298	FOR ROUGH DRIVERS, ENDPOINTS AND FIRST-ORDER INCREMENTS ARE INSUFFICIENT; LOOP AREA/ORDER MUST BE RETAINED	pre_saturation_registry	M-392; M-393; M-394	rehydrated_from_donor_inventory_exact_anchor_LCB-7F3A91	M-392:Rough path lift | M-393:Path signature | M-394:Chen identity	M-392:Low-regularity driving signals | M-393:Bounded variation/rough paths | M-394:Concatenated paths			structural_relation	general_mechanism	generic	static/unspecified	unspecified	mechanism/structural	local	automatic first-pass from canonical family text; manual audit before hard exclusion	M-392 Rough path lift: Çok düzensiz path için yalnız increments yetmez; küçük loops’un oriented area bilgisini de taşı | M-393 Path signature: Bir path’i ordered iterated interactions listesiyle temsil et; sadece endpoint değil hareket sırası da kalsın | M-394 Chen identity: Uzun path’in signature’ı ardışık path parçalarının algebraic product’ından birleşir		HIGH_WITH_SUPPORTING_ANCHORS	M
IM-299	EVERY ASYMPTOTIC MODE CAN DECAY WHILE THE SYSTEM STILL HAS ENORMOUS FINITE-TIME AMPLIFICATION	pre_saturation_registry	P-098; P-099	rehydrated_from_donor_inventory_exact_anchor_LCB-7F3A91	P-098:Non-normal transient growth | P-099:Pseudospectrum	P-098:Non-orthogonal operator | P-099:Non-normal/sensitive operator			structural_relation	sequential_time	generic	asymptotic;finite-horizon	unspecified	mechanism/structural	asymptotic	automatic first-pass from canonical family text; manual audit before hard exclusion	P-098 Non-normal transient growth: Bütün eigenmodes sonunda sönse bile birbirine eğik directions geçici dev amplification yaratabilir | P-099 Pseudospectrum: Küçük operator hatası eigenvalue’ları beklenenden çok oynatabiliyorsa nominal spectrum yanıltıcıdır		HIGH_WITH_SUPPORTING_ANCHORS	P
IM-300	AN INTERVENTION CAN CREATE THE CONFOUNDER THAT LATER PREVENTS CLEAN DECOMPOSITION OF ITS OWN EFFECT	pre_saturation_registry	S-648; S-725	rehydrated_from_donor_inventory_exact_anchor_LCB-7F3A91	S-648:Exposure-induced mediator–outcome confounder | S-725:Time-varying confounder affected by prior treatment	S-648:Time-varying causal structure | S-725:Longitudinal causal feedback			structural_relation	representation;identification_causal;control_decision	generic	static/unspecified	unspecified	active control/decision	none-explicit	automatic first-pass from canonical family text; manual audit before hard exclusion	S-648 Exposure-induced mediator–outcome confounder: Treatment bir intermediate variable yaratır; bu variable hem mediator hem outcome’u etkiler ve standard natural-effects identification’ını bozar | S-725 Time-varying confounder affected by prior treatment: Bir variable future treatment ve outcome’u etkiliyor ama kendisi geçmiş treatment’tan etkilenmişse ordinary regression adjustment causal paths’i bozabilir		HIGH_WITH_SUPPORTING_ANCHORS	S
IM-301	WHEN DESIRED CONTRIBUTIONS DEPHASE AND CANCEL, PERIODIC SIGN REVERSAL CAN RESET PHASE AND MAKE THEM ACCUMULATE	pre_saturation_registry	P-289	rehydrated_from_donor_inventory_exact_anchor_LCB-7F3A91	P-289:Quasi-phase matching	P-289:Engineered modulation			accumulate→cancel	general_mechanism	feasible-set	static/unspecified	unspecified	mechanism/structural	none-explicit	automatic first-pass from canonical family text; manual audit before hard exclusion	P-289 Quasi-phase matching: Natural phase mismatch’i periodic sign reversals ile tekrar tekrar resetleyip contributions’ın aynı yönde birikmesini sağla		HIGH	P
IM-302	PASSIVE SPONTANEOUS FLUCTUATIONS CAN REVEAL HOW THE SYSTEM WILL RESPOND TO A SMALL ACTIVE PERTURBATION	pre_saturation_registry	P-102	rehydrated_from_donor_inventory_exact_anchor_LCB-7F3A91	P-102:Fluctuation–dissipation theorem	P-102:Equilibrium/time-reversal conditions			reveal	information_incentive;robustness_error	generic	static/unspecified	unspecified	passive inference/diagnostic	none-explicit	automatic first-pass from canonical family text; manual audit before hard exclusion	P-102 Fluctuation–dissipation theorem: Sistem kendiliğinden ne kadar oynuyorsa dışarıdan küçük dürtüye response’u onunla bağlantılıdır		HIGH	P
IM-303	A MACRO TRANSPORT COEFFICIENT CAN BE RECOVERED FROM TIME-INTEGRATED MEMORY OF MICROSCOPIC SPONTANEOUS CURRENTS	pre_saturation_registry	P-104	rehydrated_from_donor_inventory_exact_anchor_LCB-7F3A91	P-104:Green–Kubo relation	P-104:Equilibrium statistical mechanics			recover→transport	identification_causal;dynamics_memory;network_transport;sequential_time	dynamic-state/path	static/unspecified	unspecified	mechanism/structural	none-explicit	automatic first-pass from canonical family text; manual audit before hard exclusion	P-104 Green–Kubo relation: Macroscopic transport coefficient’i microscopic spontaneous correlation’ların zaman integralinden çıkar		HIGH	P
IM-304	TWO CROSS-RESPONSES THAT LOOK LIKE SEPARATE PARAMETERS CAN BE FORCED TO MATCH BY REVERSIBILITY SYMMETRY	pre_saturation_registry	P-103	rehydrated_from_donor_inventory_exact_anchor_LCB-7F3A91	P-103:Onsager reciprocity	P-103:Near equilibrium + microscopic reversibility			structural_relation	general_mechanism	generic	static/unspecified	unspecified	mechanism/structural	none-explicit	automatic first-pass from canonical family text; manual audit before hard exclusion	P-103 Onsager reciprocity: Bir flux’u süren force ile ters eş process arasında symmetric relation olabilir		HIGH	P
IM-305	COST OF MAINTAINING A NONEQUILIBRIUM STATE AND COST OF MOVING BETWEEN STATES ARE DIFFERENT ACCOUNTS	pre_saturation_registry	P-128; P-129	rehydrated_from_donor_inventory_exact_anchor_LCB-7F3A91	P-128:Hatano–Sasa relation | P-129:Housekeeping heat	P-128:NESS transitions | P-129:Driven steady state			structural_relation	dynamics_memory	dynamic-state/path	static/unspecified	unspecified	mechanism/structural	none-explicit	automatic first-pass from canonical family text; manual audit before hard exclusion	P-128 Hatano–Sasa relation: Stationary nonequilibrium states arasında sürerken housekeeping vs excess dissipation ayır | P-129 Housekeeping heat: System aynı nonequilibrium state’i korumak için sürekli enerji harcar		HIGH_WITH_SUPPORTING_ANCHORS	P
IM-306	CLOSER IN ONE OBSERVED SCALAR DOES NOT IMPLY FASTER RELAXATION WHEN HIDDEN MODES HAVE DIFFERENT WEIGHTS	pre_saturation_registry	P-137; P-138	rehydrated_from_donor_inventory_exact_anchor_LCB-7F3A91	P-137:Mpemba effect | P-138:Kovacs memory effect	P-137:Multiple relaxation modes | P-138:Hidden relaxation modes			observe→relax	observation_measurement;dynamics_memory	latent/information-state;dynamic-state/path;observation/signal	dynamic;multiscale	latent/partial	passive inference/diagnostic	none-explicit	automatic first-pass from canonical family text; manual audit before hard exclusion	P-137 Mpemba effect: Daha sıcak başlangıç bazı koşullarda daha soğuk başlangıçtan önce soğuyabilir | P-138 Kovacs memory effect: Observable equilibrium değerinde olsa bile hidden modes dengesizse sonradan overshoot çıkar		HIGH_WITH_SUPPORTING_ANCHORS	P
IM-307	DESIGN THE TARGET SCORE SO SMALL NUISANCE ERRORS CANCEL TO FIRST ORDER	pre_saturation_registry	S-069; S-123	rehydrated_from_donor_inventory_exact_anchor_LCB-7F3A91	S-069:Orthogonal score | S-123:Neyman orthogonality	S-069:Local derivative cancellation | S-123:Differentiability/local insensitivity			cancel	estimation_learning;robustness_error	generic	static/unspecified	unspecified	mechanism/structural	none-explicit	automatic first-pass from canonical family text; manual audit before hard exclusion	S-069 Orthogonal score: Construct an estimator whose target barely moves under small nuisance-estimation errors | S-123 Neyman orthogonality: Nuisance estimate biraz yanlış olsa bile target score ilk mertebede etkilenmesin		HIGH_WITH_SUPPORTING_ANCHORS	S
IM-308	ESTIMATE A NUISANCE MODEL ON DIFFERENT DATA FROM THE DATA USED TO EVALUATE ITS TARGET SCORE	pre_saturation_registry	S-070	rehydrated_from_donor_inventory_exact_anchor_LCB-7F3A91	S-070:Cross-fitting	S-070:Sample splitting			structural_relation	estimation_learning	generic	static/unspecified	unspecified	passive inference/diagnostic	none-explicit	automatic first-pass from canonical family text; manual audit before hard exclusion	S-070 Cross-fitting: Estimate nuisance components on other observations so self-fitting contamination is reduced		HIGH	S
IM-309	ONCE DATA WERE USED TO CHOOSE WHAT TO TEST, THE VALID REFERENCE LAW MUST ACCOUNT FOR THAT SELECTION EVENT	pre_saturation_registry	S-241; S-242	rehydrated_from_donor_inventory_exact_anchor_LCB-7F3A91	S-241:Selective inference | S-242:Post-selection interval	S-241:Selection event | S-242:Model selection			select	observation_measurement;certificate_validation	generic	static/unspecified	selected/conditioned	mechanism/structural	none-explicit	automatic first-pass from canonical family text; manual audit before hard exclusion	S-241 Selective inference: Data’ya bakıp hypothesis/model seçtiysen inference’ı “bunu seçmiş olma” şartına göre düzelt | S-242 Post-selection interval: “En ilginç görünen coefficient” seçildikten sonra ordinary CI yerine seçim bias’ını içeren interval üret		HIGH_WITH_SUPPORTING_ANCHORS	S
IM-310	BUILD A SYNTHETIC EXCHANGEABLE FAKE TWIN AND LET THE REAL VARIABLE EARN DISCOVERY ONLY BY BEATING ITS TWIN	pre_saturation_registry	S-172; S-489	rehydrated_from_donor_inventory_exact_anchor_LCB-7F3A91	S-172:Knockoffs | S-489:Knockoff+	S-172:Exchangeability construction | S-489:Feature-X/model-X assumptions			structural_relation	general_mechanism	generic	static/unspecified	unspecified	mechanism/structural	none-explicit	automatic first-pass from canonical family text; manual audit before hard exclusion	S-172 Knockoffs: Gerçek feature’ların sahte ikizlerini üret; gerçek feature ancak ikizinden daha iyi ise seç | S-489 Knockoff+: Real feature’ları dependency-matched fake twins ile yarıştırıp selections içinde FDR kontrol et		HIGH_WITH_SUPPORTING_ANCHORS	S
IM-311	MANY SIGNALS CAN BE INDIVIDUALLY UNDETECTABLE YET COLLECTIVELY DETECTABLE THROUGH A SMALL GLOBAL DISTORTION OF NULL	pre_saturation_registry	S-174	rehydrated_from_donor_inventory_exact_anchor_LCB-7F3A91	S-174:Higher criticism	S-174:Rare/weak regime			detect	observation_measurement;optimization_constraints	distribution;observation/signal	static/unspecified	strategic/informational	passive inference/diagnostic	certificate/exact	automatic first-pass from canonical family text; manual audit before hard exclusion	S-174 Higher criticism: Tek tek çok zayıf ama topluca var olan sparse sinyalleri p-value distribution’ın küçük sapmalarından bul		HIGH	S
IM-312	TARGET-SPECIFIC LOCAL CONTAMINATION SENSITIVITY CAN BOTH CORRECT AN ESTIMATE AND DEFINE BEST ACHIEVABLE FIRST-ORDER PRECISION	pre_saturation_registry	S-017; S-121; S-122	rehydrated_from_donor_inventory_exact_anchor_LCB-7F3A91	S-017:Influence function | S-121:Semiparametric efficiency | S-122:Efficient influence function	S-017:Local contamination analysis | S-121:Tangent-space theory | S-122:Regular models			structural_relation	estimation_learning;robustness_error	generic	static/unspecified	unspecified	passive inference/diagnostic	local	automatic first-pass from canonical family text; manual audit before hard exclusion	S-017 Influence function: Ask how much the estimator moves if an infinitesimal amount of contamination is added here | S-121 Semiparametric efficiency: Her şeyi parametrize etmeden target için mümkün olan en düşük asymptotic variance’ı bul | S-122 Efficient influence function: Küçük data contamination’ın target’ı nasıl oynattığını temsil eden en iyi local direction’ı bul		HIGH_WITH_SUPPORTING_ANCHORS	S
IM-313	SYMMETRY CAN CERTIFY A CONSERVED QUANTITY	saturation_pass_survivor	P-015	exact source ids preserved in saturation file	P-015:Noether mechanism	P-015:Action/Lagrangian symmetry	IM-139	Conservation is not assumed; a continuous symmetry generates the invariant.	certify→conserve	certificate_validation	generic	static/unspecified	unspecified	mechanism/structural	certificate/exact	automatic first-pass from canonical family text; manual audit before hard exclusion			EXISTING_EXPLICIT_MAPPING	P
IM-314	NONLINEAR STATE DYNAMICS CAN BECOME LINEAR IN A LIFTED OBSERVABLE SPACE	saturation_pass_survivor	M-401	exact source ids preserved in saturation file	M-401:Koopman operator	M-401:Deterministic dynamics + observable space	IM-254	Changes the state representation so nonlinear evolution is carried by a linear observable operator.	structural_relation	representation;observation_measurement;dynamics_memory	dynamic-state/path;observation/signal	dynamic	unspecified	passive inference/diagnostic	local	automatic first-pass from canonical family text; manual audit before hard exclusion			EXISTING_EXPLICIT_MAPPING	M
IM-315	AN APPROXIMATE TRAJECTORY CAN CORRESPOND TO A NEARBY TRUE TRAJECTORY	saturation_pass_survivor	M-697	exact source ids preserved in saturation file	M-697:Shadowing lemma	M-697:Hyperbolic regime	IM-041	Hyperbolicity can turn local numerical/path errors into shadowing by a genuine orbit, not merely qualitative robustness.	structural_relation	general_mechanism	dynamic-state/path	dynamic	unspecified	mechanism/structural	local	automatic first-pass from canonical family text; manual audit before hard exclusion			EXISTING_EXPLICIT_MAPPING	M
IM-316	DIFFERENT ERROR WAVELENGTHS REQUIRE DIFFERENT RESOLUTION SCALES	saturation_pass_survivor	M-139	exact source ids preserved in saturation file	M-139:Multigrid	M-139:Scale-separated numerical error	IM-037, IM-161	Multigrid removes short-scale and long-scale errors on different grids rather than using one resolution everywhere.	structural_relation	robustness_error	generic	multiscale	unspecified	mechanism/structural	none-explicit	automatic first-pass from canonical family text; manual audit before hard exclusion			EXISTING_EXPLICIT_MAPPING	M
IM-317	A LOCAL GROWTH INEQUALITY CAN GIVE A GLOBAL FINITE-HORIZON ERROR ENVELOPE	saturation_pass_survivor	M-109	exact source ids preserved in saturation file	M-109:Grönwall inequality	M-109:Integral/differential bound	IM-224	Finite-time deviation propagation can be bounded without solving the full trajectory or proving asymptotic stability.	structural_relation	dynamics_memory;robustness_error;sequential_time	generic	finite-horizon	unspecified	mechanism/structural	bound;local	automatic first-pass from canonical family text; manual audit before hard exclusion			EXISTING_EXPLICIT_MAPPING	M
IM-318	MANY WEAKLY INFLUENTIAL RANDOM INPUTS CAN FORCE A GLOBAL OUTPUT TO CONCENTRATE	saturation_pass_survivor	M-188; M-621; M-623; M-624; M-625; M-626	exact source ids preserved in saturation file	M-188:Concentration of measure | M-621:McDiarmid bounded-differences inequality | M-623:Gaussian concentration | M-624:Lévy concentration on sphere | M-625:Talagrand convex-distance mechanism | M-626:Tensorization of concentration	M-188:Lipschitz/product-type structure | M-621:Independent inputs + bounded sensitivity | M-623:Gaussian measure | M-624:High-dimensional sphere | M-625:Product spaces | M-626:Product measures	IM-045	Positive structural counterpart to failure of self-averaging: weak local sensitivity plus product/high-dimensional geometry can yield sharp typicality.	structural_relation	general_mechanism	generic	static/unspecified	unspecified	mechanism/structural	probabilistic	automatic first-pass from canonical family text; manual audit before hard exclusion			EXISTING_EXPLICIT_MAPPING	M
IM-319	RANDOM LOW-DIMENSIONAL COMPRESSION CAN PRESERVE THE GEOMETRY THAT MATTERS	saturation_pass_survivor	M-189; M-637	exact source ids preserved in saturation file	M-189:Johnson–Lindenstrauss | M-637:Oblivious subspace embedding	M-189:Random projection | M-637:Fixed low-dimensional subspace	IM-118, IM-257	A random map can preserve pairwise or subspace lengths while reducing dimension, rather than merely probing directions.	compress	representation	generic	static/unspecified	lossy/garbled	mechanism/structural	probabilistic	automatic first-pass from canonical family text; manual audit before hard exclusion			EXISTING_EXPLICIT_MAPPING	M
IM-320	A FLOW CAN BE DECOMPOSED INTO POTENTIAL, CIRCULATING, AND TOPOLOGICAL COMPONENTS	saturation_pass_survivor	M-497; M-498	exact source ids preserved in saturation file	M-497:Hodge decomposition | M-498:Discrete Hodge decomposition	M-497:Inner-product differential complex | M-498:Oriented graph/complex	IM-226	Separates source-to-sink flow, local cycles, and global harmonic circulation instead of only predictable drift vs surprise.	structural_relation	representation;optimization_constraints;dynamics_memory;network_transport	graph/network;dynamic-state/path;resource/flow	dynamic	unspecified	mechanism/structural	none-explicit	automatic first-pass from canonical family text; manual audit before hard exclusion			EXISTING_EXPLICIT_MAPPING	M
IM-321	A CONTINUOUS RELAXATION CAN BECOME EXACTLY DISCRETE UNDER SPECIAL INTEGRAL GEOMETRY	saturation_pass_survivor	M-533; M-534	exact source ids preserved in saturation file	M-533:Total unimodularity | M-534:Network matrix integrality	M-533:Integer matrix structure | M-534:Directed network	IM-052, IM-252	Special constraint matrices make LP vertices integer, so a relaxed optimization solves the discrete problem exactly.	relax	dynamics_memory	dynamic-state/path	dynamic	unspecified	mechanism/structural	certificate/exact	automatic first-pass from canonical family text; manual audit before hard exclusion			EXISTING_EXPLICIT_MAPPING	M
IM-322	GENERALIZATION COMPLEXITY CAN BE CONTROLLED BY SHATTERING CAPACITY, NOT NOMINAL PARAMETER COUNT	saturation_pass_survivor	M-589; M-590; M-591; M-592	exact source ids preserved in saturation file	M-589:VC dimension | M-590:Shattering | M-591:Sauer–Shelah mechanism | M-592:Growth function	M-589:Combinatorial complexity | M-590:Set family | M-591:Finite VC dimension | M-592:Combinatorial class	IM-235	Combinatorial ability to realize label patterns, rather than raw parameter count, controls uniform richness.	control	control_decision	action/policy;resource/flow	static/unspecified	unspecified	active control/decision	none-explicit	automatic first-pass from canonical family text; manual audit before hard exclusion			EXISTING_EXPLICIT_MAPPING	M
IM-323	CONTINUOUS DYNAMICS CAN SOMETIMES BE ENCODED BY A DISCRETE SYMBOLIC GRAMMAR	saturation_pass_survivor	M-681; M-686; M-687	exact source ids preserved in saturation file	M-681:Symbolic coding | M-686:Transition-matrix coding | M-687:Markov partition	M-681:Partitioned state space | M-686:Markov symbolic dynamics | M-687:Hyperbolic dynamics	IM-086	A valid partition can preserve dynamical transition structure; this is not observation-induced fake discretization.	structural_relation	dynamics_memory;sequential_time	dynamic-state/path	dynamic	unspecified	mechanism/structural	none-explicit	automatic first-pass from canonical family text; manual audit before hard exclusion			EXISTING_EXPLICIT_MAPPING	M
IM-324	A PARTIAL RULE CAN SOMETIMES BE EXTENDED GLOBALLY WITHOUT INCREASING WORST-CASE SENSITIVITY	saturation_pass_survivor	M-855; M-856; M-857	exact source ids preserved in saturation file	M-855:Lipschitz extension | M-856:McShane extension | M-857:Kirszbraun extension	M-855:Partial metric-domain function | M-856:Metric→real maps | M-857:Hilbert spaces	IM-125	Extension preserves a Lipschitz bound rather than merely preserving future extendability.	structural_relation	robustness_error;sequential_time	generic	static/unspecified	unspecified	mechanism/structural	none-explicit	automatic first-pass from canonical family text; manual audit before hard exclusion			EXISTING_EXPLICIT_MAPPING	M
IM-325	MONOTONE POLICY RESPONSE CAN BE CERTIFIED FROM COMPLEMENTARITY/ORDER STRUCTURE WITHOUT RESOLVING EVERY PARAMETER VALUE	saturation_pass_survivor	M-866; M-867; M-869; M-874; M-880	exact source ids preserved in saturation file	M-866:Supermodular function | M-867:Increasing differences | M-869:Topkis monotonicity mechanism | M-874:Monotone argmax correspondence | M-880:Order-based comparative statics	M-866:Complementary coordinates | M-867:Ordered action × parameter | M-869:Lattice optimization | M-874:Set-valued optimization | M-880:Nondifferentiable/discrete optimization	IM-133, IM-162	Increasing differences and order geometry imply monotone movement of optimal choices.	structural_relation	certificate_validation;control_decision	action/policy	static/unspecified	unspecified	active control/decision	certificate/exact	automatic first-pass from canonical family text; manual audit before hard exclusion			EXISTING_EXPLICIT_MAPPING	M
IM-326	GLOBAL TARGET ERROR SHOULD WEIGHT LOCAL RESIDUALS BY THEIR CONSEQUENCE FOR THE TARGET	saturation_pass_survivor	M-255	exact source ids preserved in saturation file	M-255:Adjoint-weighted residual	M-255:Quantity of interest	IM-178	Adjoint weighting converts local approximation residuals into target-specific error importance.	structural_relation	optimization_constraints;robustness_error	generic	static/unspecified	unspecified	mechanism/structural	certificate/exact;local	automatic first-pass from canonical family text; manual audit before hard exclusion			EXISTING_EXPLICIT_MAPPING	M
IM-327	RANDOM CONSTRUCTION CAN PROVE THAT A GOOD OBJECT EXISTS WITHOUT EXPLICITLY FINDING IT	saturation_pass_survivor	M-080	exact source ids preserved in saturation file	M-080:Probabilistic method	M-080:Valid random ensemble	IM-076	Positive probability of success is an existence certificate even when constructive search is unavailable.	structural_relation	general_mechanism	generic	static/unspecified	unspecified	mechanism/structural	probabilistic	automatic first-pass from canonical family text; manual audit before hard exclusion			EXISTING_EXPLICIT_MAPPING	M
IM-328	LOCAL AVERAGING/ELLIPTIC CONSTRAINTS CAN FORCE GLOBAL EXTREMES TO THE BOUNDARY	saturation_pass_survivor	M-028; M-641; M-642	exact source ids preserved in saturation file	M-028:Maximum principle | M-641:Harmonic function | M-642:Mean-value property	M-028:PDE/order structure | M-641:Laplace-type equilibrium | M-642:Harmonic domain	IM-247	Boundary values can bound the whole interior because the interior cannot create an unconstrained new extreme.	bound	certificate_validation;optimization_constraints;network_transport	feasible-set	rare-event	unspecified	mechanism/structural	bound;local	automatic first-pass from canonical family text; manual audit before hard exclusion			EXISTING_EXPLICIT_MAPPING	M
IM-329	BIASED JOINT SHRINKAGE CAN BEAT SEPARATE UNBIASED ESTIMATION OF MANY RELATED TARGETS	saturation_pass_survivor	S-013; S-014; S-062; S-063	exact source ids preserved in saturation file	S-013:Shrinkage | S-014:James–Stein effect | S-062:Hierarchical model | S-063:Partial pooling	S-013:Accept bias to reduce variance | S-014:Particular dimension/loss/model conditions | S-062:Conditional population structure | S-063:Bias-variance exchange	IM-131	Borrowing strength across targets can lower aggregate MSE despite deliberate bias.	structural_relation	estimation_learning;robustness_error;sequential_time	generic	sequential	unspecified	passive inference/diagnostic	none-explicit	automatic first-pass from canonical family text; manual audit before hard exclusion			EXISTING_EXPLICIT_MAPPING	S
IM-330	RESAMPLING THE EMPIRICAL DATA CAN APPROXIMATE AN ESTIMATOR'S SAMPLING LAW	saturation_pass_survivor	S-015	exact source ids preserved in saturation file	S-015:Bootstrap	S-015:Resampling scheme must mimic data-generating dependence	IM-059	Bootstrap constructs a surrogate repeated-sampling world from the observed empirical distribution.	structural_relation	estimation_learning	generic	static/unspecified	unspecified	passive inference/diagnostic	none-explicit	automatic first-pass from canonical family text; manual audit before hard exclusion			EXISTING_EXPLICIT_MAPPING	S
IM-331	AN EXOGENOUS VARIATION CHANNEL CAN IDENTIFY A CAUSAL EFFECT EVEN WHEN ORDINARY ASSOCIATION IS CONFOUNDED	saturation_pass_survivor	S-027	exact source ids preserved in saturation file	S-027:Instrumental variable	S-027:Exclusion/relevance assumptions	IM-038	Instrumental variation changes treatment while bypassing the direct confounding route to outcome.	identify	identification_causal;network_transport	generic	static/unspecified	unspecified	mechanism/structural	none-explicit	automatic first-pass from canonical family text; manual audit before hard exclusion			EXISTING_EXPLICIT_MAPPING	S
IM-332	DOUBLE DIFFERENCING CAN CANCEL STABLE GROUP DIFFERENCES AND COMMON TIME SHOCKS	saturation_pass_survivor	S-028	exact source ids preserved in saturation file	S-028:Difference-in-differences	S-028:Parallel-trends-type assumption	IM-065	Difference-in-differences removes two nuisance components by a structured before/after × treated/control contrast.	cancel	sequential_time	generic	static/unspecified	unspecified	mechanism/structural	none-explicit	automatic first-pass from canonical family text; manual audit before hard exclusion			EXISTING_EXPLICIT_MAPPING	S
IM-333	A HARD ASSIGNMENT THRESHOLD CAN CREATE A LOCAL COMPARISON THAT IS MUCH CLEANER THAN THE GLOBAL POPULATION	saturation_pass_survivor	S-029	exact source ids preserved in saturation file	S-029:Regression discontinuity	S-029:Continuity/no precise manipulation near cutoff	IM-055	Near a rule cutoff, units on opposite sides can be locally comparable even when global assignment is confounded.	structural_relation	identification_causal	generic	static/unspecified	unspecified	mechanism/structural	local	automatic first-pass from canonical family text; manual audit before hard exclusion			EXISTING_EXPLICIT_MAPPING	S
IM-334	AN ACTION CAN HAVE TWO VALUES AT ONCE: CURRENT PAYOFF AND INFORMATION ABOUT FUTURE PAYOFFS	saturation_pass_survivor	S-042; S-043; S-044	exact source ids preserved in saturation file	S-042:Multi-armed bandit | S-043:Thompson sampling | S-044:UCB	S-042:Reward feedback | S-043:Bayesian model | S-044:Concentration assumptions	IM-094, IM-260	Bandit actions trade exploitation against information-producing exploration.	structural_relation	control_decision;information_incentive;sequential_time	action/policy	sequential	strategic/informational	active control/decision	none-explicit	automatic first-pass from canonical family text; manual audit before hard exclusion			EXISTING_EXPLICIT_MAPPING	S
IM-335	MEASUREMENT LOCATIONS SHOULD BE CHOSEN TO SHAPE THE INFORMATION GEOMETRY FOR THE TARGET	saturation_pass_survivor	S-048; S-049; S-050	exact source ids preserved in saturation file	S-048:D-optimal design | S-049:A-optimal design | S-050:C-optimal design	S-048:Local/model-based design | S-049:Information-matrix criterion | S-050:Target functional specified	IM-037	D/A/C optimal design chooses observations by volume, average variance, or target-direction information.	measure	observation_measurement;information_incentive	observation/signal	static/unspecified	strategic/informational	information/measurement control	none-explicit	automatic first-pass from canonical family text; manual audit before hard exclusion			EXISTING_EXPLICIT_MAPPING	S
IM-336	THE KNOWN RANDOMIZATION MECHANISM CAN ITSELF GENERATE AN EXACT REFERENCE DISTRIBUTION	saturation_pass_survivor	S-149	exact source ids preserved in saturation file	S-149:Randomization inference	S-149:Known randomization	IM-066	Inference can be based directly on the assignment design rather than an approximate outcome model.	structural_relation	observation_measurement	distribution	static/unspecified	unspecified	mechanism/structural	certificate/exact;probabilistic	automatic first-pass from canonical family text; manual audit before hard exclusion			EXISTING_EXPLICIT_MAPPING	S
IM-337	AVERAGING MANY LEARNERS HELPS ONLY TO THE EXTENT THEIR ERRORS ARE NOT COMMON-MODE	saturation_pass_survivor	S-153; S-154	exact source ids preserved in saturation file	S-153:Bagging | S-154:Random forest decorrelation	S-153:Resampling stability | S-154:Ensemble diversity	IM-026, IM-085	Bagging/randomization improves variance by reducing error correlation, not simply by increasing model count.	structural_relation	estimation_learning;robustness_error	generic	static/unspecified	unspecified	mechanism/structural	none-explicit	automatic first-pass from canonical family text; manual audit before hard exclusion			EXISTING_EXPLICIT_MAPPING	S
IM-338	SEQUENTIAL WEAK LEARNERS CAN BECOME STRONG BY TARGETING THE RESIDUAL LEFT BY EARLIER LEARNERS	saturation_pass_survivor	S-155	exact source ids preserved in saturation file	S-155:Boosting	S-155:Additive learner	IM-278	Each new component is fitted to remaining error, creating an additive correction cascade.	structural_relation	estimation_learning;optimization_constraints;sequential_time	generic	sequential	unspecified	mechanism/structural	certificate/exact	automatic first-pass from canonical family text; manual audit before hard exclusion			EXISTING_EXPLICIT_MAPPING	S
IM-339	A SCORE CAN MAKE HONEST PROBABILITY REPORTING OPTIMAL	saturation_pass_survivor	S-159	exact source ids preserved in saturation file	S-159:Proper scoring rule	S-159:Probabilistic forecasts	IM-240	Proper scoring rules encode incentive compatibility directly into forecast evaluation.	structural_relation	optimization_constraints	distribution	static/unspecified	unspecified	mechanism/structural	probabilistic	automatic first-pass from canonical family text; manual audit before hard exclusion			EXISTING_EXPLICIT_MAPPING	S
IM-340	FORECAST ERROR CAN BE SPLIT INTO CALIBRATION, RESOLUTION, AND IRREDUCIBLE UNCERTAINTY	saturation_pass_survivor	S-160	exact source ids preserved in saturation file	S-160:Brier decomposition	S-160:Binary outcome	IM-117	A forecast can be calibrated yet uselessly uninformative; total score hides why performance is good or bad.	split	representation;observation_measurement;estimation_learning;robustness_error	generic	static/unspecified	unspecified	mechanism/structural	none-explicit	automatic first-pass from canonical family text; manual audit before hard exclusion			EXISTING_EXPLICIT_MAPPING	S
IM-341	WHEN THE THEORETICAL NULL IS CONTAMINATED, THE BULK OF THE DATA CAN BE USED TO RE-ESTIMATE THE NULL BASELINE	saturation_pass_survivor	S-175	exact source ids preserved in saturation file	S-175:Empirical null	S-175:Many-tests structure	IM-059	The reference law itself can be inferred empirically rather than treated as automatically correct.	structural_relation	observation_measurement;estimation_learning	distribution	static/unspecified	unspecified	passive inference/diagnostic	none-explicit	automatic first-pass from canonical family text; manual audit before hard exclusion			EXISTING_EXPLICIT_MAPPING	S
IM-342	REINFORCEMENT PLUS INNOVATION CAN CREATE RICH-GET-RICHER CLUSTERS WHILE STILL ALLOWING NEW CLUSTERS	saturation_pass_survivor	S-182; S-183	exact source ids preserved in saturation file	S-182:Chinese restaurant process | S-183:Pitman–Yor process	S-182:Exchangeable partition | S-183:Discount parameter	IM-156	Existing cluster size raises future attachment probability while a separate mechanism creates new groups.	structural_relation	general_mechanism	generic	static/unspecified	unspecified	mechanism/structural	none-explicit	automatic first-pass from canonical family text; manual audit before hard exclusion			EXISTING_EXPLICIT_MAPPING	S
IM-343	A VARIABLE KNOWN NOT TO LIE ON THE TARGET CAUSAL PATH CAN STILL BE USED TO EXPOSE OR BRIDGE HIDDEN CONFOUNDING	saturation_pass_survivor	S-349; S-350; S-351; S-352	exact source ids preserved in saturation file	S-349:Negative-control exposure | S-350:Negative-control outcome | S-351:Proximal causal inference | S-352:Bridge function	S-349:Known causal null | S-350:Known causal null | S-351:Completeness/proxy conditions | S-352:Integral-equation identification	IM-087, IM-310	Negative-control/proxy structure learns nuisance dependence without granting the control variable a target causal role.	structural_relation	identification_causal;network_transport	graph/network;latent/information-state	static/unspecified	latent/partial	mechanism/structural	none-explicit	automatic first-pass from canonical family text; manual audit before hard exclusion			EXISTING_EXPLICIT_MAPPING	S
IM-344	WITHIN-UNIT COMPARISONS CAN REMOVE TIME-INVARIANT UNIT-LEVEL CONFOUNDING	saturation_pass_survivor	S-315; S-316	exact source ids preserved in saturation file	S-315:Case-crossover design | S-316:Self-controlled case series	S-315:Transient exposure/effect | S-316:Event-dependent observation assumptions	IM-054	The same unit acts as its own control, conditioning away fixed latent heterogeneity.	structural_relation	identification_causal;sequential_time	generic	static/unspecified	unspecified	mechanism/structural	none-explicit	automatic first-pass from canonical family text; manual audit before hard exclusion			EXISTING_EXPLICIT_MAPPING	S
IM-345	ADD KNOWN MEASUREMENT ERROR ON PURPOSE, LEARN THE BIAS CURVE, THEN EXTRAPOLATE BACK TO ZERO ERROR	saturation_pass_survivor	S-264	exact source ids preserved in saturation file	S-264:SIMEX	S-264:Parametric error mechanism	IM-188	SIMEX deliberately worsens measurement to identify and reverse the error-induced bias trend.	measure	observation_measurement;estimation_learning;robustness_error	observation/signal	static/unspecified	unspecified	passive inference/diagnostic	none-explicit	automatic first-pass from canonical family text; manual audit before hard exclusion			EXISTING_EXPLICIT_MAPPING	S
IM-346	BLOCKWISE ROBUST AGGREGATION CAN CONTROL HEAVY TAILS WITHOUT TRUSTING THE GLOBAL MEAN	saturation_pass_survivor	S-141; S-142	exact source ids preserved in saturation file	S-141:Median-of-means | S-142:Catoni estimator	S-141:Heavy-tail robustness | S-142:Moment assumptions	IM-033	Estimate in groups and robustly aggregate group summaries so a few extreme observations cannot dominate everything.	control	control_decision;robustness_error	action/policy	rare-event	unspecified	active control/decision	none-explicit	automatic first-pass from canonical family text; manual audit before hard exclusion			EXISTING_EXPLICIT_MAPPING	S
IM-347	ENVIRONMENT CHANGES CAN HELP IDENTIFY CAUSAL RELATIONS BY REVEALING WHICH CONDITIONAL LAWS STAY INVARIANT	saturation_pass_survivor	S-235	exact source ids preserved in saturation file	S-235:Invariant causal prediction	S-235:Multiple environments	IM-123	Use shifts as experiments: causal mechanisms should remain stable across environments where noncausal associations move.	identify→condition→reveal	identification_causal;information_incentive	generic	static/unspecified	unspecified	mechanism/structural	none-explicit	automatic first-pass from canonical family text; manual audit before hard exclusion			EXISTING_EXPLICIT_MAPPING	S
IM-348	A COUNTERFACTUAL TRAJECTORY CAN BE CONSTRUCTED AS A WEIGHTED MIXTURE OF MANY IMPERFECT DONOR UNITS	saturation_pass_survivor	S-066	exact source ids preserved in saturation file	S-066:Synthetic control	S-066:Pre-treatment comparability	IM-053	No single control need match; a constrained mixture can reproduce the treated unit's pre-intervention path.	structural_relation	identification_causal	dynamic-state/path	dynamic	unspecified	mechanism/structural	none-explicit	automatic first-pass from canonical family text; manual audit before hard exclusion			EXISTING_EXPLICIT_MAPPING	S
IM-349	POOLED TERMS CAN DRIVE HIGH-QUALITY TYPES OUT, WHICH LOWERS AVERAGE QUALITY AND TRIGGERS FURTHER EXIT	saturation_pass_survivor	E-114; E-428	exact source ids preserved in saturation file	E-114:Akerlof lemons | E-428:Market for lemons collapse	E-114:Adverse selection feedback | E-428:Hidden quality	IM-028	Selection feeds back through the price/offer itself, producing adverse-selection unraveling.	structural_relation	sequential_time	generic	sequential	unspecified	mechanism/structural	none-explicit	automatic first-pass from canonical family text; manual audit before hard exclusion			EXISTING_EXPLICIT_MAPPING	E
IM-350	AN INFORMED AGENT CAN REVEAL TYPE BY CHOOSING A COSTLY ACTION WHOSE COST DIFFERS ACROSS TYPES	saturation_pass_survivor	E-010; E-115	exact source ids preserved in saturation file	E-010:Signaling | E-115:Spence signaling equilibrium	E-010:Incentive compatibility | E-115:Single-crossing	IM-288	Signaling is sender-side separation through differential costs, distinct from designer-side screening menus.	reveal	control_decision;information_incentive;sequential_time	action/policy	sequential	unspecified	active control/decision	none-explicit	automatic first-pass from canonical family text; manual audit before hard exclusion			EXISTING_EXPLICIT_MAPPING	E
IM-351	EARLY EXIT CAN BECOME SELF-FULFILLING WHEN CLAIMS ARE LIQUID BUT THE ASSET BASE IS NOT	saturation_pass_survivor	E-022; E-096	exact source ids preserved in saturation file	E-022:Bank run | E-096:Diamond–Dybvig maturity transformation	E-022:Strategic complementarity + liquidity transformation | E-096:Sequential withdrawal/liquidity	IM-156	Expectations of other withdrawals alter the rationality of withdrawing and can destroy an otherwise viable maturity-transformation system.	structural_relation	general_mechanism	feasible-set;resource/flow	static/unspecified	unspecified	mechanism/structural	none-explicit	automatic first-pass from canonical family text; manual audit before hard exclusion			EXISTING_EXPLICIT_MAPPING	E
IM-352	PARTICIPATION CAN RAISE THE VALUE OF FURTHER PARTICIPATION, CREATING TIPPING AND LOCK-IN	saturation_pass_survivor	E-021; E-038; E-195	exact source ids preserved in saturation file	E-021:Network externality | E-038:Platform tipping | E-195:QWERTY-type lock-in	E-021:Interdependence through adoption network | E-038:Positive feedback/network effects | E-195:Coordination + sunk adoption	IM-156, IM-003	Adoption changes the payoff landscape for later adopters, generating self-reinforcing standards/platforms.	structural_relation	general_mechanism	generic	static/unspecified	unspecified	mechanism/structural	none-explicit	automatic first-pass from canonical family text; manual audit before hard exclusion			EXISTING_EXPLICIT_MAPPING	E
IM-353	THE PARTY LEGALLY ASSIGNED A COST NEED NOT BE THE PARTY THAT ECONOMICALLY BEARS IT	saturation_pass_survivor	E-047	exact source ids preserved in saturation file	E-047:Tax incidence	E-047:Elasticities/equilibrium	IM-143	Equilibrium price adjustments move incidence across actors even while the formal rule is unchanged.	structural_relation	general_mechanism	generic	static/unspecified	unspecified	mechanism/structural	none-explicit	automatic first-pass from canonical family text; manual audit before hard exclusion			EXISTING_EXPLICIT_MAPPING	E
IM-354	A SPECIFIC IRREVERSIBLE INVESTMENT CAN CREATE FUTURE BARGAINING VULNERABILITY AND THEREFORE UNDERINVESTMENT TODAY	saturation_pass_survivor	E-065	exact source ids preserved in saturation file	E-065:Hold-up problem	E-065:Incomplete contracting	IM-239	The later renegotiation position is created by the earlier sunk action itself.	structural_relation	sequential_time	generic	sequential	unspecified	mechanism/structural	none-explicit	automatic first-pass from canonical family text; manual audit before hard exclusion			EXISTING_EXPLICIT_MAPPING	E
IM-355	EXISTING SENIOR CLAIMS CAN CAPTURE THE UPSIDE OF A GOOD NEW PROJECT AND KILL THE INVESTMENT INCENTIVE	saturation_pass_survivor	E-091	exact source ids preserved in saturation file	E-091:Debt overhang	E-091:Existing claims	IM-296	Debt overhang transfers marginal upside to old claimants, the mirror image of downside-shifting risk seeking.	project	information_incentive	generic	static/unspecified	unspecified	mechanism/structural	none-explicit	automatic first-pass from canonical family text; manual audit before hard exclusion			EXISTING_EXPLICIT_MAPPING	E
IM-356	BEING SELECTED OR WINNING CAN ITSELF BE BAD NEWS ABOUT AN UNKNOWN COMMON VALUE	saturation_pass_survivor	E-163	exact source ids preserved in saturation file	E-163:Winner’s curse	E-163:Common value	IM-309	The event 'I won' reveals that one's estimate was unusually high relative to competitors.	select	general_mechanism	generic	static/unspecified	selected/conditioned	mechanism/structural	none-explicit	automatic first-pass from canonical family text; manual audit before hard exclusion			EXISTING_EXPLICIT_MAPPING	E
IM-357	PUBLIC ACTIONS CAN ACCUMULATE UNTIL A NEW AGENT RATIONALLY IGNORES ITS OWN PRIVATE SIGNAL	saturation_pass_survivor	E-099	exact source ids preserved in saturation file	E-099:Information cascade	E-099:Sequential social learning	IM-021	Sequential social learning can generate information cascades/herding.	accumulate	observation_measurement;control_decision;information_incentive;sequential_time	observation/signal;action/policy	sequential	strategic/informational	active control/decision	none-explicit	automatic first-pass from canonical family text; manual audit before hard exclusion			EXISTING_EXPLICIT_MAPPING	E
IM-358	SMALL PRIVATE NOISE CAN REMOVE COORDINATION MULTIPLICITY BY CREATING A UNIQUE THRESHOLD STRATEGY	saturation_pass_survivor	E-097	exact source ids preserved in saturation file	E-097:Global games	E-097:Noisy private information	IM-156	Noise does not merely select a branch after the fact; it can change the equilibrium set itself.	structural_relation	robustness_error	generic	static/unspecified	unspecified	mechanism/structural	none-explicit	automatic first-pass from canonical family text; manual audit before hard exclusion			EXISTING_EXPLICIT_MAPPING	E
IM-359	CONTROL THE INFORMATION STRUCTURE RATHER THAN THE STATE TO CHANGE ANOTHER DECISION-MAKER'S ACTION	saturation_pass_survivor	E-401	exact source ids preserved in saturation file	E-401:Bayesian persuasion	E-401:Sender commitment to information structure	IM-014	Bayesian persuasion treats information design as the control variable under sender commitment.	control	control_decision;dynamics_memory;information_incentive	dynamic-state/path;action/policy	static/unspecified	strategic/informational	information/measurement control	none-explicit	automatic first-pass from canonical family text; manual audit before hard exclusion			EXISTING_EXPLICIT_MAPPING	E
IM-360	COSTLESS NONBINDING MESSAGES ARE INFORMATIVE ONLY TO THE EXTENT SENDER AND RECEIVER INCENTIVES ALIGN	saturation_pass_survivor	E-406	exact source ids preserved in saturation file	E-406:Cheap talk	E-406:Nonbinding communication	IM-007	Credibility comes from equilibrium incentives rather than verification technology.	structural_relation	information_incentive;sequential_time	generic	sequential	unspecified	mechanism/structural	none-explicit	automatic first-pass from canonical family text; manual audit before hard exclusion			EXISTING_EXPLICIT_MAPPING	E
IM-361	VOLUNTARY VERIFIABLE DISCLOSURE CAN UNRAVEL RECURSIVELY FROM THE BEST TYPE DOWNWARD	saturation_pass_survivor	E-410	exact source ids preserved in saturation file	E-410:Disclosure unraveling	E-410:Ordered types + verifiable info	IM-022	Once the top type reveals, silence becomes worse news and pressures the next type to reveal.	structural_relation	information_incentive	generic	static/unspecified	selected/conditioned;strategic/informational	mechanism/structural	none-explicit	automatic first-pass from canonical family text; manual audit before hard exclusion			EXISTING_EXPLICIT_MAPPING	E
IM-362	WHEN PAYOFF DEPENDS ON WHAT OTHERS EXPECT, HIGHER-ORDER BELIEFS CAN DOMINATE FUNDAMENTAL VALUE	saturation_pass_survivor	E-098	exact source ids preserved in saturation file	E-098:Beauty contest	E-098:Higher-order beliefs	IM-156	The relevant state includes beliefs about others' beliefs, not just the underlying fundamental.	structural_relation	information_incentive	latent/information-state	static/unspecified	strategic/informational	mechanism/structural	none-explicit	automatic first-pass from canonical family text; manual audit before hard exclusion			EXISTING_EXPLICIT_MAPPING	E
IM-363	RAISING PRICE CAN FAIL TO CLEAR A MARKET BECAUSE PRICE CHANGES THE QUALITY OR BEHAVIOR OF WHO REMAINS	saturation_pass_survivor	E-090	exact source ids preserved in saturation file	E-090:Credit rationing	E-090:Adverse selection/moral hazard	IM-097	Credit rationing arises because the price is also a selection/incentive variable.	structural_relation	optimization_constraints	generic	static/unspecified	unspecified	mechanism/structural	none-explicit	automatic first-pass from canonical family text; manual audit before hard exclusion			EXISTING_EXPLICIT_MAPPING	E
IM-364	DECENTRALIZATION TRADES A LOCAL INFORMATION ADVANTAGE AGAINST OBJECTIVE MISALIGNMENT	saturation_pass_survivor	E-231; E-232	exact source ids preserved in saturation file	E-231:Delegation | E-232:Delegation loss	E-231:Information distribution | E-232:Misaligned incentives	IM-077	Delegation can improve use of dispersed information while worsening control of the local agent's objective.	structural_relation	optimization_constraints;information_incentive;sequential_time	generic	sequential	strategic/informational	mechanism/structural	local	automatic first-pass from canonical family text; manual audit before hard exclusion			EXISTING_EXPLICIT_MAPPING	E
IM-365	AN UNPRICED EXTERNAL EFFECT CAN BE INTERNALIZED BY ADDING ITS MARGINAL SOCIAL COST TO THE PRIVATE DECISION	saturation_pass_survivor	E-049; E-201	exact source ids preserved in saturation file	E-049:Pigouvian correction | E-201:Pigouvian tax	E-049:External cost/benefit measurable | E-201:Externality measurement	IM-279	Pigouvian correction creates a shadow price for a missing transaction channel.	structural_relation	control_decision;optimization_constraints	action/policy	static/unspecified	unspecified	mechanism/structural	none-explicit	automatic first-pass from canonical family text; manual audit before hard exclusion			EXISTING_EXPLICIT_MAPPING	E
IM-366	COUPLED OSCILLATORS CAN ADJUST THEIR PHASES/FREQUENCIES UNTIL A COLLECTIVE RHYTHM LOCKS	saturation_pass_survivor	P-057	exact source ids preserved in saturation file	P-057:Synchronization	P-057:Coupling	IM-156	Synchronization is a dynamical locking process, not merely static branch selection.	structural_relation	general_mechanism	generic	static/unspecified	unspecified	mechanism/structural	none-explicit	automatic first-pass from canonical family text; manual audit before hard exclusion			EXISTING_EXPLICIT_MAPPING	P
IM-367	DYNAMICS CAN SLOW BY ORDERS OF MAGNITUDE WITHOUT A CORRESPONDING ORDINARY STATIC ORDERING TRANSITION	saturation_pass_survivor	P-052	exact source ids preserved in saturation file	P-052:Glass transition	P-052:Frustration/complex energy landscape	IM-222	Glass-like slowdown separates dynamical arrest from obvious static-state change.	structural_relation	dynamics_memory	dynamic-state/path	dynamic;multiscale	unspecified	mechanism/structural	none-explicit	automatic first-pass from canonical family text; manual audit before hard exclusion			EXISTING_EXPLICIT_MAPPING	P
IM-368	CURVATURE/CHEMICAL-POTENTIAL DIFFERENCES CAN MOVE MATERIAL FROM SMALL STRUCTURES TO LARGE ONES, GROWING THE CHARACTERISTIC SCALE	saturation_pass_survivor	P-082; P-083; P-149	exact source ids preserved in saturation file	P-082:Coarsening | P-083:Ostwald ripening | P-149:Coarsening dynamics	P-082:Interfacial energetics | P-083:Diffusive mass transport | P-149:Interfacial dynamics	IM-057	Coarsening is a systematic redistribution of conserved/interfacial material, not merely cluster formation.	structural_relation	optimization_constraints	generic	multiscale	unspecified	mechanism/structural	none-explicit	automatic first-pass from canonical family text; manual audit before hard exclusion			EXISTING_EXPLICIT_MAPPING	P
IM-369	LOCAL PAIRWISE MERGERS CAN CREATE A FINITE-TIME MACROSCOPIC CONNECTED AGGREGATE	saturation_pass_survivor	P-086; P-087	exact source ids preserved in saturation file	P-086:Smoluchowski coagulation | P-087:Gelation	P-086:Collision kernel | P-087:Kernel growth conditions	IM-166, IM-176	Gelation is a dynamic giant-cluster transition produced by repeated coagulation.	merge	network_transport;sequential_time	generic	finite-horizon	unspecified	mechanism/structural	local	automatic first-pass from canonical family text; manual audit before hard exclusion			EXISTING_EXPLICIT_MAPPING	P
IM-370	A MOVING ENTITY CAN DRAG A SELF-CREATED DEFORMATION CLOUD, SO THE EFFECTIVE MOVING OBJECT IS THE COMPOSITE	saturation_pass_survivor	P-260	exact source ids preserved in saturation file	P-260:Polaron	P-260:Particle-medium coupling	IM-003	Polaron-like self-dressing changes effective mobility/inertia because the medium deformation travels with the unit.	structural_relation	general_mechanism	generic	static/unspecified	unspecified	mechanism/structural	none-explicit	automatic first-pass from canonical family text; manual audit before hard exclusion			EXISTING_EXPLICIT_MAPPING	P
IM-371	DIFFERENT TRANSPORT RATES OF TWO COMPONENTS CAN DESTABILIZE AN OTHERWISE STABLE COMBINED GRADIENT	saturation_pass_survivor	P-580	exact source ids preserved in saturation file	P-580:Salt-finger instability	P-580:Thermohaline double diffusion	IM-277	Double diffusion creates instability from timescale mismatch between coupled transported quantities.	stabilize→transport	network_transport	generic	static/unspecified	unspecified	mechanism/structural	none-explicit	automatic first-pass from canonical family text; manual audit before hard exclusion			EXISTING_EXPLICIT_MAPPING	P
IM-372	A DENSELY PACKED SYSTEM MAY HAVE TO CREATE EXTRA FREE VOLUME BEFORE IT CAN SHEAR	saturation_pass_survivor	P-677	exact source ids preserved in saturation file	P-677:Reynolds dilatancy	P-677:Dense granular packing	IM-005	Motion itself changes the geometric capacity constraint through dilatancy.	structural_relation	general_mechanism	generic	static/unspecified	unspecified	mechanism/structural	none-explicit	automatic first-pass from canonical family text; manual audit before hard exclusion			EXISTING_EXPLICIT_MAPPING	P
IM-373	MACROSCOPIC DEFORMATION CAN BE CARRIED BY SPARSE MOBILE DEFECTS, AND OBSTACLES CAN PILE THEM UP INTO LARGE LOCAL STRESS	saturation_pass_survivor	P-231; P-232	exact source ids preserved in saturation file	P-231:Dislocation glide | P-232:Dislocation pile-up	P-231:Crystal defects | P-232:Barriers	IM-042	Bulk response is mediated by low-dimensional defects whose blocked transport amplifies local fields.	structural_relation	general_mechanism	generic	static/unspecified	unspecified	mechanism/structural	local	automatic first-pass from canonical family text; manual audit before hard exclusion			EXISTING_EXPLICIT_MAPPING	P
IM-374	REPEATED INDIVIDUALLY SUBCRITICAL LOAD CYCLES CAN GROW A HIDDEN DEFECT UNTIL FAILURE	saturation_pass_survivor	P-233	exact source ids preserved in saturation file	P-233:Crack fatigue	P-233:Cyclic loading	IM-142	Fatigue accumulates irreversible state under cycles that are each below the one-shot failure threshold.	structural_relation	optimization_constraints	latent/information-state;resource/flow	static/unspecified	latent/partial	mechanism/structural	certificate/exact	automatic first-pass from canonical family text; manual audit before hard exclusion			EXISTING_EXPLICIT_MAPPING	P
IM-375	MOBILE DEGREES OF FREEDOM CAN REARRANGE THEMSELVES TO ATTENUATE A LONG-RANGE INFLUENCE	saturation_pass_survivor	P-021; P-048	exact source ids preserved in saturation file	P-021:Screening | P-048:Screening length	P-021:Mobile compensating degrees of freedom | P-048:Mobile response	IM-087	Screening is an endogenous compensating response of the medium that weakens the source at distance.	structural_relation	general_mechanism	generic	static/unspecified	unspecified	mechanism/structural	none-explicit	automatic first-pass from canonical family text; manual audit before hard exclusion			EXISTING_EXPLICIT_MAPPING	P
IM-376	LOCALLY STABLE REACTION DYNAMICS CAN BECOME SPATIALLY UNSTABLE SOLELY BECAUSE COMPONENTS DIFFUSE AT DIFFERENT RATES	saturation_pass_survivor	P-090	exact source ids preserved in saturation file	P-090:Turing instability	P-090:Reaction-diffusion coupling	IM-057	Turing instability creates pattern through transport asymmetry, not local instability.	structural_relation	control_decision;dynamics_memory	dynamic-state/path;action/policy	dynamic	unspecified	active control/decision	local	automatic first-pass from canonical family text; manual audit before hard exclusion			EXISTING_EXPLICIT_MAPPING	P
IM-377	AN INTERMEDIATE AMOUNT OF NOISE CAN IMPROVE DETECTION OR REGULARITY WHEN ZERO AND LARGE NOISE BOTH PERFORM WORSE	saturation_pass_survivor	P-065; P-066; P-376; P-377	exact source ids preserved in saturation file	P-065:Stochastic resonance | P-066:Coherence resonance | P-376:Stochastic resonance threshold crossing | P-377:Coherence resonance optimum	P-065:Threshold/nonlinear system | P-066:Excitable dynamics | P-376:Noise + bistability | P-377:Excitable system	IM-097	Noise can be a constructive control variable in threshold/excitable systems, with a nonmonotone optimum.	detect	observation_measurement;robustness_error	generic	static/unspecified	unspecified	passive inference/diagnostic	none-explicit	automatic first-pass from canonical family text; manual audit before hard exclusion			EXISTING_EXPLICIT_MAPPING	P
IM-378	A SMOOTH PROFILE CAN SELF-STEEPEN INTO A DISCONTINUITY WHEN FASTER CHARACTERISTICS OVERTAKE SLOWER ONES	saturation_pass_survivor	P-093	exact source ids preserved in saturation file	P-093:Shock wave	P-093:Hyperbolic conservation law	IM-145	Shock formation changes solution regularity because propagation speed depends on state.	structural_relation	general_mechanism	generic	multiscale	unspecified	mechanism/structural	none-explicit	automatic first-pass from canonical family text; manual audit before hard exclusion			EXISTING_EXPLICIT_MAPPING	P
IM-379	A NOMINAL HARD THRESHOLD CAN BECOME A TIMESCALE-DEPENDENT CREEP REGIME WHEN RARE FLUCTUATIONS CROSS BARRIERS BELOW THRESHOLD	saturation_pass_survivor	P-152; P-190	exact source ids preserved in saturation file	P-152:Creep | P-190:Activated dynamics	P-152:Barrier activation | P-190:Noise + energy barrier	IM-055	Finite noise/time permits slow activated motion below the deterministic depinning threshold.	structural_relation	sequential_time	generic	multiscale;rare-event	unspecified	mechanism/structural	none-explicit	automatic first-pass from canonical family text; manual audit before hard exclusion			EXISTING_EXPLICIT_MAPPING	P
IM-380	ATTEMPTED SEPARATION OF TWO CHARGED SPECIES CAN CREATE A FIELD THAT FORCES THEM TO MOVE AS A COUPLED PACKET	saturation_pass_survivor	P-660; P-886	exact source ids preserved in saturation file	P-660:Ambipolar diffusion | P-886:Ambipolar/electroneutral coupling	P-660:Nearly neutral electron-hole cloud | P-886:Nearly electroneutral electrolyte	IM-087	The coupling medium is generated endogenously by the attempted differential motion itself.	structural_relation	general_mechanism	generic	static/unspecified	unspecified	mechanism/structural	none-explicit	automatic first-pass from canonical family text; manual audit before hard exclusion			EXISTING_EXPLICIT_MAPPING	P
IM-381	A PROPAGATING EXCITATION CAN BECOME SELF-SUSTAINING ON A LOOP IF RETURN TIME EXCEEDS LOCAL RECOVERY TIME	saturation_pass_survivor	P-984; P-985; P-994; P-1000	exact source ids preserved in saturation file	P-984:Refractory state | P-985:Recovery variable | P-994:Reentry | P-1000:Recovery-controlled propagation permission	P-984:Recovery variable | P-985:Fast–slow system | P-994:Recovery + closed path | P-1000:State-dependent connectivity	IM-166, IM-170	Reentry depends jointly on topology and refractory/recovery timing.	recover	identification_causal;dynamics_memory;sequential_time	dynamic-state/path	dynamic	unspecified	mechanism/structural	local	automatic first-pass from canonical family text; manual audit before hard exclusion			EXISTING_EXPLICIT_MAPPING	P
IM-382	A CATALYST/MEDIATOR CAN PARTICIPATE CHEMICALLY, CHANGE STATE, AND THEN REGENERATE RATHER THAN REMAIN PASSIVE	saturation_pass_survivor	P-848; P-849; P-850; P-851	exact source ids preserved in saturation file	P-848:Mars–van Krevelen mechanism | P-849:Catalyst lattice participation | P-850:Catalyst reoxidation/regeneration | P-851:Oxygen-vacancy cycle	P-848:Redox catalyst | P-849:Reactive catalyst solid | P-850:Cyclic catalyst state | P-851:Reducible oxide	IM-101	The mediator is a cyclic state-bearing reactant whose regeneration closes the catalytic loop.	structural_relation	dynamics_memory	dynamic-state/path	static/unspecified	unspecified	passive inference/diagnostic	none-explicit	automatic first-pass from canonical family text; manual audit before hard exclusion			EXISTING_EXPLICIT_MAPPING	P
IM-383	A SYSTEM CAN ENTER A LESS-STABLE INTERMEDIATE FIRST BECAUSE ITS ACCESS BARRIER IS LOWER THAN THE DIRECT PATH TO THE GLOBAL BEST STATE	saturation_pass_survivor	P-357	exact source ids preserved in saturation file	P-357:Ostwald step rule	P-357:Competing kinetic barriers	IM-062	Kinetic accessibility can order the path differently from thermodynamic desirability.	structural_relation	dynamics_memory;network_transport	graph/network;dynamic-state/path	static/unspecified	unspecified	mechanism/structural	none-explicit	automatic first-pass from canonical family text; manual audit before hard exclusion			EXISTING_EXPLICIT_MAPPING	P
IM-384	PERFORMANCE CAN PEAK AT INTERMEDIATE COUPLING BECAUSE ACTIVATION NEEDS STRONGER BINDING WHILE RELEASE/TURNOVER NEEDS WEAKER BINDING	saturation_pass_survivor	P-858; P-859	exact source ids preserved in saturation file	P-858:Sabatier optimum | P-859:Volcano relation	P-858:Adsorption-energy tradeoff | P-859:Sabatier tradeoff	IM-171	The same interaction strength controls two opposing bottlenecks, forcing an interior optimum.	structural_relation	general_mechanism	generic	static/unspecified	unspecified	mechanism/structural	none-explicit	automatic first-pass from canonical family text; manual audit before hard exclusion			EXISTING_EXPLICIT_MAPPING	P
IM-385	REPLACE A LONG CONTROL TRAJECTORY BY A FLOW-CONSERVING OCCUPATION MEASURE AND OPTIMIZE OVER THAT MEASURE	codex_extension_survivor	M-406;M-409;M-410	exact source ids preserved in merge crosswalk	see canonical 4000-record inventory	see canonical 4000-record inventory		Trajectory order is compressed into state-action mass subject to dynamical flow constraints.	manual directed-mechanism adjudication							manual canonical merge pass; enrich before hard exclusion			EXISTING_EXPLICIT_MAPPING	M
IM-386	PROBE A ROTATING OR MONOTONE FIELD WITH A TRIAL STEP, THEN CORRECT FROM THE ORIGINAL ANCHOR USING THE NEW DIRECTION	codex_extension_survivor	M-418;M-419	exact source ids preserved in merge crosswalk	see canonical 4000-record inventory	see canonical 4000-record inventory		The provisional move changes the direction used by the committed move; this is not ordinary averaging or tempering.	manual directed-mechanism adjudication							manual canonical merge pass; enrich before hard exclusion			EXISTING_EXPLICIT_MAPPING	M
IM-387	SMALL AMBIENT DISPLACEMENT DOES NOT GUARANTEE PROBABILISTIC NEARNESS; ONLY ADMISSIBLE SHIFT DIRECTIONS PRESERVE LAW CONTINUITY	codex_extension_survivor	M-442	exact source ids preserved in merge crosswalk	see canonical 4000-record inventory	see canonical 4000-record inventory		The relevant geometry is induced by the probability law, not the ambient norm alone.	manual directed-mechanism adjudication							manual canonical merge pass; enrich before hard exclusion			EXISTING_EXPLICIT_MAPPING	M
IM-388	EQUAL MEANS DO NOT IMPLY EQUAL RISK; A MEAN-PRESERVING SPREAD IS ORDERED BY ALL CONVEX LOSSES	codex_extension_survivor	M-469;M-470;M-471	exact source ids preserved in merge crosswalk	see canonical 4000-record inventory	see canonical 4000-record inventory		Risk order is a distributional partial order realizable by martingale coupling.	manual directed-mechanism adjudication							manual canonical merge pass; enrich before hard exclusion			EXISTING_EXPLICIT_MAPPING	M
IM-389	INDEPENDENT INFINITE SEQUENCES CANNOT LEAVE A NONTRIVIAL INTERMEDIATE-PROBABILITY EVENT THAT DEPENDS ONLY ON THE REMOTE TAIL	codex_extension_survivor	M-478;M-479	exact source ids preserved in merge crosswalk	see canonical 4000-record inventory	see canonical 4000-record inventory		Deleting every finite prefix collapses tail-event probability to zero or one.	manual directed-mechanism adjudication							manual canonical merge pass; enrich before hard exclusion			EXISTING_EXPLICIT_MAPPING	M
IM-390	ADAPT RESOLUTION BY COMPARING NESTED ESTIMATES AND STOP WHERE FINER ESTIMATES CEASE TO AGREE	codex_extension_survivor	S-456	exact source ids preserved in merge crosswalk	see canonical 4000-record inventory	see canonical 4000-record inventory		Unknown smoothness is inferred from cross-scale disagreement rather than fixed beforehand.	manual directed-mechanism adjudication							manual canonical merge pass; enrich before hard exclusion			EXISTING_EXPLICIT_MAPPING	S
IM-391	AN OFFER CAN REVEAL THE OFFERER'S INFORMATIONAL ADVANTAGE AND THEREBY DESTROY THE TRADE IT WAS MEANT TO CREATE	codex_extension_survivor	E-460	exact source ids preserved in merge crosswalk	see canonical 4000-record inventory	see canonical 4000-record inventory		The attempted exchange is itself adverse evidence under common knowledge.	manual directed-mechanism adjudication							manual canonical merge pass; enrich before hard exclusion			EXISTING_EXPLICIT_MAPPING	E
IM-392	CONVERT A FIXED CLAIM INTO STATE-CONTINGENT SHARING SO PAYMENT LOAD TRACKS REALIZED CAPACITY	codex_extension_survivor	E-453;E-454;E-455	exact source ids preserved in merge crosswalk	see canonical 4000-record inventory	see canonical 4000-record inventory		The intervention changes the claim's state dependence, not merely its average size.	manual directed-mechanism adjudication							manual canonical merge pass; enrich before hard exclusion			EXISTING_EXPLICIT_MAPPING	E
IM-393	DELAYED NEGATIVE FEEDBACK PLUS REPLENISHMENT CAN CREATE A SELF-SUSTAINING OSCILLATION INSTEAD OF A FIXED POINT	codex_extension_survivor	P-453;P-455	exact source ids preserved in merge crosswalk	see canonical 4000-record inventory	see canonical 4000-record inventory		Delay and recovery close a periodic feedback loop.	manual directed-mechanism adjudication							manual canonical merge pass; enrich before hard exclusion			EXISTING_EXPLICIT_MAPPING	P
IM-394	A MAINTAINED MACROSCOPIC GRADIENT CAN COUPLE DISTANT REGIONS THROUGH GIANT NONEQUILIBRIUM FLUCTUATIONS	codex_extension_survivor	P-476;P-477	exact source ids preserved in merge crosswalk	see canonical 4000-record inventory	see canonical 4000-record inventory		Driving creates long-range correlation absent in the equilibrium shell.	manual directed-mechanism adjudication							manual canonical merge pass; enrich before hard exclusion			EXISTING_EXPLICIT_MAPPING	P
IM-395	BOUNDARIES CAN EXCLUDE FLUCTUATION MODES AND THE RESULTING MODE IMBALANCE CAN PRODUCE A FORCE	codex_extension_survivor	P-478;P-479;P-480	exact source ids preserved in merge crosswalk	see canonical 4000-record inventory	see canonical 4000-record inventory		Geometry changes the fluctuation spectrum, which changes mechanical response.	manual directed-mechanism adjudication							manual canonical merge pass; enrich before hard exclusion			EXISTING_EXPLICIT_MAPPING	P
IM-396	GLOBAL TOPOLOGY CAN BE RECONSTRUCTED FROM WHICH LOCAL REGIONS AND HIGHER OVERLAPS ARE JOINTLY NONEMPTY	codex_extension_survivor	M-486;M-487	exact source ids preserved in merge crosswalk	see canonical 4000-record inventory	see canonical 4000-record inventory		The overlap nerve, not the geometry of each region alone, carries the global shape.	manual directed-mechanism adjudication							manual canonical merge pass; enrich before hard exclusion			EXISTING_EXPLICIT_MAPPING	M
IM-397	TOPOLOGICAL TRACE CAN FORCE A FIXED POINT EVEN WHEN NO FIXED POINT IS CONSTRUCTED DIRECTLY	codex_extension_survivor	M-499	exact source ids preserved in merge crosswalk	see canonical 4000-record inventory	see canonical 4000-record inventory		Existence follows from a global invariant of the map.	manual directed-mechanism adjudication							manual canonical merge pass; enrich before hard exclusion			EXISTING_EXPLICIT_MAPPING	M
IM-398	USE A COMMON DATA-ADAPTIVE THRESHOLD TO CONTROL THE EXPECTED FALSE FRACTION AMONG SELECTED DISCOVERIES	codex_extension_survivor	S-487;S-488	exact source ids preserved in merge crosswalk	see canonical 4000-record inventory	see canonical 4000-record inventory		The threshold is coupled across tests and depends on the empirical discovery set.	manual directed-mechanism adjudication							manual canonical merge pass; enrich before hard exclusion			EXISTING_EXPLICIT_MAPPING	S
IM-399	THE SAME PRICE MOVE CAN HELP OPERATING CASH FLOW WHILE HURTING BALANCE-SHEET NET WORTH THROUGH LIABILITY DENOMINATION	codex_extension_survivor	E-487;E-488	exact source ids preserved in merge crosswalk	see canonical 4000-record inventory	see canonical 4000-record inventory		One shock enters two channels with opposite signs.	manual directed-mechanism adjudication							manual canonical merge pass; enrich before hard exclusion			EXISTING_EXPLICIT_MAPPING	E
IM-400	AN INVASION ADVANCES THROUGH THE CURRENTLY ACCESSIBLE FRONTIER BY SELECTING ITS LOWEST ENTRY BARRIER	codex_extension_survivor	P-486;P-487	exact source ids preserved in merge crosswalk	see canonical 4000-record inventory	see canonical 4000-record inventory		The candidate set is endogenously restricted to the exposed boundary.	manual directed-mechanism adjudication							manual canonical merge pass; enrich before hard exclusion			EXISTING_EXPLICIT_MAPPING	P
IM-401	REDIRECT OR TRANSFORM AN ADVANCING CRACK SO PROPAGATION MUST SPEND ENERGY IN DEFLECTION, PULL-OUT, OR PHASE CHANGE	codex_extension_survivor	P-497;P-498;P-499	exact source ids preserved in merge crosswalk	see canonical 4000-record inventory	see canonical 4000-record inventory		Toughening need not rely on one sacrificial layer; the advancing failure activates additional dissipation paths.	manual directed-mechanism adjudication							manual canonical merge pass; enrich before hard exclusion			EXISTING_EXPLICIT_MAPPING	P
IM-402	ANISOTROPY OR RELATIVE DRIFT STORES FREE ENERGY THAT CAN TURN A SMALL COLLECTIVE MODE INTO A GROWING INSTABILITY	codex_extension_survivor	P-512;P-513;P-514;P-515;P-516	exact source ids preserved in merge crosswalk	see canonical 4000-record inventory	see canonical 4000-record inventory		The unstable energy source is distributional anisotropy or inter-population drift.	manual directed-mechanism adjudication							manual canonical merge pass; enrich before hard exclusion			EXISTING_EXPLICIT_MAPPING	P
IM-403	ADD VALID INEQUALITIES THAT PRESERVE EVERY DISCRETE FEASIBLE POINT WHILE CUTTING AWAY FRACTIONAL GHOSTS	codex_extension_survivor	M-538;M-539;M-540	exact source ids preserved in merge crosswalk	see canonical 4000-record inventory	see canonical 4000-record inventory		The intervention tightens the relaxation without deleting admissible integer states.	manual directed-mechanism adjudication							manual canonical merge pass; enrich before hard exclusion			EXISTING_EXPLICIT_MAPPING	M
IM-404	NORMALIZING POSITIVE COMPONENTS TO A FIXED TOTAL CAN MANUFACTURE DEPENDENCE; INFERENCE MUST USE RELATIVE LOG-RATIO GEOMETRY	codex_extension_survivor	S-521;S-522;S-523;S-524;S-525;S-526;S-527;S-528;S-529;S-530;S-531	exact source ids preserved in merge crosswalk	see canonical 4000-record inventory	see canonical 4000-record inventory		Closure is an observation operator that creates correlations not present in the unnormalized quantities.	manual directed-mechanism adjudication							manual canonical merge pass; enrich before hard exclusion			EXISTING_EXPLICIT_MAPPING	S
IM-405	MORE DATA DO NOT MAKE A RAW MAXIMALLY RESOLVED SPECTRUM CONSISTENT; RESOLUTION MUST BE TRADED FOR VARIANCE REDUCTION	codex_extension_survivor	S-543;S-544;S-547;S-548	exact source ids preserved in merge crosswalk	see canonical 4000-record inventory	see canonical 4000-record inventory		Pointwise periodogram noise survives sample growth unless frequencies or tapers are averaged.	manual directed-mechanism adjudication							manual canonical merge pass; enrich before hard exclusion			EXISTING_EXPLICIT_MAPPING	S
IM-406	SHARP LOCALIZATION IN TIME SPREADS ENERGY IN FREQUENCY AND SHARP LOCALIZATION IN FREQUENCY SPREADS SUPPORT IN TIME	codex_extension_survivor	S-545;S-546;S-547;M-896	exact source ids preserved in merge crosswalk	see canonical 4000-record inventory	see canonical 4000-record inventory		C-399 supplies the mathematical source shell for the same localization tradeoff.	manual directed-mechanism adjudication							manual canonical merge pass; enrich before hard exclusion			EXISTING_EXPLICIT_MAPPING	M;S
IM-407	INFORMATION LEARNED PRIVATELY CAN RAISE VALUE TO THE CURRENT HOLDER WITHOUT BECOMING PORTABLE MARKET VALUE	codex_extension_survivor	E-525;E-526;E-527	exact source ids preserved in merge crosswalk	see canonical 4000-record inventory	see canonical 4000-record inventory		Outsiders cannot price productivity learned only inside the relationship.	manual directed-mechanism adjudication							manual canonical merge pass; enrich before hard exclusion			EXISTING_EXPLICIT_MAPPING	E
IM-408	WHEN THE COUNTERPARTY CONTROLS EARLY EXIT, EXPOSURE DURATION BECOMES ASYMMETRIC: UPSIDE SHORTENS AND DOWNSIDE EXTENDS	codex_extension_survivor	E-542;E-543;E-544;E-545;E-546;E-547;E-548;E-549	exact source ids preserved in merge crosswalk	see canonical 4000-record inventory	see canonical 4000-record inventory		Embedded exercise rights create state-dependent negative convexity and selection.	manual directed-mechanism adjudication							manual canonical merge pass; enrich before hard exclusion			EXISTING_EXPLICIT_MAPPING	E
IM-409	IF RESISTANCE FALLS WITH SPEED, A SMALL SPEED-UP REMOVES ITS OWN BRAKE AND CAN NUCLEATE RUNAWAY MOTION	codex_extension_survivor	P-531;P-532;P-533	exact source ids preserved in merge crosswalk	see canonical 4000-record inventory	see canonical 4000-record inventory		The constitutive slope closes a destabilizing feedback loop.	manual directed-mechanism adjudication							manual canonical merge pass; enrich before hard exclusion			EXISTING_EXPLICIT_MAPPING	P
IM-410	A SMALL SAMPLE CAN REPRESENT EVERY SUFFICIENTLY LARGE RELEVANT REGION WHEN CLASS COMPLEXITY LIMITS HOW REGIONS CAN SHATTER	codex_extension_survivor	M-587;M-588;M-589;M-590;M-591;M-592	exact source ids preserved in merge crosswalk	see canonical 4000-record inventory	see canonical 4000-record inventory		This is a uniform geometric hitting guarantee, retained separately from ordinary prediction generalization.	manual directed-mechanism adjudication							manual canonical merge pass; enrich before hard exclusion			EXISTING_EXPLICIT_MAPPING	M
IM-411	AN EXTREME GLOBAL FLUCTUATION CAN BE BUILT AS THE SUM OF OPTIMIZED CORRECTIONS ACROSS ALL RESOLUTION SCALES	codex_extension_survivor	M-593;M-594;M-595;M-596;M-597;M-598;M-599;M-600	exact source ids preserved in merge crosswalk	see canonical 4000-record inventory	see canonical 4000-record inventory		Chaining uses the whole multiscale occupancy geometry rather than one worst distance.	manual directed-mechanism adjudication							manual canonical merge pass; enrich before hard exclusion			EXISTING_EXPLICIT_MAPPING	M
IM-412	PAIR A MODEL-SENSITIVE SAFEGUARD WITH A MODEL-INDEPENDENT BACKSTOP SO GAMING OR MISSPECIFICATION CANNOT DISABLE BOTH	codex_extension_survivor	E-561;E-562;E-571;E-572	exact source ids preserved in merge crosswalk	see canonical 4000-record inventory	see canonical 4000-record inventory		The second constraint deliberately observes a different failure coordinate.	manual directed-mechanism adjudication							manual canonical merge pass; enrich before hard exclusion			EXISTING_EXPLICIT_MAPPING	E
IM-413	STRATEGIC COMPLEMENTARITY CAN MAKE EACH AGENT'S DESIRED ADJUSTMENT SMALL WHEN OTHERS ARE EXPECTED NOT TO MOVE	codex_extension_survivor	E-590;E-591	exact source ids preserved in merge crosswalk	see canonical 4000-record inventory	see canonical 4000-record inventory		Collective inaction is generated by mutually reinforcing best responses, not physical adjustment incapacity.	manual directed-mechanism adjudication							manual canonical merge pass; enrich before hard exclusion			EXISTING_EXPLICIT_MAPPING	E
IM-414	MANY SCATTERING EVENTS DO NOT GUARANTEE DIRECTIONAL MEMORY LOSS WHEN EACH EVENT IS STRONGLY FORWARD-BIASED	codex_extension_survivor	P-588;P-589;P-593	exact source ids preserved in merge crosswalk	see canonical 4000-record inventory	see canonical 4000-record inventory		Interaction count and transport-randomization length are different state variables.	manual directed-mechanism adjudication							manual canonical merge pass; enrich before hard exclusion			EXISTING_EXPLICIT_MAPPING	P
IM-415	TWO CURVES CAN SHARE ONE PROCESS SHAPE YET DIFFER BECAUSE THEIR INTERNAL CLOCKS RUN NONLINEARLY	codex_extension_survivor	S-633;S-634;S-635;S-636;S-637;S-638	exact source ids preserved in merge crosswalk	see canonical 4000-record inventory	see canonical 4000-record inventory		Phase variation is separated from amplitude variation by time registration.	manual directed-mechanism adjudication							manual canonical merge pass; enrich before hard exclusion			EXISTING_EXPLICIT_MAPPING	S
IM-416	COMPLEMENTARY CONTRACTS CAN BREAK SUBSTITUTABILITY AND DESTROY THE EXISTENCE OR STABILITY OF ORDINARY MATCHING	codex_extension_survivor	E-623;E-630;E-637;E-638	exact source ids preserved in merge crosswalk	see canonical 4000-record inventory	see canonical 4000-record inventory		Package value reverses rejection monotonicity required by standard matching machinery.	manual directed-mechanism adjudication							manual canonical merge pass; enrich before hard exclusion			EXISTING_EXPLICIT_MAPPING	E
IM-417	GROWING DOMAINS COMPETE FOR THE SAME UNTRANSFORMED SPACE, SO IMPINGEMENT AND SITE EXHAUSTION SLOW GLOBAL CONVERSION	codex_extension_survivor	P-601;P-602;P-603;P-604;P-605;P-606;P-607;P-608	exact source ids preserved in merge crosswalk	see canonical 4000-record inventory	see canonical 4000-record inventory		Exclusive occupancy changes the effective rate as transformed territory accumulates.	manual directed-mechanism adjudication							manual canonical merge pass; enrich before hard exclusion			EXISTING_EXPLICIT_MAPPING	P
IM-418	TWO INDIVIDUALLY IDEAL BOUNDARY RULES CAN BE JOINTLY INCOMPATIBLE AND CREATE INFINITE COST AT THEIR INTERSECTION	codex_extension_survivor	P-624;P-630;P-631	exact source ids preserved in merge crosswalk	see canonical 4000-record inventory	see canonical 4000-record inventory		A precursor film or slip length regularizes the moving-contact-line singularity.	manual directed-mechanism adjudication							manual canonical merge pass; enrich before hard exclusion			EXISTING_EXPLICIT_MAPPING	P
IM-419	USE THE COMPUTED SOLUTION'S LOCAL RESIDUALS TO ESTIMATE ERROR AND REALLOCATE RESOLUTION WHERE THE NUMERICS FAIL	codex_extension_survivor	M-661;M-662;M-663;M-664;M-665;M-666;M-667;M-668	exact source ids preserved in merge crosswalk	see canonical 4000-record inventory	see canonical 4000-record inventory		The estimator is produced after solving and drives adaptive refinement or coarsening.	manual directed-mechanism adjudication							manual canonical merge pass; enrich before hard exclusion			EXISTING_EXPLICIT_MAPPING	M
IM-420	UNCERTAINTY ABOUT WHICH RECORDS BELONG TOGETHER MUST PROPAGATE INTO EVERY DOWNSTREAM ESTIMATE	codex_extension_survivor	S-671;S-672	exact source ids preserved in merge crosswalk	see canonical 4000-record inventory	see canonical 4000-record inventory		A single best linkage cannot be treated as fixed truth in a two-stage analysis.	manual directed-mechanism adjudication							manual canonical merge pass; enrich before hard exclusion			EXISTING_EXPLICIT_MAPPING	S
IM-421	STABILIZE A RELEASE BY BOUNDING HOW MUCH ITS OUTPUT LAW CHANGES WHEN ONE INPUT RECORD CHANGES	codex_extension_survivor	S-675;S-676;S-677;S-678;S-679;S-680	exact source ids preserved in merge crosswalk	see canonical 4000-record inventory	see canonical 4000-record inventory		C-359 supplies composition and post-processing closure variants of the same differential-privacy guarantee.	manual directed-mechanism adjudication							manual canonical merge pass; enrich before hard exclusion			EXISTING_EXPLICIT_MAPPING	S
IM-422	ONE MARGINAL PRICE CANNOT SUPPORT A FEASIBLE OPTIMUM WHEN FIXED STARTUP AND INTERTEMPORAL COSTS MAKE THE FEASIBLE SET NONCONVEX	codex_extension_survivor	E-650;E-651;E-652;E-653;E-654	exact source ids preserved in merge crosswalk	see canonical 4000-record inventory	see canonical 4000-record inventory		Binary commitment and time coupling require uplift or another non-marginal transfer.	manual directed-mechanism adjudication							manual canonical merge pass; enrich before hard exclusion			EXISTING_EXPLICIT_MAPPING	E
IM-423	A RIGID JAMMED STRUCTURE CAN CARRY ONE LOAD DIRECTION YET COLLAPSE UNDER ANOTHER	codex_extension_survivor	P-676	exact source ids preserved in merge crosswalk	see canonical 4000-record inventory	see canonical 4000-record inventory		Stability is conditional on the anisotropic contact network and forcing direction.	manual directed-mechanism adjudication							manual canonical merge pass; enrich before hard exclusion			EXISTING_EXPLICIT_MAPPING	P
IM-424	IF A DENSE MATERIAL MUST DILATE TO SHEAR BUT CONFINEMENT BLOCKS DILATION, NORMAL STRESS AND SHEAR RESISTANCE RISE	codex_extension_survivor	P-677;P-678	exact source ids preserved in merge crosswalk	see canonical 4000-record inventory	see canonical 4000-record inventory		The boundary closes the dilatancy feedback; this is more than the unconstrained free-volume prerequisite.	manual directed-mechanism adjudication							manual canonical merge pass; enrich before hard exclusion			EXISTING_EXPLICIT_MAPPING	P
IM-425	REPEATED STRETCH, FOLD, AND RETURN CAN CREATE EXPONENTIALLY MANY DISTINGUISHABLE TRAJECTORIES	codex_extension_survivor	M-690;M-691;M-692;M-693;M-694;M-695;M-696;M-697;M-698;M-699	exact source ids preserved in merge crosswalk	see canonical 4000-record inventory	see canonical 4000-record inventory		Trajectory complexity is generated dynamically by hyperbolic splitting and folding.	manual directed-mechanism adjudication							manual canonical merge pass; enrich before hard exclusion			EXISTING_EXPLICIT_MAPPING	M
IM-426	REPLACE A SINGULAR POINT BY THE SET OF DIRECTIONS OF APPROACH SO DEGENERATE LOCAL GEOMETRY BECOMES RESOLVABLE	codex_extension_survivor	M-713;M-714;M-715;M-716;M-717	exact source ids preserved in merge crosswalk	see canonical 4000-record inventory	see canonical 4000-record inventory		Blow-up preserves directional information that the collapsed point erased.	manual directed-mechanism adjudication							manual canonical merge pass; enrich before hard exclusion			EXISTING_EXPLICIT_MAPPING	M
IM-427	UNLABELED DATA IMPROVE PREDICTION ONLY IF FEATURE GEOMETRY IS STRUCTURALLY LINKED TO LABEL GEOMETRY	codex_extension_survivor	S-681;S-685;S-686;S-687;S-688;S-689;S-690	exact source ids preserved in merge crosswalk	see canonical 4000-record inventory	see canonical 4000-record inventory		The marginal distribution of features alone cannot identify labels without a cluster, smoothness, or augmentation assumption.	manual directed-mechanism adjudication							manual canonical merge pass; enrich before hard exclusion			EXISTING_EXPLICIT_MAPPING	S
IM-428	ABSTAIN ON UNCERTAIN CASES TO TRADE COVERAGE FOR CONDITIONAL RELIABILITY INSTEAD OF FORCING A LABEL EVERYWHERE	codex_extension_survivor	S-700	exact source ids preserved in merge crosswalk	see canonical 4000-record inventory	see canonical 4000-record inventory		Coverage and accuracy are controlled on separate axes.	manual directed-mechanism adjudication							manual canonical merge pass; enrich before hard exclusion			EXISTING_EXPLICIT_MAPPING	S
IM-429	SHIFTING COST RISK TO AN AGENT STRENGTHENS COST-REDUCTION INCENTIVES BUT WEAKENS INSURANCE AGAINST UNCONTROLLABLE COSTS	codex_extension_survivor	E-683;E-684;E-685;E-686;E-687;E-688;E-689;E-690;E-696;E-697;E-698	exact source ids preserved in merge crosswalk	see canonical 4000-record inventory	see canonical 4000-record inventory		Cost-plus, fixed-price, and sharing contracts lie on an incentive-risk continuum.	manual directed-mechanism adjudication							manual canonical merge pass; enrich before hard exclusion			EXISTING_EXPLICIT_MAPPING	E
IM-430	REPARTITIONING THE SAME ASSET CASH FLOWS CANNOT CREATE VALUE BY ITSELF; VALUE APPEARS ONLY THROUGH A FRICTION THE PARTITION CHANGES	codex_extension_survivor	E-701;E-702;E-703;E-704	exact source ids preserved in merge crosswalk	see canonical 4000-record inventory	see canonical 4000-record inventory		The irrelevance benchmark isolates taxes, distress, agency, and information as the active mechanisms.	manual directed-mechanism adjudication							manual canonical merge pass; enrich before hard exclusion			EXISTING_EXPLICIT_MAPPING	E
IM-431	GRADE RESONANCE ACROSS SPACE SO DIFFERENT FREQUENCIES SLOW AND LOCALIZE AT DIFFERENT POSITIONS	codex_extension_survivor	P-692;P-693	exact source ids preserved in merge crosswalk	see canonical 4000-record inventory	see canonical 4000-record inventory		Frequency is mapped into position through a spatially varying local resonance.	manual directed-mechanism adjudication							manual canonical merge pass; enrich before hard exclusion			EXISTING_EXPLICIT_MAPPING	P
IM-432	CERTIFY AN INVARIANT DYNAMICAL OBJECT FROM A SURROUNDING BLOCK AND ITS EXIT SET WITHOUT SOLVING THE INTERNAL ORBITS	codex_extension_survivor	M-724;M-725;M-726;M-727;M-728;M-729;M-730	exact source ids preserved in merge crosswalk	see canonical 4000-record inventory	see canonical 4000-record inventory		The Conley index survives continuation while isolation remains intact.	manual directed-mechanism adjudication							manual canonical merge pass; enrich before hard exclusion			EXISTING_EXPLICIT_MAPPING	M
IM-433	DECOMPOSE DYNAMICS INTO RECURRENT CORES AND A ONE-WAY GRAPH OF TRANSIENT MOTION BETWEEN THEM	codex_extension_survivor	M-721;M-722;M-723;M-731;M-732;M-733;M-734;M-735	exact source ids preserved in merge crosswalk	see canonical 4000-record inventory	see canonical 4000-record inventory		A Lyapunov order describes irreversible motion between recurrent pieces.	manual directed-mechanism adjudication							manual canonical merge pass; enrich before hard exclusion			EXISTING_EXPLICIT_MAPPING	M
IM-434	AN APPARENTLY SURVIVING STRUCTURE CAN BE KILLED ONLY ON A LATER APPROXIMATION PAGE BY A DELAYED CROSS-LAYER OBSTRUCTION	codex_extension_survivor	M-741;M-742;M-743;M-744;M-745;M-746;M-747;M-748	exact source ids preserved in merge crosswalk	see canonical 4000-record inventory	see canonical 4000-record inventory		Spectral sequences expose hidden cancellations and extension problems progressively.	manual directed-mechanism adjudication							manual canonical merge pass; enrich before hard exclusion			EXISTING_EXPLICIT_MAPPING	M
IM-435	TILT THE NEXT RANDOM ASSIGNMENT AGAINST CURRENT IMBALANCE WITHOUT ABANDONING RANDOMIZATION	codex_extension_survivor	S-746;S-747;S-748;S-749	exact source ids preserved in merge crosswalk	see canonical 4000-record inventory	see canonical 4000-record inventory		Past allocation and covariates feed back into future assignment probabilities.	manual directed-mechanism adjudication							manual canonical merge pass; enrich before hard exclusion			EXISTING_EXPLICIT_MAPPING	S
IM-436	LOCAL CONTINUOUS PHASE PLUS GLOBAL LOOP CONSISTENCY CAN FORCE AN INTEGRAL QUANTITY TO BE DISCRETE	codex_extension_survivor	P-731;P-732	exact source ids preserved in merge crosswalk	see canonical 4000-record inventory	see canonical 4000-record inventory		Single-valuedness around a loop quantizes circulation and localizes defect cores.	manual directed-mechanism adjudication							manual canonical merge pass; enrich before hard exclusion			EXISTING_EXPLICIT_MAPPING	P
IM-437	ABOVE A DRIVE THRESHOLD, A HIDDEN INTERNAL MODE CAN ABSORB INPUT AND BREAK SIMPLE TRANSLATION	codex_extension_survivor	P-759	exact source ids preserved in merge crosswalk	see canonical 4000-record inventory	see canonical 4000-record inventory		Internal precession changes the moving object's effective response after Walker breakdown.	manual directed-mechanism adjudication							manual canonical merge pass; enrich before hard exclusion			EXISTING_EXPLICIT_MAPPING	P
IM-438	CHOOSE LOCAL INTEGER MOVES THAT CONNECT EVERY STATE IN A FIXED-SUFFICIENT-STATISTIC FIBER	codex_extension_survivor	S-774;S-775	exact source ids preserved in merge crosswalk	see canonical 4000-record inventory	see canonical 4000-record inventory		A Markov basis supplies reachability that merely defining the fiber does not guarantee.	manual directed-mechanism adjudication							manual canonical merge pass; enrich before hard exclusion			EXISTING_EXPLICIT_MAPPING	S
IM-439	MOVING THE REMITTANCE NODE CAN CHANGE ENFORCEMENT AND OBSERVABILITY EVEN WHEN LEGAL TAX INCIDENCE IS UNCHANGED	codex_extension_survivor	E-789;E-790	exact source ids preserved in merge crosswalk	see canonical 4000-record inventory	see canonical 4000-record inventory		Collection architecture and economic burden are separate graphs.	manual directed-mechanism adjudication							manual canonical merge pass; enrich before hard exclusion			EXISTING_EXPLICIT_MAPPING	E
IM-440	GIVE THE COUNTERPARTY A PRIVATE BENEFIT FROM DOCUMENTING A TRANSACTION SO ONE REPORT CREATES EVIDENCE AGAINST THE OTHER PARTY	codex_extension_survivor	E-791;E-792	exact source ids preserved in merge crosswalk	see canonical 4000-record inventory	see canonical 4000-record inventory		Verification is generated endogenously by opposing reporting incentives.	manual directed-mechanism adjudication							manual canonical merge pass; enrich before hard exclusion			EXISTING_EXPLICIT_MAPPING	E
IM-441	A NEARLY CONSERVED INVARIANT CAN FORCE TRANSFER TOWARD LARGER SCALES WHILE COMPENSATING CONTENT APPEARS ELSEWHERE	codex_extension_survivor	P-796;P-797	exact source ids preserved in merge crosswalk	see canonical 4000-record inventory	see canonical 4000-record inventory		The invariant constrains the direction and bookkeeping of cross-scale transfer.	manual directed-mechanism adjudication							manual canonical merge pass; enrich before hard exclusion			EXISTING_EXPLICIT_MAPPING	P
IM-442	SMALL GROWTH UNDER ADDITION REVEALS LATENT LOW-COMPLEXITY ADDITIVE STRUCTURE	codex_extension_survivor	M-801;M-802;M-803;M-804;M-805;M-806;M-807;M-808;M-809;M-810;M-811;M-812;M-813;M-814;M-815;M-816;M-817;M-818	exact source ids preserved in merge crosswalk	see canonical 4000-record inventory	see canonical 4000-record inventory		Repeated additive coincidences force approximate group or progression structure.	manual directed-mechanism adjudication							manual canonical merge pass; enrich before hard exclusion			EXISTING_EXPLICIT_MAPPING	M
IM-443	A SET CANNOT REMAIN UNSTRUCTURED AND GROW SLOWLY UNDER BOTH ADDITION AND MULTIPLICATION	codex_extension_survivor	M-819;M-820	exact source ids preserved in merge crosswalk	see canonical 4000-record inventory	see canonical 4000-record inventory		Sum-product incompatibility creates a structure-randomness dichotomy.	manual directed-mechanism adjudication							manual canonical merge pass; enrich before hard exclusion			EXISTING_EXPLICIT_MAPPING	M
IM-444	A QUALIFIED COLLECTIVE OVERRIDE CAN DEFEAT MINORITY VETO WHILE PRESERVING A FAIRNESS TEST	codex_extension_survivor	E-803;E-815;E-816	exact source ids preserved in merge crosswalk	see canonical 4000-record inventory	see canonical 4000-record inventory		Stay and cramdown replace unanimity with governed continuation.	manual directed-mechanism adjudication							manual canonical merge pass; enrich before hard exclusion			EXISTING_EXPLICIT_MAPPING	E
IM-445	A CONTRACT CAN ALIGN ONE OBSERVABLE DECISION MARGIN WHILE MISALIGNING HIDDEN EFFORT OR A RELOCATED DECISION RIGHT	codex_extension_survivor	E-821;E-822;E-823;E-824;E-825;E-826;E-827;E-828;E-829;E-830;E-831;E-832;E-833;E-834;E-835;E-836;E-837;E-838;E-839;E-840	exact source ids preserved in merge crosswalk	see canonical 4000-record inventory	see canonical 4000-record inventory		Coordination is vector-valued; matching quantity incentives does not coordinate every action.	manual directed-mechanism adjudication							manual canonical merge pass; enrich before hard exclusion			EXISTING_EXPLICIT_MAPPING	E
IM-446	ABOVE A SELF-SUSTAINING THRESHOLD, OUTPUT DEPLETES THE GAIN RESOURCE AND CLAMPS NET GAIN NEAR LOSS	codex_extension_survivor	P-801;P-802;P-803;P-804;P-805;P-806;P-807	exact source ids preserved in merge crosswalk	see canonical 4000-record inventory	see canonical 4000-record inventory		Threshold crossing closes a negative feedback through resource depletion, not generic saturation alone.	manual directed-mechanism adjudication							manual canonical merge pass; enrich before hard exclusion			EXISTING_EXPLICIT_MAPPING	P
IM-447	LIMIT BOND VALENCE AND DIRECTION GEOMETRICALLY SO LOCAL INTERACTION RULES SELECT A DESIRED GLOBAL ASSEMBLY	codex_extension_survivor	P-837;P-838	exact source ids preserved in merge crosswalk	see canonical 4000-record inventory	see canonical 4000-record inventory		Patch placement constrains neighbor count and orientation before assembly begins.	manual directed-mechanism adjudication							manual canonical merge pass; enrich before hard exclusion			EXISTING_EXPLICIT_MAPPING	P
IM-448	SOME SOURCE METRICS FORCE UNAVOIDABLE DISTORTION IN EVERY REPRESENTATION INSIDE A SIMPLER TARGET GEOMETRY	codex_extension_survivor	M-841;M-842;M-843;M-844;M-845;M-846;M-847;M-848;M-849;M-850;M-851;M-852;M-853;M-854;M-855;M-856;M-857;M-858;M-859;M-860	exact source ids preserved in merge crosswalk	see canonical 4000-record inventory	see canonical 4000-record inventory		The obstruction is quantitative pairwise distortion, not only topological collision or low dimension.	manual directed-mechanism adjudication							manual canonical merge pass; enrich before hard exclusion			EXISTING_EXPLICIT_MAPPING	M
IM-449	THE PRECISION, VISIT TIME, OR COARSENING PATTERN OF AN OBSERVATION CAN ITSELF REVEAL THE HIDDEN STATE	codex_extension_survivor	S-861;S-862;S-863;S-864;S-865;S-866;S-867;S-868;S-869;S-870;S-871;S-872;S-873;S-874;S-875;S-876;S-877;S-878;S-879;S-880	exact source ids preserved in merge crosswalk	see canonical 4000-record inventory	see canonical 4000-record inventory		The observation map is a stochastic, potentially informative process rather than a neutral loss of detail.	manual directed-mechanism adjudication							manual canonical merge pass; enrich before hard exclusion			EXISTING_EXPLICIT_MAPPING	S
IM-450	LINK COMPLEMENTARY SETTLEMENT LEGS ATOMICALLY SO NEITHER SIDE CAN COMPLETE WITHOUT THE OTHER	codex_extension_survivor	E-859;E-860	exact source ids preserved in merge crosswalk	see canonical 4000-record inventory	see canonical 4000-record inventory		Conditional execution removes principal risk created by one-leg completion.	manual directed-mechanism adjudication							manual canonical merge pass; enrich before hard exclusion			EXISTING_EXPLICIT_MAPPING	E
IM-451	STABLE RANKING, INTERNAL CONSISTENCY, AND NUMERICAL AGREEMENT ARE DIFFERENT MEASUREMENT PROPERTIES	codex_extension_survivor	S-883;S-884;S-885;S-886;S-887;S-888;S-889;S-890;S-891;S-892;S-893;S-894;S-895;S-896;S-897;S-898;S-899;S-900	exact source ids preserved in merge crosswalk	see canonical 4000-record inventory	see canonical 4000-record inventory		A method can be reliable yet systematically disagree in level or magnitude.	manual directed-mechanism adjudication							manual canonical merge pass; enrich before hard exclusion			EXISTING_EXPLICIT_MAPPING	S
IM-452	VERIFICATION CAN TURN A FUTURE CLAIM, RECEIVABLE, OR INVENTORY POSITION INTO CURRENT LIQUIDITY	codex_extension_survivor	E-885;E-886;E-887;E-888;E-889;E-890;E-891;E-892;E-893;E-894;E-895;E-896;E-897;E-898;E-899;E-900	exact source ids preserved in merge crosswalk	see canonical 4000-record inventory	see canonical 4000-record inventory		A documentary or anchor signal changes financeability before the underlying cash arrives.	manual directed-mechanism adjudication							manual canonical merge pass; enrich before hard exclusion			EXISTING_EXPLICIT_MAPPING	E
IM-453	A FORECAST CAN BE CALIBRATED YET USELESSLY BROAD; SHARPNESS IS VALUABLE ONLY SUBJECT TO CALIBRATION	codex_extension_survivor	S-921;S-922;S-923;S-924;S-925;S-926;S-927;S-928;S-929;S-930;S-931;S-932;S-933;S-934;S-935;S-936;S-937;S-938;S-939;S-940	exact source ids preserved in merge crosswalk	see canonical 4000-record inventory	see canonical 4000-record inventory		Calibration and concentration are separate axes linked by proper scoring and out-of-sample testing.	manual directed-mechanism adjudication							manual canonical merge pass; enrich before hard exclusion			EXISTING_EXPLICIT_MAPPING	S
IM-454	COMPLEMENTARY RIGHTS LICENSED SEPARATELY CAN STACK INTO A TOTAL BURDEN THAT BLOCKS USE OF THE WHOLE PACKAGE	codex_extension_survivor	E-958;E-959	exact source ids preserved in merge crosswalk	see canonical 4000-record inventory	see canonical 4000-record inventory		Fragmented ownership makes individually rational royalties jointly excessive.	manual directed-mechanism adjudication							manual canonical merge pass; enrich before hard exclusion			EXISTING_EXPLICIT_MAPPING	E
IM-455	AN EXTERNAL TRIGGER CAN REPLACE COSTLY OR MANIPULABLE VERIFICATION BUT CREATES BASIS RISK BETWEEN THE PROXY AND REAL LOSS	codex_extension_survivor	E-989;E-990;E-991;E-992;E-993;E-994;E-995;E-996;E-997;E-998;E-999;E-1000	exact source ids preserved in merge crosswalk	see canonical 4000-record inventory	see canonical 4000-record inventory		The proxy is retained because it improves speed and incentive compatibility; its mismatch is an explicit competing failure mode.	manual directed-mechanism adjudication							manual canonical merge pass; enrich before hard exclusion			EXISTING_EXPLICIT_MAPPING	E
