regime	seed	nominal_value	actual_value	aware_value	nominal_abs_error	aware_abs_error	renegotiation_rate
renegotiable_main	0	0.18031066139890597	0.5073052534537207	0.5073052534537207	0.32699459205481474	0.0	0.43
renegotiable_main	1	0.040699016300281624	0.49549016998531636	0.49549016998531636	0.45479115368503475	0.0	0.48575
renegotiable_main	2	-0.21476136634789383	0.33619158039102837	0.33619158039102837	0.5509529467389223	0.0	0.57275
renegotiable_main	3	0.2858971304942945	0.682341546378025	0.682341546378025	0.3964444158837305	0.0	0.413
renegotiable_main	4	-0.1554782291727937	0.4376259264645722	0.4376259264645722	0.593104155637366	0.0	0.548
renegotiable_main	5	0.2295429859751713	0.5387556716255335	0.5387556716255335	0.3092126856503622	0.0	0.41025
renegotiable_main	6	-0.09321257792732598	0.32387779276693146	0.32387779276693146	0.4170903706942575	0.0	0.5385
renegotiable_main	7	-0.1841380566146771	0.29532920478134284	0.29532920478134284	0.4794672613960199	0.0	0.57725
renegotiable_main	8	-0.0153641784830621	0.4901697469474986	0.4901697469474986	0.5055339254305607	0.0	0.504
renegotiable_main	9	0.01030132685617656	0.5260383385042205	0.5260383385042205	0.515737011648044	0.0	0.502
renegotiable_main	10	0.021380118103442577	0.3458491250682671	0.3458491250682671	0.3244690069648245	0.0	0.49625
renegotiable_main	11	0.11302186170423215	0.3601751706769892	0.3601751706769892	0.24715330897275703	0.0	0.44575
renegotiable_main	12	0.14192355530842138	0.6074534871513131	0.6074534871513131	0.4655299318428917	0.0	0.45175
renegotiable_main	13	-0.15462384960119693	0.21330318038052645	0.21330318038052645	0.3679270299817234	0.0	0.5845
renegotiable_main	14	-0.13104089264457686	0.49216344913548593	0.49216344913548593	0.6232043417800628	0.0	0.52475
renegotiable_main	15	0.2657662178800872	0.4638402601821789	0.4638402601821789	0.1980740423020917	0.0	0.36625
renegotiable_main	16	0.19919061964532228	0.4917819085611794	0.4917819085611794	0.2925912889158572	0.0	0.41825
renegotiable_main	17	0.22169287030890472	0.6180346250724474	0.6180346250724474	0.3963417547635427	0.0	0.429
renegotiable_main	18	0.18155658676632008	0.5503551304619336	0.5503551304619336	0.36879854369561355	0.0	0.44475
renegotiable_main	19	0.27345967241786456	0.500713136030585	0.500713136030585	0.22725346361272042	0.0	0.379
renegotiable_main	20	-0.19865834023259255	0.19641712138427303	0.19641712138427303	0.3950754616168656	0.0	0.6115
renegotiable_main	21	0.2604092035451238	0.4505307707242131	0.4505307707242131	0.1901215671790893	0.0	0.37175
renegotiable_main	22	0.03962002866369135	0.5738172907805852	0.5738172907805852	0.5341972621168938	0.0	0.48375
renegotiable_main	23	0.3144912615443809	0.7205363640749513	0.7205363640749513	0.40604510253057036	0.0	0.41275
renegotiable_main	24	0.29211337089916223	0.5863034056246033	0.5863034056246033	0.29419003472544103	0.0	0.39975
renegotiable_main	25	0.08830531423368837	0.40834785830028103	0.40834785830028103	0.32004254406659266	0.0	0.4595
renegotiable_main	26	0.12193286506572244	0.5296402853622655	0.5296402853622655	0.40770742029654305	0.0	0.4595
renegotiable_main	27	-0.004164323911693749	0.557713736417718	0.557713736417718	0.5618780603294118	0.0	0.50725
renegotiable_main	28	0.25677601441865827	0.44669982691471033	0.44669982691471033	0.18992381249605206	0.0	0.37075
renegotiable_main	29	-0.05045739924071514	0.2969598146402305	0.2969598146402305	0.34741721388094565	0.0	0.51975
renegotiable_main	30	-0.04744583901727715	0.28448041908828425	0.28448041908828425	0.3319262581055614	0.0	0.5205
renegotiable_main	31	0.2706652287119726	0.6343154935371054	0.6343154935371054	0.36365026482513274	0.0	0.414
renegotiable_main	32	-0.200465883688581	0.3739824351892912	0.3739824351892912	0.5744483188778722	0.0	0.5765
renegotiable_main	33	0.1844791440858338	0.39118489037585097	0.39118489037585097	0.20670574629001717	0.0	0.3965
renegotiable_main	34	0.23165670093295218	0.5838854854590665	0.5838854854590665	0.3522287845261143	0.0	0.41825
renegotiable_main	35	0.0965211011167155	0.3515571201304199	0.3515571201304199	0.25503601901370443	0.0	0.4525
renegotiable_main	36	0.30786478231074266	0.5751480157541801	0.5751480157541801	0.2672832334434374	0.0	0.38875
renegotiable_main	37	0.07733785376700733	0.415951940058212	0.415951940058212	0.3386140862912047	0.0	0.465
renegotiable_main	38	-0.10091087668628483	0.4752056925730326	0.4752056925730326	0.5761165692593174	0.0	0.5315
renegotiable_main	39	-0.25177942066861275	0.2498778739599009	0.2498778739599009	0.5016572946285136	0.0	0.616
renegotiable_main	40	-0.2140580787932189	0.24235290474324528	0.24235290474324528	0.45641098353646414	0.0	0.606
renegotiable_main	41	0.05888167634042714	0.35153759276370966	0.35153759276370966	0.29265591642328254	0.0	0.4795
renegotiable_main	42	-0.038665494006730285	0.3567100655606761	0.3567100655606761	0.3953755595674064	0.0	0.51975
renegotiable_main	43	0.2792343744973385	0.59406998634449	0.59406998634449	0.31483561184715153	0.0	0.3925
renegotiable_main	44	-0.2929923198183259	0.35938481516817106	0.35938481516817106	0.652377134986497	0.0	0.59275
renegotiable_main	45	0.1547609228017587	0.4553542897004619	0.4553542897004619	0.3005933668987032	0.0	0.43875
renegotiable_main	46	0.16757300198795338	0.4525627478477474	0.4525627478477474	0.28498974585979403	0.0	0.42825
renegotiable_main	47	0.028128805531503168	0.44556843998015727	0.44556843998015727	0.4174396344486541	0.0	0.48875
renegotiable_main	48	0.23221576033722632	0.5446032948329688	0.5446032948329688	0.3123875344957424	0.0	0.4145
renegotiable_main	49	-0.1418489633030498	0.4819752149915339	0.4819752149915339	0.6238241782945837	0.0	0.54075
renegotiable_main	50	0.03263305577530516	0.5515729180403675	0.5515729180403675	0.5189398622650623	0.0	0.49
renegotiable_main	51	-0.12480995877665427	0.43784710547306277	0.43784710547306277	0.5626570642497171	0.0	0.5485
renegotiable_main	52	0.0842800514508887	0.3985594959360624	0.3985594959360624	0.3142794444851737	0.0	0.46425
renegotiable_main	53	0.07699306359033116	0.3871351254330012	0.3871351254330012	0.31014206184267007	0.0	0.4625
renegotiable_main	54	0.20258397166374464	0.45313182858577733	0.45313182858577733	0.2505478569220327	0.0	0.408
renegotiable_main	55	-0.1830026901599861	0.30221269964128966	0.30221269964128966	0.48521538980127576	0.0	0.57675
renegotiable_main	56	0.22168612249461528	0.41786779678998665	0.41786779678998665	0.19618167429537137	0.0	0.3745
renegotiable_main	57	-0.07617478398342876	0.415003121020897	0.415003121020897	0.49117790500432573	0.0	0.52125
renegotiable_main	58	0.15917726167479554	0.5054462686875121	0.5054462686875121	0.34626900701271657	0.0	0.4425
renegotiable_main	59	0.05751268713642264	0.3543227500905091	0.3543227500905091	0.29681006295408646	0.0	0.46875
renegotiable_main	60	0.1305831364438376	0.40096729479786936	0.40096729479786936	0.27038415835403173	0.0	0.438
renegotiable_main	61	0.1834319537030409	0.5219842143856198	0.5219842143856198	0.33855226068257893	0.0	0.4295
renegotiable_main	62	0.2767451525447989	0.5844898493102002	0.5844898493102002	0.3077446967654013	0.0	0.3975
renegotiable_main	63	0.2399361381194198	0.4422119271304417	0.4422119271304417	0.20227578901102192	0.0	0.3805
renegotiable_main	64	0.05511486846921087	0.43637019147054434	0.43637019147054434	0.38125532300133347	0.0	0.4845
renegotiable_main	65	0.11701524730393946	0.5225146979632934	0.5225146979632934	0.40549945065935394	0.0	0.4535
renegotiable_main	66	0.23010518900842292	0.4072671068073693	0.4072671068073693	0.17716191779894636	0.0	0.3815
renegotiable_main	67	0.06644726947198097	0.4730752252469051	0.4730752252469051	0.4066279557749241	0.0	0.47325
renegotiable_main	68	0.019059486253789275	0.4486011916558939	0.4486011916558939	0.4295417054021046	0.0	0.49675
renegotiable_main	69	0.28776891885334444	0.5020640101629058	0.5020640101629058	0.21429509130956137	0.0	0.366
renegotiable_main	70	0.1082067072046946	0.5960838164029855	0.5960838164029855	0.48787710919829086	0.0	0.463
renegotiable_main	71	0.1776965018160217	0.4191609791652903	0.4191609791652903	0.24146447734926862	0.0	0.416
renegotiable_main	72	-0.11983426015102537	0.2394656892435651	0.2394656892435651	0.3592999493945905	0.0	0.56475
renegotiable_main	73	0.22431770103039272	0.430011502691206	0.430011502691206	0.2056938016608133	0.0	0.38525
renegotiable_main	74	-0.2374394247424097	0.3794536278034666	0.3794536278034666	0.6168930525458762	0.0	0.5865
renegotiable_main	75	0.29231306681094393	0.5584826620953	0.5584826620953	0.266169595284356	0.0	0.3835
renegotiable_main	76	-0.004613585560602484	0.4517919625665967	0.4517919625665967	0.4564055481271992	0.0	0.504
renegotiable_main	77	-0.11216936926015263	0.4044744405109961	0.4044744405109961	0.5166438097711488	0.0	0.53625
renegotiable_main	78	0.21523470753613463	0.5775833064589085	0.5775833064589085	0.36234859892277393	0.0	0.43025
renegotiable_main	79	-0.07427258330615207	0.48835575845640833	0.48835575845640833	0.5626283417625604	0.0	0.52
renegotiable_main	80	-0.2306456484092209	0.27757245037493133	0.27757245037493133	0.5082180987841523	0.0	0.595
renegotiable_main	81	-0.2071382171428386	0.1961337022917307	0.1961337022917307	0.4032719194345693	0.0	0.6185
renegotiable_main	82	0.23635801087103814	0.5380723417513125	0.5380723417513125	0.30171433088027433	0.0	0.40575
renegotiable_main	83	-0.010437116432614888	0.5050165987937936	0.5050165987937936	0.5154537152264085	0.0	0.5015
renegotiable_main	84	0.17357510731037357	0.5519561292270707	0.5519561292270707	0.37838102191669715	0.0	0.44175
renegotiable_main	85	-0.13578313537047323	0.36372702727515377	0.36372702727515377	0.499510162645627	0.0	0.54875
renegotiable_main	86	0.018389464875824723	0.567392357859194	0.567392357859194	0.5490028929833692	0.0	0.50075
renegotiable_main	87	-0.18757986798765247	0.3752643070922533	0.3752643070922533	0.5628441750799058	0.0	0.56475
renegotiable_main	88	0.32135863273729875	0.6894005470353824	0.6894005470353824	0.3680419142980837	0.0	0.3905
renegotiable_main	89	-0.13523562639521725	0.42022958879560623	0.42022958879560623	0.5554652151908235	0.0	0.54525
renegotiable_main	90	-0.14923739605068437	0.4275715806442198	0.4275715806442198	0.5768089766949042	0.0	0.5505
renegotiable_main	91	0.09605996786558953	0.3936580327651229	0.3936580327651229	0.2975980648995334	0.0	0.454
renegotiable_main	92	0.05586380335985489	0.5464767472432943	0.5464767472432943	0.4906129438834394	0.0	0.479
renegotiable_main	93	-0.2039574133888928	0.32402874569549284	0.32402874569549284	0.5279861590843856	0.0	0.5815
renegotiable_main	94	-0.04183789730185194	0.4459491743472505	0.4459491743472505	0.48778707164910245	0.0	0.51725
renegotiable_main	95	-0.15567295626209982	0.2916975817032377	0.2916975817032377	0.4473705379653375	0.0	0.57225
renegotiable_main	96	0.2225175243478723	0.4745529795795626	0.4745529795795626	0.2520354552316903	0.0	0.40075
renegotiable_main	97	-0.04593422983583191	0.5284817098497465	0.5284817098497465	0.5744159396855785	0.0	0.50775
renegotiable_main	98	-0.20037246220109448	0.24982910594090588	0.24982910594090588	0.45020156814200035	0.0	0.59525
renegotiable_main	99	0.2193881912069585	0.6441949731565756	0.6441949731565756	0.4248067819496171	0.0	0.4315
renegotiable_main	100	-0.18625881540971032	0.33080929059419556	0.33080929059419556	0.5170681060039058	0.0	0.57575
renegotiable_main	101	0.26175261098385316	0.4660548749008433	0.4660548749008433	0.20430226391699013	0.0	0.37175
renegotiable_main	102	0.22732920849964583	0.5541488309146201	0.5541488309146201	0.32681962241497425	0.0	0.416
renegotiable_main	103	-0.1765906842010888	0.39908109682995013	0.39908109682995013	0.575671781031039	0.0	0.555
renegotiable_main	104	0.29259834660566036	0.5825369425879968	0.5825369425879968	0.28993859598233646	0.0	0.391
renegotiable_main	105	0.2693115550063428	0.5419050352097506	0.5419050352097506	0.27259348020340785	0.0	0.392
renegotiable_main	106	0.2690517260490956	0.5290678486284071	0.5290678486284071	0.26001612257931145	0.0	0.38625
renegotiable_main	107	-0.22600254233924913	0.42371284901662015	0.42371284901662015	0.6497153913558693	0.0	0.56975
renegotiable_main	108	0.07430578607272076	0.5603720116591661	0.5603720116591661	0.4860662255864453	0.0	0.48175
renegotiable_main	109	0.22913981985477025	0.5781862190027522	0.5781862190027522	0.34904639914798197	0.0	0.41875
renegotiable_main	110	-0.03601137696649764	0.3059626549549806	0.3059626549549806	0.34197403192147824	0.0	0.51225
renegotiable_main	111	0.16077600997234953	0.5663093318463941	0.5663093318463941	0.40553332187404456	0.0	0.452
renegotiable_main	112	0.18805278397263994	0.3868703412092866	0.3868703412092866	0.19881755723664665	0.0	0.394
renegotiable_main	113	-0.08828248535569148	0.2595085164006634	0.2595085164006634	0.3477910017563549	0.0	0.54375
renegotiable_main	114	-0.22295013404311784	0.3408753586581248	0.3408753586581248	0.5638254927012426	0.0	0.58075
renegotiable_main	115	0.16187018302227446	0.38314733839964016	0.38314733839964016	0.2212771553773657	0.0	0.41575
renegotiable_main	116	-0.20254282370839757	0.3357227016476145	0.3357227016476145	0.538265525356012	0.0	0.572
renegotiable_main	117	-0.009212688024232555	0.35822881788884126	0.35822881788884126	0.3674415059130738	0.0	0.5025
renegotiable_main	118	0.11933537681448045	0.34141595226667765	0.34141595226667765	0.2220805754521972	0.0	0.42675
renegotiable_main	119	0.34103443480013085	0.5171705913313609	0.5171705913313609	0.17613615653123005	0.0	0.339
renegotiable_main	120	-0.17065047972044625	0.2877664282700977	0.2877664282700977	0.4584169079905439	0.0	0.57925
renegotiable_main	121	-0.08586428431161564	0.3279299453451164	0.3279299453451164	0.413794229656732	0.0	0.53875
renegotiable_main	122	-0.171489174310718	0.2558976409880025	0.2558976409880025	0.42738681529872047	0.0	0.57625
renegotiable_main	123	0.22694597659306645	0.4412736085451787	0.4412736085451787	0.21432763195211227	0.0	0.3845
renegotiable_main	124	-0.02469538861922121	0.47366986752970847	0.47366986752970847	0.4983652561489297	0.0	0.50675
renegotiable_main	125	-0.01596571243932299	0.2723101962091341	0.2723101962091341	0.2882759086484571	0.0	0.503
renegotiable_main	126	0.14587694823804465	0.4825899768178813	0.4825899768178813	0.33671302857983665	0.0	0.43775
renegotiable_main	127	0.2399861600847903	0.5585139662655588	0.5585139662655588	0.31852780618076854	0.0	0.4195
renegotiable_main	128	0.3239085699172534	0.6069607050982885	0.6069607050982885	0.28305213518103506	0.0	0.378
renegotiable_main	129	0.2864975218576856	0.601591148622899	0.601591148622899	0.31509362676521335	0.0	0.40225
renegotiable_main	130	0.13960772516796785	0.4443825905301235	0.4443825905301235	0.3047748653621557	0.0	0.44075
renegotiable_main	131	0.28610231675645525	0.454213374800088	0.454213374800088	0.16811105804363274	0.0	0.347
renegotiable_main	132	-0.09714726042626924	0.4264208553320707	0.4264208553320707	0.52356811575834	0.0	0.53625
renegotiable_main	133	0.11653159340087495	0.5393781626204075	0.5393781626204075	0.42284656921953256	0.0	0.45725
renegotiable_main	134	-0.23226020104557052	0.4186552027367296	0.4186552027367296	0.6509154037823002	0.0	0.566
renegotiable_main	135	0.3366600135158741	0.6077025623403551	0.6077025623403551	0.27104254882448103	0.0	0.37325
renegotiable_main	136	0.36600535236198556	0.6815985562119291	0.6815985562119291	0.31559320384994355	0.0	0.3795
renegotiable_main	137	0.2729980946309655	0.48604591430017363	0.48604591430017363	0.2130478196692081	0.0	0.36875
renegotiable_main	138	0.046967768915591596	0.4509625448364967	0.4509625448364967	0.40399477592090516	0.0	0.48525
renegotiable_main	139	0.08321727258050433	0.4198860396040079	0.4198860396040079	0.33666876702350357	0.0	0.4665
renegotiable_main	140	0.11613826017415574	0.6089035019508358	0.6089035019508358	0.49276524177668	0.0	0.46025
renegotiable_main	141	0.3295852281376257	0.5543350981259382	0.5543350981259382	0.22474986998831248	0.0	0.35175
renegotiable_main	142	0.17053986196843113	0.42018881153889576	0.42018881153889576	0.24964894957046463	0.0	0.427
renegotiable_main	143	-0.18070757466644702	0.45551263874196346	0.45551263874196346	0.6362202134084105	0.0	0.55625
renegotiable_main	144	-0.09901722131107121	0.29760210285087807	0.29760210285087807	0.3966193241619493	0.0	0.55525
renegotiable_main	145	0.25637567800950584	0.4992842719281795	0.4992842719281795	0.24290859391867364	0.0	0.381
renegotiable_main	146	0.07419022879868373	0.5873067420066217	0.5873067420066217	0.5131165132079379	0.0	0.47375
renegotiable_main	147	0.2991652639281971	0.486232338515549	0.486232338515549	0.1870670745873519	0.0	0.35075
renegotiable_main	148	0.27897957346509655	0.46746973969337013	0.46746973969337013	0.18849016622827358	0.0	0.35625
renegotiable_main	149	-0.12882981674634475	0.41432795562088204	0.41432795562088204	0.5431577723672267	0.0	0.54075
renegotiable_main	150	0.05279801836365948	0.313049437369266	0.313049437369266	0.2602514190056065	0.0	0.4695
renegotiable_main	151	0.19401539702920614	0.6339893856436332	0.6339893856436332	0.43997398861442705	0.0	0.44225
renegotiable_main	152	-0.19502386094762847	0.398886259756914	0.398886259756914	0.5939101207045425	0.0	0.567
renegotiable_main	153	-0.20363876847013898	0.44138529852152364	0.44138529852152364	0.6450240669916626	0.0	0.565
renegotiable_main	154	-0.14179683358319692	0.3160251454446512	0.3160251454446512	0.45782197902784816	0.0	0.556
renegotiable_main	155	-0.07172382892051982	0.42783238540531693	0.42783238540531693	0.49955621432583674	0.0	0.52
renegotiable_main	156	0.1906493806120524	0.6528852239785835	0.6528852239785835	0.4622358433665311	0.0	0.4455
renegotiable_main	157	0.14362258620058874	0.4478600724514765	0.4478600724514765	0.30423748625088776	0.0	0.43925
renegotiable_main	158	0.12774783044856414	0.4875880072620994	0.4875880072620994	0.35984017681353525	0.0	0.4515
renegotiable_main	159	0.2827082978018856	0.5755722578575958	0.5755722578575958	0.2928639600557102	0.0	0.393
renegotiable_main	160	0.11747621563882822	0.45356690515582343	0.45356690515582343	0.3360906895169952	0.0	0.45225
renegotiable_main	161	-0.06677537470385243	0.477713318920838	0.477713318920838	0.5444886936246904	0.0	0.5225
renegotiable_main	162	0.07669655412842845	0.3860625841771314	0.3860625841771314	0.30936603004870294	0.0	0.4635
renegotiable_main	163	0.08525325506303617	0.5059776648109252	0.5059776648109252	0.42072440974788905	0.0	0.472
renegotiable_main	164	-0.15593155249288748	0.34644853003788784	0.34644853003788784	0.5023800825307754	0.0	0.56175
renegotiable_main	165	-0.20266809707168523	0.39303544396959145	0.39303544396959145	0.5957035410412767	0.0	0.569
renegotiable_main	166	0.12759163900429166	0.37866119874034826	0.37866119874034826	0.2510695597360566	0.0	0.43
renegotiable_main	167	-0.2057850029053027	0.24303416064319178	0.24303416064319178	0.4488191635484945	0.0	0.59625
renegotiable_main	168	0.08245331793680583	0.3314641115166523	0.3314641115166523	0.24901079357984646	0.0	0.46275
renegotiable_main	169	0.34806416075411395	0.5588129593725985	0.5588129593725985	0.2107487986184845	0.0	0.34825
renegotiable_main	170	-0.02303256063090064	0.4365602533461862	0.4365602533461862	0.45959281397708684	0.0	0.508
renegotiable_main	171	0.32230849698607505	0.5138146079726134	0.5138146079726134	0.1915061109865383	0.0	0.35025
renegotiable_main	172	0.05806274015873703	0.3913631289485759	0.3913631289485759	0.33330038878983886	0.0	0.4645
renegotiable_main	173	-0.17928511774672673	0.3097022351420071	0.3097022351420071	0.48898735288873385	0.0	0.569
renegotiable_main	174	-0.021406348989065987	0.39757311820561564	0.39757311820561564	0.4189794671946816	0.0	0.51325
renegotiable_main	175	0.20396961910423853	0.5222464182434394	0.5222464182434394	0.3182767991392009	0.0	0.4215
renegotiable_main	176	-0.16632872677054644	0.30419844905738297	0.30419844905738297	0.4705271758279294	0.0	0.5715
renegotiable_main	177	-0.12313551161216313	0.34729247227450183	0.34729247227450183	0.47042798388666496	0.0	0.54775
renegotiable_main	178	-0.25551289443408864	0.2857019713605483	0.2857019713605483	0.541214865794637	0.0	0.603
renegotiable_main	179	0.07051740599423649	0.46333708784746475	0.46333708784746475	0.39281968185322824	0.0	0.46575
renegotiable_main	180	-0.13271188695445513	0.4635106267725249	0.4635106267725249	0.5962225137269801	0.0	0.5455
renegotiable_main	181	0.04139794961212718	0.5484711589233323	0.5484711589233323	0.5070732093112051	0.0	0.48275
renegotiable_main	182	0.25714688271494657	0.5762863474572214	0.5762863474572214	0.31913946474227484	0.0	0.40325
renegotiable_main	183	0.01649484619871884	0.5186273827466633	0.5186273827466633	0.5021325365479444	0.0	0.4945
renegotiable_main	184	0.32481992456676645	0.551493041406338	0.551493041406338	0.2266731168395716	0.0	0.36225
renegotiable_main	185	0.09710165615930916	0.45412277435734516	0.45412277435734516	0.357021118198036	0.0	0.46775
renegotiable_main	186	-0.20707451211667388	0.21560397283748814	0.21560397283748814	0.42267848495416205	0.0	0.59725
renegotiable_main	187	-0.05393456807070709	0.49049995975607125	0.49049995975607125	0.5444345278267784	0.0	0.51675
renegotiable_main	188	0.19874248792420549	0.4402806874515487	0.4402806874515487	0.2415381995273432	0.0	0.404
renegotiable_main	189	-0.1661489853168843	0.2097905788376408	0.2097905788376408	0.3759395641545251	0.0	0.59525
renegotiable_main	190	-0.10655917250597532	0.371209308973971	0.371209308973971	0.4777684814799463	0.0	0.54125
renegotiable_main	191	-0.23104968865757514	0.2437288006343337	0.2437288006343337	0.4747784892919088	0.0	0.59775
renegotiable_main	192	-0.017174556750510685	0.4490935799272661	0.4490935799272661	0.4662681366777768	0.0	0.50475
renegotiable_main	193	-0.23636725717485246	0.313292812544998	0.313292812544998	0.5496600697198505	0.0	0.59275
renegotiable_main	194	0.086857763174774	0.5966362259866732	0.5966362259866732	0.5097784628118992	0.0	0.47125
renegotiable_main	195	0.24434597963560592	0.5124593444965467	0.5124593444965467	0.26811336486094084	0.0	0.396
renegotiable_main	196	-0.07141141014563336	0.3114394510768751	0.3114394510768751	0.38285086122250844	0.0	0.539
renegotiable_main	197	-0.10499949956258697	0.37035310651429276	0.37035310651429276	0.47535260607687974	0.0	0.5435
renegotiable_main	198	-0.08120136788034148	0.3274020296812315	0.3274020296812315	0.408603397561573	0.0	0.5415
renegotiable_main	199	-0.14573556733441134	0.44232499909039447	0.44232499909039447	0.5880605664248058	0.0	0.5525
renegotiable_main	200	0.04118071325877857	0.5259909427784617	0.5259909427784617	0.4848102295196831	0.0	0.4925
renegotiable_main	201	0.05339274770842124	0.40133095254641876	0.40133095254641876	0.34793820483799753	0.0	0.472
renegotiable_main	202	0.2557745298105707	0.650195178578472	0.650195178578472	0.3944206487679013	0.0	0.4235
renegotiable_main	203	0.28429185296456094	0.5528193115368677	0.5528193115368677	0.26852745857230675	0.0	0.38525
renegotiable_main	204	0.19106682247327977	0.5874891202773218	0.5874891202773218	0.39642229780404203	0.0	0.436
renegotiable_main	205	0.3096260846671868	0.7237398081289744	0.7237398081289744	0.41411372346178765	0.0	0.41625
renegotiable_main	206	0.128401364471293	0.5041274107433927	0.5041274107433927	0.3757260462720997	0.0	0.45475
renegotiable_main	207	-0.20907235171803426	0.20678875847448047	0.20678875847448047	0.4158611101925147	0.0	0.613
renegotiable_main	208	0.33312120842954707	0.6920313562222031	0.6920313562222031	0.35891014779265606	0.0	0.398
renegotiable_main	209	-0.14168588697945614	0.31537686487030414	0.31537686487030414	0.4570627518497603	0.0	0.56175
renegotiable_main	210	0.33736824961549244	0.6710855090917516	0.6710855090917516	0.33371725947625913	0.0	0.3835
renegotiable_main	211	0.28251018316058557	0.6064369748796913	0.6064369748796913	0.3239267917191057	0.0	0.3995
renegotiable_main	212	-0.16031299331297164	0.25259102909624603	0.25259102909624603	0.41290402240921764	0.0	0.58325
renegotiable_main	213	0.23226613295283874	0.594403434759125	0.594403434759125	0.36213730180628634	0.0	0.41675
renegotiable_main	214	-0.2537905347200289	0.3851720897664144	0.3851720897664144	0.6389626244864433	0.0	0.5745
renegotiable_main	215	0.27329043317878027	0.4787922169133617	0.4787922169133617	0.20550178373458144	0.0	0.37125
renegotiable_main	216	0.3084524331185144	0.606109138480886	0.606109138480886	0.2976567053623716	0.0	0.389
renegotiable_main	217	-0.26264554358943193	0.26930549694616246	0.26930549694616246	0.5319510405355944	0.0	0.613
renegotiable_main	218	0.04401085422675971	0.39671557299784604	0.39671557299784604	0.35270471877108633	0.0	0.48025
renegotiable_main	219	0.029367330238344633	0.4214683896238186	0.4214683896238186	0.39210105938547396	0.0	0.48775
renegotiable_main	220	0.3011859913077065	0.6222306713376516	0.6222306713376516	0.32104468002994513	0.0	0.3945
renegotiable_main	221	-0.02307488218892109	0.42669027182884806	0.42669027182884806	0.4497651540177691	0.0	0.5065
renegotiable_main	222	0.21718874141332775	0.6375087556705414	0.6375087556705414	0.42032001425721366	0.0	0.4305
renegotiable_main	223	0.2124137796750883	0.44003440748204375	0.44003440748204375	0.22762062780695547	0.0	0.398
renegotiable_main	224	0.10856288909893538	0.3646563901111029	0.3646563901111029	0.25609350101216755	0.0	0.45975
renegotiable_main	225	0.07169339659310356	0.32614793797094027	0.32614793797094027	0.25445454137783674	0.0	0.46025
renegotiable_main	226	0.20159501391368032	0.4029267252721185	0.4029267252721185	0.20133171135843816	0.0	0.38975
renegotiable_main	227	-0.2118910086857149	0.3184587369816378	0.3184587369816378	0.5303497456673527	0.0	0.5815
renegotiable_main	228	0.18308552071049647	0.6171033663827519	0.6171033663827519	0.43401784567225543	0.0	0.4425
renegotiable_main	229	0.14443576875553013	0.35714437511412644	0.35714437511412644	0.2127086063585963	0.0	0.416
renegotiable_main	230	-0.0432346171754603	0.3998210870679104	0.3998210870679104	0.4430557042433707	0.0	0.512
renegotiable_main	231	0.22837478103597916	0.5950849438564976	0.5950849438564976	0.3667101628205184	0.0	0.42675
renegotiable_main	232	0.043235158811515295	0.455780815391513	0.455780815391513	0.4125456565799977	0.0	0.489
renegotiable_main	233	0.035030479152770785	0.41959643640588	0.41959643640588	0.3845659572531092	0.0	0.481
renegotiable_main	234	0.20552869982425864	0.40873345088838514	0.40873345088838514	0.2032047510641265	0.0	0.38825
renegotiable_main	235	-0.007597140718459869	0.4291569179704263	0.4291569179704263	0.43675405868888617	0.0	0.4975
renegotiable_main	236	-0.1084497588554857	0.4063099130963617	0.4063099130963617	0.5147596719518475	0.0	0.5435
renegotiable_main	237	-0.16242188445769143	0.3009373167379843	0.3009373167379843	0.46335920119567575	0.0	0.5655
renegotiable_main	238	0.23573803912020447	0.5001641718413349	0.5001641718413349	0.2644261327211304	0.0	0.39425
renegotiable_main	239	0.20459394107201775	0.6404091627943692	0.6404091627943692	0.43581522172235143	0.0	0.44375
renegotiable_main	240	-0.2228904422787977	0.3323227618434514	0.3323227618434514	0.5552132041222491	0.0	0.57925
renegotiable_main	241	-0.04642557165592947	0.5320818773433346	0.5320818773433346	0.578507448999264	0.0	0.5025
renegotiable_main	242	0.27859649521675744	0.6757567358458914	0.6757567358458914	0.3971602406291339	0.0	0.4115
renegotiable_main	243	-0.16014294523578626	0.30314571503172666	0.30314571503172666	0.4632886602675129	0.0	0.56225
renegotiable_main	244	0.045465487018040325	0.4155272103872908	0.4155272103872908	0.3700617233692505	0.0	0.4755
renegotiable_main	245	0.24387035274682792	0.6143673473865158	0.6143673473865158	0.3704969946396879	0.0	0.43
renegotiable_main	246	0.09590664099367985	0.4819963927463171	0.4819963927463171	0.38608975175263727	0.0	0.47275
renegotiable_main	247	-0.0064245939819910485	0.4693597831923444	0.4693597831923444	0.4757843771743354	0.0	0.496
renegotiable_main	248	-0.23870769768563974	0.2434652787230431	0.2434652787230431	0.48217297640868284	0.0	0.60875
renegotiable_main	249	-0.08458985521983882	0.38680940836114064	0.38680940836114064	0.47139926358097944	0.0	0.53175
renegotiable_main	250	0.2266467786384731	0.580153371079605	0.580153371079605	0.35350659244113186	0.0	0.42425
renegotiable_main	251	0.2873768395926304	0.5832357877268591	0.5832357877268591	0.29585894813422875	0.0	0.386
renegotiable_main	252	0.15607984229555183	0.4686504031901265	0.4686504031901265	0.3125705608945747	0.0	0.43925
renegotiable_main	253	-0.2088115477034794	0.406214413931271	0.406214413931271	0.6150259616347504	0.0	0.57275
renegotiable_main	254	0.10206999394272702	0.334735393301772	0.334735393301772	0.23266539935904496	0.0	0.4385
renegotiable_main	255	0.29271943997957456	0.5463034662467489	0.5463034662467489	0.2535840262671743	0.0	0.3825
renegotiable_main	256	0.08246082775929892	0.5161427882085329	0.5161427882085329	0.43368196044923396	0.0	0.47225
renegotiable_main	257	-0.012038909400632429	0.5434141674680464	0.5434141674680464	0.5554530768686788	0.0	0.501
renegotiable_main	258	-0.062213566539285066	0.40757798959668623	0.40757798959668623	0.4697915561359713	0.0	0.527
renegotiable_main	259	0.018067603819484235	0.3956973560842037	0.3956973560842037	0.37762975226471945	0.0	0.49025
renegotiable_main	260	0.04154733212912798	0.4407506691840455	0.4407506691840455	0.3992033370549175	0.0	0.48325
renegotiable_main	261	0.3232588676752681	0.5097758790484562	0.5097758790484562	0.1865170113731881	0.0	0.347
renegotiable_main	262	0.25556779203617486	0.5992600462370555	0.5992600462370555	0.3436922542008807	0.0	0.41325
renegotiable_main	263	-0.13987149079465433	0.48456964584943696	0.48456964584943696	0.6244411366440913	0.0	0.54125
renegotiable_main	264	-0.1614955201771818	0.35250864608433696	0.35250864608433696	0.5140041662615188	0.0	0.56225
renegotiable_main	265	-0.1600788569916193	0.3818666389445203	0.3818666389445203	0.5419454959361396	0.0	0.56025
renegotiable_main	266	0.12699707396487325	0.3978694559219965	0.3978694559219965	0.27087238195712326	0.0	0.434
renegotiable_main	267	0.3385572916793204	0.5041796761659671	0.5041796761659671	0.16562238448664673	0.0	0.3365
renegotiable_main	268	-0.06084613529115826	0.30454606466474804	0.30454606466474804	0.3653921999559063	0.0	0.531
renegotiable_main	269	0.16679893256594058	0.38725898227086797	0.38725898227086797	0.22046004970492739	0.0	0.406
renegotiable_main	270	-0.07469300314282679	0.4835317106108251	0.4835317106108251	0.5582247137536519	0.0	0.526
renegotiable_main	271	0.2795199104915149	0.5055100320701782	0.5055100320701782	0.22599012157866327	0.0	0.378
renegotiable_main	272	0.16854364793555066	0.6441509631498583	0.6441509631498583	0.47560731521430766	0.0	0.453
renegotiable_main	273	-0.19251305685463474	0.4431465277610274	0.4431465277610274	0.6356595846156622	0.0	0.5605
renegotiable_main	274	-0.1582846375581085	0.4438753133090053	0.4438753133090053	0.6021599508671138	0.0	0.54975
renegotiable_main	275	-0.028030692118171222	0.2845285977885075	0.2845285977885075	0.3125592899066787	0.0	0.5145
renegotiable_main	276	0.29235585011521015	0.6411363357952198	0.6411363357952198	0.34878048568000963	0.0	0.403
renegotiable_main	277	-0.24118542893163203	0.3623864059021277	0.3623864059021277	0.6035718348337598	0.0	0.581
renegotiable_main	278	0.21954369034982732	0.6337887574467548	0.6337887574467548	0.41424506709692743	0.0	0.4375
renegotiable_main	279	0.12316021444048943	0.48810643646307433	0.48810643646307433	0.3649462220225849	0.0	0.46225
renegotiable_main	280	-0.06884888031531641	0.44991034541340097	0.44991034541340097	0.5187592257287174	0.0	0.528
renegotiable_main	281	0.024789253627018313	0.3248205361259161	0.3248205361259161	0.30003128249889777	0.0	0.48225
renegotiable_main	282	0.027128096200142494	0.3665906073749692	0.3665906073749692	0.3394625111748267	0.0	0.49125
renegotiable_main	283	-0.09238514609791955	0.41457606766162974	0.41457606766162974	0.5069612137595493	0.0	0.534
renegotiable_main	284	-0.14828188396154343	0.4026489413004392	0.4026489413004392	0.5509308252619827	0.0	0.55775
renegotiable_main	285	0.3225708219697217	0.6647053015925002	0.6647053015925002	0.3421344796227785	0.0	0.39575
renegotiable_main	286	-0.05313120738973696	0.45006051704425987	0.45006051704425987	0.5031917244339968	0.0	0.51925
renegotiable_main	287	0.2019697472904167	0.6545617388744351	0.6545617388744351	0.4525919915840184	0.0	0.448
renegotiable_main	288	0.1880776796907249	0.4761094103365224	0.4761094103365224	0.28803173064579746	0.0	0.42625
renegotiable_main	289	-0.0463382880089857	0.4783941946547104	0.4783941946547104	0.5247324826636961	0.0	0.506
renegotiable_main	290	0.27001544943813044	0.5031630259254851	0.5031630259254851	0.23314757648735468	0.0	0.38475
renegotiable_main	291	0.04012717332855098	0.5224275203092599	0.5224275203092599	0.4823003469807089	0.0	0.4875
renegotiable_main	292	-0.05760841388155337	0.3872443680421533	0.3872443680421533	0.44485278192370664	0.0	0.51625
renegotiable_main	293	-0.16997891906753473	0.2721936198716109	0.2721936198716109	0.44217253893914565	0.0	0.5775
renegotiable_main	294	0.15434112734056196	0.3767522537801654	0.3767522537801654	0.22241112643960345	0.0	0.40725
renegotiable_main	295	0.25061898277911304	0.6542447766849918	0.6542447766849918	0.40362579390587877	0.0	0.43
renegotiable_main	296	0.15102241087387824	0.5568456980737989	0.5568456980737989	0.40582328719992067	0.0	0.4395
renegotiable_main	297	0.051043311507215305	0.5542062728774572	0.5542062728774572	0.5031629613702419	0.0	0.48775
renegotiable_main	298	0.3422673655151984	0.499869019461352	0.499869019461352	0.1576016539461536	0.0	0.32225
renegotiable_main	299	0.05676457148785423	0.3649376967194497	0.3649376967194497	0.30817312523159546	0.0	0.4685
renegotiable_main	300	-0.11853446446313565	0.44680985494424963	0.44680985494424963	0.5653443194073853	0.0	0.53775
renegotiable_main	301	-0.1207200440815389	0.3780389110080197	0.3780389110080197	0.4987589550895586	0.0	0.549
renegotiable_main	302	0.28787942591907684	0.6374367400604557	0.6374367400604557	0.34955731414137886	0.0	0.4015
renegotiable_main	303	0.06757314578488328	0.3209709086499818	0.3209709086499818	0.2533977628650985	0.0	0.4695
renegotiable_main	304	-0.137038257018167	0.25127252874692907	0.25127252874692907	0.38831078576509603	0.0	0.56825
renegotiable_main	305	0.12038944469231794	0.5645742270873393	0.5645742270873393	0.44418478239502135	0.0	0.4615
renegotiable_main	306	-0.08619028328074094	0.2806477446991201	0.2806477446991201	0.3668380279798611	0.0	0.5455
renegotiable_main	307	0.019673502902533304	0.2990045567411986	0.2990045567411986	0.2793310538386653	0.0	0.489
renegotiable_main	308	0.010683926736528626	0.409737214317777	0.409737214317777	0.39905328758124836	0.0	0.5
renegotiable_main	309	0.0944779458089665	0.5225183941243172	0.5225183941243172	0.4280404483153507	0.0	0.46675
renegotiable_main	310	0.15852817749324052	0.5112452219194089	0.5112452219194089	0.35271704442616836	0.0	0.441
renegotiable_main	311	-0.014825883416647622	0.36833485746788414	0.36833485746788414	0.3831607408845318	0.0	0.50625
renegotiable_main	312	-0.18075836259597794	0.34650979583145614	0.34650979583145614	0.5272681584274341	0.0	0.5655
renegotiable_main	313	-0.2261058217239538	0.27505374364949875	0.27505374364949875	0.5011595653734525	0.0	0.59025
renegotiable_main	314	0.35216744207682144	0.6902799235353484	0.6902799235353484	0.33811248145852696	0.0	0.39375
renegotiable_main	315	-0.06128493698789816	0.4824730470744685	0.4824730470744685	0.5437579840623666	0.0	0.51425
renegotiable_main	316	-0.17460439162541347	0.37394356750704855	0.37394356750704855	0.548547959132462	0.0	0.5555
renegotiable_main	317	0.08233830196080509	0.35045485492517686	0.35045485492517686	0.26811655296437176	0.0	0.4625
renegotiable_main	318	-0.03522968668814877	0.3469933352948768	0.3469933352948768	0.3822230219830256	0.0	0.51425
renegotiable_main	319	-0.18223002803138338	0.27185485251744573	0.27185485251744573	0.4540848805488291	0.0	0.57875
renegotiable_main	320	0.21568062385205689	0.5892843450289302	0.5892843450289302	0.37360372117687335	0.0	0.43375
renegotiable_main	321	0.2730064476215421	0.45120619282505714	0.45120619282505714	0.17819974520351506	0.0	0.37
renegotiable_main	322	-0.06327088184339372	0.3091423778829394	0.3091423778829394	0.3724132597263331	0.0	0.5315
renegotiable_main	323	0.2754875308451881	0.5426091032380336	0.5426091032380336	0.26712157239284545	0.0	0.39375
renegotiable_main	324	0.33821722378901153	0.5838748119465124	0.5838748119465124	0.24565758815750083	0.0	0.36225
renegotiable_main	325	-0.012783719806501533	0.44676334479796226	0.44676334479796226	0.4595470646044638	0.0	0.50275
renegotiable_main	326	-0.04611377228323423	0.4497570274964188	0.4497570274964188	0.49587079977965304	0.0	0.5245
renegotiable_main	327	0.0006612636765007593	0.3660522495256567	0.3660522495256567	0.3653909858491559	0.0	0.50125
renegotiable_main	328	0.31885963232941	0.6911006964052347	0.6911006964052347	0.37224106407582475	0.0	0.4055
renegotiable_main	329	-0.008834867873625299	0.42177520888679626	0.42177520888679626	0.43061007676042157	0.0	0.5085
renegotiable_main	330	0.3555615623308562	0.6824753172748942	0.6824753172748942	0.326913754944038	0.0	0.39275
renegotiable_main	331	-0.13721973675482513	0.3125733528479341	0.3125733528479341	0.4497930896027592	0.0	0.56225
renegotiable_main	332	-0.12564369983477655	0.25426996214032155	0.25426996214032155	0.3799136619750981	0.0	0.5535
renegotiable_main	333	0.17572806329196852	0.570212641129579	0.570212641129579	0.3944845778376105	0.0	0.435
renegotiable_main	334	-0.15919921551542357	0.30234998914698463	0.30234998914698463	0.46154920466240823	0.0	0.57225
renegotiable_main	335	0.14679673399547988	0.4152021410135153	0.4152021410135153	0.26840540701803545	0.0	0.4345
renegotiable_main	336	-0.2520944531206034	0.3505188741347714	0.3505188741347714	0.6026133272553749	0.0	0.57825
renegotiable_main	337	-0.2530949750939086	0.36788707078897304	0.36788707078897304	0.6209820458828816	0.0	0.58075
renegotiable_main	338	0.17796224111140163	0.4797337798293022	0.4797337798293022	0.3017715387179006	0.0	0.4325
renegotiable_main	339	0.17452858550241349	0.5193979160962547	0.5193979160962547	0.3448693305938413	0.0	0.43475
renegotiable_main	340	0.1932953422883964	0.5584811213527805	0.5584811213527805	0.3651857790643841	0.0	0.431
renegotiable_main	341	-0.1292287978034845	0.3684522015535949	0.3684522015535949	0.49768099935707943	0.0	0.5555
renegotiable_main	342	-0.037950194331724516	0.5395907718978087	0.5395907718978087	0.5775409662295332	0.0	0.516
renegotiable_main	343	0.039297887353205566	0.32332093617174	0.32332093617174	0.28402304881853446	0.0	0.48375
renegotiable_main	344	-0.11669316460461332	0.4876091697811564	0.4876091697811564	0.6043023343857697	0.0	0.538
renegotiable_main	345	0.24655163648047512	0.42277996376742066	0.42277996376742066	0.17622832728694554	0.0	0.3675
renegotiable_main	346	0.03623387288775188	0.43999412811963373	0.43999412811963373	0.40376025523188186	0.0	0.48975
renegotiable_main	347	0.006168097744149772	0.3163767890616949	0.3163767890616949	0.31020869131754514	0.0	0.499
renegotiable_main	348	0.2394211983165604	0.5033525122674599	0.5033525122674599	0.2639313139508995	0.0	0.39575
renegotiable_main	349	0.1987991683737583	0.5226405431151845	0.5226405431151845	0.32384137474142616	0.0	0.4205
renegotiable_main	350	-0.19134399266851165	0.3806813312828852	0.3806813312828852	0.5720253239513968	0.0	0.56225
renegotiable_main	351	0.17683400502043567	0.6230177080342052	0.6230177080342052	0.44618370301376953	0.0	0.44125
renegotiable_main	352	0.011430545146232172	0.4536634478312743	0.4536634478312743	0.4422329026850422	0.0	0.49275
renegotiable_main	353	-0.005519541348118486	0.2812004186156175	0.2812004186156175	0.286719959963736	0.0	0.50125
renegotiable_main	354	0.3092778124789742	0.47195334681864576	0.47195334681864576	0.16267553433967158	0.0	0.33475
renegotiable_main	355	0.06002257482149219	0.5628993056976703	0.5628993056976703	0.5028767308761781	0.0	0.488
renegotiable_main	356	0.2641823530327731	0.615360784559496	0.615360784559496	0.35117843152672296	0.0	0.4125
renegotiable_main	357	0.3382827103769093	0.6003966002483587	0.6003966002483587	0.2621138898714494	0.0	0.37225
renegotiable_main	358	-0.1332965863375178	0.273538744380202	0.273538744380202	0.40683533071771977	0.0	0.55925
renegotiable_main	359	0.24425025569904973	0.510100173231441	0.510100173231441	0.26584991753239123	0.0	0.39475
renegotiable_main	360	0.13934539590335263	0.5394724981747729	0.5394724981747729	0.40012710227142034	0.0	0.45325
renegotiable_main	361	0.17784981602285377	0.4480810113582942	0.4480810113582942	0.27023119533544043	0.0	0.426
renegotiable_main	362	0.002372177994379879	0.49024224060998167	0.49024224060998167	0.4878700626156018	0.0	0.503
renegotiable_main	363	-0.11422358332954145	0.4598003896575633	0.4598003896575633	0.5740239729871047	0.0	0.53375
renegotiable_main	364	0.1848890193480937	0.5098198222836394	0.5098198222836394	0.3249308029355457	0.0	0.42925
renegotiable_main	365	-0.2398102311203255	0.24892334409166103	0.24892334409166103	0.48873357521198657	0.0	0.60275
renegotiable_main	366	0.11196583710810457	0.5280321530513802	0.5280321530513802	0.4160663159432756	0.0	0.46075
renegotiable_main	367	-0.03826250587368319	0.5079525911865089	0.5079525911865089	0.5462150970601921	0.0	0.5125
renegotiable_main	368	-0.20969177660379068	0.26078190956521047	0.26078190956521047	0.47047368616900115	0.0	0.59975
renegotiable_main	369	-0.028844522354057402	0.5313031313418769	0.5313031313418769	0.5601476536959343	0.0	0.50325
renegotiable_main	370	-0.08504103138215291	0.4125628685981074	0.4125628685981074	0.49760389998026033	0.0	0.52
renegotiable_main	371	-0.07979637372240726	0.43622206270971253	0.43622206270971253	0.5160184364321198	0.0	0.52675
renegotiable_main	372	0.09709308635755738	0.48725130880882034	0.48725130880882034	0.39015822245126297	0.0	0.46325
renegotiable_main	373	0.05486663885731648	0.40442272466717044	0.40442272466717044	0.349556085809854	0.0	0.471
renegotiable_main	374	-0.2501762090801997	0.3447700149498699	0.3447700149498699	0.5949462240300696	0.0	0.583
renegotiable_main	375	-0.11489895064086508	0.23964815912584128	0.23964815912584128	0.35454710976670634	0.0	0.56225
renegotiable_main	376	-0.16594435252844295	0.3219429888467215	0.3219429888467215	0.48788734137516443	0.0	0.5705
renegotiable_main	377	-0.12367896555917392	0.359818659130303	0.359818659130303	0.4834976246894769	0.0	0.54675
renegotiable_main	378	-0.08084288997310984	0.34805341783119353	0.34805341783119353	0.4288963078043034	0.0	0.53925
renegotiable_main	379	0.19698930133536635	0.6098937268586964	0.6098937268586964	0.41290442552333	0.0	0.43175
renegotiable_main	380	-0.0018402801592131651	0.5462937911294538	0.5462937911294538	0.5481340712886669	0.0	0.50525
renegotiable_main	381	0.0822310443855463	0.42635673070526214	0.42635673070526214	0.34412568631971585	0.0	0.472
renegotiable_main	382	0.09569159857942472	0.4874476093129477	0.4874476093129477	0.391756010733523	0.0	0.469
renegotiable_main	383	0.003733391254886657	0.30220276997276324	0.30220276997276324	0.2984693787178766	0.0	0.50525
renegotiable_main	384	0.29809111548477324	0.5147991055374092	0.5147991055374092	0.2167079900526359	0.0	0.37225
renegotiable_main	385	0.09640376607574132	0.4965614136654869	0.4965614136654869	0.4001576475897456	0.0	0.463
renegotiable_main	386	0.17443239261279816	0.47182887501718235	0.47182887501718235	0.2973964824043842	0.0	0.434
renegotiable_main	387	0.32056395993762915	0.5982670899610637	0.5982670899610637	0.27770313002343455	0.0	0.378
renegotiable_main	388	-0.10807640147708222	0.3531343760458284	0.3531343760458284	0.4612107775229106	0.0	0.5445
renegotiable_main	389	-0.06923807996551849	0.2871614447522836	0.2871614447522836	0.3563995247178021	0.0	0.53525
renegotiable_main	390	0.20984904674020907	0.5180127232375781	0.5180127232375781	0.308163676497369	0.0	0.4205
renegotiable_main	391	-0.15250490308406245	0.2396046304505533	0.2396046304505533	0.39210953353461575	0.0	0.58275
renegotiable_main	392	-0.20871559795709418	0.20554089223601024	0.20554089223601024	0.4142564901931044	0.0	0.617
renegotiable_main	393	0.23159675337793234	0.5932240752509207	0.5932240752509207	0.36162732187298835	0.0	0.41925
renegotiable_main	394	-0.008685089847809574	0.35188364960520196	0.35188364960520196	0.36056873945301154	0.0	0.496
renegotiable_main	395	-0.1612898469922161	0.2804723574827763	0.2804723574827763	0.4417622044749924	0.0	0.57275
renegotiable_main	396	0.05996971496641274	0.5053845962771054	0.5053845962771054	0.4454148813106927	0.0	0.47875
renegotiable_main	397	-0.12979254483645586	0.2674219520365159	0.2674219520365159	0.3972144968729718	0.0	0.5605
renegotiable_main	398	0.269008601752369	0.5301851678312758	0.5301851678312758	0.26117656607890677	0.0	0.39275
renegotiable_main	399	-0.15507534292229183	0.3031960640502628	0.3031960640502628	0.45827140697255464	0.0	0.5635
renegotiable_main	400	-0.10163435097786311	0.42229195714633716	0.42229195714633716	0.5239263081242003	0.0	0.5375
renegotiable_main	401	0.10825190034892668	0.52220692272377	0.52220692272377	0.41395502237484333	0.0	0.45725
renegotiable_main	402	0.31848009622218504	0.5328168881143089	0.5328168881143089	0.2143367918921239	0.0	0.35975
renegotiable_main	403	-0.22099023332304835	0.3453438373702696	0.3453438373702696	0.566334070693318	0.0	0.58425
renegotiable_main	404	-0.0585120297665083	0.5001254010899499	0.5001254010899499	0.5586374308564581	0.0	0.51275
renegotiable_main	405	0.19366855081357473	0.49688245892909266	0.49688245892909266	0.30321390811551796	0.0	0.419
renegotiable_main	406	0.32130638386701516	0.5153397704880296	0.5153397704880296	0.19403338662101444	0.0	0.35
renegotiable_main	407	-0.09867932724423628	0.4675004554473015	0.4675004554473015	0.5661797826915378	0.0	0.5275
renegotiable_main	408	-0.026657656245608688	0.5180260945725363	0.5180260945725363	0.544683750818145	0.0	0.50875
renegotiable_main	409	0.1663173503179122	0.4778690497732783	0.4778690497732783	0.3115516994553661	0.0	0.43075
renegotiable_main	410	-0.047168053019960327	0.4847719700985324	0.4847719700985324	0.5319400231184928	0.0	0.51575
renegotiable_main	411	0.10313000267760047	0.4339490823490006	0.4339490823490006	0.3308190796714001	0.0	0.45125
renegotiable_main	412	-0.2599670127722001	0.39814651000868473	0.39814651000868473	0.6581135227808848	0.0	0.57675
renegotiable_main	413	-0.011891589340239693	0.3830688226720626	0.3830688226720626	0.3949604120123023	0.0	0.50825
renegotiable_main	414	0.3282452678232561	0.48466660088113145	0.48466660088113145	0.15642133305787537	0.0	0.33025
renegotiable_main	415	0.05646724095936754	0.42516061370165675	0.42516061370165675	0.3686933727422892	0.0	0.48125
renegotiable_main	416	-0.16902309264692486	0.329757446866906	0.329757446866906	0.49878053951383083	0.0	0.583
renegotiable_main	417	0.28196913709850174	0.46268261216104245	0.46268261216104245	0.1807134750625407	0.0	0.3495
renegotiable_main	418	0.2436958160223547	0.6211694353673389	0.6211694353673389	0.37747361934498425	0.0	0.421
renegotiable_main	419	0.061466298527722105	0.36613070553025806	0.36613070553025806	0.30466440700253594	0.0	0.473
renegotiable_main	420	0.11732529530923999	0.45402136666533177	0.45402136666533177	0.3366960713560918	0.0	0.44575
renegotiable_main	421	0.12428820367552774	0.5829349821737515	0.5829349821737515	0.4586467784982238	0.0	0.47075
renegotiable_main	422	0.3030673988514269	0.5617145610137994	0.5617145610137994	0.25864716216237243	0.0	0.379
renegotiable_main	423	0.22265339098415302	0.5468406696688856	0.5468406696688856	0.3241872786847325	0.0	0.42
renegotiable_main	424	0.18565811330479567	0.49737999675479316	0.49737999675479316	0.3117218834499975	0.0	0.427
renegotiable_main	425	0.2904449413291828	0.7027838077506017	0.7027838077506017	0.41233886642141887	0.0	0.4175
renegotiable_main	426	-0.30432735490343366	0.40408557656917216	0.40408557656917216	0.7084129314726058	0.0	0.58525
renegotiable_main	427	-0.10770885433733315	0.33834681421274626	0.33834681421274626	0.4460556685500794	0.0	0.54525
renegotiable_main	428	0.11337783560464089	0.3433781643106704	0.3433781643106704	0.23000032870602954	0.0	0.44075
renegotiable_main	429	-0.18838588286719984	0.43028483448645377	0.43028483448645377	0.6186707173536536	0.0	0.55475
renegotiable_main	430	-0.010456097630775783	0.31161474438936454	0.31161474438936454	0.3220708420201403	0.0	0.5045
renegotiable_main	431	0.28382991201368557	0.6932300886137375	0.6932300886137375	0.4094001766000519	0.0	0.41575
renegotiable_main	432	-0.13774998588365667	0.21448526653154534	0.21448526653154534	0.35223525241520204	0.0	0.58
renegotiable_main	433	0.21881209801786053	0.5570730582961798	0.5570730582961798	0.3382609602783193	0.0	0.42025
renegotiable_main	434	-0.21523729327879437	0.21662062346895633	0.21662062346895633	0.4318579167477507	0.0	0.613
renegotiable_main	435	0.16591752639454377	0.3689872839270048	0.3689872839270048	0.20306975753246104	0.0	0.40825
renegotiable_main	436	0.22408969365151585	0.5436767961229768	0.5436767961229768	0.31958710247146094	0.0	0.41525
renegotiable_main	437	0.23936301631542967	0.6317201000547228	0.6317201000547228	0.3923570837392931	0.0	0.423
renegotiable_main	438	-0.18053908974040808	0.39895288140462404	0.39895288140462404	0.5794919711450321	0.0	0.55875
renegotiable_main	439	-0.008019763184876218	0.37943609080001706	0.37943609080001706	0.3874558539848933	0.0	0.5015
renegotiable_main	440	0.2636347720840091	0.6649667086360903	0.6649667086360903	0.4013319365520812	0.0	0.4185
renegotiable_main	441	-0.11549307764325809	0.28119174948539405	0.28119174948539405	0.39668482712865216	0.0	0.55425
renegotiable_main	442	0.27551514288926215	0.628687651335695	0.628687651335695	0.3531725084464329	0.0	0.4005
renegotiable_main	443	0.11933376710419409	0.5706210124457681	0.5706210124457681	0.45128724534157405	0.0	0.4645
renegotiable_main	444	-0.19038076105767687	0.2666670149563727	0.2666670149563727	0.45704777601404956	0.0	0.583
renegotiable_main	445	-0.020405389790755804	0.2891175511545039	0.2891175511545039	0.3095229409452597	0.0	0.509
renegotiable_main	446	-0.03710356673850032	0.2777017712180731	0.2777017712180731	0.3148053379565734	0.0	0.52075
renegotiable_main	447	0.18688918073346605	0.6603259438824038	0.6603259438824038	0.4734367631489378	0.0	0.4595
renegotiable_main	448	0.2308064036331197	0.6256910284113034	0.6256910284113034	0.39488462477818376	0.0	0.427
renegotiable_main	449	0.23580796495238923	0.4515905744026197	0.4515905744026197	0.21578260945023045	0.0	0.38
renegotiable_main	450	0.10928368444247419	0.5358570659789904	0.5358570659789904	0.42657338153651625	0.0	0.4695
renegotiable_main	451	0.26583629892901794	0.6480682176139485	0.6480682176139485	0.38223191868493056	0.0	0.4125
renegotiable_main	452	-0.1409865225483698	0.4304321286576567	0.4304321286576567	0.5714186512060264	0.0	0.54425
renegotiable_main	453	0.01716816337432697	0.5458793028160839	0.5458793028160839	0.528711139441757	0.0	0.4935
renegotiable_main	454	-0.13463988013950262	0.3145922185714679	0.3145922185714679	0.44923209871097053	0.0	0.55525
renegotiable_main	455	0.004491245441929774	0.4624929103390308	0.4624929103390308	0.45800166489710104	0.0	0.49925
renegotiable_main	456	-0.04454427095869043	0.47837731926233096	0.47837731926233096	0.5229215902210214	0.0	0.5185
renegotiable_main	457	0.33025617825986897	0.6609607534076017	0.6609607534076017	0.33070457514773277	0.0	0.3885
renegotiable_main	458	0.21339682625328707	0.4248027135940865	0.4248027135940865	0.21140588734079943	0.0	0.39775
renegotiable_main	459	0.07804130776719624	0.5059089237283588	0.5059089237283588	0.4278676159611626	0.0	0.4765
renegotiable_main	460	-0.2539712535155328	0.31848143141526736	0.31848143141526736	0.5724526849308001	0.0	0.58875
renegotiable_main	461	0.30275899639142784	0.7118165196215344	0.7118165196215344	0.4090575232301065	0.0	0.41425
renegotiable_main	462	0.13148841299723368	0.5767709599887454	0.5767709599887454	0.4452825469915117	0.0	0.4495
renegotiable_main	463	0.12804069943328175	0.4710454931645272	0.4710454931645272	0.3430047937312455	0.0	0.4515
renegotiable_main	464	-0.0004799354433319074	0.4553559970567057	0.4553559970567057	0.4558359325000376	0.0	0.4995
renegotiable_main	465	-0.1796246693793843	0.3901663224319246	0.3901663224319246	0.5697909918113089	0.0	0.56225
renegotiable_main	466	0.17802067135637803	0.4406134973387514	0.4406134973387514	0.2625928259823733	0.0	0.41925
renegotiable_main	467	0.1950369130395462	0.4045908298024693	0.4045908298024693	0.2095539167629231	0.0	0.397
renegotiable_main	468	0.28785756918255384	0.6497891495352361	0.6497891495352361	0.3619315803526823	0.0	0.4105
renegotiable_main	469	-0.16986954549897887	0.2193418739661568	0.2193418739661568	0.38921141946513566	0.0	0.603
renegotiable_main	470	-0.2189457786874861	0.30766282439953635	0.30766282439953635	0.5266086030870225	0.0	0.586
renegotiable_main	471	0.2573633545529907	0.5119314647984313	0.5119314647984313	0.2545681102454406	0.0	0.393
renegotiable_main	472	0.0425022210254891	0.3809814320647406	0.3809814320647406	0.3384792110392515	0.0	0.477
renegotiable_main	473	0.09515312696932958	0.5471072083977019	0.5471072083977019	0.4519540814283723	0.0	0.48175
renegotiable_main	474	0.08409702878590421	0.544499967375171	0.544499967375171	0.46040293858926684	0.0	0.4765
renegotiable_main	475	0.12242549973776892	0.4626453261690409	0.4626453261690409	0.340219826431272	0.0	0.4435
renegotiable_main	476	0.25395302904407807	0.4646894572091966	0.4646894572091966	0.2107364281651185	0.0	0.37725
renegotiable_main	477	-0.11996998509018704	0.3640927713574491	0.3640927713574491	0.48406275644763613	0.0	0.546
renegotiable_main	478	0.23382336974778897	0.5284252334047428	0.5284252334047428	0.29460186365695384	0.0	0.39825
renegotiable_main	479	0.2587235884247122	0.6653348123269083	0.6653348123269083	0.40661122390219606	0.0	0.41975
renegotiable_main	480	0.12442209230942211	0.4545014486488465	0.4545014486488465	0.3300793563394244	0.0	0.4485
renegotiable_main	481	-0.1826907353059944	0.3924281466999976	0.3924281466999976	0.575118882005992	0.0	0.55075
renegotiable_main	482	0.2073509267950737	0.5999921153680332	0.5999921153680332	0.3926411885729595	0.0	0.43075
renegotiable_main	483	0.04116111433450645	0.5297730962933634	0.5297730962933634	0.488611981958857	0.0	0.4795
renegotiable_main	484	-0.13759226204875585	0.4569088543101311	0.4569088543101311	0.5945011163588869	0.0	0.54675
renegotiable_main	485	0.23448309635124598	0.5426755010658088	0.5426755010658088	0.3081924047145628	0.0	0.40425
renegotiable_main	486	0.02919827431712035	0.3288855055294661	0.3288855055294661	0.29968723121234575	0.0	0.49
renegotiable_main	487	0.2750239890797408	0.7019782855675878	0.7019782855675878	0.426954296487847	0.0	0.419
renegotiable_main	488	0.30774896298126564	0.6806431136284072	0.6806431136284072	0.3728941506471416	0.0	0.40225
renegotiable_main	489	0.15205332423299417	0.45319423752811555	0.45319423752811555	0.3011409132951214	0.0	0.43425
renegotiable_main	490	0.17774425488931353	0.5321630745523782	0.5321630745523782	0.35441881966306465	0.0	0.43675
renegotiable_main	491	0.13840060929669687	0.3592250361520465	0.3592250361520465	0.22082442685534961	0.0	0.4105
renegotiable_main	492	-0.17745442907547793	0.4024346699811439	0.4024346699811439	0.5798890990566219	0.0	0.56125
renegotiable_main	493	0.3509215530535406	0.5488842907299697	0.5488842907299697	0.19796273767642908	0.0	0.33475
renegotiable_main	494	0.24167981574465433	0.4269641148422306	0.4269641148422306	0.1852842990975763	0.0	0.37275
renegotiable_main	495	-0.04743262585870197	0.42377288743443187	0.42377288743443187	0.4712055132931338	0.0	0.518
renegotiable_main	496	-0.16683885374799257	0.2697351459291505	0.2697351459291505	0.43657399967714305	0.0	0.5705
renegotiable_main	497	0.12887437776794564	0.485117627838981	0.485117627838981	0.35624325007103536	0.0	0.44925
renegotiable_main	498	0.20800955338360524	0.6526607392800658	0.6526607392800658	0.4446511858964606	0.0	0.4425
renegotiable_main	499	-0.17117399507865405	0.19920929714398597	0.19920929714398597	0.37038329222264	0.0	0.601
renegotiable_main	500	-0.12755240656811867	0.4787641604198127	0.4787641604198127	0.6063165669879313	0.0	0.5495
renegotiable_main	501	-0.20944588735721564	0.23963330636571903	0.23963330636571903	0.4490791937229347	0.0	0.59525
renegotiable_main	502	-0.11011741480526795	0.23224830981011463	0.23224830981011463	0.34236572461538256	0.0	0.55925
renegotiable_main	503	0.10859944825142276	0.39479086091420224	0.39479086091420224	0.2861914126627795	0.0	0.44325
renegotiable_main	504	-0.14335299085919445	0.4749923183214952	0.4749923183214952	0.6183453091806896	0.0	0.54425
renegotiable_main	505	0.11431808485519061	0.43899985939380726	0.43899985939380726	0.32468177453861663	0.0	0.449
renegotiable_main	506	-0.10587650402282688	0.35892990553284654	0.35892990553284654	0.4648064095556734	0.0	0.54125
renegotiable_main	507	0.23307485038330752	0.42006278156823584	0.42006278156823584	0.18698793118492832	0.0	0.364
renegotiable_main	508	0.04259554492000628	0.49004154499972924	0.49004154499972924	0.44744600007972296	0.0	0.49025
renegotiable_main	509	-0.053149199078288	0.40941057043833373	0.40941057043833373	0.46255976951662175	0.0	0.52875
renegotiable_main	510	-0.027946041109600226	0.47118422427972606	0.47118422427972606	0.4991302653893263	0.0	0.5085
renegotiable_main	511	-0.05788256175085242	0.36387538631193245	0.36387538631193245	0.4217579480627849	0.0	0.52275
renegotiable_main	512	0.3217094875967138	0.5918365508542	0.5918365508542	0.27012706325748614	0.0	0.37825
renegotiable_main	513	0.19152156816749913	0.4042705021636761	0.4042705021636761	0.21274893399617698	0.0	0.40275
renegotiable_main	514	-0.22953646096340827	0.2879769781376606	0.2879769781376606	0.5175134391010688	0.0	0.5925
renegotiable_main	515	0.14944573219979201	0.5799947921158969	0.5799947921158969	0.43054905991610487	0.0	0.45125
renegotiable_main	516	0.09909189284203099	0.5745690694270591	0.5745690694270591	0.4754771765850281	0.0	0.47475
renegotiable_main	517	0.26708191283010013	0.6623524946545651	0.6623524946545651	0.395270581824465	0.0	0.415
renegotiable_main	518	-0.18747675809882328	0.3550899900453712	0.3550899900453712	0.5425667481441945	0.0	0.5695
renegotiable_main	519	0.23216324372436428	0.5508649807770203	0.5508649807770203	0.31870173705265603	0.0	0.41475
renegotiable_main	520	0.19665096033603957	0.5004797665670915	0.5004797665670915	0.3038288062310519	0.0	0.412
renegotiable_main	521	-0.1200482949114401	0.4828091645875272	0.4828091645875272	0.6028574594989673	0.0	0.53675
renegotiable_main	522	-0.11730439289255631	0.44195437512508506	0.44195437512508506	0.5592587680176414	0.0	0.53
renegotiable_main	523	0.2832692681166424	0.5601488622134249	0.5601488622134249	0.2768795940967825	0.0	0.38825
renegotiable_main	524	0.19985837305469037	0.4724504302047706	0.4724504302047706	0.2725920571500803	0.0	0.4155
renegotiable_main	525	0.07286696713716141	0.483220269011658	0.483220269011658	0.4103533018744966	0.0	0.4695
renegotiable_main	526	0.2388820935167546	0.4992063061309671	0.4992063061309671	0.2603242126142125	0.0	0.39975
renegotiable_main	527	0.29066472989033354	0.6445641180172458	0.6445641180172458	0.35389938812691224	0.0	0.4115
renegotiable_main	528	-0.1988643184052353	0.4587398237743546	0.4587398237743546	0.65760414217959	0.0	0.56225
renegotiable_main	529	0.16228992349375393	0.39943770537860845	0.39943770537860845	0.23714778188485452	0.0	0.4155
renegotiable_main	530	-0.05813330045866553	0.43172178438328135	0.43172178438328135	0.4898550848419469	0.0	0.52225
renegotiable_main	531	0.20626527206855527	0.6219675016656803	0.6219675016656803	0.415702229597125	0.0	0.43875
renegotiable_main	532	-0.12246626312134748	0.2840668163799505	0.2840668163799505	0.406533079501298	0.0	0.5655
renegotiable_main	533	-0.15599538389748038	0.33870591505126607	0.33870591505126607	0.4947012989487465	0.0	0.55475
renegotiable_main	534	0.2033042309806488	0.47528930045089784	0.47528930045089784	0.27198506947024903	0.0	0.40825
renegotiable_main	535	0.17349271359925514	0.5044102062114407	0.5044102062114407	0.3309174926121856	0.0	0.43325
renegotiable_main	536	-0.07836049232186955	0.2645340730833644	0.2645340730833644	0.34289456540523394	0.0	0.54075
renegotiable_main	537	-0.21987455358086366	0.2949285706907482	0.2949285706907482	0.5148031242716118	0.0	0.58475
renegotiable_main	538	-0.14335307158569463	0.23293314729589018	0.23293314729589018	0.3762862188815848	0.0	0.575
renegotiable_main	539	-0.002595622679843105	0.3370068783700474	0.3370068783700474	0.3396025010498905	0.0	0.50075
renegotiable_main	540	0.1359703999815476	0.4195499369646716	0.4195499369646716	0.283579536983124	0.0	0.43975
renegotiable_main	541	0.2645298063466662	0.4627107249811572	0.4627107249811572	0.198180918634491	0.0	0.366
renegotiable_main	542	-0.058460594871196266	0.4671458828983189	0.4671458828983189	0.5256064777695152	0.0	0.51425
renegotiable_main	543	0.02700510723546818	0.3131297337530993	0.3131297337530993	0.28612462651763115	0.0	0.4865
renegotiable_main	544	0.007166114438362074	0.36603520935194767	0.36603520935194767	0.3588690949135856	0.0	0.497
renegotiable_main	545	0.30361215938496067	0.4605361214034632	0.4605361214034632	0.1569239620185025	0.0	0.3345
renegotiable_main	546	0.025119349451621167	0.4962429562093581	0.4962429562093581	0.47112360675773696	0.0	0.48275
renegotiable_main	547	0.2623104485094804	0.4881292862788876	0.4881292862788876	0.2258188377694072	0.0	0.37875
renegotiable_main	548	-0.1583839476287557	0.3540975787460669	0.3540975787460669	0.5124815263748226	0.0	0.56025
renegotiable_main	549	0.2722928471536562	0.4606119330037811	0.4606119330037811	0.1883190858501249	0.0	0.368
renegotiable_main	550	0.32770325179006154	0.4898032769273092	0.4898032769273092	0.16210002513724764	0.0	0.32425
renegotiable_main	551	0.0229500700732224	0.3761096065431194	0.3761096065431194	0.353159536469897	0.0	0.4955
renegotiable_main	552	-0.010541423396143406	0.49826559694460915	0.49826559694460915	0.5088070203407525	0.0	0.5015
renegotiable_main	553	0.12171083116094682	0.5421750234287451	0.5421750234287451	0.4204641922677983	0.0	0.46
renegotiable_main	554	-0.04164774253196647	0.40779391881322896	0.40779391881322896	0.4494416613451954	0.0	0.51875
renegotiable_main	555	-0.1702912208553329	0.3915254224333029	0.3915254224333029	0.5618166432886358	0.0	0.5555
renegotiable_main	556	-0.1714835491964473	0.28030416341635195	0.28030416341635195	0.45178771261279926	0.0	0.565
renegotiable_main	557	-0.04125393681084726	0.3964523403772014	0.3964523403772014	0.43770627718804866	0.0	0.512
renegotiable_main	558	0.16936864145114877	0.5817453855621462	0.5817453855621462	0.4123767441109974	0.0	0.4405
renegotiable_main	559	0.1765317194763529	0.5571514628458308	0.5571514628458308	0.3806197433694779	0.0	0.4385
renegotiable_main	560	-0.06730567025566467	0.30076762645599564	0.30076762645599564	0.36807329671166034	0.0	0.5225
renegotiable_main	561	0.24505931120424412	0.49320231091167804	0.49320231091167804	0.24814299970743392	0.0	0.392
renegotiable_main	562	-0.2574386958145809	0.2225755670250807	0.2225755670250807	0.4800142628396616	0.0	0.61625
renegotiable_main	563	0.15456985816091423	0.5547805806655126	0.5547805806655126	0.4002107225045984	0.0	0.44525
renegotiable_main	564	0.2981576406368347	0.587696866022144	0.587696866022144	0.2895392253853093	0.0	0.39575
renegotiable_main	565	0.293699358675823	0.6629060513093256	0.6629060513093256	0.3692066926335026	0.0	0.40725
renegotiable_main	566	-0.07639981393434567	0.5076075098768117	0.5076075098768117	0.5840073238111574	0.0	0.50775
renegotiable_main	567	-0.22019809511607197	0.2559055143784982	0.2559055143784982	0.47610360949457015	0.0	0.594
renegotiable_main	568	-0.0037230520576160115	0.4922585719832784	0.4922585719832784	0.4959816240408944	0.0	0.504
renegotiable_main	569	0.23260032664252456	0.6700651774219168	0.6700651774219168	0.4374648507793923	0.0	0.4335
renegotiable_main	570	0.2620025784454825	0.47033662136225174	0.47033662136225174	0.2083340429167692	0.0	0.38225
renegotiable_main	571	0.10081523606500653	0.42543311459505967	0.42543311459505967	0.32461787853005314	0.0	0.462
renegotiable_main	572	0.2763089603723573	0.5179038757939262	0.5179038757939262	0.24159491542156886	0.0	0.372
renegotiable_main	573	-0.03203982363802019	0.29523524934132755	0.29523524934132755	0.32727507297934777	0.0	0.514
renegotiable_main	574	0.32904144451761425	0.6165759542780318	0.6165759542780318	0.28753450976041756	0.0	0.38825
renegotiable_main	575	-0.13699089661394095	0.3197607658463213	0.3197607658463213	0.4567516624602622	0.0	0.555
renegotiable_main	576	-0.17019697679149265	0.4477965088797662	0.4477965088797662	0.6179934856712588	0.0	0.5415
renegotiable_main	577	0.04152793208915329	0.5446520850667259	0.5446520850667259	0.5031241529775726	0.0	0.482
renegotiable_main	578	0.2270826068509733	0.5628805665941686	0.5628805665941686	0.3357979597431953	0.0	0.4205
renegotiable_main	579	0.29589411518500647	0.7038623822515837	0.7038623822515837	0.40796826706657724	0.0	0.413
renegotiable_main	580	0.034005100344005335	0.33331130793038993	0.33331130793038993	0.2993062075863846	0.0	0.475
renegotiable_main	581	0.18623162446050764	0.6388419038637071	0.6388419038637071	0.4526102794031994	0.0	0.44425
renegotiable_main	582	0.3159887293085739	0.6871065404004777	0.6871065404004777	0.3711178110919038	0.0	0.3935
renegotiable_main	583	0.32839780214411984	0.5835432456038812	0.5835432456038812	0.2551454434597613	0.0	0.37375
renegotiable_main	584	0.06596328562284975	0.48654426037135023	0.48654426037135023	0.4205809747485005	0.0	0.47875
renegotiable_main	585	0.3151483359570675	0.6841228490759589	0.6841228490759589	0.3689745131188914	0.0	0.402
renegotiable_main	586	0.2308269108393418	0.6919275658383875	0.6919275658383875	0.46110065499904573	0.0	0.43475
renegotiable_main	587	0.12722123064049112	0.46732403609073725	0.46732403609073725	0.3401028054502461	0.0	0.4455
renegotiable_main	588	0.13158676276292372	0.4691758765301977	0.4691758765301977	0.33758911376727396	0.0	0.454
renegotiable_main	589	-0.20943553342860555	0.2774011441787727	0.2774011441787727	0.48683667760737825	0.0	0.5865
renegotiable_main	590	0.36388107582649365	0.6067480378104926	0.6067480378104926	0.24286696198399893	0.0	0.35375
renegotiable_main	591	-0.0834136860382255	0.331493618634992	0.331493618634992	0.4149073046732175	0.0	0.53375
renegotiable_main	592	-0.04864013591490007	0.42939700958697596	0.42939700958697596	0.47803714550187604	0.0	0.51625
renegotiable_main	593	-0.03088530096980109	0.3368296386988545	0.3368296386988545	0.3677149396686556	0.0	0.51375
renegotiable_main	594	-0.06876507572251606	0.38470077503343325	0.38470077503343325	0.4534658507559493	0.0	0.53
renegotiable_main	595	0.2603674406217989	0.5449878991136445	0.5449878991136445	0.28462045849184564	0.0	0.3985
renegotiable_main	596	0.3378752974033113	0.715452377994784	0.715452377994784	0.3775770805914727	0.0	0.3905
renegotiable_main	597	0.23598412406382951	0.5001634567475614	0.5001634567475614	0.26417933268373184	0.0	0.39325
renegotiable_main	598	0.2967012672237928	0.5995634193670623	0.5995634193670623	0.30286215214326945	0.0	0.39325
renegotiable_main	599	0.08900726550874644	0.43645884013097036	0.43645884013097036	0.3474515746222239	0.0	0.468
renegotiable_main	600	-0.06531994407454733	0.5016538359073872	0.5016538359073872	0.5669737799819345	0.0	0.52775
renegotiable_main	601	0.08203842398911129	0.5485618059149544	0.5485618059149544	0.4665233819258431	0.0	0.482
renegotiable_main	602	0.04402272808565851	0.5277021021276328	0.5277021021276328	0.4836793740419743	0.0	0.48725
renegotiable_main	603	-0.011366817548050493	0.31825196786265186	0.31825196786265186	0.32961878541070233	0.0	0.5105
renegotiable_main	604	0.35539321482593766	0.5048750984674769	0.5048750984674769	0.14948188364153925	0.0	0.31675
renegotiable_main	605	0.10383084348579316	0.4888026937290796	0.4888026937290796	0.3849718502432864	0.0	0.45925
renegotiable_main	606	0.16139541382553985	0.4219562956632318	0.4219562956632318	0.26056088183769194	0.0	0.42125
renegotiable_main	607	0.0610254905691002	0.5315411271826606	0.5315411271826606	0.47051563661356033	0.0	0.47725
renegotiable_main	608	0.10089490534356102	0.5995086136722984	0.5995086136722984	0.4986137083287373	0.0	0.4705
renegotiable_main	609	-0.046396604134827345	0.3748040539345586	0.3748040539345586	0.42120065806938595	0.0	0.51625
renegotiable_main	610	0.28936269243388973	0.5008281063184026	0.5008281063184026	0.21146541388451284	0.0	0.37025
renegotiable_main	611	0.21511385763055288	0.5123489428482672	0.5123489428482672	0.29723508521771425	0.0	0.415
renegotiable_main	612	0.07178361751167563	0.33664925835309567	0.33664925835309567	0.26486564084142006	0.0	0.463
renegotiable_main	613	-0.11030230268950388	0.25799849181908646	0.25799849181908646	0.3683007945085903	0.0	0.5595
renegotiable_main	614	0.10927646557964527	0.425895480584835	0.425895480584835	0.31661901500518974	0.0	0.444
renegotiable_main	615	0.25274457269752465	0.5461053299384451	0.5461053299384451	0.2933607572409204	0.0	0.39825
renegotiable_main	616	-0.05323753193403353	0.44373710470510686	0.44373710470510686	0.4969746366391404	0.0	0.51475
renegotiable_main	617	-0.11618012924145447	0.326897206307616	0.326897206307616	0.4430773355490705	0.0	0.5525
renegotiable_main	618	0.27565711723757386	0.4526560205264352	0.4526560205264352	0.17699890328886136	0.0	0.3605
renegotiable_main	619	-0.06083987790281973	0.2495541822987742	0.2495541822987742	0.31039406020159394	0.0	0.53275
renegotiable_main	620	-0.12807619829167938	0.4373510808757643	0.4373510808757643	0.5654272791674437	0.0	0.529
renegotiable_main	621	-0.13147655734174685	0.4656913868763709	0.4656913868763709	0.5971679442181177	0.0	0.54275
renegotiable_main	622	0.30278683485019076	0.4549666887748828	0.4549666887748828	0.15217985392469202	0.0	0.33475
renegotiable_main	623	0.17795633033300778	0.48908761971844283	0.48908761971844283	0.31113128938543505	0.0	0.42775
renegotiable_main	624	0.086971142084648	0.5564398138676341	0.5564398138676341	0.46946867178298607	0.0	0.478
renegotiable_main	625	-0.07158379247167546	0.3950737947930646	0.3950737947930646	0.46665758726474005	0.0	0.528
renegotiable_main	626	-0.07711972460743848	0.3819812017234566	0.3819812017234566	0.4591009263308951	0.0	0.5285
renegotiable_main	627	0.20892183212432827	0.6656539634802452	0.6656539634802452	0.45673213135591695	0.0	0.4385
renegotiable_main	628	-0.17086793479683104	0.4045371149692526	0.4045371149692526	0.5754050497660836	0.0	0.55675
renegotiable_main	629	-0.06679530569154736	0.4544145058459212	0.4544145058459212	0.5212098115374686	0.0	0.51675
renegotiable_main	630	-0.11187860342515545	0.37516529868753984	0.37516529868753984	0.48704390211269527	0.0	0.5475
renegotiable_main	631	0.1338370368013437	0.44994424250098947	0.44994424250098947	0.3161072056996458	0.0	0.45
renegotiable_main	632	-0.1536362722526543	0.26374166134758004	0.26374166134758004	0.41737793360023434	0.0	0.57175
renegotiable_main	633	0.15514126584664995	0.4463133360734515	0.4463133360734515	0.2911720702268016	0.0	0.4375
renegotiable_main	634	0.07394991554371523	0.35355809081287787	0.35355809081287787	0.27960817526916265	0.0	0.46125
renegotiable_main	635	0.1956450044651926	0.5420601196915731	0.5420601196915731	0.34641511522638047	0.0	0.424
renegotiable_main	636	-0.06118984384393274	0.25825732755866904	0.25825732755866904	0.31944717140260176	0.0	0.5435
renegotiable_main	637	0.09780375342958113	0.372453864970676	0.372453864970676	0.27465011154109487	0.0	0.44625
renegotiable_main	638	-0.1834330271995831	0.24181281965366813	0.24181281965366813	0.42524584685325123	0.0	0.593
renegotiable_main	639	0.22098249919542667	0.5098803246595803	0.5098803246595803	0.28889782546415366	0.0	0.4105
renegotiable_main	640	0.3241651494044361	0.6396568747847945	0.6396568747847945	0.3154917253803584	0.0	0.38425
renegotiable_main	641	-0.09381683635108723	0.3920517888388058	0.3920517888388058	0.48586862518989304	0.0	0.53225
renegotiable_main	642	0.1876047713431221	0.6555900079082162	0.6555900079082162	0.4679852365650941	0.0	0.45125
renegotiable_main	643	-0.2517663371376407	0.32254984551771715	0.32254984551771715	0.5743161826553578	0.0	0.58425
renegotiable_main	644	0.31997628179621346	0.6121155118792061	0.6121155118792061	0.29213923008299264	0.0	0.388
renegotiable_main	645	-0.2361163358835857	0.31050957020493153	0.31050957020493153	0.5466259060885172	0.0	0.58875
renegotiable_main	646	-0.17866732579293654	0.28978417709807913	0.28978417709807913	0.46845150289101567	0.0	0.5805
renegotiable_main	647	0.14698046432644335	0.46209732090536365	0.46209732090536365	0.3151168565789203	0.0	0.4415
renegotiable_main	648	0.06908344501906953	0.48385854235931397	0.48385854235931397	0.4147750973402444	0.0	0.47475
renegotiable_main	649	0.08632742893052625	0.42524540338417727	0.42524540338417727	0.338917974453651	0.0	0.46425
renegotiable_main	650	-0.1598475453967282	0.4513896435748059	0.4513896435748059	0.6112371889715341	0.0	0.552
renegotiable_main	651	-0.11924895685157756	0.4928747176284267	0.4928747176284267	0.6121236744800043	0.0	0.52225
renegotiable_main	652	-0.01331603769925903	0.49427368452273424	0.49427368452273424	0.5075897222219933	0.0	0.5085
renegotiable_main	653	-0.209539177396093	0.3004404937055992	0.3004404937055992	0.5099796711016922	0.0	0.58975
renegotiable_main	654	0.0721715801739491	0.35868129716964003	0.35868129716964003	0.28650971699569094	0.0	0.462
renegotiable_main	655	0.04065850369939789	0.41183685529938857	0.41183685529938857	0.3711783515999907	0.0	0.48325
renegotiable_main	656	-0.19038587499691312	0.4448181566502682	0.4448181566502682	0.6352040316471813	0.0	0.55275
renegotiable_main	657	0.004748714447953187	0.5257885464185577	0.5257885464185577	0.5210398319706044	0.0	0.4925
renegotiable_main	658	-0.25710815113292096	0.19023448397434964	0.19023448397434964	0.44734263510727057	0.0	0.6345
renegotiable_main	659	-0.06492332131807343	0.382087469099977	0.382087469099977	0.4470107904180504	0.0	0.52375
renegotiable_main	660	0.3389874968926782	0.552952284348016	0.552952284348016	0.2139647874553378	0.0	0.3425
renegotiable_main	661	0.09916212088945696	0.47133830068504073	0.47133830068504073	0.37217617979558376	0.0	0.45325
renegotiable_main	662	-0.06143976954490546	0.4235651694625873	0.4235651694625873	0.48500493900749275	0.0	0.52075
renegotiable_main	663	0.170225866556761	0.6121514232937023	0.6121514232937023	0.44192555673694134	0.0	0.45075
renegotiable_main	664	0.002378374125474772	0.28591618494415333	0.28591618494415333	0.28353781081867857	0.0	0.5005
renegotiable_main	665	0.216884143164836	0.6135992744691806	0.6135992744691806	0.3967151313043446	0.0	0.42825
renegotiable_main	666	0.1359158766488472	0.3843291742553798	0.3843291742553798	0.24841329760653263	0.0	0.42825
renegotiable_main	667	0.3265586412237676	0.5005148188547066	0.5005148188547066	0.173956177630939	0.0	0.3415
renegotiable_main	668	0.13304577102012707	0.47888394846264304	0.47888394846264304	0.345838177442516	0.0	0.4495
renegotiable_main	669	0.0898002448349649	0.4783887331762712	0.4783887331762712	0.38858848834130627	0.0	0.4675
renegotiable_main	670	0.1905538853704065	0.46635142226064974	0.46635142226064974	0.2757975368902432	0.0	0.4125
renegotiable_main	671	0.12395226787187334	0.4251012210615872	0.4251012210615872	0.30114895318971385	0.0	0.4445
renegotiable_main	672	-0.08645674720596648	0.4034167239609146	0.4034167239609146	0.48987347116688107	0.0	0.52725
renegotiable_main	673	-0.008192340234448047	0.5317697086281207	0.5317697086281207	0.5399620488625687	0.0	0.5055
renegotiable_main	674	0.04957692734620396	0.38326911858045376	0.38326911858045376	0.3336921912342498	0.0	0.4765
renegotiable_main	675	-0.03393869019991377	0.26712954522640975	0.26712954522640975	0.3010682354263235	0.0	0.51625
renegotiable_main	676	0.3184831091531423	0.5620058217965275	0.5620058217965275	0.24352271264338515	0.0	0.36725
renegotiable_main	677	0.2924276342112388	0.4572014142046994	0.4572014142046994	0.1647737799934606	0.0	0.34325
renegotiable_main	678	-0.022129446631010186	0.4322139073850066	0.4322139073850066	0.4543433540160168	0.0	0.51375
renegotiable_main	679	-0.2531063835885897	0.2915063142993386	0.2915063142993386	0.5446126978879283	0.0	0.60025
renegotiable_main	680	-0.1029800041597635	0.4000041236224594	0.4000041236224594	0.5029841277822229	0.0	0.5325
renegotiable_main	681	0.34110889878261824	0.6002665176888263	0.6002665176888263	0.2591576189062081	0.0	0.37625
renegotiable_main	682	-0.15469479030621558	0.25825868989902007	0.25825868989902007	0.41295348020523565	0.0	0.56875
renegotiable_main	683	-0.11419923548386623	0.42094203768413685	0.42094203768413685	0.5351412731680031	0.0	0.5415
renegotiable_main	684	0.2203340958990944	0.5146240246940822	0.5146240246940822	0.29428992879498783	0.0	0.41075
renegotiable_main	685	-0.011818950427508074	0.4533165232170212	0.4533165232170212	0.4651354736445293	0.0	0.50725
renegotiable_main	686	0.30078404439272366	0.6479249178672187	0.6479249178672187	0.34714087347449507	0.0	0.4015
renegotiable_main	687	-0.2012412618407238	0.40789519298299465	0.40789519298299465	0.6091364548237185	0.0	0.56275
renegotiable_main	688	0.00706932944876835	0.39812526198194687	0.39812526198194687	0.3910559325331785	0.0	0.50175
renegotiable_main	689	0.27055052678310004	0.5082958573211147	0.5082958573211147	0.23774533053801467	0.0	0.38075
renegotiable_main	690	-0.05326468362138292	0.40613756488772	0.40613756488772	0.45940224850910294	0.0	0.51325
renegotiable_main	691	0.14906845459003515	0.37885912665925753	0.37885912665925753	0.22979067206922238	0.0	0.433
renegotiable_main	692	-0.1770370560948658	0.39620442165299125	0.39620442165299125	0.573241477747857	0.0	0.55825
renegotiable_main	693	-0.03472786818790163	0.2841335765675407	0.2841335765675407	0.3188614447554423	0.0	0.511
renegotiable_main	694	-0.11537285145044708	0.36827311512210226	0.36827311512210226	0.4836459665725493	0.0	0.54125
renegotiable_main	695	-0.21577280033997062	0.2563089539382649	0.2563089539382649	0.4720817542782355	0.0	0.59925
renegotiable_main	696	0.30404427563910097	0.5557663037425864	0.5557663037425864	0.25172202810348543	0.0	0.3785
renegotiable_main	697	-0.2649040989845097	0.41170540644768694	0.41170540644768694	0.6766095054321966	0.0	0.57875
renegotiable_main	698	-0.028027634012128922	0.5006410406303217	0.5006410406303217	0.5286686746424506	0.0	0.51425
renegotiable_main	699	0.2306636627200165	0.4505999386943337	0.4505999386943337	0.21993627597431717	0.0	0.387
renegotiable_main	700	0.06544569310332667	0.4305298226871027	0.4305298226871027	0.36508412958377606	0.0	0.473
renegotiable_main	701	-0.2172116609387864	0.325965465012214	0.325965465012214	0.5431771259510004	0.0	0.5745
renegotiable_main	702	-0.12796712667404425	0.26492204219720655	0.26492204219720655	0.3928891688712508	0.0	0.5705
renegotiable_main	703	-0.22351782312203033	0.38966158274077073	0.38966158274077073	0.6131794058628011	0.0	0.57325
renegotiable_main	704	0.0880770451142011	0.42707633066630274	0.42707633066630274	0.3389992855521016	0.0	0.4625
renegotiable_main	705	-0.2098557428164627	0.2831235871526037	0.2831235871526037	0.4929793299690664	0.0	0.5875
renegotiable_main	706	-0.042837475381139016	0.28073249372826387	0.28073249372826387	0.3235699691094029	0.0	0.5245
renegotiable_main	707	0.28142275051776605	0.6401266447137562	0.6401266447137562	0.3587038941959902	0.0	0.408
renegotiable_main	708	0.2136482329636644	0.48189648294070037	0.48189648294070037	0.268248249977036	0.0	0.4035
renegotiable_main	709	0.04736032254241155	0.41991282538250796	0.41991282538250796	0.3725525028400964	0.0	0.479
renegotiable_main	710	0.22196590349349496	0.43403139537960955	0.43403139537960955	0.2120654918861146	0.0	0.3945
renegotiable_main	711	-0.16791957787116327	0.2924785182329458	0.2924785182329458	0.4603980961041091	0.0	0.57525
renegotiable_main	712	-0.2648034020027876	0.16956299978591072	0.16956299978591072	0.43436640178869834	0.0	0.64775
renegotiable_main	713	0.32623619562692874	0.7203945325787058	0.7203945325787058	0.39415833695177704	0.0	0.40375
renegotiable_main	714	-0.14125876991282582	0.36607122405175374	0.36607122405175374	0.5073299939645796	0.0	0.54475
renegotiable_main	715	0.015874305692778916	0.42405080139422197	0.42405080139422197	0.40817649570144304	0.0	0.49275
renegotiable_main	716	-0.24524794699829972	0.29582103562151935	0.29582103562151935	0.5410689826198191	0.0	0.60025
renegotiable_main	717	-0.10195601712420047	0.33251463105095624	0.33251463105095624	0.4344706481751567	0.0	0.5405
renegotiable_main	718	0.04423197355144904	0.4750441090956178	0.4750441090956178	0.43081213554416875	0.0	0.4975
renegotiable_main	719	-0.03237272700939388	0.5122314753704136	0.5122314753704136	0.5446042023798074	0.0	0.5085
renegotiable_main	720	0.03706599218856413	0.5433458252589509	0.5433458252589509	0.5062798330703868	0.0	0.4875
renegotiable_main	721	0.18729485173389895	0.543639399398333	0.543639399398333	0.356344547664434	0.0	0.42475
renegotiable_main	722	-0.03144425215865421	0.376400363087952	0.376400363087952	0.4078446152466062	0.0	0.51125
renegotiable_main	723	0.0813036697551726	0.40863836132612413	0.40863836132612413	0.3273346915709515	0.0	0.45975
renegotiable_main	724	-0.08729240756534686	0.46516159812128083	0.46516159812128083	0.5524540056866277	0.0	0.521
renegotiable_main	725	0.12857824077150012	0.6249770059966235	0.6249770059966235	0.4963987652251234	0.0	0.45775
renegotiable_main	726	-0.05065592264905647	0.31632739932855014	0.31632739932855014	0.36698332197760664	0.0	0.5265
renegotiable_main	727	0.3188526331509354	0.6145798238572099	0.6145798238572099	0.29572719070627446	0.0	0.39525
renegotiable_main	728	-0.1245740391952905	0.43447387242437274	0.43447387242437274	0.5590479116196633	0.0	0.54025
renegotiable_main	729	-0.13306099476099592	0.34789752623169695	0.34789752623169695	0.4809585209926929	0.0	0.553
renegotiable_main	730	-0.21858374744033823	0.4479047518482765	0.4479047518482765	0.6664884992886148	0.0	0.56125
renegotiable_main	731	-0.02101112150182938	0.3764885325037919	0.3764885325037919	0.39749965400562126	0.0	0.4995
renegotiable_main	732	0.2975371599887252	0.6336112683945234	0.6336112683945234	0.3360741084057982	0.0	0.3945
renegotiable_main	733	-0.06939654226282599	0.2519919023612529	0.2519919023612529	0.3213884446240789	0.0	0.53725
renegotiable_main	734	-0.045720603710462056	0.3247647935590833	0.3247647935590833	0.3704853972695453	0.0	0.52125
renegotiable_main	735	-0.25043687215604066	0.4059903392027888	0.4059903392027888	0.6564272113588294	0.0	0.5775
renegotiable_main	736	0.0002507359387755805	0.4502398872296999	0.4502398872296999	0.4499891512909243	0.0	0.5015
renegotiable_main	737	0.013001415337151134	0.4935663180555338	0.4935663180555338	0.48056490271838265	0.0	0.488
renegotiable_main	738	0.12219435137885323	0.4517115405137263	0.4517115405137263	0.32951718913487305	0.0	0.4465
renegotiable_main	739	0.2854327007108982	0.5249015535299811	0.5249015535299811	0.23946885281908292	0.0	0.37675
renegotiable_main	740	0.05123636949319761	0.5048246472264721	0.5048246472264721	0.45358827773327454	0.0	0.488
renegotiable_main	741	0.07954330762890947	0.4419059710174336	0.4419059710174336	0.36236266338852413	0.0	0.4665
renegotiable_main	742	-0.15821479126559115	0.30364533105305375	0.30364533105305375	0.46186012231864493	0.0	0.5665
renegotiable_main	743	-0.1676986535145333	0.2976107754270351	0.2976107754270351	0.46530942894156846	0.0	0.56825
renegotiable_main	744	-0.06532086828288951	0.29756688855417734	0.29756688855417734	0.36288775683706687	0.0	0.53275
renegotiable_main	745	0.2672799708920566	0.4376214324063117	0.4376214324063117	0.1703414615142551	0.0	0.352
renegotiable_main	746	-0.24528741190996678	0.17959936737039378	0.17959936737039378	0.42488677928036056	0.0	0.6365
renegotiable_main	747	0.07722242860134625	0.5998792678620657	0.5998792678620657	0.5226568392607195	0.0	0.48675
renegotiable_main	748	0.05557388280293135	0.44606565549697824	0.44606565549697824	0.3904917726940469	0.0	0.478
renegotiable_main	749	0.1720408451302574	0.4624393483295254	0.4624393483295254	0.29039850319926797	0.0	0.42375
renegotiable_main	750	0.18316263372339273	0.6380553544288825	0.6380553544288825	0.4548927207054898	0.0	0.444
renegotiable_main	751	-0.22799582958094483	0.22724245797088538	0.22724245797088538	0.4552382875518302	0.0	0.60475
renegotiable_main	752	0.06860268511077837	0.4677475657829894	0.4677475657829894	0.39914488067221104	0.0	0.474
renegotiable_main	753	-0.04665144460483585	0.37938288884460897	0.37938288884460897	0.4260343334494448	0.0	0.516
renegotiable_main	754	0.24284638204426806	0.559399821164528	0.559399821164528	0.31655343912025996	0.0	0.40875
renegotiable_main	755	-0.053382076313717185	0.45445586384439784	0.45445586384439784	0.507837940158115	0.0	0.5245
renegotiable_main	756	-0.05562876912473327	0.514294821070763	0.514294821070763	0.5699235901954962	0.0	0.507
renegotiable_main	757	-5.475112230583079e-05	0.45620949049050624	0.45620949049050624	0.4562642416128121	0.0	0.50075
renegotiable_main	758	0.21924499768688963	0.6515727176482923	0.6515727176482923	0.4323277199614026	0.0	0.4375
renegotiable_main	759	0.2609961522151814	0.6452694896871048	0.6452694896871048	0.38427333747192344	0.0	0.41475
renegotiable_main	760	0.21363831676078815	0.67244814811152	0.67244814811152	0.45880983135073183	0.0	0.43325
renegotiable_main	761	-0.07277528281478059	0.30678441188361355	0.30678441188361355	0.3795596946983941	0.0	0.52975
renegotiable_main	762	0.18833102693494083	0.4794846010860031	0.4794846010860031	0.29115357415106224	0.0	0.42225
renegotiable_main	763	0.14234337433114538	0.6087988367070599	0.6087988367070599	0.4664554623759145	0.0	0.4525
renegotiable_main	764	0.19160236069805267	0.6500607676269149	0.6500607676269149	0.4584584069288622	0.0	0.448
renegotiable_main	765	-0.08577812802288876	0.43910031861410337	0.43910031861410337	0.5248784466369921	0.0	0.51925
renegotiable_main	766	0.10986711896231287	0.35099547394609576	0.35099547394609576	0.24112835498378288	0.0	0.4465
renegotiable_main	767	-0.13094788555693535	0.24543919825822957	0.24543919825822957	0.37638708381516495	0.0	0.557
renegotiable_main	768	0.27656941683251085	0.5646338022895118	0.5646338022895118	0.2880643854570009	0.0	0.39975
renegotiable_main	769	0.22356624187873292	0.41282923021351137	0.41282923021351137	0.18926298833477845	0.0	0.38075
renegotiable_main	770	0.030768086747335145	0.5280319573262361	0.5280319573262361	0.4972638705789009	0.0	0.48875
renegotiable_main	771	0.11956633555955654	0.4854895332109836	0.4854895332109836	0.36592319765142706	0.0	0.45425
renegotiable_main	772	-0.02822784016406964	0.41548651094668126	0.41548651094668126	0.4437143511107509	0.0	0.50825
renegotiable_main	773	-0.16628928113894753	0.4248521002147606	0.4248521002147606	0.5911413813537081	0.0	0.556
renegotiable_main	774	0.1029875854904698	0.43336490442381564	0.43336490442381564	0.3303773189333459	0.0	0.46125
renegotiable_main	775	0.24278862274400814	0.5677508014870916	0.5677508014870916	0.3249621787430834	0.0	0.40975
renegotiable_main	776	-0.029413314406275166	0.4295030939169303	0.4295030939169303	0.45891640832320546	0.0	0.51575
renegotiable_main	777	0.27687234281172907	0.5629888487452503	0.5629888487452503	0.2861165059335213	0.0	0.399
renegotiable_main	778	-0.017712692210257806	0.3550403715668933	0.3550403715668933	0.37275306377715106	0.0	0.508
renegotiable_main	779	0.2714789659288164	0.656689991652381	0.656689991652381	0.3852110257235646	0.0	0.4175
renegotiable_main	780	0.3030785003630804	0.5573121621476359	0.5573121621476359	0.2542336617845555	0.0	0.3795
renegotiable_main	781	-0.08132872242826976	0.3352399430286555	0.3352399430286555	0.4165686654569253	0.0	0.5335
renegotiable_main	782	-0.16422020299340181	0.24121787061816793	0.24121787061816793	0.40543807361156975	0.0	0.5805
renegotiable_main	783	-0.2450685880817649	0.21430104118656926	0.21430104118656926	0.45936962926833413	0.0	0.62475
renegotiable_main	784	0.04858773579941735	0.3745382528728272	0.3745382528728272	0.3259505170734099	0.0	0.48675
renegotiable_main	785	-0.05294019807204559	0.4208677767151815	0.4208677767151815	0.4738079747872271	0.0	0.51075
renegotiable_main	786	0.1250663284144816	0.5271849406766722	0.5271849406766722	0.4021186122621906	0.0	0.44875
renegotiable_main	787	-0.1535610543490469	0.23621120622927225	0.23621120622927225	0.38977226057831915	0.0	0.575
renegotiable_main	788	-0.15782742632333235	0.25530905275050664	0.25530905275050664	0.413136479073839	0.0	0.5785
renegotiable_main	789	0.08572735174985596	0.4989469052645346	0.4989469052645346	0.41321955351467865	0.0	0.467
renegotiable_main	790	0.30690571963382957	0.7063691472164846	0.7063691472164846	0.399463427582655	0.0	0.40425
renegotiable_main	791	0.0422169380115245	0.49267400895341557	0.49267400895341557	0.4504570709418911	0.0	0.48
renegotiable_main	792	-0.1430535826268171	0.3373962722857555	0.3373962722857555	0.48044985491257264	0.0	0.55025
renegotiable_main	793	-0.03056050112797231	0.49713500959242596	0.49713500959242596	0.5276955107203982	0.0	0.504
renegotiable_main	794	-0.03904904415566984	0.4438657841031211	0.4438657841031211	0.48291482825879095	0.0	0.50975
renegotiable_main	795	0.04079274244516169	0.5511961573921967	0.5511961573921967	0.510403414947035	0.0	0.4885
renegotiable_main	796	0.05664428258071741	0.5512494457483174	0.5512494457483174	0.49460516316759995	0.0	0.47375
renegotiable_main	797	0.1665121980525873	0.6254845179953754	0.6254845179953754	0.4589723199427881	0.0	0.45525
renegotiable_main	798	0.30041872956968085	0.6824429651748812	0.6824429651748812	0.3820242356052004	0.0	0.406
renegotiable_main	799	0.025297194973939254	0.4794476504295333	0.4794476504295333	0.45415045545559407	0.0	0.49525
renegotiable_main	800	0.2216828045573479	0.4717026345488586	0.4717026345488586	0.2500198299915107	0.0	0.399
renegotiable_main	801	-0.10668684335475809	0.2486707042830832	0.2486707042830832	0.3553575476378413	0.0	0.5565
renegotiable_main	802	0.13700556465639926	0.5055862597558132	0.5055862597558132	0.36858069509941394	0.0	0.451
renegotiable_main	803	0.2320252691140304	0.46365290773256507	0.46365290773256507	0.23162763861853466	0.0	0.392
renegotiable_main	804	0.08631822133855575	0.5782437075752289	0.5782437075752289	0.49192548623667315	0.0	0.47025
renegotiable_main	805	0.2985137894668131	0.6161630085005929	0.6161630085005929	0.3176492190337798	0.0	0.399
renegotiable_main	806	0.34431188690225645	0.5276033725348334	0.5276033725348334	0.1832914856325769	0.0	0.33225
renegotiable_main	807	0.24059144258788506	0.5259206674865909	0.5259206674865909	0.2853292248987059	0.0	0.407
renegotiable_main	808	0.07983178545129184	0.4708512278407977	0.4708512278407977	0.39101944238950587	0.0	0.468
renegotiable_main	809	0.287390668579647	0.5322789001271351	0.5322789001271351	0.24488823154748807	0.0	0.37725
renegotiable_main	810	-0.12535212924053346	0.41679028847579713	0.41679028847579713	0.5421424177163305	0.0	0.541
renegotiable_main	811	0.3018375635947432	0.6579220096579965	0.6579220096579965	0.35608444606325335	0.0	0.408
renegotiable_main	812	0.20232008702463203	0.5315962517648145	0.5315962517648145	0.3292761647401825	0.0	0.43175
renegotiable_main	813	0.23469378461679713	0.6357613190742972	0.6357613190742972	0.4010675344575001	0.0	0.433
renegotiable_main	814	0.27402394612185027	0.6920822490627503	0.6920822490627503	0.4180583029409	0.0	0.411
renegotiable_main	815	0.05711334463779326	0.5746326904175194	0.5746326904175194	0.5175193457797261	0.0	0.48325
renegotiable_main	816	0.32702337176845914	0.6568290350432092	0.6568290350432092	0.3298056632747501	0.0	0.3905
renegotiable_main	817	-0.12856595519535374	0.3486492028883131	0.3486492028883131	0.4772151580836668	0.0	0.5465
renegotiable_main	818	-0.05012916925390419	0.4686352332306583	0.4686352332306583	0.5187644024845625	0.0	0.5125
renegotiable_main	819	0.055990398307525883	0.433540020790995	0.433540020790995	0.3775496224834691	0.0	0.48775
renegotiable_main	820	0.2647259990722626	0.48205723935765754	0.48205723935765754	0.21733124028539497	0.0	0.37775
renegotiable_main	821	-0.008572284546351481	0.4162913956821706	0.4162913956821706	0.4248636802285221	0.0	0.506
renegotiable_main	822	-0.12939436496812257	0.32165057454130624	0.32165057454130624	0.4510449395094288	0.0	0.54975
renegotiable_main	823	-0.27055864198991464	0.41850245034945477	0.41850245034945477	0.6890610923393694	0.0	0.57875
renegotiable_main	824	0.24961340924357722	0.6508877045633426	0.6508877045633426	0.40127429531976533	0.0	0.425
renegotiable_main	825	0.24592098147053001	0.6564383024935242	0.6564383024935242	0.4105173210229942	0.0	0.43025
renegotiable_main	826	0.2671932190334602	0.5970847952490081	0.5970847952490081	0.32989157621554793	0.0	0.406
renegotiable_main	827	0.20970941315645975	0.4386984719145341	0.4386984719145341	0.22898905875807435	0.0	0.39875
renegotiable_main	828	0.08816835951440444	0.36132834983023265	0.36132834983023265	0.2731599903158282	0.0	0.45025
renegotiable_main	829	0.2890350183104814	0.5315742879568852	0.5315742879568852	0.24253926964640382	0.0	0.37125
renegotiable_main	830	0.3439044343976731	0.6536252641047343	0.6536252641047343	0.3097208297070612	0.0	0.384
renegotiable_main	831	-0.23093496592280707	0.3436629324987051	0.3436629324987051	0.5745978984215122	0.0	0.58175
renegotiable_main	832	0.0016719063935656448	0.3811180754678485	0.3811180754678485	0.37944616907428286	0.0	0.49825
renegotiable_main	833	0.036310698918697086	0.5497303690226408	0.5497303690226408	0.5134196701039437	0.0	0.485
renegotiable_main	834	-0.019809685809974227	0.30564714462519693	0.30564714462519693	0.32545683043517115	0.0	0.518
renegotiable_main	835	-0.09646862692912368	0.32719096844456713	0.32719096844456713	0.4236595953736908	0.0	0.53475
renegotiable_main	836	-0.1236064000043016	0.2296477865849904	0.2296477865849904	0.35325418658929203	0.0	0.56775
renegotiable_main	837	0.12294104398187777	0.4427825830118767	0.4427825830118767	0.3198415390299989	0.0	0.4445
renegotiable_main	838	-0.22871446200325904	0.2965676815778264	0.2965676815778264	0.5252821435810855	0.0	0.59475
renegotiable_main	839	-0.23669655119445343	0.18612342466715007	0.18612342466715007	0.42281997586160347	0.0	0.629
renegotiable_main	840	-0.14832791126851533	0.2917981619079514	0.2917981619079514	0.4401260731764667	0.0	0.567
renegotiable_main	841	-0.10615697379436981	0.42124147478868806	0.42124147478868806	0.5273984485830578	0.0	0.537
renegotiable_main	842	-0.2388267642450378	0.2102310118931726	0.2102310118931726	0.4490577761382104	0.0	0.62325
renegotiable_main	843	-0.22615965495743512	0.22469798708268807	0.22469798708268807	0.4508576420401232	0.0	0.604
renegotiable_main	844	-0.014653134892938326	0.3508141524126389	0.3508141524126389	0.36546728730557726	0.0	0.50275
renegotiable_main	845	0.2146973992009236	0.5491907631115849	0.5491907631115849	0.3344933639106613	0.0	0.4235
renegotiable_main	846	0.2956722207493602	0.5166830642453057	0.5166830642453057	0.22101084349594552	0.0	0.36775
renegotiable_main	847	0.33631465968393026	0.7077383809467417	0.7077383809467417	0.3714237212628114	0.0	0.39525
renegotiable_main	848	0.2649748828690011	0.5728477972460395	0.5728477972460395	0.3078729143770384	0.0	0.3995
renegotiable_main	849	-0.11148864673210913	0.38032777148015634	0.38032777148015634	0.49181641821226546	0.0	0.537
renegotiable_main	850	0.16975840868014955	0.5955426791576512	0.5955426791576512	0.42578427047750167	0.0	0.4425
renegotiable_main	851	-0.13573585403277338	0.24938016967648372	0.24938016967648372	0.3851160237092571	0.0	0.5725
renegotiable_main	852	0.15893130115801063	0.4782343525254355	0.4782343525254355	0.3193030513674249	0.0	0.4385
renegotiable_main	853	0.11761137436550777	0.43242123697198404	0.43242123697198404	0.31480986260647625	0.0	0.45075
renegotiable_main	854	-0.0024009790196008974	0.3215697005989023	0.3215697005989023	0.3239706796185032	0.0	0.51
renegotiable_main	855	-0.2007739525964859	0.35149441891695704	0.35149441891695704	0.5522683715134429	0.0	0.56725
renegotiable_main	856	-0.26477160979732367	0.415956735719847	0.415956735719847	0.6807283455171707	0.0	0.57475
renegotiable_main	857	0.23196698614544115	0.5860431002116949	0.5860431002116949	0.3540761140662538	0.0	0.41425
renegotiable_main	858	0.023668849857365906	0.5115795243263969	0.5115795243263969	0.48791067446903097	0.0	0.49175
renegotiable_main	859	0.15469092575149268	0.40318802481563704	0.40318802481563704	0.24849709906414436	0.0	0.424
renegotiable_main	860	-0.11693567462250977	0.2894546838439978	0.2894546838439978	0.40639035846650756	0.0	0.55725
renegotiable_main	861	-0.02128034856008615	0.3843412293744245	0.3843412293744245	0.40562157793451065	0.0	0.5085
renegotiable_main	862	0.310550937469203	0.7261191642921245	0.7261191642921245	0.41556822682292155	0.0	0.418
renegotiable_main	863	0.19418096233149174	0.5096302383190265	0.5096302383190265	0.3154492759875348	0.0	0.4225
renegotiable_main	864	0.1614142130599565	0.3715156258403309	0.3715156258403309	0.21010141278037436	0.0	0.4125
renegotiable_main	865	0.21264974450663432	0.6575695474525537	0.6575695474525537	0.4449198029459194	0.0	0.438
renegotiable_main	866	-0.2571939503153542	0.3355816131601404	0.3355816131601404	0.5927755634754945	0.0	0.5905
renegotiable_main	867	-0.10845507980427588	0.36614211490562076	0.36614211490562076	0.47459719470989664	0.0	0.5415
renegotiable_main	868	0.21116119383373724	0.49326251015389655	0.49326251015389655	0.28210131632015933	0.0	0.40825
renegotiable_main	869	0.08157659461625882	0.38027599915115995	0.38027599915115995	0.2986994045349011	0.0	0.45775
renegotiable_main	870	0.33799154401717657	0.7184434526092969	0.7184434526092969	0.3804519085921203	0.0	0.39275
renegotiable_main	871	-0.199811934364988	0.442418506296782	0.442418506296782	0.64223044066177	0.0	0.558
renegotiable_main	872	-0.11780177534695141	0.29036863917740297	0.29036863917740297	0.4081704145243544	0.0	0.55275
renegotiable_main	873	0.11985725521473992	0.591034940874412	0.591034940874412	0.4711776856596721	0.0	0.4645
renegotiable_main	874	-0.03723029950924427	0.34757566812072976	0.34757566812072976	0.38480596762997404	0.0	0.516
renegotiable_main	875	0.23553587284274463	0.523681346946922	0.523681346946922	0.2881454741041774	0.0	0.40425
renegotiable_main	876	0.29188702480220663	0.5979442883911354	0.5979442883911354	0.3060572635889288	0.0	0.38975
renegotiable_main	877	0.3032629079497817	0.5071520978469207	0.5071520978469207	0.203889189897139	0.0	0.365
renegotiable_main	878	-0.1732938943688946	0.3181462003839205	0.3181462003839205	0.49144009475281514	0.0	0.57275
renegotiable_main	879	0.2774959752365391	0.6808259694578985	0.6808259694578985	0.4033299942213594	0.0	0.41925
renegotiable_main	880	0.2713548999806287	0.6421368218107335	0.6421368218107335	0.3707819218301048	0.0	0.415
renegotiable_main	881	0.24172763863587307	0.42352361739184957	0.42352361739184957	0.1817959787559765	0.0	0.3735
renegotiable_main	882	-0.0734376369658089	0.30398938103864037	0.30398938103864037	0.3774270180044493	0.0	0.53575
renegotiable_main	883	0.1805426342870009	0.46703733530393815	0.46703733530393815	0.28649470101693725	0.0	0.4295
renegotiable_main	884	0.17513860132548079	0.3810310561914807	0.3810310561914807	0.2058924548659999	0.0	0.4115
renegotiable_main	885	0.1480918740687984	0.3923210700037095	0.3923210700037095	0.24422919593491113	0.0	0.42475
renegotiable_main	886	-0.06701819699860699	0.4791019855089623	0.4791019855089623	0.5461201825075693	0.0	0.52
renegotiable_main	887	-0.15282519808774073	0.41562193409339604	0.41562193409339604	0.5684471321811367	0.0	0.55725
renegotiable_main	888	0.31441631547699167	0.543391296271536	0.543391296271536	0.22897498079454437	0.0	0.3595
renegotiable_main	889	0.2862470429301552	0.6620447773869125	0.6620447773869125	0.3757977344567573	0.0	0.4065
renegotiable_main	890	-0.11951750738907387	0.5002953620179275	0.5002953620179275	0.6198128694070013	0.0	0.532
renegotiable_main	891	-0.21525015491203253	0.2468735357037664	0.2468735357037664	0.46212369061579894	0.0	0.595
renegotiable_main	892	0.28548684084520026	0.4563313240390871	0.4563313240390871	0.17084448319388684	0.0	0.35075
renegotiable_main	893	0.08391938485109794	0.4663646785191792	0.4663646785191792	0.3824452936680812	0.0	0.46775
renegotiable_main	894	-0.06700139086991622	0.4649298500821753	0.4649298500821753	0.5319312409520915	0.0	0.523
renegotiable_main	895	0.006837642367100183	0.35311650928989513	0.35311650928989513	0.34627886692279497	0.0	0.508
renegotiable_main	896	0.059977726899237103	0.38096687685984126	0.38096687685984126	0.3209891499606042	0.0	0.4775
renegotiable_main	897	0.17599078831802709	0.5205125502992932	0.5205125502992932	0.34452176198126616	0.0	0.43125
renegotiable_main	898	-0.13611875231284273	0.3913778739766692	0.3913778739766692	0.5274966262895119	0.0	0.54925
renegotiable_main	899	0.026078921101463974	0.4825888293997146	0.4825888293997146	0.4565099082982506	0.0	0.489
renegotiable_main	900	-0.10863442876177547	0.4636623451912723	0.4636623451912723	0.5722967739530478	0.0	0.5335
renegotiable_main	901	0.21005561644651502	0.5206735828263241	0.5206735828263241	0.3106179663798091	0.0	0.4155
renegotiable_main	902	-0.06669290947580385	0.35239664214939787	0.35239664214939787	0.41908955162520173	0.0	0.53275
renegotiable_main	903	0.19448277636998698	0.4195004153974063	0.4195004153974063	0.2250176390274193	0.0	0.39725
renegotiable_main	904	0.1738808751275475	0.472263342681601	0.472263342681601	0.2983824675540535	0.0	0.43575
renegotiable_main	905	-0.20405636671821595	0.21961987789531612	0.21961987789531612	0.42367624461353204	0.0	0.61025
renegotiable_main	906	0.2148621565511886	0.6374406358648966	0.6374406358648966	0.42257847931370807	0.0	0.43025
renegotiable_main	907	0.353445012918575	0.7192197719738139	0.7192197719738139	0.36577475905523893	0.0	0.394
renegotiable_main	908	0.0055012209795474954	0.5611606837643218	0.5611606837643218	0.5556594627847743	0.0	0.50025
renegotiable_main	909	-0.19298382734319625	0.25398434036292894	0.25398434036292894	0.4469681677061252	0.0	0.5905
renegotiable_main	910	0.047068275299293076	0.45550888053312744	0.45550888053312744	0.40844060523383435	0.0	0.47575
renegotiable_main	911	0.3151104037161608	0.6958928531285321	0.6958928531285321	0.3807824494123713	0.0	0.41075
renegotiable_main	912	0.06286291768977015	0.3335038859263619	0.3335038859263619	0.27064096823659173	0.0	0.461
renegotiable_main	913	0.297755222816784	0.5466549657339551	0.5466549657339551	0.2488997429171711	0.0	0.38125
renegotiable_main	914	-0.0834203837128531	0.4587296759494632	0.4587296759494632	0.5421500596623163	0.0	0.52625
renegotiable_main	915	-0.14153892652532263	0.2769029259512237	0.2769029259512237	0.4184418524765463	0.0	0.564
renegotiable_main	916	0.04423769078158495	0.39443388591336837	0.39443388591336837	0.3501961951317834	0.0	0.4735
renegotiable_main	917	0.2151045569362138	0.574306531596526	0.574306531596526	0.35920197466031223	0.0	0.4315
renegotiable_main	918	0.02048821618195049	0.5495030517106889	0.5495030517106889	0.5290148355287384	0.0	0.5005
renegotiable_main	919	0.15940766807308202	0.5438590741704854	0.5438590741704854	0.38445140609740336	0.0	0.44425
renegotiable_main	920	0.11763147040814934	0.5454977600940005	0.5454977600940005	0.42786628968585116	0.0	0.46775
renegotiable_main	921	0.19965252448071674	0.5597541625305619	0.5597541625305619	0.36010163804984513	0.0	0.43225
renegotiable_main	922	-0.09285377337492394	0.29110134047290875	0.29110134047290875	0.3839551138478327	0.0	0.54375
renegotiable_main	923	-0.23563772125041654	0.22311008888265554	0.22311008888265554	0.4587478101330721	0.0	0.611
renegotiable_main	924	-0.09497244385073082	0.3891884266717044	0.3891884266717044	0.4841608705224352	0.0	0.53575
renegotiable_main	925	0.17161995621358175	0.46642774565686507	0.46642774565686507	0.29480778944328334	0.0	0.43025
renegotiable_main	926	0.2412845957227104	0.4749745399199036	0.4749745399199036	0.23368994419719322	0.0	0.389
renegotiable_main	927	-0.20304214835739887	0.35027769730983643	0.35027769730983643	0.5533198456672352	0.0	0.57675
renegotiable_main	928	0.09727499263179237	0.4104777515729746	0.4104777515729746	0.3132027589411822	0.0	0.453
renegotiable_main	929	-0.0653919864877155	0.45101534402308907	0.45101534402308907	0.5164073305108046	0.0	0.521
renegotiable_main	930	-0.1552991506175064	0.32648921042927975	0.32648921042927975	0.48178836104678613	0.0	0.56775
renegotiable_main	931	0.32488584472017096	0.6806718962933634	0.6806718962933634	0.3557860515731925	0.0	0.3985
renegotiable_main	932	0.09143898913313529	0.47046049639948084	0.47046049639948084	0.37902150726634554	0.0	0.47725
renegotiable_main	933	0.3680534265305159	0.680944522878254	0.680944522878254	0.3128910963477381	0.0	0.382
renegotiable_main	934	-0.14098239556340475	0.38508676418193555	0.38508676418193555	0.5260691597453403	0.0	0.5455
renegotiable_main	935	0.00525956251789869	0.42177874653670405	0.42177874653670405	0.4165191840188054	0.0	0.50525
renegotiable_main	936	-0.02524653889364488	0.351967357854289	0.351967357854289	0.3772138967479339	0.0	0.51225
renegotiable_main	937	0.3197668649564581	0.6423623703373091	0.6423623703373091	0.322595505380851	0.0	0.39025
renegotiable_main	938	0.02929949878892882	0.4866500278586262	0.4866500278586262	0.4573505290696974	0.0	0.49575
renegotiable_main	939	0.044545893056790846	0.5905118536508467	0.5905118536508467	0.5459659605940559	0.0	0.48825
renegotiable_main	940	-0.017383323032752536	0.42214566615581084	0.42214566615581084	0.43952898918856337	0.0	0.50625
renegotiable_main	941	0.22619269566598982	0.4738048658679762	0.4738048658679762	0.2476121702019864	0.0	0.3955
renegotiable_main	942	-0.09816788086299183	0.30496567349466547	0.30496567349466547	0.4031335543576573	0.0	0.5365
renegotiable_main	943	0.02602459242629587	0.36323421246137194	0.36323421246137194	0.3372096200350761	0.0	0.4895
renegotiable_main	944	0.3046350344551629	0.707560719011837	0.707560719011837	0.40292568455667416	0.0	0.40975
renegotiable_main	945	0.03634307121456179	0.47337092910324247	0.47337092910324247	0.4370278578886807	0.0	0.479
renegotiable_main	946	-0.16850574903140325	0.2245952162449981	0.2245952162449981	0.39310096527640137	0.0	0.58875
renegotiable_main	947	-0.18702649521924303	0.3719556742454879	0.3719556742454879	0.558982169464731	0.0	0.5665
renegotiable_main	948	-0.1350373440260332	0.253711629829075	0.253711629829075	0.3887489738551082	0.0	0.57425
renegotiable_main	949	-0.06544549070220754	0.44512050647481327	0.44512050647481327	0.5105659971770208	0.0	0.52275
renegotiable_main	950	0.17762352274733878	0.5337011851609545	0.5337011851609545	0.35607766241361577	0.0	0.44625
renegotiable_main	951	-0.03807936460798028	0.42562275337413824	0.42562275337413824	0.4637021179821185	0.0	0.51275
renegotiable_main	952	0.29039827681114616	0.5322155354270117	0.5322155354270117	0.24181725861586556	0.0	0.37125
renegotiable_main	953	-0.04901763157970217	0.2639531054800435	0.2639531054800435	0.3129707370597457	0.0	0.522
renegotiable_main	954	-0.009007137141874254	0.4182422066675331	0.4182422066675331	0.4272493438094073	0.0	0.49975
renegotiable_main	955	0.20866780929351644	0.4377630183862129	0.4377630183862129	0.22909520909269646	0.0	0.3935
renegotiable_main	956	0.03414497842533287	0.5711522371820397	0.5711522371820397	0.5370072587567067	0.0	0.48575
renegotiable_main	957	0.34928904074271006	0.4909757293403893	0.4909757293403893	0.14168668859767924	0.0	0.30825
renegotiable_main	958	-0.15304326517478153	0.21397952115579005	0.21397952115579005	0.3670227863305716	0.0	0.58075
renegotiable_main	959	0.2730592614082226	0.7040822012984369	0.7040822012984369	0.4310229398902143	0.0	0.42375
renegotiable_main	960	0.33525001246584196	0.7393793248880334	0.7393793248880334	0.4041293124221914	0.0	0.4
renegotiable_main	961	0.3373325103377706	0.643876444965991	0.643876444965991	0.3065439346282203	0.0	0.3845
renegotiable_main	962	0.20082624978093222	0.41466080138290895	0.41466080138290895	0.21383455160197673	0.0	0.391
renegotiable_main	963	0.002821491326220018	0.28342833140287543	0.28342833140287543	0.28060684007665543	0.0	0.49975
renegotiable_main	964	-0.09759291413935332	0.4677369143462188	0.4677369143462188	0.5653298284855721	0.0	0.52725
renegotiable_main	965	0.16194390195386563	0.616826280682517	0.616826280682517	0.45488237872865134	0.0	0.4515
renegotiable_main	966	0.1378211552720217	0.5790126329156481	0.5790126329156481	0.4411914776436264	0.0	0.45
renegotiable_main	967	-0.1235799016340153	0.3474962522878949	0.3474962522878949	0.47107615392191016	0.0	0.547
renegotiable_main	968	-0.07738456302015172	0.39337189367423475	0.39337189367423475	0.4707564566943865	0.0	0.52475
renegotiable_main	969	0.3309234817695326	0.600816232097274	0.600816232097274	0.26989275032774135	0.0	0.382
renegotiable_main	970	0.05369276964676883	0.32408672174228015	0.32408672174228015	0.2703939520955113	0.0	0.47025
renegotiable_main	971	0.23145600100274766	0.626955303827938	0.626955303827938	0.3954993028251903	0.0	0.42575
renegotiable_main	972	-0.21019478409771744	0.40657181309684653	0.40657181309684653	0.616766597194564	0.0	0.56175
renegotiable_main	973	0.29429694283976354	0.604043049703106	0.604043049703106	0.3097461068633424	0.0	0.39925
renegotiable_main	974	0.04459884371079332	0.33966337923291556	0.33966337923291556	0.29506453552212225	0.0	0.468
renegotiable_main	975	0.34033036311002923	0.560979983251906	0.560979983251906	0.22064962014187678	0.0	0.3585
renegotiable_main	976	0.20772309186012444	0.5571338120523892	0.5571338120523892	0.34941072019226477	0.0	0.43325
renegotiable_main	977	0.3117158272208853	0.612803028653592	0.612803028653592	0.30108720143270673	0.0	0.38675
renegotiable_main	978	-0.012294142870752037	0.43510635154826505	0.43510635154826505	0.4474004944190171	0.0	0.49875
renegotiable_main	979	0.06884941418047523	0.4986947046047245	0.4986947046047245	0.42984529042424924	0.0	0.4775
renegotiable_main	980	0.29271423612698083	0.5747578239595368	0.5747578239595368	0.28204358783255595	0.0	0.386
renegotiable_main	981	-0.197822311678012	0.43381593480373226	0.43381593480373226	0.6316382464817443	0.0	0.55225
renegotiable_main	982	-0.19629332172300015	0.23583409219238996	0.23583409219238996	0.4321274139153901	0.0	0.5975
renegotiable_main	983	0.006287343638318045	0.383477013758914	0.383477013758914	0.37718967012059595	0.0	0.5015
renegotiable_main	984	0.009863367159544782	0.3073115536472553	0.3073115536472553	0.29744818648771054	0.0	0.494
renegotiable_main	985	-0.013449825212002166	0.46736857442569213	0.46736857442569213	0.4808183996376943	0.0	0.50325
renegotiable_main	986	0.27480173745086894	0.508336960678098	0.508336960678098	0.23353522322722903	0.0	0.37325
renegotiable_main	987	0.0891975194794283	0.5878444411124162	0.5878444411124162	0.49864692163298785	0.0	0.473
renegotiable_main	988	-0.09736974834796888	0.4850433823407157	0.4850433823407157	0.5824131306886846	0.0	0.5285
renegotiable_main	989	0.2006540188541378	0.5149233605219248	0.5149233605219248	0.31426934166778697	0.0	0.42375
renegotiable_main	990	-0.16968252889447785	0.24129499416711808	0.24129499416711808	0.41097752306159596	0.0	0.5805
renegotiable_main	991	-0.017701551917947596	0.48146145453762595	0.48146145453762595	0.49916300645557354	0.0	0.51075
renegotiable_main	992	0.1683955481751453	0.6281505591775252	0.6281505591775252	0.45975501100237987	0.0	0.44075
renegotiable_main	993	-0.2383147064768712	0.21298521125578232	0.21298521125578232	0.45129991773265354	0.0	0.6105
renegotiable_main	994	0.289519198392596	0.6536528166837124	0.6536528166837124	0.36413361829111646	0.0	0.413
renegotiable_main	995	-0.21264073695018648	0.23660276218322832	0.23660276218322832	0.44924349913341477	0.0	0.605
renegotiable_main	996	0.08430286498703936	0.43396395989251496	0.43396395989251496	0.3496610949054756	0.0	0.46325
renegotiable_main	997	-0.12868531117414117	0.5032683650066508	0.5032683650066508	0.631953676180792	0.0	0.531
renegotiable_main	998	-0.004877920520920151	0.36953238716238035	0.36953238716238035	0.3744103076833005	0.0	0.50175
renegotiable_main	999	-0.1585054531654426	0.3037378901656095	0.3037378901656095	0.4622433433310521	0.0	0.5645
renegotiable_main	1000	-0.1820047136999151	0.22814219040668615	0.22814219040668615	0.41014690410660126	0.0	0.59125
renegotiable_main	1001	0.2309515086186812	0.6006030132917007	0.6006030132917007	0.36965150467301955	0.0	0.4275
renegotiable_main	1002	0.11700417790522183	0.4321239782149553	0.4321239782149553	0.31511980030973347	0.0	0.4535
renegotiable_main	1003	-0.1644039932789895	0.3669681312539499	0.3669681312539499	0.5313721245329394	0.0	0.558
renegotiable_main	1004	-0.14337138303490518	0.39943996190232245	0.39943996190232245	0.5428113449372276	0.0	0.55075
renegotiable_main	1005	0.14649084105935703	0.45801065152781884	0.45801065152781884	0.3115198104684618	0.0	0.4395
renegotiable_main	1006	-0.22723852305091902	0.295559924833719	0.295559924833719	0.522798447884638	0.0	0.58675
renegotiable_main	1007	-0.05386122089550335	0.36470000114872253	0.36470000114872253	0.41856122204422586	0.0	0.52275
renegotiable_main	1008	0.13597171806873146	0.5349365716268637	0.5349365716268637	0.39896485355813227	0.0	0.45675
renegotiable_main	1009	0.36647245856019806	0.7049886325716848	0.7049886325716848	0.3385161740114867	0.0	0.39075
renegotiable_main	1010	0.2669954761766419	0.5967830528850973	0.5967830528850973	0.3297875767084554	0.0	0.40475
renegotiable_main	1011	-0.24564002258645676	0.2653903385172472	0.2653903385172472	0.5110303611037039	0.0	0.59525
renegotiable_main	1012	0.23233755458358868	0.6704657506376995	0.6704657506376995	0.43812819605411085	0.0	0.44575
renegotiable_main	1013	0.12521794019272178	0.34272284892137417	0.34272284892137417	0.21750490872865239	0.0	0.43075
renegotiable_main	1014	-0.061634823571305807	0.4250185223230133	0.4250185223230133	0.4866533458943191	0.0	0.5235
renegotiable_main	1015	0.058027821982590815	0.4929726585884223	0.4929726585884223	0.4349448366058315	0.0	0.4885
renegotiable_main	1016	0.10404843431541004	0.4412375842155426	0.4412375842155426	0.33718914990013255	0.0	0.45625
renegotiable_main	1017	0.2915067806169609	0.6747906869715343	0.6747906869715343	0.38328390635457343	0.0	0.40925
renegotiable_main	1018	0.003840481254737414	0.442332627558834	0.442332627558834	0.4384921463040966	0.0	0.49675
renegotiable_main	1019	0.2533495970199137	0.5126521663905007	0.5126521663905007	0.259302569370587	0.0	0.39675
renegotiable_main	1020	0.26603537859864607	0.5513131576960794	0.5513131576960794	0.2852777790974333	0.0	0.403
renegotiable_main	1021	0.282235304093364	0.526485645695915	0.526485645695915	0.24425034160255105	0.0	0.37775
renegotiable_main	1022	-0.06271212603887508	0.46244720026368313	0.46244720026368313	0.5251593263025582	0.0	0.52275
renegotiable_main	1023	-0.03522469157609765	0.3893787666632596	0.3893787666632596	0.42460345823935725	0.0	0.516
renegotiable_main	1024	-0.1933161787995902	0.23037386524370704	0.23037386524370704	0.42369004404329724	0.0	0.597
renegotiable_main	1025	0.10321481615435463	0.4663114159329447	0.4663114159329447	0.36309659977859005	0.0	0.45775
renegotiable_main	1026	0.09986554678061262	0.44565001190012743	0.44565001190012743	0.34578446511951483	0.0	0.463
renegotiable_main	1027	0.2731025598575374	0.545309311973665	0.545309311973665	0.27220675211612755	0.0	0.38775
renegotiable_main	1028	0.24324178243709804	0.4770848568376056	0.4770848568376056	0.23384307440050756	0.0	0.387
renegotiable_main	1029	0.18878260577697245	0.625044135235433	0.625044135235433	0.43626152945846053	0.0	0.44575
renegotiable_main	1030	0.030949618292207604	0.45586564934996526	0.45586564934996526	0.42491603105775766	0.0	0.496
renegotiable_main	1031	-0.007894473073157254	0.297261393240295	0.297261393240295	0.30515586631345226	0.0	0.50175
renegotiable_main	1032	0.2647805771403971	0.5898013535793438	0.5898013535793438	0.3250207764389467	0.0	0.403
renegotiable_main	1033	0.15007031575345697	0.4488396956425725	0.4488396956425725	0.2987693798891155	0.0	0.438
renegotiable_main	1034	0.2768165086466436	0.6351524409548706	0.6351524409548706	0.35833593230822697	0.0	0.4135
renegotiable_main	1035	0.33129091953259376	0.7286797431864246	0.7286797431864246	0.3973888236538308	0.0	0.40575
renegotiable_main	1036	0.22885600238034198	0.48668406908638984	0.48668406908638984	0.25782806670604785	0.0	0.4055
renegotiable_main	1037	0.2146933907015337	0.6102621006644721	0.6102621006644721	0.39556870996293836	0.0	0.4395
renegotiable_main	1038	-0.10210369767818384	0.2300210075267801	0.2300210075267801	0.33212470520496395	0.0	0.5595
renegotiable_main	1039	-0.06401660351060688	0.5025225499071978	0.5025225499071978	0.5665391534178047	0.0	0.51875
renegotiable_main	1040	0.024784017480252336	0.36460674631328904	0.36460674631328904	0.3398227288330367	0.0	0.4995
renegotiable_main	1041	0.11662756194339594	0.4754160027237396	0.4754160027237396	0.35878844078034366	0.0	0.45275
renegotiable_main	1042	-0.12251161843789496	0.2868695199892337	0.2868695199892337	0.40938113842712864	0.0	0.56475
renegotiable_main	1043	0.04721995600756551	0.4794821888706498	0.4794821888706498	0.4322622328630843	0.0	0.487
renegotiable_main	1044	0.14627855677413362	0.39267061853668905	0.39267061853668905	0.24639206176255543	0.0	0.442
renegotiable_main	1045	0.15610743750232625	0.4332251037629818	0.4332251037629818	0.27711766626065554	0.0	0.432
renegotiable_main	1046	0.15414921011488478	0.42195971094654783	0.42195971094654783	0.267810500831663	0.0	0.435
renegotiable_main	1047	0.14789909057733558	0.5791664646792644	0.5791664646792644	0.4312673741019288	0.0	0.4525
renegotiable_main	1048	0.04431699580636378	0.5130722101598586	0.5130722101598586	0.4687552143534948	0.0	0.48225
renegotiable_main	1049	0.054014666106354386	0.4489837279933068	0.4489837279933068	0.39496906188695247	0.0	0.479
renegotiable_main	1050	0.041765436890678825	0.3350342144472329	0.3350342144472329	0.2932687775565541	0.0	0.476
renegotiable_main	1051	0.22957225611544485	0.5775261482040852	0.5775261482040852	0.34795389208864036	0.0	0.42
renegotiable_main	1052	0.09183890915063199	0.34205761515039573	0.34205761515039573	0.25021870599976376	0.0	0.446
renegotiable_main	1053	0.19833661920288354	0.6107355360830288	0.6107355360830288	0.41239891688014524	0.0	0.44025
renegotiable_main	1054	0.3816180104559614	0.7646995927970254	0.7646995927970254	0.383081582341064	0.0	0.38875
renegotiable_main	1055	-0.23373849455010462	0.34092236339384047	0.34092236339384047	0.5746608579439451	0.0	0.57225
renegotiable_main	1056	0.29957405109615254	0.7172961991547278	0.7172961991547278	0.4177221480585752	0.0	0.4105
renegotiable_main	1057	0.030928421483797566	0.47297691275375264	0.47297691275375264	0.4420484912699551	0.0	0.49325
renegotiable_main	1058	-0.18067472893402184	0.25263046149333385	0.25263046149333385	0.4333051904273557	0.0	0.584
renegotiable_main	1059	-0.1219899325626075	0.3206419545607881	0.3206419545607881	0.4426318871233956	0.0	0.552
renegotiable_main	1060	-0.18110972069942693	0.22004665291772596	0.22004665291772596	0.4011563736171529	0.0	0.5955
renegotiable_main	1061	0.2648500388457768	0.4615307373358064	0.4615307373358064	0.19668069849002962	0.0	0.365
renegotiable_main	1062	0.21686699643869595	0.45954888004736255	0.45954888004736255	0.2426818836086666	0.0	0.40175
renegotiable_main	1063	-0.23096448979223946	0.4122796043105004	0.4122796043105004	0.6432440941027399	0.0	0.57275
renegotiable_main	1064	0.3227382088773983	0.5373034607056134	0.5373034607056134	0.21456525182821512	0.0	0.3585
renegotiable_main	1065	0.1905753793732939	0.6427861179322937	0.6427861179322937	0.45221073855899974	0.0	0.44275
renegotiable_main	1066	0.18302875001634145	0.5981198497805731	0.5981198497805731	0.41509109976423164	0.0	0.4355
renegotiable_main	1067	0.14027495278573343	0.4078944663229237	0.4078944663229237	0.26761951353719027	0.0	0.44025
renegotiable_main	1068	-0.10225682536402125	0.346677161711503	0.346677161711503	0.44893398707552423	0.0	0.54825
renegotiable_main	1069	0.3187873112494916	0.6264744651438857	0.6264744651438857	0.3076871538943941	0.0	0.39775
renegotiable_main	1070	0.04777601584577374	0.4869584083359358	0.4869584083359358	0.43918239249016205	0.0	0.48225
renegotiable_main	1071	-0.044973807156993076	0.40137216426700817	0.40137216426700817	0.44634597142400123	0.0	0.52075
renegotiable_main	1072	0.17022180561797726	0.628456245110014	0.628456245110014	0.4582344394920367	0.0	0.44725
renegotiable_main	1073	-0.1481684771346864	0.22660342573760459	0.22660342573760459	0.374771902872291	0.0	0.5745
renegotiable_main	1074	-0.015564018952843681	0.4262250726738773	0.4262250726738773	0.44178909162672103	0.0	0.50675
renegotiable_main	1075	0.11757665908640612	0.49447374717609477	0.49447374717609477	0.37689708808968864	0.0	0.45775
renegotiable_main	1076	-0.11765689133183045	0.4035007189766866	0.4035007189766866	0.521157610308517	0.0	0.53975
renegotiable_main	1077	0.12195318110997565	0.5527099015455037	0.5527099015455037	0.43075672043552804	0.0	0.4595
renegotiable_main	1078	-0.0927089661756108	0.3509372579238336	0.3509372579238336	0.44364622409944443	0.0	0.5325
renegotiable_main	1079	0.02508513535453152	0.4677217333216837	0.4677217333216837	0.4426365979671522	0.0	0.48925
renegotiable_main	1080	0.20462145294403689	0.6525148891017393	0.6525148891017393	0.4478934361577024	0.0	0.4365
renegotiable_main	1081	-0.13476182741159345	0.4023237719113808	0.4023237719113808	0.5370855993229743	0.0	0.546
renegotiable_main	1082	0.2515952148483474	0.6221074291953446	0.6221074291953446	0.37051221434699716	0.0	0.41875
renegotiable_main	1083	0.022501850110128067	0.5095967040107828	0.5095967040107828	0.48709485390065477	0.0	0.48925
renegotiable_main	1084	-0.055129873105967904	0.38203431352726885	0.38203431352726885	0.43716418663323675	0.0	0.52525
renegotiable_main	1085	-0.21486752735749376	0.2533884767007527	0.2533884767007527	0.46825600405824647	0.0	0.59525
renegotiable_main	1086	0.2501231398846473	0.6918368231448991	0.6918368231448991	0.44171368326025184	0.0	0.4175
renegotiable_main	1087	0.2811228507279634	0.6293236087916197	0.6293236087916197	0.34820075806365636	0.0	0.41225
renegotiable_main	1088	0.29254844731955415	0.6463235833519491	0.6463235833519491	0.3537751360323949	0.0	0.405
renegotiable_main	1089	0.3214676322043119	0.652399475236741	0.652399475236741	0.3309318430324291	0.0	0.3935
renegotiable_main	1090	-0.11648174791461617	0.4783659069428909	0.4783659069428909	0.594847654857507	0.0	0.53425
renegotiable_main	1091	0.0051764769883565105	0.3359273937027912	0.3359273937027912	0.3307509167144347	0.0	0.499
renegotiable_main	1092	-0.24436822979988437	0.44128284358129954	0.44128284358129954	0.6856510733811839	0.0	0.57125
renegotiable_main	1093	0.2567679099414401	0.5662798463209268	0.5662798463209268	0.30951193637948665	0.0	0.4
renegotiable_main	1094	-0.007018798289730737	0.4880981964069444	0.4880981964069444	0.49511699469667514	0.0	0.50075
renegotiable_main	1095	0.2023262586217451	0.5149771110390415	0.5149771110390415	0.3126508524172964	0.0	0.41575
renegotiable_main	1096	-0.13782144046045045	0.3421213112285741	0.3421213112285741	0.47994275168902456	0.0	0.5545
renegotiable_main	1097	-0.16587709630337244	0.40823681334041634	0.40823681334041634	0.5741139096437888	0.0	0.559
renegotiable_main	1098	-0.025249310037579596	0.5345754119458664	0.5345754119458664	0.559824721983446	0.0	0.50225
renegotiable_main	1099	-0.05456264012715008	0.43925863073714105	0.43925863073714105	0.4938212708642911	0.0	0.524
renegotiable_main	1100	-0.2026505814656469	0.43611709618469363	0.43611709618469363	0.6387676776503406	0.0	0.5595
renegotiable_main	1101	0.21935272996417832	0.627654887035831	0.627654887035831	0.40830215707165274	0.0	0.437
renegotiable_main	1102	0.02221979623848251	0.5250023250983386	0.5250023250983386	0.5027825288598561	0.0	0.499
renegotiable_main	1103	-0.23025505697259394	0.26804981288026797	0.26804981288026797	0.49830486985286193	0.0	0.598
renegotiable_main	1104	-0.2362439278357548	0.3134960521148419	0.3134960521148419	0.5497399799505966	0.0	0.58175
renegotiable_main	1105	0.15194438859969858	0.487849640541064	0.487849640541064	0.33590525194136545	0.0	0.4415
renegotiable_main	1106	-0.1329074740967152	0.4583590793308232	0.4583590793308232	0.5912665534275384	0.0	0.544
renegotiable_main	1107	-0.1864238773873048	0.38746278516026805	0.38746278516026805	0.5738866625475728	0.0	0.5605
renegotiable_main	1108	0.09790445337391894	0.5673272125880525	0.5673272125880525	0.46942275921413357	0.0	0.47
renegotiable_main	1109	-0.12255073671247757	0.25479000255286965	0.25479000255286965	0.3773407392653472	0.0	0.564
renegotiable_main	1110	-0.00618048352893853	0.4206422989455316	0.4206422989455316	0.42682278247447014	0.0	0.502
renegotiable_main	1111	0.041819877486137184	0.4083369660440031	0.4083369660440031	0.3665170885578659	0.0	0.48975
renegotiable_main	1112	0.32046856139872265	0.6707477866849828	0.6707477866849828	0.35027922528626015	0.0	0.40275
renegotiable_main	1113	-0.17747296804734514	0.4628559282098636	0.4628559282098636	0.6403288962572087	0.0	0.56025
renegotiable_main	1114	0.10127108344526523	0.47745580769973056	0.47745580769973056	0.37618472425446536	0.0	0.45975
renegotiable_main	1115	-0.14548056934378878	0.40546039105072484	0.40546039105072484	0.5509409603945137	0.0	0.5505
renegotiable_main	1116	0.07860634206396966	0.4231433627048215	0.4231433627048215	0.34453702064085184	0.0	0.47
renegotiable_main	1117	0.30255606158547454	0.6342164921036917	0.6342164921036917	0.33166043051821714	0.0	0.39975
renegotiable_main	1118	0.1503926678348249	0.5898766833328055	0.5898766833328055	0.4394840154979806	0.0	0.44675
renegotiable_main	1119	0.33705005521291886	0.6975217262350784	0.6975217262350784	0.3604716710221595	0.0	0.399
renegotiable_main	1120	-0.01840446152945386	0.545174857652557	0.545174857652557	0.5635793191820109	0.0	0.496
renegotiable_main	1121	-0.0692016446462955	0.5278317965156135	0.5278317965156135	0.597033441161909	0.0	0.523
renegotiable_main	1122	-0.1435281371512527	0.2760995005303923	0.2760995005303923	0.419627637681645	0.0	0.567
renegotiable_main	1123	-0.21719992027333188	0.3067135397928912	0.3067135397928912	0.5239134600662231	0.0	0.5905
renegotiable_main	1124	-0.1247431240138189	0.26272420845735595	0.26272420845735595	0.3874673324711748	0.0	0.56475
renegotiable_main	1125	0.1643184525887017	0.43543705018216133	0.43543705018216133	0.27111859759345963	0.0	0.427
renegotiable_main	1126	0.1311287363808105	0.3653375032779312	0.3653375032779312	0.2342087668971207	0.0	0.43425
renegotiable_main	1127	0.20531987701436424	0.48588141930025736	0.48588141930025736	0.28056154228589314	0.0	0.4175
renegotiable_main	1128	0.026177225748409014	0.5248596533624433	0.5248596533624433	0.4986824276140343	0.0	0.49475
renegotiable_main	1129	0.0718229361503793	0.5931270947402144	0.5931270947402144	0.5213041585898351	0.0	0.47625
renegotiable_main	1130	-0.06910271430669597	0.330028888871888	0.330028888871888	0.399131603178584	0.0	0.54125
renegotiable_main	1131	-0.12852252412294313	0.46783624773317384	0.46783624773317384	0.596358771856117	0.0	0.54025
renegotiable_main	1132	0.10420248156232807	0.4765623702604126	0.4765623702604126	0.3723598886980845	0.0	0.46325
renegotiable_main	1133	0.3438288645288877	0.6555748379617407	0.6555748379617407	0.31174597343285293	0.0	0.38525
renegotiable_main	1134	0.02329232871181107	0.30669744435377927	0.30669744435377927	0.2834051156419682	0.0	0.483
renegotiable_main	1135	-0.17901509775755128	0.4007211645412966	0.4007211645412966	0.5797362622988479	0.0	0.549
renegotiable_main	1136	0.10401437927661808	0.4259094270433653	0.4259094270433653	0.32189504776674727	0.0	0.454
renegotiable_main	1137	-0.09418492616475059	0.3298080679781758	0.3298080679781758	0.4239929941429264	0.0	0.53675
renegotiable_main	1138	0.22431760819733548	0.6235625445056155	0.6235625445056155	0.39924493630828006	0.0	0.43
renegotiable_main	1139	-0.029446766717913398	0.2810321136820321	0.2810321136820321	0.31047888039994553	0.0	0.51275
renegotiable_main	1140	-0.19073368063829085	0.2958938809850672	0.2958938809850672	0.4866275616233581	0.0	0.5775
renegotiable_main	1141	-0.06987491274155405	0.42055992032165784	0.42055992032165784	0.4904348330632119	0.0	0.5295
renegotiable_main	1142	0.1099715120149793	0.4485913075783518	0.4485913075783518	0.3386197955633725	0.0	0.46
renegotiable_main	1143	0.026296637608551564	0.2981830127700596	0.2981830127700596	0.27188637516150804	0.0	0.48625
renegotiable_main	1144	0.04574814757492637	0.5702065644945317	0.5702065644945317	0.5244584169196053	0.0	0.48225
renegotiable_main	1145	0.2732432694602616	0.5272572782578252	0.5272572782578252	0.2540140087975636	0.0	0.39
renegotiable_main	1146	-0.046804558216301244	0.41244370334287267	0.41244370334287267	0.4592482615591739	0.0	0.52375
renegotiable_main	1147	0.3389376825782247	0.5026033737039156	0.5026033737039156	0.1636656911256909	0.0	0.32575
renegotiable_main	1148	0.301829486421506	0.5653947433702615	0.5653947433702615	0.26356525694875554	0.0	0.3775
renegotiable_main	1149	-0.10558651184637509	0.2827796332774291	0.2827796332774291	0.3883661451238042	0.0	0.55425
renegotiable_main	1150	0.14577834164740167	0.5013998022448688	0.5013998022448688	0.35562146059746713	0.0	0.44225
renegotiable_main	1151	0.10569958963918395	0.458546898275372	0.458546898275372	0.352847308636188	0.0	0.453
renegotiable_main	1152	-0.07009496782247207	0.38661611717551797	0.38661611717551797	0.45671108499799007	0.0	0.52525
renegotiable_main	1153	0.1693548389007931	0.4188905431691028	0.4188905431691028	0.2495357042683097	0.0	0.415
renegotiable_main	1154	-0.20156760998435302	0.19796148088780297	0.19796148088780297	0.399529090872156	0.0	0.6115
renegotiable_main	1155	-0.021110128504127225	0.3794621500416037	0.3794621500416037	0.40057227854573096	0.0	0.51475
renegotiable_main	1156	0.08607994324758478	0.543125444518962	0.543125444518962	0.4570455012713773	0.0	0.471
renegotiable_main	1157	0.2914830535119203	0.5588385050814063	0.5588385050814063	0.26735545156948604	0.0	0.39325
renegotiable_main	1158	0.2090926527579387	0.4218805901063557	0.4218805901063557	0.212787937348417	0.0	0.395
renegotiable_main	1159	0.1985085800796809	0.4753397779809252	0.4753397779809252	0.27683119790124433	0.0	0.415
renegotiable_main	1160	0.023145737488515315	0.4826911374665489	0.4826911374665489	0.45954539997803356	0.0	0.4875
renegotiable_main	1161	0.15508195317643228	0.46221485921612765	0.46221485921612765	0.30713290603969534	0.0	0.43275
renegotiable_main	1162	0.27387894926930356	0.5816371236156623	0.5816371236156623	0.30775817434635877	0.0	0.395
renegotiable_main	1163	0.32538995887611005	0.598559706923928	0.598559706923928	0.27316974804781796	0.0	0.3825
renegotiable_main	1164	0.23223122814169667	0.6383689112777253	0.6383689112777253	0.40613768313602866	0.0	0.4305
renegotiable_main	1165	-0.1689029571835455	0.23542157950380618	0.23542157950380618	0.4043245366873517	0.0	0.59175
renegotiable_main	1166	0.07402036996368667	0.3571693757805009	0.3571693757805009	0.28314900581681424	0.0	0.457
renegotiable_main	1167	0.28728152255231	0.5152630277219307	0.5152630277219307	0.22798150516962068	0.0	0.37225
renegotiable_main	1168	-0.06312631270264828	0.33556105751066106	0.33556105751066106	0.39868737021330936	0.0	0.525
renegotiable_main	1169	-0.2345104110984097	0.462942136340573	0.462942136340573	0.6974525474389828	0.0	0.5595
renegotiable_main	1170	0.13862494893861016	0.5161647920990614	0.5161647920990614	0.37753984316045125	0.0	0.447
renegotiable_main	1171	0.1900757187918124	0.5430886473803274	0.5430886473803274	0.35301292858851496	0.0	0.4285
renegotiable_main	1172	0.2697619538603966	0.44425988972399616	0.44425988972399616	0.17449793586359957	0.0	0.344
renegotiable_main	1173	0.15377007945526472	0.4199802994699511	0.4199802994699511	0.26621022001468636	0.0	0.4295
renegotiable_main	1174	0.22651953086981813	0.6331327012334961	0.6331327012334961	0.40661317036367794	0.0	0.424
renegotiable_main	1175	-0.13399614042226457	0.38362973880437606	0.38362973880437606	0.5176258792266406	0.0	0.54775
renegotiable_main	1176	-0.25457503039968343	0.38791268527765177	0.38791268527765177	0.6424877156773352	0.0	0.584
renegotiable_main	1177	0.30850732061170094	0.5005126146052851	0.5005126146052851	0.19200529399358413	0.0	0.362
renegotiable_main	1178	0.26782270492527027	0.46010821516628	0.46010821516628	0.1922855102410097	0.0	0.37175
renegotiable_main	1179	0.2844225868830087	0.6299004596788098	0.6299004596788098	0.3454778727958011	0.0	0.402
renegotiable_main	1180	-0.14189137429167092	0.23598345982361155	0.23598345982361155	0.37787483411528244	0.0	0.57575
renegotiable_main	1181	-0.19691479070393042	0.2942310816287194	0.2942310816287194	0.49114587233264984	0.0	0.58475
renegotiable_main	1182	0.1997420531876616	0.6296612793154838	0.6296612793154838	0.4299192261278222	0.0	0.437
renegotiable_main	1183	0.3062177067431404	0.7145981021580412	0.7145981021580412	0.4083803954149008	0.0	0.409
renegotiable_main	1184	-0.1707901612041343	0.41062550686526633	0.41062550686526633	0.5814156680694006	0.0	0.559
renegotiable_main	1185	0.2833479226331681	0.6551354673005779	0.6551354673005779	0.3717875446674098	0.0	0.416
renegotiable_main	1186	0.05235452595311296	0.43364490410669965	0.43364490410669965	0.3812903781535867	0.0	0.475
renegotiable_main	1187	0.11455910745742946	0.58780544571564	0.58780544571564	0.4732463382582105	0.0	0.46875
renegotiable_main	1188	0.3036441236651127	0.6603385295541275	0.6603385295541275	0.35669440588901485	0.0	0.408
renegotiable_main	1189	0.26317156802663977	0.5382888385110312	0.5382888385110312	0.2751172704843914	0.0	0.3875
renegotiable_main	1190	-0.015241453593773541	0.40860356882691895	0.40860356882691895	0.4238450224206925	0.0	0.50525
renegotiable_main	1191	0.12455350357880147	0.6064215754166941	0.6064215754166941	0.4818680718378926	0.0	0.4605
renegotiable_main	1192	0.16590121064847693	0.37355370463611304	0.37355370463611304	0.2076524939876361	0.0	0.39375
renegotiable_main	1193	-0.09970518950680245	0.4578793583997636	0.4578793583997636	0.5575845479065661	0.0	0.541
renegotiable_main	1194	0.22114485475421328	0.6476164304560691	0.6476164304560691	0.4264715757018558	0.0	0.43875
renegotiable_main	1195	0.021468468670146103	0.4136978512735802	0.4136978512735802	0.3922293826034341	0.0	0.50025
renegotiable_main	1196	-0.1369907788947914	0.28058709477837696	0.28058709477837696	0.41757787367316834	0.0	0.55725
renegotiable_main	1197	0.3103347063679556	0.6110290628889635	0.6110290628889635	0.3006943565210079	0.0	0.38375
renegotiable_main	1198	0.27473535321565634	0.5627168219276594	0.5627168219276594	0.28798146871200303	0.0	0.3945
renegotiable_main	1199	0.24057957831078786	0.53887904914311	0.53887904914311	0.29829947083232217	0.0	0.39875
renegotiable_main	1200	0.20137785374680192	0.48344539419284005	0.48344539419284005	0.2820675404460381	0.0	0.4195
renegotiable_main	1201	-0.13102349834916668	0.326303783603291	0.326303783603291	0.45732728195245764	0.0	0.54825
renegotiable_main	1202	0.3529113035376996	0.518494122196155	0.518494122196155	0.16558281865845537	0.0	0.331
renegotiable_main	1203	-0.1536906131750808	0.3307037141966497	0.3307037141966497	0.4843943273717305	0.0	0.5605
renegotiable_main	1204	0.23908064038320645	0.5798628773205121	0.5798628773205121	0.3407822369373057	0.0	0.41225
renegotiable_main	1205	0.11971350375149456	0.5768598814571283	0.5768598814571283	0.4571463777056337	0.0	0.4645
renegotiable_main	1206	0.0190016954106722	0.5236764179032911	0.5236764179032911	0.5046747224926189	0.0	0.49075
renegotiable_main	1207	0.29733558734150267	0.7229041831596741	0.7229041831596741	0.4255685958181714	0.0	0.40675
renegotiable_main	1208	0.1285310130023709	0.35175356144211656	0.35175356144211656	0.22322254843974565	0.0	0.4295
renegotiable_main	1209	0.19725017822420632	0.40866081395652004	0.40866081395652004	0.21141063573231372	0.0	0.397
renegotiable_main	1210	0.17487107057496762	0.40612182503274447	0.40612182503274447	0.23125075445777685	0.0	0.408
renegotiable_main	1211	-0.10251663472334951	0.2639555204778733	0.2639555204778733	0.3664721552012228	0.0	0.55375
renegotiable_main	1212	-0.18001785631546874	0.3785585437603896	0.3785585437603896	0.5585764000758584	0.0	0.55825
renegotiable_main	1213	0.10998953264567708	0.5044285085698141	0.5044285085698141	0.39443897592413707	0.0	0.4635
renegotiable_main	1214	0.1230837830785745	0.5388093883744899	0.5388093883744899	0.4157256052959154	0.0	0.461
renegotiable_main	1215	0.0556922061820693	0.3216141765751939	0.3216141765751939	0.2659219703931246	0.0	0.46825
renegotiable_main	1216	0.20393545896453127	0.6280408503284007	0.6280408503284007	0.4241053913638695	0.0	0.4345
renegotiable_main	1217	0.17481831124310698	0.46059573458180586	0.46059573458180586	0.2857774233386989	0.0	0.42775
renegotiable_main	1218	-0.09513401663597518	0.342643629661373	0.342643629661373	0.43777764629734817	0.0	0.545
renegotiable_main	1219	0.1756013769187661	0.44719988107057673	0.44719988107057673	0.27159850415181064	0.0	0.4175
renegotiable_main	1220	-0.02897428024008668	0.45712872859686615	0.45712872859686615	0.48610300883695284	0.0	0.508
renegotiable_main	1221	-0.0362162153877716	0.4249749557659078	0.4249749557659078	0.4611911711536794	0.0	0.51325
renegotiable_main	1222	0.2452973094533906	0.5079456511544975	0.5079456511544975	0.26264834170110696	0.0	0.397
renegotiable_main	1223	0.31827715175305626	0.6448401210450387	0.6448401210450387	0.3265629692919825	0.0	0.38775
renegotiable_main	1224	-0.02619687374913617	0.28032899391694127	0.28032899391694127	0.3065258676660774	0.0	0.514
renegotiable_main	1225	-0.2171469573097408	0.45814031035544306	0.45814031035544306	0.6752872676651839	0.0	0.5715
renegotiable_main	1226	0.20223598393648473	0.46214366102069815	0.46214366102069815	0.2599076770842134	0.0	0.40725
renegotiable_main	1227	0.04509835376935981	0.5710023839178265	0.5710023839178265	0.5259040301484668	0.0	0.4895
renegotiable_main	1228	0.2690508492920964	0.5049634461881468	0.5049634461881468	0.23591259689605043	0.0	0.38075
renegotiable_main	1229	0.2871015346526031	0.4832139270670568	0.4832139270670568	0.19611239241445372	0.0	0.3615
renegotiable_main	1230	0.13593405683228102	0.36610650620892465	0.36610650620892465	0.23017244937664363	0.0	0.42325
renegotiable_main	1231	0.2987789675103024	0.6639774197016588	0.6639774197016588	0.3651984521913564	0.0	0.40925
renegotiable_main	1232	-0.19791115363651568	0.2804799208841538	0.2804799208841538	0.4783910745206695	0.0	0.5775
renegotiable_main	1233	0.1823923913459657	0.4475072211846431	0.4475072211846431	0.2651148298386774	0.0	0.4205
renegotiable_main	1234	-0.08806870353142003	0.44854457096442707	0.44854457096442707	0.5366132744958471	0.0	0.53025
renegotiable_main	1235	0.17242971333713256	0.6196453828815824	0.6196453828815824	0.4472156695444499	0.0	0.4425
renegotiable_main	1236	0.23208296266421505	0.6155591442472477	0.6155591442472477	0.38347618158303265	0.0	0.43025
renegotiable_main	1237	-0.13172694627833084	0.3131091020105953	0.3131091020105953	0.4448360482889261	0.0	0.55175
renegotiable_main	1238	-0.15062370998682179	0.3849717810202247	0.3849717810202247	0.5355954910070465	0.0	0.5665
renegotiable_main	1239	-0.028494569649096944	0.33880865848107977	0.33880865848107977	0.36730322813017674	0.0	0.51625
renegotiable_main	1240	0.17006002928196126	0.5024279856473269	0.5024279856473269	0.33236795636536565	0.0	0.439
renegotiable_main	1241	0.15035378717282663	0.4362228980402233	0.4362228980402233	0.28586911086739664	0.0	0.42725
renegotiable_main	1242	0.02603251144848685	0.41682045897608566	0.41682045897608566	0.3907879475275988	0.0	0.4955
renegotiable_main	1243	0.28619785883257803	0.49299617147307734	0.49299617147307734	0.2067983126404993	0.0	0.36175
renegotiable_main	1244	-0.08937261117697838	0.43363187397785735	0.43363187397785735	0.5230044851548358	0.0	0.524
renegotiable_main	1245	0.16680217541245224	0.5547664676556592	0.5547664676556592	0.38796429224320694	0.0	0.43725
renegotiable_main	1246	0.0240120517434699	0.372614455126657	0.372614455126657	0.3486024033831871	0.0	0.4915
renegotiable_main	1247	-0.08184715146970377	0.33361337251163414	0.33361337251163414	0.4154605239813379	0.0	0.53175
renegotiable_main	1248	0.3462323865193989	0.7358909917324286	0.7358909917324286	0.38965860521302964	0.0	0.40425
renegotiable_main	1249	0.027879221801999053	0.3343032866220577	0.3343032866220577	0.3064240648200587	0.0	0.488
renegotiable_main	1250	-0.1473914928084328	0.29092537055973994	0.29092537055973994	0.43831686336817277	0.0	0.56575
renegotiable_main	1251	0.029528166513192712	0.41968793802938104	0.41968793802938104	0.3901597715161883	0.0	0.49675
renegotiable_main	1252	-0.07463809105592484	0.40144239859647607	0.40144239859647607	0.4760804896524009	0.0	0.531
renegotiable_main	1253	0.20978611210830986	0.45599732252453334	0.45599732252453334	0.24621121041622349	0.0	0.404
renegotiable_main	1254	-0.0054710744947989096	0.3376228795022962	0.3376228795022962	0.3430939539970951	0.0	0.506
renegotiable_main	1255	0.02547670712930441	0.3667146457655474	0.3667146457655474	0.341237938636243	0.0	0.48425
renegotiable_main	1256	-0.013122398524171547	0.3616858750906599	0.3616858750906599	0.3748082736148315	0.0	0.50975
renegotiable_main	1257	0.10128571493841167	0.4123408397959699	0.4123408397959699	0.31105512485755826	0.0	0.43825
renegotiable_main	1258	-0.03321699446467545	0.2883625923353511	0.2883625923353511	0.3215795868000266	0.0	0.517
renegotiable_main	1259	0.25040194989956255	0.51701592601572	0.51701592601572	0.26661397611615745	0.0	0.39175
renegotiable_main	1260	0.2982732584464154	0.6314229816507623	0.6314229816507623	0.3331497232043469	0.0	0.39275
renegotiable_main	1261	0.12820642148248765	0.39564271332091916	0.39564271332091916	0.26743629183843154	0.0	0.44025
renegotiable_main	1262	0.05885289131417638	0.557489985083088	0.557489985083088	0.49863709376891163	0.0	0.477
renegotiable_main	1263	-0.22467840971938732	0.40090452936504245	0.40090452936504245	0.6255829390844297	0.0	0.57975
renegotiable_main	1264	-0.19066381077959693	0.443709401464333	0.443709401464333	0.63437321224393	0.0	0.5595
renegotiable_main	1265	-0.18029157056814174	0.22123506690010084	0.22123506690010084	0.4015266374682426	0.0	0.59375
renegotiable_main	1266	0.2432218812189276	0.6106712065801052	0.6106712065801052	0.3674493253611776	0.0	0.421
renegotiable_main	1267	0.04397691074226546	0.4971037710958766	0.4971037710958766	0.45312686035361116	0.0	0.4795
renegotiable_main	1268	-0.23332881657502166	0.3054390768847952	0.3054390768847952	0.5387678934598169	0.0	0.59075
renegotiable_main	1269	0.24983243962203103	0.6521680290049028	0.6521680290049028	0.40233558938287173	0.0	0.421
renegotiable_main	1270	0.11831924791460251	0.41081022097055503	0.41081022097055503	0.2924909730559525	0.0	0.45575
renegotiable_main	1271	-0.16077084356294535	0.23196693056404682	0.23196693056404682	0.3927377741269922	0.0	0.5785
renegotiable_main	1272	0.10629779492109012	0.3648543643834801	0.3648543643834801	0.25855656946239003	0.0	0.44725
renegotiable_main	1273	0.1038112851588332	0.5863121383316949	0.5863121383316949	0.48250085317286173	0.0	0.46425
renegotiable_main	1274	-0.0195734261176699	0.5009358550500262	0.5009358550500262	0.5205092811676961	0.0	0.50475
renegotiable_main	1275	-0.19022274317361695	0.31007302629564754	0.31007302629564754	0.5002957694692645	0.0	0.57175
renegotiable_main	1276	-0.08140736951746393	0.32280490053682637	0.32280490053682637	0.4042122700542903	0.0	0.53675
renegotiable_main	1277	0.26473391094492826	0.4687854417196185	0.4687854417196185	0.20405153077469024	0.0	0.36825
renegotiable_main	1278	-0.2528566367115842	0.30587301159224467	0.30587301159224467	0.5587296483038289	0.0	0.59975
renegotiable_main	1279	0.0033877372572393874	0.5385632857131364	0.5385632857131364	0.535175548455897	0.0	0.50375
renegotiable_main	1280	0.05492021921559653	0.44805177137021296	0.44805177137021296	0.3931315521546164	0.0	0.4855
renegotiable_main	1281	0.07829901811645976	0.48796038427751676	0.48796038427751676	0.409661366161057	0.0	0.475
renegotiable_main	1282	0.12376132670812617	0.5203779205715992	0.5203779205715992	0.396616593863473	0.0	0.452
renegotiable_main	1283	-0.10808945759210235	0.2530034498180921	0.2530034498180921	0.36109290741019445	0.0	0.55825
renegotiable_main	1284	-0.2248006065176905	0.3072243067333462	0.3072243067333462	0.5320249132510367	0.0	0.5815
renegotiable_main	1285	0.031150130605009034	0.31790443405019025	0.31790443405019025	0.2867543034451812	0.0	0.49125
renegotiable_main	1286	0.2742421477288772	0.4958701798110944	0.4958701798110944	0.2216280320822172	0.0	0.37675
renegotiable_main	1287	0.014283191652600422	0.5317275343775208	0.5317275343775208	0.5174443427249205	0.0	0.495
renegotiable_main	1288	0.08788761049194459	0.47973796568270005	0.47973796568270005	0.39185035519075545	0.0	0.4645
renegotiable_main	1289	-0.09218203524227368	0.4233023723374888	0.4233023723374888	0.5154844075797624	0.0	0.5225
renegotiable_main	1290	0.27186213370517953	0.5640504016267222	0.5640504016267222	0.2921882679215426	0.0	0.3975
renegotiable_main	1291	0.3034834094597114	0.6527096727936187	0.6527096727936187	0.34922626333390727	0.0	0.40025
renegotiable_main	1292	0.002580475868303506	0.5280190030688074	0.5280190030688074	0.525438527200504	0.0	0.49625
renegotiable_main	1293	0.11426609394680719	0.42319126988436395	0.42319126988436395	0.30892517593755675	0.0	0.45075
renegotiable_main	1294	-0.16897782061173644	0.2919478574760638	0.2919478574760638	0.4609256780878002	0.0	0.57275
renegotiable_main	1295	0.1481656357216644	0.6200797108293222	0.6200797108293222	0.4719140751076578	0.0	0.457
renegotiable_main	1296	-0.14581358981250922	0.41630581464186844	0.41630581464186844	0.5621194044543777	0.0	0.54375
renegotiable_main	1297	-0.17372572593398075	0.31709468238046806	0.31709468238046806	0.49082040831444884	0.0	0.576
renegotiable_main	1298	0.26407770131610003	0.6556010097145503	0.6556010097145503	0.39152330839845023	0.0	0.42225
renegotiable_main	1299	0.11582637890883	0.5766957116531928	0.5766957116531928	0.46086933274436276	0.0	0.46975
renegotiable_main	1300	-0.05376120151192309	0.4362751204204081	0.4362751204204081	0.4900363219323312	0.0	0.5195
renegotiable_main	1301	0.08352915746299198	0.5590302879190147	0.5590302879190147	0.47550113045602266	0.0	0.476
renegotiable_main	1302	-0.2398265928368754	0.40787794924670434	0.40787794924670434	0.6477045420835797	0.0	0.58075
renegotiable_main	1303	-0.17643157019980216	0.4436732952290257	0.4436732952290257	0.6201048654288279	0.0	0.5505
renegotiable_main	1304	0.21327557972265673	0.5508112568182808	0.5508112568182808	0.33753567709562404	0.0	0.4205
renegotiable_main	1305	0.07372338238979735	0.5676151228577431	0.5676151228577431	0.4938917404679457	0.0	0.475
renegotiable_main	1306	0.18585501761563636	0.6124941195744271	0.6124941195744271	0.42663910195879073	0.0	0.44875
renegotiable_main	1307	0.15535166431404993	0.5857964227829195	0.5857964227829195	0.43044475846886965	0.0	0.4545
renegotiable_main	1308	-0.24973129893479265	0.3358204476343363	0.3358204476343363	0.585551746569129	0.0	0.597
renegotiable_main	1309	0.013118295739961471	0.46383344148655586	0.46383344148655586	0.4507151457465944	0.0	0.49025
renegotiable_main	1310	-0.25817392761427227	0.3926324615655535	0.3926324615655535	0.6508063891798257	0.0	0.57525
renegotiable_main	1311	-0.11352525629806931	0.347383866372184	0.347383866372184	0.4609091226702533	0.0	0.54925
renegotiable_main	1312	0.10090025388988434	0.5055504548539873	0.5055504548539873	0.404650200964103	0.0	0.458
renegotiable_main	1313	0.12660738808738561	0.6293819678806749	0.6293819678806749	0.5027745797932893	0.0	0.46425
renegotiable_main	1314	-0.07758203718809153	0.4460653685744745	0.4460653685744745	0.523647405762566	0.0	0.52525
renegotiable_main	1315	0.06512638542007264	0.5443243877014441	0.5443243877014441	0.47919800228137144	0.0	0.48325
renegotiable_main	1316	0.03791606387092679	0.4354563572065879	0.4354563572065879	0.3975402933356611	0.0	0.48875
renegotiable_main	1317	0.11064495681043565	0.53994310279091	0.53994310279091	0.42929814598047433	0.0	0.46525
renegotiable_main	1318	0.12769077209836208	0.42672225041245454	0.42672225041245454	0.2990314783140925	0.0	0.447
renegotiable_main	1319	0.07626706562941621	0.3297315145419886	0.3297315145419886	0.2534644489125724	0.0	0.4625
renegotiable_main	1320	-0.1678089485526732	0.3782069998753196	0.3782069998753196	0.5460159484279927	0.0	0.558
renegotiable_main	1321	0.2960707236438411	0.5424857501702397	0.5424857501702397	0.24641502652639857	0.0	0.37275
renegotiable_main	1322	0.18697137450764645	0.5836760049356097	0.5836760049356097	0.3967046304279632	0.0	0.43325
renegotiable_main	1323	-0.22344083148562596	0.441681429989647	0.441681429989647	0.665122261475273	0.0	0.561
renegotiable_main	1324	0.039946139630188414	0.3343304846145976	0.3343304846145976	0.2943843449844092	0.0	0.4835
renegotiable_main	1325	0.05847885645440532	0.36334569304762626	0.36334569304762626	0.30486683659322095	0.0	0.481
renegotiable_main	1326	0.32965159298569996	0.4828419782937326	0.4828419782937326	0.15319038530803264	0.0	0.32325
renegotiable_main	1327	-0.012582634045518347	0.5558731964510862	0.5558731964510862	0.5684558304966045	0.0	0.5075
renegotiable_main	1328	0.0851745649037538	0.4477920214237064	0.4477920214237064	0.3626174565199526	0.0	0.46225
renegotiable_main	1329	0.3421412137867809	0.5734802206011513	0.5734802206011513	0.23133900681437042	0.0	0.3665
renegotiable_main	1330	0.10172650710141767	0.4049759196780451	0.4049759196780451	0.3032494125766274	0.0	0.4585
renegotiable_main	1331	0.18267672080914493	0.46011857195327865	0.46011857195327865	0.2774418511441337	0.0	0.4165
renegotiable_main	1332	-0.1571375648306794	0.3236396825629023	0.3236396825629023	0.48077724739358174	0.0	0.56175
renegotiable_main	1333	-0.1415648283496633	0.31002252936821595	0.31002252936821595	0.4515873577178793	0.0	0.56075
renegotiable_main	1334	0.2940965697423277	0.7063366464253925	0.7063366464253925	0.41224007668306484	0.0	0.41375
renegotiable_main	1335	-0.18941797472407637	0.4181103568671636	0.4181103568671636	0.60752833159124	0.0	0.5485
renegotiable_main	1336	0.1338957170049514	0.36589586207875996	0.36589586207875996	0.23200014507380856	0.0	0.4335
renegotiable_main	1337	-0.14062097850931593	0.3427849236088722	0.3427849236088722	0.4834059021181881	0.0	0.5425
renegotiable_main	1338	0.05639356964042533	0.5054054562633838	0.5054054562633838	0.44901188662295854	0.0	0.478
renegotiable_main	1339	0.2017827800664304	0.5176073018010731	0.5176073018010731	0.31582452173464265	0.0	0.41825
renegotiable_main	1340	0.16165267968905628	0.6329695479121126	0.6329695479121126	0.4713168682230563	0.0	0.447
renegotiable_main	1341	0.12416172547907799	0.48339103457932414	0.48339103457932414	0.35922930910024614	0.0	0.4455
renegotiable_main	1342	0.16955252040299815	0.43747693327975434	0.43747693327975434	0.26792441287675617	0.0	0.427
renegotiable_main	1343	-0.106540679152658	0.47055089697136404	0.47055089697136404	0.5770915761240221	0.0	0.538
renegotiable_main	1344	-0.03854155965022897	0.4918201392557479	0.4918201392557479	0.5303616989059768	0.0	0.51175
renegotiable_main	1345	0.0320659581126565	0.3874898741394123	0.3874898741394123	0.3554239160267558	0.0	0.4915
renegotiable_main	1346	0.17465772592056572	0.6194502927524672	0.6194502927524672	0.4447925668319015	0.0	0.45
renegotiable_main	1347	0.04168758146610244	0.31733911424698213	0.31733911424698213	0.27565153278087967	0.0	0.47375
renegotiable_main	1348	0.04714031960068063	0.43039468173969087	0.43039468173969087	0.3832543621390102	0.0	0.4835
renegotiable_main	1349	0.1438949853188405	0.5181180697336083	0.5181180697336083	0.3742230844147678	0.0	0.4475
renegotiable_main	1350	0.36720163550943863	0.7558464329893679	0.7558464329893679	0.3886447974799293	0.0	0.3895
renegotiable_main	1351	0.2318489086439625	0.5800556975664126	0.5800556975664126	0.34820678892245016	0.0	0.4255
renegotiable_main	1352	-0.0651674900805798	0.30487653193694436	0.30487653193694436	0.3700440220175242	0.0	0.53725
renegotiable_main	1353	0.20705431814439465	0.4022110885335517	0.4022110885335517	0.19515677038915705	0.0	0.386
renegotiable_main	1354	-0.026656402847151987	0.42679278733458376	0.42679278733458376	0.45344919018173574	0.0	0.51475
renegotiable_main	1355	0.020505612263485858	0.45815585939307635	0.45815585939307635	0.4376502471295905	0.0	0.49075
renegotiable_main	1356	0.12736807261558564	0.37489857849233316	0.37489857849233316	0.24753050587674752	0.0	0.428
renegotiable_main	1357	-0.026342422416212707	0.4957345319381942	0.4957345319381942	0.5220769543544069	0.0	0.5105
renegotiable_main	1358	0.1229196864390421	0.3857213576840363	0.3857213576840363	0.2628016712449942	0.0	0.4315
renegotiable_main	1359	-0.21044516700252783	0.2408052025557671	0.2408052025557671	0.4512503695582949	0.0	0.601
renegotiable_main	1360	0.31733017284299914	0.6376589835366858	0.6376589835366858	0.3203288106936867	0.0	0.39125
renegotiable_main	1361	-0.08214671935390591	0.41382271507949825	0.41382271507949825	0.49596943443340413	0.0	0.51575
renegotiable_main	1362	-0.14532353434797102	0.2798800075662424	0.2798800075662424	0.4252035419142134	0.0	0.5665
renegotiable_main	1363	-0.2270061319920921	0.2347244850424903	0.2347244850424903	0.4617306170345824	0.0	0.6095
renegotiable_main	1364	-0.2322030556088686	0.2417506387887363	0.2417506387887363	0.47395369439760493	0.0	0.603
renegotiable_main	1365	-0.22694326273158671	0.39568078105973964	0.39568078105973964	0.6226240437913264	0.0	0.5795
renegotiable_main	1366	0.21267092334912646	0.6580029299282562	0.6580029299282562	0.4453320065791297	0.0	0.44075
renegotiable_main	1367	0.22250763640805354	0.4793651235144015	0.4793651235144015	0.256857487106348	0.0	0.4075
renegotiable_main	1368	-0.035183848258146126	0.3161899504598829	0.3161899504598829	0.35137379871802904	0.0	0.5135
renegotiable_main	1369	-0.05308129214339678	0.43220560761402294	0.43220560761402294	0.48528689975741973	0.0	0.51325
renegotiable_main	1370	0.291395303648004	0.5657429305944115	0.5657429305944115	0.2743476269464075	0.0	0.38375
renegotiable_main	1371	0.10871168714437704	0.4185323316543105	0.4185323316543105	0.3098206445099334	0.0	0.4495
renegotiable_main	1372	-0.08448919708934072	0.4297500860636268	0.4297500860636268	0.5142392831529675	0.0	0.53425
renegotiable_main	1373	0.10594392158015657	0.5489135362790821	0.5489135362790821	0.44296961469892554	0.0	0.47675
renegotiable_main	1374	-0.24100141765964622	0.19723136380707434	0.19723136380707434	0.43823278146672057	0.0	0.62575
renegotiable_main	1375	0.04030239881874762	0.3995052366702755	0.3995052366702755	0.35920283785152785	0.0	0.48125
renegotiable_main	1376	0.25578599071329994	0.6991981433989145	0.6991981433989145	0.44341215268561457	0.0	0.42275
renegotiable_main	1377	0.2342979613865173	0.6141271317525565	0.6141271317525565	0.37982917036603925	0.0	0.42675
renegotiable_main	1378	0.14689108259918446	0.4701492193849217	0.4701492193849217	0.3232581367857372	0.0	0.44625
renegotiable_main	1379	0.29482486325381524	0.5106204356901884	0.5106204356901884	0.2157955724363732	0.0	0.36825
renegotiable_main	1380	0.18024230671595312	0.6490061726086409	0.6490061726086409	0.4687638658926878	0.0	0.44675
renegotiable_main	1381	-0.1685756997556256	0.4248342793150431	0.4248342793150431	0.5934099790706687	0.0	0.5525
renegotiable_main	1382	0.10669623577786438	0.5393765774737274	0.5393765774737274	0.432680341695863	0.0	0.46825
renegotiable_main	1383	0.11949326423375714	0.39810328681092594	0.39810328681092594	0.2786100225771688	0.0	0.43775
renegotiable_main	1384	-0.0700723005438858	0.3422037317159977	0.3422037317159977	0.4122760322598835	0.0	0.531
renegotiable_main	1385	-0.09217755825639158	0.27694084880467484	0.27694084880467484	0.3691184070610664	0.0	0.55175
renegotiable_main	1386	0.1805273257313637	0.4353739562199875	0.4353739562199875	0.25484663048862377	0.0	0.41525
renegotiable_main	1387	0.21170512565872457	0.5648889536152842	0.5648889536152842	0.35318382795655967	0.0	0.42425
renegotiable_main	1388	0.2771769830258027	0.54307974958724	0.54307974958724	0.26590276656143735	0.0	0.38075
renegotiable_main	1389	0.06551389489827833	0.3480244884724653	0.3480244884724653	0.28251059357418695	0.0	0.46825
renegotiable_main	1390	0.2012071069018223	0.4930578579602292	0.4930578579602292	0.2918507510584069	0.0	0.4145
renegotiable_main	1391	-0.20941522006768493	0.24509868317906308	0.24509868317906308	0.454513903246748	0.0	0.5935
renegotiable_main	1392	0.16489091071500303	0.5085960130869144	0.5085960130869144	0.3437051023719113	0.0	0.44275
renegotiable_main	1393	-0.14607591145493598	0.4618092811341744	0.4618092811341744	0.6078851925891104	0.0	0.543
renegotiable_main	1394	0.12932124431519135	0.5523900322253765	0.5523900322253765	0.4230687879101852	0.0	0.45875
renegotiable_main	1395	0.09340780727352076	0.5079666071683281	0.5079666071683281	0.4145587998948073	0.0	0.46975
renegotiable_main	1396	-0.1460743325969183	0.3846480650119947	0.3846480650119947	0.530722397608913	0.0	0.55525
renegotiable_main	1397	-0.23269250972677388	0.3083775663130663	0.3083775663130663	0.5410700760398401	0.0	0.592
renegotiable_main	1398	0.3918296745725843	0.672036434056483	0.672036434056483	0.28020675948389867	0.0	0.3645
renegotiable_main	1399	-0.23191381075910936	0.42725806270325206	0.42725806270325206	0.6591718734623614	0.0	0.57175
renegotiable_main	1400	0.05588950709266023	0.4060560607007517	0.4060560607007517	0.35016655360809146	0.0	0.484
renegotiable_main	1401	-0.0878120067713216	0.3357205071509854	0.3357205071509854	0.423532513922307	0.0	0.53475
renegotiable_main	1402	-0.11215299534041734	0.30697854739739483	0.30697854739739483	0.41913154273781217	0.0	0.54925
renegotiable_main	1403	0.17117771946537208	0.6122401332794614	0.6122401332794614	0.4410624138140893	0.0	0.4405
renegotiable_main	1404	-0.14339344334910648	0.30088123738426814	0.30088123738426814	0.4442746807333746	0.0	0.5565
renegotiable_main	1405	0.10812173474538504	0.38600656695052693	0.38600656695052693	0.2778848322051419	0.0	0.44825
renegotiable_main	1406	-0.029706763134091534	0.47173083384562686	0.47173083384562686	0.5014375969797183	0.0	0.50675
renegotiable_main	1407	-0.10649047467105044	0.46425071880901553	0.46425071880901553	0.5707411934800659	0.0	0.52925
renegotiable_main	1408	-0.12477641199937319	0.38278165585490453	0.38278165585490453	0.5075580678542777	0.0	0.55275
renegotiable_main	1409	0.29280327952365415	0.6690747674971567	0.6690747674971567	0.3762714879735025	0.0	0.41375
renegotiable_main	1410	-0.2498014630027564	0.41614418373299766	0.41614418373299766	0.6659456467357541	0.0	0.5685
renegotiable_main	1411	0.14314599274741574	0.567281060231286	0.567281060231286	0.42413506748387025	0.0	0.46225
renegotiable_main	1412	0.09763047783859898	0.4786792163885538	0.4786792163885538	0.38104873854995486	0.0	0.472
renegotiable_main	1413	-0.21519443803451738	0.4027841231144585	0.4027841231144585	0.6179785611489759	0.0	0.56425
renegotiable_main	1414	-0.19552881941373	0.25035244657275163	0.25035244657275163	0.4458812659864816	0.0	0.592
renegotiable_main	1415	0.037539150179197144	0.5252999178134058	0.5252999178134058	0.48776076763420867	0.0	0.49525
renegotiable_main	1416	0.22746081043605892	0.4357933747606618	0.4357933747606618	0.2083325643246029	0.0	0.3835
renegotiable_main	1417	-0.1668596570954209	0.22461091494542448	0.22461091494542448	0.39147057204084534	0.0	0.587
renegotiable_main	1418	0.18728355377870878	0.5466990756917439	0.5466990756917439	0.35941552191303516	0.0	0.43425
renegotiable_main	1419	0.2942830396296266	0.5857528357991332	0.5857528357991332	0.2914697961695066	0.0	0.38975
renegotiable_main	1420	0.1512861496992225	0.47528842551360867	0.47528842551360867	0.3240022758143862	0.0	0.441
renegotiable_main	1421	-0.21813680263644716	0.46020465064151406	0.46020465064151406	0.6783414532779612	0.0	0.56725
renegotiable_main	1422	0.22087320453318074	0.5384038151300529	0.5384038151300529	0.31753061059687215	0.0	0.41525
renegotiable_main	1423	0.16936896351456932	0.5473910066956141	0.5473910066956141	0.3780220431810448	0.0	0.4345
renegotiable_main	1424	0.16795369032357207	0.6453917839402914	0.6453917839402914	0.4774380936167193	0.0	0.4585
renegotiable_main	1425	-0.061872543721488336	0.4798867015477725	0.4798867015477725	0.5417592452692609	0.0	0.52225
renegotiable_main	1426	0.04436876548424965	0.4675750345999977	0.4675750345999977	0.42320626911574805	0.0	0.48375
renegotiable_main	1427	0.27660788084018884	0.5699272350152486	0.5699272350152486	0.2933193541750597	0.0	0.396
renegotiable_main	1428	0.03620600985136468	0.396597668041468	0.396597668041468	0.3603916581901033	0.0	0.4845
renegotiable_main	1429	-0.20576655316546988	0.35966742081841724	0.35966742081841724	0.5654339739838872	0.0	0.5705
renegotiable_main	1430	0.3137499197114413	0.7178585398459402	0.7178585398459402	0.4041086201344989	0.0	0.40825
renegotiable_main	1431	-0.11341886099057985	0.3132442200911005	0.3132442200911005	0.42666308108168033	0.0	0.54975
renegotiable_main	1432	0.24444207516705532	0.6595574867997333	0.6595574867997333	0.41511541163267796	0.0	0.428
renegotiable_main	1433	0.13716724495976768	0.42303998784122815	0.42303998784122815	0.2858727428814605	0.0	0.43825
renegotiable_main	1434	-0.09211109521176879	0.4405794737483035	0.4405794737483035	0.5326905689600723	0.0	0.5335
renegotiable_main	1435	0.14005240252607376	0.6133094088603828	0.6133094088603828	0.473257006334309	0.0	0.454
renegotiable_main	1436	0.27521080778920315	0.4658783356052657	0.4658783356052657	0.19066752781606255	0.0	0.36275
renegotiable_main	1437	0.24373138183784634	0.4504927783317192	0.4504927783317192	0.20676139649387285	0.0	0.378
renegotiable_main	1438	0.2526711245117465	0.5731974767533027	0.5731974767533027	0.3205263522415562	0.0	0.40425
renegotiable_main	1439	0.2594858968427531	0.6038699898961554	0.6038699898961554	0.3443840930534023	0.0	0.4135
renegotiable_main	1440	-0.17739075296194065	0.28551410369469643	0.28551410369469643	0.46290485665663705	0.0	0.574
renegotiable_main	1441	0.29949659244813326	0.5508828674625923	0.5508828674625923	0.25138627501445904	0.0	0.38075
renegotiable_main	1442	0.2810994093862697	0.5691797952105055	0.5691797952105055	0.28808038582423584	0.0	0.3995
renegotiable_main	1443	0.00997539923367312	0.4778341518689232	0.4778341518689232	0.46785875263525006	0.0	0.4975
renegotiable_main	1444	0.013441956765836545	0.5227856451934949	0.5227856451934949	0.5093436884276583	0.0	0.495
renegotiable_main	1445	0.19457906263577712	0.6348001556242256	0.6348001556242256	0.4402210929884485	0.0	0.451
renegotiable_main	1446	0.24689537004447976	0.6750792294745298	0.6750792294745298	0.42818385943005005	0.0	0.428
renegotiable_main	1447	0.007855000719239478	0.40795700203467994	0.40795700203467994	0.40010200131544044	0.0	0.5085
renegotiable_main	1448	0.025027206838473533	0.5700104326032062	0.5700104326032062	0.5449832257647327	0.0	0.49575
renegotiable_main	1449	0.29700058171863974	0.6171845736731245	0.6171845736731245	0.32018399195448477	0.0	0.39175
renegotiable_main	1450	0.066680914241141	0.337624920973382	0.337624920973382	0.27094400673224095	0.0	0.46375
renegotiable_main	1451	-0.02624828995177635	0.45846626399116325	0.45846626399116325	0.4847145539429396	0.0	0.51075
renegotiable_main	1452	0.157869313527767	0.555062166220791	0.555062166220791	0.39719285269302396	0.0	0.44125
renegotiable_main	1453	-0.13964160566311584	0.4111331670052084	0.4111331670052084	0.5507747726683243	0.0	0.5485
renegotiable_main	1454	-0.10191321635652141	0.49561438601704816	0.49561438601704816	0.5975276023735696	0.0	0.53325
renegotiable_main	1455	0.12084710715943474	0.628239052828876	0.628239052828876	0.5073919456694413	0.0	0.466
renegotiable_main	1456	0.2028302771211259	0.6280742527945259	0.6280742527945259	0.4252439756734	0.0	0.44175
renegotiable_main	1457	-0.010269117790981728	0.48629169505582787	0.48629169505582787	0.4965608128468096	0.0	0.5055
renegotiable_main	1458	0.27623832185741004	0.6722779443874828	0.6722779443874828	0.39603962253007274	0.0	0.42725
renegotiable_main	1459	0.3335437901946698	0.4900837435448625	0.4900837435448625	0.15653995335019272	0.0	0.3255
renegotiable_main	1460	-0.12216922276021897	0.259943162889677	0.259943162889677	0.38211238564989597	0.0	0.56325
renegotiable_main	1461	-0.032247377484818554	0.4105471002091601	0.4105471002091601	0.4427944776939786	0.0	0.512
renegotiable_main	1462	0.28265400630009324	0.6154902017763961	0.6154902017763961	0.3328361954763029	0.0	0.406
renegotiable_main	1463	-0.06589268111609423	0.2453955153013967	0.2453955153013967	0.31128819641749095	0.0	0.532
renegotiable_main	1464	0.23025771538917678	0.5663704532130385	0.5663704532130385	0.3361127378238617	0.0	0.42175
renegotiable_main	1465	-0.23069171294051957	0.43131240255438613	0.43131240255438613	0.6620041154949057	0.0	0.56325
renegotiable_main	1466	-0.09306420971198097	0.31813791771482025	0.31813791771482025	0.41120212742680123	0.0	0.53775
renegotiable_main	1467	-0.1888679323620118	0.4389645535676559	0.4389645535676559	0.6278324859296677	0.0	0.559
renegotiable_main	1468	-0.01429866216690738	0.533697265453062	0.533697265453062	0.5479959276199693	0.0	0.508
renegotiable_main	1469	-0.06502074025091303	0.3684787087624035	0.3684787087624035	0.43349944901331655	0.0	0.5215
renegotiable_main	1470	-0.013940717358634233	0.34360229349021654	0.34360229349021654	0.35754301084885076	0.0	0.50875
renegotiable_main	1471	-0.023852294442303253	0.49065042131563563	0.49065042131563563	0.5145027157579389	0.0	0.5105
renegotiable_main	1472	0.21420336256751	0.6576855666913753	0.6576855666913753	0.44348220412386535	0.0	0.437
renegotiable_main	1473	-0.11551116321038347	0.4327420417459988	0.4327420417459988	0.5482532049563823	0.0	0.53775
renegotiable_main	1474	-0.015227110863953825	0.433627957728203	0.433627957728203	0.44885506859215685	0.0	0.50625
renegotiable_main	1475	0.3274644996433073	0.5991263584945963	0.5991263584945963	0.27166185885128896	0.0	0.37475
renegotiable_main	1476	0.09576821004769763	0.5413502466920693	0.5413502466920693	0.4455820366443717	0.0	0.46775
renegotiable_main	1477	-0.06317255704872468	0.31455820101568543	0.31455820101568543	0.37773075806441014	0.0	0.5235
renegotiable_main	1478	0.27764213859552295	0.5762803167251682	0.5762803167251682	0.29863817812964527	0.0	0.3985
renegotiable_main	1479	0.3217758795039454	0.49253993607698304	0.49253993607698304	0.17076405657303767	0.0	0.32425
renegotiable_main	1480	0.23564870626069104	0.5261380386206486	0.5261380386206486	0.29048933235995755	0.0	0.41
renegotiable_main	1481	0.23701529382811848	0.45699710334100574	0.45699710334100574	0.21998180951288726	0.0	0.3875
renegotiable_main	1482	-0.018209131595724643	0.47624092499532633	0.47624092499532633	0.49445005659105096	0.0	0.505
renegotiable_main	1483	0.044921754486332906	0.4283504934507318	0.4283504934507318	0.3834287389643989	0.0	0.4875
renegotiable_main	1484	-0.17597187204826562	0.41859044736864176	0.41859044736864176	0.5945623194169074	0.0	0.5475
renegotiable_main	1485	0.16701323117678907	0.48078970438810653	0.48078970438810653	0.31377647321131746	0.0	0.43425
renegotiable_main	1486	0.2673366349000033	0.4612778752775295	0.4612778752775295	0.1939412403775262	0.0	0.3645
renegotiable_main	1487	-0.03454832557423262	0.4363385583929422	0.4363385583929422	0.4708868839671748	0.0	0.51675
renegotiable_main	1488	-0.017290600083293983	0.37290995070666894	0.37290995070666894	0.3902005507899629	0.0	0.504
renegotiable_main	1489	0.05010599041556476	0.5568382451063376	0.5568382451063376	0.5067322546907729	0.0	0.48025
renegotiable_main	1490	0.20648159879430467	0.5429264978296314	0.5429264978296314	0.33644489903532676	0.0	0.429
renegotiable_main	1491	0.26568803861030665	0.6170556515366659	0.6170556515366659	0.3513676129263592	0.0	0.41175
renegotiable_main	1492	-0.23441103779303746	0.2415405068282763	0.2415405068282763	0.4759515446213137	0.0	0.61
renegotiable_main	1493	0.23694219476182982	0.4386150905607053	0.4386150905607053	0.20167289579887548	0.0	0.3785
renegotiable_main	1494	0.2984058001943872	0.47121747597392616	0.47121747597392616	0.17281167577953893	0.0	0.34825
renegotiable_main	1495	0.22942350931439007	0.6442820117122452	0.6442820117122452	0.41485850239785516	0.0	0.422
renegotiable_main	1496	0.06542065857420046	0.5568047605288179	0.5568047605288179	0.49138410195461746	0.0	0.48975
renegotiable_main	1497	0.04572655187673723	0.34753508092645574	0.34753508092645574	0.3018085290497185	0.0	0.47625
renegotiable_main	1498	-0.14881031145651524	0.3901677833989155	0.3901677833989155	0.5389780948554308	0.0	0.546
renegotiable_main	1499	-0.06587952994417884	0.3895628486788704	0.3895628486788704	0.45544237862304926	0.0	0.5305
renegotiable_main	1500	-0.17015081878570226	0.3998991932338611	0.3998991932338611	0.5700500120195633	0.0	0.55475
renegotiable_main	1501	0.004443324808393513	0.3096466913230068	0.3096466913230068	0.30520336651461333	0.0	0.48775
renegotiable_main	1502	0.2895395608974569	0.5830021606183907	0.5830021606183907	0.2934625997209338	0.0	0.3875
renegotiable_main	1503	0.29722132157832004	0.6532600975522471	0.6532600975522471	0.3560387759739271	0.0	0.39775
renegotiable_main	1504	0.30525936290937133	0.6674078333231894	0.6674078333231894	0.3621484704138181	0.0	0.4055
renegotiable_main	1505	0.2311287305166892	0.6211079239352784	0.6211079239352784	0.38997919341858917	0.0	0.4265
renegotiable_main	1506	0.0782987698255334	0.46834338274384185	0.46834338274384185	0.39004461291830844	0.0	0.4745
renegotiable_main	1507	-0.0724250325552197	0.38668853027472966	0.38668853027472966	0.45911356282994936	0.0	0.5245
renegotiable_main	1508	0.342464460026403	0.5201914876864052	0.5201914876864052	0.1777270276600022	0.0	0.32225
renegotiable_main	1509	0.11619509587288752	0.340937522414044	0.340937522414044	0.2247424265411565	0.0	0.43
renegotiable_main	1510	-0.15456196392718158	0.3429085163237435	0.3429085163237435	0.49747048025092505	0.0	0.569
renegotiable_main	1511	0.14225568953144072	0.41334178235148294	0.41334178235148294	0.27108609282004226	0.0	0.428
renegotiable_main	1512	0.33436366022896774	0.5229681005593423	0.5229681005593423	0.18860444033037455	0.0	0.341
renegotiable_main	1513	-0.2176920464596601	0.21512023353156381	0.21512023353156381	0.4328122799912239	0.0	0.60625
renegotiable_main	1514	0.08477890340320458	0.3963765340718218	0.3963765340718218	0.3115976306686172	0.0	0.458
renegotiable_main	1515	0.17833506856538112	0.470105883295663	0.470105883295663	0.2917708147302819	0.0	0.42775
renegotiable_main	1516	0.3648522178130393	0.6221502218915469	0.6221502218915469	0.2572980040785076	0.0	0.3595
renegotiable_main	1517	0.06161438422318908	0.47063066000761267	0.47063066000761267	0.40901627578442357	0.0	0.4815
renegotiable_main	1518	-0.07139446275453858	0.310829150464803	0.310829150464803	0.38222361321934156	0.0	0.52875
renegotiable_main	1519	0.0504226456695839	0.49337603445521117	0.49337603445521117	0.4429533887856273	0.0	0.4865
renegotiable_main	1520	-0.08763351081704958	0.41219770870533445	0.41219770870533445	0.499831219522384	0.0	0.54375
renegotiable_main	1521	0.17282668775854457	0.4943027943229821	0.4943027943229821	0.3214761065644375	0.0	0.4295
renegotiable_main	1522	0.30446705768068544	0.6803864756703081	0.6803864756703081	0.37591941798962264	0.0	0.404
renegotiable_main	1523	-0.028983656197366328	0.5029021399980909	0.5029021399980909	0.5318857961954572	0.0	0.503
renegotiable_main	1524	-0.11082377829931607	0.31490859863800064	0.31490859863800064	0.4257323769373167	0.0	0.545
renegotiable_main	1525	0.19054862522264573	0.583071930844986	0.583071930844986	0.3925233056223403	0.0	0.43625
renegotiable_main	1526	0.17854360832101665	0.5854289170800137	0.5854289170800137	0.406885308758997	0.0	0.44475
renegotiable_main	1527	0.32143760821415457	0.475586546555454	0.475586546555454	0.15414893834129945	0.0	0.333
renegotiable_main	1528	-0.01935125226861831	0.39681157812999573	0.39681157812999573	0.41616283039861407	0.0	0.509
renegotiable_main	1529	-0.2478532255746925	0.4310832883162716	0.4310832883162716	0.6789365138909641	0.0	0.569
renegotiable_main	1530	0.008152240807593032	0.3332604600900135	0.3332604600900135	0.32510821928242045	0.0	0.494
renegotiable_main	1531	0.25311936850284134	0.4676332148566429	0.4676332148566429	0.21451384635380155	0.0	0.37475
renegotiable_main	1532	0.24707007007616497	0.6028080839187239	0.6028080839187239	0.3557380138425589	0.0	0.4125
renegotiable_main	1533	-0.038884099334565776	0.2637275512853345	0.2637275512853345	0.30261165061990025	0.0	0.52425
renegotiable_main	1534	0.35087757631535127	0.7197928751782036	0.7197928751782036	0.3689152988628523	0.0	0.39275
renegotiable_main	1535	0.059051127302092096	0.3934759756114945	0.3934759756114945	0.3344248483094024	0.0	0.47775
renegotiable_main	1536	-0.040424940668527184	0.47416988080978045	0.47416988080978045	0.5145948214783076	0.0	0.518
renegotiable_main	1537	0.21781266353161977	0.6320684375015961	0.6320684375015961	0.41425577396997637	0.0	0.4355
renegotiable_main	1538	0.14032564276298917	0.4675834024123123	0.4675834024123123	0.32725775964932313	0.0	0.4385
renegotiable_main	1539	0.23613079807427043	0.6079366137655174	0.6079366137655174	0.37180581569124704	0.0	0.42325
renegotiable_main	1540	-0.23697959554447284	0.24775409792431438	0.24775409792431438	0.48473369346878725	0.0	0.61525
renegotiable_main	1541	0.10462925955067176	0.39784913571263747	0.39784913571263747	0.2932198761619657	0.0	0.44625
renegotiable_main	1542	-0.23731239582969643	0.40209349013930995	0.40209349013930995	0.6394058859690064	0.0	0.56875
renegotiable_main	1543	0.24716490562363091	0.570507749414262	0.570507749414262	0.32334284379063105	0.0	0.40875
renegotiable_main	1544	0.00613650097355432	0.4200175630928943	0.4200175630928943	0.41388106211933995	0.0	0.5085
renegotiable_main	1545	0.002789239545395356	0.5222186313759514	0.5222186313759514	0.519429391830556	0.0	0.50525
renegotiable_main	1546	0.2607206624690445	0.5743844495800118	0.5743844495800118	0.31366378711096726	0.0	0.39625
renegotiable_main	1547	-0.10010524221980374	0.34027766804476867	0.34027766804476867	0.44038291026457244	0.0	0.53475
renegotiable_main	1548	0.15991299313700152	0.5655667552282544	0.5655667552282544	0.40565376209125287	0.0	0.442
renegotiable_main	1549	-0.12029017094017952	0.24896423492732092	0.24896423492732092	0.36925440586750047	0.0	0.56
renegotiable_main	1550	-0.0540706849600136	0.32040359203607216	0.32040359203607216	0.37447427699608576	0.0	0.5275
renegotiable_main	1551	0.3260012236564212	0.7305450090969684	0.7305450090969684	0.4045437854405472	0.0	0.407
renegotiable_main	1552	-0.2496321066953776	0.22454733954804276	0.22454733954804276	0.47417944624342034	0.0	0.618
renegotiable_main	1553	0.09659346535469363	0.3531889282923599	0.3531889282923599	0.25659546293766633	0.0	0.45175
renegotiable_main	1554	0.3627075093367389	0.7276017155994244	0.7276017155994244	0.36489420626268554	0.0	0.39025
renegotiable_main	1555	-0.06902722159345201	0.4919063348584244	0.4919063348584244	0.5609335564518764	0.0	0.51775
renegotiable_main	1556	0.030714358518552004	0.3985122172732561	0.3985122172732561	0.36779785875470405	0.0	0.4885
renegotiable_main	1557	-0.1418922653948857	0.33861210995033253	0.33861210995033253	0.4805043753452182	0.0	0.55725
renegotiable_main	1558	-0.17688013530171803	0.2581825664070168	0.2581825664070168	0.43506270170873484	0.0	0.5845
renegotiable_main	1559	0.3767626414599172	0.6749319293489254	0.6749319293489254	0.2981692878890082	0.0	0.37475
renegotiable_main	1560	0.3167681330344445	0.5870870672325877	0.5870870672325877	0.27031893419814323	0.0	0.37725
renegotiable_main	1561	-0.022105148844089928	0.5198465079740304	0.5198465079740304	0.5419516568181204	0.0	0.50625
renegotiable_main	1562	0.04503713876698643	0.31382132060085577	0.31382132060085577	0.2687841818338693	0.0	0.4795
renegotiable_main	1563	0.15613823924972764	0.4625741213820904	0.4625741213820904	0.3064358821323628	0.0	0.43725
renegotiable_main	1564	0.15859356925650422	0.4903411613099027	0.4903411613099027	0.33174759205339843	0.0	0.43825
renegotiable_main	1565	0.3107532882304886	0.7157139548383556	0.7157139548383556	0.40496066660786706	0.0	0.4075
renegotiable_main	1566	0.2352327738890128	0.6390044118673794	0.6390044118673794	0.4037716379783667	0.0	0.425
renegotiable_main	1567	0.3014414794799501	0.6000764971290204	0.6000764971290204	0.29863501764907036	0.0	0.382
renegotiable_main	1568	0.06325889893783303	0.33220272407183893	0.33220272407183893	0.2689438251340059	0.0	0.47075
renegotiable_main	1569	0.16103138891218288	0.6335367095673883	0.6335367095673883	0.4725053206552054	0.0	0.45325
renegotiable_main	1570	0.265387840387083	0.496514991013344	0.496514991013344	0.231127150626261	0.0	0.3785
renegotiable_main	1571	0.05600022587253134	0.4226034521633159	0.4226034521633159	0.36660322629078457	0.0	0.4755
renegotiable_main	1572	-0.22308440892175455	0.35899496911442996	0.35899496911442996	0.5820793780361845	0.0	0.58625
renegotiable_main	1573	-0.20835325036984184	0.31831108869501545	0.31831108869501545	0.5266643390648573	0.0	0.57325
renegotiable_main	1574	0.2521089328326751	0.5265834880053832	0.5265834880053832	0.27447455517270813	0.0	0.3945
renegotiable_main	1575	0.13907726123082978	0.42834598868634177	0.42834598868634177	0.289268727455512	0.0	0.44
renegotiable_main	1576	-0.19721702079098544	0.29278523661784595	0.29278523661784595	0.4900022574088314	0.0	0.58075
renegotiable_main	1577	0.026335231454498696	0.5223853454003601	0.5223853454003601	0.4960501139458614	0.0	0.49925
renegotiable_main	1578	-0.2442328428065768	0.33723721858051603	0.33723721858051603	0.5814700613870929	0.0	0.58475
renegotiable_main	1579	-0.13715572749995564	0.22605483758283798	0.22605483758283798	0.3632105650827936	0.0	0.57875
renegotiable_main	1580	0.27048208503103927	0.6533111057841025	0.6533111057841025	0.3828290207530632	0.0	0.4225
renegotiable_main	1581	-0.1470932242512987	0.45033239241480316	0.45033239241480316	0.5974256166661018	0.0	0.539
renegotiable_main	1582	0.08287476002670806	0.3998754787275094	0.3998754787275094	0.3170007187008013	0.0	0.46375
renegotiable_main	1583	0.34972164401400424	0.5091853598007327	0.5091853598007327	0.1594637157867284	0.0	0.3315
renegotiable_main	1584	-0.17956031205519404	0.27415566430737154	0.27415566430737154	0.45371597636256555	0.0	0.59125
renegotiable_main	1585	-0.0742128292198642	0.47729803278449795	0.47729803278449795	0.5515108620043622	0.0	0.52325
renegotiable_main	1586	-0.07430177642120514	0.39059738119071746	0.39059738119071746	0.4648991576119226	0.0	0.528
renegotiable_main	1587	0.20904911576253948	0.5382366095562595	0.5382366095562595	0.32918749379372003	0.0	0.4225
renegotiable_main	1588	-0.16727667382869466	0.3205115636490558	0.3205115636490558	0.48778823747775046	0.0	0.5565
renegotiable_main	1589	-0.19941004324405515	0.35121916137064185	0.35121916137064185	0.550629204614697	0.0	0.56975
renegotiable_main	1590	0.3345201997842801	0.6798896027446383	0.6798896027446383	0.3453694029603582	0.0	0.39125
renegotiable_main	1591	0.07609525823408993	0.45686807498414955	0.45686807498414955	0.38077281675005964	0.0	0.47
renegotiable_main	1592	0.23837350139352456	0.6757175636776018	0.6757175636776018	0.4373440622840773	0.0	0.42625
renegotiable_main	1593	0.07939713516883615	0.5013987804151584	0.5013987804151584	0.4220016452463222	0.0	0.4685
renegotiable_main	1594	-0.18308365751352368	0.27878282997427845	0.27878282997427845	0.4618664874878021	0.0	0.57275
renegotiable_main	1595	0.042595610214810134	0.3672746708642764	0.3672746708642764	0.3246790606494663	0.0	0.48275
renegotiable_main	1596	0.14043279367469255	0.5707496239281017	0.5707496239281017	0.43031683025340917	0.0	0.45425
renegotiable_main	1597	0.010587018858256688	0.3681000057738081	0.3681000057738081	0.3575129869155514	0.0	0.49325
renegotiable_main	1598	0.05559273804983316	0.5146638383926443	0.5146638383926443	0.4590711003428111	0.0	0.48375
renegotiable_main	1599	-0.1130979699799557	0.2446831301185331	0.2446831301185331	0.3577811000984888	0.0	0.55625
renegotiable_main	1600	-0.008686961913989107	0.38756665419333924	0.38756665419333924	0.39625361610732834	0.0	0.50625
renegotiable_main	1601	-0.08517697142398828	0.37929512403447224	0.37929512403447224	0.4644720954584605	0.0	0.53475
renegotiable_main	1602	-0.07820348491133149	0.34731813630722036	0.34731813630722036	0.42552162121855186	0.0	0.53175
renegotiable_main	1603	-0.23570176515750724	0.3039141515963764	0.3039141515963764	0.5396159167538837	0.0	0.585
renegotiable_main	1604	0.2004355723161041	0.5840070588650044	0.5840070588650044	0.3835714865489003	0.0	0.4325
renegotiable_main	1605	-0.16390490512066225	0.2913291509126665	0.2913291509126665	0.4552340560333287	0.0	0.56525
renegotiable_main	1606	0.3164556253837002	0.5710244151413622	0.5710244151413622	0.25456878975766195	0.0	0.36975
renegotiable_main	1607	0.12260625321439943	0.5278421754312963	0.5278421754312963	0.40523592221689686	0.0	0.44725
renegotiable_main	1608	0.17988816422909112	0.6497551973170053	0.6497551973170053	0.4698670330879141	0.0	0.4495
renegotiable_main	1609	0.15247069759621207	0.5061503913222346	0.5061503913222346	0.35367969372602254	0.0	0.44275
renegotiable_main	1610	-0.09809306548440125	0.3775682887572216	0.3775682887572216	0.4756613542416228	0.0	0.53875
renegotiable_main	1611	0.28175628472108766	0.5033408578741704	0.5033408578741704	0.22158457315308272	0.0	0.3765
renegotiable_main	1612	0.3245466278491333	0.7063109637857802	0.7063109637857802	0.3817643359366469	0.0	0.40275
renegotiable_main	1613	0.3330446622501134	0.5840881551015602	0.5840881551015602	0.2510434928514468	0.0	0.37225
renegotiable_main	1614	0.2113138801396206	0.5867955195571789	0.5867955195571789	0.3754816394175583	0.0	0.425
renegotiable_main	1615	-0.0120369920287851	0.5565118198942575	0.5565118198942575	0.5685488119230425	0.0	0.498
renegotiable_main	1616	0.168764100874569	0.4452065269752217	0.4452065269752217	0.27644242610065267	0.0	0.432
renegotiable_main	1617	-0.1126089694643107	0.26606339270077695	0.26606339270077695	0.37867236216508765	0.0	0.555
renegotiable_main	1618	0.1180044017005909	0.38040259149001465	0.38040259149001465	0.26239818978942375	0.0	0.4445
renegotiable_main	1619	0.14017502323096517	0.5487041179154706	0.5487041179154706	0.4085290946845054	0.0	0.45125
renegotiable_main	1620	-0.01785761164399558	0.4367482807539145	0.4367482807539145	0.45460589239791005	0.0	0.50125
renegotiable_main	1621	0.10020029533099822	0.53689448916308	0.53689448916308	0.4366941938320818	0.0	0.4635
renegotiable_main	1622	-0.0651600775787165	0.48829687471246375	0.48829687471246375	0.5534569522911803	0.0	0.5155
renegotiable_main	1623	0.13683568600983229	0.5804010062671277	0.5804010062671277	0.44356532025729534	0.0	0.46525
renegotiable_main	1624	0.25830441192806375	0.685403955297094	0.685403955297094	0.4270995433690302	0.0	0.4335
renegotiable_main	1625	0.1903529043869865	0.48750607969268817	0.48750607969268817	0.2971531753057017	0.0	0.41675
renegotiable_main	1626	0.04505901831123708	0.5626731284487361	0.5626731284487361	0.517614110137499	0.0	0.48275
renegotiable_main	1627	0.3452840842716179	0.6030733532149448	0.6030733532149448	0.25778926894332693	0.0	0.38
renegotiable_main	1628	0.12616605015592325	0.37652111104974934	0.37652111104974934	0.2503550608938261	0.0	0.4485
renegotiable_main	1629	0.14419999714833992	0.42909236187874544	0.42909236187874544	0.2848923647304055	0.0	0.43325
renegotiable_main	1630	0.26778999111630003	0.5573111249582223	0.5573111249582223	0.2895211338419223	0.0	0.3905
renegotiable_main	1631	0.0691802723323931	0.48899978506070535	0.48899978506070535	0.41981951272831225	0.0	0.473
renegotiable_main	1632	0.11739910049959527	0.43449548796848936	0.43449548796848936	0.31709638746889407	0.0	0.4505
renegotiable_main	1633	-0.15475363649692328	0.27205141124141674	0.27205141124141674	0.42680504773834005	0.0	0.5735
renegotiable_main	1634	0.3468519937795537	0.682727079577401	0.682727079577401	0.33587508579784725	0.0	0.3905
renegotiable_main	1635	-0.09681238929360654	0.2898781573156281	0.2898781573156281	0.38669054660923463	0.0	0.5455
renegotiable_main	1636	-0.10757805034426311	0.27085005910881005	0.27085005910881005	0.37842810945307315	0.0	0.5495
renegotiable_main	1637	0.01884699232144885	0.3736141123931692	0.3736141123931692	0.35476712007172034	0.0	0.49675
renegotiable_main	1638	0.031264064697016154	0.460471538937872	0.460471538937872	0.42920747424085587	0.0	0.4895
renegotiable_main	1639	-0.13962581669914573	0.3287795009351363	0.3287795009351363	0.46840531763428206	0.0	0.5535
renegotiable_main	1640	-0.15404320007641223	0.25998173811014635	0.25998173811014635	0.4140249381865586	0.0	0.57925
renegotiable_main	1641	0.1299163321681625	0.37710630660195854	0.37710630660195854	0.24718997443379603	0.0	0.43825
renegotiable_main	1642	-0.22110689998673583	0.3883266583132057	0.3883266583132057	0.6094335582999415	0.0	0.57825
renegotiable_main	1643	0.17627973196468996	0.46121115102853005	0.46121115102853005	0.2849314190638401	0.0	0.42775
renegotiable_main	1644	0.14161236642437364	0.36678340510757196	0.36678340510757196	0.22517103868319832	0.0	0.4225
renegotiable_main	1645	0.15059014880813265	0.4123109128913875	0.4123109128913875	0.26172076408325484	0.0	0.42425
renegotiable_main	1646	0.264341234207919	0.6328208424345021	0.6328208424345021	0.3684796082265831	0.0	0.42275
renegotiable_main	1647	0.08323765822707108	0.47248298757158147	0.47248298757158147	0.3892453293445104	0.0	0.46575
renegotiable_main	1648	0.09028535945767463	0.5504676791131676	0.5504676791131676	0.460182319655493	0.0	0.47575
renegotiable_main	1649	0.08183328298525828	0.33066199720398803	0.33066199720398803	0.24882871421872976	0.0	0.451
renegotiable_main	1650	0.29582757564267664	0.5948004117430674	0.5948004117430674	0.29897283610039077	0.0	0.39775
renegotiable_main	1651	-0.13596601572212197	0.40947547563361303	0.40947547563361303	0.545441491355735	0.0	0.5485
renegotiable_main	1652	-0.20943146861217488	0.22099927284911838	0.22099927284911838	0.43043074146129323	0.0	0.60225
renegotiable_main	1653	0.030450250324422938	0.42648895125024994	0.42648895125024994	0.396038700925827	0.0	0.48625
renegotiable_main	1654	-0.20953328449256273	0.3286426314209198	0.3286426314209198	0.5381759159134826	0.0	0.58625
renegotiable_main	1655	-0.06838157884980345	0.48133543864885214	0.48133543864885214	0.5497170174986556	0.0	0.517
renegotiable_main	1656	0.18251906476643562	0.5407438664675612	0.5407438664675612	0.3582248017011256	0.0	0.44325
renegotiable_main	1657	0.10196480144918306	0.48343735712142155	0.48343735712142155	0.3814725556722385	0.0	0.46075
renegotiable_main	1658	-0.2031059471225464	0.4283744431820628	0.4283744431820628	0.6314803903046092	0.0	0.55675
renegotiable_main	1659	-0.03053455687490007	0.4961881298675024	0.4961881298675024	0.5267226867424024	0.0	0.50875
renegotiable_main	1660	-0.0947193152746887	0.4441921959719607	0.4441921959719607	0.5389115112466494	0.0	0.52925
renegotiable_main	1661	0.10920178260311016	0.46295562801121537	0.46295562801121537	0.3537538454081052	0.0	0.45725
renegotiable_main	1662	-0.25524272680899435	0.38773854489204335	0.38773854489204335	0.6429812717010377	0.0	0.578
renegotiable_main	1663	-0.04285275969793665	0.33876814834213936	0.33876814834213936	0.38162090804007603	0.0	0.51825
renegotiable_main	1664	-0.08287422231582713	0.31960021811644423	0.31960021811644423	0.4024744404322714	0.0	0.53225
renegotiable_main	1665	-0.026118184163160352	0.36405484833919427	0.36405484833919427	0.39017303250235463	0.0	0.506
renegotiable_main	1666	-0.14545160100367	0.30984980080309016	0.30984980080309016	0.45530140180676015	0.0	0.56275
renegotiable_main	1667	0.18573789742675348	0.4925465182610082	0.4925465182610082	0.30680862083425475	0.0	0.42725
renegotiable_main	1668	0.3027168237033252	0.647691817650448	0.647691817650448	0.34497499394712283	0.0	0.40125
renegotiable_main	1669	0.36919841571399875	0.6041426680106246	0.6041426680106246	0.2349442522966258	0.0	0.3535
renegotiable_main	1670	-0.18172861189292036	0.3065098963534376	0.3065098963534376	0.48823850824635795	0.0	0.57525
renegotiable_main	1671	-0.20416139551877022	0.35309092793912955	0.35309092793912955	0.5572523234578998	0.0	0.57525
renegotiable_main	1672	-0.21498626533409493	0.38353809786108367	0.38353809786108367	0.5985243631951787	0.0	0.5735
renegotiable_main	1673	0.2844353602504223	0.5470659194541796	0.5470659194541796	0.2626305592037573	0.0	0.387
renegotiable_main	1674	0.05147822629429917	0.46752632661437815	0.46752632661437815	0.416048100320079	0.0	0.48125
renegotiable_main	1675	0.11046629731783136	0.44865818477079733	0.44865818477079733	0.33819188745296597	0.0	0.45425
renegotiable_main	1676	0.09151370327634904	0.5724679568476094	0.5724679568476094	0.48095425357126037	0.0	0.4705
renegotiable_main	1677	-0.06511348704517722	0.2828961014238789	0.2828961014238789	0.3480095884690561	0.0	0.54175
renegotiable_main	1678	0.3165692131248428	0.5096575956924244	0.5096575956924244	0.1930883825675816	0.0	0.34975
renegotiable_main	1679	0.017259802426221476	0.5357572381845593	0.5357572381845593	0.5184974357583378	0.0	0.4975
renegotiable_main	1680	0.06815506607297185	0.3604463284035983	0.3604463284035983	0.29229126233062647	0.0	0.4785
renegotiable_main	1681	-0.14773468050565866	0.2794318075251671	0.2794318075251671	0.4271664880308258	0.0	0.56025
renegotiable_main	1682	0.11454014115552162	0.5807441627575665	0.5807441627575665	0.4662040216020448	0.0	0.46625
renegotiable_main	1683	0.26100141178808306	0.5332767429577284	0.5332767429577284	0.27227533116964536	0.0	0.39975
renegotiable_main	1684	0.2165818871162616	0.574783470800881	0.574783470800881	0.3582015836846194	0.0	0.42325
renegotiable_main	1685	0.2764696205740213	0.5274002579176458	0.5274002579176458	0.2509306373436245	0.0	0.37475
renegotiable_main	1686	0.08612265465748274	0.4592114995879642	0.4592114995879642	0.37308884493048144	0.0	0.46525
renegotiable_main	1687	-0.023938166970228082	0.2917283402242266	0.2917283402242266	0.3156665071944547	0.0	0.50875
renegotiable_main	1688	-0.0358718939390517	0.5337689992100979	0.5337689992100979	0.5696408931491496	0.0	0.51025
renegotiable_main	1689	-0.005971734374118445	0.2861268303566883	0.2861268303566883	0.29209856473080675	0.0	0.505
renegotiable_main	1690	0.10794875443706888	0.4567898564291396	0.4567898564291396	0.34884110199207075	0.0	0.4565
renegotiable_main	1691	0.15838465053590015	0.4274115682479312	0.4274115682479312	0.269026917712031	0.0	0.41975
renegotiable_main	1692	-0.1744121559484467	0.34377251503355283	0.34377251503355283	0.5181846709819995	0.0	0.56675
renegotiable_main	1693	0.17661492113961155	0.49616050350348295	0.49616050350348295	0.3195455823638714	0.0	0.4255
renegotiable_main	1694	0.15168869972908056	0.542383342393171	0.542383342393171	0.39069464266409043	0.0	0.4465
renegotiable_main	1695	0.3385501310523581	0.4891493370433209	0.4891493370433209	0.15059920599096283	0.0	0.3175
renegotiable_main	1696	0.29829727399445105	0.6163353194986798	0.6163353194986798	0.31803804550422876	0.0	0.3855
renegotiable_main	1697	0.342105741244073	0.6479610619523912	0.6479610619523912	0.3058553207083182	0.0	0.38225
renegotiable_main	1698	0.18618354362456194	0.6115054964629342	0.6115054964629342	0.42532195283837226	0.0	0.4415
renegotiable_main	1699	0.08615825723347253	0.42931213571493837	0.42931213571493837	0.34315387848146583	0.0	0.46875
renegotiable_main	1700	-0.26970785055219176	0.39938759015973613	0.39938759015973613	0.6690954407119278	0.0	0.57675
renegotiable_main	1701	0.3287510349733358	0.6767428405097465	0.6767428405097465	0.34799180553641074	0.0	0.403
renegotiable_main	1702	0.08988600201625636	0.39651630352852896	0.39651630352852896	0.3066303015122726	0.0	0.46175
renegotiable_main	1703	-0.15777945762296838	0.24452420822538237	0.24452420822538237	0.40230366584835076	0.0	0.57475
renegotiable_main	1704	-0.10468369368593881	0.28264993888826917	0.28264993888826917	0.387333632574208	0.0	0.547
renegotiable_main	1705	-0.06863858970777281	0.5118453360367532	0.5118453360367532	0.580483925744526	0.0	0.51425
renegotiable_main	1706	-0.04484820886491056	0.4923740040973096	0.4923740040973096	0.5372222129622202	0.0	0.50975
renegotiable_main	1707	0.012863264496487774	0.2967251886963847	0.2967251886963847	0.2838619241998969	0.0	0.49875
renegotiable_main	1708	-0.16095117653775545	0.26777677790651033	0.26777677790651033	0.4287279544442658	0.0	0.57225
renegotiable_main	1709	0.018450929636179725	0.4745309488095688	0.4745309488095688	0.4560800191733891	0.0	0.499
renegotiable_main	1710	0.09792366680490018	0.45438725773943706	0.45438725773943706	0.3564635909345369	0.0	0.463
renegotiable_main	1711	-0.005217265252224985	0.4845477982534212	0.4845477982534212	0.4897650635056462	0.0	0.50925
renegotiable_main	1712	0.10487663895426416	0.41095415416410797	0.41095415416410797	0.30607751520984383	0.0	0.44675
renegotiable_main	1713	0.2807059427964345	0.5823989125850139	0.5823989125850139	0.30169296978857935	0.0	0.389
renegotiable_main	1714	-0.11322359409938924	0.4719307067145404	0.4719307067145404	0.5851543008139296	0.0	0.54575
renegotiable_main	1715	-0.2191602391553571	0.2029500021225567	0.2029500021225567	0.4221102412779138	0.0	0.6115
renegotiable_main	1716	-0.2361667014382281	0.30861468741185555	0.30861468741185555	0.5447813888500836	0.0	0.5845
renegotiable_main	1717	-0.16835401317886192	0.40425064591067994	0.40425064591067994	0.5726046590895418	0.0	0.558
renegotiable_main	1718	0.24539167121780914	0.4344410355184475	0.4344410355184475	0.18904936430063835	0.0	0.36625
renegotiable_main	1719	-0.25616519634767343	0.19758756789951815	0.19758756789951815	0.4537527642471916	0.0	0.639
renegotiable_main	1720	-0.07205850970812105	0.3887224304424733	0.3887224304424733	0.46078094015059434	0.0	0.52375
renegotiable_main	1721	0.3120801351969394	0.7010917937805794	0.7010917937805794	0.38901165858364	0.0	0.411
renegotiable_main	1722	0.3268554248073597	0.5122874383260256	0.5122874383260256	0.18543201351866595	0.0	0.34525
renegotiable_main	1723	0.3240124134192048	0.604555302119465	0.604555302119465	0.2805428887002602	0.0	0.387
renegotiable_main	1724	-0.17467838686183712	0.35248716320469614	0.35248716320469614	0.5271655500665333	0.0	0.562
renegotiable_main	1725	-0.24514649381893536	0.35769113865160396	0.35769113865160396	0.6028376324705393	0.0	0.58325
renegotiable_main	1726	0.24997597988799433	0.44267166509188455	0.44267166509188455	0.19269568520389022	0.0	0.37675
renegotiable_main	1727	0.22931359639688279	0.50816468597769	0.50816468597769	0.2788510895808073	0.0	0.4095
renegotiable_main	1728	-0.08353875845943554	0.3540056555509942	0.3540056555509942	0.43754441401042976	0.0	0.5355
renegotiable_main	1729	0.08256185127609217	0.3260765310234357	0.3260765310234357	0.24351467974734353	0.0	0.458
renegotiable_main	1730	-0.25326816197063823	0.3964232336924258	0.3964232336924258	0.6496913956630641	0.0	0.57425
renegotiable_main	1731	0.2221875153608771	0.5282756839912568	0.5282756839912568	0.3060881686303797	0.0	0.42
renegotiable_main	1732	0.28202130755166244	0.5976243284185003	0.5976243284185003	0.3156030208668379	0.0	0.3975
renegotiable_main	1733	-0.022563819455707786	0.5230287161591561	0.5230287161591561	0.5455925356148639	0.0	0.507
renegotiable_main	1734	0.26204909577623453	0.6306363095063944	0.6306363095063944	0.36858721373015985	0.0	0.424
renegotiable_main	1735	0.019697381924725973	0.3871292722086899	0.3871292722086899	0.36743189028396395	0.0	0.486
renegotiable_main	1736	0.2933752257547028	0.5310905599858954	0.5310905599858954	0.23771533423119257	0.0	0.369
renegotiable_main	1737	-0.05049393142076659	0.4155401619793029	0.4155401619793029	0.46603409340006946	0.0	0.52275
renegotiable_main	1738	-0.18747306606264327	0.30629324722136025	0.30629324722136025	0.49376631328400356	0.0	0.57775
renegotiable_main	1739	0.1975373258316976	0.6448504946130478	0.6448504946130478	0.4473131687813502	0.0	0.44075
renegotiable_main	1740	-0.1023836895219035	0.3712505006227565	0.3712505006227565	0.47363419014466	0.0	0.53475
renegotiable_main	1741	0.06677913459853076	0.49255414874167136	0.49255414874167136	0.4257750141431406	0.0	0.47575
renegotiable_main	1742	0.3121504265256935	0.5584215139053192	0.5584215139053192	0.24627108737962572	0.0	0.378
renegotiable_main	1743	0.04930143089637673	0.45434920426110953	0.45434920426110953	0.4050477733647328	0.0	0.48
renegotiable_main	1744	-0.22171122984144825	0.3566767812072169	0.3566767812072169	0.5783880110486652	0.0	0.58225
renegotiable_main	1745	0.09040578832509284	0.5439861128299258	0.5439861128299258	0.453580324504833	0.0	0.47975
renegotiable_main	1746	-0.026542341108954353	0.35329472378092075	0.35329472378092075	0.3798370648898751	0.0	0.50875
renegotiable_main	1747	-0.21684444045483064	0.19002505259791666	0.19002505259791666	0.40686949305274733	0.0	0.61575
renegotiable_main	1748	0.17274914024327773	0.38364524265937894	0.38364524265937894	0.2108961024161012	0.0	0.4085
renegotiable_main	1749	-0.24875972455717324	0.289089539260377	0.289089539260377	0.5378492638175503	0.0	0.592
renegotiable_main	1750	0.16621663672591364	0.4502549363839163	0.4502549363839163	0.28403829965800265	0.0	0.438
renegotiable_main	1751	0.14659701875508835	0.5784443202208669	0.5784443202208669	0.43184730146577854	0.0	0.45375
renegotiable_main	1752	-0.020601041931894003	0.46141125515110004	0.46141125515110004	0.48201229708299403	0.0	0.51275
renegotiable_main	1753	-0.02107092413283682	0.3879722665772661	0.3879722665772661	0.4090431907101029	0.0	0.51025
renegotiable_main	1754	-0.048290569035567645	0.3048641378651253	0.3048641378651253	0.35315470690069295	0.0	0.52175
renegotiable_main	1755	-0.22799070767420726	0.45010619727365575	0.45010619727365575	0.678096904947863	0.0	0.567
renegotiable_main	1756	0.22495530308849043	0.5862907924534502	0.5862907924534502	0.36133548936495974	0.0	0.4235
renegotiable_main	1757	0.1770965485098933	0.43478331154019384	0.43478331154019384	0.2576867630303006	0.0	0.41125
renegotiable_main	1758	-0.05831291529321012	0.3267730774776624	0.3267730774776624	0.3850859927708725	0.0	0.523
renegotiable_main	1759	0.19485897470746918	0.5907848549378477	0.5907848549378477	0.39592588023037856	0.0	0.43025
renegotiable_main	1760	0.07608821920910967	0.4061605902363908	0.4061605902363908	0.3300723710272811	0.0	0.45825
renegotiable_main	1761	-0.05685368754210928	0.4507513599915694	0.4507513599915694	0.5076050475336786	0.0	0.51575
renegotiable_main	1762	-0.0742288807071698	0.36623835634796204	0.36623835634796204	0.44046723705513185	0.0	0.52825
renegotiable_main	1763	-0.2433063470212927	0.2773830173287893	0.2773830173287893	0.520689364350082	0.0	0.602
renegotiable_main	1764	0.3246344852504064	0.5064289877466436	0.5064289877466436	0.1817945024962372	0.0	0.34375
renegotiable_main	1765	0.09615739126061384	0.388026345844659	0.388026345844659	0.29186895458404516	0.0	0.459
renegotiable_main	1766	-0.13602282830018347	0.48769461604504827	0.48769461604504827	0.6237174443452318	0.0	0.545
renegotiable_main	1767	-0.02357420523262382	0.5177646103427785	0.5177646103427785	0.5413388155754023	0.0	0.50325
renegotiable_main	1768	0.16721222270613192	0.42268927196912426	0.42268927196912426	0.2554770492629923	0.0	0.424
renegotiable_main	1769	0.032381679890865066	0.3133318035443417	0.3133318035443417	0.28095012365347666	0.0	0.481
renegotiable_main	1770	0.22066033740665325	0.5126685175777767	0.5126685175777767	0.2920081801711234	0.0	0.41175
renegotiable_main	1771	0.1466695108744433	0.5973259719529592	0.5973259719529592	0.4506564610785159	0.0	0.4535
renegotiable_main	1772	0.05849477704109119	0.5195563777095599	0.5195563777095599	0.4610616006684687	0.0	0.4845
renegotiable_main	1773	0.27757292259987465	0.5976970873619212	0.5976970873619212	0.3201241647620465	0.0	0.4
renegotiable_main	1774	0.30323636708996354	0.6038650066735288	0.6038650066735288	0.3006286395835653	0.0	0.39325
renegotiable_main	1775	0.11215664994500305	0.5437749813334524	0.5437749813334524	0.4316183313884493	0.0	0.464
renegotiable_main	1776	0.12098422834966324	0.37666709887225897	0.37666709887225897	0.25568287052259575	0.0	0.43575
renegotiable_main	1777	-0.06896148363885779	0.46789011288275006	0.46789011288275006	0.5368515965216079	0.0	0.52625
renegotiable_main	1778	0.008800963725933275	0.3295118252794682	0.3295118252794682	0.32071086155353495	0.0	0.497
renegotiable_main	1779	-0.06745503702831958	0.43472668670010867	0.43472668670010867	0.5021817237284283	0.0	0.51725
renegotiable_main	1780	-0.04327467818338154	0.5233504064892455	0.5233504064892455	0.5666250846726271	0.0	0.51625
renegotiable_main	1781	0.00043702788670787384	0.5457749483669354	0.5457749483669354	0.5453379204802276	0.0	0.5025
renegotiable_main	1782	0.16975721787281725	0.4334471221841451	0.4334471221841451	0.2636899043113279	0.0	0.425
renegotiable_main	1783	-0.07100471225933877	0.4176110252573908	0.4176110252573908	0.4886157375167296	0.0	0.52125
renegotiable_main	1784	-0.16086189637547188	0.3467430669819687	0.3467430669819687	0.5076049633574407	0.0	0.56125
renegotiable_main	1785	0.2910613277895494	0.5959749156341763	0.5959749156341763	0.30491358784462685	0.0	0.404
renegotiable_main	1786	-0.12465844929544072	0.41207748413796713	0.41207748413796713	0.5367359334334079	0.0	0.543
renegotiable_main	1787	-0.2318385943457214	0.37566926595021227	0.37566926595021227	0.6075078602959336	0.0	0.58075
renegotiable_main	1788	0.24046690283095606	0.6367649568746129	0.6367649568746129	0.3962980540436568	0.0	0.4185
renegotiable_main	1789	0.03397994432175121	0.361757023751873	0.361757023751873	0.3277770794301218	0.0	0.48925
renegotiable_main	1790	-0.05591517364488479	0.48644090759026565	0.48644090759026565	0.5423560812351504	0.0	0.51825
renegotiable_main	1791	-0.16009049953044652	0.22720676594479938	0.22720676594479938	0.3872972654752459	0.0	0.594
renegotiable_main	1792	0.1399065652018161	0.5341561449664721	0.5341561449664721	0.394249579764656	0.0	0.46075
renegotiable_main	1793	0.2510229442718385	0.4275827696957962	0.4275827696957962	0.1765598254239577	0.0	0.3695
renegotiable_main	1794	-0.10743482267704736	0.4192516188745825	0.4192516188745825	0.5266864415516299	0.0	0.547
renegotiable_main	1795	-0.0006131465637622889	0.35104037664187054	0.35104037664187054	0.3516535232056328	0.0	0.49925
renegotiable_main	1796	0.0010470398871500598	0.4938285464849491	0.4938285464849491	0.49278150659779907	0.0	0.49475
renegotiable_main	1797	0.2281268082843634	0.4629602862811297	0.4629602862811297	0.23483347799676627	0.0	0.39275
renegotiable_main	1798	-0.18070927462482358	0.32218142582224457	0.32218142582224457	0.5028907004470682	0.0	0.57025
renegotiable_main	1799	-0.19923197971232573	0.3968620220364368	0.3968620220364368	0.5960940017487625	0.0	0.56
renegotiable_main	1800	0.27426629106996114	0.7103069464580376	0.7103069464580376	0.43604065538807646	0.0	0.42725
renegotiable_main	1801	-0.09902936597836802	0.4519339077731796	0.4519339077731796	0.5509632737515476	0.0	0.5315
renegotiable_main	1802	-0.2552229981332302	0.4114218761829029	0.4114218761829029	0.6666448743161331	0.0	0.579
renegotiable_main	1803	0.2896273197922884	0.6058613809562728	0.6058613809562728	0.31623406116398445	0.0	0.3955
renegotiable_main	1804	0.21016878282000234	0.614884180359283	0.614884180359283	0.4047153975392807	0.0	0.4395
renegotiable_main	1805	0.3512661720139297	0.4904850620547768	0.4904850620547768	0.13921889004084714	0.0	0.3105
renegotiable_main	1806	0.06317657609653418	0.5436958309715075	0.5436958309715075	0.4805192548749734	0.0	0.4785
renegotiable_main	1807	0.19048693684433318	0.5831645321764406	0.5831645321764406	0.39267759533210744	0.0	0.43575
renegotiable_main	1808	-0.2162288752111551	0.42293037809698547	0.42293037809698547	0.6391592533081406	0.0	0.5685
renegotiable_main	1809	0.34531543268915366	0.7285343076939014	0.7285343076939014	0.3832188750047477	0.0	0.4035
renegotiable_main	1810	0.31260101531165685	0.5671155814918177	0.5671155814918177	0.2545145661801609	0.0	0.369
renegotiable_main	1811	-0.2232688348116094	0.3067977448165643	0.3067977448165643	0.5300665796281737	0.0	0.584
renegotiable_main	1812	0.32345499926376065	0.635895297571529	0.635895297571529	0.3124402983077683	0.0	0.3935
renegotiable_main	1813	-0.021441105539395645	0.3090818080311035	0.3090818080311035	0.3305229135704992	0.0	0.5145
renegotiable_main	1814	-0.09765350914985857	0.4766781188594068	0.4766781188594068	0.5743316280092654	0.0	0.5265
renegotiable_main	1815	0.2667711430122708	0.569894172975045	0.569894172975045	0.3031230299627742	0.0	0.392
renegotiable_main	1816	0.15505261083094882	0.3889928882445702	0.3889928882445702	0.23394027741362136	0.0	0.41575
renegotiable_main	1817	-0.17709404474168416	0.44912579834092003	0.44912579834092003	0.6262198430826043	0.0	0.55575
renegotiable_main	1818	0.1274973044284917	0.3731424600310395	0.3731424600310395	0.24564515560254782	0.0	0.43425
renegotiable_main	1819	0.19398301375013124	0.5234266846323834	0.5234266846323834	0.3294436708822521	0.0	0.4235
renegotiable_main	1820	0.3161012446481075	0.47520613903344344	0.47520613903344344	0.15910489438533593	0.0	0.3325
renegotiable_main	1821	-0.12959299820314749	0.3245731442103664	0.3245731442103664	0.45416614241351394	0.0	0.55525
renegotiable_main	1822	-0.21153480604856692	0.4362981032375776	0.4362981032375776	0.6478329092861446	0.0	0.5645
renegotiable_main	1823	0.11698188509769616	0.6204985010173535	0.6204985010173535	0.5035166159196574	0.0	0.47075
renegotiable_main	1824	0.17549651574511627	0.4880903073349515	0.4880903073349515	0.31259379158983525	0.0	0.43925
renegotiable_main	1825	0.17266334789296223	0.4200093325381457	0.4200093325381457	0.24734598464518348	0.0	0.41625
renegotiable_main	1826	0.20853477733505366	0.5817596422682354	0.5817596422682354	0.37322486493318174	0.0	0.4275
renegotiable_main	1827	0.10124128228370634	0.4240155870656237	0.4240155870656237	0.3227743047819174	0.0	0.45725
renegotiable_main	1828	-0.24705988452498104	0.3356614153438426	0.3356614153438426	0.5827212998688236	0.0	0.582
renegotiable_main	1829	0.12205028016622489	0.5311585071761631	0.5311585071761631	0.4091082270099382	0.0	0.4525
renegotiable_main	1830	-0.021351424049789167	0.2950225758032689	0.2950225758032689	0.3163739998530581	0.0	0.5225
renegotiable_main	1831	0.030856743853776222	0.559148417159144	0.559148417159144	0.5282916733053677	0.0	0.48775
renegotiable_main	1832	-0.10249167010420579	0.4543280254632981	0.4543280254632981	0.5568196955675039	0.0	0.53675
renegotiable_main	1833	-0.10492317396035586	0.2637548324453113	0.2637548324453113	0.36867800640566717	0.0	0.549
renegotiable_main	1834	-0.21931357683231353	0.23353754646415686	0.23353754646415686	0.45285112329647037	0.0	0.6065
renegotiable_main	1835	0.214523244104928	0.4092781778673742	0.4092781778673742	0.19475493376244618	0.0	0.38575
renegotiable_main	1836	-0.053739620940490986	0.27700683230674855	0.27700683230674855	0.33074645324723956	0.0	0.533
renegotiable_main	1837	-0.1727286061272563	0.2156230652359182	0.2156230652359182	0.3883516713631745	0.0	0.5995
renegotiable_main	1838	0.11873871280589428	0.5291222588612946	0.5291222588612946	0.41038354605540034	0.0	0.45575
renegotiable_main	1839	-0.18954041355629453	0.28040865486530414	0.28040865486530414	0.46994906842159867	0.0	0.578
renegotiable_main	1840	0.055691911651482795	0.5085718369032705	0.5085718369032705	0.45287992525178766	0.0	0.47125
renegotiable_main	1841	0.1067146133392129	0.42664293024897826	0.42664293024897826	0.31992831690976536	0.0	0.4515
renegotiable_main	1842	-0.08991507245747114	0.39876208747111175	0.39876208747111175	0.4886771599285829	0.0	0.5355
renegotiable_main	1843	-0.08460406480629187	0.3738505356778571	0.3738505356778571	0.458454600484149	0.0	0.533
renegotiable_main	1844	-0.04389511273190777	0.40110360064264455	0.40110360064264455	0.4449987133745523	0.0	0.514
renegotiable_main	1845	0.14264044982275448	0.4264298447192797	0.4264298447192797	0.2837893948965252	0.0	0.43975
renegotiable_main	1846	0.02358787313658361	0.4550304608470397	0.4550304608470397	0.43144258771045607	0.0	0.497
renegotiable_main	1847	0.2709348142390354	0.5693444631038517	0.5693444631038517	0.29840964886481625	0.0	0.39975
renegotiable_main	1848	0.18355327932326415	0.384460843560872	0.384460843560872	0.20090756423760786	0.0	0.406
renegotiable_main	1849	0.014107407837487885	0.5292249495155855	0.5292249495155855	0.5151175416780976	0.0	0.49375
renegotiable_main	1850	0.3125374162215208	0.5703061539488874	0.5703061539488874	0.2577687377273666	0.0	0.37725
renegotiable_main	1851	0.17155088549249023	0.5630125897389852	0.5630125897389852	0.39146170424649496	0.0	0.4395
renegotiable_main	1852	-0.11219813802371999	0.2943534506594033	0.2943534506594033	0.4065515886831233	0.0	0.54675
renegotiable_main	1853	-0.11083110820254094	0.4856325419924753	0.4856325419924753	0.5964636501950162	0.0	0.5325
renegotiable_main	1854	0.1382252349976811	0.5169110918722033	0.5169110918722033	0.37868585687452216	0.0	0.443
renegotiable_main	1855	0.23963316410398516	0.4774562145006831	0.4774562145006831	0.23782305039669793	0.0	0.391
renegotiable_main	1856	0.024338220888975064	0.4776708699191478	0.4776708699191478	0.45333264903017273	0.0	0.496
renegotiable_main	1857	0.3039659783481325	0.5883133868103646	0.5883133868103646	0.2843474084622321	0.0	0.383
renegotiable_main	1858	0.1470365059432932	0.4517731604902639	0.4517731604902639	0.3047366545469707	0.0	0.43575
renegotiable_main	1859	0.08682573467777153	0.4468641504213024	0.4468641504213024	0.36003841574353085	0.0	0.47075
renegotiable_main	1860	0.20960946994420646	0.4157442079973729	0.4157442079973729	0.20613473805316643	0.0	0.38875
renegotiable_main	1861	0.01614124174019355	0.4158966339880768	0.4158966339880768	0.39975539224788326	0.0	0.489
renegotiable_main	1862	-0.1896047066116513	0.3541567725021265	0.3541567725021265	0.5437614791137778	0.0	0.5695
renegotiable_main	1863	0.21816862599423054	0.4693268588988293	0.4693268588988293	0.25115823290459877	0.0	0.39975
renegotiable_main	1864	0.24085990122165105	0.4238518975673439	0.4238518975673439	0.18299199634569288	0.0	0.37225
renegotiable_main	1865	-0.06348204721407341	0.41644347588285996	0.41644347588285996	0.47992552309693337	0.0	0.52125
renegotiable_main	1866	0.32247113556340035	0.48470819229188816	0.48470819229188816	0.16223705672848782	0.0	0.335
renegotiable_main	1867	-0.02626630107200677	0.34408619088883713	0.34408619088883713	0.3703524919608439	0.0	0.50975
renegotiable_main	1868	-0.20609310523777455	0.40839716893740513	0.40839716893740513	0.6144902741751797	0.0	0.5625
renegotiable_main	1869	0.07936318018776792	0.4357827327895678	0.4357827327895678	0.3564195526017999	0.0	0.465
renegotiable_main	1870	0.26652953410962676	0.49461303596427786	0.49461303596427786	0.2280835018546511	0.0	0.38075
renegotiable_main	1871	-0.23156437505325542	0.295505526251372	0.295505526251372	0.5270699013046274	0.0	0.59
renegotiable_main	1872	0.03144277525941501	0.5618694485419272	0.5618694485419272	0.5304266732825123	0.0	0.4945
renegotiable_main	1873	-0.20652875929880088	0.3135060259780758	0.3135060259780758	0.5200347852768767	0.0	0.57975
renegotiable_main	1874	0.24884613026770386	0.5240642616192022	0.5240642616192022	0.2752181313514983	0.0	0.4055
renegotiable_main	1875	0.20008236319597592	0.6047311112847802	0.6047311112847802	0.40464874808880424	0.0	0.43325
renegotiable_main	1876	0.23293614803482723	0.4097758123380783	0.4097758123380783	0.17683966430325107	0.0	0.38025
renegotiable_main	1877	0.301162965576706	0.5646730263601892	0.5646730263601892	0.2635100607834832	0.0	0.37575
renegotiable_main	1878	0.1920598782884924	0.4154380584238096	0.4154380584238096	0.22337818013531718	0.0	0.406
renegotiable_main	1879	0.16415409169993822	0.41939322720898714	0.41939322720898714	0.2552391355090489	0.0	0.42225
renegotiable_main	1880	0.06824384257041703	0.48210598192295206	0.48210598192295206	0.413862139352535	0.0	0.47275
renegotiable_main	1881	0.2455548282859517	0.626787179876756	0.626787179876756	0.3812323515908043	0.0	0.42125
renegotiable_main	1882	0.23814730800319547	0.477324844993505	0.477324844993505	0.23917753699030955	0.0	0.394
renegotiable_main	1883	-0.06868904324059641	0.4531762955855703	0.4531762955855703	0.5218653388261667	0.0	0.5285
renegotiable_main	1884	0.2571795765526771	0.4564800805624462	0.4564800805624462	0.19930050400976912	0.0	0.36975
renegotiable_main	1885	0.15032559138398477	0.47659594220090074	0.47659594220090074	0.32627035081691597	0.0	0.43225
renegotiable_main	1886	-0.005515850442816228	0.31722249335840913	0.31722249335840913	0.32273834380122535	0.0	0.5055
renegotiable_main	1887	0.10839093711706686	0.5532488068941654	0.5532488068941654	0.44485786977709857	0.0	0.4665
renegotiable_main	1888	0.17953638631890975	0.5305496839540152	0.5305496839540152	0.35101329763510547	0.0	0.43025
renegotiable_main	1889	0.32578073075030567	0.7288071437494218	0.7288071437494218	0.4030264129991161	0.0	0.41725
renegotiable_main	1890	0.28098127751533736	0.593343636883548	0.593343636883548	0.3123623593682106	0.0	0.4045
renegotiable_main	1891	0.2904057031396038	0.5568523774827684	0.5568523774827684	0.2664466743431646	0.0	0.3935
renegotiable_main	1892	-0.0429549734780934	0.2816925566217658	0.2816925566217658	0.3246475300998592	0.0	0.52975
renegotiable_main	1893	0.2459252266122789	0.4624491440098607	0.4624491440098607	0.2165239173975818	0.0	0.37075
renegotiable_main	1894	0.08545345507745059	0.445311681494294	0.445311681494294	0.3598582264168434	0.0	0.47625
renegotiable_main	1895	-0.04723759434968153	0.32975288315540197	0.32975288315540197	0.3769904775050835	0.0	0.53675
renegotiable_main	1896	0.015794228389539814	0.4833592759141102	0.4833592759141102	0.4675650475245704	0.0	0.491
renegotiable_main	1897	0.01228987309232531	0.5123528991616461	0.5123528991616461	0.5000630260693207	0.0	0.5
renegotiable_main	1898	0.060785377796798094	0.4529325611171249	0.4529325611171249	0.3921471833203268	0.0	0.4785
renegotiable_main	1899	0.15501869139871757	0.4236100140502335	0.4236100140502335	0.268591322651516	0.0	0.42825
renegotiable_main	1900	-0.10347898514801156	0.2645356802027958	0.2645356802027958	0.36801466535080735	0.0	0.55425
renegotiable_main	1901	-0.07227414991096097	0.5039855860993803	0.5039855860993803	0.5762597360103412	0.0	0.517
renegotiable_main	1902	-0.20710509898351165	0.34202563880309683	0.34202563880309683	0.5491307377866085	0.0	0.587
renegotiable_main	1903	-0.2093353776668865	0.4101258004344784	0.4101258004344784	0.6194611781013649	0.0	0.566
renegotiable_main	1904	0.30356063298797825	0.507951749703052	0.507951749703052	0.20439111671507376	0.0	0.3535
renegotiable_main	1905	0.35055939041201456	0.6012368836589692	0.6012368836589692	0.25067749324695465	0.0	0.3595
renegotiable_main	1906	0.11406546887541424	0.36050475143238725	0.36050475143238725	0.246439282556973	0.0	0.44825
renegotiable_main	1907	0.29260082958092826	0.5274838282810481	0.5274838282810481	0.23488299870011986	0.0	0.37675
renegotiable_main	1908	-0.1385898921640124	0.3175516298633533	0.3175516298633533	0.4561415220273657	0.0	0.559
renegotiable_main	1909	-0.050966124288029546	0.513254945548023	0.513254945548023	0.5642210698360526	0.0	0.52025
renegotiable_main	1910	-0.19401953020931098	0.3028519818562503	0.3028519818562503	0.49687151206556124	0.0	0.57225
renegotiable_main	1911	0.11043330277832775	0.38355434806646305	0.38355434806646305	0.2731210452881353	0.0	0.45
renegotiable_main	1912	0.3040194322494793	0.5723225657891018	0.5723225657891018	0.2683031335396225	0.0	0.37725
renegotiable_main	1913	-0.3058711363317566	0.2882035946970973	0.2882035946970973	0.5940747310288539	0.0	0.62525
renegotiable_main	1914	-0.0802044154352938	0.31978521494677137	0.31978521494677137	0.39998963038206514	0.0	0.53625
renegotiable_main	1915	0.01648705559172833	0.31332106376324975	0.31332106376324975	0.29683400817152145	0.0	0.498
renegotiable_main	1916	-0.10990748576176906	0.39000770959278924	0.39000770959278924	0.4999151953545583	0.0	0.5385
renegotiable_main	1917	0.3247880712734892	0.6124322957365298	0.6124322957365298	0.2876442244630406	0.0	0.39325
renegotiable_main	1918	-0.1839051379765318	0.44325007290481827	0.44325007290481827	0.6271552108813501	0.0	0.558
renegotiable_main	1919	0.32737314350819235	0.6592523586348014	0.6592523586348014	0.331879215126609	0.0	0.39675
renegotiable_main	1920	-0.21267619394221943	0.45674650205969886	0.45674650205969886	0.6694226960019183	0.0	0.55125
renegotiable_main	1921	0.060213031843341785	0.5514131592139307	0.5514131592139307	0.49120012737058893	0.0	0.4855
renegotiable_main	1922	0.18347090985087017	0.6146410897142187	0.6146410897142187	0.43117017986334855	0.0	0.43525
renegotiable_main	1923	0.23317686797855083	0.49447697467527074	0.49447697467527074	0.2613001066967199	0.0	0.39475
renegotiable_main	1924	0.010586462729305104	0.5291630359642454	0.5291630359642454	0.5185765732349403	0.0	0.5005
renegotiable_main	1925	-0.2717342361773107	0.3181876593318933	0.3181876593318933	0.589921895509204	0.0	0.5965
renegotiable_main	1926	0.16619247832303097	0.5378146959716343	0.5378146959716343	0.37162221764860337	0.0	0.4445
renegotiable_main	1927	-0.16297473435916254	0.33492055073580507	0.33492055073580507	0.4978952850949676	0.0	0.5565
renegotiable_main	1928	0.2642668320261459	0.4637442815954271	0.4637442815954271	0.19947744956928115	0.0	0.37625
renegotiable_main	1929	-0.18496091322391214	0.23069823726181862	0.23069823726181862	0.41565915048573077	0.0	0.59425
renegotiable_main	1930	-0.2323450890242418	0.43201025524443404	0.43201025524443404	0.6643553442686758	0.0	0.5675
renegotiable_main	1931	0.2666393621638808	0.4512140810629602	0.4512140810629602	0.1845747188990794	0.0	0.36125
renegotiable_main	1932	0.10712213763751353	0.3589974252844261	0.3589974252844261	0.2518752876469125	0.0	0.44675
renegotiable_main	1933	0.06409901351941762	0.4228930340127856	0.4228930340127856	0.358794020493368	0.0	0.469
renegotiable_main	1934	0.1860149966931412	0.6240217059652264	0.6240217059652264	0.43800670927208524	0.0	0.4535
renegotiable_main	1935	0.15137107065944874	0.3801573833997148	0.3801573833997148	0.22878631274026603	0.0	0.42075
renegotiable_main	1936	-0.03893740186586876	0.28780760674459943	0.28780760674459943	0.3267450086104682	0.0	0.5235
renegotiable_main	1937	-0.12454169172942446	0.3159148981024962	0.3159148981024962	0.44045658983192065	0.0	0.548
renegotiable_main	1938	0.31974150943347707	0.7256609284304334	0.7256609284304334	0.4059194189969563	0.0	0.40875
renegotiable_main	1939	-0.07404347286407503	0.276778811951267	0.276778811951267	0.35082228481534206	0.0	0.53375
renegotiable_main	1940	0.2461786673995325	0.5064947492856292	0.5064947492856292	0.2603160818860967	0.0	0.3905
renegotiable_main	1941	-0.05437868982225111	0.3692316595804241	0.3692316595804241	0.42361034940267517	0.0	0.523
renegotiable_main	1942	-0.21135470028449446	0.21207772286951349	0.21207772286951349	0.423432423154008	0.0	0.60775
renegotiable_main	1943	-0.19759080087777345	0.252120446353555	0.252120446353555	0.4497112472313285	0.0	0.596
renegotiable_main	1944	0.08727477376856632	0.55423123063455	0.55423123063455	0.46695645686598375	0.0	0.4695
renegotiable_main	1945	0.1884918694882542	0.644038385936781	0.644038385936781	0.4555465164485268	0.0	0.43925
renegotiable_main	1946	-0.0042567342783895075	0.42392029101730344	0.42392029101730344	0.42817702529569296	0.0	0.5025
renegotiable_main	1947	0.25608377262607357	0.6471192058849984	0.6471192058849984	0.3910354332589248	0.0	0.42375
renegotiable_main	1948	-0.010674447902374913	0.35281420134103997	0.35281420134103997	0.3634886492434149	0.0	0.50925
renegotiable_main	1949	0.2936563827630162	0.5684407349295039	0.5684407349295039	0.27478435216648767	0.0	0.38575
renegotiable_main	1950	-0.19059114787830372	0.27226069956384974	0.27226069956384974	0.46285184744215346	0.0	0.57975
renegotiable_main	1951	-0.12676228869869463	0.3713382587863077	0.3713382587863077	0.4981005474850023	0.0	0.55
renegotiable_main	1952	-0.03664702389393948	0.36710526811803285	0.36710526811803285	0.4037522920119723	0.0	0.518
renegotiable_main	1953	-0.04603225492090727	0.530002774756551	0.530002774756551	0.5760350296774582	0.0	0.514
renegotiable_main	1954	-0.10036090554315105	0.46214108403095644	0.46214108403095644	0.5625019895741075	0.0	0.534
renegotiable_main	1955	-0.0493311649495623	0.30815272116869696	0.30815272116869696	0.35748388611825926	0.0	0.52775
renegotiable_main	1956	0.3025933681682126	0.6616550346709449	0.6616550346709449	0.3590616665027323	0.0	0.40575
renegotiable_main	1957	0.09383957739926492	0.34901080055669315	0.34901080055669315	0.25517122315742824	0.0	0.453
renegotiable_main	1958	-0.23697015020260895	0.370692732101498	0.370692732101498	0.6076628823041069	0.0	0.5805
renegotiable_main	1959	-0.1501156063005186	0.3107619372525337	0.3107619372525337	0.4608775435530523	0.0	0.55575
renegotiable_main	1960	0.14421093626546236	0.597177118459082	0.597177118459082	0.4529661821936196	0.0	0.4575
renegotiable_main	1961	-0.037370433321741885	0.26862447214496876	0.26862447214496876	0.30599490546671065	0.0	0.51675
renegotiable_main	1962	-0.15974119758005748	0.4651431937359153	0.4651431937359153	0.6248843913159727	0.0	0.54675
renegotiable_main	1963	-0.2088124673682893	0.37035715930702995	0.37035715930702995	0.5791696266753192	0.0	0.572
renegotiable_main	1964	-0.12876618583129468	0.26101345158746186	0.26101345158746186	0.38977963741875654	0.0	0.55675
renegotiable_main	1965	-0.1444378808539409	0.2849134233037294	0.2849134233037294	0.4293513041576703	0.0	0.576
renegotiable_main	1966	0.2627553531567934	0.6981309685814959	0.6981309685814959	0.43537561542470254	0.0	0.41975
renegotiable_main	1967	0.15961338148878382	0.4245114880409846	0.4245114880409846	0.2648981065522008	0.0	0.424
renegotiable_main	1968	0.03210068086867109	0.33007173917837185	0.33007173917837185	0.2979710583097008	0.0	0.4925
renegotiable_main	1969	0.2537647340323098	0.5751196609580336	0.5751196609580336	0.32135492692572376	0.0	0.4075
renegotiable_main	1970	0.02592286368437184	0.5092714796812842	0.5092714796812842	0.4833486159969123	0.0	0.497
renegotiable_main	1971	-0.23455652848274383	0.24569728255236428	0.24569728255236428	0.4802538110351081	0.0	0.606
renegotiable_main	1972	0.2463897073639868	0.6488326439837327	0.6488326439837327	0.40244293661974595	0.0	0.4225
renegotiable_main	1973	0.3248397697467784	0.5297028194937627	0.5297028194937627	0.20486304974698433	0.0	0.352
renegotiable_main	1974	-0.2154988851926612	0.4496378704181053	0.4496378704181053	0.6651367556107666	0.0	0.56725
renegotiable_main	1975	-0.10517509111521763	0.4237990197661362	0.4237990197661362	0.5289741108813538	0.0	0.53825
renegotiable_main	1976	0.20503456184399113	0.6451320513954675	0.6451320513954675	0.4400974895514763	0.0	0.44075
renegotiable_main	1977	0.3261821267433273	0.6248101055788489	0.6248101055788489	0.29862797883552156	0.0	0.37875
renegotiable_main	1978	0.22549971643662065	0.5345059662464142	0.5345059662464142	0.3090062498097936	0.0	0.41575
renegotiable_main	1979	0.30531558523425356	0.6154348979583422	0.6154348979583422	0.3101193127240886	0.0	0.3845
renegotiable_main	1980	-0.21800645018416528	0.31647781881381243	0.31647781881381243	0.5344842689979777	0.0	0.5755
renegotiable_main	1981	0.00932610433205175	0.530893810699322	0.530893810699322	0.5215677063672702	0.0	0.5055
renegotiable_main	1982	0.3481595811013134	0.6642472946926452	0.6642472946926452	0.3160877135913318	0.0	0.385
renegotiable_main	1983	0.3426298664240667	0.5214521314343069	0.5214521314343069	0.17882226501024023	0.0	0.334
renegotiable_main	1984	0.10286107247015192	0.3911809826095613	0.3911809826095613	0.2883199101394094	0.0	0.453
renegotiable_main	1985	-0.23650131230300384	0.22019814648246028	0.22019814648246028	0.45669945878546414	0.0	0.614
renegotiable_main	1986	0.22522483991814998	0.4156681998623979	0.4156681998623979	0.1904433599442479	0.0	0.3785
renegotiable_main	1987	0.15176641088890194	0.5610055535722754	0.5610055535722754	0.40923914268337347	0.0	0.4495
renegotiable_main	1988	0.3695477704287505	0.5693511774838004	0.5693511774838004	0.1998034070550499	0.0	0.344
renegotiable_main	1989	-0.05292743815138678	0.4333835123231817	0.4333835123231817	0.48631095047456846	0.0	0.518
renegotiable_main	1990	-0.032567691052426594	0.4782238753281919	0.4782238753281919	0.5107915663806185	0.0	0.51475
renegotiable_main	1991	-0.08090923689227145	0.33020873196724226	0.33020873196724226	0.4111179688595137	0.0	0.54175
renegotiable_main	1992	0.08244471072631382	0.3714697828274403	0.3714697828274403	0.2890250721011265	0.0	0.46825
renegotiable_main	1993	-0.17072350019194565	0.32343263260792005	0.32343263260792005	0.4941561327998657	0.0	0.57325
renegotiable_main	1994	-0.1267847605350558	0.39289314102519707	0.39289314102519707	0.5196779015602528	0.0	0.54925
renegotiable_main	1995	0.3328766370599507	0.5488383573145452	0.5488383573145452	0.21596172025459454	0.0	0.3565
renegotiable_main	1996	0.13506637090684762	0.6357183840903055	0.6357183840903055	0.5006520131834579	0.0	0.46125
renegotiable_main	1997	0.032740428025516154	0.5578793780109872	0.5578793780109872	0.5251389499854711	0.0	0.486
renegotiable_main	1998	0.24765501554080496	0.5241810583053339	0.5241810583053339	0.27652604276452897	0.0	0.3965
renegotiable_main	1999	0.22467558614071742	0.5259401173161438	0.5259401173161438	0.30126453117542634	0.0	0.411
renegotiable_main	2000	0.12633798840157734	0.5853436010701771	0.5853436010701771	0.4590056126685998	0.0	0.4605
renegotiable_main	2001	0.10870203293950774	0.40661186068546223	0.40661186068546223	0.2979098277459545	0.0	0.44125
renegotiable_main	2002	-0.042873329493167266	0.2730430213053259	0.2730430213053259	0.3159163507984931	0.0	0.52625
renegotiable_main	2003	0.31561611784190485	0.6580605648598841	0.6580605648598841	0.3424444470179792	0.0	0.39275
renegotiable_main	2004	0.2913241930860822	0.6433254141080581	0.6433254141080581	0.3520012210219759	0.0	0.412
renegotiable_main	2005	0.20998721239974708	0.6323811802815994	0.6323811802815994	0.42239396788185235	0.0	0.43875
renegotiable_main	2006	0.19892810714992254	0.4874074615433969	0.4874074615433969	0.2884793543934744	0.0	0.40825
renegotiable_main	2007	-0.018954293230036123	0.29864430314247203	0.29864430314247203	0.31759859637250815	0.0	0.5115
renegotiable_main	2008	-0.15576109077367414	0.3451623152086498	0.3451623152086498	0.500923405982324	0.0	0.56
renegotiable_main	2009	-0.11566215675365216	0.4390723953071527	0.4390723953071527	0.5547345520608049	0.0	0.533
renegotiable_main	2010	0.008648886493735056	0.43360343898461473	0.43360343898461473	0.42495455249087966	0.0	0.49725
renegotiable_main	2011	-0.10383216751889532	0.254908378099006	0.254908378099006	0.35874054561790136	0.0	0.56125
renegotiable_main	2012	0.02144313733708969	0.3041177127574282	0.3041177127574282	0.2826745754203385	0.0	0.489
renegotiable_main	2013	-0.15035227213115518	0.2193682730866243	0.2193682730866243	0.3697205452177795	0.0	0.5805
renegotiable_main	2014	0.041106032586189556	0.3450570057894422	0.3450570057894422	0.30395097320325265	0.0	0.484
renegotiable_main	2015	-0.04357005577262801	0.2624848099716852	0.2624848099716852	0.30605486574431323	0.0	0.52975
renegotiable_main	2016	-0.16801146184825833	0.2850493288917154	0.2850493288917154	0.45306079073997374	0.0	0.57225
renegotiable_main	2017	-0.15557396381337635	0.4403659983569403	0.4403659983569403	0.5959399621703166	0.0	0.54775
renegotiable_main	2018	0.03855555330612479	0.3378355970616162	0.3378355970616162	0.2992800437554914	0.0	0.484
renegotiable_main	2019	-0.06447272444387744	0.27391821972851843	0.27391821972851843	0.3383909441723959	0.0	0.5285
renegotiable_main	2020	-0.10594415898207636	0.377212568217857	0.377212568217857	0.48315672719993336	0.0	0.53875
renegotiable_main	2021	-0.025326202430523744	0.4316954041628353	0.4316954041628353	0.45702160659335905	0.0	0.511
renegotiable_main	2022	0.04203686989333046	0.3624059086554596	0.3624059086554596	0.32036903876212913	0.0	0.4805
renegotiable_main	2023	-0.07794427409831126	0.38994082866444146	0.38994082866444146	0.46788510276275275	0.0	0.53
renegotiable_main	2024	-0.045717808195785664	0.323818652778182	0.323818652778182	0.36953646097396764	0.0	0.5225
renegotiable_main	2025	0.2723173101428991	0.6918405701091583	0.6918405701091583	0.4195232599662592	0.0	0.42325
renegotiable_main	2026	-0.22741580538346567	0.30613595709149705	0.30613595709149705	0.5335517624749627	0.0	0.58575
renegotiable_main	2027	0.29515438107084635	0.6395024020355868	0.6395024020355868	0.3443480209647405	0.0	0.398
renegotiable_main	2028	-0.14731305710409054	0.4131874006174829	0.4131874006174829	0.5605004577215734	0.0	0.55175
renegotiable_main	2029	0.011131552557716912	0.49086414324018784	0.49086414324018784	0.4797325906824709	0.0	0.4975
renegotiable_main	2030	0.16569562423700354	0.5558431519766622	0.5558431519766622	0.39014752773965866	0.0	0.4425
renegotiable_main	2031	-0.23534209196034486	0.3527036363337902	0.3527036363337902	0.588045728294135	0.0	0.57425
renegotiable_main	2032	0.05583708522187843	0.5771543648012837	0.5771543648012837	0.5213172795794052	0.0	0.48475
renegotiable_main	2033	0.07595486601609888	0.5955679989511382	0.5955679989511382	0.5196131329350393	0.0	0.48325
renegotiable_main	2034	0.21821909517614818	0.6524692219430992	0.6524692219430992	0.434250126766951	0.0	0.42925
renegotiable_main	2035	0.1943392877647145	0.538648484574836	0.538648484574836	0.3443091968101215	0.0	0.4265
renegotiable_main	2036	0.3112837237057415	0.6049848522907972	0.6049848522907972	0.29370112858505576	0.0	0.38825
renegotiable_main	2037	0.14195057706444114	0.4027871936158714	0.4027871936158714	0.26083661655143026	0.0	0.427
renegotiable_main	2038	0.2883322678816903	0.4948978255662272	0.4948978255662272	0.20656555768453688	0.0	0.36575
renegotiable_main	2039	0.182169382745983	0.5470381196468286	0.5470381196468286	0.3648687369008456	0.0	0.43275
renegotiable_main	2040	0.20990965346770615	0.6149918467503112	0.6149918467503112	0.405082193282605	0.0	0.4275
renegotiable_main	2041	0.1706116478655893	0.543585085934097	0.543585085934097	0.37297343806850775	0.0	0.44
renegotiable_main	2042	-0.12150911244499633	0.3711389415099578	0.3711389415099578	0.49264805395495415	0.0	0.55575
renegotiable_main	2043	0.29840371482042943	0.6311827328082863	0.6311827328082863	0.33277901798785686	0.0	0.391
renegotiable_main	2044	0.12127826858296269	0.42573742236104545	0.42573742236104545	0.30445915377808275	0.0	0.45575
renegotiable_main	2045	0.2043636809184722	0.4342633932552212	0.4342633932552212	0.22989971233674897	0.0	0.39375
renegotiable_main	2046	-0.2124629327399336	0.293778966008172	0.293778966008172	0.5062418987481057	0.0	0.58575
renegotiable_main	2047	0.23428368045325002	0.4219764771918223	0.4219764771918223	0.18769279673857228	0.0	0.3645
renegotiable_main	2048	0.056945240013045	0.3378017668662565	0.3378017668662565	0.2808565268532115	0.0	0.47575
renegotiable_main	2049	-0.14445572320905062	0.35268663684225254	0.35268663684225254	0.4971423600513032	0.0	0.55425
renegotiable_main	2050	0.17666586546347118	0.39388696008156343	0.39388696008156343	0.21722109461809225	0.0	0.39925
renegotiable_main	2051	0.20439162153194204	0.5497507443615284	0.5497507443615284	0.34535912282958636	0.0	0.428
renegotiable_main	2052	-0.23034402241410004	0.24027589503486027	0.24027589503486027	0.4706199174489603	0.0	0.6045
renegotiable_main	2053	-0.055922310107319406	0.28677638037537484	0.28677638037537484	0.34269869048269425	0.0	0.52725
renegotiable_main	2054	0.35571248254739407	0.49222706081958406	0.49222706081958406	0.13651457827219	0.0	0.30875
renegotiable_main	2055	0.27747864700829955	0.6577049817302146	0.6577049817302146	0.3802263347219151	0.0	0.4145
renegotiable_main	2056	0.22544389382914512	0.4555288723594657	0.4555288723594657	0.2300849785303206	0.0	0.39525
renegotiable_main	2057	0.14431595967305358	0.40692206437199596	0.40692206437199596	0.2626061046989424	0.0	0.43325
renegotiable_main	2058	0.11982131928713817	0.5385946514558825	0.5385946514558825	0.4187733321687443	0.0	0.469
renegotiable_main	2059	-0.23767884801594027	0.31058154488351736	0.31058154488351736	0.5482603928994576	0.0	0.585
renegotiable_main	2060	0.3168854108926724	0.7211259337360286	0.7211259337360286	0.4042405228433562	0.0	0.404
renegotiable_main	2061	-0.06023831468143743	0.31208737894349703	0.31208737894349703	0.37232569362493445	0.0	0.52475
renegotiable_main	2062	0.06854474145310366	0.5745663533593104	0.5745663533593104	0.5060216119062068	0.0	0.4815
renegotiable_main	2063	0.02979900787102823	0.40180108692600675	0.40180108692600675	0.3720020790549785	0.0	0.48775
renegotiable_main	2064	0.16684494900688845	0.4249634817640587	0.4249634817640587	0.2581185327571702	0.0	0.41775
renegotiable_main	2065	0.03542179336260489	0.3223700898006389	0.3223700898006389	0.28694829643803405	0.0	0.48225
renegotiable_main	2066	0.16704682327751452	0.6507668764757999	0.6507668764757999	0.48372005319828537	0.0	0.44675
renegotiable_main	2067	0.321985571058846	0.7161731312377981	0.7161731312377981	0.3941875601789521	0.0	0.40625
renegotiable_main	2068	-0.0016291188033434345	0.3823223827529763	0.3823223827529763	0.38395150155631974	0.0	0.497
renegotiable_main	2069	0.21006616846918347	0.4329970668057249	0.4329970668057249	0.22293089833654145	0.0	0.393
renegotiable_main	2070	0.03257618312239842	0.4064871458166521	0.4064871458166521	0.37391096269425367	0.0	0.4935
renegotiable_main	2071	-0.20876203317503747	0.3425215673306775	0.3425215673306775	0.551283600505715	0.0	0.5815
renegotiable_main	2072	0.16645259084220998	0.4735590544904793	0.4735590544904793	0.3071064636482693	0.0	0.43625
renegotiable_main	2073	-0.1998648958921861	0.3285901669238055	0.3285901669238055	0.5284550628159916	0.0	0.57525
renegotiable_main	2074	-0.17220701488688445	0.3037256394644035	0.3037256394644035	0.47593265435128795	0.0	0.573
renegotiable_main	2075	-0.1243210626180748	0.36428245727533304	0.36428245727533304	0.48860351989340783	0.0	0.5485
renegotiable_main	2076	0.07750081381650639	0.5672226828910314	0.5672226828910314	0.489721869074525	0.0	0.4785
renegotiable_main	2077	0.030128957837314178	0.513423042155479	0.513423042155479	0.4832940843181648	0.0	0.489
renegotiable_main	2078	0.003598439528459236	0.45552205089444103	0.45552205089444103	0.4519236113659818	0.0	0.492
renegotiable_main	2079	-0.2184131082834052	0.41359088669234007	0.41359088669234007	0.6320039949757452	0.0	0.55975
renegotiable_main	2080	-0.12143948256545017	0.335115767844502	0.335115767844502	0.45655525040995215	0.0	0.54525
renegotiable_main	2081	-0.13055286868881397	0.280243093716022	0.280243093716022	0.41079596240483596	0.0	0.55925
renegotiable_main	2082	-0.08684029359072429	0.450853904465976	0.450853904465976	0.5376941980567003	0.0	0.53025
renegotiable_main	2083	0.22934326920785833	0.625118604273775	0.625118604273775	0.39577533506591667	0.0	0.43025
renegotiable_main	2084	0.07532885942412787	0.5611016561432312	0.5611016561432312	0.4857727967191033	0.0	0.47925
renegotiable_main	2085	0.27087457089521716	0.6279104534481478	0.6279104534481478	0.3570358825529306	0.0	0.41475
renegotiable_main	2086	-0.048076501925385304	0.2951139172342451	0.2951139172342451	0.34319041915963044	0.0	0.5235
renegotiable_main	2087	0.07504823592626143	0.4617118997314492	0.4617118997314492	0.3866636638051878	0.0	0.4735
renegotiable_main	2088	-0.04047386774627047	0.32879189787800783	0.32879189787800783	0.3692657656242783	0.0	0.52275
renegotiable_main	2089	0.3352333188612615	0.6893959876902114	0.6893959876902114	0.35416266882894987	0.0	0.401
renegotiable_main	2090	0.12377856643879886	0.4515732243794855	0.4515732243794855	0.32779465794068663	0.0	0.44675
renegotiable_main	2091	0.2636932289339269	0.6888899185805921	0.6888899185805921	0.42519668964666524	0.0	0.42
renegotiable_main	2092	0.11277835735155045	0.5354621731050476	0.5354621731050476	0.42268381575349717	0.0	0.46125
renegotiable_main	2093	0.3027883701356619	0.5842228036094869	0.5842228036094869	0.28143443347382496	0.0	0.38625
renegotiable_main	2094	0.31530328173200894	0.5120605637289175	0.5120605637289175	0.19675728199690856	0.0	0.3605
renegotiable_main	2095	0.2354225473904632	0.6058726606224464	0.6058726606224464	0.3704501132319832	0.0	0.42275
renegotiable_main	2096	0.024824607352373476	0.44860515068950013	0.44860515068950013	0.42378054333712667	0.0	0.4915
renegotiable_main	2097	-0.12239556118953061	0.2978351362306221	0.2978351362306221	0.4202306974201527	0.0	0.55175
renegotiable_main	2098	-0.006749516578097466	0.5384756811057879	0.5384756811057879	0.5452251976838853	0.0	0.505
renegotiable_main	2099	0.03251259796021817	0.5470240075735584	0.5470240075735584	0.5145114096133402	0.0	0.49675
renegotiable_main	2100	0.0666405588026223	0.5086586886087994	0.5086586886087994	0.44201812980617705	0.0	0.4765
renegotiable_main	2101	0.30471131216114283	0.46415555999220043	0.46415555999220043	0.1594442478310576	0.0	0.3355
renegotiable_main	2102	-0.04822143629770989	0.40356687150596177	0.40356687150596177	0.45178830780367163	0.0	0.51375
renegotiable_main	2103	0.07296998545662815	0.3207114349684989	0.3207114349684989	0.24774144951187077	0.0	0.4555
renegotiable_main	2104	0.16755496317526306	0.44372348230473063	0.44372348230473063	0.2761685191294676	0.0	0.42375
renegotiable_main	2105	0.3332629400710416	0.5265205252126912	0.5265205252126912	0.1932575851416496	0.0	0.346
renegotiable_main	2106	-0.07211623488691418	0.37033433039612784	0.37033433039612784	0.44245056528304205	0.0	0.52625
renegotiable_main	2107	0.32541925122379994	0.6688057394553011	0.6688057394553011	0.34338648823150114	0.0	0.397
renegotiable_main	2108	0.32719864877465704	0.5964517999202991	0.5964517999202991	0.269253151145642	0.0	0.375
renegotiable_main	2109	0.012024261142817896	0.4810827668638552	0.4810827668638552	0.4690585057210373	0.0	0.49725
renegotiable_main	2110	0.3272050934355575	0.6328793578587156	0.6328793578587156	0.30567426442315815	0.0	0.38575
renegotiable_main	2111	-0.16264685930493344	0.4109570554347034	0.4109570554347034	0.5736039147396368	0.0	0.54925
renegotiable_main	2112	-0.13315469764785123	0.28624519939838433	0.28624519939838433	0.4193998970462356	0.0	0.55775
renegotiable_main	2113	0.1371106298231839	0.3804688801770961	0.3804688801770961	0.24335825035391223	0.0	0.43425
renegotiable_main	2114	-0.19364002523952817	0.299480065145513	0.299480065145513	0.4931200903850412	0.0	0.58575
renegotiable_main	2115	-6.413702819807732e-05	0.5122908716306508	0.5122908716306508	0.5123550086588489	0.0	0.49925
renegotiable_main	2116	0.26992053451641745	0.6888493259865183	0.6888493259865183	0.4189287914701008	0.0	0.4235
renegotiable_main	2117	0.1862695127056934	0.5828401162620068	0.5828401162620068	0.39657060355631346	0.0	0.44
renegotiable_main	2118	0.06879787308864391	0.5853493943792318	0.5853493943792318	0.5165515212905879	0.0	0.4795
renegotiable_main	2119	0.004425511756055721	0.40027298337463496	0.40027298337463496	0.39584747161857925	0.0	0.4935
renegotiable_main	2120	-0.008564475256187537	0.2846262056854124	0.2846262056854124	0.29319068094159995	0.0	0.49925
renegotiable_main	2121	-0.1958168734511334	0.2783878699309655	0.2783878699309655	0.4742047433820989	0.0	0.58575
renegotiable_main	2122	0.19188379517404913	0.5584503432979685	0.5584503432979685	0.36656654812391937	0.0	0.434
renegotiable_main	2123	-0.017032614001080845	0.5035316649778455	0.5035316649778455	0.5205642789789263	0.0	0.50025
renegotiable_main	2124	-0.07137334727779057	0.38422472549001396	0.38422472549001396	0.4555980727678045	0.0	0.5185
renegotiable_main	2125	-0.015698839151169708	0.5226784012914978	0.5226784012914978	0.5383772404426674	0.0	0.509
renegotiable_main	2126	0.15513328000582532	0.6261620800095602	0.6261620800095602	0.47102880000373487	0.0	0.453
renegotiable_main	2127	-0.07733252003420568	0.4902641621179307	0.4902641621179307	0.5675966821521364	0.0	0.521
renegotiable_main	2128	-0.12680757347390634	0.31919698560409737	0.31919698560409737	0.44600455907800374	0.0	0.55675
renegotiable_main	2129	0.3052805465444508	0.5946405330143885	0.5946405330143885	0.28935998646993766	0.0	0.38425
renegotiable_main	2130	-0.21197116331039573	0.430315900396843	0.430315900396843	0.6422870637072386	0.0	0.56475
renegotiable_main	2131	0.23411917698941595	0.5354258236845854	0.5354258236845854	0.3013066466951694	0.0	0.41075
renegotiable_main	2132	0.23184669257227733	0.46059678401908444	0.46059678401908444	0.2287500914468071	0.0	0.39575
renegotiable_main	2133	0.041371552805254765	0.3908951381523488	0.3908951381523488	0.349523585347094	0.0	0.486
renegotiable_main	2134	0.15789484965958575	0.3984229733943006	0.3984229733943006	0.24052812373471485	0.0	0.425
renegotiable_main	2135	-0.1672955251202733	0.3598413173001851	0.3598413173001851	0.5271368424204583	0.0	0.5655
renegotiable_main	2136	0.11486448925640869	0.3780834283976165	0.3780834283976165	0.2632189391412078	0.0	0.4445
renegotiable_main	2137	0.1847456348280225	0.41533426937246226	0.41533426937246226	0.23058863454443976	0.0	0.40225
renegotiable_main	2138	0.08225131460830622	0.42997895862613666	0.42997895862613666	0.34772764401783046	0.0	0.4615
renegotiable_main	2139	-0.14705761217777275	0.4561552719715368	0.4561552719715368	0.6032128841493096	0.0	0.549
renegotiable_main	2140	-0.18325233876989688	0.2367188334092727	0.2367188334092727	0.41997117217916957	0.0	0.593
renegotiable_main	2141	-0.20577935376669046	0.24130980150786455	0.24130980150786455	0.447089155274555	0.0	0.58525
renegotiable_main	2142	0.23484661938835466	0.5003321561620757	0.5003321561620757	0.26548553677372105	0.0	0.4025
renegotiable_main	2143	0.245221357355029	0.5021696809482284	0.5021696809482284	0.2569483235931994	0.0	0.39475
renegotiable_main	2144	0.12684658580768954	0.363622124992374	0.363622124992374	0.23677553918468447	0.0	0.416
renegotiable_main	2145	0.244782764064649	0.5079780538619786	0.5079780538619786	0.2631952897973296	0.0	0.398
renegotiable_main	2146	-0.038810804638284846	0.36930572774569376	0.36930572774569376	0.4081165323839786	0.0	0.5125
renegotiable_main	2147	-0.17069928802270404	0.23839714564571318	0.23839714564571318	0.4090964336684172	0.0	0.5835
renegotiable_main	2148	0.14291013351959764	0.5713254296777414	0.5713254296777414	0.4284152961581437	0.0	0.454
renegotiable_main	2149	-0.13961812689618017	0.4607073486503999	0.4607073486503999	0.6003254755465801	0.0	0.545
renegotiable_main	2150	-0.14165454513222916	0.4238528451185415	0.4238528451185415	0.5655073902507707	0.0	0.5505
renegotiable_main	2151	0.24998373679105163	0.44363569400687847	0.44363569400687847	0.19365195721582684	0.0	0.37325
renegotiable_main	2152	0.0072701139100381056	0.2869051928346322	0.2869051928346322	0.27963507892459405	0.0	0.4965
renegotiable_main	2153	-0.1631753617207598	0.3099406817534731	0.3099406817534731	0.4731160434742329	0.0	0.56025
renegotiable_main	2154	0.15306763836468007	0.4365704081335828	0.4365704081335828	0.2835027697689027	0.0	0.427
renegotiable_main	2155	-0.14152504987181097	0.38267212726229777	0.38267212726229777	0.5241971771341087	0.0	0.55225
renegotiable_main	2156	0.12590646959491705	0.632387707640001	0.632387707640001	0.5064812380450839	0.0	0.46125
renegotiable_main	2157	0.293374929206685	0.6727798901440215	0.6727798901440215	0.3794049609373365	0.0	0.4005
renegotiable_main	2158	0.03746345964953093	0.38438169678894696	0.38438169678894696	0.34691823713941605	0.0	0.47625
renegotiable_main	2159	0.03301316247084826	0.5393102469023033	0.5393102469023033	0.506297084431455	0.0	0.47875
renegotiable_main	2160	0.15235646768210104	0.6200622687379264	0.6200622687379264	0.4677058010558253	0.0	0.4595
renegotiable_main	2161	-0.07839200277310104	0.46443975407378096	0.46443975407378096	0.542831756846882	0.0	0.52225
renegotiable_main	2162	-0.19308894480832545	0.4276548572886127	0.4276548572886127	0.6207438020969381	0.0	0.561
renegotiable_main	2163	0.12206846331193924	0.34994031638707424	0.34994031638707424	0.227871853075135	0.0	0.4265
renegotiable_main	2164	0.0016396211051197458	0.3153216517412128	0.3153216517412128	0.31368203063609307	0.0	0.49125
renegotiable_main	2165	0.21419220803657396	0.5972584666963625	0.5972584666963625	0.38306625865978855	0.0	0.42525
renegotiable_main	2166	-0.2019462604853402	0.35688842771359497	0.35688842771359497	0.5588346881989352	0.0	0.56825
renegotiable_main	2167	-0.13287052255443296	0.3448321659638293	0.3448321659638293	0.47770268851826225	0.0	0.56275
renegotiable_main	2168	0.2537926223278084	0.5188213086115816	0.5188213086115816	0.2650286862837732	0.0	0.3895
renegotiable_main	2169	-0.146026078155262	0.40890517591254855	0.40890517591254855	0.5549312540678105	0.0	0.547
renegotiable_main	2170	0.26658180447973934	0.5359761796970056	0.5359761796970056	0.2693943752172663	0.0	0.3935
renegotiable_main	2171	0.025251557666160874	0.35406267253939927	0.35406267253939927	0.3288111148732384	0.0	0.47825
renegotiable_main	2172	0.06669071659262626	0.384963351807823	0.384963351807823	0.3182726352151967	0.0	0.46775
renegotiable_main	2173	0.10937306000633285	0.4734400558240387	0.4734400558240387	0.36406699581770585	0.0	0.459
renegotiable_main	2174	-0.16263871362712887	0.26593000362041325	0.26593000362041325	0.4285687172475421	0.0	0.57325
renegotiable_main	2175	0.15973748386135442	0.5636330589760189	0.5636330589760189	0.40389557511466445	0.0	0.448
renegotiable_main	2176	0.2652755790722805	0.5614922677661971	0.5614922677661971	0.2962166886939166	0.0	0.4005
renegotiable_main	2177	0.21288184067404478	0.6051731807981623	0.6051731807981623	0.3922913401241175	0.0	0.4265
renegotiable_main	2178	0.2302668548243311	0.5682179576481681	0.5682179576481681	0.337951102823837	0.0	0.41625
renegotiable_main	2179	-0.008712119001995255	0.4616390249478026	0.4616390249478026	0.4703511439497979	0.0	0.499
renegotiable_main	2180	0.051775918178144274	0.3377984189365318	0.3377984189365318	0.28602250075838753	0.0	0.469
renegotiable_main	2181	0.03631395538736467	0.4753590431054396	0.4753590431054396	0.43904508771807493	0.0	0.49125
renegotiable_main	2182	0.16989393380452208	0.4886736114372466	0.4886736114372466	0.3187796776327245	0.0	0.42975
renegotiable_main	2183	0.3342635317717923	0.5281298272350137	0.5281298272350137	0.19386629546322137	0.0	0.34675
renegotiable_main	2184	-0.13440744669683174	0.43639231989261795	0.43639231989261795	0.5707997665894498	0.0	0.54475
renegotiable_main	2185	0.02573051701730103	0.32210805913946605	0.32210805913946605	0.29637754212216505	0.0	0.4955
renegotiable_main	2186	0.010589417105024939	0.41886823265504497	0.41886823265504497	0.40827881555002005	0.0	0.494
renegotiable_main	2187	0.09060675966922277	0.40749262911818845	0.40749262911818845	0.3168858694489657	0.0	0.45825
renegotiable_main	2188	0.32595958900552574	0.5698606034167976	0.5698606034167976	0.24390101441127182	0.0	0.375
renegotiable_main	2189	0.14239339537695975	0.5708234719808636	0.5708234719808636	0.42843007660390386	0.0	0.45725
renegotiable_main	2190	0.031894054219466304	0.46389185023459606	0.46389185023459606	0.4319977960151298	0.0	0.491
renegotiable_main	2191	0.2493222082312049	0.4325075853282599	0.4325075853282599	0.18318537709705499	0.0	0.364
renegotiable_main	2192	0.027848530204623332	0.5076671945562777	0.5076671945562777	0.4798186643516544	0.0	0.48375
renegotiable_main	2193	0.313007630732453	0.511072183583435	0.511072183583435	0.19806455285098196	0.0	0.35525
renegotiable_main	2194	0.09494252081928915	0.559785812172185	0.559785812172185	0.46484329135289587	0.0	0.4605
renegotiable_main	2195	0.2335722009572532	0.60593313520518	0.60593313520518	0.3723609342479268	0.0	0.42625
renegotiable_main	2196	-0.2359723140748112	0.24973122862081698	0.24973122862081698	0.4857035426956282	0.0	0.61375
renegotiable_main	2197	0.34634466530778624	0.5439595245353652	0.5439595245353652	0.197614859227579	0.0	0.329
renegotiable_main	2198	0.35178913219646424	0.5233776527043288	0.5233776527043288	0.17158852050786455	0.0	0.332
renegotiable_main	2199	0.3007181477409058	0.46621693608888104	0.46621693608888104	0.16549878834797527	0.0	0.344
irreversible_control	0	0.18031066139890597	0.18031066139890597	0.18031066139890597	0.0	0.0	0.0
irreversible_control	1	0.040699016300281624	0.040699016300281624	0.040699016300281624	0.0	0.0	0.0
irreversible_control	2	-0.21476136634789383	-0.21476136634789383	-0.21476136634789383	0.0	0.0	0.0
irreversible_control	3	0.2858971304942945	0.2858971304942945	0.2858971304942945	0.0	0.0	0.0
irreversible_control	4	-0.1554782291727937	-0.15538998552051794	-0.15538998552051794	8.824365227574904e-05	0.0	0.00025
irreversible_control	5	0.2295429859751713	0.2295429859751713	0.2295429859751713	0.0	0.0	0.0
irreversible_control	6	-0.09321257792732598	-0.09321257792732598	-0.09321257792732598	0.0	0.0	0.0
irreversible_control	7	-0.1841380566146771	-0.1841380566146771	-0.1841380566146771	0.0	0.0	0.0
irreversible_control	8	-0.0153641784830621	-0.0153641784830621	-0.0153641784830621	0.0	0.0	0.0
irreversible_control	9	0.01030132685617656	0.01030132685617656	0.01030132685617656	0.0	0.0	0.0
irreversible_control	10	0.021380118103442577	0.021380118103442577	0.021380118103442577	0.0	0.0	0.0
irreversible_control	11	0.11302186170423215	0.11302186170423215	0.11302186170423215	0.0	0.0	0.0
irreversible_control	12	0.14192355530842138	0.14192355530842138	0.14192355530842138	0.0	0.0	0.0
irreversible_control	13	-0.15462384960119693	-0.15462384960119693	-0.15462384960119693	0.0	0.0	0.0
irreversible_control	14	-0.13104089264457686	-0.13099578249078525	-0.13099578249078525	4.5110153791605434e-05	0.0	0.00025
irreversible_control	15	0.2657662178800872	0.2657662178800872	0.2657662178800872	0.0	0.0	0.0
irreversible_control	16	0.19919061964532228	0.19919061964532228	0.19919061964532228	0.0	0.0	0.0
irreversible_control	17	0.22169287030890472	0.22169287030890472	0.22169287030890472	0.0	0.0	0.0
irreversible_control	18	0.18155658676632008	0.18155658676632008	0.18155658676632008	0.0	0.0	0.0
irreversible_control	19	0.27345967241786456	0.27345967241786456	0.27345967241786456	0.0	0.0	0.0
irreversible_control	20	-0.19865834023259255	-0.19865834023259255	-0.19865834023259255	0.0	0.0	0.0
irreversible_control	21	0.2604092035451238	0.2604092035451238	0.2604092035451238	0.0	0.0	0.0
irreversible_control	22	0.03962002866369135	0.03962002866369135	0.03962002866369135	0.0	0.0	0.0
irreversible_control	23	0.3144912615443809	0.3144912615443809	0.3144912615443809	0.0	0.0	0.0
irreversible_control	24	0.29211337089916223	0.29211337089916223	0.29211337089916223	0.0	0.0	0.0
irreversible_control	25	0.08830531423368837	0.08830531423368837	0.08830531423368837	0.0	0.0	0.0
irreversible_control	26	0.12193286506572244	0.12193286506572244	0.12193286506572244	0.0	0.0	0.0
irreversible_control	27	-0.004164323911693749	-0.003993953073780318	-0.003993953073780318	0.0001703708379134309	0.0	0.0005
irreversible_control	28	0.25677601441865827	0.25677601441865827	0.25677601441865827	0.0	0.0	0.0
irreversible_control	29	-0.05045739924071514	-0.05045739924071514	-0.05045739924071514	0.0	0.0	0.0
irreversible_control	30	-0.04744583901727715	-0.04744583901727715	-0.04744583901727715	0.0	0.0	0.0
irreversible_control	31	0.2706652287119726	0.2706652287119726	0.2706652287119726	0.0	0.0	0.0
irreversible_control	32	-0.200465883688581	-0.200465883688581	-0.200465883688581	0.0	0.0	0.0
irreversible_control	33	0.1844791440858338	0.1844791440858338	0.1844791440858338	0.0	0.0	0.0
irreversible_control	34	0.23165670093295218	0.23165670093295218	0.23165670093295218	0.0	0.0	0.0
irreversible_control	35	0.0965211011167155	0.0965211011167155	0.0965211011167155	0.0	0.0	0.0
irreversible_control	36	0.30786478231074266	0.30786478231074266	0.30786478231074266	0.0	0.0	0.0
irreversible_control	37	0.07733785376700733	0.07733785376700733	0.07733785376700733	0.0	0.0	0.0
irreversible_control	38	-0.10091087668628483	-0.10091087668628483	-0.10091087668628483	0.0	0.0	0.0
irreversible_control	39	-0.25177942066861275	-0.25177942066861275	-0.25177942066861275	0.0	0.0	0.0
irreversible_control	40	-0.2140580787932189	-0.2140580787932189	-0.2140580787932189	0.0	0.0	0.0
irreversible_control	41	0.05888167634042714	0.05888167634042714	0.05888167634042714	0.0	0.0	0.0
irreversible_control	42	-0.038665494006730285	-0.038665494006730285	-0.038665494006730285	0.0	0.0	0.0
irreversible_control	43	0.2792343744973385	0.2792343744973385	0.2792343744973385	0.0	0.0	0.0
irreversible_control	44	-0.2929923198183259	-0.2929051130854095	-0.2929051130854095	8.720673291640058e-05	0.0	0.00025
irreversible_control	45	0.1547609228017587	0.1547609228017587	0.1547609228017587	0.0	0.0	0.0
irreversible_control	46	0.16757300198795338	0.16757300198795338	0.16757300198795338	0.0	0.0	0.0
irreversible_control	47	0.028128805531503168	0.028128805531503168	0.028128805531503168	0.0	0.0	0.0
irreversible_control	48	0.23221576033722632	0.23221576033722632	0.23221576033722632	0.0	0.0	0.0
irreversible_control	49	-0.1418489633030498	-0.1418489633030498	-0.1418489633030498	0.0	0.0	0.0
irreversible_control	50	0.03263305577530516	0.03263305577530516	0.03263305577530516	0.0	0.0	0.0
irreversible_control	51	-0.12480995877665427	-0.12480995877665427	-0.12480995877665427	0.0	0.0	0.0
irreversible_control	52	0.0842800514508887	0.0842800514508887	0.0842800514508887	0.0	0.0	0.0
irreversible_control	53	0.07699306359033116	0.07699306359033116	0.07699306359033116	0.0	0.0	0.0
irreversible_control	54	0.20258397166374464	0.20258397166374464	0.20258397166374464	0.0	0.0	0.0
irreversible_control	55	-0.1830026901599861	-0.1830026901599861	-0.1830026901599861	0.0	0.0	0.0
irreversible_control	56	0.22168612249461528	0.22168612249461528	0.22168612249461528	0.0	0.0	0.0
irreversible_control	57	-0.07617478398342876	-0.07617478398342876	-0.07617478398342876	0.0	0.0	0.0
irreversible_control	58	0.15917726167479554	0.15917726167479554	0.15917726167479554	0.0	0.0	0.0
irreversible_control	59	0.05751268713642264	0.05751268713642264	0.05751268713642264	0.0	0.0	0.0
irreversible_control	60	0.1305831364438376	0.1305831364438376	0.1305831364438376	0.0	0.0	0.0
irreversible_control	61	0.1834319537030409	0.1834319537030409	0.1834319537030409	0.0	0.0	0.0
irreversible_control	62	0.2767451525447989	0.2767451525447989	0.2767451525447989	0.0	0.0	0.0
irreversible_control	63	0.2399361381194198	0.2399361381194198	0.2399361381194198	0.0	0.0	0.0
irreversible_control	64	0.05511486846921087	0.05511486846921087	0.05511486846921087	0.0	0.0	0.0
irreversible_control	65	0.11701524730393946	0.11701524730393946	0.11701524730393946	0.0	0.0	0.0
irreversible_control	66	0.23010518900842292	0.23010518900842292	0.23010518900842292	0.0	0.0	0.0
irreversible_control	67	0.06644726947198097	0.06644726947198097	0.06644726947198097	0.0	0.0	0.0
irreversible_control	68	0.019059486253789275	0.019059486253789275	0.019059486253789275	0.0	0.0	0.0
irreversible_control	69	0.28776891885334444	0.28776891885334444	0.28776891885334444	0.0	0.0	0.0
irreversible_control	70	0.1082067072046946	0.1082067072046946	0.1082067072046946	0.0	0.0	0.0
irreversible_control	71	0.1776965018160217	0.1776965018160217	0.1776965018160217	0.0	0.0	0.0
irreversible_control	72	-0.11983426015102537	-0.11983426015102537	-0.11983426015102537	0.0	0.0	0.0
irreversible_control	73	0.22431770103039272	0.22431770103039272	0.22431770103039272	0.0	0.0	0.0
irreversible_control	74	-0.2374394247424097	-0.2374394247424097	-0.2374394247424097	0.0	0.0	0.0
irreversible_control	75	0.29231306681094393	0.29231306681094393	0.29231306681094393	0.0	0.0	0.0
irreversible_control	76	-0.004613585560602484	-0.004613585560602484	-0.004613585560602484	0.0	0.0	0.0
irreversible_control	77	-0.11216936926015263	-0.11216936926015263	-0.11216936926015263	0.0	0.0	0.0
irreversible_control	78	0.21523470753613463	0.21523470753613463	0.21523470753613463	0.0	0.0	0.0
irreversible_control	79	-0.07427258330615207	-0.07427258330615207	-0.07427258330615207	0.0	0.0	0.0
irreversible_control	80	-0.2306456484092209	-0.2306456484092209	-0.2306456484092209	0.0	0.0	0.0
irreversible_control	81	-0.2071382171428386	-0.2071382171428386	-0.2071382171428386	0.0	0.0	0.0
irreversible_control	82	0.23635801087103814	0.23635801087103814	0.23635801087103814	0.0	0.0	0.0
irreversible_control	83	-0.010437116432614888	-0.010437116432614888	-0.010437116432614888	0.0	0.0	0.0
irreversible_control	84	0.17357510731037357	0.17357510731037357	0.17357510731037357	0.0	0.0	0.0
irreversible_control	85	-0.13578313537047323	-0.13578313537047323	-0.13578313537047323	0.0	0.0	0.0
irreversible_control	86	0.018389464875824723	0.018389464875824723	0.018389464875824723	0.0	0.0	0.0
irreversible_control	87	-0.18757986798765247	-0.18757986798765247	-0.18757986798765247	0.0	0.0	0.0
irreversible_control	88	0.32135863273729875	0.32135863273729875	0.32135863273729875	0.0	0.0	0.0
irreversible_control	89	-0.13523562639521725	-0.13523562639521725	-0.13523562639521725	0.0	0.0	0.0
irreversible_control	90	-0.14923739605068437	-0.14923739605068437	-0.14923739605068437	0.0	0.0	0.0
irreversible_control	91	0.09605996786558953	0.09605996786558953	0.09605996786558953	0.0	0.0	0.0
irreversible_control	92	0.05586380335985489	0.05586380335985489	0.05586380335985489	0.0	0.0	0.0
irreversible_control	93	-0.2039574133888928	-0.2039574133888928	-0.2039574133888928	0.0	0.0	0.0
irreversible_control	94	-0.04183789730185194	-0.04183789730185194	-0.04183789730185194	0.0	0.0	0.0
irreversible_control	95	-0.15567295626209982	-0.15567295626209982	-0.15567295626209982	0.0	0.0	0.0
irreversible_control	96	0.2225175243478723	0.2225175243478723	0.2225175243478723	0.0	0.0	0.0
irreversible_control	97	-0.04593422983583191	-0.045872477286637264	-0.045872477286637264	6.175254919464634e-05	0.0	0.00025
irreversible_control	98	-0.20037246220109448	-0.20037246220109448	-0.20037246220109448	0.0	0.0	0.0
irreversible_control	99	0.2193881912069585	0.21944920779397376	0.21944920779397376	6.10165870152668e-05	0.0	0.00025
irreversible_control	100	-0.18625881540971032	-0.18625881540971032	-0.18625881540971032	0.0	0.0	0.0
irreversible_control	101	0.26175261098385316	0.26175261098385316	0.26175261098385316	0.0	0.0	0.0
irreversible_control	102	0.22732920849964583	0.22732920849964583	0.22732920849964583	0.0	0.0	0.0
irreversible_control	103	-0.1765906842010888	-0.17645314936726839	-0.17645314936726839	0.00013753483382042409	0.0	0.00025
irreversible_control	104	0.29259834660566036	0.29259834660566036	0.29259834660566036	0.0	0.0	0.0
irreversible_control	105	0.2693115550063428	0.2693115550063428	0.2693115550063428	0.0	0.0	0.0
irreversible_control	106	0.2690517260490956	0.2690517260490956	0.2690517260490956	0.0	0.0	0.0
irreversible_control	107	-0.22600254233924913	-0.22600254233924913	-0.22600254233924913	0.0	0.0	0.0
irreversible_control	108	0.07430578607272076	0.07431833473570591	0.07431833473570591	1.2548662985154002e-05	0.0	0.00025
irreversible_control	109	0.22913981985477025	0.22913981985477025	0.22913981985477025	0.0	0.0	0.0
irreversible_control	110	-0.03601137696649764	-0.03601137696649764	-0.03601137696649764	0.0	0.0	0.0
irreversible_control	111	0.16077600997234953	0.16077600997234953	0.16077600997234953	0.0	0.0	0.0
irreversible_control	112	0.18805278397263994	0.18805278397263994	0.18805278397263994	0.0	0.0	0.0
irreversible_control	113	-0.08828248535569148	-0.08828248535569148	-0.08828248535569148	0.0	0.0	0.0
irreversible_control	114	-0.22295013404311784	-0.22295013404311784	-0.22295013404311784	0.0	0.0	0.0
irreversible_control	115	0.16187018302227446	0.16187018302227446	0.16187018302227446	0.0	0.0	0.0
irreversible_control	116	-0.20254282370839757	-0.20254282370839757	-0.20254282370839757	0.0	0.0	0.0
irreversible_control	117	-0.009212688024232555	-0.009212688024232555	-0.009212688024232555	0.0	0.0	0.0
irreversible_control	118	0.11933537681448045	0.11933537681448045	0.11933537681448045	0.0	0.0	0.0
irreversible_control	119	0.34103443480013085	0.34103443480013085	0.34103443480013085	0.0	0.0	0.0
irreversible_control	120	-0.17065047972044625	-0.17065047972044625	-0.17065047972044625	0.0	0.0	0.0
irreversible_control	121	-0.08586428431161564	-0.08586428431161564	-0.08586428431161564	0.0	0.0	0.0
irreversible_control	122	-0.171489174310718	-0.171489174310718	-0.171489174310718	0.0	0.0	0.0
irreversible_control	123	0.22694597659306645	0.22694597659306645	0.22694597659306645	0.0	0.0	0.0
irreversible_control	124	-0.02469538861922121	-0.02469538861922121	-0.02469538861922121	0.0	0.0	0.0
irreversible_control	125	-0.01596571243932299	-0.01596571243932299	-0.01596571243932299	0.0	0.0	0.0
irreversible_control	126	0.14587694823804465	0.14587694823804465	0.14587694823804465	0.0	0.0	0.0
irreversible_control	127	0.2399861600847903	0.2399861600847903	0.2399861600847903	0.0	0.0	0.0
irreversible_control	128	0.3239085699172534	0.3239085699172534	0.3239085699172534	0.0	0.0	0.0
irreversible_control	129	0.2864975218576856	0.2864975218576856	0.2864975218576856	0.0	0.0	0.0
irreversible_control	130	0.13960772516796785	0.13960772516796785	0.13960772516796785	0.0	0.0	0.0
irreversible_control	131	0.28610231675645525	0.28610231675645525	0.28610231675645525	0.0	0.0	0.0
irreversible_control	132	-0.09714726042626924	-0.09714726042626924	-0.09714726042626924	0.0	0.0	0.0
irreversible_control	133	0.11653159340087495	0.11653159340087495	0.11653159340087495	0.0	0.0	0.0
irreversible_control	134	-0.23226020104557052	-0.23226020104557052	-0.23226020104557052	0.0	0.0	0.0
irreversible_control	135	0.3366600135158741	0.3366600135158741	0.3366600135158741	0.0	0.0	0.0
irreversible_control	136	0.36600535236198556	0.36600535236198556	0.36600535236198556	0.0	0.0	0.0
irreversible_control	137	0.2729980946309655	0.2729980946309655	0.2729980946309655	0.0	0.0	0.0
irreversible_control	138	0.046967768915591596	0.046967768915591596	0.046967768915591596	0.0	0.0	0.0
irreversible_control	139	0.08321727258050433	0.08321727258050433	0.08321727258050433	0.0	0.0	0.0
irreversible_control	140	0.11613826017415574	0.11630729732133807	0.11630729732133807	0.00016903714718233265	0.0	0.00025
irreversible_control	141	0.3295852281376257	0.3295852281376257	0.3295852281376257	0.0	0.0	0.0
irreversible_control	142	0.17053986196843113	0.17053986196843113	0.17053986196843113	0.0	0.0	0.0
irreversible_control	143	-0.18070757466644702	-0.18070757466644702	-0.18070757466644702	0.0	0.0	0.0
irreversible_control	144	-0.09901722131107121	-0.09901722131107121	-0.09901722131107121	0.0	0.0	0.0
irreversible_control	145	0.25637567800950584	0.25637567800950584	0.25637567800950584	0.0	0.0	0.0
irreversible_control	146	0.07419022879868373	0.07419022879868373	0.07419022879868373	0.0	0.0	0.0
irreversible_control	147	0.2991652639281971	0.2991652639281971	0.2991652639281971	0.0	0.0	0.0
irreversible_control	148	0.27897957346509655	0.27897957346509655	0.27897957346509655	0.0	0.0	0.0
irreversible_control	149	-0.12882981674634475	-0.12882981674634475	-0.12882981674634475	0.0	0.0	0.0
irreversible_control	150	0.05279801836365948	0.05279801836365948	0.05279801836365948	0.0	0.0	0.0
irreversible_control	151	0.19401539702920614	0.1940973300588915	0.1940973300588915	8.193302968534377e-05	0.0	0.00025
irreversible_control	152	-0.19502386094762847	-0.19502386094762847	-0.19502386094762847	0.0	0.0	0.0
irreversible_control	153	-0.20363876847013898	-0.20363798406950281	-0.20363798406950281	7.844006361668043e-07	0.0	0.00025
irreversible_control	154	-0.14179683358319692	-0.14179683358319692	-0.14179683358319692	0.0	0.0	0.0
irreversible_control	155	-0.07172382892051982	-0.07172382892051982	-0.07172382892051982	0.0	0.0	0.0
irreversible_control	156	0.1906493806120524	0.1906493806120524	0.1906493806120524	0.0	0.0	0.0
irreversible_control	157	0.14362258620058874	0.14362258620058874	0.14362258620058874	0.0	0.0	0.0
irreversible_control	158	0.12774783044856414	0.12774783044856414	0.12774783044856414	0.0	0.0	0.0
irreversible_control	159	0.2827082978018856	0.2827082978018856	0.2827082978018856	0.0	0.0	0.0
irreversible_control	160	0.11747621563882822	0.11747621563882822	0.11747621563882822	0.0	0.0	0.0
irreversible_control	161	-0.06677537470385243	-0.06677537470385243	-0.06677537470385243	0.0	0.0	0.0
irreversible_control	162	0.07669655412842845	0.07669655412842845	0.07669655412842845	0.0	0.0	0.0
irreversible_control	163	0.08525325506303617	0.08525325506303617	0.08525325506303617	0.0	0.0	0.0
irreversible_control	164	-0.15593155249288748	-0.15593155249288748	-0.15593155249288748	0.0	0.0	0.0
irreversible_control	165	-0.20266809707168523	-0.20266809707168523	-0.20266809707168523	0.0	0.0	0.0
irreversible_control	166	0.12759163900429166	0.12759163900429166	0.12759163900429166	0.0	0.0	0.0
irreversible_control	167	-0.2057850029053027	-0.2057850029053027	-0.2057850029053027	0.0	0.0	0.0
irreversible_control	168	0.08245331793680583	0.08245331793680583	0.08245331793680583	0.0	0.0	0.0
irreversible_control	169	0.34806416075411395	0.34806416075411395	0.34806416075411395	0.0	0.0	0.0
irreversible_control	170	-0.02303256063090064	-0.02303256063090064	-0.02303256063090064	0.0	0.0	0.0
irreversible_control	171	0.32230849698607505	0.32230849698607505	0.32230849698607505	0.0	0.0	0.0
irreversible_control	172	0.05806274015873703	0.05806274015873703	0.05806274015873703	0.0	0.0	0.0
irreversible_control	173	-0.17928511774672673	-0.17928511774672673	-0.17928511774672673	0.0	0.0	0.0
irreversible_control	174	-0.021406348989065987	-0.021406348989065987	-0.021406348989065987	0.0	0.0	0.0
irreversible_control	175	0.20396961910423853	0.20396961910423853	0.20396961910423853	0.0	0.0	0.0
irreversible_control	176	-0.16632872677054644	-0.16632872677054644	-0.16632872677054644	0.0	0.0	0.0
irreversible_control	177	-0.12313551161216313	-0.12313551161216313	-0.12313551161216313	0.0	0.0	0.0
irreversible_control	178	-0.25551289443408864	-0.25551289443408864	-0.25551289443408864	0.0	0.0	0.0
irreversible_control	179	0.07051740599423649	0.07051740599423649	0.07051740599423649	0.0	0.0	0.0
irreversible_control	180	-0.13271188695445513	-0.13261305937682596	-0.13261305937682596	9.88275776291625e-05	0.0	0.0005
irreversible_control	181	0.04139794961212718	0.04139794961212718	0.04139794961212718	0.0	0.0	0.0
irreversible_control	182	0.25714688271494657	0.25714688271494657	0.25714688271494657	0.0	0.0	0.0
irreversible_control	183	0.01649484619871884	0.01649484619871884	0.01649484619871884	0.0	0.0	0.0
irreversible_control	184	0.32481992456676645	0.32481992456676645	0.32481992456676645	0.0	0.0	0.0
irreversible_control	185	0.09710165615930916	0.09710165615930916	0.09710165615930916	0.0	0.0	0.0
irreversible_control	186	-0.20707451211667388	-0.20707451211667388	-0.20707451211667388	0.0	0.0	0.0
irreversible_control	187	-0.05393456807070709	-0.053896432763160106	-0.053896432763160106	3.813530754698258e-05	0.0	0.0005
irreversible_control	188	0.19874248792420549	0.19874248792420549	0.19874248792420549	0.0	0.0	0.0
irreversible_control	189	-0.1661489853168843	-0.1661489853168843	-0.1661489853168843	0.0	0.0	0.0
irreversible_control	190	-0.10655917250597532	-0.10655917250597532	-0.10655917250597532	0.0	0.0	0.0
irreversible_control	191	-0.23104968865757514	-0.23104968865757514	-0.23104968865757514	0.0	0.0	0.0
irreversible_control	192	-0.017174556750510685	-0.017174556750510685	-0.017174556750510685	0.0	0.0	0.0
irreversible_control	193	-0.23636725717485246	-0.23636725717485246	-0.23636725717485246	0.0	0.0	0.0
irreversible_control	194	0.086857763174774	0.086857763174774	0.086857763174774	0.0	0.0	0.0
irreversible_control	195	0.24434597963560592	0.24434597963560592	0.24434597963560592	0.0	0.0	0.0
irreversible_control	196	-0.07141141014563336	-0.07141141014563336	-0.07141141014563336	0.0	0.0	0.0
irreversible_control	197	-0.10499949956258697	-0.10499949956258697	-0.10499949956258697	0.0	0.0	0.0
irreversible_control	198	-0.08120136788034148	-0.08120136788034148	-0.08120136788034148	0.0	0.0	0.0
irreversible_control	199	-0.14573556733441134	-0.14573556733441134	-0.14573556733441134	0.0	0.0	0.0
irreversible_control	200	0.04118071325877857	0.04118071325877857	0.04118071325877857	0.0	0.0	0.0
irreversible_control	201	0.05339274770842124	0.05339274770842124	0.05339274770842124	0.0	0.0	0.0
irreversible_control	202	0.2557745298105707	0.2557745298105707	0.2557745298105707	0.0	0.0	0.0
irreversible_control	203	0.28429185296456094	0.28429185296456094	0.28429185296456094	0.0	0.0	0.0
irreversible_control	204	0.19106682247327977	0.19106682247327977	0.19106682247327977	0.0	0.0	0.0
irreversible_control	205	0.3096260846671868	0.3096260846671868	0.3096260846671868	0.0	0.0	0.0
irreversible_control	206	0.128401364471293	0.128401364471293	0.128401364471293	0.0	0.0	0.0
irreversible_control	207	-0.20907235171803426	-0.20907235171803426	-0.20907235171803426	0.0	0.0	0.0
irreversible_control	208	0.33312120842954707	0.33312120842954707	0.33312120842954707	0.0	0.0	0.0
irreversible_control	209	-0.14168588697945614	-0.14168588697945614	-0.14168588697945614	0.0	0.0	0.0
irreversible_control	210	0.33736824961549244	0.33736824961549244	0.33736824961549244	0.0	0.0	0.0
irreversible_control	211	0.28251018316058557	0.28251018316058557	0.28251018316058557	0.0	0.0	0.0
irreversible_control	212	-0.16031299331297164	-0.16031299331297164	-0.16031299331297164	0.0	0.0	0.0
irreversible_control	213	0.23226613295283874	0.23226613295283874	0.23226613295283874	0.0	0.0	0.0
irreversible_control	214	-0.2537905347200289	-0.25376732194403495	-0.25376732194403495	2.3212775993930457e-05	0.0	0.00025
irreversible_control	215	0.27329043317878027	0.27329043317878027	0.27329043317878027	0.0	0.0	0.0
irreversible_control	216	0.3084524331185144	0.3084524331185144	0.3084524331185144	0.0	0.0	0.0
irreversible_control	217	-0.26264554358943193	-0.26264554358943193	-0.26264554358943193	0.0	0.0	0.0
irreversible_control	218	0.04401085422675971	0.04401085422675971	0.04401085422675971	0.0	0.0	0.0
irreversible_control	219	0.029367330238344633	0.029367330238344633	0.029367330238344633	0.0	0.0	0.0
irreversible_control	220	0.3011859913077065	0.3011859913077065	0.3011859913077065	0.0	0.0	0.0
irreversible_control	221	-0.02307488218892109	-0.02307488218892109	-0.02307488218892109	0.0	0.0	0.0
irreversible_control	222	0.21718874141332775	0.21718874141332775	0.21718874141332775	0.0	0.0	0.0
irreversible_control	223	0.2124137796750883	0.2124137796750883	0.2124137796750883	0.0	0.0	0.0
irreversible_control	224	0.10856288909893538	0.10856288909893538	0.10856288909893538	0.0	0.0	0.0
irreversible_control	225	0.07169339659310356	0.07169339659310356	0.07169339659310356	0.0	0.0	0.0
irreversible_control	226	0.20159501391368032	0.20159501391368032	0.20159501391368032	0.0	0.0	0.0
irreversible_control	227	-0.2118910086857149	-0.2118910086857149	-0.2118910086857149	0.0	0.0	0.0
irreversible_control	228	0.18308552071049647	0.18308552071049647	0.18308552071049647	0.0	0.0	0.0
irreversible_control	229	0.14443576875553013	0.14443576875553013	0.14443576875553013	0.0	0.0	0.0
irreversible_control	230	-0.0432346171754603	-0.0432346171754603	-0.0432346171754603	0.0	0.0	0.0
irreversible_control	231	0.22837478103597916	0.22837478103597916	0.22837478103597916	0.0	0.0	0.0
irreversible_control	232	0.043235158811515295	0.043235158811515295	0.043235158811515295	0.0	0.0	0.0
irreversible_control	233	0.035030479152770785	0.035030479152770785	0.035030479152770785	0.0	0.0	0.0
irreversible_control	234	0.20552869982425864	0.20552869982425864	0.20552869982425864	0.0	0.0	0.0
irreversible_control	235	-0.007597140718459869	-0.007597140718459869	-0.007597140718459869	0.0	0.0	0.0
irreversible_control	236	-0.1084497588554857	-0.1084497588554857	-0.1084497588554857	0.0	0.0	0.0
irreversible_control	237	-0.16242188445769143	-0.16242188445769143	-0.16242188445769143	0.0	0.0	0.0
irreversible_control	238	0.23573803912020447	0.23573803912020447	0.23573803912020447	0.0	0.0	0.0
irreversible_control	239	0.20459394107201775	0.20459394107201775	0.20459394107201775	0.0	0.0	0.0
irreversible_control	240	-0.2228904422787977	-0.2228904422787977	-0.2228904422787977	0.0	0.0	0.0
irreversible_control	241	-0.04642557165592947	-0.04630362153315112	-0.04630362153315112	0.0001219501227783526	0.0	0.00025
irreversible_control	242	0.27859649521675744	0.27859649521675744	0.27859649521675744	0.0	0.0	0.0
irreversible_control	243	-0.16014294523578626	-0.16014294523578626	-0.16014294523578626	0.0	0.0	0.0
irreversible_control	244	0.045465487018040325	0.045465487018040325	0.045465487018040325	0.0	0.0	0.0
irreversible_control	245	0.24387035274682792	0.24387035274682792	0.24387035274682792	0.0	0.0	0.0
irreversible_control	246	0.09590664099367985	0.09590664099367985	0.09590664099367985	0.0	0.0	0.0
irreversible_control	247	-0.0064245939819910485	-0.0064245939819910485	-0.0064245939819910485	0.0	0.0	0.0
irreversible_control	248	-0.23870769768563974	-0.23870769768563974	-0.23870769768563974	0.0	0.0	0.0
irreversible_control	249	-0.08458985521983882	-0.08458985521983882	-0.08458985521983882	0.0	0.0	0.0
irreversible_control	250	0.2266467786384731	0.2266467786384731	0.2266467786384731	0.0	0.0	0.0
irreversible_control	251	0.2873768395926304	0.2873768395926304	0.2873768395926304	0.0	0.0	0.0
irreversible_control	252	0.15607984229555183	0.15607984229555183	0.15607984229555183	0.0	0.0	0.0
irreversible_control	253	-0.2088115477034794	-0.2088115477034794	-0.2088115477034794	0.0	0.0	0.0
irreversible_control	254	0.10206999394272702	0.10206999394272702	0.10206999394272702	0.0	0.0	0.0
irreversible_control	255	0.29271943997957456	0.29271943997957456	0.29271943997957456	0.0	0.0	0.0
irreversible_control	256	0.08246082775929892	0.0825024013640067	0.0825024013640067	4.1573604707786926e-05	0.0	0.00025
irreversible_control	257	-0.012038909400632429	-0.012038909400632429	-0.012038909400632429	0.0	0.0	0.0
irreversible_control	258	-0.062213566539285066	-0.062213566539285066	-0.062213566539285066	0.0	0.0	0.0
irreversible_control	259	0.018067603819484235	0.018067603819484235	0.018067603819484235	0.0	0.0	0.0
irreversible_control	260	0.04154733212912798	0.04154733212912798	0.04154733212912798	0.0	0.0	0.0
irreversible_control	261	0.3232588676752681	0.3232588676752681	0.3232588676752681	0.0	0.0	0.0
irreversible_control	262	0.25556779203617486	0.25556779203617486	0.25556779203617486	0.0	0.0	0.0
irreversible_control	263	-0.13987149079465433	-0.13987149079465433	-0.13987149079465433	0.0	0.0	0.0
irreversible_control	264	-0.1614955201771818	-0.1614955201771818	-0.1614955201771818	0.0	0.0	0.0
irreversible_control	265	-0.1600788569916193	-0.1600788569916193	-0.1600788569916193	0.0	0.0	0.0
irreversible_control	266	0.12699707396487325	0.12699707396487325	0.12699707396487325	0.0	0.0	0.0
irreversible_control	267	0.3385572916793204	0.3385572916793204	0.3385572916793204	0.0	0.0	0.0
irreversible_control	268	-0.06084613529115826	-0.06084613529115826	-0.06084613529115826	0.0	0.0	0.0
irreversible_control	269	0.16679893256594058	0.16679893256594058	0.16679893256594058	0.0	0.0	0.0
irreversible_control	270	-0.07469300314282679	-0.07462084486485177	-0.07462084486485177	7.215827797502072e-05	0.0	0.00025
irreversible_control	271	0.2795199104915149	0.2795199104915149	0.2795199104915149	0.0	0.0	0.0
irreversible_control	272	0.16854364793555066	0.16865777771026064	0.16865777771026064	0.0001141297747099812	0.0	0.00025
irreversible_control	273	-0.19251305685463474	-0.19230709331670068	-0.19230709331670068	0.00020596353793406186	0.0	0.00025
irreversible_control	274	-0.1582846375581085	-0.15820554864437514	-0.15820554864437514	7.908891373337168e-05	0.0	0.0005
irreversible_control	275	-0.028030692118171222	-0.028030692118171222	-0.028030692118171222	0.0	0.0	0.0
irreversible_control	276	0.29235585011521015	0.29235585011521015	0.29235585011521015	0.0	0.0	0.0
irreversible_control	277	-0.24118542893163203	-0.24118542893163203	-0.24118542893163203	0.0	0.0	0.0
irreversible_control	278	0.21954369034982732	0.21954369034982732	0.21954369034982732	0.0	0.0	0.0
irreversible_control	279	0.12316021444048943	0.12316021444048943	0.12316021444048943	0.0	0.0	0.0
irreversible_control	280	-0.06884888031531641	-0.06884888031531641	-0.06884888031531641	0.0	0.0	0.0
irreversible_control	281	0.024789253627018313	0.024789253627018313	0.024789253627018313	0.0	0.0	0.0
irreversible_control	282	0.027128096200142494	0.027128096200142494	0.027128096200142494	0.0	0.0	0.0
irreversible_control	283	-0.09238514609791955	-0.09238514609791955	-0.09238514609791955	0.0	0.0	0.0
irreversible_control	284	-0.14828188396154343	-0.14828188396154343	-0.14828188396154343	0.0	0.0	0.0
irreversible_control	285	0.3225708219697217	0.3225708219697217	0.3225708219697217	0.0	0.0	0.0
irreversible_control	286	-0.05313120738973696	-0.05313120738973696	-0.05313120738973696	0.0	0.0	0.0
irreversible_control	287	0.2019697472904167	0.2019697472904167	0.2019697472904167	0.0	0.0	0.0
irreversible_control	288	0.1880776796907249	0.1880776796907249	0.1880776796907249	0.0	0.0	0.0
irreversible_control	289	-0.0463382880089857	-0.0463382880089857	-0.0463382880089857	0.0	0.0	0.0
irreversible_control	290	0.27001544943813044	0.27001544943813044	0.27001544943813044	0.0	0.0	0.0
irreversible_control	291	0.04012717332855098	0.04012717332855098	0.04012717332855098	0.0	0.0	0.0
irreversible_control	292	-0.05760841388155337	-0.05760841388155337	-0.05760841388155337	0.0	0.0	0.0
irreversible_control	293	-0.16997891906753473	-0.16997891906753473	-0.16997891906753473	0.0	0.0	0.0
irreversible_control	294	0.15434112734056196	0.15434112734056196	0.15434112734056196	0.0	0.0	0.0
irreversible_control	295	0.25061898277911304	0.25061898277911304	0.25061898277911304	0.0	0.0	0.0
irreversible_control	296	0.15102241087387824	0.15102241087387824	0.15102241087387824	0.0	0.0	0.0
irreversible_control	297	0.051043311507215305	0.05104380603382871	0.05104380603382871	4.945266134023796e-07	0.0	0.00025
irreversible_control	298	0.3422673655151984	0.3422673655151984	0.3422673655151984	0.0	0.0	0.0
irreversible_control	299	0.05676457148785423	0.05676457148785423	0.05676457148785423	0.0	0.0	0.0
irreversible_control	300	-0.11853446446313565	-0.11853446446313565	-0.11853446446313565	0.0	0.0	0.0
irreversible_control	301	-0.1207200440815389	-0.1207200440815389	-0.1207200440815389	0.0	0.0	0.0
irreversible_control	302	0.28787942591907684	0.28787942591907684	0.28787942591907684	0.0	0.0	0.0
irreversible_control	303	0.06757314578488328	0.06757314578488328	0.06757314578488328	0.0	0.0	0.0
irreversible_control	304	-0.137038257018167	-0.137038257018167	-0.137038257018167	0.0	0.0	0.0
irreversible_control	305	0.12038944469231794	0.12038944469231794	0.12038944469231794	0.0	0.0	0.0
irreversible_control	306	-0.08619028328074094	-0.08619028328074094	-0.08619028328074094	0.0	0.0	0.0
irreversible_control	307	0.019673502902533304	0.019673502902533304	0.019673502902533304	0.0	0.0	0.0
irreversible_control	308	0.010683926736528626	0.010683926736528626	0.010683926736528626	0.0	0.0	0.0
irreversible_control	309	0.0944779458089665	0.0944779458089665	0.0944779458089665	0.0	0.0	0.0
irreversible_control	310	0.15852817749324052	0.15852817749324052	0.15852817749324052	0.0	0.0	0.0
irreversible_control	311	-0.014825883416647622	-0.014825883416647622	-0.014825883416647622	0.0	0.0	0.0
irreversible_control	312	-0.18075836259597794	-0.18075836259597794	-0.18075836259597794	0.0	0.0	0.0
irreversible_control	313	-0.2261058217239538	-0.2261058217239538	-0.2261058217239538	0.0	0.0	0.0
irreversible_control	314	0.35216744207682144	0.35216744207682144	0.35216744207682144	0.0	0.0	0.0
irreversible_control	315	-0.06128493698789816	-0.06128493698789816	-0.06128493698789816	0.0	0.0	0.0
irreversible_control	316	-0.17460439162541347	-0.17460439162541347	-0.17460439162541347	0.0	0.0	0.0
irreversible_control	317	0.08233830196080509	0.08233830196080509	0.08233830196080509	0.0	0.0	0.0
irreversible_control	318	-0.03522968668814877	-0.03522968668814877	-0.03522968668814877	0.0	0.0	0.0
irreversible_control	319	-0.18223002803138338	-0.18223002803138338	-0.18223002803138338	0.0	0.0	0.0
irreversible_control	320	0.21568062385205689	0.21568062385205689	0.21568062385205689	0.0	0.0	0.0
irreversible_control	321	0.2730064476215421	0.2730064476215421	0.2730064476215421	0.0	0.0	0.0
irreversible_control	322	-0.06327088184339372	-0.06327088184339372	-0.06327088184339372	0.0	0.0	0.0
irreversible_control	323	0.2754875308451881	0.2754875308451881	0.2754875308451881	0.0	0.0	0.0
irreversible_control	324	0.33821722378901153	0.33821722378901153	0.33821722378901153	0.0	0.0	0.0
irreversible_control	325	-0.012783719806501533	-0.012783719806501533	-0.012783719806501533	0.0	0.0	0.0
irreversible_control	326	-0.04611377228323423	-0.04611377228323423	-0.04611377228323423	0.0	0.0	0.0
irreversible_control	327	0.0006612636765007593	0.0006612636765007593	0.0006612636765007593	0.0	0.0	0.0
irreversible_control	328	0.31885963232941	0.31885963232941	0.31885963232941	0.0	0.0	0.0
irreversible_control	329	-0.008834867873625299	-0.008834867873625299	-0.008834867873625299	0.0	0.0	0.0
irreversible_control	330	0.3555615623308562	0.3555615623308562	0.3555615623308562	0.0	0.0	0.0
irreversible_control	331	-0.13721973675482513	-0.13721973675482513	-0.13721973675482513	0.0	0.0	0.0
irreversible_control	332	-0.12564369983477655	-0.12564369983477655	-0.12564369983477655	0.0	0.0	0.0
irreversible_control	333	0.17572806329196852	0.17575634067838503	0.17575634067838503	2.8277386416503125e-05	0.0	0.00025
irreversible_control	334	-0.15919921551542357	-0.15919921551542357	-0.15919921551542357	0.0	0.0	0.0
irreversible_control	335	0.14679673399547988	0.14679673399547988	0.14679673399547988	0.0	0.0	0.0
irreversible_control	336	-0.2520944531206034	-0.2520944531206034	-0.2520944531206034	0.0	0.0	0.0
irreversible_control	337	-0.2530949750939086	-0.2530949750939086	-0.2530949750939086	0.0	0.0	0.0
irreversible_control	338	0.17796224111140163	0.17796224111140163	0.17796224111140163	0.0	0.0	0.0
irreversible_control	339	0.17452858550241349	0.17452858550241349	0.17452858550241349	0.0	0.0	0.0
irreversible_control	340	0.1932953422883964	0.1932953422883964	0.1932953422883964	0.0	0.0	0.0
irreversible_control	341	-0.1292287978034845	-0.1292287978034845	-0.1292287978034845	0.0	0.0	0.0
irreversible_control	342	-0.037950194331724516	-0.03785870430059985	-0.03785870430059985	9.149003112466497e-05	0.0	0.0005
irreversible_control	343	0.039297887353205566	0.039297887353205566	0.039297887353205566	0.0	0.0	0.0
irreversible_control	344	-0.11669316460461332	-0.11663284526267566	-0.11663284526267566	6.031934193766186e-05	0.0	0.00075
irreversible_control	345	0.24655163648047512	0.24655163648047512	0.24655163648047512	0.0	0.0	0.0
irreversible_control	346	0.03623387288775188	0.03623387288775188	0.03623387288775188	0.0	0.0	0.0
irreversible_control	347	0.006168097744149772	0.006168097744149772	0.006168097744149772	0.0	0.0	0.0
irreversible_control	348	0.2394211983165604	0.2394211983165604	0.2394211983165604	0.0	0.0	0.0
irreversible_control	349	0.1987991683737583	0.1987991683737583	0.1987991683737583	0.0	0.0	0.0
irreversible_control	350	-0.19134399266851165	-0.19134399266851165	-0.19134399266851165	0.0	0.0	0.0
irreversible_control	351	0.17683400502043567	0.17683400502043567	0.17683400502043567	0.0	0.0	0.0
irreversible_control	352	0.011430545146232172	0.011430545146232172	0.011430545146232172	0.0	0.0	0.0
irreversible_control	353	-0.005519541348118486	-0.005519541348118486	-0.005519541348118486	0.0	0.0	0.0
irreversible_control	354	0.3092778124789742	0.3092778124789742	0.3092778124789742	0.0	0.0	0.0
irreversible_control	355	0.06002257482149219	0.06002905363348245	0.06002905363348245	6.478811990263955e-06	0.0	0.00025
irreversible_control	356	0.2641823530327731	0.2641823530327731	0.2641823530327731	0.0	0.0	0.0
irreversible_control	357	0.3382827103769093	0.3382827103769093	0.3382827103769093	0.0	0.0	0.0
irreversible_control	358	-0.1332965863375178	-0.1332965863375178	-0.1332965863375178	0.0	0.0	0.0
irreversible_control	359	0.24425025569904973	0.24425025569904973	0.24425025569904973	0.0	0.0	0.0
irreversible_control	360	0.13934539590335263	0.13934539590335263	0.13934539590335263	0.0	0.0	0.0
irreversible_control	361	0.17784981602285377	0.17784981602285377	0.17784981602285377	0.0	0.0	0.0
irreversible_control	362	0.002372177994379879	0.002372177994379879	0.002372177994379879	0.0	0.0	0.0
irreversible_control	363	-0.11422358332954145	-0.11422358332954145	-0.11422358332954145	0.0	0.0	0.0
irreversible_control	364	0.1848890193480937	0.1848890193480937	0.1848890193480937	0.0	0.0	0.0
irreversible_control	365	-0.2398102311203255	-0.2398102311203255	-0.2398102311203255	0.0	0.0	0.0
irreversible_control	366	0.11196583710810457	0.11196583710810457	0.11196583710810457	0.0	0.0	0.0
irreversible_control	367	-0.03826250587368319	-0.03826250587368319	-0.03826250587368319	0.0	0.0	0.0
irreversible_control	368	-0.20969177660379068	-0.20969177660379068	-0.20969177660379068	0.0	0.0	0.0
irreversible_control	369	-0.028844522354057402	-0.028751135098421463	-0.028751135098421463	9.338725563593983e-05	0.0	0.00075
irreversible_control	370	-0.08504103138215291	-0.08504103138215291	-0.08504103138215291	0.0	0.0	0.0
irreversible_control	371	-0.07979637372240726	-0.07979637372240726	-0.07979637372240726	0.0	0.0	0.0
irreversible_control	372	0.09709308635755738	0.09709308635755738	0.09709308635755738	0.0	0.0	0.0
irreversible_control	373	0.05486663885731648	0.05486663885731648	0.05486663885731648	0.0	0.0	0.0
irreversible_control	374	-0.2501762090801997	-0.2501762090801997	-0.2501762090801997	0.0	0.0	0.0
irreversible_control	375	-0.11489895064086508	-0.11489895064086508	-0.11489895064086508	0.0	0.0	0.0
irreversible_control	376	-0.16594435252844295	-0.16594435252844295	-0.16594435252844295	0.0	0.0	0.0
irreversible_control	377	-0.12367896555917392	-0.12367896555917392	-0.12367896555917392	0.0	0.0	0.0
irreversible_control	378	-0.08084288997310984	-0.08084288997310984	-0.08084288997310984	0.0	0.0	0.0
irreversible_control	379	0.19698930133536635	0.19698930133536635	0.19698930133536635	0.0	0.0	0.0
irreversible_control	380	-0.0018402801592131651	-0.0017511513142902829	-0.0017511513142902829	8.912884492288226e-05	0.0	0.0005
irreversible_control	381	0.0822310443855463	0.0822310443855463	0.0822310443855463	0.0	0.0	0.0
irreversible_control	382	0.09569159857942472	0.09569159857942472	0.09569159857942472	0.0	0.0	0.0
irreversible_control	383	0.003733391254886657	0.003733391254886657	0.003733391254886657	0.0	0.0	0.0
irreversible_control	384	0.29809111548477324	0.29809111548477324	0.29809111548477324	0.0	0.0	0.0
irreversible_control	385	0.09640376607574132	0.09640376607574132	0.09640376607574132	0.0	0.0	0.0
irreversible_control	386	0.17443239261279816	0.17443239261279816	0.17443239261279816	0.0	0.0	0.0
irreversible_control	387	0.32056395993762915	0.32056395993762915	0.32056395993762915	0.0	0.0	0.0
irreversible_control	388	-0.10807640147708222	-0.10807640147708222	-0.10807640147708222	0.0	0.0	0.0
irreversible_control	389	-0.06923807996551849	-0.06923807996551849	-0.06923807996551849	0.0	0.0	0.0
irreversible_control	390	0.20984904674020907	0.20984904674020907	0.20984904674020907	0.0	0.0	0.0
irreversible_control	391	-0.15250490308406245	-0.15250490308406245	-0.15250490308406245	0.0	0.0	0.0
irreversible_control	392	-0.20871559795709418	-0.20871559795709418	-0.20871559795709418	0.0	0.0	0.0
irreversible_control	393	0.23159675337793234	0.23159675337793234	0.23159675337793234	0.0	0.0	0.0
irreversible_control	394	-0.008685089847809574	-0.008685089847809574	-0.008685089847809574	0.0	0.0	0.0
irreversible_control	395	-0.1612898469922161	-0.1612898469922161	-0.1612898469922161	0.0	0.0	0.0
irreversible_control	396	0.05996971496641274	0.05996971496641274	0.05996971496641274	0.0	0.0	0.0
irreversible_control	397	-0.12979254483645586	-0.12979254483645586	-0.12979254483645586	0.0	0.0	0.0
irreversible_control	398	0.269008601752369	0.269008601752369	0.269008601752369	0.0	0.0	0.0
irreversible_control	399	-0.15507534292229183	-0.15507534292229183	-0.15507534292229183	0.0	0.0	0.0
irreversible_control	400	-0.10163435097786311	-0.10163435097786311	-0.10163435097786311	0.0	0.0	0.0
irreversible_control	401	0.10825190034892668	0.10825190034892668	0.10825190034892668	0.0	0.0	0.0
irreversible_control	402	0.31848009622218504	0.31848009622218504	0.31848009622218504	0.0	0.0	0.0
irreversible_control	403	-0.22099023332304835	-0.22099023332304835	-0.22099023332304835	0.0	0.0	0.0
irreversible_control	404	-0.0585120297665083	-0.0585120297665083	-0.0585120297665083	0.0	0.0	0.0
irreversible_control	405	0.19366855081357473	0.19366855081357473	0.19366855081357473	0.0	0.0	0.0
irreversible_control	406	0.32130638386701516	0.32130638386701516	0.32130638386701516	0.0	0.0	0.0
irreversible_control	407	-0.09867932724423628	-0.09867932724423628	-0.09867932724423628	0.0	0.0	0.0
irreversible_control	408	-0.026657656245608688	-0.026657656245608688	-0.026657656245608688	0.0	0.0	0.0
irreversible_control	409	0.1663173503179122	0.1663173503179122	0.1663173503179122	0.0	0.0	0.0
irreversible_control	410	-0.047168053019960327	-0.047168053019960327	-0.047168053019960327	0.0	0.0	0.0
irreversible_control	411	0.10313000267760047	0.10313000267760047	0.10313000267760047	0.0	0.0	0.0
irreversible_control	412	-0.2599670127722001	-0.2599670127722001	-0.2599670127722001	0.0	0.0	0.0
irreversible_control	413	-0.011891589340239693	-0.011891589340239693	-0.011891589340239693	0.0	0.0	0.0
irreversible_control	414	0.3282452678232561	0.3282452678232561	0.3282452678232561	0.0	0.0	0.0
irreversible_control	415	0.05646724095936754	0.05646724095936754	0.05646724095936754	0.0	0.0	0.0
irreversible_control	416	-0.16902309264692486	-0.16902309264692486	-0.16902309264692486	0.0	0.0	0.0
irreversible_control	417	0.28196913709850174	0.28196913709850174	0.28196913709850174	0.0	0.0	0.0
irreversible_control	418	0.2436958160223547	0.2436958160223547	0.2436958160223547	0.0	0.0	0.0
irreversible_control	419	0.061466298527722105	0.061466298527722105	0.061466298527722105	0.0	0.0	0.0
irreversible_control	420	0.11732529530923999	0.11732529530923999	0.11732529530923999	0.0	0.0	0.0
irreversible_control	421	0.12428820367552774	0.12428820367552774	0.12428820367552774	0.0	0.0	0.0
irreversible_control	422	0.3030673988514269	0.3030673988514269	0.3030673988514269	0.0	0.0	0.0
irreversible_control	423	0.22265339098415302	0.22265339098415302	0.22265339098415302	0.0	0.0	0.0
irreversible_control	424	0.18565811330479567	0.18565811330479567	0.18565811330479567	0.0	0.0	0.0
irreversible_control	425	0.2904449413291828	0.2904449413291828	0.2904449413291828	0.0	0.0	0.0
irreversible_control	426	-0.30432735490343366	-0.30399884935808696	-0.30399884935808696	0.0003285055453466912	0.0	0.0005
irreversible_control	427	-0.10770885433733315	-0.10770885433733315	-0.10770885433733315	0.0	0.0	0.0
irreversible_control	428	0.11337783560464089	0.11337783560464089	0.11337783560464089	0.0	0.0	0.0
irreversible_control	429	-0.18838588286719984	-0.18832827154181594	-0.18832827154181594	5.761132538389946e-05	0.0	0.0005
irreversible_control	430	-0.010456097630775783	-0.010456097630775783	-0.010456097630775783	0.0	0.0	0.0
irreversible_control	431	0.28382991201368557	0.28382991201368557	0.28382991201368557	0.0	0.0	0.0
irreversible_control	432	-0.13774998588365667	-0.13774998588365667	-0.13774998588365667	0.0	0.0	0.0
irreversible_control	433	0.21881209801786053	0.21881209801786053	0.21881209801786053	0.0	0.0	0.0
irreversible_control	434	-0.21523729327879437	-0.21523729327879437	-0.21523729327879437	0.0	0.0	0.0
irreversible_control	435	0.16591752639454377	0.16591752639454377	0.16591752639454377	0.0	0.0	0.0
irreversible_control	436	0.22408969365151585	0.22408969365151585	0.22408969365151585	0.0	0.0	0.0
irreversible_control	437	0.23936301631542967	0.23936301631542967	0.23936301631542967	0.0	0.0	0.0
irreversible_control	438	-0.18053908974040808	-0.18053908974040808	-0.18053908974040808	0.0	0.0	0.0
irreversible_control	439	-0.008019763184876218	-0.008019763184876218	-0.008019763184876218	0.0	0.0	0.0
irreversible_control	440	0.2636347720840091	0.2636347720840091	0.2636347720840091	0.0	0.0	0.0
irreversible_control	441	-0.11549307764325809	-0.11549307764325809	-0.11549307764325809	0.0	0.0	0.0
irreversible_control	442	0.27551514288926215	0.27551514288926215	0.27551514288926215	0.0	0.0	0.0
irreversible_control	443	0.11933376710419409	0.11933376710419409	0.11933376710419409	0.0	0.0	0.0
irreversible_control	444	-0.19038076105767687	-0.19038076105767687	-0.19038076105767687	0.0	0.0	0.0
irreversible_control	445	-0.020405389790755804	-0.020405389790755804	-0.020405389790755804	0.0	0.0	0.0
irreversible_control	446	-0.03710356673850032	-0.03710356673850032	-0.03710356673850032	0.0	0.0	0.0
irreversible_control	447	0.18688918073346605	0.18691397851306032	0.18691397851306032	2.4797779594271097e-05	0.0	0.0005
irreversible_control	448	0.2308064036331197	0.2308064036331197	0.2308064036331197	0.0	0.0	0.0
irreversible_control	449	0.23580796495238923	0.23580796495238923	0.23580796495238923	0.0	0.0	0.0
irreversible_control	450	0.10928368444247419	0.10928368444247419	0.10928368444247419	0.0	0.0	0.0
irreversible_control	451	0.26583629892901794	0.26583629892901794	0.26583629892901794	0.0	0.0	0.0
irreversible_control	452	-0.1409865225483698	-0.1409865225483698	-0.1409865225483698	0.0	0.0	0.0
irreversible_control	453	0.01716816337432697	0.01716816337432697	0.01716816337432697	0.0	0.0	0.0
irreversible_control	454	-0.13463988013950262	-0.13463988013950262	-0.13463988013950262	0.0	0.0	0.0
irreversible_control	455	0.004491245441929774	0.004491245441929774	0.004491245441929774	0.0	0.0	0.0
irreversible_control	456	-0.04454427095869043	-0.04454427095869043	-0.04454427095869043	0.0	0.0	0.0
irreversible_control	457	0.33025617825986897	0.33025617825986897	0.33025617825986897	0.0	0.0	0.0
irreversible_control	458	0.21339682625328707	0.21339682625328707	0.21339682625328707	0.0	0.0	0.0
irreversible_control	459	0.07804130776719624	0.07804130776719624	0.07804130776719624	0.0	0.0	0.0
irreversible_control	460	-0.2539712535155328	-0.2539712535155328	-0.2539712535155328	0.0	0.0	0.0
irreversible_control	461	0.30275899639142784	0.30275899639142784	0.30275899639142784	0.0	0.0	0.0
irreversible_control	462	0.13148841299723368	0.13148841299723368	0.13148841299723368	0.0	0.0	0.0
irreversible_control	463	0.12804069943328175	0.12804069943328175	0.12804069943328175	0.0	0.0	0.0
irreversible_control	464	-0.0004799354433319074	-0.0004799354433319074	-0.0004799354433319074	0.0	0.0	0.0
irreversible_control	465	-0.1796246693793843	-0.1796246693793843	-0.1796246693793843	0.0	0.0	0.0
irreversible_control	466	0.17802067135637803	0.17802067135637803	0.17802067135637803	0.0	0.0	0.0
irreversible_control	467	0.1950369130395462	0.1950369130395462	0.1950369130395462	0.0	0.0	0.0
irreversible_control	468	0.28785756918255384	0.2879049188969808	0.2879049188969808	4.734971442693636e-05	0.0	0.00025
irreversible_control	469	-0.16986954549897887	-0.16986954549897887	-0.16986954549897887	0.0	0.0	0.0
irreversible_control	470	-0.2189457786874861	-0.2189457786874861	-0.2189457786874861	0.0	0.0	0.0
irreversible_control	471	0.2573633545529907	0.2573633545529907	0.2573633545529907	0.0	0.0	0.0
irreversible_control	472	0.0425022210254891	0.0425022210254891	0.0425022210254891	0.0	0.0	0.0
irreversible_control	473	0.09515312696932958	0.0952159671355634	0.0952159671355634	6.284016623382682e-05	0.0	0.0005
irreversible_control	474	0.08409702878590421	0.08409702878590421	0.08409702878590421	0.0	0.0	0.0
irreversible_control	475	0.12242549973776892	0.12242549973776892	0.12242549973776892	0.0	0.0	0.0
irreversible_control	476	0.25395302904407807	0.25395302904407807	0.25395302904407807	0.0	0.0	0.0
irreversible_control	477	-0.11996998509018704	-0.11996998509018704	-0.11996998509018704	0.0	0.0	0.0
irreversible_control	478	0.23382336974778897	0.23382336974778897	0.23382336974778897	0.0	0.0	0.0
irreversible_control	479	0.2587235884247122	0.2587706896879044	0.2587706896879044	4.7101263192184106e-05	0.0	0.00025
irreversible_control	480	0.12442209230942211	0.12442209230942211	0.12442209230942211	0.0	0.0	0.0
irreversible_control	481	-0.1826907353059944	-0.1826907353059944	-0.1826907353059944	0.0	0.0	0.0
irreversible_control	482	0.2073509267950737	0.2073509267950737	0.2073509267950737	0.0	0.0	0.0
irreversible_control	483	0.04116111433450645	0.04116111433450645	0.04116111433450645	0.0	0.0	0.0
irreversible_control	484	-0.13759226204875585	-0.13756947409226558	-0.13756947409226558	2.278795649027221e-05	0.0	0.00025
irreversible_control	485	0.23448309635124598	0.23448309635124598	0.23448309635124598	0.0	0.0	0.0
irreversible_control	486	0.02919827431712035	0.02919827431712035	0.02919827431712035	0.0	0.0	0.0
irreversible_control	487	0.2750239890797408	0.2750239890797408	0.2750239890797408	0.0	0.0	0.0
irreversible_control	488	0.30774896298126564	0.30774896298126564	0.30774896298126564	0.0	0.0	0.0
irreversible_control	489	0.15205332423299417	0.15205332423299417	0.15205332423299417	0.0	0.0	0.0
irreversible_control	490	0.17774425488931353	0.17774425488931353	0.17774425488931353	0.0	0.0	0.0
irreversible_control	491	0.13840060929669687	0.13840060929669687	0.13840060929669687	0.0	0.0	0.0
irreversible_control	492	-0.17745442907547793	-0.17745442907547793	-0.17745442907547793	0.0	0.0	0.0
irreversible_control	493	0.3509215530535406	0.3509215530535406	0.3509215530535406	0.0	0.0	0.0
irreversible_control	494	0.24167981574465433	0.24167981574465433	0.24167981574465433	0.0	0.0	0.0
irreversible_control	495	-0.04743262585870197	-0.04743262585870197	-0.04743262585870197	0.0	0.0	0.0
irreversible_control	496	-0.16683885374799257	-0.16683885374799257	-0.16683885374799257	0.0	0.0	0.0
irreversible_control	497	0.12887437776794564	0.12887437776794564	0.12887437776794564	0.0	0.0	0.0
irreversible_control	498	0.20800955338360524	0.20800955338360524	0.20800955338360524	0.0	0.0	0.0
irreversible_control	499	-0.17117399507865405	-0.17117399507865405	-0.17117399507865405	0.0	0.0	0.0
irreversible_control	500	-0.12755240656811867	-0.12751543167438123	-0.12751543167438123	3.697489373744034e-05	0.0	0.0005
irreversible_control	501	-0.20944588735721564	-0.20944588735721564	-0.20944588735721564	0.0	0.0	0.0
irreversible_control	502	-0.11011741480526795	-0.11011741480526795	-0.11011741480526795	0.0	0.0	0.0
irreversible_control	503	0.10859944825142276	0.10859944825142276	0.10859944825142276	0.0	0.0	0.0
irreversible_control	504	-0.14335299085919445	-0.14335299085919445	-0.14335299085919445	0.0	0.0	0.0
irreversible_control	505	0.11431808485519061	0.11431808485519061	0.11431808485519061	0.0	0.0	0.0
irreversible_control	506	-0.10587650402282688	-0.10587650402282688	-0.10587650402282688	0.0	0.0	0.0
irreversible_control	507	0.23307485038330752	0.23307485038330752	0.23307485038330752	0.0	0.0	0.0
irreversible_control	508	0.04259554492000628	0.04259554492000628	0.04259554492000628	0.0	0.0	0.0
irreversible_control	509	-0.053149199078288	-0.053149199078288	-0.053149199078288	0.0	0.0	0.0
irreversible_control	510	-0.027946041109600226	-0.027946041109600226	-0.027946041109600226	0.0	0.0	0.0
irreversible_control	511	-0.05788256175085242	-0.05788256175085242	-0.05788256175085242	0.0	0.0	0.0
irreversible_control	512	0.3217094875967138	0.3217094875967138	0.3217094875967138	0.0	0.0	0.0
irreversible_control	513	0.19152156816749913	0.19152156816749913	0.19152156816749913	0.0	0.0	0.0
irreversible_control	514	-0.22953646096340827	-0.22953646096340827	-0.22953646096340827	0.0	0.0	0.0
irreversible_control	515	0.14944573219979201	0.14944573219979201	0.14944573219979201	0.0	0.0	0.0
irreversible_control	516	0.09909189284203099	0.09909189284203099	0.09909189284203099	0.0	0.0	0.0
irreversible_control	517	0.26708191283010013	0.26708191283010013	0.26708191283010013	0.0	0.0	0.0
irreversible_control	518	-0.18747675809882328	-0.18747675809882328	-0.18747675809882328	0.0	0.0	0.0
irreversible_control	519	0.23216324372436428	0.23216324372436428	0.23216324372436428	0.0	0.0	0.0
irreversible_control	520	0.19665096033603957	0.19665096033603957	0.19665096033603957	0.0	0.0	0.0
irreversible_control	521	-0.1200482949114401	-0.1200482949114401	-0.1200482949114401	0.0	0.0	0.0
irreversible_control	522	-0.11730439289255631	-0.11730439289255631	-0.11730439289255631	0.0	0.0	0.0
irreversible_control	523	0.2832692681166424	0.2832692681166424	0.2832692681166424	0.0	0.0	0.0
irreversible_control	524	0.19985837305469037	0.19985837305469037	0.19985837305469037	0.0	0.0	0.0
irreversible_control	525	0.07286696713716141	0.07286696713716141	0.07286696713716141	0.0	0.0	0.0
irreversible_control	526	0.2388820935167546	0.2388820935167546	0.2388820935167546	0.0	0.0	0.0
irreversible_control	527	0.29066472989033354	0.29066472989033354	0.29066472989033354	0.0	0.0	0.0
irreversible_control	528	-0.1988643184052353	-0.19873597355025316	-0.19873597355025316	0.0001283448549821431	0.0	0.0005
irreversible_control	529	0.16228992349375393	0.16228992349375393	0.16228992349375393	0.0	0.0	0.0
irreversible_control	530	-0.05813330045866553	-0.05813330045866553	-0.05813330045866553	0.0	0.0	0.0
irreversible_control	531	0.20626527206855527	0.20647617309011276	0.20647617309011276	0.00021090102155749135	0.0	0.00025
irreversible_control	532	-0.12246626312134748	-0.12246626312134748	-0.12246626312134748	0.0	0.0	0.0
irreversible_control	533	-0.15599538389748038	-0.15599538389748038	-0.15599538389748038	0.0	0.0	0.0
irreversible_control	534	0.2033042309806488	0.2033042309806488	0.2033042309806488	0.0	0.0	0.0
irreversible_control	535	0.17349271359925514	0.17349271359925514	0.17349271359925514	0.0	0.0	0.0
irreversible_control	536	-0.07836049232186955	-0.07836049232186955	-0.07836049232186955	0.0	0.0	0.0
irreversible_control	537	-0.21987455358086366	-0.21987455358086366	-0.21987455358086366	0.0	0.0	0.0
irreversible_control	538	-0.14335307158569463	-0.14335307158569463	-0.14335307158569463	0.0	0.0	0.0
irreversible_control	539	-0.002595622679843105	-0.002595622679843105	-0.002595622679843105	0.0	0.0	0.0
irreversible_control	540	0.1359703999815476	0.1359703999815476	0.1359703999815476	0.0	0.0	0.0
irreversible_control	541	0.2645298063466662	0.2645298063466662	0.2645298063466662	0.0	0.0	0.0
irreversible_control	542	-0.058460594871196266	-0.058460594871196266	-0.058460594871196266	0.0	0.0	0.0
irreversible_control	543	0.02700510723546818	0.02700510723546818	0.02700510723546818	0.0	0.0	0.0
irreversible_control	544	0.007166114438362074	0.007166114438362074	0.007166114438362074	0.0	0.0	0.0
irreversible_control	545	0.30361215938496067	0.30361215938496067	0.30361215938496067	0.0	0.0	0.0
irreversible_control	546	0.025119349451621167	0.025119349451621167	0.025119349451621167	0.0	0.0	0.0
irreversible_control	547	0.2623104485094804	0.2623104485094804	0.2623104485094804	0.0	0.0	0.0
irreversible_control	548	-0.1583839476287557	-0.1583839476287557	-0.1583839476287557	0.0	0.0	0.0
irreversible_control	549	0.2722928471536562	0.2722928471536562	0.2722928471536562	0.0	0.0	0.0
irreversible_control	550	0.32770325179006154	0.32770325179006154	0.32770325179006154	0.0	0.0	0.0
irreversible_control	551	0.0229500700732224	0.0229500700732224	0.0229500700732224	0.0	0.0	0.0
irreversible_control	552	-0.010541423396143406	-0.010541423396143406	-0.010541423396143406	0.0	0.0	0.0
irreversible_control	553	0.12171083116094682	0.12171083116094682	0.12171083116094682	0.0	0.0	0.0
irreversible_control	554	-0.04164774253196647	-0.04164774253196647	-0.04164774253196647	0.0	0.0	0.0
irreversible_control	555	-0.1702912208553329	-0.1702912208553329	-0.1702912208553329	0.0	0.0	0.0
irreversible_control	556	-0.1714835491964473	-0.1714835491964473	-0.1714835491964473	0.0	0.0	0.0
irreversible_control	557	-0.04125393681084726	-0.04125393681084726	-0.04125393681084726	0.0	0.0	0.0
irreversible_control	558	0.16936864145114877	0.16936864145114877	0.16936864145114877	0.0	0.0	0.0
irreversible_control	559	0.1765317194763529	0.1765317194763529	0.1765317194763529	0.0	0.0	0.0
irreversible_control	560	-0.06730567025566467	-0.06730567025566467	-0.06730567025566467	0.0	0.0	0.0
irreversible_control	561	0.24505931120424412	0.24505931120424412	0.24505931120424412	0.0	0.0	0.0
irreversible_control	562	-0.2574386958145809	-0.2574386958145809	-0.2574386958145809	0.0	0.0	0.0
irreversible_control	563	0.15456985816091423	0.15456985816091423	0.15456985816091423	0.0	0.0	0.0
irreversible_control	564	0.2981576406368347	0.2981576406368347	0.2981576406368347	0.0	0.0	0.0
irreversible_control	565	0.293699358675823	0.293699358675823	0.293699358675823	0.0	0.0	0.0
irreversible_control	566	-0.07639981393434567	-0.07631595447158852	-0.07631595447158852	8.385946275714373e-05	0.0	0.00075
irreversible_control	567	-0.22019809511607197	-0.22019809511607197	-0.22019809511607197	0.0	0.0	0.0
irreversible_control	568	-0.0037230520576160115	-0.0037230520576160115	-0.0037230520576160115	0.0	0.0	0.0
irreversible_control	569	0.23260032664252456	0.23260032664252456	0.23260032664252456	0.0	0.0	0.0
irreversible_control	570	0.2620025784454825	0.2620025784454825	0.2620025784454825	0.0	0.0	0.0
irreversible_control	571	0.10081523606500653	0.10081523606500653	0.10081523606500653	0.0	0.0	0.0
irreversible_control	572	0.2763089603723573	0.2763089603723573	0.2763089603723573	0.0	0.0	0.0
irreversible_control	573	-0.03203982363802019	-0.03203982363802019	-0.03203982363802019	0.0	0.0	0.0
irreversible_control	574	0.32904144451761425	0.32904144451761425	0.32904144451761425	0.0	0.0	0.0
irreversible_control	575	-0.13699089661394095	-0.13699089661394095	-0.13699089661394095	0.0	0.0	0.0
irreversible_control	576	-0.17019697679149265	-0.17009725123963	-0.17009725123963	9.972555186266163e-05	0.0	0.00025
irreversible_control	577	0.04152793208915329	0.04152793208915329	0.04152793208915329	0.0	0.0	0.0
irreversible_control	578	0.2270826068509733	0.2270826068509733	0.2270826068509733	0.0	0.0	0.0
irreversible_control	579	0.29589411518500647	0.29589411518500647	0.29589411518500647	0.0	0.0	0.0
irreversible_control	580	0.034005100344005335	0.034005100344005335	0.034005100344005335	0.0	0.0	0.0
irreversible_control	581	0.18623162446050764	0.18623162446050764	0.18623162446050764	0.0	0.0	0.0
irreversible_control	582	0.3159887293085739	0.3159887293085739	0.3159887293085739	0.0	0.0	0.0
irreversible_control	583	0.32839780214411984	0.32839780214411984	0.32839780214411984	0.0	0.0	0.0
irreversible_control	584	0.06596328562284975	0.06596328562284975	0.06596328562284975	0.0	0.0	0.0
irreversible_control	585	0.3151483359570675	0.3151483359570675	0.3151483359570675	0.0	0.0	0.0
irreversible_control	586	0.2308269108393418	0.2308269108393418	0.2308269108393418	0.0	0.0	0.0
irreversible_control	587	0.12722123064049112	0.12722123064049112	0.12722123064049112	0.0	0.0	0.0
irreversible_control	588	0.13158676276292372	0.13158676276292372	0.13158676276292372	0.0	0.0	0.0
irreversible_control	589	-0.20943553342860555	-0.20943553342860555	-0.20943553342860555	0.0	0.0	0.0
irreversible_control	590	0.36388107582649365	0.36388107582649365	0.36388107582649365	0.0	0.0	0.0
irreversible_control	591	-0.0834136860382255	-0.0834136860382255	-0.0834136860382255	0.0	0.0	0.0
irreversible_control	592	-0.04864013591490007	-0.04864013591490007	-0.04864013591490007	0.0	0.0	0.0
irreversible_control	593	-0.03088530096980109	-0.03088530096980109	-0.03088530096980109	0.0	0.0	0.0
irreversible_control	594	-0.06876507572251606	-0.06876507572251606	-0.06876507572251606	0.0	0.0	0.0
irreversible_control	595	0.2603674406217989	0.2603674406217989	0.2603674406217989	0.0	0.0	0.0
irreversible_control	596	0.3378752974033113	0.3378752974033113	0.3378752974033113	0.0	0.0	0.0
irreversible_control	597	0.23598412406382951	0.23598412406382951	0.23598412406382951	0.0	0.0	0.0
irreversible_control	598	0.2967012672237928	0.2967012672237928	0.2967012672237928	0.0	0.0	0.0
irreversible_control	599	0.08900726550874644	0.08900726550874644	0.08900726550874644	0.0	0.0	0.0
irreversible_control	600	-0.06531994407454733	-0.06531994407454733	-0.06531994407454733	0.0	0.0	0.0
irreversible_control	601	0.08203842398911129	0.08203842398911129	0.08203842398911129	0.0	0.0	0.0
irreversible_control	602	0.04402272808565851	0.04402272808565851	0.04402272808565851	0.0	0.0	0.0
irreversible_control	603	-0.011366817548050493	-0.011366817548050493	-0.011366817548050493	0.0	0.0	0.0
irreversible_control	604	0.35539321482593766	0.35539321482593766	0.35539321482593766	0.0	0.0	0.0
irreversible_control	605	0.10383084348579316	0.10383084348579316	0.10383084348579316	0.0	0.0	0.0
irreversible_control	606	0.16139541382553985	0.16139541382553985	0.16139541382553985	0.0	0.0	0.0
irreversible_control	607	0.0610254905691002	0.0610254905691002	0.0610254905691002	0.0	0.0	0.0
irreversible_control	608	0.10089490534356102	0.10089490534356102	0.10089490534356102	0.0	0.0	0.0
irreversible_control	609	-0.046396604134827345	-0.046396604134827345	-0.046396604134827345	0.0	0.0	0.0
irreversible_control	610	0.28936269243388973	0.28936269243388973	0.28936269243388973	0.0	0.0	0.0
irreversible_control	611	0.21511385763055288	0.21511385763055288	0.21511385763055288	0.0	0.0	0.0
irreversible_control	612	0.07178361751167563	0.07178361751167563	0.07178361751167563	0.0	0.0	0.0
irreversible_control	613	-0.11030230268950388	-0.11030230268950388	-0.11030230268950388	0.0	0.0	0.0
irreversible_control	614	0.10927646557964527	0.10927646557964527	0.10927646557964527	0.0	0.0	0.0
irreversible_control	615	0.25274457269752465	0.25274457269752465	0.25274457269752465	0.0	0.0	0.0
irreversible_control	616	-0.05323753193403353	-0.05323753193403353	-0.05323753193403353	0.0	0.0	0.0
irreversible_control	617	-0.11618012924145447	-0.11618012924145447	-0.11618012924145447	0.0	0.0	0.0
irreversible_control	618	0.27565711723757386	0.27565711723757386	0.27565711723757386	0.0	0.0	0.0
irreversible_control	619	-0.06083987790281973	-0.06083987790281973	-0.06083987790281973	0.0	0.0	0.0
irreversible_control	620	-0.12807619829167938	-0.12797731992145914	-0.12797731992145914	9.887837022024004e-05	0.0	0.00025
irreversible_control	621	-0.13147655734174685	-0.13147655734174685	-0.13147655734174685	0.0	0.0	0.0
irreversible_control	622	0.30278683485019076	0.30278683485019076	0.30278683485019076	0.0	0.0	0.0
irreversible_control	623	0.17795633033300778	0.17795633033300778	0.17795633033300778	0.0	0.0	0.0
irreversible_control	624	0.086971142084648	0.086971142084648	0.086971142084648	0.0	0.0	0.0
irreversible_control	625	-0.07158379247167546	-0.07158379247167546	-0.07158379247167546	0.0	0.0	0.0
irreversible_control	626	-0.07711972460743848	-0.07711972460743848	-0.07711972460743848	0.0	0.0	0.0
irreversible_control	627	0.20892183212432827	0.20892183212432827	0.20892183212432827	0.0	0.0	0.0
irreversible_control	628	-0.17086793479683104	-0.17086793479683104	-0.17086793479683104	0.0	0.0	0.0
irreversible_control	629	-0.06679530569154736	-0.06679530569154736	-0.06679530569154736	0.0	0.0	0.0
irreversible_control	630	-0.11187860342515545	-0.11187860342515545	-0.11187860342515545	0.0	0.0	0.0
irreversible_control	631	0.1338370368013437	0.1338370368013437	0.1338370368013437	0.0	0.0	0.0
irreversible_control	632	-0.1536362722526543	-0.1536362722526543	-0.1536362722526543	0.0	0.0	0.0
irreversible_control	633	0.15514126584664995	0.15514126584664995	0.15514126584664995	0.0	0.0	0.0
irreversible_control	634	0.07394991554371523	0.07394991554371523	0.07394991554371523	0.0	0.0	0.0
irreversible_control	635	0.1956450044651926	0.1956450044651926	0.1956450044651926	0.0	0.0	0.0
irreversible_control	636	-0.06118984384393274	-0.06118984384393274	-0.06118984384393274	0.0	0.0	0.0
irreversible_control	637	0.09780375342958113	0.09780375342958113	0.09780375342958113	0.0	0.0	0.0
irreversible_control	638	-0.1834330271995831	-0.1834330271995831	-0.1834330271995831	0.0	0.0	0.0
irreversible_control	639	0.22098249919542667	0.22098249919542667	0.22098249919542667	0.0	0.0	0.0
irreversible_control	640	0.3241651494044361	0.3241651494044361	0.3241651494044361	0.0	0.0	0.0
irreversible_control	641	-0.09381683635108723	-0.09381683635108723	-0.09381683635108723	0.0	0.0	0.0
irreversible_control	642	0.1876047713431221	0.18780828013114884	0.18780828013114884	0.0002035087880267461	0.0	0.0005
irreversible_control	643	-0.2517663371376407	-0.2517663371376407	-0.2517663371376407	0.0	0.0	0.0
irreversible_control	644	0.31997628179621346	0.31997628179621346	0.31997628179621346	0.0	0.0	0.0
irreversible_control	645	-0.2361163358835857	-0.2361163358835857	-0.2361163358835857	0.0	0.0	0.0
irreversible_control	646	-0.17866732579293654	-0.17866732579293654	-0.17866732579293654	0.0	0.0	0.0
irreversible_control	647	0.14698046432644335	0.14698046432644335	0.14698046432644335	0.0	0.0	0.0
irreversible_control	648	0.06908344501906953	0.06908344501906953	0.06908344501906953	0.0	0.0	0.0
irreversible_control	649	0.08632742893052625	0.08632742893052625	0.08632742893052625	0.0	0.0	0.0
irreversible_control	650	-0.1598475453967282	-0.15983809734436683	-0.15983809734436683	9.448052361388237e-06	0.0	0.00025
irreversible_control	651	-0.11924895685157756	-0.11924895685157756	-0.11924895685157756	0.0	0.0	0.0
irreversible_control	652	-0.01331603769925903	-0.01331603769925903	-0.01331603769925903	0.0	0.0	0.0
irreversible_control	653	-0.209539177396093	-0.209539177396093	-0.209539177396093	0.0	0.0	0.0
irreversible_control	654	0.0721715801739491	0.0721715801739491	0.0721715801739491	0.0	0.0	0.0
irreversible_control	655	0.04065850369939789	0.04065850369939789	0.04065850369939789	0.0	0.0	0.0
irreversible_control	656	-0.19038587499691312	-0.19031162452500983	-0.19031162452500983	7.425047190329215e-05	0.0	0.00025
irreversible_control	657	0.004748714447953187	0.004748714447953187	0.004748714447953187	0.0	0.0	0.0
irreversible_control	658	-0.25710815113292096	-0.25710815113292096	-0.25710815113292096	0.0	0.0	0.0
irreversible_control	659	-0.06492332131807343	-0.06492332131807343	-0.06492332131807343	0.0	0.0	0.0
irreversible_control	660	0.3389874968926782	0.3389874968926782	0.3389874968926782	0.0	0.0	0.0
irreversible_control	661	0.09916212088945696	0.09916212088945696	0.09916212088945696	0.0	0.0	0.0
irreversible_control	662	-0.06143976954490546	-0.06143976954490546	-0.06143976954490546	0.0	0.0	0.0
irreversible_control	663	0.170225866556761	0.170225866556761	0.170225866556761	0.0	0.0	0.0
irreversible_control	664	0.002378374125474772	0.002378374125474772	0.002378374125474772	0.0	0.0	0.0
irreversible_control	665	0.216884143164836	0.216884143164836	0.216884143164836	0.0	0.0	0.0
irreversible_control	666	0.1359158766488472	0.1359158766488472	0.1359158766488472	0.0	0.0	0.0
irreversible_control	667	0.3265586412237676	0.3265586412237676	0.3265586412237676	0.0	0.0	0.0
irreversible_control	668	0.13304577102012707	0.13304577102012707	0.13304577102012707	0.0	0.0	0.0
irreversible_control	669	0.0898002448349649	0.0898002448349649	0.0898002448349649	0.0	0.0	0.0
irreversible_control	670	0.1905538853704065	0.1905538853704065	0.1905538853704065	0.0	0.0	0.0
irreversible_control	671	0.12395226787187334	0.12395226787187334	0.12395226787187334	0.0	0.0	0.0
irreversible_control	672	-0.08645674720596648	-0.08645674720596648	-0.08645674720596648	0.0	0.0	0.0
irreversible_control	673	-0.008192340234448047	-0.008192340234448047	-0.008192340234448047	0.0	0.0	0.0
irreversible_control	674	0.04957692734620396	0.04957692734620396	0.04957692734620396	0.0	0.0	0.0
irreversible_control	675	-0.03393869019991377	-0.03393869019991377	-0.03393869019991377	0.0	0.0	0.0
irreversible_control	676	0.3184831091531423	0.3184831091531423	0.3184831091531423	0.0	0.0	0.0
irreversible_control	677	0.2924276342112388	0.2924276342112388	0.2924276342112388	0.0	0.0	0.0
irreversible_control	678	-0.022129446631010186	-0.022129446631010186	-0.022129446631010186	0.0	0.0	0.0
irreversible_control	679	-0.2531063835885897	-0.2531063835885897	-0.2531063835885897	0.0	0.0	0.0
irreversible_control	680	-0.1029800041597635	-0.1029800041597635	-0.1029800041597635	0.0	0.0	0.0
irreversible_control	681	0.34110889878261824	0.34110889878261824	0.34110889878261824	0.0	0.0	0.0
irreversible_control	682	-0.15469479030621558	-0.15469479030621558	-0.15469479030621558	0.0	0.0	0.0
irreversible_control	683	-0.11419923548386623	-0.11419923548386623	-0.11419923548386623	0.0	0.0	0.0
irreversible_control	684	0.2203340958990944	0.2203340958990944	0.2203340958990944	0.0	0.0	0.0
irreversible_control	685	-0.011818950427508074	-0.011818950427508074	-0.011818950427508074	0.0	0.0	0.0
irreversible_control	686	0.30078404439272366	0.30078404439272366	0.30078404439272366	0.0	0.0	0.0
irreversible_control	687	-0.2012412618407238	-0.2012412618407238	-0.2012412618407238	0.0	0.0	0.0
irreversible_control	688	0.00706932944876835	0.00706932944876835	0.00706932944876835	0.0	0.0	0.0
irreversible_control	689	0.27055052678310004	0.27055052678310004	0.27055052678310004	0.0	0.0	0.0
irreversible_control	690	-0.05326468362138292	-0.05326468362138292	-0.05326468362138292	0.0	0.0	0.0
irreversible_control	691	0.14906845459003515	0.14906845459003515	0.14906845459003515	0.0	0.0	0.0
irreversible_control	692	-0.1770370560948658	-0.17697831814089923	-0.17697831814089923	5.873795396657555e-05	0.0	0.00025
irreversible_control	693	-0.03472786818790163	-0.03472786818790163	-0.03472786818790163	0.0	0.0	0.0
irreversible_control	694	-0.11537285145044708	-0.11537285145044708	-0.11537285145044708	0.0	0.0	0.0
irreversible_control	695	-0.21577280033997062	-0.21577280033997062	-0.21577280033997062	0.0	0.0	0.0
irreversible_control	696	0.30404427563910097	0.30404427563910097	0.30404427563910097	0.0	0.0	0.0
irreversible_control	697	-0.2649040989845097	-0.2645646388992427	-0.2645646388992427	0.0003394600852669738	0.0	0.0005
irreversible_control	698	-0.028027634012128922	-0.028027634012128922	-0.028027634012128922	0.0	0.0	0.0
irreversible_control	699	0.2306636627200165	0.2306636627200165	0.2306636627200165	0.0	0.0	0.0
irreversible_control	700	0.06544569310332667	0.06544569310332667	0.06544569310332667	0.0	0.0	0.0
irreversible_control	701	-0.2172116609387864	-0.2172116609387864	-0.2172116609387864	0.0	0.0	0.0
irreversible_control	702	-0.12796712667404425	-0.12796712667404425	-0.12796712667404425	0.0	0.0	0.0
irreversible_control	703	-0.22351782312203033	-0.22351782312203033	-0.22351782312203033	0.0	0.0	0.0
irreversible_control	704	0.0880770451142011	0.0880770451142011	0.0880770451142011	0.0	0.0	0.0
irreversible_control	705	-0.2098557428164627	-0.2098557428164627	-0.2098557428164627	0.0	0.0	0.0
irreversible_control	706	-0.042837475381139016	-0.042837475381139016	-0.042837475381139016	0.0	0.0	0.0
irreversible_control	707	0.28142275051776605	0.28142275051776605	0.28142275051776605	0.0	0.0	0.0
irreversible_control	708	0.2136482329636644	0.2136482329636644	0.2136482329636644	0.0	0.0	0.0
irreversible_control	709	0.04736032254241155	0.04736032254241155	0.04736032254241155	0.0	0.0	0.0
irreversible_control	710	0.22196590349349496	0.22196590349349496	0.22196590349349496	0.0	0.0	0.0
irreversible_control	711	-0.16791957787116327	-0.16791957787116327	-0.16791957787116327	0.0	0.0	0.0
irreversible_control	712	-0.2648034020027876	-0.2648034020027876	-0.2648034020027876	0.0	0.0	0.0
irreversible_control	713	0.32623619562692874	0.32623619562692874	0.32623619562692874	0.0	0.0	0.0
irreversible_control	714	-0.14125876991282582	-0.14125876991282582	-0.14125876991282582	0.0	0.0	0.0
irreversible_control	715	0.015874305692778916	0.015874305692778916	0.015874305692778916	0.0	0.0	0.0
irreversible_control	716	-0.24524794699829972	-0.24524794699829972	-0.24524794699829972	0.0	0.0	0.0
irreversible_control	717	-0.10195601712420047	-0.10195601712420047	-0.10195601712420047	0.0	0.0	0.0
irreversible_control	718	0.04423197355144904	0.04423197355144904	0.04423197355144904	0.0	0.0	0.0
irreversible_control	719	-0.03237272700939388	-0.03219668051666109	-0.03219668051666109	0.00017604649273279122	0.0	0.00025
irreversible_control	720	0.03706599218856413	0.03706599218856413	0.03706599218856413	0.0	0.0	0.0
irreversible_control	721	0.18729485173389895	0.18729485173389895	0.18729485173389895	0.0	0.0	0.0
irreversible_control	722	-0.03144425215865421	-0.03144425215865421	-0.03144425215865421	0.0	0.0	0.0
irreversible_control	723	0.0813036697551726	0.0813036697551726	0.0813036697551726	0.0	0.0	0.0
irreversible_control	724	-0.08729240756534686	-0.08729240756534686	-0.08729240756534686	0.0	0.0	0.0
irreversible_control	725	0.12857824077150012	0.12857824077150012	0.12857824077150012	0.0	0.0	0.0
irreversible_control	726	-0.05065592264905647	-0.05065592264905647	-0.05065592264905647	0.0	0.0	0.0
irreversible_control	727	0.3188526331509354	0.3188526331509354	0.3188526331509354	0.0	0.0	0.0
irreversible_control	728	-0.1245740391952905	-0.1245740391952905	-0.1245740391952905	0.0	0.0	0.0
irreversible_control	729	-0.13306099476099592	-0.13306099476099592	-0.13306099476099592	0.0	0.0	0.0
irreversible_control	730	-0.21858374744033823	-0.21858374744033823	-0.21858374744033823	0.0	0.0	0.0
irreversible_control	731	-0.02101112150182938	-0.02101112150182938	-0.02101112150182938	0.0	0.0	0.0
irreversible_control	732	0.2975371599887252	0.2975371599887252	0.2975371599887252	0.0	0.0	0.0
irreversible_control	733	-0.06939654226282599	-0.06939654226282599	-0.06939654226282599	0.0	0.0	0.0
irreversible_control	734	-0.045720603710462056	-0.045720603710462056	-0.045720603710462056	0.0	0.0	0.0
irreversible_control	735	-0.25043687215604066	-0.25043687215604066	-0.25043687215604066	0.0	0.0	0.0
irreversible_control	736	0.0002507359387755805	0.0002507359387755805	0.0002507359387755805	0.0	0.0	0.0
irreversible_control	737	0.013001415337151134	0.013001415337151134	0.013001415337151134	0.0	0.0	0.0
irreversible_control	738	0.12219435137885323	0.12219435137885323	0.12219435137885323	0.0	0.0	0.0
irreversible_control	739	0.2854327007108982	0.2854327007108982	0.2854327007108982	0.0	0.0	0.0
irreversible_control	740	0.05123636949319761	0.05123636949319761	0.05123636949319761	0.0	0.0	0.0
irreversible_control	741	0.07954330762890947	0.07954330762890947	0.07954330762890947	0.0	0.0	0.0
irreversible_control	742	-0.15821479126559115	-0.15821479126559115	-0.15821479126559115	0.0	0.0	0.0
irreversible_control	743	-0.1676986535145333	-0.1676986535145333	-0.1676986535145333	0.0	0.0	0.0
irreversible_control	744	-0.06532086828288951	-0.06532086828288951	-0.06532086828288951	0.0	0.0	0.0
irreversible_control	745	0.2672799708920566	0.2672799708920566	0.2672799708920566	0.0	0.0	0.0
irreversible_control	746	-0.24528741190996678	-0.24528741190996678	-0.24528741190996678	0.0	0.0	0.0
irreversible_control	747	0.07722242860134625	0.07726976363208374	0.07726976363208374	4.733503073749146e-05	0.0	0.00025
irreversible_control	748	0.05557388280293135	0.05557388280293135	0.05557388280293135	0.0	0.0	0.0
irreversible_control	749	0.1720408451302574	0.1720408451302574	0.1720408451302574	0.0	0.0	0.0
irreversible_control	750	0.18316263372339273	0.18316263372339273	0.18316263372339273	0.0	0.0	0.0
irreversible_control	751	-0.22799582958094483	-0.22799582958094483	-0.22799582958094483	0.0	0.0	0.0
irreversible_control	752	0.06860268511077837	0.06860268511077837	0.06860268511077837	0.0	0.0	0.0
irreversible_control	753	-0.04665144460483585	-0.04665144460483585	-0.04665144460483585	0.0	0.0	0.0
irreversible_control	754	0.24284638204426806	0.24284638204426806	0.24284638204426806	0.0	0.0	0.0
irreversible_control	755	-0.053382076313717185	-0.053382076313717185	-0.053382076313717185	0.0	0.0	0.0
irreversible_control	756	-0.05562876912473327	-0.05562876912473327	-0.05562876912473327	0.0	0.0	0.0
irreversible_control	757	-5.475112230583079e-05	-5.475112230583079e-05	-5.475112230583079e-05	0.0	0.0	0.0
irreversible_control	758	0.21924499768688963	0.21924499768688963	0.21924499768688963	0.0	0.0	0.0
irreversible_control	759	0.2609961522151814	0.2609961522151814	0.2609961522151814	0.0	0.0	0.0
irreversible_control	760	0.21363831676078815	0.21377768710145778	0.21377768710145778	0.00013937034066963117	0.0	0.00025
irreversible_control	761	-0.07277528281478059	-0.07277528281478059	-0.07277528281478059	0.0	0.0	0.0
irreversible_control	762	0.18833102693494083	0.18833102693494083	0.18833102693494083	0.0	0.0	0.0
irreversible_control	763	0.14234337433114538	0.14234337433114538	0.14234337433114538	0.0	0.0	0.0
irreversible_control	764	0.19160236069805267	0.1917702772074606	0.1917702772074606	0.0001679165094079227	0.0	0.00025
irreversible_control	765	-0.08577812802288876	-0.08577812802288876	-0.08577812802288876	0.0	0.0	0.0
irreversible_control	766	0.10986711896231287	0.10986711896231287	0.10986711896231287	0.0	0.0	0.0
irreversible_control	767	-0.13094788555693535	-0.13094788555693535	-0.13094788555693535	0.0	0.0	0.0
irreversible_control	768	0.27656941683251085	0.27656941683251085	0.27656941683251085	0.0	0.0	0.0
irreversible_control	769	0.22356624187873292	0.22356624187873292	0.22356624187873292	0.0	0.0	0.0
irreversible_control	770	0.030768086747335145	0.030768086747335145	0.030768086747335145	0.0	0.0	0.0
irreversible_control	771	0.11956633555955654	0.11956633555955654	0.11956633555955654	0.0	0.0	0.0
irreversible_control	772	-0.02822784016406964	-0.02822784016406964	-0.02822784016406964	0.0	0.0	0.0
irreversible_control	773	-0.16628928113894753	-0.16628928113894753	-0.16628928113894753	0.0	0.0	0.0
irreversible_control	774	0.1029875854904698	0.1029875854904698	0.1029875854904698	0.0	0.0	0.0
irreversible_control	775	0.24278862274400814	0.24278862274400814	0.24278862274400814	0.0	0.0	0.0
irreversible_control	776	-0.029413314406275166	-0.029413314406275166	-0.029413314406275166	0.0	0.0	0.0
irreversible_control	777	0.27687234281172907	0.27687234281172907	0.27687234281172907	0.0	0.0	0.0
irreversible_control	778	-0.017712692210257806	-0.017712692210257806	-0.017712692210257806	0.0	0.0	0.0
irreversible_control	779	0.2714789659288164	0.2714789659288164	0.2714789659288164	0.0	0.0	0.0
irreversible_control	780	0.3030785003630804	0.3030785003630804	0.3030785003630804	0.0	0.0	0.0
irreversible_control	781	-0.08132872242826976	-0.08132872242826976	-0.08132872242826976	0.0	0.0	0.0
irreversible_control	782	-0.16422020299340181	-0.16422020299340181	-0.16422020299340181	0.0	0.0	0.0
irreversible_control	783	-0.2450685880817649	-0.2450685880817649	-0.2450685880817649	0.0	0.0	0.0
irreversible_control	784	0.04858773579941735	0.04858773579941735	0.04858773579941735	0.0	0.0	0.0
irreversible_control	785	-0.05294019807204559	-0.05294019807204559	-0.05294019807204559	0.0	0.0	0.0
irreversible_control	786	0.1250663284144816	0.1250663284144816	0.1250663284144816	0.0	0.0	0.0
irreversible_control	787	-0.1535610543490469	-0.1535610543490469	-0.1535610543490469	0.0	0.0	0.0
irreversible_control	788	-0.15782742632333235	-0.15782742632333235	-0.15782742632333235	0.0	0.0	0.0
irreversible_control	789	0.08572735174985596	0.08572735174985596	0.08572735174985596	0.0	0.0	0.0
irreversible_control	790	0.30690571963382957	0.30690571963382957	0.30690571963382957	0.0	0.0	0.0
irreversible_control	791	0.0422169380115245	0.0422169380115245	0.0422169380115245	0.0	0.0	0.0
irreversible_control	792	-0.1430535826268171	-0.1430535826268171	-0.1430535826268171	0.0	0.0	0.0
irreversible_control	793	-0.03056050112797231	-0.03056050112797231	-0.03056050112797231	0.0	0.0	0.0
irreversible_control	794	-0.03904904415566984	-0.039007564926634694	-0.039007564926634694	4.1479229035149e-05	0.0	0.00025
irreversible_control	795	0.04079274244516169	0.040831908228818437	0.040831908228818437	3.916578365674439e-05	0.0	0.00025
irreversible_control	796	0.05664428258071741	0.05664428258071741	0.05664428258071741	0.0	0.0	0.0
irreversible_control	797	0.1665121980525873	0.1665121980525873	0.1665121980525873	0.0	0.0	0.0
irreversible_control	798	0.30041872956968085	0.30041872956968085	0.30041872956968085	0.0	0.0	0.0
irreversible_control	799	0.025297194973939254	0.025297194973939254	0.025297194973939254	0.0	0.0	0.0
irreversible_control	800	0.2216828045573479	0.2216828045573479	0.2216828045573479	0.0	0.0	0.0
irreversible_control	801	-0.10668684335475809	-0.10668684335475809	-0.10668684335475809	0.0	0.0	0.0
irreversible_control	802	0.13700556465639926	0.13700556465639926	0.13700556465639926	0.0	0.0	0.0
irreversible_control	803	0.2320252691140304	0.2320252691140304	0.2320252691140304	0.0	0.0	0.0
irreversible_control	804	0.08631822133855575	0.08631822133855575	0.08631822133855575	0.0	0.0	0.0
irreversible_control	805	0.2985137894668131	0.2985137894668131	0.2985137894668131	0.0	0.0	0.0
irreversible_control	806	0.34431188690225645	0.34431188690225645	0.34431188690225645	0.0	0.0	0.0
irreversible_control	807	0.24059144258788506	0.24059144258788506	0.24059144258788506	0.0	0.0	0.0
irreversible_control	808	0.07983178545129184	0.07983178545129184	0.07983178545129184	0.0	0.0	0.0
irreversible_control	809	0.287390668579647	0.287390668579647	0.287390668579647	0.0	0.0	0.0
irreversible_control	810	-0.12535212924053346	-0.12535212924053346	-0.12535212924053346	0.0	0.0	0.0
irreversible_control	811	0.3018375635947432	0.3018375635947432	0.3018375635947432	0.0	0.0	0.0
irreversible_control	812	0.20232008702463203	0.20232008702463203	0.20232008702463203	0.0	0.0	0.0
irreversible_control	813	0.23469378461679713	0.23469378461679713	0.23469378461679713	0.0	0.0	0.0
irreversible_control	814	0.27402394612185027	0.2740559692744842	0.2740559692744842	3.202315263395317e-05	0.0	0.00025
irreversible_control	815	0.05711334463779326	0.05711334463779326	0.05711334463779326	0.0	0.0	0.0
irreversible_control	816	0.32702337176845914	0.32702337176845914	0.32702337176845914	0.0	0.0	0.0
irreversible_control	817	-0.12856595519535374	-0.12856595519535374	-0.12856595519535374	0.0	0.0	0.0
irreversible_control	818	-0.05012916925390419	-0.05012916925390419	-0.05012916925390419	0.0	0.0	0.0
irreversible_control	819	0.055990398307525883	0.055990398307525883	0.055990398307525883	0.0	0.0	0.0
irreversible_control	820	0.2647259990722626	0.2647259990722626	0.2647259990722626	0.0	0.0	0.0
irreversible_control	821	-0.008572284546351481	-0.008572284546351481	-0.008572284546351481	0.0	0.0	0.0
irreversible_control	822	-0.12939436496812257	-0.12939436496812257	-0.12939436496812257	0.0	0.0	0.0
irreversible_control	823	-0.27055864198991464	-0.2702531545735423	-0.2702531545735423	0.0003054874163723187	0.0	0.0005
irreversible_control	824	0.24961340924357722	0.24961340924357722	0.24961340924357722	0.0	0.0	0.0
irreversible_control	825	0.24592098147053001	0.24592098147053001	0.24592098147053001	0.0	0.0	0.0
irreversible_control	826	0.2671932190334602	0.2671932190334602	0.2671932190334602	0.0	0.0	0.0
irreversible_control	827	0.20970941315645975	0.20970941315645975	0.20970941315645975	0.0	0.0	0.0
irreversible_control	828	0.08816835951440444	0.08816835951440444	0.08816835951440444	0.0	0.0	0.0
irreversible_control	829	0.2890350183104814	0.2890350183104814	0.2890350183104814	0.0	0.0	0.0
irreversible_control	830	0.3439044343976731	0.3439044343976731	0.3439044343976731	0.0	0.0	0.0
irreversible_control	831	-0.23093496592280707	-0.23093496592280707	-0.23093496592280707	0.0	0.0	0.0
irreversible_control	832	0.0016719063935656448	0.0016719063935656448	0.0016719063935656448	0.0	0.0	0.0
irreversible_control	833	0.036310698918697086	0.036310698918697086	0.036310698918697086	0.0	0.0	0.0
irreversible_control	834	-0.019809685809974227	-0.019809685809974227	-0.019809685809974227	0.0	0.0	0.0
irreversible_control	835	-0.09646862692912368	-0.09646862692912368	-0.09646862692912368	0.0	0.0	0.0
irreversible_control	836	-0.1236064000043016	-0.1236064000043016	-0.1236064000043016	0.0	0.0	0.0
irreversible_control	837	0.12294104398187777	0.12294104398187777	0.12294104398187777	0.0	0.0	0.0
irreversible_control	838	-0.22871446200325904	-0.22871446200325904	-0.22871446200325904	0.0	0.0	0.0
irreversible_control	839	-0.23669655119445343	-0.23669655119445343	-0.23669655119445343	0.0	0.0	0.0
irreversible_control	840	-0.14832791126851533	-0.14832791126851533	-0.14832791126851533	0.0	0.0	0.0
irreversible_control	841	-0.10615697379436981	-0.10615697379436981	-0.10615697379436981	0.0	0.0	0.0
irreversible_control	842	-0.2388267642450378	-0.2388267642450378	-0.2388267642450378	0.0	0.0	0.0
irreversible_control	843	-0.22615965495743512	-0.22615965495743512	-0.22615965495743512	0.0	0.0	0.0
irreversible_control	844	-0.014653134892938326	-0.014653134892938326	-0.014653134892938326	0.0	0.0	0.0
irreversible_control	845	0.2146973992009236	0.2146973992009236	0.2146973992009236	0.0	0.0	0.0
irreversible_control	846	0.2956722207493602	0.2956722207493602	0.2956722207493602	0.0	0.0	0.0
irreversible_control	847	0.33631465968393026	0.33631465968393026	0.33631465968393026	0.0	0.0	0.0
irreversible_control	848	0.2649748828690011	0.2649748828690011	0.2649748828690011	0.0	0.0	0.0
irreversible_control	849	-0.11148864673210913	-0.11148864673210913	-0.11148864673210913	0.0	0.0	0.0
irreversible_control	850	0.16975840868014955	0.16975840868014955	0.16975840868014955	0.0	0.0	0.0
irreversible_control	851	-0.13573585403277338	-0.13573585403277338	-0.13573585403277338	0.0	0.0	0.0
irreversible_control	852	0.15893130115801063	0.15893130115801063	0.15893130115801063	0.0	0.0	0.0
irreversible_control	853	0.11761137436550777	0.11761137436550777	0.11761137436550777	0.0	0.0	0.0
irreversible_control	854	-0.0024009790196008974	-0.0024009790196008974	-0.0024009790196008974	0.0	0.0	0.0
irreversible_control	855	-0.2007739525964859	-0.2007739525964859	-0.2007739525964859	0.0	0.0	0.0
irreversible_control	856	-0.26477160979732367	-0.26426918738311056	-0.26426918738311056	0.0005024224142131106	0.0	0.0005
irreversible_control	857	0.23196698614544115	0.23196698614544115	0.23196698614544115	0.0	0.0	0.0
irreversible_control	858	0.023668849857365906	0.02374837003789941	0.02374837003789941	7.95201805335044e-05	0.0	0.00025
irreversible_control	859	0.15469092575149268	0.15469092575149268	0.15469092575149268	0.0	0.0	0.0
irreversible_control	860	-0.11693567462250977	-0.11693567462250977	-0.11693567462250977	0.0	0.0	0.0
irreversible_control	861	-0.02128034856008615	-0.02128034856008615	-0.02128034856008615	0.0	0.0	0.0
irreversible_control	862	0.310550937469203	0.31055269543375497	0.31055269543375497	1.7579645519849585e-06	0.0	0.00025
irreversible_control	863	0.19418096233149174	0.19418096233149174	0.19418096233149174	0.0	0.0	0.0
irreversible_control	864	0.1614142130599565	0.1614142130599565	0.1614142130599565	0.0	0.0	0.0
irreversible_control	865	0.21264974450663432	0.21264974450663432	0.21264974450663432	0.0	0.0	0.0
irreversible_control	866	-0.2571939503153542	-0.2571939503153542	-0.2571939503153542	0.0	0.0	0.0
irreversible_control	867	-0.10845507980427588	-0.10845507980427588	-0.10845507980427588	0.0	0.0	0.0
irreversible_control	868	0.21116119383373724	0.21116119383373724	0.21116119383373724	0.0	0.0	0.0
irreversible_control	869	0.08157659461625882	0.08157659461625882	0.08157659461625882	0.0	0.0	0.0
irreversible_control	870	0.33799154401717657	0.33812015884698976	0.33812015884698976	0.0001286148298131895	0.0	0.00025
irreversible_control	871	-0.199811934364988	-0.199811934364988	-0.199811934364988	0.0	0.0	0.0
irreversible_control	872	-0.11780177534695141	-0.11780177534695141	-0.11780177534695141	0.0	0.0	0.0
irreversible_control	873	0.11985725521473992	0.11985725521473992	0.11985725521473992	0.0	0.0	0.0
irreversible_control	874	-0.03723029950924427	-0.03723029950924427	-0.03723029950924427	0.0	0.0	0.0
irreversible_control	875	0.23553587284274463	0.23553587284274463	0.23553587284274463	0.0	0.0	0.0
irreversible_control	876	0.29188702480220663	0.29188702480220663	0.29188702480220663	0.0	0.0	0.0
irreversible_control	877	0.3032629079497817	0.3032629079497817	0.3032629079497817	0.0	0.0	0.0
irreversible_control	878	-0.1732938943688946	-0.1732938943688946	-0.1732938943688946	0.0	0.0	0.0
irreversible_control	879	0.2774959752365391	0.2774959752365391	0.2774959752365391	0.0	0.0	0.0
irreversible_control	880	0.2713548999806287	0.2713548999806287	0.2713548999806287	0.0	0.0	0.0
irreversible_control	881	0.24172763863587307	0.24172763863587307	0.24172763863587307	0.0	0.0	0.0
irreversible_control	882	-0.0734376369658089	-0.0734376369658089	-0.0734376369658089	0.0	0.0	0.0
irreversible_control	883	0.1805426342870009	0.1805426342870009	0.1805426342870009	0.0	0.0	0.0
irreversible_control	884	0.17513860132548079	0.17513860132548079	0.17513860132548079	0.0	0.0	0.0
irreversible_control	885	0.1480918740687984	0.1480918740687984	0.1480918740687984	0.0	0.0	0.0
irreversible_control	886	-0.06701819699860699	-0.06701026747562537	-0.06701026747562537	7.929522981620085e-06	0.0	0.00025
irreversible_control	887	-0.15282519808774073	-0.15282519808774073	-0.15282519808774073	0.0	0.0	0.0
irreversible_control	888	0.31441631547699167	0.31441631547699167	0.31441631547699167	0.0	0.0	0.0
irreversible_control	889	0.2862470429301552	0.2862470429301552	0.2862470429301552	0.0	0.0	0.0
irreversible_control	890	-0.11951750738907387	-0.11927083500952196	-0.11927083500952196	0.00024667237955190713	0.0	0.00025
irreversible_control	891	-0.21525015491203253	-0.21525015491203253	-0.21525015491203253	0.0	0.0	0.0
irreversible_control	892	0.28548684084520026	0.28548684084520026	0.28548684084520026	0.0	0.0	0.0
irreversible_control	893	0.08391938485109794	0.08391938485109794	0.08391938485109794	0.0	0.0	0.0
irreversible_control	894	-0.06700139086991622	-0.06700139086991622	-0.06700139086991622	0.0	0.0	0.0
irreversible_control	895	0.006837642367100183	0.006837642367100183	0.006837642367100183	0.0	0.0	0.0
irreversible_control	896	0.059977726899237103	0.059977726899237103	0.059977726899237103	0.0	0.0	0.0
irreversible_control	897	0.17599078831802709	0.17599078831802709	0.17599078831802709	0.0	0.0	0.0
irreversible_control	898	-0.13611875231284273	-0.13611875231284273	-0.13611875231284273	0.0	0.0	0.0
irreversible_control	899	0.026078921101463974	0.026078921101463974	0.026078921101463974	0.0	0.0	0.0
irreversible_control	900	-0.10863442876177547	-0.10863442876177547	-0.10863442876177547	0.0	0.0	0.0
irreversible_control	901	0.21005561644651502	0.21005561644651502	0.21005561644651502	0.0	0.0	0.0
irreversible_control	902	-0.06669290947580385	-0.06669290947580385	-0.06669290947580385	0.0	0.0	0.0
irreversible_control	903	0.19448277636998698	0.19448277636998698	0.19448277636998698	0.0	0.0	0.0
irreversible_control	904	0.1738808751275475	0.1738808751275475	0.1738808751275475	0.0	0.0	0.0
irreversible_control	905	-0.20405636671821595	-0.20405636671821595	-0.20405636671821595	0.0	0.0	0.0
irreversible_control	906	0.2148621565511886	0.2148621565511886	0.2148621565511886	0.0	0.0	0.0
irreversible_control	907	0.353445012918575	0.353445012918575	0.353445012918575	0.0	0.0	0.0
irreversible_control	908	0.0055012209795474954	0.005676263724320703	0.005676263724320703	0.00017504274477320777	0.0	0.0005
irreversible_control	909	-0.19298382734319625	-0.19298382734319625	-0.19298382734319625	0.0	0.0	0.0
irreversible_control	910	0.047068275299293076	0.047068275299293076	0.047068275299293076	0.0	0.0	0.0
irreversible_control	911	0.3151104037161608	0.3151104037161608	0.3151104037161608	0.0	0.0	0.0
irreversible_control	912	0.06286291768977015	0.06286291768977015	0.06286291768977015	0.0	0.0	0.0
irreversible_control	913	0.297755222816784	0.297755222816784	0.297755222816784	0.0	0.0	0.0
irreversible_control	914	-0.0834203837128531	-0.0834203837128531	-0.0834203837128531	0.0	0.0	0.0
irreversible_control	915	-0.14153892652532263	-0.14153892652532263	-0.14153892652532263	0.0	0.0	0.0
irreversible_control	916	0.04423769078158495	0.04423769078158495	0.04423769078158495	0.0	0.0	0.0
irreversible_control	917	0.2151045569362138	0.2151045569362138	0.2151045569362138	0.0	0.0	0.0
irreversible_control	918	0.02048821618195049	0.02048821618195049	0.02048821618195049	0.0	0.0	0.0
irreversible_control	919	0.15940766807308202	0.15940766807308202	0.15940766807308202	0.0	0.0	0.0
irreversible_control	920	0.11763147040814934	0.11763147040814934	0.11763147040814934	0.0	0.0	0.0
irreversible_control	921	0.19965252448071674	0.19965252448071674	0.19965252448071674	0.0	0.0	0.0
irreversible_control	922	-0.09285377337492394	-0.09285377337492394	-0.09285377337492394	0.0	0.0	0.0
irreversible_control	923	-0.23563772125041654	-0.23563772125041654	-0.23563772125041654	0.0	0.0	0.0
irreversible_control	924	-0.09497244385073082	-0.09497244385073082	-0.09497244385073082	0.0	0.0	0.0
irreversible_control	925	0.17161995621358175	0.17161995621358175	0.17161995621358175	0.0	0.0	0.0
irreversible_control	926	0.2412845957227104	0.2412845957227104	0.2412845957227104	0.0	0.0	0.0
irreversible_control	927	-0.20304214835739887	-0.20304214835739887	-0.20304214835739887	0.0	0.0	0.0
irreversible_control	928	0.09727499263179237	0.09727499263179237	0.09727499263179237	0.0	0.0	0.0
irreversible_control	929	-0.0653919864877155	-0.0653919864877155	-0.0653919864877155	0.0	0.0	0.0
irreversible_control	930	-0.1552991506175064	-0.1552991506175064	-0.1552991506175064	0.0	0.0	0.0
irreversible_control	931	0.32488584472017096	0.32488584472017096	0.32488584472017096	0.0	0.0	0.0
irreversible_control	932	0.09143898913313529	0.09143898913313529	0.09143898913313529	0.0	0.0	0.0
irreversible_control	933	0.3680534265305159	0.3680534265305159	0.3680534265305159	0.0	0.0	0.0
irreversible_control	934	-0.14098239556340475	-0.14098239556340475	-0.14098239556340475	0.0	0.0	0.0
irreversible_control	935	0.00525956251789869	0.00525956251789869	0.00525956251789869	0.0	0.0	0.0
irreversible_control	936	-0.02524653889364488	-0.02524653889364488	-0.02524653889364488	0.0	0.0	0.0
irreversible_control	937	0.3197668649564581	0.3197668649564581	0.3197668649564581	0.0	0.0	0.0
irreversible_control	938	0.02929949878892882	0.02929949878892882	0.02929949878892882	0.0	0.0	0.0
irreversible_control	939	0.044545893056790846	0.04463386342716438	0.04463386342716438	8.797037037353711e-05	0.0	0.00025
irreversible_control	940	-0.017383323032752536	-0.017383323032752536	-0.017383323032752536	0.0	0.0	0.0
irreversible_control	941	0.22619269566598982	0.22619269566598982	0.22619269566598982	0.0	0.0	0.0
irreversible_control	942	-0.09816788086299183	-0.09816788086299183	-0.09816788086299183	0.0	0.0	0.0
irreversible_control	943	0.02602459242629587	0.02602459242629587	0.02602459242629587	0.0	0.0	0.0
irreversible_control	944	0.3046350344551629	0.30465560357277616	0.30465560357277616	2.0569117613278287e-05	0.0	0.00025
irreversible_control	945	0.03634307121456179	0.03634307121456179	0.03634307121456179	0.0	0.0	0.0
irreversible_control	946	-0.16850574903140325	-0.16850574903140325	-0.16850574903140325	0.0	0.0	0.0
irreversible_control	947	-0.18702649521924303	-0.18702649521924303	-0.18702649521924303	0.0	0.0	0.0
irreversible_control	948	-0.1350373440260332	-0.1350373440260332	-0.1350373440260332	0.0	0.0	0.0
irreversible_control	949	-0.06544549070220754	-0.06544549070220754	-0.06544549070220754	0.0	0.0	0.0
irreversible_control	950	0.17762352274733878	0.17762352274733878	0.17762352274733878	0.0	0.0	0.0
irreversible_control	951	-0.03807936460798028	-0.0380542555092342	-0.0380542555092342	2.510909874608308e-05	0.0	0.00025
irreversible_control	952	0.29039827681114616	0.29039827681114616	0.29039827681114616	0.0	0.0	0.0
irreversible_control	953	-0.04901763157970217	-0.04901763157970217	-0.04901763157970217	0.0	0.0	0.0
irreversible_control	954	-0.009007137141874254	-0.009007137141874254	-0.009007137141874254	0.0	0.0	0.0
irreversible_control	955	0.20866780929351644	0.20866780929351644	0.20866780929351644	0.0	0.0	0.0
irreversible_control	956	0.03414497842533287	0.03414497842533287	0.03414497842533287	0.0	0.0	0.0
irreversible_control	957	0.34928904074271006	0.34928904074271006	0.34928904074271006	0.0	0.0	0.0
irreversible_control	958	-0.15304326517478153	-0.15304326517478153	-0.15304326517478153	0.0	0.0	0.0
irreversible_control	959	0.2730592614082226	0.2730592614082226	0.2730592614082226	0.0	0.0	0.0
irreversible_control	960	0.33525001246584196	0.33525001246584196	0.33525001246584196	0.0	0.0	0.0
irreversible_control	961	0.3373325103377706	0.3373325103377706	0.3373325103377706	0.0	0.0	0.0
irreversible_control	962	0.20082624978093222	0.20082624978093222	0.20082624978093222	0.0	0.0	0.0
irreversible_control	963	0.002821491326220018	0.002821491326220018	0.002821491326220018	0.0	0.0	0.0
irreversible_control	964	-0.09759291413935332	-0.09759291413935332	-0.09759291413935332	0.0	0.0	0.0
irreversible_control	965	0.16194390195386563	0.16194390195386563	0.16194390195386563	0.0	0.0	0.0
irreversible_control	966	0.1378211552720217	0.1378211552720217	0.1378211552720217	0.0	0.0	0.0
irreversible_control	967	-0.1235799016340153	-0.1235799016340153	-0.1235799016340153	0.0	0.0	0.0
irreversible_control	968	-0.07738456302015172	-0.07738456302015172	-0.07738456302015172	0.0	0.0	0.0
irreversible_control	969	0.3309234817695326	0.3309234817695326	0.3309234817695326	0.0	0.0	0.0
irreversible_control	970	0.05369276964676883	0.05369276964676883	0.05369276964676883	0.0	0.0	0.0
irreversible_control	971	0.23145600100274766	0.23145600100274766	0.23145600100274766	0.0	0.0	0.0
irreversible_control	972	-0.21019478409771744	-0.21019478409771744	-0.21019478409771744	0.0	0.0	0.0
irreversible_control	973	0.29429694283976354	0.29429694283976354	0.29429694283976354	0.0	0.0	0.0
irreversible_control	974	0.04459884371079332	0.04459884371079332	0.04459884371079332	0.0	0.0	0.0
irreversible_control	975	0.34033036311002923	0.34033036311002923	0.34033036311002923	0.0	0.0	0.0
irreversible_control	976	0.20772309186012444	0.20772309186012444	0.20772309186012444	0.0	0.0	0.0
irreversible_control	977	0.3117158272208853	0.3117158272208853	0.3117158272208853	0.0	0.0	0.0
irreversible_control	978	-0.012294142870752037	-0.012294142870752037	-0.012294142870752037	0.0	0.0	0.0
irreversible_control	979	0.06884941418047523	0.06884941418047523	0.06884941418047523	0.0	0.0	0.0
irreversible_control	980	0.29271423612698083	0.29271423612698083	0.29271423612698083	0.0	0.0	0.0
irreversible_control	981	-0.197822311678012	-0.197822311678012	-0.197822311678012	0.0	0.0	0.0
irreversible_control	982	-0.19629332172300015	-0.19629332172300015	-0.19629332172300015	0.0	0.0	0.0
irreversible_control	983	0.006287343638318045	0.006287343638318045	0.006287343638318045	0.0	0.0	0.0
irreversible_control	984	0.009863367159544782	0.009863367159544782	0.009863367159544782	0.0	0.0	0.0
irreversible_control	985	-0.013449825212002166	-0.013449825212002166	-0.013449825212002166	0.0	0.0	0.0
irreversible_control	986	0.27480173745086894	0.27480173745086894	0.27480173745086894	0.0	0.0	0.0
irreversible_control	987	0.0891975194794283	0.0891975194794283	0.0891975194794283	0.0	0.0	0.0
irreversible_control	988	-0.09736974834796888	-0.09736974834796888	-0.09736974834796888	0.0	0.0	0.0
irreversible_control	989	0.2006540188541378	0.2006540188541378	0.2006540188541378	0.0	0.0	0.0
irreversible_control	990	-0.16968252889447785	-0.16968252889447785	-0.16968252889447785	0.0	0.0	0.0
irreversible_control	991	-0.017701551917947596	-0.017701551917947596	-0.017701551917947596	0.0	0.0	0.0
irreversible_control	992	0.1683955481751453	0.1683955481751453	0.1683955481751453	0.0	0.0	0.0
irreversible_control	993	-0.2383147064768712	-0.2383147064768712	-0.2383147064768712	0.0	0.0	0.0
irreversible_control	994	0.289519198392596	0.289519198392596	0.289519198392596	0.0	0.0	0.0
irreversible_control	995	-0.21264073695018648	-0.21264073695018648	-0.21264073695018648	0.0	0.0	0.0
irreversible_control	996	0.08430286498703936	0.08430286498703936	0.08430286498703936	0.0	0.0	0.0
irreversible_control	997	-0.12868531117414117	-0.12868531117414117	-0.12868531117414117	0.0	0.0	0.0
irreversible_control	998	-0.004877920520920151	-0.004877920520920151	-0.004877920520920151	0.0	0.0	0.0
irreversible_control	999	-0.1585054531654426	-0.1585054531654426	-0.1585054531654426	0.0	0.0	0.0
irreversible_control	1000	-0.1820047136999151	-0.1820047136999151	-0.1820047136999151	0.0	0.0	0.0
irreversible_control	1001	0.2309515086186812	0.2309515086186812	0.2309515086186812	0.0	0.0	0.0
irreversible_control	1002	0.11700417790522183	0.11700417790522183	0.11700417790522183	0.0	0.0	0.0
irreversible_control	1003	-0.1644039932789895	-0.1644039932789895	-0.1644039932789895	0.0	0.0	0.0
irreversible_control	1004	-0.14337138303490518	-0.14337138303490518	-0.14337138303490518	0.0	0.0	0.0
irreversible_control	1005	0.14649084105935703	0.14649084105935703	0.14649084105935703	0.0	0.0	0.0
irreversible_control	1006	-0.22723852305091902	-0.22723852305091902	-0.22723852305091902	0.0	0.0	0.0
irreversible_control	1007	-0.05386122089550335	-0.05386122089550335	-0.05386122089550335	0.0	0.0	0.0
irreversible_control	1008	0.13597171806873146	0.13597171806873146	0.13597171806873146	0.0	0.0	0.0
irreversible_control	1009	0.36647245856019806	0.36647245856019806	0.36647245856019806	0.0	0.0	0.0
irreversible_control	1010	0.2669954761766419	0.2669954761766419	0.2669954761766419	0.0	0.0	0.0
irreversible_control	1011	-0.24564002258645676	-0.24564002258645676	-0.24564002258645676	0.0	0.0	0.0
irreversible_control	1012	0.23233755458358868	0.23233755458358868	0.23233755458358868	0.0	0.0	0.0
irreversible_control	1013	0.12521794019272178	0.12521794019272178	0.12521794019272178	0.0	0.0	0.0
irreversible_control	1014	-0.061634823571305807	-0.061634823571305807	-0.061634823571305807	0.0	0.0	0.0
irreversible_control	1015	0.058027821982590815	0.058027821982590815	0.058027821982590815	0.0	0.0	0.0
irreversible_control	1016	0.10404843431541004	0.10404843431541004	0.10404843431541004	0.0	0.0	0.0
irreversible_control	1017	0.2915067806169609	0.2915067806169609	0.2915067806169609	0.0	0.0	0.0
irreversible_control	1018	0.003840481254737414	0.003840481254737414	0.003840481254737414	0.0	0.0	0.0
irreversible_control	1019	0.2533495970199137	0.2533495970199137	0.2533495970199137	0.0	0.0	0.0
irreversible_control	1020	0.26603537859864607	0.26603537859864607	0.26603537859864607	0.0	0.0	0.0
irreversible_control	1021	0.282235304093364	0.282235304093364	0.282235304093364	0.0	0.0	0.0
irreversible_control	1022	-0.06271212603887508	-0.06268106510541263	-0.06268106510541263	3.106093346244565e-05	0.0	0.00025
irreversible_control	1023	-0.03522469157609765	-0.03522469157609765	-0.03522469157609765	0.0	0.0	0.0
irreversible_control	1024	-0.1933161787995902	-0.1933161787995902	-0.1933161787995902	0.0	0.0	0.0
irreversible_control	1025	0.10321481615435463	0.10321481615435463	0.10321481615435463	0.0	0.0	0.0
irreversible_control	1026	0.09986554678061262	0.09986554678061262	0.09986554678061262	0.0	0.0	0.0
irreversible_control	1027	0.2731025598575374	0.2731025598575374	0.2731025598575374	0.0	0.0	0.0
irreversible_control	1028	0.24324178243709804	0.24324178243709804	0.24324178243709804	0.0	0.0	0.0
irreversible_control	1029	0.18878260577697245	0.1888606182352267	0.1888606182352267	7.801245825425629e-05	0.0	0.00025
irreversible_control	1030	0.030949618292207604	0.030949618292207604	0.030949618292207604	0.0	0.0	0.0
irreversible_control	1031	-0.007894473073157254	-0.007894473073157254	-0.007894473073157254	0.0	0.0	0.0
irreversible_control	1032	0.2647805771403971	0.2647805771403971	0.2647805771403971	0.0	0.0	0.0
irreversible_control	1033	0.15007031575345697	0.15007031575345697	0.15007031575345697	0.0	0.0	0.0
irreversible_control	1034	0.2768165086466436	0.2768165086466436	0.2768165086466436	0.0	0.0	0.0
irreversible_control	1035	0.33129091953259376	0.33129091953259376	0.33129091953259376	0.0	0.0	0.0
irreversible_control	1036	0.22885600238034198	0.22885600238034198	0.22885600238034198	0.0	0.0	0.0
irreversible_control	1037	0.2146933907015337	0.2146933907015337	0.2146933907015337	0.0	0.0	0.0
irreversible_control	1038	-0.10210369767818384	-0.10210369767818384	-0.10210369767818384	0.0	0.0	0.0
irreversible_control	1039	-0.06401660351060688	-0.06394201918883603	-0.06394201918883603	7.458432177084862e-05	0.0	0.00025
irreversible_control	1040	0.024784017480252336	0.024784017480252336	0.024784017480252336	0.0	0.0	0.0
irreversible_control	1041	0.11662756194339594	0.11662756194339594	0.11662756194339594	0.0	0.0	0.0
irreversible_control	1042	-0.12251161843789496	-0.12251161843789496	-0.12251161843789496	0.0	0.0	0.0
irreversible_control	1043	0.04721995600756551	0.04721995600756551	0.04721995600756551	0.0	0.0	0.0
irreversible_control	1044	0.14627855677413362	0.14627855677413362	0.14627855677413362	0.0	0.0	0.0
irreversible_control	1045	0.15610743750232625	0.15610743750232625	0.15610743750232625	0.0	0.0	0.0
irreversible_control	1046	0.15414921011488478	0.15414921011488478	0.15414921011488478	0.0	0.0	0.0
irreversible_control	1047	0.14789909057733558	0.14789909057733558	0.14789909057733558	0.0	0.0	0.0
irreversible_control	1048	0.04431699580636378	0.04431699580636378	0.04431699580636378	0.0	0.0	0.0
irreversible_control	1049	0.054014666106354386	0.054014666106354386	0.054014666106354386	0.0	0.0	0.0
irreversible_control	1050	0.041765436890678825	0.041765436890678825	0.041765436890678825	0.0	0.0	0.0
irreversible_control	1051	0.22957225611544485	0.22957225611544485	0.22957225611544485	0.0	0.0	0.0
irreversible_control	1052	0.09183890915063199	0.09183890915063199	0.09183890915063199	0.0	0.0	0.0
irreversible_control	1053	0.19833661920288354	0.19833661920288354	0.19833661920288354	0.0	0.0	0.0
irreversible_control	1054	0.3816180104559614	0.3816180104559614	0.3816180104559614	0.0	0.0	0.0
irreversible_control	1055	-0.23373849455010462	-0.23373849455010462	-0.23373849455010462	0.0	0.0	0.0
irreversible_control	1056	0.29957405109615254	0.2998141285315275	0.2998141285315275	0.0002400774353749635	0.0	0.00025
irreversible_control	1057	0.030928421483797566	0.030928421483797566	0.030928421483797566	0.0	0.0	0.0
irreversible_control	1058	-0.18067472893402184	-0.18067472893402184	-0.18067472893402184	0.0	0.0	0.0
irreversible_control	1059	-0.1219899325626075	-0.1219899325626075	-0.1219899325626075	0.0	0.0	0.0
irreversible_control	1060	-0.18110972069942693	-0.18110972069942693	-0.18110972069942693	0.0	0.0	0.0
irreversible_control	1061	0.2648500388457768	0.2648500388457768	0.2648500388457768	0.0	0.0	0.0
irreversible_control	1062	0.21686699643869595	0.21686699643869595	0.21686699643869595	0.0	0.0	0.0
irreversible_control	1063	-0.23096448979223946	-0.23085363575157175	-0.23085363575157175	0.00011085404066771276	0.0	0.00025
irreversible_control	1064	0.3227382088773983	0.3227382088773983	0.3227382088773983	0.0	0.0	0.0
irreversible_control	1065	0.1905753793732939	0.1905753793732939	0.1905753793732939	0.0	0.0	0.0
irreversible_control	1066	0.18302875001634145	0.18302875001634145	0.18302875001634145	0.0	0.0	0.0
irreversible_control	1067	0.14027495278573343	0.14027495278573343	0.14027495278573343	0.0	0.0	0.0
irreversible_control	1068	-0.10225682536402125	-0.10225682536402125	-0.10225682536402125	0.0	0.0	0.0
irreversible_control	1069	0.3187873112494916	0.3187873112494916	0.3187873112494916	0.0	0.0	0.0
irreversible_control	1070	0.04777601584577374	0.04777601584577374	0.04777601584577374	0.0	0.0	0.0
irreversible_control	1071	-0.044973807156993076	-0.044973807156993076	-0.044973807156993076	0.0	0.0	0.0
irreversible_control	1072	0.17022180561797726	0.17042566377991894	0.17042566377991894	0.0002038581619416835	0.0	0.00025
irreversible_control	1073	-0.1481684771346864	-0.1481684771346864	-0.1481684771346864	0.0	0.0	0.0
irreversible_control	1074	-0.015564018952843681	-0.015564018952843681	-0.015564018952843681	0.0	0.0	0.0
irreversible_control	1075	0.11757665908640612	0.11757665908640612	0.11757665908640612	0.0	0.0	0.0
irreversible_control	1076	-0.11765689133183045	-0.11765689133183045	-0.11765689133183045	0.0	0.0	0.0
irreversible_control	1077	0.12195318110997565	0.12195318110997565	0.12195318110997565	0.0	0.0	0.0
irreversible_control	1078	-0.0927089661756108	-0.0927089661756108	-0.0927089661756108	0.0	0.0	0.0
irreversible_control	1079	0.02508513535453152	0.02508513535453152	0.02508513535453152	0.0	0.0	0.0
irreversible_control	1080	0.20462145294403689	0.20462145294403689	0.20462145294403689	0.0	0.0	0.0
irreversible_control	1081	-0.13476182741159345	-0.13476182741159345	-0.13476182741159345	0.0	0.0	0.0
irreversible_control	1082	0.2515952148483474	0.2515952148483474	0.2515952148483474	0.0	0.0	0.0
irreversible_control	1083	0.022501850110128067	0.022522822874412554	0.022522822874412554	2.097276428448744e-05	0.0	0.00025
irreversible_control	1084	-0.055129873105967904	-0.055129873105967904	-0.055129873105967904	0.0	0.0	0.0
irreversible_control	1085	-0.21486752735749376	-0.21486752735749376	-0.21486752735749376	0.0	0.0	0.0
irreversible_control	1086	0.2501231398846473	0.2501231398846473	0.2501231398846473	0.0	0.0	0.0
irreversible_control	1087	0.2811228507279634	0.2811228507279634	0.2811228507279634	0.0	0.0	0.0
irreversible_control	1088	0.29254844731955415	0.29254844731955415	0.29254844731955415	0.0	0.0	0.0
irreversible_control	1089	0.3214676322043119	0.3214676322043119	0.3214676322043119	0.0	0.0	0.0
irreversible_control	1090	-0.11648174791461617	-0.11635112984494803	-0.11635112984494803	0.00013061806966814526	0.0	0.00025
irreversible_control	1091	0.0051764769883565105	0.0051764769883565105	0.0051764769883565105	0.0	0.0	0.0
irreversible_control	1092	-0.24436822979988437	-0.24436822979988437	-0.24436822979988437	0.0	0.0	0.0
irreversible_control	1093	0.2567679099414401	0.2567679099414401	0.2567679099414401	0.0	0.0	0.0
irreversible_control	1094	-0.007018798289730737	-0.007018798289730737	-0.007018798289730737	0.0	0.0	0.0
irreversible_control	1095	0.2023262586217451	0.2023262586217451	0.2023262586217451	0.0	0.0	0.0
irreversible_control	1096	-0.13782144046045045	-0.13782144046045045	-0.13782144046045045	0.0	0.0	0.0
irreversible_control	1097	-0.16587709630337244	-0.16587709630337244	-0.16587709630337244	0.0	0.0	0.0
irreversible_control	1098	-0.025249310037579596	-0.025249310037579596	-0.025249310037579596	0.0	0.0	0.0
irreversible_control	1099	-0.05456264012715008	-0.05456264012715008	-0.05456264012715008	0.0	0.0	0.0
irreversible_control	1100	-0.2026505814656469	-0.2025267190429558	-0.2025267190429558	0.0001238624226911067	0.0	0.00025
irreversible_control	1101	0.21935272996417832	0.21935272996417832	0.21935272996417832	0.0	0.0	0.0
irreversible_control	1102	0.02221979623848251	0.02221979623848251	0.02221979623848251	0.0	0.0	0.0
irreversible_control	1103	-0.23025505697259394	-0.23025505697259394	-0.23025505697259394	0.0	0.0	0.0
irreversible_control	1104	-0.2362439278357548	-0.2362439278357548	-0.2362439278357548	0.0	0.0	0.0
irreversible_control	1105	0.15194438859969858	0.15195829272306688	0.15195829272306688	1.3904123368296828e-05	0.0	0.00025
irreversible_control	1106	-0.1329074740967152	-0.13277123606532207	-0.13277123606532207	0.00013623803139312107	0.0	0.00025
irreversible_control	1107	-0.1864238773873048	-0.1864238773873048	-0.1864238773873048	0.0	0.0	0.0
irreversible_control	1108	0.09790445337391894	0.09793061208622098	0.09793061208622098	2.6158712302035148e-05	0.0	0.00025
irreversible_control	1109	-0.12255073671247757	-0.12255073671247757	-0.12255073671247757	0.0	0.0	0.0
irreversible_control	1110	-0.00618048352893853	-0.00618048352893853	-0.00618048352893853	0.0	0.0	0.0
irreversible_control	1111	0.041819877486137184	0.041819877486137184	0.041819877486137184	0.0	0.0	0.0
irreversible_control	1112	0.32046856139872265	0.32046856139872265	0.32046856139872265	0.0	0.0	0.0
irreversible_control	1113	-0.17747296804734514	-0.17747296804734514	-0.17747296804734514	0.0	0.0	0.0
irreversible_control	1114	0.10127108344526523	0.10127108344526523	0.10127108344526523	0.0	0.0	0.0
irreversible_control	1115	-0.14548056934378878	-0.14548056934378878	-0.14548056934378878	0.0	0.0	0.0
irreversible_control	1116	0.07860634206396966	0.07860634206396966	0.07860634206396966	0.0	0.0	0.0
irreversible_control	1117	0.30255606158547454	0.30255606158547454	0.30255606158547454	0.0	0.0	0.0
irreversible_control	1118	0.1503926678348249	0.1503926678348249	0.1503926678348249	0.0	0.0	0.0
irreversible_control	1119	0.33705005521291886	0.33705005521291886	0.33705005521291886	0.0	0.0	0.0
irreversible_control	1120	-0.01840446152945386	-0.01840446152945386	-0.01840446152945386	0.0	0.0	0.0
irreversible_control	1121	-0.0692016446462955	-0.0692016446462955	-0.0692016446462955	0.0	0.0	0.0
irreversible_control	1122	-0.1435281371512527	-0.1435281371512527	-0.1435281371512527	0.0	0.0	0.0
irreversible_control	1123	-0.21719992027333188	-0.21719992027333188	-0.21719992027333188	0.0	0.0	0.0
irreversible_control	1124	-0.1247431240138189	-0.1247431240138189	-0.1247431240138189	0.0	0.0	0.0
irreversible_control	1125	0.1643184525887017	0.1643184525887017	0.1643184525887017	0.0	0.0	0.0
irreversible_control	1126	0.1311287363808105	0.1311287363808105	0.1311287363808105	0.0	0.0	0.0
irreversible_control	1127	0.20531987701436424	0.20531987701436424	0.20531987701436424	0.0	0.0	0.0
irreversible_control	1128	0.026177225748409014	0.026264852631022507	0.026264852631022507	8.762688261349308e-05	0.0	0.00025
irreversible_control	1129	0.0718229361503793	0.07213538134542515	0.07213538134542515	0.000312445195045849	0.0	0.00025
irreversible_control	1130	-0.06910271430669597	-0.06910271430669597	-0.06910271430669597	0.0	0.0	0.0
irreversible_control	1131	-0.12852252412294313	-0.12852252412294313	-0.12852252412294313	0.0	0.0	0.0
irreversible_control	1132	0.10420248156232807	0.10420248156232807	0.10420248156232807	0.0	0.0	0.0
irreversible_control	1133	0.3438288645288877	0.3438288645288877	0.3438288645288877	0.0	0.0	0.0
irreversible_control	1134	0.02329232871181107	0.02329232871181107	0.02329232871181107	0.0	0.0	0.0
irreversible_control	1135	-0.17901509775755128	-0.17901509775755128	-0.17901509775755128	0.0	0.0	0.0
irreversible_control	1136	0.10401437927661808	0.10401437927661808	0.10401437927661808	0.0	0.0	0.0
irreversible_control	1137	-0.09418492616475059	-0.09418492616475059	-0.09418492616475059	0.0	0.0	0.0
irreversible_control	1138	0.22431760819733548	0.22431760819733548	0.22431760819733548	0.0	0.0	0.0
irreversible_control	1139	-0.029446766717913398	-0.029446766717913398	-0.029446766717913398	0.0	0.0	0.0
irreversible_control	1140	-0.19073368063829085	-0.19073368063829085	-0.19073368063829085	0.0	0.0	0.0
irreversible_control	1141	-0.06987491274155405	-0.06987491274155405	-0.06987491274155405	0.0	0.0	0.0
irreversible_control	1142	0.1099715120149793	0.1099715120149793	0.1099715120149793	0.0	0.0	0.0
irreversible_control	1143	0.026296637608551564	0.026296637608551564	0.026296637608551564	0.0	0.0	0.0
irreversible_control	1144	0.04574814757492637	0.04593729489071351	0.04593729489071351	0.0001891473157871401	0.0	0.00025
irreversible_control	1145	0.2732432694602616	0.2732432694602616	0.2732432694602616	0.0	0.0	0.0
irreversible_control	1146	-0.046804558216301244	-0.046804558216301244	-0.046804558216301244	0.0	0.0	0.0
irreversible_control	1147	0.3389376825782247	0.3389376825782247	0.3389376825782247	0.0	0.0	0.0
irreversible_control	1148	0.301829486421506	0.301829486421506	0.301829486421506	0.0	0.0	0.0
irreversible_control	1149	-0.10558651184637509	-0.10558651184637509	-0.10558651184637509	0.0	0.0	0.0
irreversible_control	1150	0.14577834164740167	0.14577834164740167	0.14577834164740167	0.0	0.0	0.0
irreversible_control	1151	0.10569958963918395	0.10569958963918395	0.10569958963918395	0.0	0.0	0.0
irreversible_control	1152	-0.07009496782247207	-0.07009496782247207	-0.07009496782247207	0.0	0.0	0.0
irreversible_control	1153	0.1693548389007931	0.1693548389007931	0.1693548389007931	0.0	0.0	0.0
irreversible_control	1154	-0.20156760998435302	-0.20156760998435302	-0.20156760998435302	0.0	0.0	0.0
irreversible_control	1155	-0.021110128504127225	-0.021110128504127225	-0.021110128504127225	0.0	0.0	0.0
irreversible_control	1156	0.08607994324758478	0.08607994324758478	0.08607994324758478	0.0	0.0	0.0
irreversible_control	1157	0.2914830535119203	0.2914830535119203	0.2914830535119203	0.0	0.0	0.0
irreversible_control	1158	0.2090926527579387	0.2090926527579387	0.2090926527579387	0.0	0.0	0.0
irreversible_control	1159	0.1985085800796809	0.1985085800796809	0.1985085800796809	0.0	0.0	0.0
irreversible_control	1160	0.023145737488515315	0.023145737488515315	0.023145737488515315	0.0	0.0	0.0
irreversible_control	1161	0.15508195317643228	0.15508195317643228	0.15508195317643228	0.0	0.0	0.0
irreversible_control	1162	0.27387894926930356	0.27387894926930356	0.27387894926930356	0.0	0.0	0.0
irreversible_control	1163	0.32538995887611005	0.32538995887611005	0.32538995887611005	0.0	0.0	0.0
irreversible_control	1164	0.23223122814169667	0.23223122814169667	0.23223122814169667	0.0	0.0	0.0
irreversible_control	1165	-0.1689029571835455	-0.1689029571835455	-0.1689029571835455	0.0	0.0	0.0
irreversible_control	1166	0.07402036996368667	0.07402036996368667	0.07402036996368667	0.0	0.0	0.0
irreversible_control	1167	0.28728152255231	0.28728152255231	0.28728152255231	0.0	0.0	0.0
irreversible_control	1168	-0.06312631270264828	-0.06312631270264828	-0.06312631270264828	0.0	0.0	0.0
irreversible_control	1169	-0.2345104110984097	-0.2345104110984097	-0.2345104110984097	0.0	0.0	0.0
irreversible_control	1170	0.13862494893861016	0.13862494893861016	0.13862494893861016	0.0	0.0	0.0
irreversible_control	1171	0.1900757187918124	0.1900757187918124	0.1900757187918124	0.0	0.0	0.0
irreversible_control	1172	0.2697619538603966	0.2697619538603966	0.2697619538603966	0.0	0.0	0.0
irreversible_control	1173	0.15377007945526472	0.15377007945526472	0.15377007945526472	0.0	0.0	0.0
irreversible_control	1174	0.22651953086981813	0.22651953086981813	0.22651953086981813	0.0	0.0	0.0
irreversible_control	1175	-0.13399614042226457	-0.13399614042226457	-0.13399614042226457	0.0	0.0	0.0
irreversible_control	1176	-0.25457503039968343	-0.25457503039968343	-0.25457503039968343	0.0	0.0	0.0
irreversible_control	1177	0.30850732061170094	0.30850732061170094	0.30850732061170094	0.0	0.0	0.0
irreversible_control	1178	0.26782270492527027	0.26782270492527027	0.26782270492527027	0.0	0.0	0.0
irreversible_control	1179	0.2844225868830087	0.2844225868830087	0.2844225868830087	0.0	0.0	0.0
irreversible_control	1180	-0.14189137429167092	-0.14189137429167092	-0.14189137429167092	0.0	0.0	0.0
irreversible_control	1181	-0.19691479070393042	-0.19691479070393042	-0.19691479070393042	0.0	0.0	0.0
irreversible_control	1182	0.1997420531876616	0.1997420531876616	0.1997420531876616	0.0	0.0	0.0
irreversible_control	1183	0.3062177067431404	0.3062177067431404	0.3062177067431404	0.0	0.0	0.0
irreversible_control	1184	-0.1707901612041343	-0.1707901612041343	-0.1707901612041343	0.0	0.0	0.0
irreversible_control	1185	0.2833479226331681	0.2833479226331681	0.2833479226331681	0.0	0.0	0.0
irreversible_control	1186	0.05235452595311296	0.05235452595311296	0.05235452595311296	0.0	0.0	0.0
irreversible_control	1187	0.11455910745742946	0.11455910745742946	0.11455910745742946	0.0	0.0	0.0
irreversible_control	1188	0.3036441236651127	0.3036441236651127	0.3036441236651127	0.0	0.0	0.0
irreversible_control	1189	0.26317156802663977	0.26317156802663977	0.26317156802663977	0.0	0.0	0.0
irreversible_control	1190	-0.015241453593773541	-0.015241453593773541	-0.015241453593773541	0.0	0.0	0.0
irreversible_control	1191	0.12455350357880147	0.12455350357880147	0.12455350357880147	0.0	0.0	0.0
irreversible_control	1192	0.16590121064847693	0.16590121064847693	0.16590121064847693	0.0	0.0	0.0
irreversible_control	1193	-0.09970518950680245	-0.09970518950680245	-0.09970518950680245	0.0	0.0	0.0
irreversible_control	1194	0.22114485475421328	0.22114485475421328	0.22114485475421328	0.0	0.0	0.0
irreversible_control	1195	0.021468468670146103	0.021468468670146103	0.021468468670146103	0.0	0.0	0.0
irreversible_control	1196	-0.1369907788947914	-0.1369907788947914	-0.1369907788947914	0.0	0.0	0.0
irreversible_control	1197	0.3103347063679556	0.3103347063679556	0.3103347063679556	0.0	0.0	0.0
irreversible_control	1198	0.27473535321565634	0.27473535321565634	0.27473535321565634	0.0	0.0	0.0
irreversible_control	1199	0.24057957831078786	0.24057957831078786	0.24057957831078786	0.0	0.0	0.0
irreversible_control	1200	0.20137785374680192	0.20137785374680192	0.20137785374680192	0.0	0.0	0.0
irreversible_control	1201	-0.13102349834916668	-0.13102349834916668	-0.13102349834916668	0.0	0.0	0.0
irreversible_control	1202	0.3529113035376996	0.3529113035376996	0.3529113035376996	0.0	0.0	0.0
irreversible_control	1203	-0.1536906131750808	-0.1536906131750808	-0.1536906131750808	0.0	0.0	0.0
irreversible_control	1204	0.23908064038320645	0.23908064038320645	0.23908064038320645	0.0	0.0	0.0
irreversible_control	1205	0.11971350375149456	0.11971350375149456	0.11971350375149456	0.0	0.0	0.0
irreversible_control	1206	0.0190016954106722	0.0190016954106722	0.0190016954106722	0.0	0.0	0.0
irreversible_control	1207	0.29733558734150267	0.29741194167836754	0.29741194167836754	7.635433686487003e-05	0.0	0.0005
irreversible_control	1208	0.1285310130023709	0.1285310130023709	0.1285310130023709	0.0	0.0	0.0
irreversible_control	1209	0.19725017822420632	0.19725017822420632	0.19725017822420632	0.0	0.0	0.0
irreversible_control	1210	0.17487107057496762	0.17487107057496762	0.17487107057496762	0.0	0.0	0.0
irreversible_control	1211	-0.10251663472334951	-0.10251663472334951	-0.10251663472334951	0.0	0.0	0.0
irreversible_control	1212	-0.18001785631546874	-0.17990163075905913	-0.17990163075905913	0.00011622555640961041	0.0	0.00025
irreversible_control	1213	0.10998953264567708	0.10998953264567708	0.10998953264567708	0.0	0.0	0.0
irreversible_control	1214	0.1230837830785745	0.1230837830785745	0.1230837830785745	0.0	0.0	0.0
irreversible_control	1215	0.0556922061820693	0.0556922061820693	0.0556922061820693	0.0	0.0	0.0
irreversible_control	1216	0.20393545896453127	0.20393545896453127	0.20393545896453127	0.0	0.0	0.0
irreversible_control	1217	0.17481831124310698	0.17481831124310698	0.17481831124310698	0.0	0.0	0.0
irreversible_control	1218	-0.09513401663597518	-0.09513401663597518	-0.09513401663597518	0.0	0.0	0.0
irreversible_control	1219	0.1756013769187661	0.1756013769187661	0.1756013769187661	0.0	0.0	0.0
irreversible_control	1220	-0.02897428024008668	-0.02897428024008668	-0.02897428024008668	0.0	0.0	0.0
irreversible_control	1221	-0.0362162153877716	-0.0362162153877716	-0.0362162153877716	0.0	0.0	0.0
irreversible_control	1222	0.2452973094533906	0.2452973094533906	0.2452973094533906	0.0	0.0	0.0
irreversible_control	1223	0.31827715175305626	0.31827715175305626	0.31827715175305626	0.0	0.0	0.0
irreversible_control	1224	-0.02619687374913617	-0.02619687374913617	-0.02619687374913617	0.0	0.0	0.0
irreversible_control	1225	-0.2171469573097408	-0.2171469573097408	-0.2171469573097408	0.0	0.0	0.0
irreversible_control	1226	0.20223598393648473	0.20223598393648473	0.20223598393648473	0.0	0.0	0.0
irreversible_control	1227	0.04509835376935981	0.04509835376935981	0.04509835376935981	0.0	0.0	0.0
irreversible_control	1228	0.2690508492920964	0.2690508492920964	0.2690508492920964	0.0	0.0	0.0
irreversible_control	1229	0.2871015346526031	0.2871015346526031	0.2871015346526031	0.0	0.0	0.0
irreversible_control	1230	0.13593405683228102	0.13593405683228102	0.13593405683228102	0.0	0.0	0.0
irreversible_control	1231	0.2987789675103024	0.2987789675103024	0.2987789675103024	0.0	0.0	0.0
irreversible_control	1232	-0.19791115363651568	-0.19791115363651568	-0.19791115363651568	0.0	0.0	0.0
irreversible_control	1233	0.1823923913459657	0.1823923913459657	0.1823923913459657	0.0	0.0	0.0
irreversible_control	1234	-0.08806870353142003	-0.08806870353142003	-0.08806870353142003	0.0	0.0	0.0
irreversible_control	1235	0.17242971333713256	0.17242971333713256	0.17242971333713256	0.0	0.0	0.0
irreversible_control	1236	0.23208296266421505	0.23208296266421505	0.23208296266421505	0.0	0.0	0.0
irreversible_control	1237	-0.13172694627833084	-0.13172694627833084	-0.13172694627833084	0.0	0.0	0.0
irreversible_control	1238	-0.15062370998682179	-0.15062370998682179	-0.15062370998682179	0.0	0.0	0.0
irreversible_control	1239	-0.028494569649096944	-0.028494569649096944	-0.028494569649096944	0.0	0.0	0.0
irreversible_control	1240	0.17006002928196126	0.17006002928196126	0.17006002928196126	0.0	0.0	0.0
irreversible_control	1241	0.15035378717282663	0.15035378717282663	0.15035378717282663	0.0	0.0	0.0
irreversible_control	1242	0.02603251144848685	0.02603251144848685	0.02603251144848685	0.0	0.0	0.0
irreversible_control	1243	0.28619785883257803	0.28619785883257803	0.28619785883257803	0.0	0.0	0.0
irreversible_control	1244	-0.08937261117697838	-0.08937261117697838	-0.08937261117697838	0.0	0.0	0.0
irreversible_control	1245	0.16680217541245224	0.16680217541245224	0.16680217541245224	0.0	0.0	0.0
irreversible_control	1246	0.0240120517434699	0.0240120517434699	0.0240120517434699	0.0	0.0	0.0
irreversible_control	1247	-0.08184715146970377	-0.08184715146970377	-0.08184715146970377	0.0	0.0	0.0
irreversible_control	1248	0.3462323865193989	0.3462323865193989	0.3462323865193989	0.0	0.0	0.0
irreversible_control	1249	0.027879221801999053	0.027879221801999053	0.027879221801999053	0.0	0.0	0.0
irreversible_control	1250	-0.1473914928084328	-0.1473914928084328	-0.1473914928084328	0.0	0.0	0.0
irreversible_control	1251	0.029528166513192712	0.029528166513192712	0.029528166513192712	0.0	0.0	0.0
irreversible_control	1252	-0.07463809105592484	-0.07463809105592484	-0.07463809105592484	0.0	0.0	0.0
irreversible_control	1253	0.20978611210830986	0.20978611210830986	0.20978611210830986	0.0	0.0	0.0
irreversible_control	1254	-0.0054710744947989096	-0.0054710744947989096	-0.0054710744947989096	0.0	0.0	0.0
irreversible_control	1255	0.02547670712930441	0.02547670712930441	0.02547670712930441	0.0	0.0	0.0
irreversible_control	1256	-0.013122398524171547	-0.013122398524171547	-0.013122398524171547	0.0	0.0	0.0
irreversible_control	1257	0.10128571493841167	0.10128571493841167	0.10128571493841167	0.0	0.0	0.0
irreversible_control	1258	-0.03321699446467545	-0.03321699446467545	-0.03321699446467545	0.0	0.0	0.0
irreversible_control	1259	0.25040194989956255	0.25040194989956255	0.25040194989956255	0.0	0.0	0.0
irreversible_control	1260	0.2982732584464154	0.2982732584464154	0.2982732584464154	0.0	0.0	0.0
irreversible_control	1261	0.12820642148248765	0.12820642148248765	0.12820642148248765	0.0	0.0	0.0
irreversible_control	1262	0.05885289131417638	0.05885289131417638	0.05885289131417638	0.0	0.0	0.0
irreversible_control	1263	-0.22467840971938732	-0.22467840971938732	-0.22467840971938732	0.0	0.0	0.0
irreversible_control	1264	-0.19066381077959693	-0.19053104379437916	-0.19053104379437916	0.00013276698521777486	0.0	0.0005
irreversible_control	1265	-0.18029157056814174	-0.18029157056814174	-0.18029157056814174	0.0	0.0	0.0
irreversible_control	1266	0.2432218812189276	0.2432218812189276	0.2432218812189276	0.0	0.0	0.0
irreversible_control	1267	0.04397691074226546	0.04397691074226546	0.04397691074226546	0.0	0.0	0.0
irreversible_control	1268	-0.23332881657502166	-0.23332881657502166	-0.23332881657502166	0.0	0.0	0.0
irreversible_control	1269	0.24983243962203103	0.24983243962203103	0.24983243962203103	0.0	0.0	0.0
irreversible_control	1270	0.11831924791460251	0.11831924791460251	0.11831924791460251	0.0	0.0	0.0
irreversible_control	1271	-0.16077084356294535	-0.16077084356294535	-0.16077084356294535	0.0	0.0	0.0
irreversible_control	1272	0.10629779492109012	0.10629779492109012	0.10629779492109012	0.0	0.0	0.0
irreversible_control	1273	0.1038112851588332	0.1038112851588332	0.1038112851588332	0.0	0.0	0.0
irreversible_control	1274	-0.0195734261176699	-0.01957242847059596	-0.01957242847059596	9.97647073938679e-07	0.0	0.00025
irreversible_control	1275	-0.19022274317361695	-0.19022274317361695	-0.19022274317361695	0.0	0.0	0.0
irreversible_control	1276	-0.08140736951746393	-0.08140736951746393	-0.08140736951746393	0.0	0.0	0.0
irreversible_control	1277	0.26473391094492826	0.26473391094492826	0.26473391094492826	0.0	0.0	0.0
irreversible_control	1278	-0.2528566367115842	-0.2528566367115842	-0.2528566367115842	0.0	0.0	0.0
irreversible_control	1279	0.0033877372572393874	0.0033877372572393874	0.0033877372572393874	0.0	0.0	0.0
irreversible_control	1280	0.05492021921559653	0.05492021921559653	0.05492021921559653	0.0	0.0	0.0
irreversible_control	1281	0.07829901811645976	0.07829901811645976	0.07829901811645976	0.0	0.0	0.0
irreversible_control	1282	0.12376132670812617	0.12376132670812617	0.12376132670812617	0.0	0.0	0.0
irreversible_control	1283	-0.10808945759210235	-0.10808945759210235	-0.10808945759210235	0.0	0.0	0.0
irreversible_control	1284	-0.2248006065176905	-0.2248006065176905	-0.2248006065176905	0.0	0.0	0.0
irreversible_control	1285	0.031150130605009034	0.031150130605009034	0.031150130605009034	0.0	0.0	0.0
irreversible_control	1286	0.2742421477288772	0.2742421477288772	0.2742421477288772	0.0	0.0	0.0
irreversible_control	1287	0.014283191652600422	0.014391082578853435	0.014391082578853435	0.0001078909262530129	0.0	0.00025
irreversible_control	1288	0.08788761049194459	0.08788761049194459	0.08788761049194459	0.0	0.0	0.0
irreversible_control	1289	-0.09218203524227368	-0.09218203524227368	-0.09218203524227368	0.0	0.0	0.0
irreversible_control	1290	0.27186213370517953	0.27186213370517953	0.27186213370517953	0.0	0.0	0.0
irreversible_control	1291	0.3034834094597114	0.3034834094597114	0.3034834094597114	0.0	0.0	0.0
irreversible_control	1292	0.002580475868303506	0.002635690831157201	0.002635690831157201	5.521496285369482e-05	0.0	0.0005
irreversible_control	1293	0.11426609394680719	0.11426609394680719	0.11426609394680719	0.0	0.0	0.0
irreversible_control	1294	-0.16897782061173644	-0.16897782061173644	-0.16897782061173644	0.0	0.0	0.0
irreversible_control	1295	0.1481656357216644	0.1481656357216644	0.1481656357216644	0.0	0.0	0.0
irreversible_control	1296	-0.14581358981250922	-0.14581358981250922	-0.14581358981250922	0.0	0.0	0.0
irreversible_control	1297	-0.17372572593398075	-0.17372572593398075	-0.17372572593398075	0.0	0.0	0.0
irreversible_control	1298	0.26407770131610003	0.26407770131610003	0.26407770131610003	0.0	0.0	0.0
irreversible_control	1299	0.11582637890883	0.11582637890883	0.11582637890883	0.0	0.0	0.0
irreversible_control	1300	-0.05376120151192309	-0.05376120151192309	-0.05376120151192309	0.0	0.0	0.0
irreversible_control	1301	0.08352915746299198	0.08352915746299198	0.08352915746299198	0.0	0.0	0.0
irreversible_control	1302	-0.2398265928368754	-0.2398265928368754	-0.2398265928368754	0.0	0.0	0.0
irreversible_control	1303	-0.17643157019980216	-0.1764099500816189	-0.1764099500816189	2.16201181832687e-05	0.0	0.00025
irreversible_control	1304	0.21327557972265673	0.21327557972265673	0.21327557972265673	0.0	0.0	0.0
irreversible_control	1305	0.07372338238979735	0.07372338238979735	0.07372338238979735	0.0	0.0	0.0
irreversible_control	1306	0.18585501761563636	0.18585501761563636	0.18585501761563636	0.0	0.0	0.0
irreversible_control	1307	0.15535166431404993	0.15535166431404993	0.15535166431404993	0.0	0.0	0.0
irreversible_control	1308	-0.24973129893479265	-0.24973129893479265	-0.24973129893479265	0.0	0.0	0.0
irreversible_control	1309	0.013118295739961471	0.013118295739961471	0.013118295739961471	0.0	0.0	0.0
irreversible_control	1310	-0.25817392761427227	-0.25817392761427227	-0.25817392761427227	0.0	0.0	0.0
irreversible_control	1311	-0.11352525629806931	-0.11352525629806931	-0.11352525629806931	0.0	0.0	0.0
irreversible_control	1312	0.10090025388988434	0.10090025388988434	0.10090025388988434	0.0	0.0	0.0
irreversible_control	1313	0.12660738808738561	0.12665406762104298	0.12665406762104298	4.6679533657362215e-05	0.0	0.0005
irreversible_control	1314	-0.07758203718809153	-0.07758203718809153	-0.07758203718809153	0.0	0.0	0.0
irreversible_control	1315	0.06512638542007264	0.06512638542007264	0.06512638542007264	0.0	0.0	0.0
irreversible_control	1316	0.03791606387092679	0.03791606387092679	0.03791606387092679	0.0	0.0	0.0
irreversible_control	1317	0.11064495681043565	0.11064495681043565	0.11064495681043565	0.0	0.0	0.0
irreversible_control	1318	0.12769077209836208	0.12769077209836208	0.12769077209836208	0.0	0.0	0.0
irreversible_control	1319	0.07626706562941621	0.07626706562941621	0.07626706562941621	0.0	0.0	0.0
irreversible_control	1320	-0.1678089485526732	-0.1678089485526732	-0.1678089485526732	0.0	0.0	0.0
irreversible_control	1321	0.2960707236438411	0.2960707236438411	0.2960707236438411	0.0	0.0	0.0
irreversible_control	1322	0.18697137450764645	0.18697137450764645	0.18697137450764645	0.0	0.0	0.0
irreversible_control	1323	-0.22344083148562596	-0.2233552510923963	-0.2233552510923963	8.558039322967281e-05	0.0	0.0005
irreversible_control	1324	0.039946139630188414	0.039946139630188414	0.039946139630188414	0.0	0.0	0.0
irreversible_control	1325	0.05847885645440532	0.05847885645440532	0.05847885645440532	0.0	0.0	0.0
irreversible_control	1326	0.32965159298569996	0.32965159298569996	0.32965159298569996	0.0	0.0	0.0
irreversible_control	1327	-0.012582634045518347	-0.012582634045518347	-0.012582634045518347	0.0	0.0	0.0
irreversible_control	1328	0.0851745649037538	0.0851745649037538	0.0851745649037538	0.0	0.0	0.0
irreversible_control	1329	0.3421412137867809	0.3421412137867809	0.3421412137867809	0.0	0.0	0.0
irreversible_control	1330	0.10172650710141767	0.10172650710141767	0.10172650710141767	0.0	0.0	0.0
irreversible_control	1331	0.18267672080914493	0.18267672080914493	0.18267672080914493	0.0	0.0	0.0
irreversible_control	1332	-0.1571375648306794	-0.1571375648306794	-0.1571375648306794	0.0	0.0	0.0
irreversible_control	1333	-0.1415648283496633	-0.1415648283496633	-0.1415648283496633	0.0	0.0	0.0
irreversible_control	1334	0.2940965697423277	0.29411109459904766	0.29411109459904766	1.4524856719988488e-05	0.0	0.00025
irreversible_control	1335	-0.18941797472407637	-0.18941797472407637	-0.18941797472407637	0.0	0.0	0.0
irreversible_control	1336	0.1338957170049514	0.1338957170049514	0.1338957170049514	0.0	0.0	0.0
irreversible_control	1337	-0.14062097850931593	-0.14062097850931593	-0.14062097850931593	0.0	0.0	0.0
irreversible_control	1338	0.05639356964042533	0.05644616931701675	0.05644616931701675	5.259967659142217e-05	0.0	0.00025
irreversible_control	1339	0.2017827800664304	0.2017827800664304	0.2017827800664304	0.0	0.0	0.0
irreversible_control	1340	0.16165267968905628	0.16165267968905628	0.16165267968905628	0.0	0.0	0.0
irreversible_control	1341	0.12416172547907799	0.12416172547907799	0.12416172547907799	0.0	0.0	0.0
irreversible_control	1342	0.16955252040299815	0.16955252040299815	0.16955252040299815	0.0	0.0	0.0
irreversible_control	1343	-0.106540679152658	-0.106540679152658	-0.106540679152658	0.0	0.0	0.0
irreversible_control	1344	-0.03854155965022897	-0.03854155965022897	-0.03854155965022897	0.0	0.0	0.0
irreversible_control	1345	0.0320659581126565	0.0320659581126565	0.0320659581126565	0.0	0.0	0.0
irreversible_control	1346	0.17465772592056572	0.17465772592056572	0.17465772592056572	0.0	0.0	0.0
irreversible_control	1347	0.04168758146610244	0.04168758146610244	0.04168758146610244	0.0	0.0	0.0
irreversible_control	1348	0.04714031960068063	0.04714031960068063	0.04714031960068063	0.0	0.0	0.0
irreversible_control	1349	0.1438949853188405	0.1438949853188405	0.1438949853188405	0.0	0.0	0.0
irreversible_control	1350	0.36720163550943863	0.36720163550943863	0.36720163550943863	0.0	0.0	0.0
irreversible_control	1351	0.2318489086439625	0.2318489086439625	0.2318489086439625	0.0	0.0	0.0
irreversible_control	1352	-0.0651674900805798	-0.0651674900805798	-0.0651674900805798	0.0	0.0	0.0
irreversible_control	1353	0.20705431814439465	0.20705431814439465	0.20705431814439465	0.0	0.0	0.0
irreversible_control	1354	-0.026656402847151987	-0.026656402847151987	-0.026656402847151987	0.0	0.0	0.0
irreversible_control	1355	0.020505612263485858	0.020505612263485858	0.020505612263485858	0.0	0.0	0.0
irreversible_control	1356	0.12736807261558564	0.12736807261558564	0.12736807261558564	0.0	0.0	0.0
irreversible_control	1357	-0.026342422416212707	-0.026342422416212707	-0.026342422416212707	0.0	0.0	0.0
irreversible_control	1358	0.1229196864390421	0.1229196864390421	0.1229196864390421	0.0	0.0	0.0
irreversible_control	1359	-0.21044516700252783	-0.21044516700252783	-0.21044516700252783	0.0	0.0	0.0
irreversible_control	1360	0.31733017284299914	0.31733017284299914	0.31733017284299914	0.0	0.0	0.0
irreversible_control	1361	-0.08214671935390591	-0.08214671935390591	-0.08214671935390591	0.0	0.0	0.0
irreversible_control	1362	-0.14532353434797102	-0.14532353434797102	-0.14532353434797102	0.0	0.0	0.0
irreversible_control	1363	-0.2270061319920921	-0.2270061319920921	-0.2270061319920921	0.0	0.0	0.0
irreversible_control	1364	-0.2322030556088686	-0.2322030556088686	-0.2322030556088686	0.0	0.0	0.0
irreversible_control	1365	-0.22694326273158671	-0.22694326273158671	-0.22694326273158671	0.0	0.0	0.0
irreversible_control	1366	0.21267092334912646	0.21267092334912646	0.21267092334912646	0.0	0.0	0.0
irreversible_control	1367	0.22250763640805354	0.22250763640805354	0.22250763640805354	0.0	0.0	0.0
irreversible_control	1368	-0.035183848258146126	-0.035183848258146126	-0.035183848258146126	0.0	0.0	0.0
irreversible_control	1369	-0.05308129214339678	-0.05308129214339678	-0.05308129214339678	0.0	0.0	0.0
irreversible_control	1370	0.291395303648004	0.291395303648004	0.291395303648004	0.0	0.0	0.0
irreversible_control	1371	0.10871168714437704	0.10871168714437704	0.10871168714437704	0.0	0.0	0.0
irreversible_control	1372	-0.08448919708934072	-0.08448919708934072	-0.08448919708934072	0.0	0.0	0.0
irreversible_control	1373	0.10594392158015657	0.10594392158015657	0.10594392158015657	0.0	0.0	0.0
irreversible_control	1374	-0.24100141765964622	-0.24100141765964622	-0.24100141765964622	0.0	0.0	0.0
irreversible_control	1375	0.04030239881874762	0.04030239881874762	0.04030239881874762	0.0	0.0	0.0
irreversible_control	1376	0.25578599071329994	0.25578599071329994	0.25578599071329994	0.0	0.0	0.0
irreversible_control	1377	0.2342979613865173	0.2342979613865173	0.2342979613865173	0.0	0.0	0.0
irreversible_control	1378	0.14689108259918446	0.14689108259918446	0.14689108259918446	0.0	0.0	0.0
irreversible_control	1379	0.29482486325381524	0.29482486325381524	0.29482486325381524	0.0	0.0	0.0
irreversible_control	1380	0.18024230671595312	0.18024230671595312	0.18024230671595312	0.0	0.0	0.0
irreversible_control	1381	-0.1685756997556256	-0.1685756997556256	-0.1685756997556256	0.0	0.0	0.0
irreversible_control	1382	0.10669623577786438	0.10670717916805747	0.10670717916805747	1.0943390193085545e-05	0.0	0.00025
irreversible_control	1383	0.11949326423375714	0.11949326423375714	0.11949326423375714	0.0	0.0	0.0
irreversible_control	1384	-0.0700723005438858	-0.0700723005438858	-0.0700723005438858	0.0	0.0	0.0
irreversible_control	1385	-0.09217755825639158	-0.09217755825639158	-0.09217755825639158	0.0	0.0	0.0
irreversible_control	1386	0.1805273257313637	0.1805273257313637	0.1805273257313637	0.0	0.0	0.0
irreversible_control	1387	0.21170512565872457	0.21170512565872457	0.21170512565872457	0.0	0.0	0.0
irreversible_control	1388	0.2771769830258027	0.2771769830258027	0.2771769830258027	0.0	0.0	0.0
irreversible_control	1389	0.06551389489827833	0.06551389489827833	0.06551389489827833	0.0	0.0	0.0
irreversible_control	1390	0.2012071069018223	0.2012071069018223	0.2012071069018223	0.0	0.0	0.0
irreversible_control	1391	-0.20941522006768493	-0.20941522006768493	-0.20941522006768493	0.0	0.0	0.0
irreversible_control	1392	0.16489091071500303	0.16489091071500303	0.16489091071500303	0.0	0.0	0.0
irreversible_control	1393	-0.14607591145493598	-0.1459918402190005	-0.1459918402190005	8.407123593548449e-05	0.0	0.0005
irreversible_control	1394	0.12932124431519135	0.12932124431519135	0.12932124431519135	0.0	0.0	0.0
irreversible_control	1395	0.09340780727352076	0.09340780727352076	0.09340780727352076	0.0	0.0	0.0
irreversible_control	1396	-0.1460743325969183	-0.1460743325969183	-0.1460743325969183	0.0	0.0	0.0
irreversible_control	1397	-0.23269250972677388	-0.23269250972677388	-0.23269250972677388	0.0	0.0	0.0
irreversible_control	1398	0.3918296745725843	0.3918296745725843	0.3918296745725843	0.0	0.0	0.0
irreversible_control	1399	-0.23191381075910936	-0.23191381075910936	-0.23191381075910936	0.0	0.0	0.0
irreversible_control	1400	0.05588950709266023	0.05588950709266023	0.05588950709266023	0.0	0.0	0.0
irreversible_control	1401	-0.0878120067713216	-0.0878120067713216	-0.0878120067713216	0.0	0.0	0.0
irreversible_control	1402	-0.11215299534041734	-0.11215299534041734	-0.11215299534041734	0.0	0.0	0.0
irreversible_control	1403	0.17117771946537208	0.17121892596036092	0.17121892596036092	4.1206494988843545e-05	0.0	0.00025
irreversible_control	1404	-0.14339344334910648	-0.14339344334910648	-0.14339344334910648	0.0	0.0	0.0
irreversible_control	1405	0.10812173474538504	0.10812173474538504	0.10812173474538504	0.0	0.0	0.0
irreversible_control	1406	-0.029706763134091534	-0.029706763134091534	-0.029706763134091534	0.0	0.0	0.0
irreversible_control	1407	-0.10649047467105044	-0.10649047467105044	-0.10649047467105044	0.0	0.0	0.0
irreversible_control	1408	-0.12477641199937319	-0.12477641199937319	-0.12477641199937319	0.0	0.0	0.0
irreversible_control	1409	0.29280327952365415	0.29280327952365415	0.29280327952365415	0.0	0.0	0.0
irreversible_control	1410	-0.2498014630027564	-0.24969483579739818	-0.24969483579739818	0.00010662720535822845	0.0	0.00025
irreversible_control	1411	0.14314599274741574	0.14314599274741574	0.14314599274741574	0.0	0.0	0.0
irreversible_control	1412	0.09763047783859898	0.09763047783859898	0.09763047783859898	0.0	0.0	0.0
irreversible_control	1413	-0.21519443803451738	-0.21519443803451738	-0.21519443803451738	0.0	0.0	0.0
irreversible_control	1414	-0.19552881941373	-0.19552881941373	-0.19552881941373	0.0	0.0	0.0
irreversible_control	1415	0.037539150179197144	0.037539150179197144	0.037539150179197144	0.0	0.0	0.0
irreversible_control	1416	0.22746081043605892	0.22746081043605892	0.22746081043605892	0.0	0.0	0.0
irreversible_control	1417	-0.1668596570954209	-0.1668596570954209	-0.1668596570954209	0.0	0.0	0.0
irreversible_control	1418	0.18728355377870878	0.18728355377870878	0.18728355377870878	0.0	0.0	0.0
irreversible_control	1419	0.2942830396296266	0.2942830396296266	0.2942830396296266	0.0	0.0	0.0
irreversible_control	1420	0.1512861496992225	0.1512861496992225	0.1512861496992225	0.0	0.0	0.0
irreversible_control	1421	-0.21813680263644716	-0.2179745044244598	-0.2179745044244598	0.00016229821198737726	0.0	0.0005
irreversible_control	1422	0.22087320453318074	0.22087320453318074	0.22087320453318074	0.0	0.0	0.0
irreversible_control	1423	0.16936896351456932	0.16936896351456932	0.16936896351456932	0.0	0.0	0.0
irreversible_control	1424	0.16795369032357207	0.16795369032357207	0.16795369032357207	0.0	0.0	0.0
irreversible_control	1425	-0.061872543721488336	-0.061872543721488336	-0.061872543721488336	0.0	0.0	0.0
irreversible_control	1426	0.04436876548424965	0.04436876548424965	0.04436876548424965	0.0	0.0	0.0
irreversible_control	1427	0.27660788084018884	0.27660788084018884	0.27660788084018884	0.0	0.0	0.0
irreversible_control	1428	0.03620600985136468	0.03620600985136468	0.03620600985136468	0.0	0.0	0.0
irreversible_control	1429	-0.20576655316546988	-0.20576655316546988	-0.20576655316546988	0.0	0.0	0.0
irreversible_control	1430	0.3137499197114413	0.3137987877148408	0.3137987877148408	4.886800339953812e-05	0.0	0.00025
irreversible_control	1431	-0.11341886099057985	-0.11341886099057985	-0.11341886099057985	0.0	0.0	0.0
irreversible_control	1432	0.24444207516705532	0.24444207516705532	0.24444207516705532	0.0	0.0	0.0
irreversible_control	1433	0.13716724495976768	0.13716724495976768	0.13716724495976768	0.0	0.0	0.0
irreversible_control	1434	-0.09211109521176879	-0.09211109521176879	-0.09211109521176879	0.0	0.0	0.0
irreversible_control	1435	0.14005240252607376	0.14005240252607376	0.14005240252607376	0.0	0.0	0.0
irreversible_control	1436	0.27521080778920315	0.27521080778920315	0.27521080778920315	0.0	0.0	0.0
irreversible_control	1437	0.24373138183784634	0.24373138183784634	0.24373138183784634	0.0	0.0	0.0
irreversible_control	1438	0.2526711245117465	0.2526711245117465	0.2526711245117465	0.0	0.0	0.0
irreversible_control	1439	0.2594858968427531	0.2594858968427531	0.2594858968427531	0.0	0.0	0.0
irreversible_control	1440	-0.17739075296194065	-0.17739075296194065	-0.17739075296194065	0.0	0.0	0.0
irreversible_control	1441	0.29949659244813326	0.29949659244813326	0.29949659244813326	0.0	0.0	0.0
irreversible_control	1442	0.2810994093862697	0.2810994093862697	0.2810994093862697	0.0	0.0	0.0
irreversible_control	1443	0.00997539923367312	0.00997539923367312	0.00997539923367312	0.0	0.0	0.0
irreversible_control	1444	0.013441956765836545	0.013441956765836545	0.013441956765836545	0.0	0.0	0.0
irreversible_control	1445	0.19457906263577712	0.19457906263577712	0.19457906263577712	0.0	0.0	0.0
irreversible_control	1446	0.24689537004447976	0.24708038453161738	0.24708038453161738	0.00018501448713761914	0.0	0.00025
irreversible_control	1447	0.007855000719239478	0.007855000719239478	0.007855000719239478	0.0	0.0	0.0
irreversible_control	1448	0.025027206838473533	0.025027206838473533	0.025027206838473533	0.0	0.0	0.0
irreversible_control	1449	0.29700058171863974	0.29700058171863974	0.29700058171863974	0.0	0.0	0.0
irreversible_control	1450	0.066680914241141	0.066680914241141	0.066680914241141	0.0	0.0	0.0
irreversible_control	1451	-0.02624828995177635	-0.02624828995177635	-0.02624828995177635	0.0	0.0	0.0
irreversible_control	1452	0.157869313527767	0.157869313527767	0.157869313527767	0.0	0.0	0.0
irreversible_control	1453	-0.13964160566311584	-0.13964160566311584	-0.13964160566311584	0.0	0.0	0.0
irreversible_control	1454	-0.10191321635652141	-0.10191321635652141	-0.10191321635652141	0.0	0.0	0.0
irreversible_control	1455	0.12084710715943474	0.12084710715943474	0.12084710715943474	0.0	0.0	0.0
irreversible_control	1456	0.2028302771211259	0.2028302771211259	0.2028302771211259	0.0	0.0	0.0
irreversible_control	1457	-0.010269117790981728	-0.010269117790981728	-0.010269117790981728	0.0	0.0	0.0
irreversible_control	1458	0.27623832185741004	0.27623832185741004	0.27623832185741004	0.0	0.0	0.0
irreversible_control	1459	0.3335437901946698	0.3335437901946698	0.3335437901946698	0.0	0.0	0.0
irreversible_control	1460	-0.12216922276021897	-0.12216922276021897	-0.12216922276021897	0.0	0.0	0.0
irreversible_control	1461	-0.032247377484818554	-0.032247377484818554	-0.032247377484818554	0.0	0.0	0.0
irreversible_control	1462	0.28265400630009324	0.28265400630009324	0.28265400630009324	0.0	0.0	0.0
irreversible_control	1463	-0.06589268111609423	-0.06589268111609423	-0.06589268111609423	0.0	0.0	0.0
irreversible_control	1464	0.23025771538917678	0.23025771538917678	0.23025771538917678	0.0	0.0	0.0
irreversible_control	1465	-0.23069171294051957	-0.23069171294051957	-0.23069171294051957	0.0	0.0	0.0
irreversible_control	1466	-0.09306420971198097	-0.09306420971198097	-0.09306420971198097	0.0	0.0	0.0
irreversible_control	1467	-0.1888679323620118	-0.1888679323620118	-0.1888679323620118	0.0	0.0	0.0
irreversible_control	1468	-0.01429866216690738	-0.01429866216690738	-0.01429866216690738	0.0	0.0	0.0
irreversible_control	1469	-0.06502074025091303	-0.06502074025091303	-0.06502074025091303	0.0	0.0	0.0
irreversible_control	1470	-0.013940717358634233	-0.013940717358634233	-0.013940717358634233	0.0	0.0	0.0
irreversible_control	1471	-0.023852294442303253	-0.023852294442303253	-0.023852294442303253	0.0	0.0	0.0
irreversible_control	1472	0.21420336256751	0.2142564390900614	0.2142564390900614	5.307652255140405e-05	0.0	0.00025
irreversible_control	1473	-0.11551116321038347	-0.11551116321038347	-0.11551116321038347	0.0	0.0	0.0
irreversible_control	1474	-0.015227110863953825	-0.015227110863953825	-0.015227110863953825	0.0	0.0	0.0
irreversible_control	1475	0.3274644996433073	0.3274644996433073	0.3274644996433073	0.0	0.0	0.0
irreversible_control	1476	0.09576821004769763	0.09597986313385243	0.09597986313385243	0.00021165308615479772	0.0	0.00025
irreversible_control	1477	-0.06317255704872468	-0.06317255704872468	-0.06317255704872468	0.0	0.0	0.0
irreversible_control	1478	0.27764213859552295	0.27764213859552295	0.27764213859552295	0.0	0.0	0.0
irreversible_control	1479	0.3217758795039454	0.3217758795039454	0.3217758795039454	0.0	0.0	0.0
irreversible_control	1480	0.23564870626069104	0.23564870626069104	0.23564870626069104	0.0	0.0	0.0
irreversible_control	1481	0.23701529382811848	0.23701529382811848	0.23701529382811848	0.0	0.0	0.0
irreversible_control	1482	-0.018209131595724643	-0.018209131595724643	-0.018209131595724643	0.0	0.0	0.0
irreversible_control	1483	0.044921754486332906	0.044921754486332906	0.044921754486332906	0.0	0.0	0.0
irreversible_control	1484	-0.17597187204826562	-0.17597187204826562	-0.17597187204826562	0.0	0.0	0.0
irreversible_control	1485	0.16701323117678907	0.16701323117678907	0.16701323117678907	0.0	0.0	0.0
irreversible_control	1486	0.2673366349000033	0.2673366349000033	0.2673366349000033	0.0	0.0	0.0
irreversible_control	1487	-0.03454832557423262	-0.03454832557423262	-0.03454832557423262	0.0	0.0	0.0
irreversible_control	1488	-0.017290600083293983	-0.017290600083293983	-0.017290600083293983	0.0	0.0	0.0
irreversible_control	1489	0.05010599041556476	0.05022113958232781	0.05022113958232781	0.0001151491667630497	0.0	0.00025
irreversible_control	1490	0.20648159879430467	0.20648159879430467	0.20648159879430467	0.0	0.0	0.0
irreversible_control	1491	0.26568803861030665	0.26568803861030665	0.26568803861030665	0.0	0.0	0.0
irreversible_control	1492	-0.23441103779303746	-0.23441103779303746	-0.23441103779303746	0.0	0.0	0.0
irreversible_control	1493	0.23694219476182982	0.23694219476182982	0.23694219476182982	0.0	0.0	0.0
irreversible_control	1494	0.2984058001943872	0.2984058001943872	0.2984058001943872	0.0	0.0	0.0
irreversible_control	1495	0.22942350931439007	0.22942350931439007	0.22942350931439007	0.0	0.0	0.0
irreversible_control	1496	0.06542065857420046	0.06542065857420046	0.06542065857420046	0.0	0.0	0.0
irreversible_control	1497	0.04572655187673723	0.04572655187673723	0.04572655187673723	0.0	0.0	0.0
irreversible_control	1498	-0.14881031145651524	-0.14881031145651524	-0.14881031145651524	0.0	0.0	0.0
irreversible_control	1499	-0.06587952994417884	-0.06587952994417884	-0.06587952994417884	0.0	0.0	0.0
irreversible_control	1500	-0.17015081878570226	-0.17002271113728692	-0.17002271113728692	0.00012810764841533762	0.0	0.00025
irreversible_control	1501	0.004443324808393513	0.004443324808393513	0.004443324808393513	0.0	0.0	0.0
irreversible_control	1502	0.2895395608974569	0.2895395608974569	0.2895395608974569	0.0	0.0	0.0
irreversible_control	1503	0.29722132157832004	0.29722132157832004	0.29722132157832004	0.0	0.0	0.0
irreversible_control	1504	0.30525936290937133	0.30525936290937133	0.30525936290937133	0.0	0.0	0.0
irreversible_control	1505	0.2311287305166892	0.2311287305166892	0.2311287305166892	0.0	0.0	0.0
irreversible_control	1506	0.0782987698255334	0.0782987698255334	0.0782987698255334	0.0	0.0	0.0
irreversible_control	1507	-0.0724250325552197	-0.0724250325552197	-0.0724250325552197	0.0	0.0	0.0
irreversible_control	1508	0.342464460026403	0.342464460026403	0.342464460026403	0.0	0.0	0.0
irreversible_control	1509	0.11619509587288752	0.11619509587288752	0.11619509587288752	0.0	0.0	0.0
irreversible_control	1510	-0.15456196392718158	-0.15456196392718158	-0.15456196392718158	0.0	0.0	0.0
irreversible_control	1511	0.14225568953144072	0.14225568953144072	0.14225568953144072	0.0	0.0	0.0
irreversible_control	1512	0.33436366022896774	0.33436366022896774	0.33436366022896774	0.0	0.0	0.0
irreversible_control	1513	-0.2176920464596601	-0.2176920464596601	-0.2176920464596601	0.0	0.0	0.0
irreversible_control	1514	0.08477890340320458	0.08477890340320458	0.08477890340320458	0.0	0.0	0.0
irreversible_control	1515	0.17833506856538112	0.17833506856538112	0.17833506856538112	0.0	0.0	0.0
irreversible_control	1516	0.3648522178130393	0.3648522178130393	0.3648522178130393	0.0	0.0	0.0
irreversible_control	1517	0.06161438422318908	0.06161438422318908	0.06161438422318908	0.0	0.0	0.0
irreversible_control	1518	-0.07139446275453858	-0.07139446275453858	-0.07139446275453858	0.0	0.0	0.0
irreversible_control	1519	0.0504226456695839	0.0504226456695839	0.0504226456695839	0.0	0.0	0.0
irreversible_control	1520	-0.08763351081704958	-0.08763351081704958	-0.08763351081704958	0.0	0.0	0.0
irreversible_control	1521	0.17282668775854457	0.17282668775854457	0.17282668775854457	0.0	0.0	0.0
irreversible_control	1522	0.30446705768068544	0.30446705768068544	0.30446705768068544	0.0	0.0	0.0
irreversible_control	1523	-0.028983656197366328	-0.028983656197366328	-0.028983656197366328	0.0	0.0	0.0
irreversible_control	1524	-0.11082377829931607	-0.11082377829931607	-0.11082377829931607	0.0	0.0	0.0
irreversible_control	1525	0.19054862522264573	0.19054862522264573	0.19054862522264573	0.0	0.0	0.0
irreversible_control	1526	0.17854360832101665	0.17854360832101665	0.17854360832101665	0.0	0.0	0.0
irreversible_control	1527	0.32143760821415457	0.32143760821415457	0.32143760821415457	0.0	0.0	0.0
irreversible_control	1528	-0.01935125226861831	-0.01935125226861831	-0.01935125226861831	0.0	0.0	0.0
irreversible_control	1529	-0.2478532255746925	-0.2478532255746925	-0.2478532255746925	0.0	0.0	0.0
irreversible_control	1530	0.008152240807593032	0.008152240807593032	0.008152240807593032	0.0	0.0	0.0
irreversible_control	1531	0.25311936850284134	0.25311936850284134	0.25311936850284134	0.0	0.0	0.0
irreversible_control	1532	0.24707007007616497	0.24707007007616497	0.24707007007616497	0.0	0.0	0.0
irreversible_control	1533	-0.038884099334565776	-0.038884099334565776	-0.038884099334565776	0.0	0.0	0.0
irreversible_control	1534	0.35087757631535127	0.35087757631535127	0.35087757631535127	0.0	0.0	0.0
irreversible_control	1535	0.059051127302092096	0.059051127302092096	0.059051127302092096	0.0	0.0	0.0
irreversible_control	1536	-0.040424940668527184	-0.04039661977858902	-0.04039661977858902	2.8320889938163174e-05	0.0	0.00025
irreversible_control	1537	0.21781266353161977	0.21781266353161977	0.21781266353161977	0.0	0.0	0.0
irreversible_control	1538	0.14032564276298917	0.14032564276298917	0.14032564276298917	0.0	0.0	0.0
irreversible_control	1539	0.23613079807427043	0.23613079807427043	0.23613079807427043	0.0	0.0	0.0
irreversible_control	1540	-0.23697959554447284	-0.23697959554447284	-0.23697959554447284	0.0	0.0	0.0
irreversible_control	1541	0.10462925955067176	0.10462925955067176	0.10462925955067176	0.0	0.0	0.0
irreversible_control	1542	-0.23731239582969643	-0.23731239582969643	-0.23731239582969643	0.0	0.0	0.0
irreversible_control	1543	0.24716490562363091	0.24716490562363091	0.24716490562363091	0.0	0.0	0.0
irreversible_control	1544	0.00613650097355432	0.00613650097355432	0.00613650097355432	0.0	0.0	0.0
irreversible_control	1545	0.002789239545395356	0.002789239545395356	0.002789239545395356	0.0	0.0	0.0
irreversible_control	1546	0.2607206624690445	0.2607206624690445	0.2607206624690445	0.0	0.0	0.0
irreversible_control	1547	-0.10010524221980374	-0.10010524221980374	-0.10010524221980374	0.0	0.0	0.0
irreversible_control	1548	0.15991299313700152	0.15991299313700152	0.15991299313700152	0.0	0.0	0.0
irreversible_control	1549	-0.12029017094017952	-0.12029017094017952	-0.12029017094017952	0.0	0.0	0.0
irreversible_control	1550	-0.0540706849600136	-0.0540706849600136	-0.0540706849600136	0.0	0.0	0.0
irreversible_control	1551	0.3260012236564212	0.3260012236564212	0.3260012236564212	0.0	0.0	0.0
irreversible_control	1552	-0.2496321066953776	-0.2496321066953776	-0.2496321066953776	0.0	0.0	0.0
irreversible_control	1553	0.09659346535469363	0.09659346535469363	0.09659346535469363	0.0	0.0	0.0
irreversible_control	1554	0.3627075093367389	0.3627075093367389	0.3627075093367389	0.0	0.0	0.0
irreversible_control	1555	-0.06902722159345201	-0.06902722159345201	-0.06902722159345201	0.0	0.0	0.0
irreversible_control	1556	0.030714358518552004	0.030714358518552004	0.030714358518552004	0.0	0.0	0.0
irreversible_control	1557	-0.1418922653948857	-0.1418922653948857	-0.1418922653948857	0.0	0.0	0.0
irreversible_control	1558	-0.17688013530171803	-0.17688013530171803	-0.17688013530171803	0.0	0.0	0.0
irreversible_control	1559	0.3767626414599172	0.3767626414599172	0.3767626414599172	0.0	0.0	0.0
irreversible_control	1560	0.3167681330344445	0.3167681330344445	0.3167681330344445	0.0	0.0	0.0
irreversible_control	1561	-0.022105148844089928	-0.022105148844089928	-0.022105148844089928	0.0	0.0	0.0
irreversible_control	1562	0.04503713876698643	0.04503713876698643	0.04503713876698643	0.0	0.0	0.0
irreversible_control	1563	0.15613823924972764	0.15613823924972764	0.15613823924972764	0.0	0.0	0.0
irreversible_control	1564	0.15859356925650422	0.15859356925650422	0.15859356925650422	0.0	0.0	0.0
irreversible_control	1565	0.3107532882304886	0.3107532882304886	0.3107532882304886	0.0	0.0	0.0
irreversible_control	1566	0.2352327738890128	0.2352327738890128	0.2352327738890128	0.0	0.0	0.0
irreversible_control	1567	0.3014414794799501	0.3014414794799501	0.3014414794799501	0.0	0.0	0.0
irreversible_control	1568	0.06325889893783303	0.06325889893783303	0.06325889893783303	0.0	0.0	0.0
irreversible_control	1569	0.16103138891218288	0.16103138891218288	0.16103138891218288	0.0	0.0	0.0
irreversible_control	1570	0.265387840387083	0.265387840387083	0.265387840387083	0.0	0.0	0.0
irreversible_control	1571	0.05600022587253134	0.05600022587253134	0.05600022587253134	0.0	0.0	0.0
irreversible_control	1572	-0.22308440892175455	-0.22308440892175455	-0.22308440892175455	0.0	0.0	0.0
irreversible_control	1573	-0.20835325036984184	-0.20835325036984184	-0.20835325036984184	0.0	0.0	0.0
irreversible_control	1574	0.2521089328326751	0.2521089328326751	0.2521089328326751	0.0	0.0	0.0
irreversible_control	1575	0.13907726123082978	0.13907726123082978	0.13907726123082978	0.0	0.0	0.0
irreversible_control	1576	-0.19721702079098544	-0.19721702079098544	-0.19721702079098544	0.0	0.0	0.0
irreversible_control	1577	0.026335231454498696	0.026335231454498696	0.026335231454498696	0.0	0.0	0.0
irreversible_control	1578	-0.2442328428065768	-0.2442328428065768	-0.2442328428065768	0.0	0.0	0.0
irreversible_control	1579	-0.13715572749995564	-0.13715572749995564	-0.13715572749995564	0.0	0.0	0.0
irreversible_control	1580	0.27048208503103927	0.27048208503103927	0.27048208503103927	0.0	0.0	0.0
irreversible_control	1581	-0.1470932242512987	-0.1470932242512987	-0.1470932242512987	0.0	0.0	0.0
irreversible_control	1582	0.08287476002670806	0.08287476002670806	0.08287476002670806	0.0	0.0	0.0
irreversible_control	1583	0.34972164401400424	0.34972164401400424	0.34972164401400424	0.0	0.0	0.0
irreversible_control	1584	-0.17956031205519404	-0.17956031205519404	-0.17956031205519404	0.0	0.0	0.0
irreversible_control	1585	-0.0742128292198642	-0.0742128292198642	-0.0742128292198642	0.0	0.0	0.0
irreversible_control	1586	-0.07430177642120514	-0.07430177642120514	-0.07430177642120514	0.0	0.0	0.0
irreversible_control	1587	0.20904911576253948	0.20904911576253948	0.20904911576253948	0.0	0.0	0.0
irreversible_control	1588	-0.16727667382869466	-0.16727667382869466	-0.16727667382869466	0.0	0.0	0.0
irreversible_control	1589	-0.19941004324405515	-0.19941004324405515	-0.19941004324405515	0.0	0.0	0.0
irreversible_control	1590	0.3345201997842801	0.3345201997842801	0.3345201997842801	0.0	0.0	0.0
irreversible_control	1591	0.07609525823408993	0.07609525823408993	0.07609525823408993	0.0	0.0	0.0
irreversible_control	1592	0.23837350139352456	0.23842179383575973	0.23842179383575973	4.8292442235170485e-05	0.0	0.00025
irreversible_control	1593	0.07939713516883615	0.07939713516883615	0.07939713516883615	0.0	0.0	0.0
irreversible_control	1594	-0.18308365751352368	-0.18308365751352368	-0.18308365751352368	0.0	0.0	0.0
irreversible_control	1595	0.042595610214810134	0.042595610214810134	0.042595610214810134	0.0	0.0	0.0
irreversible_control	1596	0.14043279367469255	0.14043279367469255	0.14043279367469255	0.0	0.0	0.0
irreversible_control	1597	0.010587018858256688	0.010587018858256688	0.010587018858256688	0.0	0.0	0.0
irreversible_control	1598	0.05559273804983316	0.05559273804983316	0.05559273804983316	0.0	0.0	0.0
irreversible_control	1599	-0.1130979699799557	-0.1130979699799557	-0.1130979699799557	0.0	0.0	0.0
irreversible_control	1600	-0.008686961913989107	-0.008686961913989107	-0.008686961913989107	0.0	0.0	0.0
irreversible_control	1601	-0.08517697142398828	-0.08517697142398828	-0.08517697142398828	0.0	0.0	0.0
irreversible_control	1602	-0.07820348491133149	-0.07820348491133149	-0.07820348491133149	0.0	0.0	0.0
irreversible_control	1603	-0.23570176515750724	-0.23570176515750724	-0.23570176515750724	0.0	0.0	0.0
irreversible_control	1604	0.2004355723161041	0.20062750501835339	0.20062750501835339	0.00019193270224929226	0.0	0.00025
irreversible_control	1605	-0.16390490512066225	-0.16390490512066225	-0.16390490512066225	0.0	0.0	0.0
irreversible_control	1606	0.3164556253837002	0.3164556253837002	0.3164556253837002	0.0	0.0	0.0
irreversible_control	1607	0.12260625321439943	0.12260625321439943	0.12260625321439943	0.0	0.0	0.0
irreversible_control	1608	0.17988816422909112	0.17988816422909112	0.17988816422909112	0.0	0.0	0.0
irreversible_control	1609	0.15247069759621207	0.15247069759621207	0.15247069759621207	0.0	0.0	0.0
irreversible_control	1610	-0.09809306548440125	-0.09809306548440125	-0.09809306548440125	0.0	0.0	0.0
irreversible_control	1611	0.28175628472108766	0.28175628472108766	0.28175628472108766	0.0	0.0	0.0
irreversible_control	1612	0.3245466278491333	0.3245466278491333	0.3245466278491333	0.0	0.0	0.0
irreversible_control	1613	0.3330446622501134	0.3330446622501134	0.3330446622501134	0.0	0.0	0.0
irreversible_control	1614	0.2113138801396206	0.2113138801396206	0.2113138801396206	0.0	0.0	0.0
irreversible_control	1615	-0.0120369920287851	-0.011974699424216747	-0.011974699424216747	6.229260456835223e-05	0.0	0.00025
irreversible_control	1616	0.168764100874569	0.168764100874569	0.168764100874569	0.0	0.0	0.0
irreversible_control	1617	-0.1126089694643107	-0.1126089694643107	-0.1126089694643107	0.0	0.0	0.0
irreversible_control	1618	0.1180044017005909	0.1180044017005909	0.1180044017005909	0.0	0.0	0.0
irreversible_control	1619	0.14017502323096517	0.14017502323096517	0.14017502323096517	0.0	0.0	0.0
irreversible_control	1620	-0.01785761164399558	-0.01785761164399558	-0.01785761164399558	0.0	0.0	0.0
irreversible_control	1621	0.10020029533099822	0.10020029533099822	0.10020029533099822	0.0	0.0	0.0
irreversible_control	1622	-0.0651600775787165	-0.06507129937289949	-0.06507129937289949	8.87782058170139e-05	0.0	0.00025
irreversible_control	1623	0.13683568600983229	0.13683568600983229	0.13683568600983229	0.0	0.0	0.0
irreversible_control	1624	0.25830441192806375	0.25842273691331175	0.25842273691331175	0.00011832498524799728	0.0	0.00025
irreversible_control	1625	0.1903529043869865	0.1903529043869865	0.1903529043869865	0.0	0.0	0.0
irreversible_control	1626	0.04505901831123708	0.04505901831123708	0.04505901831123708	0.0	0.0	0.0
irreversible_control	1627	0.3452840842716179	0.3452840842716179	0.3452840842716179	0.0	0.0	0.0
irreversible_control	1628	0.12616605015592325	0.12616605015592325	0.12616605015592325	0.0	0.0	0.0
irreversible_control	1629	0.14419999714833992	0.14419999714833992	0.14419999714833992	0.0	0.0	0.0
irreversible_control	1630	0.26778999111630003	0.26778999111630003	0.26778999111630003	0.0	0.0	0.0
irreversible_control	1631	0.0691802723323931	0.0691802723323931	0.0691802723323931	0.0	0.0	0.0
irreversible_control	1632	0.11739910049959527	0.11739910049959527	0.11739910049959527	0.0	0.0	0.0
irreversible_control	1633	-0.15475363649692328	-0.15475363649692328	-0.15475363649692328	0.0	0.0	0.0
irreversible_control	1634	0.3468519937795537	0.3468519937795537	0.3468519937795537	0.0	0.0	0.0
irreversible_control	1635	-0.09681238929360654	-0.09681238929360654	-0.09681238929360654	0.0	0.0	0.0
irreversible_control	1636	-0.10757805034426311	-0.10757805034426311	-0.10757805034426311	0.0	0.0	0.0
irreversible_control	1637	0.01884699232144885	0.01884699232144885	0.01884699232144885	0.0	0.0	0.0
irreversible_control	1638	0.031264064697016154	0.031264064697016154	0.031264064697016154	0.0	0.0	0.0
irreversible_control	1639	-0.13962581669914573	-0.13962581669914573	-0.13962581669914573	0.0	0.0	0.0
irreversible_control	1640	-0.15404320007641223	-0.15404320007641223	-0.15404320007641223	0.0	0.0	0.0
irreversible_control	1641	0.1299163321681625	0.1299163321681625	0.1299163321681625	0.0	0.0	0.0
irreversible_control	1642	-0.22110689998673583	-0.22110689998673583	-0.22110689998673583	0.0	0.0	0.0
irreversible_control	1643	0.17627973196468996	0.17627973196468996	0.17627973196468996	0.0	0.0	0.0
irreversible_control	1644	0.14161236642437364	0.14161236642437364	0.14161236642437364	0.0	0.0	0.0
irreversible_control	1645	0.15059014880813265	0.15059014880813265	0.15059014880813265	0.0	0.0	0.0
irreversible_control	1646	0.264341234207919	0.264341234207919	0.264341234207919	0.0	0.0	0.0
irreversible_control	1647	0.08323765822707108	0.08323765822707108	0.08323765822707108	0.0	0.0	0.0
irreversible_control	1648	0.09028535945767463	0.09028535945767463	0.09028535945767463	0.0	0.0	0.0
irreversible_control	1649	0.08183328298525828	0.08183328298525828	0.08183328298525828	0.0	0.0	0.0
irreversible_control	1650	0.29582757564267664	0.29582757564267664	0.29582757564267664	0.0	0.0	0.0
irreversible_control	1651	-0.13596601572212197	-0.13596601572212197	-0.13596601572212197	0.0	0.0	0.0
irreversible_control	1652	-0.20943146861217488	-0.20943146861217488	-0.20943146861217488	0.0	0.0	0.0
irreversible_control	1653	0.030450250324422938	0.030450250324422938	0.030450250324422938	0.0	0.0	0.0
irreversible_control	1654	-0.20953328449256273	-0.20953328449256273	-0.20953328449256273	0.0	0.0	0.0
irreversible_control	1655	-0.06838157884980345	-0.06838157884980345	-0.06838157884980345	0.0	0.0	0.0
irreversible_control	1656	0.18251906476643562	0.18251906476643562	0.18251906476643562	0.0	0.0	0.0
irreversible_control	1657	0.10196480144918306	0.10196480144918306	0.10196480144918306	0.0	0.0	0.0
irreversible_control	1658	-0.2031059471225464	-0.2031059471225464	-0.2031059471225464	0.0	0.0	0.0
irreversible_control	1659	-0.03053455687490007	-0.03053455687490007	-0.03053455687490007	0.0	0.0	0.0
irreversible_control	1660	-0.0947193152746887	-0.0947193152746887	-0.0947193152746887	0.0	0.0	0.0
irreversible_control	1661	0.10920178260311016	0.10920178260311016	0.10920178260311016	0.0	0.0	0.0
irreversible_control	1662	-0.25524272680899435	-0.25524272680899435	-0.25524272680899435	0.0	0.0	0.0
irreversible_control	1663	-0.04285275969793665	-0.04285275969793665	-0.04285275969793665	0.0	0.0	0.0
irreversible_control	1664	-0.08287422231582713	-0.08287422231582713	-0.08287422231582713	0.0	0.0	0.0
irreversible_control	1665	-0.026118184163160352	-0.026118184163160352	-0.026118184163160352	0.0	0.0	0.0
irreversible_control	1666	-0.14545160100367	-0.14545160100367	-0.14545160100367	0.0	0.0	0.0
irreversible_control	1667	0.18573789742675348	0.18573789742675348	0.18573789742675348	0.0	0.0	0.0
irreversible_control	1668	0.3027168237033252	0.3027168237033252	0.3027168237033252	0.0	0.0	0.0
irreversible_control	1669	0.36919841571399875	0.36919841571399875	0.36919841571399875	0.0	0.0	0.0
irreversible_control	1670	-0.18172861189292036	-0.18172861189292036	-0.18172861189292036	0.0	0.0	0.0
irreversible_control	1671	-0.20416139551877022	-0.20416139551877022	-0.20416139551877022	0.0	0.0	0.0
irreversible_control	1672	-0.21498626533409493	-0.21498626533409493	-0.21498626533409493	0.0	0.0	0.0
irreversible_control	1673	0.2844353602504223	0.2844353602504223	0.2844353602504223	0.0	0.0	0.0
irreversible_control	1674	0.05147822629429917	0.05147822629429917	0.05147822629429917	0.0	0.0	0.0
irreversible_control	1675	0.11046629731783136	0.11046629731783136	0.11046629731783136	0.0	0.0	0.0
irreversible_control	1676	0.09151370327634904	0.09151370327634904	0.09151370327634904	0.0	0.0	0.0
irreversible_control	1677	-0.06511348704517722	-0.06511348704517722	-0.06511348704517722	0.0	0.0	0.0
irreversible_control	1678	0.3165692131248428	0.3165692131248428	0.3165692131248428	0.0	0.0	0.0
irreversible_control	1679	0.017259802426221476	0.017259802426221476	0.017259802426221476	0.0	0.0	0.0
irreversible_control	1680	0.06815506607297185	0.06815506607297185	0.06815506607297185	0.0	0.0	0.0
irreversible_control	1681	-0.14773468050565866	-0.14773468050565866	-0.14773468050565866	0.0	0.0	0.0
irreversible_control	1682	0.11454014115552162	0.11454014115552162	0.11454014115552162	0.0	0.0	0.0
irreversible_control	1683	0.26100141178808306	0.26100141178808306	0.26100141178808306	0.0	0.0	0.0
irreversible_control	1684	0.2165818871162616	0.2165818871162616	0.2165818871162616	0.0	0.0	0.0
irreversible_control	1685	0.2764696205740213	0.2764696205740213	0.2764696205740213	0.0	0.0	0.0
irreversible_control	1686	0.08612265465748274	0.08612265465748274	0.08612265465748274	0.0	0.0	0.0
irreversible_control	1687	-0.023938166970228082	-0.023938166970228082	-0.023938166970228082	0.0	0.0	0.0
irreversible_control	1688	-0.0358718939390517	-0.03574792747399683	-0.03574792747399683	0.00012396646505487274	0.0	0.00025
irreversible_control	1689	-0.005971734374118445	-0.005971734374118445	-0.005971734374118445	0.0	0.0	0.0
irreversible_control	1690	0.10794875443706888	0.10794875443706888	0.10794875443706888	0.0	0.0	0.0
irreversible_control	1691	0.15838465053590015	0.15838465053590015	0.15838465053590015	0.0	0.0	0.0
irreversible_control	1692	-0.1744121559484467	-0.1744121559484467	-0.1744121559484467	0.0	0.0	0.0
irreversible_control	1693	0.17661492113961155	0.17661492113961155	0.17661492113961155	0.0	0.0	0.0
irreversible_control	1694	0.15168869972908056	0.15168869972908056	0.15168869972908056	0.0	0.0	0.0
irreversible_control	1695	0.3385501310523581	0.3385501310523581	0.3385501310523581	0.0	0.0	0.0
irreversible_control	1696	0.29829727399445105	0.29829727399445105	0.29829727399445105	0.0	0.0	0.0
irreversible_control	1697	0.342105741244073	0.342105741244073	0.342105741244073	0.0	0.0	0.0
irreversible_control	1698	0.18618354362456194	0.18618354362456194	0.18618354362456194	0.0	0.0	0.0
irreversible_control	1699	0.08615825723347253	0.08615825723347253	0.08615825723347253	0.0	0.0	0.0
irreversible_control	1700	-0.26970785055219176	-0.269671417216122	-0.269671417216122	3.6433336069785494e-05	0.0	0.00025
irreversible_control	1701	0.3287510349733358	0.3287510349733358	0.3287510349733358	0.0	0.0	0.0
irreversible_control	1702	0.08988600201625636	0.08988600201625636	0.08988600201625636	0.0	0.0	0.0
irreversible_control	1703	-0.15777945762296838	-0.15777945762296838	-0.15777945762296838	0.0	0.0	0.0
irreversible_control	1704	-0.10468369368593881	-0.10468369368593881	-0.10468369368593881	0.0	0.0	0.0
irreversible_control	1705	-0.06863858970777281	-0.06814525205668713	-0.06814525205668713	0.0004933376510856818	0.0	0.00075
irreversible_control	1706	-0.04484820886491056	-0.04484820886491056	-0.04484820886491056	0.0	0.0	0.0
irreversible_control	1707	0.012863264496487774	0.012863264496487774	0.012863264496487774	0.0	0.0	0.0
irreversible_control	1708	-0.16095117653775545	-0.16095117653775545	-0.16095117653775545	0.0	0.0	0.0
irreversible_control	1709	0.018450929636179725	0.018450929636179725	0.018450929636179725	0.0	0.0	0.0
irreversible_control	1710	0.09792366680490018	0.09792366680490018	0.09792366680490018	0.0	0.0	0.0
irreversible_control	1711	-0.005217265252224985	-0.005119386111319711	-0.005119386111319711	9.787914090527393e-05	0.0	0.00025
irreversible_control	1712	0.10487663895426416	0.10487663895426416	0.10487663895426416	0.0	0.0	0.0
irreversible_control	1713	0.2807059427964345	0.2807059427964345	0.2807059427964345	0.0	0.0	0.0
irreversible_control	1714	-0.11322359409938924	-0.11322359409938924	-0.11322359409938924	0.0	0.0	0.0
irreversible_control	1715	-0.2191602391553571	-0.2191602391553571	-0.2191602391553571	0.0	0.0	0.0
irreversible_control	1716	-0.2361667014382281	-0.2361667014382281	-0.2361667014382281	0.0	0.0	0.0
irreversible_control	1717	-0.16835401317886192	-0.16834167419952178	-0.16834167419952178	1.233897934013739e-05	0.0	0.00025
irreversible_control	1718	0.24539167121780914	0.24539167121780914	0.24539167121780914	0.0	0.0	0.0
irreversible_control	1719	-0.25616519634767343	-0.25616519634767343	-0.25616519634767343	0.0	0.0	0.0
irreversible_control	1720	-0.07205850970812105	-0.07205850970812105	-0.07205850970812105	0.0	0.0	0.0
irreversible_control	1721	0.3120801351969394	0.3120801351969394	0.3120801351969394	0.0	0.0	0.0
irreversible_control	1722	0.3268554248073597	0.3268554248073597	0.3268554248073597	0.0	0.0	0.0
irreversible_control	1723	0.3240124134192048	0.3240124134192048	0.3240124134192048	0.0	0.0	0.0
irreversible_control	1724	-0.17467838686183712	-0.17467838686183712	-0.17467838686183712	0.0	0.0	0.0
irreversible_control	1725	-0.24514649381893536	-0.24514649381893536	-0.24514649381893536	0.0	0.0	0.0
irreversible_control	1726	0.24997597988799433	0.24997597988799433	0.24997597988799433	0.0	0.0	0.0
irreversible_control	1727	0.22931359639688279	0.22931359639688279	0.22931359639688279	0.0	0.0	0.0
irreversible_control	1728	-0.08353875845943554	-0.08353875845943554	-0.08353875845943554	0.0	0.0	0.0
irreversible_control	1729	0.08256185127609217	0.08256185127609217	0.08256185127609217	0.0	0.0	0.0
irreversible_control	1730	-0.25326816197063823	-0.25326816197063823	-0.25326816197063823	0.0	0.0	0.0
irreversible_control	1731	0.2221875153608771	0.2221875153608771	0.2221875153608771	0.0	0.0	0.0
irreversible_control	1732	0.28202130755166244	0.28202130755166244	0.28202130755166244	0.0	0.0	0.0
irreversible_control	1733	-0.022563819455707786	-0.022563819455707786	-0.022563819455707786	0.0	0.0	0.0
irreversible_control	1734	0.26204909577623453	0.26204909577623453	0.26204909577623453	0.0	0.0	0.0
irreversible_control	1735	0.019697381924725973	0.019697381924725973	0.019697381924725973	0.0	0.0	0.0
irreversible_control	1736	0.2933752257547028	0.2933752257547028	0.2933752257547028	0.0	0.0	0.0
irreversible_control	1737	-0.05049393142076659	-0.05049393142076659	-0.05049393142076659	0.0	0.0	0.0
irreversible_control	1738	-0.18747306606264327	-0.18747306606264327	-0.18747306606264327	0.0	0.0	0.0
irreversible_control	1739	0.1975373258316976	0.1975373258316976	0.1975373258316976	0.0	0.0	0.0
irreversible_control	1740	-0.1023836895219035	-0.1023836895219035	-0.1023836895219035	0.0	0.0	0.0
irreversible_control	1741	0.06677913459853076	0.06677913459853076	0.06677913459853076	0.0	0.0	0.0
irreversible_control	1742	0.3121504265256935	0.3121504265256935	0.3121504265256935	0.0	0.0	0.0
irreversible_control	1743	0.04930143089637673	0.04930143089637673	0.04930143089637673	0.0	0.0	0.0
irreversible_control	1744	-0.22171122984144825	-0.22171122984144825	-0.22171122984144825	0.0	0.0	0.0
irreversible_control	1745	0.09040578832509284	0.09040578832509284	0.09040578832509284	0.0	0.0	0.0
irreversible_control	1746	-0.026542341108954353	-0.026542341108954353	-0.026542341108954353	0.0	0.0	0.0
irreversible_control	1747	-0.21684444045483064	-0.21684444045483064	-0.21684444045483064	0.0	0.0	0.0
irreversible_control	1748	0.17274914024327773	0.17274914024327773	0.17274914024327773	0.0	0.0	0.0
irreversible_control	1749	-0.24875972455717324	-0.24875972455717324	-0.24875972455717324	0.0	0.0	0.0
irreversible_control	1750	0.16621663672591364	0.16621663672591364	0.16621663672591364	0.0	0.0	0.0
irreversible_control	1751	0.14659701875508835	0.14659701875508835	0.14659701875508835	0.0	0.0	0.0
irreversible_control	1752	-0.020601041931894003	-0.020601041931894003	-0.020601041931894003	0.0	0.0	0.0
irreversible_control	1753	-0.02107092413283682	-0.02107092413283682	-0.02107092413283682	0.0	0.0	0.0
irreversible_control	1754	-0.048290569035567645	-0.048290569035567645	-0.048290569035567645	0.0	0.0	0.0
irreversible_control	1755	-0.22799070767420726	-0.2277996941846037	-0.2277996941846037	0.00019101348960356979	0.0	0.00025
irreversible_control	1756	0.22495530308849043	0.22495530308849043	0.22495530308849043	0.0	0.0	0.0
irreversible_control	1757	0.1770965485098933	0.1770965485098933	0.1770965485098933	0.0	0.0	0.0
irreversible_control	1758	-0.05831291529321012	-0.05831291529321012	-0.05831291529321012	0.0	0.0	0.0
irreversible_control	1759	0.19485897470746918	0.19485897470746918	0.19485897470746918	0.0	0.0	0.0
irreversible_control	1760	0.07608821920910967	0.07608821920910967	0.07608821920910967	0.0	0.0	0.0
irreversible_control	1761	-0.05685368754210928	-0.05685368754210928	-0.05685368754210928	0.0	0.0	0.0
irreversible_control	1762	-0.0742288807071698	-0.0742288807071698	-0.0742288807071698	0.0	0.0	0.0
irreversible_control	1763	-0.2433063470212927	-0.2433063470212927	-0.2433063470212927	0.0	0.0	0.0
irreversible_control	1764	0.3246344852504064	0.3246344852504064	0.3246344852504064	0.0	0.0	0.0
irreversible_control	1765	0.09615739126061384	0.09615739126061384	0.09615739126061384	0.0	0.0	0.0
irreversible_control	1766	-0.13602282830018347	-0.13602282830018347	-0.13602282830018347	0.0	0.0	0.0
irreversible_control	1767	-0.02357420523262382	-0.02357420523262382	-0.02357420523262382	0.0	0.0	0.0
irreversible_control	1768	0.16721222270613192	0.16721222270613192	0.16721222270613192	0.0	0.0	0.0
irreversible_control	1769	0.032381679890865066	0.032381679890865066	0.032381679890865066	0.0	0.0	0.0
irreversible_control	1770	0.22066033740665325	0.22066033740665325	0.22066033740665325	0.0	0.0	0.0
irreversible_control	1771	0.1466695108744433	0.1466695108744433	0.1466695108744433	0.0	0.0	0.0
irreversible_control	1772	0.05849477704109119	0.05849477704109119	0.05849477704109119	0.0	0.0	0.0
irreversible_control	1773	0.27757292259987465	0.27757292259987465	0.27757292259987465	0.0	0.0	0.0
irreversible_control	1774	0.30323636708996354	0.30323636708996354	0.30323636708996354	0.0	0.0	0.0
irreversible_control	1775	0.11215664994500305	0.11215664994500305	0.11215664994500305	0.0	0.0	0.0
irreversible_control	1776	0.12098422834966324	0.12098422834966324	0.12098422834966324	0.0	0.0	0.0
irreversible_control	1777	-0.06896148363885779	-0.06896148363885779	-0.06896148363885779	0.0	0.0	0.0
irreversible_control	1778	0.008800963725933275	0.008800963725933275	0.008800963725933275	0.0	0.0	0.0
irreversible_control	1779	-0.06745503702831958	-0.06745503702831958	-0.06745503702831958	0.0	0.0	0.0
irreversible_control	1780	-0.04327467818338154	-0.04323760933802701	-0.04323760933802701	3.7068845354530644e-05	0.0	0.00025
irreversible_control	1781	0.00043702788670787384	0.00045030571701337155	0.00045030571701337155	1.3277830305497712e-05	0.0	0.00025
irreversible_control	1782	0.16975721787281725	0.16975721787281725	0.16975721787281725	0.0	0.0	0.0
irreversible_control	1783	-0.07100471225933877	-0.07100471225933877	-0.07100471225933877	0.0	0.0	0.0
irreversible_control	1784	-0.16086189637547188	-0.16086189637547188	-0.16086189637547188	0.0	0.0	0.0
irreversible_control	1785	0.2910613277895494	0.2910613277895494	0.2910613277895494	0.0	0.0	0.0
irreversible_control	1786	-0.12465844929544072	-0.12465844929544072	-0.12465844929544072	0.0	0.0	0.0
irreversible_control	1787	-0.2318385943457214	-0.2318385943457214	-0.2318385943457214	0.0	0.0	0.0
irreversible_control	1788	0.24046690283095606	0.24046690283095606	0.24046690283095606	0.0	0.0	0.0
irreversible_control	1789	0.03397994432175121	0.03397994432175121	0.03397994432175121	0.0	0.0	0.0
irreversible_control	1790	-0.05591517364488479	-0.05591517364488479	-0.05591517364488479	0.0	0.0	0.0
irreversible_control	1791	-0.16009049953044652	-0.16009049953044652	-0.16009049953044652	0.0	0.0	0.0
irreversible_control	1792	0.1399065652018161	0.1399065652018161	0.1399065652018161	0.0	0.0	0.0
irreversible_control	1793	0.2510229442718385	0.2510229442718385	0.2510229442718385	0.0	0.0	0.0
irreversible_control	1794	-0.10743482267704736	-0.10743482267704736	-0.10743482267704736	0.0	0.0	0.0
irreversible_control	1795	-0.0006131465637622889	-0.0006131465637622889	-0.0006131465637622889	0.0	0.0	0.0
irreversible_control	1796	0.0010470398871500598	0.0010470398871500598	0.0010470398871500598	0.0	0.0	0.0
irreversible_control	1797	0.2281268082843634	0.2281268082843634	0.2281268082843634	0.0	0.0	0.0
irreversible_control	1798	-0.18070927462482358	-0.18070927462482358	-0.18070927462482358	0.0	0.0	0.0
irreversible_control	1799	-0.19923197971232573	-0.19923197971232573	-0.19923197971232573	0.0	0.0	0.0
irreversible_control	1800	0.27426629106996114	0.27426629106996114	0.27426629106996114	0.0	0.0	0.0
irreversible_control	1801	-0.09902936597836802	-0.09902936597836802	-0.09902936597836802	0.0	0.0	0.0
irreversible_control	1802	-0.2552229981332302	-0.2551792942256126	-0.2551792942256126	4.370390761759824e-05	0.0	0.00025
irreversible_control	1803	0.2896273197922884	0.2896273197922884	0.2896273197922884	0.0	0.0	0.0
irreversible_control	1804	0.21016878282000234	0.21016878282000234	0.21016878282000234	0.0	0.0	0.0
irreversible_control	1805	0.3512661720139297	0.3512661720139297	0.3512661720139297	0.0	0.0	0.0
irreversible_control	1806	0.06317657609653418	0.06317657609653418	0.06317657609653418	0.0	0.0	0.0
irreversible_control	1807	0.19048693684433318	0.19048693684433318	0.19048693684433318	0.0	0.0	0.0
irreversible_control	1808	-0.2162288752111551	-0.21586021677498876	-0.21586021677498876	0.00036865843616634697	0.0	0.00075
irreversible_control	1809	0.34531543268915366	0.34531543268915366	0.34531543268915366	0.0	0.0	0.0
irreversible_control	1810	0.31260101531165685	0.31260101531165685	0.31260101531165685	0.0	0.0	0.0
irreversible_control	1811	-0.2232688348116094	-0.2232688348116094	-0.2232688348116094	0.0	0.0	0.0
irreversible_control	1812	0.32345499926376065	0.32345499926376065	0.32345499926376065	0.0	0.0	0.0
irreversible_control	1813	-0.021441105539395645	-0.021441105539395645	-0.021441105539395645	0.0	0.0	0.0
irreversible_control	1814	-0.09765350914985857	-0.09765350914985857	-0.09765350914985857	0.0	0.0	0.0
irreversible_control	1815	0.2667711430122708	0.2667711430122708	0.2667711430122708	0.0	0.0	0.0
irreversible_control	1816	0.15505261083094882	0.15505261083094882	0.15505261083094882	0.0	0.0	0.0
irreversible_control	1817	-0.17709404474168416	-0.17684661019384904	-0.17684661019384904	0.0002474345478351292	0.0	0.00025
irreversible_control	1818	0.1274973044284917	0.1274973044284917	0.1274973044284917	0.0	0.0	0.0
irreversible_control	1819	0.19398301375013124	0.19398301375013124	0.19398301375013124	0.0	0.0	0.0
irreversible_control	1820	0.3161012446481075	0.3161012446481075	0.3161012446481075	0.0	0.0	0.0
irreversible_control	1821	-0.12959299820314749	-0.12959299820314749	-0.12959299820314749	0.0	0.0	0.0
irreversible_control	1822	-0.21153480604856692	-0.21153480604856692	-0.21153480604856692	0.0	0.0	0.0
irreversible_control	1823	0.11698188509769616	0.11701819546337705	0.11701819546337705	3.631036568088608e-05	0.0	0.00025
irreversible_control	1824	0.17549651574511627	0.17549651574511627	0.17549651574511627	0.0	0.0	0.0
irreversible_control	1825	0.17266334789296223	0.17266334789296223	0.17266334789296223	0.0	0.0	0.0
irreversible_control	1826	0.20853477733505366	0.20853477733505366	0.20853477733505366	0.0	0.0	0.0
irreversible_control	1827	0.10124128228370634	0.10124128228370634	0.10124128228370634	0.0	0.0	0.0
irreversible_control	1828	-0.24705988452498104	-0.24705988452498104	-0.24705988452498104	0.0	0.0	0.0
irreversible_control	1829	0.12205028016622489	0.12205028016622489	0.12205028016622489	0.0	0.0	0.0
irreversible_control	1830	-0.021351424049789167	-0.021351424049789167	-0.021351424049789167	0.0	0.0	0.0
irreversible_control	1831	0.030856743853776222	0.03095298926101831	0.03095298926101831	9.624540724208902e-05	0.0	0.0005
irreversible_control	1832	-0.10249167010420579	-0.10249167010420579	-0.10249167010420579	0.0	0.0	0.0
irreversible_control	1833	-0.10492317396035586	-0.10492317396035586	-0.10492317396035586	0.0	0.0	0.0
irreversible_control	1834	-0.21931357683231353	-0.21931357683231353	-0.21931357683231353	0.0	0.0	0.0
irreversible_control	1835	0.214523244104928	0.214523244104928	0.214523244104928	0.0	0.0	0.0
irreversible_control	1836	-0.053739620940490986	-0.053739620940490986	-0.053739620940490986	0.0	0.0	0.0
irreversible_control	1837	-0.1727286061272563	-0.1727286061272563	-0.1727286061272563	0.0	0.0	0.0
irreversible_control	1838	0.11873871280589428	0.11873871280589428	0.11873871280589428	0.0	0.0	0.0
irreversible_control	1839	-0.18954041355629453	-0.18954041355629453	-0.18954041355629453	0.0	0.0	0.0
irreversible_control	1840	0.055691911651482795	0.055691911651482795	0.055691911651482795	0.0	0.0	0.0
irreversible_control	1841	0.1067146133392129	0.1067146133392129	0.1067146133392129	0.0	0.0	0.0
irreversible_control	1842	-0.08991507245747114	-0.08991507245747114	-0.08991507245747114	0.0	0.0	0.0
irreversible_control	1843	-0.08460406480629187	-0.08460406480629187	-0.08460406480629187	0.0	0.0	0.0
irreversible_control	1844	-0.04389511273190777	-0.04389511273190777	-0.04389511273190777	0.0	0.0	0.0
irreversible_control	1845	0.14264044982275448	0.14264044982275448	0.14264044982275448	0.0	0.0	0.0
irreversible_control	1846	0.02358787313658361	0.02358787313658361	0.02358787313658361	0.0	0.0	0.0
irreversible_control	1847	0.2709348142390354	0.2709348142390354	0.2709348142390354	0.0	0.0	0.0
irreversible_control	1848	0.18355327932326415	0.18355327932326415	0.18355327932326415	0.0	0.0	0.0
irreversible_control	1849	0.014107407837487885	0.014107407837487885	0.014107407837487885	0.0	0.0	0.0
irreversible_control	1850	0.3125374162215208	0.3125374162215208	0.3125374162215208	0.0	0.0	0.0
irreversible_control	1851	0.17155088549249023	0.17155088549249023	0.17155088549249023	0.0	0.0	0.0
irreversible_control	1852	-0.11219813802371999	-0.11219813802371999	-0.11219813802371999	0.0	0.0	0.0
irreversible_control	1853	-0.11083110820254094	-0.11077057337220586	-0.11077057337220586	6.053483033507945e-05	0.0	0.00025
irreversible_control	1854	0.1382252349976811	0.1382252349976811	0.1382252349976811	0.0	0.0	0.0
irreversible_control	1855	0.23963316410398516	0.23963316410398516	0.23963316410398516	0.0	0.0	0.0
irreversible_control	1856	0.024338220888975064	0.024338220888975064	0.024338220888975064	0.0	0.0	0.0
irreversible_control	1857	0.3039659783481325	0.3039659783481325	0.3039659783481325	0.0	0.0	0.0
irreversible_control	1858	0.1470365059432932	0.1470365059432932	0.1470365059432932	0.0	0.0	0.0
irreversible_control	1859	0.08682573467777153	0.08682573467777153	0.08682573467777153	0.0	0.0	0.0
irreversible_control	1860	0.20960946994420646	0.20960946994420646	0.20960946994420646	0.0	0.0	0.0
irreversible_control	1861	0.01614124174019355	0.01614124174019355	0.01614124174019355	0.0	0.0	0.0
irreversible_control	1862	-0.1896047066116513	-0.1896047066116513	-0.1896047066116513	0.0	0.0	0.0
irreversible_control	1863	0.21816862599423054	0.21816862599423054	0.21816862599423054	0.0	0.0	0.0
irreversible_control	1864	0.24085990122165105	0.24085990122165105	0.24085990122165105	0.0	0.0	0.0
irreversible_control	1865	-0.06348204721407341	-0.06348204721407341	-0.06348204721407341	0.0	0.0	0.0
irreversible_control	1866	0.32247113556340035	0.32247113556340035	0.32247113556340035	0.0	0.0	0.0
irreversible_control	1867	-0.02626630107200677	-0.02626630107200677	-0.02626630107200677	0.0	0.0	0.0
irreversible_control	1868	-0.20609310523777455	-0.20609310523777455	-0.20609310523777455	0.0	0.0	0.0
irreversible_control	1869	0.07936318018776792	0.07936318018776792	0.07936318018776792	0.0	0.0	0.0
irreversible_control	1870	0.26652953410962676	0.26652953410962676	0.26652953410962676	0.0	0.0	0.0
irreversible_control	1871	-0.23156437505325542	-0.23156437505325542	-0.23156437505325542	0.0	0.0	0.0
irreversible_control	1872	0.03144277525941501	0.03144277525941501	0.03144277525941501	0.0	0.0	0.0
irreversible_control	1873	-0.20652875929880088	-0.20652875929880088	-0.20652875929880088	0.0	0.0	0.0
irreversible_control	1874	0.24884613026770386	0.24884613026770386	0.24884613026770386	0.0	0.0	0.0
irreversible_control	1875	0.20008236319597592	0.20008236319597592	0.20008236319597592	0.0	0.0	0.0
irreversible_control	1876	0.23293614803482723	0.23293614803482723	0.23293614803482723	0.0	0.0	0.0
irreversible_control	1877	0.301162965576706	0.301162965576706	0.301162965576706	0.0	0.0	0.0
irreversible_control	1878	0.1920598782884924	0.1920598782884924	0.1920598782884924	0.0	0.0	0.0
irreversible_control	1879	0.16415409169993822	0.16415409169993822	0.16415409169993822	0.0	0.0	0.0
irreversible_control	1880	0.06824384257041703	0.06824384257041703	0.06824384257041703	0.0	0.0	0.0
irreversible_control	1881	0.2455548282859517	0.2455548282859517	0.2455548282859517	0.0	0.0	0.0
irreversible_control	1882	0.23814730800319547	0.23814730800319547	0.23814730800319547	0.0	0.0	0.0
irreversible_control	1883	-0.06868904324059641	-0.06868904324059641	-0.06868904324059641	0.0	0.0	0.0
irreversible_control	1884	0.2571795765526771	0.2571795765526771	0.2571795765526771	0.0	0.0	0.0
irreversible_control	1885	0.15032559138398477	0.15032559138398477	0.15032559138398477	0.0	0.0	0.0
irreversible_control	1886	-0.005515850442816228	-0.005515850442816228	-0.005515850442816228	0.0	0.0	0.0
irreversible_control	1887	0.10839093711706686	0.10839093711706686	0.10839093711706686	0.0	0.0	0.0
irreversible_control	1888	0.17953638631890975	0.17953638631890975	0.17953638631890975	0.0	0.0	0.0
irreversible_control	1889	0.32578073075030567	0.32578073075030567	0.32578073075030567	0.0	0.0	0.0
irreversible_control	1890	0.28098127751533736	0.28098127751533736	0.28098127751533736	0.0	0.0	0.0
irreversible_control	1891	0.2904057031396038	0.2904057031396038	0.2904057031396038	0.0	0.0	0.0
irreversible_control	1892	-0.0429549734780934	-0.0429549734780934	-0.0429549734780934	0.0	0.0	0.0
irreversible_control	1893	0.2459252266122789	0.2459252266122789	0.2459252266122789	0.0	0.0	0.0
irreversible_control	1894	0.08545345507745059	0.08545345507745059	0.08545345507745059	0.0	0.0	0.0
irreversible_control	1895	-0.04723759434968153	-0.04723759434968153	-0.04723759434968153	0.0	0.0	0.0
irreversible_control	1896	0.015794228389539814	0.015794228389539814	0.015794228389539814	0.0	0.0	0.0
irreversible_control	1897	0.01228987309232531	0.01228987309232531	0.01228987309232531	0.0	0.0	0.0
irreversible_control	1898	0.060785377796798094	0.060785377796798094	0.060785377796798094	0.0	0.0	0.0
irreversible_control	1899	0.15501869139871757	0.15501869139871757	0.15501869139871757	0.0	0.0	0.0
irreversible_control	1900	-0.10347898514801156	-0.10347898514801156	-0.10347898514801156	0.0	0.0	0.0
irreversible_control	1901	-0.07227414991096097	-0.07227414991096097	-0.07227414991096097	0.0	0.0	0.0
irreversible_control	1902	-0.20710509898351165	-0.20710509898351165	-0.20710509898351165	0.0	0.0	0.0
irreversible_control	1903	-0.2093353776668865	-0.2091704384375375	-0.2091704384375375	0.00016493922934901484	0.0	0.00025
irreversible_control	1904	0.30356063298797825	0.30356063298797825	0.30356063298797825	0.0	0.0	0.0
irreversible_control	1905	0.35055939041201456	0.35055939041201456	0.35055939041201456	0.0	0.0	0.0
irreversible_control	1906	0.11406546887541424	0.11406546887541424	0.11406546887541424	0.0	0.0	0.0
irreversible_control	1907	0.29260082958092826	0.29260082958092826	0.29260082958092826	0.0	0.0	0.0
irreversible_control	1908	-0.1385898921640124	-0.1385898921640124	-0.1385898921640124	0.0	0.0	0.0
irreversible_control	1909	-0.050966124288029546	-0.05095811003069446	-0.05095811003069446	8.01425733508443e-06	0.0	0.00025
irreversible_control	1910	-0.19401953020931098	-0.19401953020931098	-0.19401953020931098	0.0	0.0	0.0
irreversible_control	1911	0.11043330277832775	0.11043330277832775	0.11043330277832775	0.0	0.0	0.0
irreversible_control	1912	0.3040194322494793	0.3040194322494793	0.3040194322494793	0.0	0.0	0.0
irreversible_control	1913	-0.3058711363317566	-0.3058711363317566	-0.3058711363317566	0.0	0.0	0.0
irreversible_control	1914	-0.0802044154352938	-0.0802044154352938	-0.0802044154352938	0.0	0.0	0.0
irreversible_control	1915	0.01648705559172833	0.01648705559172833	0.01648705559172833	0.0	0.0	0.0
irreversible_control	1916	-0.10990748576176906	-0.10990748576176906	-0.10990748576176906	0.0	0.0	0.0
irreversible_control	1917	0.3247880712734892	0.3247880712734892	0.3247880712734892	0.0	0.0	0.0
irreversible_control	1918	-0.1839051379765318	-0.1839051379765318	-0.1839051379765318	0.0	0.0	0.0
irreversible_control	1919	0.32737314350819235	0.32737314350819235	0.32737314350819235	0.0	0.0	0.0
irreversible_control	1920	-0.21267619394221943	-0.21254428763205613	-0.21254428763205613	0.0001319063101632989	0.0	0.0005
irreversible_control	1921	0.060213031843341785	0.060213031843341785	0.060213031843341785	0.0	0.0	0.0
irreversible_control	1922	0.18347090985087017	0.18347090985087017	0.18347090985087017	0.0	0.0	0.0
irreversible_control	1923	0.23317686797855083	0.23317686797855083	0.23317686797855083	0.0	0.0	0.0
irreversible_control	1924	0.010586462729305104	0.010586462729305104	0.010586462729305104	0.0	0.0	0.0
irreversible_control	1925	-0.2717342361773107	-0.2717342361773107	-0.2717342361773107	0.0	0.0	0.0
irreversible_control	1926	0.16619247832303097	0.16619247832303097	0.16619247832303097	0.0	0.0	0.0
irreversible_control	1927	-0.16297473435916254	-0.16297473435916254	-0.16297473435916254	0.0	0.0	0.0
irreversible_control	1928	0.2642668320261459	0.2642668320261459	0.2642668320261459	0.0	0.0	0.0
irreversible_control	1929	-0.18496091322391214	-0.18496091322391214	-0.18496091322391214	0.0	0.0	0.0
irreversible_control	1930	-0.2323450890242418	-0.23228555277737764	-0.23228555277737764	5.953624686416692e-05	0.0	0.0005
irreversible_control	1931	0.2666393621638808	0.2666393621638808	0.2666393621638808	0.0	0.0	0.0
irreversible_control	1932	0.10712213763751353	0.10712213763751353	0.10712213763751353	0.0	0.0	0.0
irreversible_control	1933	0.06409901351941762	0.06409901351941762	0.06409901351941762	0.0	0.0	0.0
irreversible_control	1934	0.1860149966931412	0.1860149966931412	0.1860149966931412	0.0	0.0	0.0
irreversible_control	1935	0.15137107065944874	0.15137107065944874	0.15137107065944874	0.0	0.0	0.0
irreversible_control	1936	-0.03893740186586876	-0.03893740186586876	-0.03893740186586876	0.0	0.0	0.0
irreversible_control	1937	-0.12454169172942446	-0.12454169172942446	-0.12454169172942446	0.0	0.0	0.0
irreversible_control	1938	0.31974150943347707	0.31974150943347707	0.31974150943347707	0.0	0.0	0.0
irreversible_control	1939	-0.07404347286407503	-0.07404347286407503	-0.07404347286407503	0.0	0.0	0.0
irreversible_control	1940	0.2461786673995325	0.2461786673995325	0.2461786673995325	0.0	0.0	0.0
irreversible_control	1941	-0.05437868982225111	-0.05437868982225111	-0.05437868982225111	0.0	0.0	0.0
irreversible_control	1942	-0.21135470028449446	-0.21135470028449446	-0.21135470028449446	0.0	0.0	0.0
irreversible_control	1943	-0.19759080087777345	-0.19759080087777345	-0.19759080087777345	0.0	0.0	0.0
irreversible_control	1944	0.08727477376856632	0.08727477376856632	0.08727477376856632	0.0	0.0	0.0
irreversible_control	1945	0.1884918694882542	0.1884918694882542	0.1884918694882542	0.0	0.0	0.0
irreversible_control	1946	-0.0042567342783895075	-0.0042567342783895075	-0.0042567342783895075	0.0	0.0	0.0
irreversible_control	1947	0.25608377262607357	0.25608377262607357	0.25608377262607357	0.0	0.0	0.0
irreversible_control	1948	-0.010674447902374913	-0.010674447902374913	-0.010674447902374913	0.0	0.0	0.0
irreversible_control	1949	0.2936563827630162	0.2936563827630162	0.2936563827630162	0.0	0.0	0.0
irreversible_control	1950	-0.19059114787830372	-0.19059114787830372	-0.19059114787830372	0.0	0.0	0.0
irreversible_control	1951	-0.12676228869869463	-0.12676228869869463	-0.12676228869869463	0.0	0.0	0.0
irreversible_control	1952	-0.03664702389393948	-0.03664702389393948	-0.03664702389393948	0.0	0.0	0.0
irreversible_control	1953	-0.04603225492090727	-0.04597842897047048	-0.04597842897047048	5.382595043679217e-05	0.0	0.00025
irreversible_control	1954	-0.10036090554315105	-0.10036090554315105	-0.10036090554315105	0.0	0.0	0.0
irreversible_control	1955	-0.0493311649495623	-0.0493311649495623	-0.0493311649495623	0.0	0.0	0.0
irreversible_control	1956	0.3025933681682126	0.3025933681682126	0.3025933681682126	0.0	0.0	0.0
irreversible_control	1957	0.09383957739926492	0.09383957739926492	0.09383957739926492	0.0	0.0	0.0
irreversible_control	1958	-0.23697015020260895	-0.23697015020260895	-0.23697015020260895	0.0	0.0	0.0
irreversible_control	1959	-0.1501156063005186	-0.1501156063005186	-0.1501156063005186	0.0	0.0	0.0
irreversible_control	1960	0.14421093626546236	0.14421093626546236	0.14421093626546236	0.0	0.0	0.0
irreversible_control	1961	-0.037370433321741885	-0.037370433321741885	-0.037370433321741885	0.0	0.0	0.0
irreversible_control	1962	-0.15974119758005748	-0.15973406845832758	-0.15973406845832758	7.1291217298985465e-06	0.0	0.00025
irreversible_control	1963	-0.2088124673682893	-0.2088124673682893	-0.2088124673682893	0.0	0.0	0.0
irreversible_control	1964	-0.12876618583129468	-0.12876618583129468	-0.12876618583129468	0.0	0.0	0.0
irreversible_control	1965	-0.1444378808539409	-0.1444378808539409	-0.1444378808539409	0.0	0.0	0.0
irreversible_control	1966	0.2627553531567934	0.2627553531567934	0.2627553531567934	0.0	0.0	0.0
irreversible_control	1967	0.15961338148878382	0.15961338148878382	0.15961338148878382	0.0	0.0	0.0
irreversible_control	1968	0.03210068086867109	0.03210068086867109	0.03210068086867109	0.0	0.0	0.0
irreversible_control	1969	0.2537647340323098	0.2537647340323098	0.2537647340323098	0.0	0.0	0.0
irreversible_control	1970	0.02592286368437184	0.02592286368437184	0.02592286368437184	0.0	0.0	0.0
irreversible_control	1971	-0.23455652848274383	-0.23455652848274383	-0.23455652848274383	0.0	0.0	0.0
irreversible_control	1972	0.2463897073639868	0.24642737956312033	0.24642737956312033	3.767219913353159e-05	0.0	0.00025
irreversible_control	1973	0.3248397697467784	0.3248397697467784	0.3248397697467784	0.0	0.0	0.0
irreversible_control	1974	-0.2154988851926612	-0.2154988851926612	-0.2154988851926612	0.0	0.0	0.0
irreversible_control	1975	-0.10517509111521763	-0.10517509111521763	-0.10517509111521763	0.0	0.0	0.0
irreversible_control	1976	0.20503456184399113	0.20503456184399113	0.20503456184399113	0.0	0.0	0.0
irreversible_control	1977	0.3261821267433273	0.3261821267433273	0.3261821267433273	0.0	0.0	0.0
irreversible_control	1978	0.22549971643662065	0.22549971643662065	0.22549971643662065	0.0	0.0	0.0
irreversible_control	1979	0.30531558523425356	0.30531558523425356	0.30531558523425356	0.0	0.0	0.0
irreversible_control	1980	-0.21800645018416528	-0.21800645018416528	-0.21800645018416528	0.0	0.0	0.0
irreversible_control	1981	0.00932610433205175	0.00932610433205175	0.00932610433205175	0.0	0.0	0.0
irreversible_control	1982	0.3481595811013134	0.3481595811013134	0.3481595811013134	0.0	0.0	0.0
irreversible_control	1983	0.3426298664240667	0.3426298664240667	0.3426298664240667	0.0	0.0	0.0
irreversible_control	1984	0.10286107247015192	0.10286107247015192	0.10286107247015192	0.0	0.0	0.0
irreversible_control	1985	-0.23650131230300384	-0.23650131230300384	-0.23650131230300384	0.0	0.0	0.0
irreversible_control	1986	0.22522483991814998	0.22522483991814998	0.22522483991814998	0.0	0.0	0.0
irreversible_control	1987	0.15176641088890194	0.15176641088890194	0.15176641088890194	0.0	0.0	0.0
irreversible_control	1988	0.3695477704287505	0.3695477704287505	0.3695477704287505	0.0	0.0	0.0
irreversible_control	1989	-0.05292743815138678	-0.05292743815138678	-0.05292743815138678	0.0	0.0	0.0
irreversible_control	1990	-0.032567691052426594	-0.032567691052426594	-0.032567691052426594	0.0	0.0	0.0
irreversible_control	1991	-0.08090923689227145	-0.08090923689227145	-0.08090923689227145	0.0	0.0	0.0
irreversible_control	1992	0.08244471072631382	0.08244471072631382	0.08244471072631382	0.0	0.0	0.0
irreversible_control	1993	-0.17072350019194565	-0.17072350019194565	-0.17072350019194565	0.0	0.0	0.0
irreversible_control	1994	-0.1267847605350558	-0.1267847605350558	-0.1267847605350558	0.0	0.0	0.0
irreversible_control	1995	0.3328766370599507	0.3328766370599507	0.3328766370599507	0.0	0.0	0.0
irreversible_control	1996	0.13506637090684762	0.1352005921290388	0.1352005921290388	0.00013422122219117205	0.0	0.0005
irreversible_control	1997	0.032740428025516154	0.032740428025516154	0.032740428025516154	0.0	0.0	0.0
irreversible_control	1998	0.24765501554080496	0.24765501554080496	0.24765501554080496	0.0	0.0	0.0
irreversible_control	1999	0.22467558614071742	0.22467558614071742	0.22467558614071742	0.0	0.0	0.0
irreversible_control	2000	0.12633798840157734	0.12633798840157734	0.12633798840157734	0.0	0.0	0.0
irreversible_control	2001	0.10870203293950774	0.10870203293950774	0.10870203293950774	0.0	0.0	0.0
irreversible_control	2002	-0.042873329493167266	-0.042873329493167266	-0.042873329493167266	0.0	0.0	0.0
irreversible_control	2003	0.31561611784190485	0.31561611784190485	0.31561611784190485	0.0	0.0	0.0
irreversible_control	2004	0.2913241930860822	0.2913241930860822	0.2913241930860822	0.0	0.0	0.0
irreversible_control	2005	0.20998721239974708	0.20998721239974708	0.20998721239974708	0.0	0.0	0.0
irreversible_control	2006	0.19892810714992254	0.19892810714992254	0.19892810714992254	0.0	0.0	0.0
irreversible_control	2007	-0.018954293230036123	-0.018954293230036123	-0.018954293230036123	0.0	0.0	0.0
irreversible_control	2008	-0.15576109077367414	-0.15576109077367414	-0.15576109077367414	0.0	0.0	0.0
irreversible_control	2009	-0.11566215675365216	-0.11566215675365216	-0.11566215675365216	0.0	0.0	0.0
irreversible_control	2010	0.008648886493735056	0.008648886493735056	0.008648886493735056	0.0	0.0	0.0
irreversible_control	2011	-0.10383216751889532	-0.10383216751889532	-0.10383216751889532	0.0	0.0	0.0
irreversible_control	2012	0.02144313733708969	0.02144313733708969	0.02144313733708969	0.0	0.0	0.0
irreversible_control	2013	-0.15035227213115518	-0.15035227213115518	-0.15035227213115518	0.0	0.0	0.0
irreversible_control	2014	0.041106032586189556	0.041106032586189556	0.041106032586189556	0.0	0.0	0.0
irreversible_control	2015	-0.04357005577262801	-0.04357005577262801	-0.04357005577262801	0.0	0.0	0.0
irreversible_control	2016	-0.16801146184825833	-0.16801146184825833	-0.16801146184825833	0.0	0.0	0.0
irreversible_control	2017	-0.15557396381337635	-0.15557396381337635	-0.15557396381337635	0.0	0.0	0.0
irreversible_control	2018	0.03855555330612479	0.03855555330612479	0.03855555330612479	0.0	0.0	0.0
irreversible_control	2019	-0.06447272444387744	-0.06447272444387744	-0.06447272444387744	0.0	0.0	0.0
irreversible_control	2020	-0.10594415898207636	-0.10594415898207636	-0.10594415898207636	0.0	0.0	0.0
irreversible_control	2021	-0.025326202430523744	-0.025326202430523744	-0.025326202430523744	0.0	0.0	0.0
irreversible_control	2022	0.04203686989333046	0.04203686989333046	0.04203686989333046	0.0	0.0	0.0
irreversible_control	2023	-0.07794427409831126	-0.07794427409831126	-0.07794427409831126	0.0	0.0	0.0
irreversible_control	2024	-0.045717808195785664	-0.045717808195785664	-0.045717808195785664	0.0	0.0	0.0
irreversible_control	2025	0.2723173101428991	0.2723811743997596	0.2723811743997596	6.38642568605019e-05	0.0	0.00025
irreversible_control	2026	-0.22741580538346567	-0.22741580538346567	-0.22741580538346567	0.0	0.0	0.0
irreversible_control	2027	0.29515438107084635	0.29515438107084635	0.29515438107084635	0.0	0.0	0.0
irreversible_control	2028	-0.14731305710409054	-0.14731305710409054	-0.14731305710409054	0.0	0.0	0.0
irreversible_control	2029	0.011131552557716912	0.011182819092021868	0.011182819092021868	5.1266534304955647e-05	0.0	0.00025
irreversible_control	2030	0.16569562423700354	0.16569562423700354	0.16569562423700354	0.0	0.0	0.0
irreversible_control	2031	-0.23534209196034486	-0.23534209196034486	-0.23534209196034486	0.0	0.0	0.0
irreversible_control	2032	0.05583708522187843	0.05583708522187843	0.05583708522187843	0.0	0.0	0.0
irreversible_control	2033	0.07595486601609888	0.07595486601609888	0.07595486601609888	0.0	0.0	0.0
irreversible_control	2034	0.21821909517614818	0.21821909517614818	0.21821909517614818	0.0	0.0	0.0
irreversible_control	2035	0.1943392877647145	0.1943392877647145	0.1943392877647145	0.0	0.0	0.0
irreversible_control	2036	0.3112837237057415	0.3112837237057415	0.3112837237057415	0.0	0.0	0.0
irreversible_control	2037	0.14195057706444114	0.14195057706444114	0.14195057706444114	0.0	0.0	0.0
irreversible_control	2038	0.2883322678816903	0.2883322678816903	0.2883322678816903	0.0	0.0	0.0
irreversible_control	2039	0.182169382745983	0.182169382745983	0.182169382745983	0.0	0.0	0.0
irreversible_control	2040	0.20990965346770615	0.20990965346770615	0.20990965346770615	0.0	0.0	0.0
irreversible_control	2041	0.1706116478655893	0.1706116478655893	0.1706116478655893	0.0	0.0	0.0
irreversible_control	2042	-0.12150911244499633	-0.12150911244499633	-0.12150911244499633	0.0	0.0	0.0
irreversible_control	2043	0.29840371482042943	0.29840371482042943	0.29840371482042943	0.0	0.0	0.0
irreversible_control	2044	0.12127826858296269	0.12127826858296269	0.12127826858296269	0.0	0.0	0.0
irreversible_control	2045	0.2043636809184722	0.2043636809184722	0.2043636809184722	0.0	0.0	0.0
irreversible_control	2046	-0.2124629327399336	-0.2124629327399336	-0.2124629327399336	0.0	0.0	0.0
irreversible_control	2047	0.23428368045325002	0.23428368045325002	0.23428368045325002	0.0	0.0	0.0
irreversible_control	2048	0.056945240013045	0.056945240013045	0.056945240013045	0.0	0.0	0.0
irreversible_control	2049	-0.14445572320905062	-0.14445572320905062	-0.14445572320905062	0.0	0.0	0.0
irreversible_control	2050	0.17666586546347118	0.17666586546347118	0.17666586546347118	0.0	0.0	0.0
irreversible_control	2051	0.20439162153194204	0.20439162153194204	0.20439162153194204	0.0	0.0	0.0
irreversible_control	2052	-0.23034402241410004	-0.23034402241410004	-0.23034402241410004	0.0	0.0	0.0
irreversible_control	2053	-0.055922310107319406	-0.055922310107319406	-0.055922310107319406	0.0	0.0	0.0
irreversible_control	2054	0.35571248254739407	0.35571248254739407	0.35571248254739407	0.0	0.0	0.0
irreversible_control	2055	0.27747864700829955	0.27747864700829955	0.27747864700829955	0.0	0.0	0.0
irreversible_control	2056	0.22544389382914512	0.22544389382914512	0.22544389382914512	0.0	0.0	0.0
irreversible_control	2057	0.14431595967305358	0.14431595967305358	0.14431595967305358	0.0	0.0	0.0
irreversible_control	2058	0.11982131928713817	0.11982131928713817	0.11982131928713817	0.0	0.0	0.0
irreversible_control	2059	-0.23767884801594027	-0.23767884801594027	-0.23767884801594027	0.0	0.0	0.0
irreversible_control	2060	0.3168854108926724	0.3169412385663385	0.3169412385663385	5.582767366607566e-05	0.0	0.00025
irreversible_control	2061	-0.06023831468143743	-0.06023831468143743	-0.06023831468143743	0.0	0.0	0.0
irreversible_control	2062	0.06854474145310366	0.06854474145310366	0.06854474145310366	0.0	0.0	0.0
irreversible_control	2063	0.02979900787102823	0.02979900787102823	0.02979900787102823	0.0	0.0	0.0
irreversible_control	2064	0.16684494900688845	0.16684494900688845	0.16684494900688845	0.0	0.0	0.0
irreversible_control	2065	0.03542179336260489	0.03542179336260489	0.03542179336260489	0.0	0.0	0.0
irreversible_control	2066	0.16704682327751452	0.16704682327751452	0.16704682327751452	0.0	0.0	0.0
irreversible_control	2067	0.321985571058846	0.32212519919168564	0.32212519919168564	0.00013962813283963094	0.0	0.00025
irreversible_control	2068	-0.0016291188033434345	-0.0016291188033434345	-0.0016291188033434345	0.0	0.0	0.0
irreversible_control	2069	0.21006616846918347	0.21006616846918347	0.21006616846918347	0.0	0.0	0.0
irreversible_control	2070	0.03257618312239842	0.03257618312239842	0.03257618312239842	0.0	0.0	0.0
irreversible_control	2071	-0.20876203317503747	-0.20876203317503747	-0.20876203317503747	0.0	0.0	0.0
irreversible_control	2072	0.16645259084220998	0.16645259084220998	0.16645259084220998	0.0	0.0	0.0
irreversible_control	2073	-0.1998648958921861	-0.1998648958921861	-0.1998648958921861	0.0	0.0	0.0
irreversible_control	2074	-0.17220701488688445	-0.17220701488688445	-0.17220701488688445	0.0	0.0	0.0
irreversible_control	2075	-0.1243210626180748	-0.1243210626180748	-0.1243210626180748	0.0	0.0	0.0
irreversible_control	2076	0.07750081381650639	0.07750081381650639	0.07750081381650639	0.0	0.0	0.0
irreversible_control	2077	0.030128957837314178	0.030128957837314178	0.030128957837314178	0.0	0.0	0.0
irreversible_control	2078	0.003598439528459236	0.003598439528459236	0.003598439528459236	0.0	0.0	0.0
irreversible_control	2079	-0.2184131082834052	-0.2184131082834052	-0.2184131082834052	0.0	0.0	0.0
irreversible_control	2080	-0.12143948256545017	-0.12143948256545017	-0.12143948256545017	0.0	0.0	0.0
irreversible_control	2081	-0.13055286868881397	-0.13055286868881397	-0.13055286868881397	0.0	0.0	0.0
irreversible_control	2082	-0.08684029359072429	-0.08684029359072429	-0.08684029359072429	0.0	0.0	0.0
irreversible_control	2083	0.22934326920785833	0.22934326920785833	0.22934326920785833	0.0	0.0	0.0
irreversible_control	2084	0.07532885942412787	0.07532885942412787	0.07532885942412787	0.0	0.0	0.0
irreversible_control	2085	0.27087457089521716	0.27087457089521716	0.27087457089521716	0.0	0.0	0.0
irreversible_control	2086	-0.048076501925385304	-0.048076501925385304	-0.048076501925385304	0.0	0.0	0.0
irreversible_control	2087	0.07504823592626143	0.07504823592626143	0.07504823592626143	0.0	0.0	0.0
irreversible_control	2088	-0.04047386774627047	-0.04047386774627047	-0.04047386774627047	0.0	0.0	0.0
irreversible_control	2089	0.3352333188612615	0.3352333188612615	0.3352333188612615	0.0	0.0	0.0
irreversible_control	2090	0.12377856643879886	0.12377856643879886	0.12377856643879886	0.0	0.0	0.0
irreversible_control	2091	0.2636932289339269	0.2636932289339269	0.2636932289339269	0.0	0.0	0.0
irreversible_control	2092	0.11277835735155045	0.11277835735155045	0.11277835735155045	0.0	0.0	0.0
irreversible_control	2093	0.3027883701356619	0.3027883701356619	0.3027883701356619	0.0	0.0	0.0
irreversible_control	2094	0.31530328173200894	0.31530328173200894	0.31530328173200894	0.0	0.0	0.0
irreversible_control	2095	0.2354225473904632	0.2354225473904632	0.2354225473904632	0.0	0.0	0.0
irreversible_control	2096	0.024824607352373476	0.024824607352373476	0.024824607352373476	0.0	0.0	0.0
irreversible_control	2097	-0.12239556118953061	-0.12239556118953061	-0.12239556118953061	0.0	0.0	0.0
irreversible_control	2098	-0.006749516578097466	-0.006749516578097466	-0.006749516578097466	0.0	0.0	0.0
irreversible_control	2099	0.03251259796021817	0.03251259796021817	0.03251259796021817	0.0	0.0	0.0
irreversible_control	2100	0.0666405588026223	0.0666405588026223	0.0666405588026223	0.0	0.0	0.0
irreversible_control	2101	0.30471131216114283	0.30471131216114283	0.30471131216114283	0.0	0.0	0.0
irreversible_control	2102	-0.04822143629770989	-0.04822143629770989	-0.04822143629770989	0.0	0.0	0.0
irreversible_control	2103	0.07296998545662815	0.07296998545662815	0.07296998545662815	0.0	0.0	0.0
irreversible_control	2104	0.16755496317526306	0.16755496317526306	0.16755496317526306	0.0	0.0	0.0
irreversible_control	2105	0.3332629400710416	0.3332629400710416	0.3332629400710416	0.0	0.0	0.0
irreversible_control	2106	-0.07211623488691418	-0.07211623488691418	-0.07211623488691418	0.0	0.0	0.0
irreversible_control	2107	0.32541925122379994	0.32541925122379994	0.32541925122379994	0.0	0.0	0.0
irreversible_control	2108	0.32719864877465704	0.32719864877465704	0.32719864877465704	0.0	0.0	0.0
irreversible_control	2109	0.012024261142817896	0.012024261142817896	0.012024261142817896	0.0	0.0	0.0
irreversible_control	2110	0.3272050934355575	0.3272050934355575	0.3272050934355575	0.0	0.0	0.0
irreversible_control	2111	-0.16264685930493344	-0.16264685930493344	-0.16264685930493344	0.0	0.0	0.0
irreversible_control	2112	-0.13315469764785123	-0.13315469764785123	-0.13315469764785123	0.0	0.0	0.0
irreversible_control	2113	0.1371106298231839	0.1371106298231839	0.1371106298231839	0.0	0.0	0.0
irreversible_control	2114	-0.19364002523952817	-0.19364002523952817	-0.19364002523952817	0.0	0.0	0.0
irreversible_control	2115	-6.413702819807732e-05	-6.413702819807732e-05	-6.413702819807732e-05	0.0	0.0	0.0
irreversible_control	2116	0.26992053451641745	0.26992053451641745	0.26992053451641745	0.0	0.0	0.0
irreversible_control	2117	0.1862695127056934	0.1862695127056934	0.1862695127056934	0.0	0.0	0.0
irreversible_control	2118	0.06879787308864391	0.0688199557677678	0.0688199557677678	2.2082679123888727e-05	0.0	0.00025
irreversible_control	2119	0.004425511756055721	0.004425511756055721	0.004425511756055721	0.0	0.0	0.0
irreversible_control	2120	-0.008564475256187537	-0.008564475256187537	-0.008564475256187537	0.0	0.0	0.0
irreversible_control	2121	-0.1958168734511334	-0.1958168734511334	-0.1958168734511334	0.0	0.0	0.0
irreversible_control	2122	0.19188379517404913	0.19188379517404913	0.19188379517404913	0.0	0.0	0.0
irreversible_control	2123	-0.017032614001080845	-0.017032614001080845	-0.017032614001080845	0.0	0.0	0.0
irreversible_control	2124	-0.07137334727779057	-0.07137334727779057	-0.07137334727779057	0.0	0.0	0.0
irreversible_control	2125	-0.015698839151169708	-0.015698839151169708	-0.015698839151169708	0.0	0.0	0.0
irreversible_control	2126	0.15513328000582532	0.15513328000582532	0.15513328000582532	0.0	0.0	0.0
irreversible_control	2127	-0.07733252003420568	-0.07733252003420568	-0.07733252003420568	0.0	0.0	0.0
irreversible_control	2128	-0.12680757347390634	-0.12680757347390634	-0.12680757347390634	0.0	0.0	0.0
irreversible_control	2129	0.3052805465444508	0.3052805465444508	0.3052805465444508	0.0	0.0	0.0
irreversible_control	2130	-0.21197116331039573	-0.21197116331039573	-0.21197116331039573	0.0	0.0	0.0
irreversible_control	2131	0.23411917698941595	0.23411917698941595	0.23411917698941595	0.0	0.0	0.0
irreversible_control	2132	0.23184669257227733	0.23184669257227733	0.23184669257227733	0.0	0.0	0.0
irreversible_control	2133	0.041371552805254765	0.041371552805254765	0.041371552805254765	0.0	0.0	0.0
irreversible_control	2134	0.15789484965958575	0.15789484965958575	0.15789484965958575	0.0	0.0	0.0
irreversible_control	2135	-0.1672955251202733	-0.1672955251202733	-0.1672955251202733	0.0	0.0	0.0
irreversible_control	2136	0.11486448925640869	0.11486448925640869	0.11486448925640869	0.0	0.0	0.0
irreversible_control	2137	0.1847456348280225	0.1847456348280225	0.1847456348280225	0.0	0.0	0.0
irreversible_control	2138	0.08225131460830622	0.08225131460830622	0.08225131460830622	0.0	0.0	0.0
irreversible_control	2139	-0.14705761217777275	-0.14705761217777275	-0.14705761217777275	0.0	0.0	0.0
irreversible_control	2140	-0.18325233876989688	-0.18325233876989688	-0.18325233876989688	0.0	0.0	0.0
irreversible_control	2141	-0.20577935376669046	-0.20577935376669046	-0.20577935376669046	0.0	0.0	0.0
irreversible_control	2142	0.23484661938835466	0.23484661938835466	0.23484661938835466	0.0	0.0	0.0
irreversible_control	2143	0.245221357355029	0.245221357355029	0.245221357355029	0.0	0.0	0.0
irreversible_control	2144	0.12684658580768954	0.12684658580768954	0.12684658580768954	0.0	0.0	0.0
irreversible_control	2145	0.244782764064649	0.244782764064649	0.244782764064649	0.0	0.0	0.0
irreversible_control	2146	-0.038810804638284846	-0.038810804638284846	-0.038810804638284846	0.0	0.0	0.0
irreversible_control	2147	-0.17069928802270404	-0.17069928802270404	-0.17069928802270404	0.0	0.0	0.0
irreversible_control	2148	0.14291013351959764	0.14291013351959764	0.14291013351959764	0.0	0.0	0.0
irreversible_control	2149	-0.13961812689618017	-0.13961812689618017	-0.13961812689618017	0.0	0.0	0.0
irreversible_control	2150	-0.14165454513222916	-0.14165454513222916	-0.14165454513222916	0.0	0.0	0.0
irreversible_control	2151	0.24998373679105163	0.24998373679105163	0.24998373679105163	0.0	0.0	0.0
irreversible_control	2152	0.0072701139100381056	0.0072701139100381056	0.0072701139100381056	0.0	0.0	0.0
irreversible_control	2153	-0.1631753617207598	-0.1631753617207598	-0.1631753617207598	0.0	0.0	0.0
irreversible_control	2154	0.15306763836468007	0.15306763836468007	0.15306763836468007	0.0	0.0	0.0
irreversible_control	2155	-0.14152504987181097	-0.14152504987181097	-0.14152504987181097	0.0	0.0	0.0
irreversible_control	2156	0.12590646959491705	0.12590646959491705	0.12590646959491705	0.0	0.0	0.0
irreversible_control	2157	0.293374929206685	0.293374929206685	0.293374929206685	0.0	0.0	0.0
irreversible_control	2158	0.03746345964953093	0.03746345964953093	0.03746345964953093	0.0	0.0	0.0
irreversible_control	2159	0.03301316247084826	0.03301316247084826	0.03301316247084826	0.0	0.0	0.0
irreversible_control	2160	0.15235646768210104	0.15237151512728303	0.15237151512728303	1.5047445181992636e-05	0.0	0.00025
irreversible_control	2161	-0.07839200277310104	-0.0783315401487513	-0.0783315401487513	6.0462624349749694e-05	0.0	0.00025
irreversible_control	2162	-0.19308894480832545	-0.19308894480832545	-0.19308894480832545	0.0	0.0	0.0
irreversible_control	2163	0.12206846331193924	0.12206846331193924	0.12206846331193924	0.0	0.0	0.0
irreversible_control	2164	0.0016396211051197458	0.0016396211051197458	0.0016396211051197458	0.0	0.0	0.0
irreversible_control	2165	0.21419220803657396	0.21419220803657396	0.21419220803657396	0.0	0.0	0.0
irreversible_control	2166	-0.2019462604853402	-0.2019462604853402	-0.2019462604853402	0.0	0.0	0.0
irreversible_control	2167	-0.13287052255443296	-0.13287052255443296	-0.13287052255443296	0.0	0.0	0.0
irreversible_control	2168	0.2537926223278084	0.2537926223278084	0.2537926223278084	0.0	0.0	0.0
irreversible_control	2169	-0.146026078155262	-0.146026078155262	-0.146026078155262	0.0	0.0	0.0
irreversible_control	2170	0.26658180447973934	0.26658180447973934	0.26658180447973934	0.0	0.0	0.0
irreversible_control	2171	0.025251557666160874	0.025251557666160874	0.025251557666160874	0.0	0.0	0.0
irreversible_control	2172	0.06669071659262626	0.06669071659262626	0.06669071659262626	0.0	0.0	0.0
irreversible_control	2173	0.10937306000633285	0.10939135138709014	0.10939135138709014	1.829138075729042e-05	0.0	0.00025
irreversible_control	2174	-0.16263871362712887	-0.16263871362712887	-0.16263871362712887	0.0	0.0	0.0
irreversible_control	2175	0.15973748386135442	0.15978047065811957	0.15978047065811957	4.2986796765148716e-05	0.0	0.00025
irreversible_control	2176	0.2652755790722805	0.2652755790722805	0.2652755790722805	0.0	0.0	0.0
irreversible_control	2177	0.21288184067404478	0.21288184067404478	0.21288184067404478	0.0	0.0	0.0
irreversible_control	2178	0.2302668548243311	0.2302668548243311	0.2302668548243311	0.0	0.0	0.0
irreversible_control	2179	-0.008712119001995255	-0.008712119001995255	-0.008712119001995255	0.0	0.0	0.0
irreversible_control	2180	0.051775918178144274	0.051775918178144274	0.051775918178144274	0.0	0.0	0.0
irreversible_control	2181	0.03631395538736467	0.03631395538736467	0.03631395538736467	0.0	0.0	0.0
irreversible_control	2182	0.16989393380452208	0.16989393380452208	0.16989393380452208	0.0	0.0	0.0
irreversible_control	2183	0.3342635317717923	0.3342635317717923	0.3342635317717923	0.0	0.0	0.0
irreversible_control	2184	-0.13440744669683174	-0.13432583047508323	-0.13432583047508323	8.161622174851502e-05	0.0	0.00025
irreversible_control	2185	0.02573051701730103	0.02573051701730103	0.02573051701730103	0.0	0.0	0.0
irreversible_control	2186	0.010589417105024939	0.010589417105024939	0.010589417105024939	0.0	0.0	0.0
irreversible_control	2187	0.09060675966922277	0.09060675966922277	0.09060675966922277	0.0	0.0	0.0
irreversible_control	2188	0.32595958900552574	0.32595958900552574	0.32595958900552574	0.0	0.0	0.0
irreversible_control	2189	0.14239339537695975	0.14239339537695975	0.14239339537695975	0.0	0.0	0.0
irreversible_control	2190	0.031894054219466304	0.031894054219466304	0.031894054219466304	0.0	0.0	0.0
irreversible_control	2191	0.2493222082312049	0.2493222082312049	0.2493222082312049	0.0	0.0	0.0
irreversible_control	2192	0.027848530204623332	0.027848530204623332	0.027848530204623332	0.0	0.0	0.0
irreversible_control	2193	0.313007630732453	0.313007630732453	0.313007630732453	0.0	0.0	0.0
irreversible_control	2194	0.09494252081928915	0.09494252081928915	0.09494252081928915	0.0	0.0	0.0
irreversible_control	2195	0.2335722009572532	0.2335722009572532	0.2335722009572532	0.0	0.0	0.0
irreversible_control	2196	-0.2359723140748112	-0.2359723140748112	-0.2359723140748112	0.0	0.0	0.0
irreversible_control	2197	0.34634466530778624	0.34634466530778624	0.34634466530778624	0.0	0.0	0.0
irreversible_control	2198	0.35178913219646424	0.35178913219646424	0.35178913219646424	0.0	0.0	0.0
irreversible_control	2199	0.3007181477409058	0.3007181477409058	0.3007181477409058	0.0	0.0	0.0
