rank	supplier_id	consumer_id	score	curated	active_for_build	adjudication_state	interface_matches	addressed_weaknesses	shared_domains	recommended_next	curated_rationale	decision_id	experiment_routing_status
1	LCB-K048	FOUNDRY:P136	71.0	True	True	UNADJUDICATED		decision	decision,uncertainty	ADAPTER_AND_CONTRASTIVE_BOUNDARY_BENCHMARK	Allocate quasineutral measurements across fidelity and cost		BOOTSTRAP_CHANNEL_CALIBRATED_SCIENTIFIC_CONTRACT_STILL_REQUIRED
2	LCB-K048	FOUNDRY:P144	70.0	True	True	UNADJUDICATED		decision	decision	ADAPTER_AND_CONTRASTIVE_BOUNDARY_BENCHMARK	Route persistence-identification experiments by fidelity budget		BOOTSTRAP_CHANNEL_CALIBRATED_SCIENTIFIC_CONTRACT_STILL_REQUIRED
3	LCB-K081	FOUNDRY:P138	70.0	True	True	UNADJUDICATED	gate		allocation,calibration,control,support,uncertainty	ADAPTER_AND_CONTRASTIVE_BOUNDARY_BENCHMARK	Prevent search-policy acquisition from learning its own observation bias		BOOTSTRAP_CHANNEL_CALIBRATED_SCIENTIFIC_CONTRACT_STILL_REQUIRED
4	LCB-K003	FOUNDRY:P031	55	True	True	UNADJUDICATED				ADAPTER_AND_CONTRASTIVE_BOUNDARY_BENCHMARK	Scale EVLT beyond additive audit values while preserving shared-capacity accounting		BOOTSTRAP_CHANNEL_CALIBRATED_SCIENTIFIC_CONTRACT_STILL_REQUIRED
5	LCB-K019	FOUNDRY:P003	52	True	True	UNADJUDICATED				ADAPTER_AND_CONTRASTIVE_BOUNDARY_BENCHMARK	Gate SANP support masks with effective rather than nominal diversity		BOOTSTRAP_CHANNEL_CALIBRATED_SCIENTIFIC_CONTRACT_STILL_REQUIRED
6	LCB-K068	FOUNDRY:P025	50	True	True	UNADJUDICATED				ADAPTER_AND_CONTRASTIVE_BOUNDARY_BENCHMARK	Route identification envelopes across declared shift regions		BOOTSTRAP_CHANNEL_CALIBRATED_SCIENTIFIC_CONTRACT_STILL_REQUIRED
7	LCB-K009	FOUNDRY:P026	49	True	True	UNADJUDICATED				ADAPTER_AND_CONTRASTIVE_BOUNDARY_BENCHMARK	Use constraint pressure to target deployable bottleneck scans		BOOTSTRAP_CHANNEL_CALIBRATED_SCIENTIFIC_CONTRACT_STILL_REQUIRED
8	LCB-K071	FOUNDRY:P135	48	True	True	UNADJUDICATED				ADAPTER_AND_CONTRASTIVE_BOUNDARY_BENCHMARK	Prevent deletion certificates from escaping their sensing shell		BOOTSTRAP_CHANNEL_CALIBRATED_SCIENTIFIC_CONTRACT_STILL_REQUIRED
9	FOUNDRY:P079	PARENT:IM334_IM094_DRE	42.0	False	True	UNADJUDICATED	boundary,evidence,gate	calibration,decision,uncertainty	boundary,calibration,confounding,decision,measurement,transfer,uncertainty	ADAPTER_AND_CONTRASTIVE_BOUNDARY_BENCHMARK			NOT_READY_MISSING_DECLARED_CONTRACT
10	FOUNDRY:P079	PARENT:IM359_IM014_AICC	42.0	False	True	UNADJUDICATED	boundary,evidence,gate	calibration,decision,uncertainty	calibration,confounding,decision,measurement,uncertainty	ADAPTER_AND_CONTRASTIVE_BOUNDARY_BENCHMARK			NOT_READY_MISSING_DECLARED_CONTRACT
11	FOUNDRY:P079	PARENT:IM406_IM037_ACRA	42.0	False	True	UNADJUDICATED	boundary,evidence,gate	calibration,decision,uncertainty	calibration,confounding,decision,measurement,uncertainty	ADAPTER_AND_CONTRASTIVE_BOUNDARY_BENCHMARK			NOT_READY_MISSING_DECLARED_CONTRACT
12	FOUNDRY:P079	LCB-K012	40.0	False	True	UNADJUDICATED	boundary,evidence,gate	calibration,decision,uncertainty	calibration,confounding,decision,measurement,uncertainty	ADAPTER_AND_CONTRASTIVE_BOUNDARY_BENCHMARK			BOOTSTRAP_CHANNEL_CALIBRATED_SCIENTIFIC_CONTRACT_STILL_REQUIRED
13	PARENT:IM334_IM094_DRE	FOUNDRY:P138	39.0	False	True	UNADJUDICATED	boundary,evidence,gate	decision,uncertainty	allocation,calibration,confounding,control,decision,measurement,support,uncertainty	ADAPTER_AND_CONTRASTIVE_BOUNDARY_BENCHMARK			NOT_READY_MISSING_DECLARED_CONTRACT
14	PARENT:IM334_IM094_DRE	PARENT:IM359_IM014_AICC	39.0	False	True	UNADJUDICATED	boundary,evidence,gate	decision,uncertainty	allocation,calibration,confounding,control,decision,measurement,support,uncertainty	ADAPTER_AND_CONTRASTIVE_BOUNDARY_BENCHMARK			NOT_READY_MISSING_DECLARED_CONTRACT
15	PARENT:IM334_IM094_DRE	PARENT:IM406_IM037_ACRA	39.0	False	True	UNADJUDICATED	boundary,evidence,gate	decision,uncertainty	allocation,calibration,confounding,decision,measurement,support,uncertainty	ADAPTER_AND_CONTRASTIVE_BOUNDARY_BENCHMARK			NOT_READY_MISSING_DECLARED_CONTRACT
16	FOUNDRY:P091	PARENT:IM334_IM094_DRE	38.0	False	True	UNADJUDICATED	boundary,gate,representation	calibration,decision	allocation,boundary,calibration,decision,support,transfer,uncertainty	ADAPTER_AND_CONTRASTIVE_BOUNDARY_BENCHMARK			BOOTSTRAP_CHANNEL_CALIBRATED_SCIENTIFIC_CONTRACT_STILL_REQUIRED
17	FOUNDRY:P091	PARENT:IM359_IM014_AICC	38.0	False	True	UNADJUDICATED	boundary,gate,representation	calibration,decision	allocation,calibration,decision,support,uncertainty	ADAPTER_AND_CONTRASTIVE_BOUNDARY_BENCHMARK			NOT_READY_MISSING_DECLARED_CONTRACT
18	FOUNDRY:P091	PARENT:IM406_IM037_ACRA	38.0	False	True	UNADJUDICATED	boundary,gate,representation	calibration,decision	allocation,calibration,decision,support,uncertainty	ADAPTER_AND_CONTRASTIVE_BOUNDARY_BENCHMARK			NOT_READY_MISSING_DECLARED_CONTRACT
19	PARENT:IM334_IM094_DRE	FOUNDRY:P057	38.0	False	True	UNADJUDICATED	boundary,evidence,gate	decision,uncertainty	allocation,calibration,confounding,control,decision,measurement,support,uncertainty	ADAPTER_AND_CONTRASTIVE_BOUNDARY_BENCHMARK			BOOTSTRAP_CHANNEL_CALIBRATED_SCIENTIFIC_CONTRACT_STILL_REQUIRED
20	FOUNDRY:P079	LCB-K003	37.0	False	True	UNADJUDICATED	boundary,evidence,gate	calibration,uncertainty	calibration,decision,uncertainty	ADAPTER_AND_CONTRASTIVE_BOUNDARY_BENCHMARK			NOT_READY_MISSING_DECLARED_CONTRACT
21	FOUNDRY:P079	LCB-K010	37.0	False	True	UNADJUDICATED	boundary,evidence,gate	calibration,uncertainty	calibration,decision,uncertainty	ADAPTER_AND_CONTRASTIVE_BOUNDARY_BENCHMARK			NOT_READY_MISSING_DECLARED_CONTRACT
22	FOUNDRY:P079	LCB-K015	37.0	False	True	UNADJUDICATED	boundary,evidence,gate	calibration,uncertainty	calibration,decision,uncertainty	ADAPTER_AND_CONTRASTIVE_BOUNDARY_BENCHMARK			BOOTSTRAP_CHANNEL_CALIBRATED_SCIENTIFIC_CONTRACT_STILL_REQUIRED
23	FOUNDRY:P079	LCB-K035	37.0	False	True	UNADJUDICATED	boundary,evidence,gate	calibration,uncertainty	calibration,decision,uncertainty	ADAPTER_AND_CONTRASTIVE_BOUNDARY_BENCHMARK			NOT_READY_MISSING_DECLARED_CONTRACT
24	FOUNDRY:P079	LCB-K048	37.0	False	True	UNADJUDICATED	boundary,evidence,gate	calibration,uncertainty	calibration,decision,uncertainty	ADAPTER_AND_CONTRASTIVE_BOUNDARY_BENCHMARK			NOT_READY_MISSING_DECLARED_CONTRACT
25	FOUNDRY:P079	LCB-K049	37.0	False	True	UNADJUDICATED	boundary,evidence,gate	calibration,uncertainty	calibration,decision,uncertainty	ADAPTER_AND_CONTRASTIVE_BOUNDARY_BENCHMARK			NOT_READY_MISSING_DECLARED_CONTRACT
26	FOUNDRY:P079	LCB-K055	37.0	False	True	UNADJUDICATED	boundary,evidence,gate	calibration,uncertainty	calibration,decision,uncertainty	ADAPTER_AND_CONTRASTIVE_BOUNDARY_BENCHMARK			NOT_READY_MISSING_DECLARED_CONTRACT
27	FOUNDRY:P079	LCB-K056	37.0	False	True	UNADJUDICATED	boundary,evidence,gate	calibration,uncertainty	calibration,decision,uncertainty	ADAPTER_AND_CONTRASTIVE_BOUNDARY_BENCHMARK			NOT_READY_MISSING_DECLARED_CONTRACT
28	FOUNDRY:P079	LCB-K068	37.0	False	True	UNADJUDICATED	boundary,evidence,gate	calibration,uncertainty	calibration,decision,uncertainty	ADAPTER_AND_CONTRASTIVE_BOUNDARY_BENCHMARK			NOT_READY_MISSING_DECLARED_CONTRACT
29	FOUNDRY:P079	LCB-K086	37.0	False	True	UNADJUDICATED	boundary,evidence,gate	calibration,uncertainty	calibration,decision,uncertainty	ADAPTER_AND_CONTRASTIVE_BOUNDARY_BENCHMARK			BOOTSTRAP_CHANNEL_CALIBRATED_SCIENTIFIC_CONTRACT_STILL_REQUIRED
30	FOUNDRY:P079	LCB-K090	37.0	False	True	UNADJUDICATED	boundary,evidence,gate	calibration,uncertainty	calibration,decision,uncertainty	ADAPTER_AND_CONTRASTIVE_BOUNDARY_BENCHMARK			NOT_READY_MISSING_DECLARED_CONTRACT
31	FOUNDRY:P079	LCB-K091	37.0	False	True	UNADJUDICATED	boundary,evidence,gate	calibration,uncertainty	calibration,decision,uncertainty	ADAPTER_AND_CONTRASTIVE_BOUNDARY_BENCHMARK			BOOTSTRAP_CHANNEL_CALIBRATED_SCIENTIFIC_CONTRACT_STILL_REQUIRED
32	FOUNDRY:P079	PARENT:R014_S781_S792_ACSA	37.0	False	True	UNADJUDICATED	boundary,evidence,gate	calibration,uncertainty	calibration,transfer,uncertainty	ADAPTER_AND_CONTRASTIVE_BOUNDARY_BENCHMARK			NOT_READY_MISSING_DECLARED_CONTRACT
33	FOUNDRY:P079	PARENT:R018_M866_M880_MCSC	37.0	False	True	UNADJUDICATED	boundary,evidence,gate	calibration,uncertainty	boundary,calibration,transfer,uncertainty	ADAPTER_AND_CONTRASTIVE_BOUNDARY_BENCHMARK			NOT_READY_MISSING_DECLARED_CONTRACT
34	FOUNDRY:P079	PARENT:R041_CONSTRAINED_POLICY_CAPL	37.0	False	True	UNADJUDICATED	boundary,evidence,gate	calibration,uncertainty	calibration,decision,uncertainty	ADAPTER_AND_CONTRASTIVE_BOUNDARY_BENCHMARK			NOT_READY_MISSING_DECLARED_CONTRACT
35	FOUNDRY:P079	PARENT:R044_DECISION_LOSS_DLEW	37.0	False	True	UNADJUDICATED	boundary,evidence,gate	calibration,uncertainty	calibration,decision,transfer,uncertainty	ADAPTER_AND_CONTRASTIVE_BOUNDARY_BENCHMARK			NOT_READY_MISSING_DECLARED_CONTRACT
36	PARENT:IM334_IM094_DRE	FOUNDRY:P035	37.0	False	True	UNADJUDICATED	boundary,evidence,gate	decision,uncertainty	allocation,calibration,decision,support,uncertainty	ADAPTER_AND_CONTRASTIVE_BOUNDARY_BENCHMARK			BOOTSTRAP_CHANNEL_CALIBRATED_SCIENTIFIC_CONTRACT_STILL_REQUIRED
37	PARENT:IM334_IM094_DRE	LCB-K012	37.0	False	True	UNADJUDICATED	boundary,evidence,gate	decision,uncertainty	allocation,calibration,confounding,control,decision,measurement,support,uncertainty	ADAPTER_AND_CONTRASTIVE_BOUNDARY_BENCHMARK			NOT_READY_MISSING_DECLARED_CONTRACT
38	FOUNDRY:P079	LCB-R50-149	36.0	False	True	UNADJUDICATED	boundary,evidence,gate	calibration,decision,uncertainty	boundary,calibration,decision,transfer,uncertainty	ADAPTER_AND_CONTRASTIVE_BOUNDARY_BENCHMARK			NOT_READY_MISSING_DECLARED_CONTRACT
39	FOUNDRY:P079	PARENT:IM340_IM280_CWC	36.0	False	True	UNADJUDICATED	boundary,evidence,gate	calibration,uncertainty	calibration,uncertainty	ADAPTER_AND_CONTRASTIVE_BOUNDARY_BENCHMARK			NOT_READY_MISSING_DECLARED_CONTRACT
40	FOUNDRY:P079	PARENT:R008_E612_E613_LGID	36.0	False	True	UNADJUDICATED	boundary,evidence,gate	calibration,uncertainty	calibration,uncertainty	ADAPTER_AND_CONTRASTIVE_BOUNDARY_BENCHMARK			NOT_READY_MISSING_DECLARED_CONTRACT
41	FOUNDRY:P091	LCB-K012	36.0	False	True	UNADJUDICATED	boundary,gate,representation	calibration,decision	allocation,calibration,decision,support,uncertainty	ADAPTER_AND_CONTRASTIVE_BOUNDARY_BENCHMARK			NOT_READY_MISSING_DECLARED_CONTRACT
42	PARENT:R037_SUPPORT_COVARIANCE_SACPS	FOUNDRY:P138	36.0	False	True	UNADJUDICATED	gate	decision,support,uncertainty	calibration,decision,support,uncertainty	ADAPTER_AND_CONTRASTIVE_BOUNDARY_BENCHMARK			BOOTSTRAP_CHANNEL_CALIBRATED_SCIENTIFIC_CONTRACT_STILL_REQUIRED
43	PARENT:R037_SUPPORT_COVARIANCE_SACPS	PARENT:IM334_IM094_DRE	36.0	False	True	UNADJUDICATED	gate	decision,support,uncertainty	calibration,decision,support,transfer,uncertainty	ADAPTER_AND_CONTRASTIVE_BOUNDARY_BENCHMARK			NOT_READY_MISSING_DECLARED_CONTRACT
44	PARENT:R037_SUPPORT_COVARIANCE_SACPS	PARENT:IM359_IM014_AICC	36.0	False	True	UNADJUDICATED	gate	decision,support,uncertainty	calibration,decision,support,uncertainty	ADAPTER_AND_CONTRASTIVE_BOUNDARY_BENCHMARK			NOT_READY_MISSING_DECLARED_CONTRACT
45	PARENT:R037_SUPPORT_COVARIANCE_SACPS	PARENT:IM406_IM037_ACRA	36.0	False	True	UNADJUDICATED	gate	decision,support,uncertainty	calibration,decision,support,uncertainty	ADAPTER_AND_CONTRASTIVE_BOUNDARY_BENCHMARK			NOT_READY_MISSING_DECLARED_CONTRACT
46	FOUNDRY:P079	LCB-K081	35.0	False	True	UNADJUDICATED	boundary,evidence,gate	calibration,uncertainty	calibration,transfer,uncertainty	ADAPTER_AND_CONTRASTIVE_BOUNDARY_BENCHMARK			NOT_READY_MISSING_DECLARED_CONTRACT
47	FOUNDRY:P109	PARENT:IM334_IM094_DRE	35.0	False	True	UNADJUDICATED	evidence,gate	calibration,decision,uncertainty	calibration,confounding,decision,measurement,transfer,uncertainty	ADAPTER_AND_CONTRASTIVE_BOUNDARY_BENCHMARK			BOOTSTRAP_CHANNEL_CALIBRATED_SCIENTIFIC_CONTRACT_STILL_REQUIRED
48	FOUNDRY:P109	PARENT:IM359_IM014_AICC	35.0	False	True	UNADJUDICATED	evidence,gate	calibration,decision,uncertainty	calibration,confounding,decision,measurement,uncertainty	ADAPTER_AND_CONTRASTIVE_BOUNDARY_BENCHMARK			NOT_READY_MISSING_DECLARED_CONTRACT
49	FOUNDRY:P109	PARENT:IM406_IM037_ACRA	35.0	False	True	UNADJUDICATED	evidence,gate	calibration,decision,uncertainty	calibration,confounding,decision,measurement,uncertainty	ADAPTER_AND_CONTRASTIVE_BOUNDARY_BENCHMARK			NOT_READY_MISSING_DECLARED_CONTRACT
50	PARENT:R037_SUPPORT_COVARIANCE_SACPS	FOUNDRY:P057	35.0	False	True	UNADJUDICATED	gate	decision,support,uncertainty	calibration,decision,support,uncertainty	ADAPTER_AND_CONTRASTIVE_BOUNDARY_BENCHMARK			BOOTSTRAP_CHANNEL_CALIBRATED_SCIENTIFIC_CONTRACT_STILL_REQUIRED
51	FOUNDRY:P062	PARENT:IM334_IM094_DRE	34.0	False	True	UNADJUDICATED	boundary,gate	calibration,decision	boundary,calibration,decision,transfer	ADAPTER_AND_CONTRASTIVE_BOUNDARY_BENCHMARK			BOOTSTRAP_CHANNEL_CALIBRATED_SCIENTIFIC_CONTRACT_STILL_REQUIRED
52	FOUNDRY:P065	PARENT:IM334_IM094_DRE	34.0	False	True	UNADJUDICATED	boundary,gate	calibration,support	boundary,calibration,support,transfer	ADAPTER_AND_CONTRASTIVE_BOUNDARY_BENCHMARK			NOT_READY_MISSING_DECLARED_CONTRACT
53	FOUNDRY:P065	PARENT:R014_S781_S792_ACSA	34.0	False	True	UNADJUDICATED	boundary,gate	calibration,support	calibration,support,transfer	ADAPTER_AND_CONTRASTIVE_BOUNDARY_BENCHMARK			BOOTSTRAP_CHANNEL_CALIBRATED_SCIENTIFIC_CONTRACT_STILL_REQUIRED
54	FOUNDRY:P065	PARENT:R018_M866_M880_MCSC	34.0	False	True	UNADJUDICATED	boundary,gate	calibration,support	boundary,calibration,support,transfer	ADAPTER_AND_CONTRASTIVE_BOUNDARY_BENCHMARK			NOT_READY_MISSING_DECLARED_CONTRACT
55	FOUNDRY:P065	PARENT:R044_DECISION_LOSS_DLEW	34.0	False	True	UNADJUDICATED	boundary,gate	calibration,support	calibration,support,transfer	ADAPTER_AND_CONTRASTIVE_BOUNDARY_BENCHMARK			NOT_READY_MISSING_DECLARED_CONTRACT
56	FOUNDRY:P079	PARENT:IM178_IM326_TWMR	34.0	False	True	UNADJUDICATED	evidence	calibration,decision,uncertainty	calibration,decision,uncertainty	ADAPTER_AND_CONTRASTIVE_BOUNDARY_BENCHMARK			NOT_READY_MISSING_DECLARED_CONTRACT
57	FOUNDRY:P079	PARENT:R020_P848_P851_SCCRT	34.0	False	True	UNADJUDICATED	evidence	calibration,decision,uncertainty	calibration,decision,uncertainty	ADAPTER_AND_CONTRASTIVE_BOUNDARY_BENCHMARK			NOT_READY_MISSING_DECLARED_CONTRACT
58	FOUNDRY:P092	PARENT:IM334_IM094_DRE	34.0	False	True	UNADJUDICATED	boundary,gate	calibration,decision	boundary,calibration,decision,transfer	ADAPTER_AND_CONTRASTIVE_BOUNDARY_BENCHMARK			BOOTSTRAP_CHANNEL_CALIBRATED_SCIENTIFIC_CONTRACT_STILL_REQUIRED
59	FOUNDRY:P093	PARENT:IM334_IM094_DRE	34.0	False	True	UNADJUDICATED	boundary,gate	calibration,decision	boundary,calibration,decision,transfer	ADAPTER_AND_CONTRASTIVE_BOUNDARY_BENCHMARK			BOOTSTRAP_CHANNEL_CALIBRATED_SCIENTIFIC_CONTRACT_STILL_REQUIRED
60	FOUNDRY:P140	LCB-K003	34.0	False	True	UNADJUDICATED	gate,representation	calibration,support	calibration,decision,support	ADAPTER_AND_CONTRASTIVE_BOUNDARY_BENCHMARK			BOOTSTRAP_CHANNEL_CALIBRATED_SCIENTIFIC_CONTRACT_STILL_REQUIRED
61	FOUNDRY:P140	LCB-K010	34.0	False	True	UNADJUDICATED	gate,representation	calibration,support	calibration,decision,support	ADAPTER_AND_CONTRASTIVE_BOUNDARY_BENCHMARK			NOT_READY_MISSING_DECLARED_CONTRACT
62	FOUNDRY:P140	LCB-K015	34.0	False	True	UNADJUDICATED	gate,representation	calibration,support	calibration,decision,support	ADAPTER_AND_CONTRASTIVE_BOUNDARY_BENCHMARK			BOOTSTRAP_CHANNEL_CALIBRATED_SCIENTIFIC_CONTRACT_STILL_REQUIRED
63	FOUNDRY:P140	LCB-K035	34.0	False	True	UNADJUDICATED	gate,representation	calibration,support	calibration,decision,support	ADAPTER_AND_CONTRASTIVE_BOUNDARY_BENCHMARK			NOT_READY_MISSING_DECLARED_CONTRACT
64	FOUNDRY:P140	LCB-K048	34.0	False	True	UNADJUDICATED	gate,representation	calibration,support	calibration,decision,support	ADAPTER_AND_CONTRASTIVE_BOUNDARY_BENCHMARK			BOOTSTRAP_CHANNEL_CALIBRATED_SCIENTIFIC_CONTRACT_STILL_REQUIRED
65	FOUNDRY:P140	LCB-K049	34.0	False	True	UNADJUDICATED	gate,representation	calibration,support	calibration,decision,support	ADAPTER_AND_CONTRASTIVE_BOUNDARY_BENCHMARK			NOT_READY_MISSING_DECLARED_CONTRACT
66	FOUNDRY:P140	LCB-K055	34.0	False	True	UNADJUDICATED	gate,representation	calibration,support	calibration,decision,support	ADAPTER_AND_CONTRASTIVE_BOUNDARY_BENCHMARK			NOT_READY_MISSING_DECLARED_CONTRACT
67	FOUNDRY:P140	LCB-K056	34.0	False	True	UNADJUDICATED	gate,representation	calibration,support	calibration,decision,support	ADAPTER_AND_CONTRASTIVE_BOUNDARY_BENCHMARK			NOT_READY_MISSING_DECLARED_CONTRACT
68	FOUNDRY:P140	LCB-K068	34.0	False	True	UNADJUDICATED	gate,representation	calibration,support	calibration,decision,support	ADAPTER_AND_CONTRASTIVE_BOUNDARY_BENCHMARK			BOOTSTRAP_CHANNEL_CALIBRATED_SCIENTIFIC_CONTRACT_STILL_REQUIRED
69	FOUNDRY:P140	LCB-K086	34.0	False	True	UNADJUDICATED	gate,representation	calibration,support	calibration,decision,support	ADAPTER_AND_CONTRASTIVE_BOUNDARY_BENCHMARK			NOT_READY_MISSING_DECLARED_CONTRACT
70	FOUNDRY:P140	LCB-K090	34.0	False	True	UNADJUDICATED	gate,representation	calibration,support	calibration,decision,support	ADAPTER_AND_CONTRASTIVE_BOUNDARY_BENCHMARK			NOT_READY_MISSING_DECLARED_CONTRACT
71	FOUNDRY:P140	LCB-K091	34.0	False	True	UNADJUDICATED	gate,representation	calibration,support	calibration,decision,support	ADAPTER_AND_CONTRASTIVE_BOUNDARY_BENCHMARK			NOT_READY_MISSING_DECLARED_CONTRACT
72	FOUNDRY:P140	PARENT:IM334_IM094_DRE	34.0	False	True	UNADJUDICATED	gate,representation	calibration,support	calibration,decision,support,transfer	ADAPTER_AND_CONTRASTIVE_BOUNDARY_BENCHMARK			NOT_READY_MISSING_DECLARED_CONTRACT
73	FOUNDRY:P140	PARENT:IM359_IM014_AICC	34.0	False	True	UNADJUDICATED	gate,representation	calibration,support	calibration,decision,support	ADAPTER_AND_CONTRASTIVE_BOUNDARY_BENCHMARK			NOT_READY_MISSING_DECLARED_CONTRACT
74	FOUNDRY:P140	PARENT:IM406_IM037_ACRA	34.0	False	True	UNADJUDICATED	gate,representation	calibration,support	calibration,decision,support	ADAPTER_AND_CONTRASTIVE_BOUNDARY_BENCHMARK			NOT_READY_MISSING_DECLARED_CONTRACT
75	FOUNDRY:P140	PARENT:R014_S781_S792_ACSA	34.0	False	True	UNADJUDICATED	gate,representation	calibration,support	audit,calibration,support,transfer	ADAPTER_AND_CONTRASTIVE_BOUNDARY_BENCHMARK			NOT_READY_MISSING_DECLARED_CONTRACT
76	FOUNDRY:P140	PARENT:R018_M866_M880_MCSC	34.0	False	True	UNADJUDICATED	gate,representation	calibration,support	audit,calibration,selection,support,transfer	ADAPTER_AND_CONTRASTIVE_BOUNDARY_BENCHMARK			NOT_READY_MISSING_DECLARED_CONTRACT
77	FOUNDRY:P140	PARENT:R041_CONSTRAINED_POLICY_CAPL	34.0	False	True	UNADJUDICATED	gate,representation	calibration,support	calibration,decision,support	ADAPTER_AND_CONTRASTIVE_BOUNDARY_BENCHMARK			NOT_READY_MISSING_DECLARED_CONTRACT
78	FOUNDRY:P140	PARENT:R044_DECISION_LOSS_DLEW	34.0	False	True	UNADJUDICATED	gate,representation	calibration,support	audit,calibration,decision,selection,support,transfer	ADAPTER_AND_CONTRASTIVE_BOUNDARY_BENCHMARK			NOT_READY_MISSING_DECLARED_CONTRACT
79	PARENT:IM334_IM094_DRE	FOUNDRY:P137	34.0	False	True	UNADJUDICATED	boundary,evidence,gate	uncertainty	allocation,calibration,control,support,transfer,uncertainty	ADAPTER_AND_CONTRASTIVE_BOUNDARY_BENCHMARK			BOOTSTRAP_CHANNEL_CALIBRATED_SCIENTIFIC_CONTRACT_STILL_REQUIRED
80	PARENT:IM334_IM094_DRE	LCB-K003	34.0	False	True	UNADJUDICATED	boundary,evidence,gate	uncertainty	allocation,calibration,decision,support,uncertainty	ADAPTER_AND_CONTRASTIVE_BOUNDARY_BENCHMARK			NOT_READY_MISSING_DECLARED_CONTRACT
81	PARENT:IM334_IM094_DRE	LCB-K010	34.0	False	True	UNADJUDICATED	boundary,evidence,gate	uncertainty	allocation,calibration,control,decision,support,uncertainty	ADAPTER_AND_CONTRASTIVE_BOUNDARY_BENCHMARK			NOT_READY_MISSING_DECLARED_CONTRACT
82	PARENT:IM334_IM094_DRE	LCB-K015	34.0	False	True	UNADJUDICATED	boundary,evidence,gate	uncertainty	allocation,calibration,decision,support,uncertainty	ADAPTER_AND_CONTRASTIVE_BOUNDARY_BENCHMARK			NOT_READY_MISSING_DECLARED_CONTRACT
83	PARENT:IM334_IM094_DRE	LCB-K035	34.0	False	True	UNADJUDICATED	boundary,evidence,gate	uncertainty	allocation,calibration,decision,support,uncertainty	ADAPTER_AND_CONTRASTIVE_BOUNDARY_BENCHMARK			NOT_READY_MISSING_DECLARED_CONTRACT
84	PARENT:IM334_IM094_DRE	LCB-K048	34.0	False	True	UNADJUDICATED	boundary,evidence,gate	uncertainty	allocation,calibration,control,decision,support,uncertainty	ADAPTER_AND_CONTRASTIVE_BOUNDARY_BENCHMARK			NOT_READY_MISSING_DECLARED_CONTRACT
85	PARENT:IM334_IM094_DRE	LCB-K049	34.0	False	True	UNADJUDICATED	boundary,evidence,gate	uncertainty	allocation,calibration,decision,support,uncertainty	ADAPTER_AND_CONTRASTIVE_BOUNDARY_BENCHMARK			NOT_READY_MISSING_DECLARED_CONTRACT
86	PARENT:IM334_IM094_DRE	LCB-K055	34.0	False	True	UNADJUDICATED	boundary,evidence,gate	uncertainty	allocation,calibration,decision,support,uncertainty	ADAPTER_AND_CONTRASTIVE_BOUNDARY_BENCHMARK			NOT_READY_MISSING_DECLARED_CONTRACT
87	PARENT:IM334_IM094_DRE	LCB-K056	34.0	False	True	UNADJUDICATED	boundary,evidence,gate	uncertainty	allocation,calibration,control,decision,support,uncertainty	ADAPTER_AND_CONTRASTIVE_BOUNDARY_BENCHMARK			NOT_READY_MISSING_DECLARED_CONTRACT
88	PARENT:IM334_IM094_DRE	LCB-K068	34.0	False	True	UNADJUDICATED	boundary,evidence,gate	uncertainty	allocation,calibration,decision,support,uncertainty	ADAPTER_AND_CONTRASTIVE_BOUNDARY_BENCHMARK			NOT_READY_MISSING_DECLARED_CONTRACT
89	PARENT:IM334_IM094_DRE	LCB-K086	34.0	False	True	UNADJUDICATED	boundary,evidence,gate	uncertainty	allocation,calibration,control,decision,support,uncertainty	ADAPTER_AND_CONTRASTIVE_BOUNDARY_BENCHMARK			NOT_READY_MISSING_DECLARED_CONTRACT
90	PARENT:IM334_IM094_DRE	LCB-K090	34.0	False	True	UNADJUDICATED	boundary,evidence,gate	uncertainty	allocation,calibration,decision,support,uncertainty	ADAPTER_AND_CONTRASTIVE_BOUNDARY_BENCHMARK			NOT_READY_MISSING_DECLARED_CONTRACT
91	PARENT:IM334_IM094_DRE	LCB-K091	34.0	False	True	UNADJUDICATED	boundary,evidence,gate	uncertainty	allocation,calibration,decision,support,uncertainty	ADAPTER_AND_CONTRASTIVE_BOUNDARY_BENCHMARK			NOT_READY_MISSING_DECLARED_CONTRACT
92	PARENT:IM334_IM094_DRE	PARENT:IM340_IM280_CWC	34.0	False	True	UNADJUDICATED	boundary,evidence,gate	uncertainty	allocation,calibration,control,support,uncertainty	ADAPTER_AND_CONTRASTIVE_BOUNDARY_BENCHMARK			NOT_READY_MISSING_DECLARED_CONTRACT
93	PARENT:IM334_IM094_DRE	PARENT:R008_E612_E613_LGID	34.0	False	True	UNADJUDICATED	boundary,evidence,gate	uncertainty	allocation,calibration,control,support,uncertainty	ADAPTER_AND_CONTRASTIVE_BOUNDARY_BENCHMARK			NOT_READY_MISSING_DECLARED_CONTRACT
94	PARENT:IM334_IM094_DRE	PARENT:R014_S781_S792_ACSA	34.0	False	True	UNADJUDICATED	boundary,evidence,gate	uncertainty	allocation,calibration,control,support,transfer,uncertainty	ADAPTER_AND_CONTRASTIVE_BOUNDARY_BENCHMARK			NOT_READY_MISSING_DECLARED_CONTRACT
95	PARENT:IM334_IM094_DRE	PARENT:R018_M866_M880_MCSC	34.0	False	True	UNADJUDICATED	boundary,evidence,gate	uncertainty	allocation,boundary,calibration,control,support,transfer,uncertainty	ADAPTER_AND_CONTRASTIVE_BOUNDARY_BENCHMARK			NOT_READY_MISSING_DECLARED_CONTRACT
96	PARENT:IM334_IM094_DRE	PARENT:R041_CONSTRAINED_POLICY_CAPL	34.0	False	True	UNADJUDICATED	boundary,evidence,gate	uncertainty	allocation,calibration,control,decision,support,uncertainty	ADAPTER_AND_CONTRASTIVE_BOUNDARY_BENCHMARK			NOT_READY_MISSING_DECLARED_CONTRACT
97	PARENT:IM334_IM094_DRE	PARENT:R044_DECISION_LOSS_DLEW	34.0	False	True	UNADJUDICATED	boundary,evidence,gate	uncertainty	allocation,calibration,control,decision,support,transfer,uncertainty	ADAPTER_AND_CONTRASTIVE_BOUNDARY_BENCHMARK			NOT_READY_MISSING_DECLARED_CONTRACT
98	PARENT:R037_SUPPORT_COVARIANCE_SACPS	FOUNDRY:P035	34.0	False	True	UNADJUDICATED	gate	decision,support,uncertainty	calibration,decision,support,uncertainty	ADAPTER_AND_CONTRASTIVE_BOUNDARY_BENCHMARK			NOT_READY_MISSING_DECLARED_CONTRACT
99	PARENT:R037_SUPPORT_COVARIANCE_SACPS	LCB-K012	34.0	False	True	UNADJUDICATED	gate	decision,support,uncertainty	calibration,decision,support,uncertainty	ADAPTER_AND_CONTRASTIVE_BOUNDARY_BENCHMARK			NOT_READY_MISSING_DECLARED_CONTRACT
100	FOUNDRY:P062	PARENT:IM359_IM014_AICC	33.0	False	True	UNADJUDICATED	boundary,gate	calibration,decision	calibration,decision	ADAPTER_AND_CONTRASTIVE_BOUNDARY_BENCHMARK			NOT_READY_MISSING_DECLARED_CONTRACT
101	FOUNDRY:P062	PARENT:IM406_IM037_ACRA	33.0	False	True	UNADJUDICATED	boundary,gate	calibration,decision	calibration,decision	ADAPTER_AND_CONTRASTIVE_BOUNDARY_BENCHMARK			NOT_READY_MISSING_DECLARED_CONTRACT
102	FOUNDRY:P065	LCB-K003	33.0	False	True	UNADJUDICATED	boundary,gate	calibration,support	calibration,support	ADAPTER_AND_CONTRASTIVE_BOUNDARY_BENCHMARK			NOT_READY_MISSING_DECLARED_CONTRACT
103	FOUNDRY:P065	LCB-K010	33.0	False	True	UNADJUDICATED	boundary,gate	calibration,support	calibration,support	ADAPTER_AND_CONTRASTIVE_BOUNDARY_BENCHMARK			NOT_READY_MISSING_DECLARED_CONTRACT
104	FOUNDRY:P065	LCB-K015	33.0	False	True	UNADJUDICATED	boundary,gate	calibration,support	calibration,support	ADAPTER_AND_CONTRASTIVE_BOUNDARY_BENCHMARK			NOT_READY_MISSING_DECLARED_CONTRACT
105	FOUNDRY:P065	LCB-K035	33.0	False	True	UNADJUDICATED	boundary,gate	calibration,support	calibration,support	ADAPTER_AND_CONTRASTIVE_BOUNDARY_BENCHMARK			NOT_READY_MISSING_DECLARED_CONTRACT
106	FOUNDRY:P065	LCB-K048	33.0	False	True	UNADJUDICATED	boundary,gate	calibration,support	calibration,support	ADAPTER_AND_CONTRASTIVE_BOUNDARY_BENCHMARK			NOT_READY_MISSING_DECLARED_CONTRACT
107	FOUNDRY:P065	LCB-K049	33.0	False	True	UNADJUDICATED	boundary,gate	calibration,support	calibration,support	ADAPTER_AND_CONTRASTIVE_BOUNDARY_BENCHMARK			NOT_READY_MISSING_DECLARED_CONTRACT
108	FOUNDRY:P065	LCB-K055	33.0	False	True	UNADJUDICATED	boundary,gate	calibration,support	calibration,support	ADAPTER_AND_CONTRASTIVE_BOUNDARY_BENCHMARK			NOT_READY_MISSING_DECLARED_CONTRACT
109	FOUNDRY:P065	LCB-K056	33.0	False	True	UNADJUDICATED	boundary,gate	calibration,support	calibration,support	ADAPTER_AND_CONTRASTIVE_BOUNDARY_BENCHMARK			NOT_READY_MISSING_DECLARED_CONTRACT
110	FOUNDRY:P065	LCB-K068	33.0	False	True	UNADJUDICATED	boundary,gate	calibration,support	calibration,support	ADAPTER_AND_CONTRASTIVE_BOUNDARY_BENCHMARK			NOT_READY_MISSING_DECLARED_CONTRACT
111	FOUNDRY:P065	LCB-K086	33.0	False	True	UNADJUDICATED	boundary,gate	calibration,support	calibration,support	ADAPTER_AND_CONTRASTIVE_BOUNDARY_BENCHMARK			NOT_READY_MISSING_DECLARED_CONTRACT
112	FOUNDRY:P065	LCB-K090	33.0	False	True	UNADJUDICATED	boundary,gate	calibration,support	calibration,support	ADAPTER_AND_CONTRASTIVE_BOUNDARY_BENCHMARK			NOT_READY_MISSING_DECLARED_CONTRACT
113	FOUNDRY:P065	LCB-K091	33.0	False	True	UNADJUDICATED	boundary,gate	calibration,support	calibration,support	ADAPTER_AND_CONTRASTIVE_BOUNDARY_BENCHMARK			NOT_READY_MISSING_DECLARED_CONTRACT
114	FOUNDRY:P065	PARENT:IM340_IM280_CWC	33.0	False	True	UNADJUDICATED	boundary,gate	calibration,support	calibration,support	ADAPTER_AND_CONTRASTIVE_BOUNDARY_BENCHMARK			NOT_READY_MISSING_DECLARED_CONTRACT
115	FOUNDRY:P065	PARENT:IM359_IM014_AICC	33.0	False	True	UNADJUDICATED	boundary,gate	calibration,support	calibration,support	ADAPTER_AND_CONTRASTIVE_BOUNDARY_BENCHMARK			NOT_READY_MISSING_DECLARED_CONTRACT
116	FOUNDRY:P065	PARENT:IM406_IM037_ACRA	33.0	False	True	UNADJUDICATED	boundary,gate	calibration,support	calibration,support	ADAPTER_AND_CONTRASTIVE_BOUNDARY_BENCHMARK			NOT_READY_MISSING_DECLARED_CONTRACT
117	FOUNDRY:P065	PARENT:R008_E612_E613_LGID	33.0	False	True	UNADJUDICATED	boundary,gate	calibration,support	calibration,support	ADAPTER_AND_CONTRASTIVE_BOUNDARY_BENCHMARK			NOT_READY_MISSING_DECLARED_CONTRACT
118	FOUNDRY:P065	PARENT:R041_CONSTRAINED_POLICY_CAPL	33.0	False	True	UNADJUDICATED	boundary,gate	calibration,support	calibration,support	ADAPTER_AND_CONTRASTIVE_BOUNDARY_BENCHMARK			NOT_READY_MISSING_DECLARED_CONTRACT
119	FOUNDRY:P091	LCB-K003	33.0	False	True	UNADJUDICATED	boundary,gate,representation	calibration	allocation,calibration,decision,support,uncertainty	ADAPTER_AND_CONTRASTIVE_BOUNDARY_BENCHMARK			NOT_READY_MISSING_DECLARED_CONTRACT
120	FOUNDRY:P091	LCB-K010	33.0	False	True	UNADJUDICATED	boundary,gate,representation	calibration	allocation,calibration,decision,support,uncertainty	ADAPTER_AND_CONTRASTIVE_BOUNDARY_BENCHMARK			NOT_READY_MISSING_DECLARED_CONTRACT
121	FOUNDRY:P091	LCB-K015	33.0	False	True	UNADJUDICATED	boundary,gate,representation	calibration	allocation,calibration,decision,support,uncertainty	ADAPTER_AND_CONTRASTIVE_BOUNDARY_BENCHMARK			NOT_READY_MISSING_DECLARED_CONTRACT
122	FOUNDRY:P091	LCB-K035	33.0	False	True	UNADJUDICATED	boundary,gate,representation	calibration	allocation,calibration,decision,support,uncertainty	ADAPTER_AND_CONTRASTIVE_BOUNDARY_BENCHMARK			NOT_READY_MISSING_DECLARED_CONTRACT
123	FOUNDRY:P091	LCB-K048	33.0	False	True	UNADJUDICATED	boundary,gate,representation	calibration	allocation,calibration,decision,support,uncertainty	ADAPTER_AND_CONTRASTIVE_BOUNDARY_BENCHMARK			NOT_READY_MISSING_DECLARED_CONTRACT
124	FOUNDRY:P091	LCB-K049	33.0	False	True	UNADJUDICATED	boundary,gate,representation	calibration	allocation,calibration,decision,support,uncertainty	ADAPTER_AND_CONTRASTIVE_BOUNDARY_BENCHMARK			NOT_READY_MISSING_DECLARED_CONTRACT
125	FOUNDRY:P091	LCB-K055	33.0	False	True	UNADJUDICATED	boundary,gate,representation	calibration	allocation,calibration,decision,support,uncertainty	ADAPTER_AND_CONTRASTIVE_BOUNDARY_BENCHMARK			NOT_READY_MISSING_DECLARED_CONTRACT
126	FOUNDRY:P091	LCB-K056	33.0	False	True	UNADJUDICATED	boundary,gate,representation	calibration	allocation,calibration,decision,support,uncertainty	ADAPTER_AND_CONTRASTIVE_BOUNDARY_BENCHMARK			NOT_READY_MISSING_DECLARED_CONTRACT
127	FOUNDRY:P091	LCB-K068	33.0	False	True	UNADJUDICATED	boundary,gate,representation	calibration	allocation,calibration,decision,support,uncertainty	ADAPTER_AND_CONTRASTIVE_BOUNDARY_BENCHMARK			NOT_READY_MISSING_DECLARED_CONTRACT
128	FOUNDRY:P091	LCB-K086	33.0	False	True	UNADJUDICATED	boundary,gate,representation	calibration	allocation,calibration,decision,support,uncertainty	ADAPTER_AND_CONTRASTIVE_BOUNDARY_BENCHMARK			NOT_READY_MISSING_DECLARED_CONTRACT
129	FOUNDRY:P091	LCB-K090	33.0	False	True	UNADJUDICATED	boundary,gate,representation	calibration	allocation,calibration,decision,support,uncertainty	ADAPTER_AND_CONTRASTIVE_BOUNDARY_BENCHMARK			NOT_READY_MISSING_DECLARED_CONTRACT
130	FOUNDRY:P091	LCB-K091	33.0	False	True	UNADJUDICATED	boundary,gate,representation	calibration	allocation,calibration,decision,support,uncertainty	ADAPTER_AND_CONTRASTIVE_BOUNDARY_BENCHMARK			NOT_READY_MISSING_DECLARED_CONTRACT
131	FOUNDRY:P091	PARENT:IM340_IM280_CWC	33.0	False	True	UNADJUDICATED	boundary,gate,representation	calibration	allocation,calibration,support,uncertainty	ADAPTER_AND_CONTRASTIVE_BOUNDARY_BENCHMARK			NOT_READY_MISSING_DECLARED_CONTRACT
132	FOUNDRY:P091	PARENT:R008_E612_E613_LGID	33.0	False	True	UNADJUDICATED	boundary,gate,representation	calibration	allocation,calibration,support,uncertainty	ADAPTER_AND_CONTRASTIVE_BOUNDARY_BENCHMARK			NOT_READY_MISSING_DECLARED_CONTRACT
133	FOUNDRY:P091	PARENT:R014_S781_S792_ACSA	33.0	False	True	UNADJUDICATED	boundary,gate,representation	calibration	allocation,calibration,support,transfer,uncertainty	ADAPTER_AND_CONTRASTIVE_BOUNDARY_BENCHMARK			NOT_READY_MISSING_DECLARED_CONTRACT
134	FOUNDRY:P091	PARENT:R018_M866_M880_MCSC	33.0	False	True	UNADJUDICATED	boundary,gate,representation	calibration	allocation,boundary,calibration,support,transfer,uncertainty	ADAPTER_AND_CONTRASTIVE_BOUNDARY_BENCHMARK			NOT_READY_MISSING_DECLARED_CONTRACT
135	FOUNDRY:P091	PARENT:R041_CONSTRAINED_POLICY_CAPL	33.0	False	True	UNADJUDICATED	boundary,gate,representation	calibration	allocation,calibration,decision,support,uncertainty	ADAPTER_AND_CONTRASTIVE_BOUNDARY_BENCHMARK			NOT_READY_MISSING_DECLARED_CONTRACT
136	FOUNDRY:P091	PARENT:R044_DECISION_LOSS_DLEW	33.0	False	True	UNADJUDICATED	boundary,gate,representation	calibration	allocation,calibration,decision,support,transfer,uncertainty	ADAPTER_AND_CONTRASTIVE_BOUNDARY_BENCHMARK			NOT_READY_MISSING_DECLARED_CONTRACT
137	FOUNDRY:P092	PARENT:IM359_IM014_AICC	33.0	False	True	UNADJUDICATED	boundary,gate	calibration,decision	calibration,decision	ADAPTER_AND_CONTRASTIVE_BOUNDARY_BENCHMARK			NOT_READY_MISSING_DECLARED_CONTRACT
138	FOUNDRY:P092	PARENT:IM406_IM037_ACRA	33.0	False	True	UNADJUDICATED	boundary,gate	calibration,decision	calibration,decision	ADAPTER_AND_CONTRASTIVE_BOUNDARY_BENCHMARK			NOT_READY_MISSING_DECLARED_CONTRACT
139	FOUNDRY:P093	PARENT:IM359_IM014_AICC	33.0	False	True	UNADJUDICATED	boundary,gate	calibration,decision	calibration,decision	ADAPTER_AND_CONTRASTIVE_BOUNDARY_BENCHMARK			NOT_READY_MISSING_DECLARED_CONTRACT
140	FOUNDRY:P093	PARENT:IM406_IM037_ACRA	33.0	False	True	UNADJUDICATED	boundary,gate	calibration,decision	calibration,decision	ADAPTER_AND_CONTRASTIVE_BOUNDARY_BENCHMARK			NOT_READY_MISSING_DECLARED_CONTRACT
141	FOUNDRY:P109	LCB-K012	33.0	False	True	UNADJUDICATED	evidence,gate	calibration,decision,uncertainty	calibration,confounding,decision,measurement,uncertainty	ADAPTER_AND_CONTRASTIVE_BOUNDARY_BENCHMARK			NOT_READY_MISSING_DECLARED_CONTRACT
142	FOUNDRY:P140	PARENT:IM340_IM280_CWC	33.0	False	True	UNADJUDICATED	gate,representation	calibration,support	calibration,support	ADAPTER_AND_CONTRASTIVE_BOUNDARY_BENCHMARK			NOT_READY_MISSING_DECLARED_CONTRACT
143	FOUNDRY:P140	PARENT:R008_E612_E613_LGID	33.0	False	True	UNADJUDICATED	gate,representation	calibration,support	calibration,support	ADAPTER_AND_CONTRASTIVE_BOUNDARY_BENCHMARK			NOT_READY_MISSING_DECLARED_CONTRACT
144	FOUNDRY:P141	PARENT:IM334_IM094_DRE	33.0	False	True	UNADJUDICATED	boundary,gate,representation	calibration	boundary,calibration,decision,transfer	ADAPTER_AND_CONTRASTIVE_BOUNDARY_BENCHMARK			BOOTSTRAP_CHANNEL_CALIBRATED_SCIENTIFIC_CONTRACT_STILL_REQUIRED
145	FOUNDRY:P141	PARENT:R018_M866_M880_MCSC	33.0	False	True	UNADJUDICATED	boundary,gate,representation	calibration	boundary,calibration,transfer	ADAPTER_AND_CONTRASTIVE_BOUNDARY_BENCHMARK			BOOTSTRAP_CHANNEL_CALIBRATED_SCIENTIFIC_CONTRACT_STILL_REQUIRED
146	FOUNDRY:P141	PARENT:R044_DECISION_LOSS_DLEW	33.0	False	True	UNADJUDICATED	boundary,gate,representation	calibration	calibration,decision,transfer	ADAPTER_AND_CONTRASTIVE_BOUNDARY_BENCHMARK			BOOTSTRAP_CHANNEL_CALIBRATED_SCIENTIFIC_CONTRACT_STILL_REQUIRED
147	PARENT:IM334_IM094_DRE	FOUNDRY:P067	33.0	False	True	UNADJUDICATED	boundary,evidence,gate	uncertainty	allocation,calibration,support,uncertainty	ADAPTER_AND_CONTRASTIVE_BOUNDARY_BENCHMARK			NOT_READY_MISSING_DECLARED_CONTRACT
148	PARENT:IM334_IM094_DRE	FOUNDRY:P099	33.0	False	True	UNADJUDICATED	boundary,evidence,gate	uncertainty	allocation,calibration,support,uncertainty	ADAPTER_AND_CONTRASTIVE_BOUNDARY_BENCHMARK			NOT_READY_MISSING_DECLARED_CONTRACT
149	PARENT:IM334_IM094_DRE	LCB-R50-149	33.0	False	True	UNADJUDICATED	boundary,evidence,gate	decision,uncertainty	allocation,boundary,calibration,control,decision,support,transfer,uncertainty	ADAPTER_AND_CONTRASTIVE_BOUNDARY_BENCHMARK			NOT_READY_MISSING_DECLARED_CONTRACT
150	FOUNDRY:P065	LCB-K081	32.0	False	True	UNADJUDICATED	boundary,gate	calibration,support	calibration,support,transfer	ADAPTER_AND_CONTRASTIVE_BOUNDARY_BENCHMARK			NOT_READY_MISSING_DECLARED_CONTRACT
151	FOUNDRY:P091	LCB-R50-149	32.0	False	True	UNADJUDICATED	boundary,gate,representation	calibration,decision	allocation,boundary,calibration,decision,reduction,resilience,support,transfer,uncertainty	ADAPTER_AND_CONTRASTIVE_BOUNDARY_BENCHMARK			NOT_READY_MISSING_DECLARED_CONTRACT
152	FOUNDRY:P140	LCB-K012	32.0	False	True	UNADJUDICATED	gate,representation	calibration,support	calibration,decision,support	ADAPTER_AND_CONTRASTIVE_BOUNDARY_BENCHMARK			NOT_READY_MISSING_DECLARED_CONTRACT
153	FOUNDRY:P140	LCB-K081	32.0	False	True	UNADJUDICATED	gate,representation	calibration,support	audit,calibration,support,transfer	ADAPTER_AND_CONTRASTIVE_BOUNDARY_BENCHMARK			NOT_READY_MISSING_DECLARED_CONTRACT
154	FOUNDRY:P141	LCB-K003	32.0	False	True	UNADJUDICATED	boundary,gate,representation	calibration	calibration,decision	ADAPTER_AND_CONTRASTIVE_BOUNDARY_BENCHMARK			NOT_READY_MISSING_DECLARED_CONTRACT
155	FOUNDRY:P141	LCB-K010	32.0	False	True	UNADJUDICATED	boundary,gate,representation	calibration	calibration,decision	ADAPTER_AND_CONTRASTIVE_BOUNDARY_BENCHMARK			NOT_READY_MISSING_DECLARED_CONTRACT
156	FOUNDRY:P141	LCB-K015	32.0	False	True	UNADJUDICATED	boundary,gate,representation	calibration	calibration,decision	ADAPTER_AND_CONTRASTIVE_BOUNDARY_BENCHMARK			NOT_READY_MISSING_DECLARED_CONTRACT
157	FOUNDRY:P141	LCB-K035	32.0	False	True	UNADJUDICATED	boundary,gate,representation	calibration	calibration,decision	ADAPTER_AND_CONTRASTIVE_BOUNDARY_BENCHMARK			NOT_READY_MISSING_DECLARED_CONTRACT
158	FOUNDRY:P141	LCB-K048	32.0	False	True	UNADJUDICATED	boundary,gate,representation	calibration	calibration,decision	ADAPTER_AND_CONTRASTIVE_BOUNDARY_BENCHMARK			NOT_READY_MISSING_DECLARED_CONTRACT
159	FOUNDRY:P141	LCB-K049	32.0	False	True	UNADJUDICATED	boundary,gate,representation	calibration	calibration,decision	ADAPTER_AND_CONTRASTIVE_BOUNDARY_BENCHMARK			NOT_READY_MISSING_DECLARED_CONTRACT
160	FOUNDRY:P141	LCB-K055	32.0	False	True	UNADJUDICATED	boundary,gate,representation	calibration	calibration,decision	ADAPTER_AND_CONTRASTIVE_BOUNDARY_BENCHMARK			NOT_READY_MISSING_DECLARED_CONTRACT
161	FOUNDRY:P141	LCB-K056	32.0	False	True	UNADJUDICATED	boundary,gate,representation	calibration	calibration,decision	ADAPTER_AND_CONTRASTIVE_BOUNDARY_BENCHMARK			NOT_READY_MISSING_DECLARED_CONTRACT
162	FOUNDRY:P141	LCB-K068	32.0	False	True	UNADJUDICATED	boundary,gate,representation	calibration	calibration,decision	ADAPTER_AND_CONTRASTIVE_BOUNDARY_BENCHMARK			NOT_READY_MISSING_DECLARED_CONTRACT
163	FOUNDRY:P141	LCB-K086	32.0	False	True	UNADJUDICATED	boundary,gate,representation	calibration	calibration,decision	ADAPTER_AND_CONTRASTIVE_BOUNDARY_BENCHMARK			NOT_READY_MISSING_DECLARED_CONTRACT
164	FOUNDRY:P141	LCB-K090	32.0	False	True	UNADJUDICATED	boundary,gate,representation	calibration	calibration,decision	ADAPTER_AND_CONTRASTIVE_BOUNDARY_BENCHMARK			NOT_READY_MISSING_DECLARED_CONTRACT
165	FOUNDRY:P141	LCB-K091	32.0	False	True	UNADJUDICATED	boundary,gate,representation	calibration	calibration,decision	ADAPTER_AND_CONTRASTIVE_BOUNDARY_BENCHMARK			NOT_READY_MISSING_DECLARED_CONTRACT
166	FOUNDRY:P141	PARENT:IM359_IM014_AICC	32.0	False	True	UNADJUDICATED	boundary,gate,representation	calibration	calibration,decision	ADAPTER_AND_CONTRASTIVE_BOUNDARY_BENCHMARK			NOT_READY_MISSING_DECLARED_CONTRACT
167	FOUNDRY:P141	PARENT:IM406_IM037_ACRA	32.0	False	True	UNADJUDICATED	boundary,gate,representation	calibration	calibration,decision	ADAPTER_AND_CONTRASTIVE_BOUNDARY_BENCHMARK			NOT_READY_MISSING_DECLARED_CONTRACT
168	FOUNDRY:P141	PARENT:R014_S781_S792_ACSA	32.0	False	True	UNADJUDICATED	boundary,gate,representation	calibration	calibration,transfer	ADAPTER_AND_CONTRASTIVE_BOUNDARY_BENCHMARK			NOT_READY_MISSING_DECLARED_CONTRACT
169	FOUNDRY:P141	PARENT:R041_CONSTRAINED_POLICY_CAPL	32.0	False	True	UNADJUDICATED	boundary,gate,representation	calibration	calibration,decision	ADAPTER_AND_CONTRASTIVE_BOUNDARY_BENCHMARK			NOT_READY_MISSING_DECLARED_CONTRACT
170	PARENT:IM334_IM094_DRE	FOUNDRY:P033	32.0	False	True	UNADJUDICATED	boundary,evidence,gate	uncertainty	allocation,calibration,support,uncertainty	ADAPTER_AND_CONTRASTIVE_BOUNDARY_BENCHMARK			NOT_READY_MISSING_DECLARED_CONTRACT
171	PARENT:IM334_IM094_DRE	FOUNDRY:P078	32.0	False	True	UNADJUDICATED	boundary,evidence,gate	uncertainty	allocation,calibration,support,transfer,uncertainty	ADAPTER_AND_CONTRASTIVE_BOUNDARY_BENCHMARK			NOT_READY_MISSING_DECLARED_CONTRACT
172	PARENT:IM334_IM094_DRE	LCB-K081	32.0	False	True	UNADJUDICATED	boundary,evidence,gate	uncertainty	allocation,calibration,control,support,transfer,uncertainty	ADAPTER_AND_CONTRASTIVE_BOUNDARY_BENCHMARK			NOT_READY_MISSING_DECLARED_CONTRACT
173	PARENT:R037_SUPPORT_COVARIANCE_SACPS	PARENT:IM178_IM326_TWMR	32.0	False	True	UNADJUDICATED		decision,support,uncertainty	calibration,decision,support,uncertainty	ADAPTER_AND_CONTRASTIVE_BOUNDARY_BENCHMARK			NOT_READY_MISSING_DECLARED_CONTRACT
174	PARENT:R037_SUPPORT_COVARIANCE_SACPS	PARENT:R020_P848_P851_SCCRT	32.0	False	True	UNADJUDICATED		decision,support,uncertainty	calibration,decision,support,uncertainty	ADAPTER_AND_CONTRASTIVE_BOUNDARY_BENCHMARK			NOT_READY_MISSING_DECLARED_CONTRACT
175	FOUNDRY:P023	PARENT:IM334_IM094_DRE	31.0	False	True	UNADJUDICATED	boundary,gate	calibration,support	boundary,calibration,support,transfer	ADAPTER_AND_CONTRASTIVE_BOUNDARY_BENCHMARK			BOOTSTRAP_CHANNEL_CALIBRATED_SCIENTIFIC_CONTRACT_STILL_REQUIRED
176	FOUNDRY:P023	PARENT:R014_S781_S792_ACSA	31.0	False	True	UNADJUDICATED	boundary,gate	calibration,support	calibration,support,transfer	ADAPTER_AND_CONTRASTIVE_BOUNDARY_BENCHMARK			NOT_READY_MISSING_DECLARED_CONTRACT
177	FOUNDRY:P023	PARENT:R018_M866_M880_MCSC	31.0	False	True	UNADJUDICATED	boundary,gate	calibration,support	boundary,calibration,support,transfer	ADAPTER_AND_CONTRASTIVE_BOUNDARY_BENCHMARK			NOT_READY_MISSING_DECLARED_CONTRACT
178	FOUNDRY:P023	PARENT:R044_DECISION_LOSS_DLEW	31.0	False	True	UNADJUDICATED	boundary,gate	calibration,support	calibration,support,transfer	ADAPTER_AND_CONTRASTIVE_BOUNDARY_BENCHMARK			NOT_READY_MISSING_DECLARED_CONTRACT
179	FOUNDRY:P062	LCB-K012	31.0	False	True	UNADJUDICATED	boundary,gate	calibration,decision	calibration,decision	ADAPTER_AND_CONTRASTIVE_BOUNDARY_BENCHMARK			NOT_READY_MISSING_DECLARED_CONTRACT
180	FOUNDRY:P065	LCB-K012	31.0	False	True	UNADJUDICATED	boundary,gate	calibration,support	calibration,support	ADAPTER_AND_CONTRASTIVE_BOUNDARY_BENCHMARK			NOT_READY_MISSING_DECLARED_CONTRACT
181	FOUNDRY:P071	PARENT:IM334_IM094_DRE	31.0	False	True	UNADJUDICATED	boundary,gate	calibration,decision	boundary,calibration,decision,transfer	ADAPTER_AND_CONTRASTIVE_BOUNDARY_BENCHMARK			BOOTSTRAP_CHANNEL_CALIBRATED_SCIENTIFIC_CONTRACT_STILL_REQUIRED
182	FOUNDRY:P091	LCB-K081	31.0	False	True	UNADJUDICATED	boundary,gate,representation	calibration	allocation,calibration,support,transfer,uncertainty	ADAPTER_AND_CONTRASTIVE_BOUNDARY_BENCHMARK			NOT_READY_MISSING_DECLARED_CONTRACT
183	FOUNDRY:P092	LCB-K012	31.0	False	True	UNADJUDICATED	boundary,gate	calibration,decision	calibration,decision	ADAPTER_AND_CONTRASTIVE_BOUNDARY_BENCHMARK			NOT_READY_MISSING_DECLARED_CONTRACT
184	FOUNDRY:P093	LCB-K012	31.0	False	True	UNADJUDICATED	boundary,gate	calibration,decision	calibration,decision	ADAPTER_AND_CONTRASTIVE_BOUNDARY_BENCHMARK			NOT_READY_MISSING_DECLARED_CONTRACT
185	FOUNDRY:P109	PARENT:IM178_IM326_TWMR	31.0	False	True	UNADJUDICATED	evidence	calibration,decision,uncertainty	calibration,decision,uncertainty	ADAPTER_AND_CONTRASTIVE_BOUNDARY_BENCHMARK			NOT_READY_MISSING_DECLARED_CONTRACT
186	FOUNDRY:P109	PARENT:R020_P848_P851_SCCRT	31.0	False	True	UNADJUDICATED	evidence	calibration,decision,uncertainty	calibration,decision,uncertainty	ADAPTER_AND_CONTRASTIVE_BOUNDARY_BENCHMARK			NOT_READY_MISSING_DECLARED_CONTRACT
187	FOUNDRY:P141	PARENT:IM340_IM280_CWC	31.0	False	True	UNADJUDICATED	boundary,gate,representation	calibration	calibration	ADAPTER_AND_CONTRASTIVE_BOUNDARY_BENCHMARK			NOT_READY_MISSING_DECLARED_CONTRACT
188	FOUNDRY:P141	PARENT:R008_E612_E613_LGID	31.0	False	True	UNADJUDICATED	boundary,gate,representation	calibration	calibration	ADAPTER_AND_CONTRASTIVE_BOUNDARY_BENCHMARK			NOT_READY_MISSING_DECLARED_CONTRACT
189	PARENT:IM334_IM094_DRE	PARENT:IM178_IM326_TWMR	31.0	False	True	UNADJUDICATED	evidence	decision,uncertainty	allocation,calibration,decision,support,uncertainty	ADAPTER_AND_CONTRASTIVE_BOUNDARY_BENCHMARK			NOT_READY_MISSING_DECLARED_CONTRACT
190	PARENT:IM334_IM094_DRE	PARENT:R020_P848_P851_SCCRT	31.0	False	True	UNADJUDICATED	evidence	decision,uncertainty	allocation,calibration,decision,support,uncertainty	ADAPTER_AND_CONTRASTIVE_BOUNDARY_BENCHMARK			NOT_READY_MISSING_DECLARED_CONTRACT
191	PARENT:IM406_IM037_ACRA	FOUNDRY:P138	31.0	False	True	UNADJUDICATED	evidence	decision,uncertainty	allocation,calibration,confounding,decision,measurement,support,uncertainty	ADAPTER_AND_CONTRASTIVE_BOUNDARY_BENCHMARK			NOT_READY_MISSING_DECLARED_CONTRACT
192	PARENT:IM406_IM037_ACRA	PARENT:IM178_IM326_TWMR	31.0	False	True	UNADJUDICATED	evidence	decision,uncertainty	allocation,calibration,decision,support,uncertainty	ADAPTER_AND_CONTRASTIVE_BOUNDARY_BENCHMARK			NOT_READY_MISSING_DECLARED_CONTRACT
193	PARENT:IM406_IM037_ACRA	PARENT:IM334_IM094_DRE	31.0	False	True	UNADJUDICATED	evidence	decision,uncertainty	allocation,calibration,confounding,decision,measurement,support,uncertainty	ADAPTER_AND_CONTRASTIVE_BOUNDARY_BENCHMARK			NOT_READY_MISSING_DECLARED_CONTRACT
194	PARENT:IM406_IM037_ACRA	PARENT:IM359_IM014_AICC	31.0	False	True	UNADJUDICATED	evidence	decision,uncertainty	allocation,calibration,confounding,decision,measurement,support,uncertainty	ADAPTER_AND_CONTRASTIVE_BOUNDARY_BENCHMARK			NOT_READY_MISSING_DECLARED_CONTRACT
195	PARENT:IM406_IM037_ACRA	PARENT:R020_P848_P851_SCCRT	31.0	False	True	UNADJUDICATED	evidence	decision,uncertainty	allocation,calibration,decision,support,uncertainty	ADAPTER_AND_CONTRASTIVE_BOUNDARY_BENCHMARK			NOT_READY_MISSING_DECLARED_CONTRACT
196	PARENT:R037_SUPPORT_COVARIANCE_SACPS	FOUNDRY:P137	31.0	False	True	UNADJUDICATED	gate	support,uncertainty	audit,calibration,support,transfer,uncertainty	ADAPTER_AND_CONTRASTIVE_BOUNDARY_BENCHMARK			NOT_READY_MISSING_DECLARED_CONTRACT
197	PARENT:R037_SUPPORT_COVARIANCE_SACPS	LCB-K003	31.0	False	True	UNADJUDICATED	gate	support,uncertainty	calibration,decision,support,uncertainty	ADAPTER_AND_CONTRASTIVE_BOUNDARY_BENCHMARK			NOT_READY_MISSING_DECLARED_CONTRACT
198	PARENT:R037_SUPPORT_COVARIANCE_SACPS	LCB-K010	31.0	False	True	UNADJUDICATED	gate	support,uncertainty	calibration,decision,support,uncertainty	ADAPTER_AND_CONTRASTIVE_BOUNDARY_BENCHMARK			NOT_READY_MISSING_DECLARED_CONTRACT
199	PARENT:R037_SUPPORT_COVARIANCE_SACPS	LCB-K015	31.0	False	True	UNADJUDICATED	gate	support,uncertainty	calibration,decision,support,uncertainty	ADAPTER_AND_CONTRASTIVE_BOUNDARY_BENCHMARK			NOT_READY_MISSING_DECLARED_CONTRACT
200	PARENT:R037_SUPPORT_COVARIANCE_SACPS	LCB-K035	31.0	False	True	UNADJUDICATED	gate	support,uncertainty	calibration,decision,support,uncertainty	ADAPTER_AND_CONTRASTIVE_BOUNDARY_BENCHMARK			NOT_READY_MISSING_DECLARED_CONTRACT
201	PARENT:R037_SUPPORT_COVARIANCE_SACPS	LCB-K048	31.0	False	True	UNADJUDICATED	gate	support,uncertainty	calibration,decision,support,uncertainty	ADAPTER_AND_CONTRASTIVE_BOUNDARY_BENCHMARK			NOT_READY_MISSING_DECLARED_CONTRACT
202	PARENT:R037_SUPPORT_COVARIANCE_SACPS	LCB-K049	31.0	False	True	UNADJUDICATED	gate	support,uncertainty	calibration,decision,support,uncertainty	ADAPTER_AND_CONTRASTIVE_BOUNDARY_BENCHMARK			NOT_READY_MISSING_DECLARED_CONTRACT
203	PARENT:R037_SUPPORT_COVARIANCE_SACPS	LCB-K055	31.0	False	True	UNADJUDICATED	gate	support,uncertainty	calibration,decision,support,uncertainty	ADAPTER_AND_CONTRASTIVE_BOUNDARY_BENCHMARK			NOT_READY_MISSING_DECLARED_CONTRACT
204	PARENT:R037_SUPPORT_COVARIANCE_SACPS	LCB-K056	31.0	False	True	UNADJUDICATED	gate	support,uncertainty	calibration,decision,support,uncertainty	ADAPTER_AND_CONTRASTIVE_BOUNDARY_BENCHMARK			NOT_READY_MISSING_DECLARED_CONTRACT
205	PARENT:R037_SUPPORT_COVARIANCE_SACPS	LCB-K068	31.0	False	True	UNADJUDICATED	gate	support,uncertainty	calibration,decision,support,uncertainty	ADAPTER_AND_CONTRASTIVE_BOUNDARY_BENCHMARK			NOT_READY_MISSING_DECLARED_CONTRACT
206	PARENT:R037_SUPPORT_COVARIANCE_SACPS	LCB-K086	31.0	False	True	UNADJUDICATED	gate	support,uncertainty	calibration,decision,support,uncertainty	ADAPTER_AND_CONTRASTIVE_BOUNDARY_BENCHMARK			NOT_READY_MISSING_DECLARED_CONTRACT
207	PARENT:R037_SUPPORT_COVARIANCE_SACPS	LCB-K090	31.0	False	True	UNADJUDICATED	gate	support,uncertainty	calibration,decision,support,uncertainty	ADAPTER_AND_CONTRASTIVE_BOUNDARY_BENCHMARK			NOT_READY_MISSING_DECLARED_CONTRACT
208	PARENT:R037_SUPPORT_COVARIANCE_SACPS	LCB-K091	31.0	False	True	UNADJUDICATED	gate	support,uncertainty	calibration,decision,support,uncertainty	ADAPTER_AND_CONTRASTIVE_BOUNDARY_BENCHMARK			NOT_READY_MISSING_DECLARED_CONTRACT
209	PARENT:R037_SUPPORT_COVARIANCE_SACPS	PARENT:IM340_IM280_CWC	31.0	False	True	UNADJUDICATED	gate	support,uncertainty	calibration,support,uncertainty	ADAPTER_AND_CONTRASTIVE_BOUNDARY_BENCHMARK			NOT_READY_MISSING_DECLARED_CONTRACT
210	PARENT:R037_SUPPORT_COVARIANCE_SACPS	PARENT:R008_E612_E613_LGID	31.0	False	True	UNADJUDICATED	gate	support,uncertainty	calibration,support,uncertainty	ADAPTER_AND_CONTRASTIVE_BOUNDARY_BENCHMARK			NOT_READY_MISSING_DECLARED_CONTRACT
211	PARENT:R037_SUPPORT_COVARIANCE_SACPS	PARENT:R014_S781_S792_ACSA	31.0	False	True	UNADJUDICATED	gate	support,uncertainty	audit,calibration,support,transfer,uncertainty	ADAPTER_AND_CONTRASTIVE_BOUNDARY_BENCHMARK			NOT_READY_MISSING_DECLARED_CONTRACT
212	PARENT:R037_SUPPORT_COVARIANCE_SACPS	PARENT:R018_M866_M880_MCSC	31.0	False	True	UNADJUDICATED	gate	support,uncertainty	audit,calibration,support,transfer,uncertainty	ADAPTER_AND_CONTRASTIVE_BOUNDARY_BENCHMARK			NOT_READY_MISSING_DECLARED_CONTRACT
213	PARENT:R037_SUPPORT_COVARIANCE_SACPS	PARENT:R041_CONSTRAINED_POLICY_CAPL	31.0	False	True	UNADJUDICATED	gate	support,uncertainty	calibration,decision,support,uncertainty	ADAPTER_AND_CONTRASTIVE_BOUNDARY_BENCHMARK			BOOTSTRAP_CHANNEL_CALIBRATED_SCIENTIFIC_CONTRACT_STILL_REQUIRED
214	PARENT:R037_SUPPORT_COVARIANCE_SACPS	PARENT:R044_DECISION_LOSS_DLEW	31.0	False	True	UNADJUDICATED	gate	support,uncertainty	audit,calibration,decision,support,transfer,uncertainty	ADAPTER_AND_CONTRASTIVE_BOUNDARY_BENCHMARK			BOOTSTRAP_CHANNEL_CALIBRATED_SCIENTIFIC_CONTRACT_STILL_REQUIRED
215	PARENT:R038_DECISION_HEDGE_DHCC	FOUNDRY:P138	31.0	False	True	UNADJUDICATED	gate	decision,uncertainty	calibration,decision,uncertainty	ADAPTER_AND_CONTRASTIVE_BOUNDARY_BENCHMARK			NOT_READY_MISSING_DECLARED_CONTRACT
216	PARENT:R038_DECISION_HEDGE_DHCC	PARENT:IM334_IM094_DRE	31.0	False	True	UNADJUDICATED	gate	decision,uncertainty	calibration,decision,transfer,uncertainty	ADAPTER_AND_CONTRASTIVE_BOUNDARY_BENCHMARK			NOT_READY_MISSING_DECLARED_CONTRACT
217	PARENT:R038_DECISION_HEDGE_DHCC	PARENT:IM359_IM014_AICC	31.0	False	True	UNADJUDICATED	gate	decision,uncertainty	calibration,decision,uncertainty	ADAPTER_AND_CONTRASTIVE_BOUNDARY_BENCHMARK			NOT_READY_MISSING_DECLARED_CONTRACT
218	PARENT:R038_DECISION_HEDGE_DHCC	PARENT:IM406_IM037_ACRA	31.0	False	True	UNADJUDICATED	gate	decision,uncertainty	calibration,decision,uncertainty	ADAPTER_AND_CONTRASTIVE_BOUNDARY_BENCHMARK			NOT_READY_MISSING_DECLARED_CONTRACT
219	FOUNDRY:P021	PARENT:IM334_IM094_DRE	30.0	False	True	UNADJUDICATED	evidence,representation	decision,uncertainty	confounding,decision,measurement,uncertainty	ADAPTER_AND_CONTRASTIVE_BOUNDARY_BENCHMARK			NOT_READY_MISSING_DECLARED_CONTRACT
220	FOUNDRY:P021	PARENT:IM359_IM014_AICC	30.0	False	True	UNADJUDICATED	evidence,representation	decision,uncertainty	confounding,decision,measurement,uncertainty	ADAPTER_AND_CONTRASTIVE_BOUNDARY_BENCHMARK			NOT_READY_MISSING_DECLARED_CONTRACT
221	FOUNDRY:P021	PARENT:IM406_IM037_ACRA	30.0	False	True	UNADJUDICATED	evidence,representation	decision,uncertainty	confounding,decision,measurement,uncertainty	ADAPTER_AND_CONTRASTIVE_BOUNDARY_BENCHMARK			NOT_READY_MISSING_DECLARED_CONTRACT
222	FOUNDRY:P023	LCB-K003	30.0	False	True	UNADJUDICATED	boundary,gate	calibration,support	calibration,support	ADAPTER_AND_CONTRASTIVE_BOUNDARY_BENCHMARK			NOT_READY_MISSING_DECLARED_CONTRACT
223	FOUNDRY:P023	LCB-K010	30.0	False	True	UNADJUDICATED	boundary,gate	calibration,support	calibration,support	ADAPTER_AND_CONTRASTIVE_BOUNDARY_BENCHMARK			NOT_READY_MISSING_DECLARED_CONTRACT
224	FOUNDRY:P023	LCB-K015	30.0	False	True	UNADJUDICATED	boundary,gate	calibration,support	calibration,support	ADAPTER_AND_CONTRASTIVE_BOUNDARY_BENCHMARK			NOT_READY_MISSING_DECLARED_CONTRACT
225	FOUNDRY:P023	LCB-K035	30.0	False	True	UNADJUDICATED	boundary,gate	calibration,support	calibration,support	ADAPTER_AND_CONTRASTIVE_BOUNDARY_BENCHMARK			NOT_READY_MISSING_DECLARED_CONTRACT
226	FOUNDRY:P023	LCB-K048	30.0	False	True	UNADJUDICATED	boundary,gate	calibration,support	calibration,support	ADAPTER_AND_CONTRASTIVE_BOUNDARY_BENCHMARK			NOT_READY_MISSING_DECLARED_CONTRACT
227	FOUNDRY:P023	LCB-K049	30.0	False	True	UNADJUDICATED	boundary,gate	calibration,support	calibration,support	ADAPTER_AND_CONTRASTIVE_BOUNDARY_BENCHMARK			NOT_READY_MISSING_DECLARED_CONTRACT
228	FOUNDRY:P023	LCB-K055	30.0	False	True	UNADJUDICATED	boundary,gate	calibration,support	calibration,support	ADAPTER_AND_CONTRASTIVE_BOUNDARY_BENCHMARK			NOT_READY_MISSING_DECLARED_CONTRACT
229	FOUNDRY:P023	LCB-K056	30.0	False	True	UNADJUDICATED	boundary,gate	calibration,support	calibration,support	ADAPTER_AND_CONTRASTIVE_BOUNDARY_BENCHMARK			NOT_READY_MISSING_DECLARED_CONTRACT
230	FOUNDRY:P023	LCB-K068	30.0	False	True	UNADJUDICATED	boundary,gate	calibration,support	calibration,support	ADAPTER_AND_CONTRASTIVE_BOUNDARY_BENCHMARK			NOT_READY_MISSING_DECLARED_CONTRACT
231	FOUNDRY:P023	LCB-K086	30.0	False	True	UNADJUDICATED	boundary,gate	calibration,support	calibration,support	ADAPTER_AND_CONTRASTIVE_BOUNDARY_BENCHMARK			NOT_READY_MISSING_DECLARED_CONTRACT
232	FOUNDRY:P023	LCB-K090	30.0	False	True	UNADJUDICATED	boundary,gate	calibration,support	calibration,support	ADAPTER_AND_CONTRASTIVE_BOUNDARY_BENCHMARK			NOT_READY_MISSING_DECLARED_CONTRACT
233	FOUNDRY:P023	LCB-K091	30.0	False	True	UNADJUDICATED	boundary,gate	calibration,support	calibration,support	ADAPTER_AND_CONTRASTIVE_BOUNDARY_BENCHMARK			NOT_READY_MISSING_DECLARED_CONTRACT
234	FOUNDRY:P023	PARENT:IM340_IM280_CWC	30.0	False	True	UNADJUDICATED	boundary,gate	calibration,support	calibration,support	ADAPTER_AND_CONTRASTIVE_BOUNDARY_BENCHMARK			NOT_READY_MISSING_DECLARED_CONTRACT
235	FOUNDRY:P023	PARENT:IM359_IM014_AICC	30.0	False	True	UNADJUDICATED	boundary,gate	calibration,support	calibration,support	ADAPTER_AND_CONTRASTIVE_BOUNDARY_BENCHMARK			NOT_READY_MISSING_DECLARED_CONTRACT
236	FOUNDRY:P023	PARENT:IM406_IM037_ACRA	30.0	False	True	UNADJUDICATED	boundary,gate	calibration,support	calibration,support	ADAPTER_AND_CONTRASTIVE_BOUNDARY_BENCHMARK			NOT_READY_MISSING_DECLARED_CONTRACT
237	FOUNDRY:P023	PARENT:R008_E612_E613_LGID	30.0	False	True	UNADJUDICATED	boundary,gate	calibration,support	calibration,support	ADAPTER_AND_CONTRASTIVE_BOUNDARY_BENCHMARK			NOT_READY_MISSING_DECLARED_CONTRACT
238	FOUNDRY:P023	PARENT:R041_CONSTRAINED_POLICY_CAPL	30.0	False	True	UNADJUDICATED	boundary,gate	calibration,support	calibration,support	ADAPTER_AND_CONTRASTIVE_BOUNDARY_BENCHMARK			NOT_READY_MISSING_DECLARED_CONTRACT
239	FOUNDRY:P071	PARENT:IM359_IM014_AICC	30.0	False	True	UNADJUDICATED	boundary,gate	calibration,decision	calibration,decision	ADAPTER_AND_CONTRASTIVE_BOUNDARY_BENCHMARK			NOT_READY_MISSING_DECLARED_CONTRACT
240	FOUNDRY:P071	PARENT:IM406_IM037_ACRA	30.0	False	True	UNADJUDICATED	boundary,gate	calibration,decision	calibration,decision	ADAPTER_AND_CONTRASTIVE_BOUNDARY_BENCHMARK			NOT_READY_MISSING_DECLARED_CONTRACT
241	FOUNDRY:P091	PARENT:IM139_IM250_CCVC	30.0	False	True	UNADJUDICATED	representation	calibration,decision	boundary,calibration,decision,reduction,resilience,transfer	ADAPTER_AND_CONTRASTIVE_BOUNDARY_BENCHMARK			NOT_READY_MISSING_DECLARED_CONTRACT
242	FOUNDRY:P091	PARENT:R023_M421_M428_CORMA	30.0	False	True	UNADJUDICATED	representation	calibration,decision	calibration,decision,reduction,resilience,transfer	ADAPTER_AND_CONTRASTIVE_BOUNDARY_BENCHMARK			NOT_READY_MISSING_DECLARED_CONTRACT
243	FOUNDRY:P109	LCB-K003	30.0	False	True	UNADJUDICATED	evidence,gate	calibration,uncertainty	calibration,decision,uncertainty	ADAPTER_AND_CONTRASTIVE_BOUNDARY_BENCHMARK			NOT_READY_MISSING_DECLARED_CONTRACT
244	FOUNDRY:P109	LCB-K010	30.0	False	True	UNADJUDICATED	evidence,gate	calibration,uncertainty	calibration,decision,uncertainty	ADAPTER_AND_CONTRASTIVE_BOUNDARY_BENCHMARK			NOT_READY_MISSING_DECLARED_CONTRACT
245	FOUNDRY:P109	LCB-K015	30.0	False	True	UNADJUDICATED	evidence,gate	calibration,uncertainty	calibration,decision,uncertainty	ADAPTER_AND_CONTRASTIVE_BOUNDARY_BENCHMARK			NOT_READY_MISSING_DECLARED_CONTRACT
246	FOUNDRY:P109	LCB-K035	30.0	False	True	UNADJUDICATED	evidence,gate	calibration,uncertainty	calibration,decision,uncertainty	ADAPTER_AND_CONTRASTIVE_BOUNDARY_BENCHMARK			NOT_READY_MISSING_DECLARED_CONTRACT
247	FOUNDRY:P109	LCB-K048	30.0	False	True	UNADJUDICATED	evidence,gate	calibration,uncertainty	calibration,decision,uncertainty	ADAPTER_AND_CONTRASTIVE_BOUNDARY_BENCHMARK			NOT_READY_MISSING_DECLARED_CONTRACT
248	FOUNDRY:P109	LCB-K049	30.0	False	True	UNADJUDICATED	evidence,gate	calibration,uncertainty	calibration,decision,uncertainty	ADAPTER_AND_CONTRASTIVE_BOUNDARY_BENCHMARK			NOT_READY_MISSING_DECLARED_CONTRACT
249	FOUNDRY:P109	LCB-K055	30.0	False	True	UNADJUDICATED	evidence,gate	calibration,uncertainty	calibration,decision,uncertainty	ADAPTER_AND_CONTRASTIVE_BOUNDARY_BENCHMARK			NOT_READY_MISSING_DECLARED_CONTRACT
250	FOUNDRY:P109	LCB-K056	30.0	False	True	UNADJUDICATED	evidence,gate	calibration,uncertainty	calibration,decision,uncertainty	ADAPTER_AND_CONTRASTIVE_BOUNDARY_BENCHMARK			NOT_READY_MISSING_DECLARED_CONTRACT
251	FOUNDRY:P109	LCB-K068	30.0	False	True	UNADJUDICATED	evidence,gate	calibration,uncertainty	calibration,decision,uncertainty	ADAPTER_AND_CONTRASTIVE_BOUNDARY_BENCHMARK			NOT_READY_MISSING_DECLARED_CONTRACT
252	FOUNDRY:P109	LCB-K086	30.0	False	True	UNADJUDICATED	evidence,gate	calibration,uncertainty	calibration,decision,uncertainty	ADAPTER_AND_CONTRASTIVE_BOUNDARY_BENCHMARK			NOT_READY_MISSING_DECLARED_CONTRACT
253	FOUNDRY:P109	LCB-K090	30.0	False	True	UNADJUDICATED	evidence,gate	calibration,uncertainty	calibration,decision,uncertainty	ADAPTER_AND_CONTRASTIVE_BOUNDARY_BENCHMARK			NOT_READY_MISSING_DECLARED_CONTRACT
254	FOUNDRY:P109	LCB-K091	30.0	False	True	UNADJUDICATED	evidence,gate	calibration,uncertainty	calibration,decision,uncertainty	ADAPTER_AND_CONTRASTIVE_BOUNDARY_BENCHMARK			NOT_READY_MISSING_DECLARED_CONTRACT
255	FOUNDRY:P109	PARENT:R014_S781_S792_ACSA	30.0	False	True	UNADJUDICATED	evidence,gate	calibration,uncertainty	audit,calibration,transfer,uncertainty	ADAPTER_AND_CONTRASTIVE_BOUNDARY_BENCHMARK			NOT_READY_MISSING_DECLARED_CONTRACT
256	FOUNDRY:P109	PARENT:R018_M866_M880_MCSC	30.0	False	True	UNADJUDICATED	evidence,gate	calibration,uncertainty	audit,calibration,transfer,uncertainty	ADAPTER_AND_CONTRASTIVE_BOUNDARY_BENCHMARK			NOT_READY_MISSING_DECLARED_CONTRACT
257	FOUNDRY:P109	PARENT:R041_CONSTRAINED_POLICY_CAPL	30.0	False	True	UNADJUDICATED	evidence,gate	calibration,uncertainty	calibration,decision,uncertainty	ADAPTER_AND_CONTRASTIVE_BOUNDARY_BENCHMARK			NOT_READY_MISSING_DECLARED_CONTRACT
258	FOUNDRY:P109	PARENT:R044_DECISION_LOSS_DLEW	30.0	False	True	UNADJUDICATED	evidence,gate	calibration,uncertainty	audit,calibration,decision,transfer,uncertainty	ADAPTER_AND_CONTRASTIVE_BOUNDARY_BENCHMARK			NOT_READY_MISSING_DECLARED_CONTRACT
259	FOUNDRY:P110	PARENT:IM334_IM094_DRE	30.0	False	True	UNADJUDICATED	boundary,gate,representation	calibration	boundary,calibration,decision,transfer	ADAPTER_AND_CONTRASTIVE_BOUNDARY_BENCHMARK			NOT_READY_MISSING_DECLARED_CONTRACT
260	FOUNDRY:P110	PARENT:R018_M866_M880_MCSC	30.0	False	True	UNADJUDICATED	boundary,gate,representation	calibration	boundary,calibration,selection,transfer	ADAPTER_AND_CONTRASTIVE_BOUNDARY_BENCHMARK			NOT_READY_MISSING_DECLARED_CONTRACT
261	FOUNDRY:P110	PARENT:R044_DECISION_LOSS_DLEW	30.0	False	True	UNADJUDICATED	boundary,gate,representation	calibration	calibration,decision,selection,transfer	ADAPTER_AND_CONTRASTIVE_BOUNDARY_BENCHMARK			NOT_READY_MISSING_DECLARED_CONTRACT
262	FOUNDRY:P136	PARENT:IM334_IM094_DRE	30.0	False	True	UNADJUDICATED	evidence	decision,uncertainty	confounding,decision,measurement,uncertainty	ADAPTER_AND_CONTRASTIVE_BOUNDARY_BENCHMARK			NOT_READY_MISSING_DECLARED_CONTRACT
263	FOUNDRY:P136	PARENT:IM359_IM014_AICC	30.0	False	True	UNADJUDICATED	evidence	decision,uncertainty	confounding,decision,measurement,uncertainty	ADAPTER_AND_CONTRASTIVE_BOUNDARY_BENCHMARK			NOT_READY_MISSING_DECLARED_CONTRACT
264	FOUNDRY:P136	PARENT:IM406_IM037_ACRA	30.0	False	True	UNADJUDICATED	evidence	decision,uncertainty	confounding,decision,measurement,uncertainty	ADAPTER_AND_CONTRASTIVE_BOUNDARY_BENCHMARK			BOOTSTRAP_CHANNEL_CALIBRATED_SCIENTIFIC_CONTRACT_STILL_REQUIRED
265	FOUNDRY:P138	PARENT:IM178_IM326_TWMR	30.0	False	True	UNADJUDICATED	evidence	decision,uncertainty	allocation,calibration,decision,support,uncertainty	ADAPTER_AND_CONTRASTIVE_BOUNDARY_BENCHMARK			BOOTSTRAP_CHANNEL_CALIBRATED_SCIENTIFIC_CONTRACT_STILL_REQUIRED
266	FOUNDRY:P138	PARENT:IM334_IM094_DRE	30.0	False	True	UNADJUDICATED	evidence	decision,uncertainty	allocation,calibration,confounding,control,decision,measurement,support,uncertainty	ADAPTER_AND_CONTRASTIVE_BOUNDARY_BENCHMARK			NOT_READY_MISSING_DECLARED_CONTRACT
267	FOUNDRY:P138	PARENT:IM359_IM014_AICC	30.0	False	True	UNADJUDICATED	evidence	decision,uncertainty	allocation,calibration,confounding,control,decision,measurement,support,uncertainty	ADAPTER_AND_CONTRASTIVE_BOUNDARY_BENCHMARK			NOT_READY_MISSING_DECLARED_CONTRACT
268	FOUNDRY:P138	PARENT:IM406_IM037_ACRA	30.0	False	True	UNADJUDICATED	evidence	decision,uncertainty	allocation,calibration,confounding,decision,measurement,support,uncertainty	ADAPTER_AND_CONTRASTIVE_BOUNDARY_BENCHMARK			NOT_READY_MISSING_DECLARED_CONTRACT
269	FOUNDRY:P138	PARENT:R020_P848_P851_SCCRT	30.0	False	True	UNADJUDICATED	evidence	decision,uncertainty	allocation,calibration,decision,support,uncertainty	ADAPTER_AND_CONTRASTIVE_BOUNDARY_BENCHMARK			NOT_READY_MISSING_DECLARED_CONTRACT
270	FOUNDRY:P140	PARENT:IM401_IM030_MFPA	30.0	False	True	UNADJUDICATED	representation	calibration,support	calibration,support,transfer	ADAPTER_AND_CONTRASTIVE_BOUNDARY_BENCHMARK			NOT_READY_MISSING_DECLARED_CONTRACT
271	FOUNDRY:P140	PARENT:IM445_IM085_CSID	30.0	False	True	UNADJUDICATED	representation	calibration,support	audit,calibration,support,transfer	ADAPTER_AND_CONTRASTIVE_BOUNDARY_BENCHMARK			NOT_READY_MISSING_DECLARED_CONTRACT
272	FOUNDRY:P140	PARENT:R045_TARGET_MEMORY_ATRC	30.0	False	True	UNADJUDICATED	representation	calibration,support	audit,calibration,support,transfer	ADAPTER_AND_CONTRASTIVE_BOUNDARY_BENCHMARK			NOT_READY_MISSING_DECLARED_CONTRACT
273	FOUNDRY:P141	LCB-K012	30.0	False	True	UNADJUDICATED	boundary,gate,representation	calibration	calibration,decision	ADAPTER_AND_CONTRASTIVE_BOUNDARY_BENCHMARK			NOT_READY_MISSING_DECLARED_CONTRACT
274	FOUNDRY:P141	LCB-K081	30.0	False	True	UNADJUDICATED	boundary,gate,representation	calibration	calibration,transfer	ADAPTER_AND_CONTRASTIVE_BOUNDARY_BENCHMARK			NOT_READY_MISSING_DECLARED_CONTRACT
275	LCB-R50-149	FOUNDRY:P137	30.0	False	True	UNADJUDICATED	boundary,gate,representation	support	allocation,calibration,control,support,transfer,uncertainty	ADAPTER_AND_CONTRASTIVE_BOUNDARY_BENCHMARK			NOT_READY_MISSING_DECLARED_CONTRACT
276	LCB-R50-149	FOUNDRY:P138	30.0	False	True	UNADJUDICATED	boundary,gate,representation	support	allocation,calibration,control,decision,support,uncertainty	ADAPTER_AND_CONTRASTIVE_BOUNDARY_BENCHMARK			NOT_READY_MISSING_DECLARED_CONTRACT
277	LCB-R50-149	PARENT:IM334_IM094_DRE	30.0	False	True	UNADJUDICATED	boundary,gate,representation	support	allocation,boundary,calibration,control,decision,support,transfer,uncertainty	ADAPTER_AND_CONTRASTIVE_BOUNDARY_BENCHMARK			NOT_READY_MISSING_DECLARED_CONTRACT
278	LCB-R50-149	PARENT:IM340_IM280_CWC	30.0	False	True	UNADJUDICATED	boundary,gate,representation	support	allocation,calibration,control,support,uncertainty	ADAPTER_AND_CONTRASTIVE_BOUNDARY_BENCHMARK			NOT_READY_MISSING_DECLARED_CONTRACT
279	LCB-R50-149	PARENT:IM359_IM014_AICC	30.0	False	True	UNADJUDICATED	boundary,gate,representation	support	allocation,calibration,control,decision,support,uncertainty	ADAPTER_AND_CONTRASTIVE_BOUNDARY_BENCHMARK			NOT_READY_MISSING_DECLARED_CONTRACT
280	LCB-R50-149	PARENT:IM406_IM037_ACRA	30.0	False	True	UNADJUDICATED	boundary,gate,representation	support	allocation,calibration,decision,support,uncertainty	ADAPTER_AND_CONTRASTIVE_BOUNDARY_BENCHMARK			NOT_READY_MISSING_DECLARED_CONTRACT
281	LCB-R50-149	PARENT:R008_E612_E613_LGID	30.0	False	True	UNADJUDICATED	boundary,gate,representation	support	allocation,calibration,control,support,uncertainty	ADAPTER_AND_CONTRASTIVE_BOUNDARY_BENCHMARK			NOT_READY_MISSING_DECLARED_CONTRACT
282	LCB-R50-149	PARENT:R014_S781_S792_ACSA	30.0	False	True	UNADJUDICATED	boundary,gate,representation	support	allocation,calibration,control,support,transfer,uncertainty	ADAPTER_AND_CONTRASTIVE_BOUNDARY_BENCHMARK			NOT_READY_MISSING_DECLARED_CONTRACT
283	LCB-R50-149	PARENT:R018_M866_M880_MCSC	30.0	False	True	UNADJUDICATED	boundary,gate,representation	support	allocation,boundary,calibration,control,support,transfer,uncertainty	ADAPTER_AND_CONTRASTIVE_BOUNDARY_BENCHMARK			NOT_READY_MISSING_DECLARED_CONTRACT
284	LCB-R50-149	PARENT:R041_CONSTRAINED_POLICY_CAPL	30.0	False	True	UNADJUDICATED	boundary,gate,representation	support	allocation,calibration,control,decision,support,uncertainty	ADAPTER_AND_CONTRASTIVE_BOUNDARY_BENCHMARK			NOT_READY_MISSING_DECLARED_CONTRACT
285	LCB-R50-149	PARENT:R044_DECISION_LOSS_DLEW	30.0	False	True	UNADJUDICATED	boundary,gate,representation	support	allocation,calibration,control,decision,support,transfer,uncertainty	ADAPTER_AND_CONTRASTIVE_BOUNDARY_BENCHMARK			NOT_READY_MISSING_DECLARED_CONTRACT
286	PARENT:IM406_IM037_ACRA	FOUNDRY:P057	30.0	False	True	UNADJUDICATED	evidence	decision,uncertainty	allocation,calibration,confounding,decision,measurement,support,uncertainty	ADAPTER_AND_CONTRASTIVE_BOUNDARY_BENCHMARK			NOT_READY_MISSING_DECLARED_CONTRACT
287	PARENT:R001_C313_BPISD	FOUNDRY:P138	30.0	False	True	UNADJUDICATED	evidence,representation	decision	confounding,decision,measurement	ADAPTER_AND_CONTRASTIVE_BOUNDARY_BENCHMARK			NOT_READY_MISSING_DECLARED_CONTRACT
288	PARENT:R001_C313_BPISD	FOUNDRY:P140	30.0	False	True	UNADJUDICATED	evidence,representation	decision	decision,reduction,resilience	ADAPTER_AND_CONTRASTIVE_BOUNDARY_BENCHMARK			NOT_READY_MISSING_DECLARED_CONTRACT
289	PARENT:R001_C313_BPISD	FOUNDRY:P141	30.0	False	True	UNADJUDICATED	evidence,representation	decision	decision,reduction,resilience	ADAPTER_AND_CONTRASTIVE_BOUNDARY_BENCHMARK			NOT_READY_MISSING_DECLARED_CONTRACT
290	PARENT:R001_C313_BPISD	FOUNDRY:P142	30.0	False	True	UNADJUDICATED	evidence,representation	decision	decision,reduction,resilience	ADAPTER_AND_CONTRASTIVE_BOUNDARY_BENCHMARK			NOT_READY_MISSING_DECLARED_CONTRACT
291	PARENT:R001_C313_BPISD	PARENT:IM139_IM250_CCVC	30.0	False	True	UNADJUDICATED	evidence,representation	decision	decision,reduction,resilience	ADAPTER_AND_CONTRASTIVE_BOUNDARY_BENCHMARK			NOT_READY_MISSING_DECLARED_CONTRACT
292	PARENT:R001_C313_BPISD	PARENT:IM334_IM094_DRE	30.0	False	True	UNADJUDICATED	evidence,representation	decision	confounding,decision,measurement	ADAPTER_AND_CONTRASTIVE_BOUNDARY_BENCHMARK			NOT_READY_MISSING_DECLARED_CONTRACT
293	PARENT:R001_C313_BPISD	PARENT:IM359_IM014_AICC	30.0	False	True	UNADJUDICATED	evidence,representation	decision	confounding,decision,measurement	ADAPTER_AND_CONTRASTIVE_BOUNDARY_BENCHMARK			NOT_READY_MISSING_DECLARED_CONTRACT
294	PARENT:R001_C313_BPISD	PARENT:IM406_IM037_ACRA	30.0	False	True	UNADJUDICATED	evidence,representation	decision	confounding,decision,measurement	ADAPTER_AND_CONTRASTIVE_BOUNDARY_BENCHMARK			NOT_READY_MISSING_DECLARED_CONTRACT
295	PARENT:R001_C313_BPISD	PARENT:R023_M421_M428_CORMA	30.0	False	True	UNADJUDICATED	evidence,representation	decision	decision,reduction,resilience	ADAPTER_AND_CONTRASTIVE_BOUNDARY_BENCHMARK			NOT_READY_MISSING_DECLARED_CONTRACT
296	PARENT:R028_S418_S439_TDSX	PARENT:IM334_IM094_DRE	30.0	False	True	UNADJUDICATED	boundary,gate	decision	boundary,calibration,decision,transfer	ADAPTER_AND_CONTRASTIVE_BOUNDARY_BENCHMARK			NOT_READY_MISSING_DECLARED_CONTRACT
297	PARENT:R037_SUPPORT_COVARIANCE_SACPS	FOUNDRY:P067	30.0	False	True	UNADJUDICATED	gate	support,uncertainty	calibration,support,uncertainty	ADAPTER_AND_CONTRASTIVE_BOUNDARY_BENCHMARK			NOT_READY_MISSING_DECLARED_CONTRACT
298	PARENT:R037_SUPPORT_COVARIANCE_SACPS	FOUNDRY:P091	30.0	False	True	UNADJUDICATED		decision,support,uncertainty	calibration,decision,support,transfer,uncertainty	ADAPTER_AND_CONTRASTIVE_BOUNDARY_BENCHMARK			NOT_READY_MISSING_DECLARED_CONTRACT
299	PARENT:R037_SUPPORT_COVARIANCE_SACPS	FOUNDRY:P099	30.0	False	True	UNADJUDICATED	gate	support,uncertainty	calibration,support,uncertainty	ADAPTER_AND_CONTRASTIVE_BOUNDARY_BENCHMARK			NOT_READY_MISSING_DECLARED_CONTRACT
300	PARENT:R037_SUPPORT_COVARIANCE_SACPS	LCB-R50-149	30.0	False	True	UNADJUDICATED	gate	decision,support,uncertainty	calibration,decision,support,transfer,uncertainty	ADAPTER_AND_CONTRASTIVE_BOUNDARY_BENCHMARK			NOT_READY_MISSING_DECLARED_CONTRACT
301	PARENT:R038_DECISION_HEDGE_DHCC	FOUNDRY:P057	30.0	False	True	UNADJUDICATED	gate	decision,uncertainty	calibration,decision,uncertainty	ADAPTER_AND_CONTRASTIVE_BOUNDARY_BENCHMARK			NOT_READY_MISSING_DECLARED_CONTRACT
302	FOUNDRY:P023	LCB-K081	29.0	False	True	UNADJUDICATED	boundary,gate	calibration,support	calibration,causal,support,transfer	ADAPTER_AND_CONTRASTIVE_BOUNDARY_BENCHMARK			NOT_READY_MISSING_DECLARED_CONTRACT
303	FOUNDRY:P057	PARENT:IM178_IM326_TWMR	29.0	False	True	UNADJUDICATED	evidence	decision,uncertainty	allocation,calibration,decision,support,uncertainty	ADAPTER_AND_CONTRASTIVE_BOUNDARY_BENCHMARK			NOT_READY_MISSING_DECLARED_CONTRACT
304	FOUNDRY:P057	PARENT:IM334_IM094_DRE	29.0	False	True	UNADJUDICATED	evidence	decision,uncertainty	allocation,calibration,confounding,control,decision,measurement,support,uncertainty	ADAPTER_AND_CONTRASTIVE_BOUNDARY_BENCHMARK			NOT_READY_MISSING_DECLARED_CONTRACT
305	FOUNDRY:P057	PARENT:IM359_IM014_AICC	29.0	False	True	UNADJUDICATED	evidence	decision,uncertainty	allocation,calibration,confounding,control,decision,measurement,support,uncertainty	ADAPTER_AND_CONTRASTIVE_BOUNDARY_BENCHMARK			NOT_READY_MISSING_DECLARED_CONTRACT
306	FOUNDRY:P057	PARENT:IM406_IM037_ACRA	29.0	False	True	UNADJUDICATED	evidence	decision,uncertainty	allocation,calibration,confounding,decision,measurement,support,uncertainty	ADAPTER_AND_CONTRASTIVE_BOUNDARY_BENCHMARK			NOT_READY_MISSING_DECLARED_CONTRACT
307	FOUNDRY:P057	PARENT:R020_P848_P851_SCCRT	29.0	False	True	UNADJUDICATED	evidence	decision,uncertainty	allocation,calibration,decision,support,uncertainty	ADAPTER_AND_CONTRASTIVE_BOUNDARY_BENCHMARK			NOT_READY_MISSING_DECLARED_CONTRACT
308	FOUNDRY:P059	LCB-K003	29.0	False	True	UNADJUDICATED	boundary,gate	calibration	allocation,calibration,support,uncertainty	ADAPTER_AND_CONTRASTIVE_BOUNDARY_BENCHMARK			NOT_READY_MISSING_DECLARED_CONTRACT
309	FOUNDRY:P059	LCB-K010	29.0	False	True	UNADJUDICATED	boundary,gate	calibration	allocation,calibration,support,uncertainty	ADAPTER_AND_CONTRASTIVE_BOUNDARY_BENCHMARK			NOT_READY_MISSING_DECLARED_CONTRACT
310	FOUNDRY:P059	LCB-K015	29.0	False	True	UNADJUDICATED	boundary,gate	calibration	allocation,calibration,support,uncertainty	ADAPTER_AND_CONTRASTIVE_BOUNDARY_BENCHMARK			NOT_READY_MISSING_DECLARED_CONTRACT
311	FOUNDRY:P059	LCB-K035	29.0	False	True	UNADJUDICATED	boundary,gate	calibration	allocation,calibration,support,uncertainty	ADAPTER_AND_CONTRASTIVE_BOUNDARY_BENCHMARK			NOT_READY_MISSING_DECLARED_CONTRACT
312	FOUNDRY:P059	LCB-K048	29.0	False	True	UNADJUDICATED	boundary,gate	calibration	allocation,calibration,support,uncertainty	ADAPTER_AND_CONTRASTIVE_BOUNDARY_BENCHMARK			NOT_READY_MISSING_DECLARED_CONTRACT
313	FOUNDRY:P059	LCB-K049	29.0	False	True	UNADJUDICATED	boundary,gate	calibration	allocation,calibration,support,uncertainty	ADAPTER_AND_CONTRASTIVE_BOUNDARY_BENCHMARK			NOT_READY_MISSING_DECLARED_CONTRACT
314	FOUNDRY:P059	LCB-K055	29.0	False	True	UNADJUDICATED	boundary,gate	calibration	allocation,calibration,support,uncertainty	ADAPTER_AND_CONTRASTIVE_BOUNDARY_BENCHMARK			NOT_READY_MISSING_DECLARED_CONTRACT
315	FOUNDRY:P059	LCB-K056	29.0	False	True	UNADJUDICATED	boundary,gate	calibration	allocation,calibration,support,uncertainty	ADAPTER_AND_CONTRASTIVE_BOUNDARY_BENCHMARK			NOT_READY_MISSING_DECLARED_CONTRACT
316	FOUNDRY:P059	LCB-K068	29.0	False	True	UNADJUDICATED	boundary,gate	calibration	allocation,calibration,support,uncertainty	ADAPTER_AND_CONTRASTIVE_BOUNDARY_BENCHMARK			NOT_READY_MISSING_DECLARED_CONTRACT
317	FOUNDRY:P059	LCB-K086	29.0	False	True	UNADJUDICATED	boundary,gate	calibration	allocation,calibration,support,uncertainty	ADAPTER_AND_CONTRASTIVE_BOUNDARY_BENCHMARK			NOT_READY_MISSING_DECLARED_CONTRACT
318	FOUNDRY:P059	LCB-K090	29.0	False	True	UNADJUDICATED	boundary,gate	calibration	allocation,calibration,support,uncertainty	ADAPTER_AND_CONTRASTIVE_BOUNDARY_BENCHMARK			NOT_READY_MISSING_DECLARED_CONTRACT
319	FOUNDRY:P059	LCB-K091	29.0	False	True	UNADJUDICATED	boundary,gate	calibration	allocation,calibration,support,uncertainty	ADAPTER_AND_CONTRASTIVE_BOUNDARY_BENCHMARK			NOT_READY_MISSING_DECLARED_CONTRACT
320	FOUNDRY:P059	PARENT:IM334_IM094_DRE	29.0	False	True	UNADJUDICATED	boundary,gate	calibration	allocation,boundary,calibration,support,transfer,uncertainty	ADAPTER_AND_CONTRASTIVE_BOUNDARY_BENCHMARK			NOT_READY_MISSING_DECLARED_CONTRACT
321	FOUNDRY:P059	PARENT:IM340_IM280_CWC	29.0	False	True	UNADJUDICATED	boundary,gate	calibration	allocation,calibration,support,uncertainty	ADAPTER_AND_CONTRASTIVE_BOUNDARY_BENCHMARK			NOT_READY_MISSING_DECLARED_CONTRACT
322	FOUNDRY:P059	PARENT:IM359_IM014_AICC	29.0	False	True	UNADJUDICATED	boundary,gate	calibration	allocation,calibration,support,uncertainty	ADAPTER_AND_CONTRASTIVE_BOUNDARY_BENCHMARK			NOT_READY_MISSING_DECLARED_CONTRACT
323	FOUNDRY:P059	PARENT:IM406_IM037_ACRA	29.0	False	True	UNADJUDICATED	boundary,gate	calibration	allocation,calibration,support,uncertainty	ADAPTER_AND_CONTRASTIVE_BOUNDARY_BENCHMARK			NOT_READY_MISSING_DECLARED_CONTRACT
324	FOUNDRY:P059	PARENT:R008_E612_E613_LGID	29.0	False	True	UNADJUDICATED	boundary,gate	calibration	allocation,calibration,support,uncertainty	ADAPTER_AND_CONTRASTIVE_BOUNDARY_BENCHMARK			NOT_READY_MISSING_DECLARED_CONTRACT
325	FOUNDRY:P059	PARENT:R014_S781_S792_ACSA	29.0	False	True	UNADJUDICATED	boundary,gate	calibration	allocation,audit,calibration,support,transfer,uncertainty	ADAPTER_AND_CONTRASTIVE_BOUNDARY_BENCHMARK			NOT_READY_MISSING_DECLARED_CONTRACT
326	FOUNDRY:P059	PARENT:R018_M866_M880_MCSC	29.0	False	True	UNADJUDICATED	boundary,gate	calibration	allocation,audit,boundary,calibration,support,transfer,uncertainty	ADAPTER_AND_CONTRASTIVE_BOUNDARY_BENCHMARK			NOT_READY_MISSING_DECLARED_CONTRACT
327	FOUNDRY:P059	PARENT:R041_CONSTRAINED_POLICY_CAPL	29.0	False	True	UNADJUDICATED	boundary,gate	calibration	allocation,calibration,support,uncertainty	ADAPTER_AND_CONTRASTIVE_BOUNDARY_BENCHMARK			NOT_READY_MISSING_DECLARED_CONTRACT
328	FOUNDRY:P059	PARENT:R044_DECISION_LOSS_DLEW	29.0	False	True	UNADJUDICATED	boundary,gate	calibration	allocation,audit,calibration,support,transfer,uncertainty	ADAPTER_AND_CONTRASTIVE_BOUNDARY_BENCHMARK			NOT_READY_MISSING_DECLARED_CONTRACT
329	FOUNDRY:P060	PARENT:IM334_IM094_DRE	29.0	False	True	UNADJUDICATED	boundary,gate	calibration	boundary,calibration,transfer	ADAPTER_AND_CONTRASTIVE_BOUNDARY_BENCHMARK			NOT_READY_MISSING_DECLARED_CONTRACT
330	FOUNDRY:P060	PARENT:R014_S781_S792_ACSA	29.0	False	True	UNADJUDICATED	boundary,gate	calibration	audit,calibration,transfer	ADAPTER_AND_CONTRASTIVE_BOUNDARY_BENCHMARK			NOT_READY_MISSING_DECLARED_CONTRACT
331	FOUNDRY:P060	PARENT:R018_M866_M880_MCSC	29.0	False	True	UNADJUDICATED	boundary,gate	calibration	audit,boundary,calibration,transfer	ADAPTER_AND_CONTRASTIVE_BOUNDARY_BENCHMARK			NOT_READY_MISSING_DECLARED_CONTRACT
332	FOUNDRY:P060	PARENT:R044_DECISION_LOSS_DLEW	29.0	False	True	UNADJUDICATED	boundary,gate	calibration	audit,calibration,transfer	ADAPTER_AND_CONTRASTIVE_BOUNDARY_BENCHMARK			NOT_READY_MISSING_DECLARED_CONTRACT
333	FOUNDRY:P062	PARENT:R018_M866_M880_MCSC	29.0	False	True	UNADJUDICATED	boundary,gate	calibration	boundary,calibration,transfer	ADAPTER_AND_CONTRASTIVE_BOUNDARY_BENCHMARK			NOT_READY_MISSING_DECLARED_CONTRACT
334	FOUNDRY:P062	PARENT:R044_DECISION_LOSS_DLEW	29.0	False	True	UNADJUDICATED	boundary,gate	calibration	calibration,decision,transfer	ADAPTER_AND_CONTRASTIVE_BOUNDARY_BENCHMARK			NOT_READY_MISSING_DECLARED_CONTRACT
335	FOUNDRY:P063	PARENT:IM334_IM094_DRE	29.0	False	True	UNADJUDICATED	boundary,gate	calibration	boundary,calibration,transfer	ADAPTER_AND_CONTRASTIVE_BOUNDARY_BENCHMARK			NOT_READY_MISSING_DECLARED_CONTRACT
336	FOUNDRY:P063	PARENT:R018_M866_M880_MCSC	29.0	False	True	UNADJUDICATED	boundary,gate	calibration	boundary,calibration,transfer	ADAPTER_AND_CONTRASTIVE_BOUNDARY_BENCHMARK			NOT_READY_MISSING_DECLARED_CONTRACT
337	FOUNDRY:P079	PARENT:IM139_IM250_CCVC	29.0	False	True	UNADJUDICATED	evidence	calibration,decision	boundary,calibration,decision,transfer	ADAPTER_AND_CONTRASTIVE_BOUNDARY_BENCHMARK			BOOTSTRAP_CHANNEL_CALIBRATED_SCIENTIFIC_CONTRACT_STILL_REQUIRED
338	FOUNDRY:P079	PARENT:IM445_IM085_CSID	29.0	False	True	UNADJUDICATED	evidence	calibration,uncertainty	calibration,transfer,uncertainty	ADAPTER_AND_CONTRASTIVE_BOUNDARY_BENCHMARK			NOT_READY_MISSING_DECLARED_CONTRACT
339	FOUNDRY:P079	PARENT:R023_M421_M428_CORMA	29.0	False	True	UNADJUDICATED	evidence	calibration,decision	calibration,decision,transfer	ADAPTER_AND_CONTRASTIVE_BOUNDARY_BENCHMARK			NOT_READY_MISSING_DECLARED_CONTRACT
340	FOUNDRY:P079	PARENT:R045_TARGET_MEMORY_ATRC	29.0	False	True	UNADJUDICATED	evidence	calibration,uncertainty	calibration,transfer,uncertainty	ADAPTER_AND_CONTRASTIVE_BOUNDARY_BENCHMARK			NOT_READY_MISSING_DECLARED_CONTRACT
341	FOUNDRY:P082	PARENT:IM334_IM094_DRE	29.0	False	True	UNADJUDICATED	boundary,gate	calibration	boundary,calibration,transfer	ADAPTER_AND_CONTRASTIVE_BOUNDARY_BENCHMARK			NOT_READY_MISSING_DECLARED_CONTRACT
342	FOUNDRY:P082	PARENT:R018_M866_M880_MCSC	29.0	False	True	UNADJUDICATED	boundary,gate	calibration	boundary,calibration,transfer	ADAPTER_AND_CONTRASTIVE_BOUNDARY_BENCHMARK			NOT_READY_MISSING_DECLARED_CONTRACT
343	FOUNDRY:P084	PARENT:IM334_IM094_DRE	29.0	False	True	UNADJUDICATED	boundary,gate	calibration	boundary,calibration,control,transfer	ADAPTER_AND_CONTRASTIVE_BOUNDARY_BENCHMARK			NOT_READY_MISSING_DECLARED_CONTRACT
344	FOUNDRY:P084	PARENT:R014_S781_S792_ACSA	29.0	False	True	UNADJUDICATED	boundary,gate	calibration	calibration,control,transfer	ADAPTER_AND_CONTRASTIVE_BOUNDARY_BENCHMARK			NOT_READY_MISSING_DECLARED_CONTRACT
345	FOUNDRY:P084	PARENT:R018_M866_M880_MCSC	29.0	False	True	UNADJUDICATED	boundary,gate	calibration	boundary,calibration,control,transfer	ADAPTER_AND_CONTRASTIVE_BOUNDARY_BENCHMARK			NOT_READY_MISSING_DECLARED_CONTRACT
346	FOUNDRY:P084	PARENT:R044_DECISION_LOSS_DLEW	29.0	False	True	UNADJUDICATED	boundary,gate	calibration	calibration,control,transfer	ADAPTER_AND_CONTRASTIVE_BOUNDARY_BENCHMARK			NOT_READY_MISSING_DECLARED_CONTRACT
347	FOUNDRY:P085	LCB-K003	29.0	False	True	UNADJUDICATED	boundary,gate	calibration	allocation,calibration,support,uncertainty	ADAPTER_AND_CONTRASTIVE_BOUNDARY_BENCHMARK			NOT_READY_MISSING_DECLARED_CONTRACT
348	FOUNDRY:P085	LCB-K010	29.0	False	True	UNADJUDICATED	boundary,gate	calibration	allocation,calibration,support,uncertainty	ADAPTER_AND_CONTRASTIVE_BOUNDARY_BENCHMARK			NOT_READY_MISSING_DECLARED_CONTRACT
349	FOUNDRY:P085	LCB-K015	29.0	False	True	UNADJUDICATED	boundary,gate	calibration	allocation,calibration,support,uncertainty	ADAPTER_AND_CONTRASTIVE_BOUNDARY_BENCHMARK			NOT_READY_MISSING_DECLARED_CONTRACT
350	FOUNDRY:P085	LCB-K035	29.0	False	True	UNADJUDICATED	boundary,gate	calibration	allocation,calibration,support,uncertainty	ADAPTER_AND_CONTRASTIVE_BOUNDARY_BENCHMARK			NOT_READY_MISSING_DECLARED_CONTRACT
351	FOUNDRY:P085	LCB-K048	29.0	False	True	UNADJUDICATED	boundary,gate	calibration	allocation,calibration,support,uncertainty	ADAPTER_AND_CONTRASTIVE_BOUNDARY_BENCHMARK			NOT_READY_MISSING_DECLARED_CONTRACT
352	FOUNDRY:P085	LCB-K049	29.0	False	True	UNADJUDICATED	boundary,gate	calibration	allocation,calibration,support,uncertainty	ADAPTER_AND_CONTRASTIVE_BOUNDARY_BENCHMARK			NOT_READY_MISSING_DECLARED_CONTRACT
353	FOUNDRY:P085	LCB-K055	29.0	False	True	UNADJUDICATED	boundary,gate	calibration	allocation,calibration,support,uncertainty	ADAPTER_AND_CONTRASTIVE_BOUNDARY_BENCHMARK			NOT_READY_MISSING_DECLARED_CONTRACT
354	FOUNDRY:P085	LCB-K056	29.0	False	True	UNADJUDICATED	boundary,gate	calibration	allocation,calibration,support,uncertainty	ADAPTER_AND_CONTRASTIVE_BOUNDARY_BENCHMARK			NOT_READY_MISSING_DECLARED_CONTRACT
355	FOUNDRY:P085	LCB-K068	29.0	False	True	UNADJUDICATED	boundary,gate	calibration	allocation,calibration,support,uncertainty	ADAPTER_AND_CONTRASTIVE_BOUNDARY_BENCHMARK			NOT_READY_MISSING_DECLARED_CONTRACT
356	FOUNDRY:P085	LCB-K086	29.0	False	True	UNADJUDICATED	boundary,gate	calibration	allocation,calibration,support,uncertainty	ADAPTER_AND_CONTRASTIVE_BOUNDARY_BENCHMARK			NOT_READY_MISSING_DECLARED_CONTRACT
357	FOUNDRY:P085	LCB-K090	29.0	False	True	UNADJUDICATED	boundary,gate	calibration	allocation,calibration,support,uncertainty	ADAPTER_AND_CONTRASTIVE_BOUNDARY_BENCHMARK			NOT_READY_MISSING_DECLARED_CONTRACT
358	FOUNDRY:P085	LCB-K091	29.0	False	True	UNADJUDICATED	boundary,gate	calibration	allocation,calibration,support,uncertainty	ADAPTER_AND_CONTRASTIVE_BOUNDARY_BENCHMARK			NOT_READY_MISSING_DECLARED_CONTRACT
359	FOUNDRY:P085	PARENT:IM334_IM094_DRE	29.0	False	True	UNADJUDICATED	boundary,gate	calibration	allocation,boundary,calibration,support,transfer,uncertainty	ADAPTER_AND_CONTRASTIVE_BOUNDARY_BENCHMARK			NOT_READY_MISSING_DECLARED_CONTRACT
360	FOUNDRY:P085	PARENT:IM340_IM280_CWC	29.0	False	True	UNADJUDICATED	boundary,gate	calibration	allocation,calibration,support,uncertainty	ADAPTER_AND_CONTRASTIVE_BOUNDARY_BENCHMARK			NOT_READY_MISSING_DECLARED_CONTRACT
361	FOUNDRY:P085	PARENT:IM359_IM014_AICC	29.0	False	True	UNADJUDICATED	boundary,gate	calibration	allocation,calibration,support,uncertainty	ADAPTER_AND_CONTRASTIVE_BOUNDARY_BENCHMARK			NOT_READY_MISSING_DECLARED_CONTRACT
362	FOUNDRY:P085	PARENT:IM406_IM037_ACRA	29.0	False	True	UNADJUDICATED	boundary,gate	calibration	allocation,calibration,support,uncertainty	ADAPTER_AND_CONTRASTIVE_BOUNDARY_BENCHMARK			NOT_READY_MISSING_DECLARED_CONTRACT
363	FOUNDRY:P085	PARENT:R008_E612_E613_LGID	29.0	False	True	UNADJUDICATED	boundary,gate	calibration	allocation,calibration,support,uncertainty	ADAPTER_AND_CONTRASTIVE_BOUNDARY_BENCHMARK			NOT_READY_MISSING_DECLARED_CONTRACT
364	FOUNDRY:P085	PARENT:R014_S781_S792_ACSA	29.0	False	True	UNADJUDICATED	boundary,gate	calibration	allocation,calibration,support,transfer,uncertainty	ADAPTER_AND_CONTRASTIVE_BOUNDARY_BENCHMARK			NOT_READY_MISSING_DECLARED_CONTRACT
365	FOUNDRY:P085	PARENT:R018_M866_M880_MCSC	29.0	False	True	UNADJUDICATED	boundary,gate	calibration	allocation,boundary,calibration,support,transfer,uncertainty	ADAPTER_AND_CONTRASTIVE_BOUNDARY_BENCHMARK			NOT_READY_MISSING_DECLARED_CONTRACT
366	FOUNDRY:P085	PARENT:R041_CONSTRAINED_POLICY_CAPL	29.0	False	True	UNADJUDICATED	boundary,gate	calibration	allocation,calibration,support,uncertainty	ADAPTER_AND_CONTRASTIVE_BOUNDARY_BENCHMARK			NOT_READY_MISSING_DECLARED_CONTRACT
367	FOUNDRY:P085	PARENT:R044_DECISION_LOSS_DLEW	29.0	False	True	UNADJUDICATED	boundary,gate	calibration	allocation,calibration,support,transfer,uncertainty	ADAPTER_AND_CONTRASTIVE_BOUNDARY_BENCHMARK			NOT_READY_MISSING_DECLARED_CONTRACT
368	FOUNDRY:P087	PARENT:IM334_IM094_DRE	29.0	False	True	UNADJUDICATED	boundary,gate	calibration	boundary,calibration,transfer	ADAPTER_AND_CONTRASTIVE_BOUNDARY_BENCHMARK			NOT_READY_MISSING_DECLARED_CONTRACT
369	FOUNDRY:P087	PARENT:R018_M866_M880_MCSC	29.0	False	True	UNADJUDICATED	boundary,gate	calibration	boundary,calibration,transfer	ADAPTER_AND_CONTRASTIVE_BOUNDARY_BENCHMARK			NOT_READY_MISSING_DECLARED_CONTRACT
370	FOUNDRY:P088	PARENT:IM334_IM094_DRE	29.0	False	True	UNADJUDICATED	boundary,gate	calibration	boundary,calibration,transfer	ADAPTER_AND_CONTRASTIVE_BOUNDARY_BENCHMARK			NOT_READY_MISSING_DECLARED_CONTRACT
371	FOUNDRY:P088	PARENT:R018_M866_M880_MCSC	29.0	False	True	UNADJUDICATED	boundary,gate	calibration	boundary,calibration,transfer	ADAPTER_AND_CONTRASTIVE_BOUNDARY_BENCHMARK			NOT_READY_MISSING_DECLARED_CONTRACT
372	FOUNDRY:P089	PARENT:IM334_IM094_DRE	29.0	False	True	UNADJUDICATED	boundary,gate	calibration	boundary,calibration,control,transfer	ADAPTER_AND_CONTRASTIVE_BOUNDARY_BENCHMARK			NOT_READY_MISSING_DECLARED_CONTRACT
373	FOUNDRY:P089	PARENT:R014_S781_S792_ACSA	29.0	False	True	UNADJUDICATED	boundary,gate	calibration	calibration,control,transfer	ADAPTER_AND_CONTRASTIVE_BOUNDARY_BENCHMARK			NOT_READY_MISSING_DECLARED_CONTRACT
374	FOUNDRY:P089	PARENT:R018_M866_M880_MCSC	29.0	False	True	UNADJUDICATED	boundary,gate	calibration	boundary,calibration,control,transfer	ADAPTER_AND_CONTRASTIVE_BOUNDARY_BENCHMARK			NOT_READY_MISSING_DECLARED_CONTRACT
375	FOUNDRY:P089	PARENT:R044_DECISION_LOSS_DLEW	29.0	False	True	UNADJUDICATED	boundary,gate	calibration	calibration,control,transfer	ADAPTER_AND_CONTRASTIVE_BOUNDARY_BENCHMARK			NOT_READY_MISSING_DECLARED_CONTRACT
376	FOUNDRY:P092	PARENT:R018_M866_M880_MCSC	29.0	False	True	UNADJUDICATED	boundary,gate	calibration	boundary,calibration,transfer	ADAPTER_AND_CONTRASTIVE_BOUNDARY_BENCHMARK			NOT_READY_MISSING_DECLARED_CONTRACT
377	FOUNDRY:P092	PARENT:R044_DECISION_LOSS_DLEW	29.0	False	True	UNADJUDICATED	boundary,gate	calibration	calibration,decision,transfer	ADAPTER_AND_CONTRASTIVE_BOUNDARY_BENCHMARK			NOT_READY_MISSING_DECLARED_CONTRACT
378	FOUNDRY:P093	PARENT:R018_M866_M880_MCSC	29.0	False	True	UNADJUDICATED	boundary,gate	calibration	boundary,calibration,transfer	ADAPTER_AND_CONTRASTIVE_BOUNDARY_BENCHMARK			NOT_READY_MISSING_DECLARED_CONTRACT
379	FOUNDRY:P093	PARENT:R044_DECISION_LOSS_DLEW	29.0	False	True	UNADJUDICATED	boundary,gate	calibration	calibration,decision,transfer	ADAPTER_AND_CONTRASTIVE_BOUNDARY_BENCHMARK			NOT_READY_MISSING_DECLARED_CONTRACT
380	FOUNDRY:P096	PARENT:IM334_IM094_DRE	29.0	False	True	UNADJUDICATED	evidence	decision,uncertainty	confounding,decision,measurement,uncertainty	ADAPTER_AND_CONTRASTIVE_BOUNDARY_BENCHMARK			NOT_READY_MISSING_DECLARED_CONTRACT
381	FOUNDRY:P096	PARENT:IM359_IM014_AICC	29.0	False	True	UNADJUDICATED	evidence	decision,uncertainty	confounding,decision,measurement,uncertainty	ADAPTER_AND_CONTRASTIVE_BOUNDARY_BENCHMARK			NOT_READY_MISSING_DECLARED_CONTRACT
382	FOUNDRY:P096	PARENT:IM406_IM037_ACRA	29.0	False	True	UNADJUDICATED	evidence	decision,uncertainty	confounding,decision,measurement,uncertainty	ADAPTER_AND_CONTRASTIVE_BOUNDARY_BENCHMARK			NOT_READY_MISSING_DECLARED_CONTRACT
383	FOUNDRY:P109	LCB-R50-149	29.0	False	True	UNADJUDICATED	evidence,gate	calibration,decision,uncertainty	calibration,decision,transfer,uncertainty	ADAPTER_AND_CONTRASTIVE_BOUNDARY_BENCHMARK			NOT_READY_MISSING_DECLARED_CONTRACT
384	FOUNDRY:P109	PARENT:IM340_IM280_CWC	29.0	False	True	UNADJUDICATED	evidence,gate	calibration,uncertainty	calibration,uncertainty	ADAPTER_AND_CONTRASTIVE_BOUNDARY_BENCHMARK			NOT_READY_MISSING_DECLARED_CONTRACT
385	FOUNDRY:P109	PARENT:R008_E612_E613_LGID	29.0	False	True	UNADJUDICATED	evidence,gate	calibration,uncertainty	calibration,uncertainty	ADAPTER_AND_CONTRASTIVE_BOUNDARY_BENCHMARK			NOT_READY_MISSING_DECLARED_CONTRACT
386	FOUNDRY:P110	LCB-K003	29.0	False	True	UNADJUDICATED	boundary,gate,representation	calibration	calibration,decision	ADAPTER_AND_CONTRASTIVE_BOUNDARY_BENCHMARK			NOT_READY_MISSING_DECLARED_CONTRACT
387	FOUNDRY:P110	LCB-K010	29.0	False	True	UNADJUDICATED	boundary,gate,representation	calibration	calibration,decision	ADAPTER_AND_CONTRASTIVE_BOUNDARY_BENCHMARK			NOT_READY_MISSING_DECLARED_CONTRACT
388	FOUNDRY:P110	LCB-K015	29.0	False	True	UNADJUDICATED	boundary,gate,representation	calibration	calibration,decision	ADAPTER_AND_CONTRASTIVE_BOUNDARY_BENCHMARK			NOT_READY_MISSING_DECLARED_CONTRACT
389	FOUNDRY:P110	LCB-K035	29.0	False	True	UNADJUDICATED	boundary,gate,representation	calibration	calibration,decision	ADAPTER_AND_CONTRASTIVE_BOUNDARY_BENCHMARK			NOT_READY_MISSING_DECLARED_CONTRACT
390	FOUNDRY:P110	LCB-K048	29.0	False	True	UNADJUDICATED	boundary,gate,representation	calibration	calibration,decision	ADAPTER_AND_CONTRASTIVE_BOUNDARY_BENCHMARK			NOT_READY_MISSING_DECLARED_CONTRACT
391	FOUNDRY:P110	LCB-K049	29.0	False	True	UNADJUDICATED	boundary,gate,representation	calibration	calibration,decision	ADAPTER_AND_CONTRASTIVE_BOUNDARY_BENCHMARK			NOT_READY_MISSING_DECLARED_CONTRACT
392	FOUNDRY:P110	LCB-K055	29.0	False	True	UNADJUDICATED	boundary,gate,representation	calibration	calibration,decision	ADAPTER_AND_CONTRASTIVE_BOUNDARY_BENCHMARK			NOT_READY_MISSING_DECLARED_CONTRACT
393	FOUNDRY:P110	LCB-K056	29.0	False	True	UNADJUDICATED	boundary,gate,representation	calibration	calibration,decision	ADAPTER_AND_CONTRASTIVE_BOUNDARY_BENCHMARK			NOT_READY_MISSING_DECLARED_CONTRACT
394	FOUNDRY:P110	LCB-K068	29.0	False	True	UNADJUDICATED	boundary,gate,representation	calibration	calibration,decision	ADAPTER_AND_CONTRASTIVE_BOUNDARY_BENCHMARK			NOT_READY_MISSING_DECLARED_CONTRACT
395	FOUNDRY:P110	LCB-K086	29.0	False	True	UNADJUDICATED	boundary,gate,representation	calibration	calibration,decision	ADAPTER_AND_CONTRASTIVE_BOUNDARY_BENCHMARK			NOT_READY_MISSING_DECLARED_CONTRACT
396	FOUNDRY:P110	LCB-K090	29.0	False	True	UNADJUDICATED	boundary,gate,representation	calibration	calibration,decision	ADAPTER_AND_CONTRASTIVE_BOUNDARY_BENCHMARK			NOT_READY_MISSING_DECLARED_CONTRACT
397	FOUNDRY:P110	LCB-K091	29.0	False	True	UNADJUDICATED	boundary,gate,representation	calibration	calibration,decision	ADAPTER_AND_CONTRASTIVE_BOUNDARY_BENCHMARK			NOT_READY_MISSING_DECLARED_CONTRACT
398	FOUNDRY:P110	PARENT:IM359_IM014_AICC	29.0	False	True	UNADJUDICATED	boundary,gate,representation	calibration	calibration,decision	ADAPTER_AND_CONTRASTIVE_BOUNDARY_BENCHMARK			NOT_READY_MISSING_DECLARED_CONTRACT
399	FOUNDRY:P110	PARENT:IM406_IM037_ACRA	29.0	False	True	UNADJUDICATED	boundary,gate,representation	calibration	calibration,decision	ADAPTER_AND_CONTRASTIVE_BOUNDARY_BENCHMARK			NOT_READY_MISSING_DECLARED_CONTRACT
400	FOUNDRY:P110	PARENT:R008_E612_E613_LGID	29.0	False	True	UNADJUDICATED	boundary,gate,representation	calibration	calibration,finance	ADAPTER_AND_CONTRASTIVE_BOUNDARY_BENCHMARK			NOT_READY_MISSING_DECLARED_CONTRACT
401	FOUNDRY:P110	PARENT:R014_S781_S792_ACSA	29.0	False	True	UNADJUDICATED	boundary,gate,representation	calibration	calibration,transfer	ADAPTER_AND_CONTRASTIVE_BOUNDARY_BENCHMARK			NOT_READY_MISSING_DECLARED_CONTRACT
402	FOUNDRY:P110	PARENT:R041_CONSTRAINED_POLICY_CAPL	29.0	False	True	UNADJUDICATED	boundary,gate,representation	calibration	calibration,decision	ADAPTER_AND_CONTRASTIVE_BOUNDARY_BENCHMARK			NOT_READY_MISSING_DECLARED_CONTRACT
403	FOUNDRY:P136	PARENT:IM178_IM326_TWMR	29.0	False	True	UNADJUDICATED	evidence	decision,uncertainty	decision,uncertainty	ADAPTER_AND_CONTRASTIVE_BOUNDARY_BENCHMARK			NOT_READY_MISSING_DECLARED_CONTRACT
404	FOUNDRY:P136	PARENT:R020_P848_P851_SCCRT	29.0	False	True	UNADJUDICATED	evidence	decision,uncertainty	decision,uncertainty	ADAPTER_AND_CONTRASTIVE_BOUNDARY_BENCHMARK			NOT_READY_MISSING_DECLARED_CONTRACT
405	FOUNDRY:P142	PARENT:IM334_IM094_DRE	29.0	False	True	UNADJUDICATED	gate,representation	calibration	calibration,decision,transfer	ADAPTER_AND_CONTRASTIVE_BOUNDARY_BENCHMARK			NOT_READY_MISSING_DECLARED_CONTRACT
406	FOUNDRY:P142	PARENT:R014_S781_S792_ACSA	29.0	False	True	UNADJUDICATED	gate,representation	calibration	audit,calibration,transfer	ADAPTER_AND_CONTRASTIVE_BOUNDARY_BENCHMARK			NOT_READY_MISSING_DECLARED_CONTRACT
407	FOUNDRY:P142	PARENT:R018_M866_M880_MCSC	29.0	False	True	UNADJUDICATED	gate,representation	calibration	audit,calibration,selection,transfer	ADAPTER_AND_CONTRASTIVE_BOUNDARY_BENCHMARK			NOT_READY_MISSING_DECLARED_CONTRACT
408	FOUNDRY:P142	PARENT:R044_DECISION_LOSS_DLEW	29.0	False	True	UNADJUDICATED	gate,representation	calibration	audit,calibration,decision,selection,transfer	ADAPTER_AND_CONTRASTIVE_BOUNDARY_BENCHMARK			NOT_READY_MISSING_DECLARED_CONTRACT
409	LCB-K074	FOUNDRY:P137	29.0	False	True	UNADJUDICATED	boundary,evidence,gate		audit,calibration,transfer	ADAPTER_AND_CONTRASTIVE_BOUNDARY_BENCHMARK			NOT_READY_MISSING_DECLARED_CONTRACT
410	LCB-K074	FOUNDRY:P138	29.0	False	True	UNADJUDICATED	boundary,evidence,gate		calibration,confounding,decision,measurement	ADAPTER_AND_CONTRASTIVE_BOUNDARY_BENCHMARK			NOT_READY_MISSING_DECLARED_CONTRACT
411	LCB-K074	PARENT:IM334_IM094_DRE	29.0	False	True	UNADJUDICATED	boundary,evidence,gate		boundary,calibration,confounding,decision,measurement,transfer	ADAPTER_AND_CONTRASTIVE_BOUNDARY_BENCHMARK			NOT_READY_MISSING_DECLARED_CONTRACT
412	LCB-K074	PARENT:IM359_IM014_AICC	29.0	False	True	UNADJUDICATED	boundary,evidence,gate		calibration,confounding,decision,measurement	ADAPTER_AND_CONTRASTIVE_BOUNDARY_BENCHMARK			BOOTSTRAP_CHANNEL_CALIBRATED_SCIENTIFIC_CONTRACT_STILL_REQUIRED
413	LCB-K074	PARENT:IM406_IM037_ACRA	29.0	False	True	UNADJUDICATED	boundary,evidence,gate		calibration,confounding,decision,measurement	ADAPTER_AND_CONTRASTIVE_BOUNDARY_BENCHMARK			NOT_READY_MISSING_DECLARED_CONTRACT
414	LCB-K074	PARENT:R014_S781_S792_ACSA	29.0	False	True	UNADJUDICATED	boundary,evidence,gate		audit,calibration,transfer	ADAPTER_AND_CONTRASTIVE_BOUNDARY_BENCHMARK			NOT_READY_MISSING_DECLARED_CONTRACT
415	LCB-K074	PARENT:R018_M866_M880_MCSC	29.0	False	True	UNADJUDICATED	boundary,evidence,gate		audit,boundary,calibration,transfer	ADAPTER_AND_CONTRASTIVE_BOUNDARY_BENCHMARK			NOT_READY_MISSING_DECLARED_CONTRACT
416	LCB-K074	PARENT:R044_DECISION_LOSS_DLEW	29.0	False	True	UNADJUDICATED	boundary,evidence,gate		audit,calibration,decision,transfer	ADAPTER_AND_CONTRASTIVE_BOUNDARY_BENCHMARK			NOT_READY_MISSING_DECLARED_CONTRACT
417	LCB-R50-149	FOUNDRY:P057	29.0	False	True	UNADJUDICATED	boundary,gate,representation	support	allocation,calibration,control,decision,support,uncertainty	ADAPTER_AND_CONTRASTIVE_BOUNDARY_BENCHMARK			NOT_READY_MISSING_DECLARED_CONTRACT
418	LCB-R50-149	FOUNDRY:P067	29.0	False	True	UNADJUDICATED	boundary,gate,representation	support	allocation,calibration,support,uncertainty	ADAPTER_AND_CONTRASTIVE_BOUNDARY_BENCHMARK			NOT_READY_MISSING_DECLARED_CONTRACT
419	LCB-R50-149	FOUNDRY:P099	29.0	False	True	UNADJUDICATED	boundary,gate,representation	support	allocation,calibration,support,uncertainty	ADAPTER_AND_CONTRASTIVE_BOUNDARY_BENCHMARK			NOT_READY_MISSING_DECLARED_CONTRACT
420	PARENT:IM139_IM250_CCVC	FOUNDRY:P137	29.0	False	True	UNADJUDICATED	boundary,gate,representation		audit,calibration,control,transfer	ADAPTER_AND_CONTRASTIVE_BOUNDARY_BENCHMARK			NOT_READY_MISSING_DECLARED_CONTRACT
421	PARENT:IM139_IM250_CCVC	FOUNDRY:P138	29.0	False	True	UNADJUDICATED	boundary,gate,representation		calibration,control,decision	ADAPTER_AND_CONTRASTIVE_BOUNDARY_BENCHMARK			NOT_READY_MISSING_DECLARED_CONTRACT
422	PARENT:IM139_IM250_CCVC	LCB-K010	29.0	False	True	UNADJUDICATED	boundary,gate,representation		calibration,control,decision	ADAPTER_AND_CONTRASTIVE_BOUNDARY_BENCHMARK			NOT_READY_MISSING_DECLARED_CONTRACT
423	PARENT:IM139_IM250_CCVC	LCB-K048	29.0	False	True	UNADJUDICATED	boundary,gate,representation		calibration,control,decision	ADAPTER_AND_CONTRASTIVE_BOUNDARY_BENCHMARK			BOOTSTRAP_CHANNEL_CALIBRATED_SCIENTIFIC_CONTRACT_STILL_REQUIRED
424	PARENT:IM139_IM250_CCVC	LCB-K056	29.0	False	True	UNADJUDICATED	boundary,gate,representation		calibration,control,decision	ADAPTER_AND_CONTRASTIVE_BOUNDARY_BENCHMARK			NOT_READY_MISSING_DECLARED_CONTRACT
425	PARENT:IM139_IM250_CCVC	LCB-K086	29.0	False	True	UNADJUDICATED	boundary,gate,representation		calibration,control,decision	ADAPTER_AND_CONTRASTIVE_BOUNDARY_BENCHMARK			NOT_READY_MISSING_DECLARED_CONTRACT
426	PARENT:IM139_IM250_CCVC	PARENT:IM334_IM094_DRE	29.0	False	True	UNADJUDICATED	boundary,gate,representation		boundary,calibration,control,decision,transfer	ADAPTER_AND_CONTRASTIVE_BOUNDARY_BENCHMARK			NOT_READY_MISSING_DECLARED_CONTRACT
427	PARENT:IM139_IM250_CCVC	PARENT:IM359_IM014_AICC	29.0	False	True	UNADJUDICATED	boundary,gate,representation		calibration,control,decision	ADAPTER_AND_CONTRASTIVE_BOUNDARY_BENCHMARK			NOT_READY_MISSING_DECLARED_CONTRACT
428	PARENT:IM139_IM250_CCVC	PARENT:R014_S781_S792_ACSA	29.0	False	True	UNADJUDICATED	boundary,gate,representation		audit,calibration,control,transfer	ADAPTER_AND_CONTRASTIVE_BOUNDARY_BENCHMARK			NOT_READY_MISSING_DECLARED_CONTRACT
429	PARENT:IM139_IM250_CCVC	PARENT:R018_M866_M880_MCSC	29.0	False	True	UNADJUDICATED	boundary,gate,representation		audit,boundary,calibration,control,transfer	ADAPTER_AND_CONTRASTIVE_BOUNDARY_BENCHMARK			NOT_READY_MISSING_DECLARED_CONTRACT
430	PARENT:IM139_IM250_CCVC	PARENT:R041_CONSTRAINED_POLICY_CAPL	29.0	False	True	UNADJUDICATED	boundary,gate,representation		calibration,control,decision	ADAPTER_AND_CONTRASTIVE_BOUNDARY_BENCHMARK			NOT_READY_MISSING_DECLARED_CONTRACT
431	PARENT:IM139_IM250_CCVC	PARENT:R044_DECISION_LOSS_DLEW	29.0	False	True	UNADJUDICATED	boundary,gate,representation		audit,calibration,control,decision,transfer	ADAPTER_AND_CONTRASTIVE_BOUNDARY_BENCHMARK			NOT_READY_MISSING_DECLARED_CONTRACT
432	PARENT:IM334_IM094_DRE	FOUNDRY:P010	29.0	False	True	UNADJUDICATED	boundary,evidence,gate	uncertainty	allocation,calibration,control,support,uncertainty	ADAPTER_AND_CONTRASTIVE_BOUNDARY_BENCHMARK			NOT_READY_MISSING_DECLARED_CONTRACT
433	PARENT:IM334_IM094_DRE	FOUNDRY:P091	29.0	False	True	UNADJUDICATED	evidence	decision,uncertainty	allocation,boundary,calibration,decision,support,transfer,uncertainty	ADAPTER_AND_CONTRASTIVE_BOUNDARY_BENCHMARK			NOT_READY_MISSING_DECLARED_CONTRACT
434	PARENT:IM406_IM037_ACRA	FOUNDRY:P035	29.0	False	True	UNADJUDICATED	evidence	decision,uncertainty	allocation,calibration,decision,support,uncertainty	ADAPTER_AND_CONTRASTIVE_BOUNDARY_BENCHMARK			NOT_READY_MISSING_DECLARED_CONTRACT
435	PARENT:IM406_IM037_ACRA	FOUNDRY:P091	29.0	False	True	UNADJUDICATED	evidence	decision,uncertainty	allocation,calibration,decision,support,uncertainty	ADAPTER_AND_CONTRASTIVE_BOUNDARY_BENCHMARK			NOT_READY_MISSING_DECLARED_CONTRACT
436	PARENT:IM406_IM037_ACRA	LCB-K012	29.0	False	True	UNADJUDICATED	evidence	decision,uncertainty	allocation,calibration,confounding,decision,measurement,support,uncertainty	ADAPTER_AND_CONTRASTIVE_BOUNDARY_BENCHMARK			NOT_READY_MISSING_DECLARED_CONTRACT
437	PARENT:R001_C313_BPISD	FOUNDRY:P057	29.0	False	True	UNADJUDICATED	evidence,representation	decision	confounding,decision,measurement	ADAPTER_AND_CONTRASTIVE_BOUNDARY_BENCHMARK			NOT_READY_MISSING_DECLARED_CONTRACT
438	PARENT:R028_S418_S439_TDSX	FOUNDRY:P138	29.0	False	True	UNADJUDICATED	boundary,gate	decision	calibration,decision	ADAPTER_AND_CONTRASTIVE_BOUNDARY_BENCHMARK			NOT_READY_MISSING_DECLARED_CONTRACT
439	PARENT:R028_S418_S439_TDSX	PARENT:IM359_IM014_AICC	29.0	False	True	UNADJUDICATED	boundary,gate	decision	calibration,decision	ADAPTER_AND_CONTRASTIVE_BOUNDARY_BENCHMARK			NOT_READY_MISSING_DECLARED_CONTRACT
440	PARENT:R028_S418_S439_TDSX	PARENT:IM406_IM037_ACRA	29.0	False	True	UNADJUDICATED	boundary,gate	decision	calibration,decision	ADAPTER_AND_CONTRASTIVE_BOUNDARY_BENCHMARK			NOT_READY_MISSING_DECLARED_CONTRACT
441	PARENT:R037_SUPPORT_COVARIANCE_SACPS	FOUNDRY:P033	29.0	False	True	UNADJUDICATED	gate	support,uncertainty	calibration,support,uncertainty	ADAPTER_AND_CONTRASTIVE_BOUNDARY_BENCHMARK			BOOTSTRAP_CHANNEL_CALIBRATED_SCIENTIFIC_CONTRACT_STILL_REQUIRED
442	PARENT:R037_SUPPORT_COVARIANCE_SACPS	FOUNDRY:P078	29.0	False	True	UNADJUDICATED	gate	support,uncertainty	audit,calibration,support,transfer,uncertainty	ADAPTER_AND_CONTRASTIVE_BOUNDARY_BENCHMARK			NOT_READY_MISSING_DECLARED_CONTRACT
443	PARENT:R037_SUPPORT_COVARIANCE_SACPS	LCB-K081	29.0	False	True	UNADJUDICATED	gate	support,uncertainty	audit,calibration,support,transfer,uncertainty	ADAPTER_AND_CONTRASTIVE_BOUNDARY_BENCHMARK			BOOTSTRAP_CHANNEL_CALIBRATED_SCIENTIFIC_CONTRACT_STILL_REQUIRED
444	PARENT:R038_DECISION_HEDGE_DHCC	FOUNDRY:P035	29.0	False	True	UNADJUDICATED	gate	decision,uncertainty	calibration,decision,uncertainty	ADAPTER_AND_CONTRASTIVE_BOUNDARY_BENCHMARK			NOT_READY_MISSING_DECLARED_CONTRACT
445	PARENT:R038_DECISION_HEDGE_DHCC	LCB-K012	29.0	False	True	UNADJUDICATED	gate	decision,uncertainty	calibration,decision,uncertainty	ADAPTER_AND_CONTRASTIVE_BOUNDARY_BENCHMARK			NOT_READY_MISSING_DECLARED_CONTRACT
446	FOUNDRY:P021	LCB-K012	28.0	False	True	UNADJUDICATED	evidence,representation	decision,uncertainty	confounding,decision,measurement,uncertainty	ADAPTER_AND_CONTRASTIVE_BOUNDARY_BENCHMARK			NOT_READY_MISSING_DECLARED_CONTRACT
447	FOUNDRY:P023	LCB-K012	28.0	False	True	UNADJUDICATED	boundary,gate	calibration,support	calibration,support	ADAPTER_AND_CONTRASTIVE_BOUNDARY_BENCHMARK			NOT_READY_MISSING_DECLARED_CONTRACT
448	FOUNDRY:P060	LCB-R50-149	28.0	False	True	UNADJUDICATED	boundary,gate	calibration,resilience	boundary,calibration,resilience,transfer	ADAPTER_AND_CONTRASTIVE_BOUNDARY_BENCHMARK			NOT_READY_MISSING_DECLARED_CONTRACT
449	FOUNDRY:P062	LCB-K003	28.0	False	True	UNADJUDICATED	boundary,gate	calibration	calibration,decision	ADAPTER_AND_CONTRASTIVE_BOUNDARY_BENCHMARK			NOT_READY_MISSING_DECLARED_CONTRACT
450	FOUNDRY:P062	LCB-K010	28.0	False	True	UNADJUDICATED	boundary,gate	calibration	calibration,decision	ADAPTER_AND_CONTRASTIVE_BOUNDARY_BENCHMARK			NOT_READY_MISSING_DECLARED_CONTRACT
451	FOUNDRY:P062	LCB-K015	28.0	False	True	UNADJUDICATED	boundary,gate	calibration	calibration,decision	ADAPTER_AND_CONTRASTIVE_BOUNDARY_BENCHMARK			NOT_READY_MISSING_DECLARED_CONTRACT
452	FOUNDRY:P062	LCB-K035	28.0	False	True	UNADJUDICATED	boundary,gate	calibration	calibration,decision	ADAPTER_AND_CONTRASTIVE_BOUNDARY_BENCHMARK			NOT_READY_MISSING_DECLARED_CONTRACT
453	FOUNDRY:P062	LCB-K048	28.0	False	True	UNADJUDICATED	boundary,gate	calibration	calibration,decision	ADAPTER_AND_CONTRASTIVE_BOUNDARY_BENCHMARK			NOT_READY_MISSING_DECLARED_CONTRACT
454	FOUNDRY:P062	LCB-K049	28.0	False	True	UNADJUDICATED	boundary,gate	calibration	calibration,decision	ADAPTER_AND_CONTRASTIVE_BOUNDARY_BENCHMARK			NOT_READY_MISSING_DECLARED_CONTRACT
455	FOUNDRY:P062	LCB-K055	28.0	False	True	UNADJUDICATED	boundary,gate	calibration	calibration,decision	ADAPTER_AND_CONTRASTIVE_BOUNDARY_BENCHMARK			NOT_READY_MISSING_DECLARED_CONTRACT
456	FOUNDRY:P062	LCB-K056	28.0	False	True	UNADJUDICATED	boundary,gate	calibration	calibration,decision	ADAPTER_AND_CONTRASTIVE_BOUNDARY_BENCHMARK			NOT_READY_MISSING_DECLARED_CONTRACT
457	FOUNDRY:P062	LCB-K068	28.0	False	True	UNADJUDICATED	boundary,gate	calibration	calibration,decision	ADAPTER_AND_CONTRASTIVE_BOUNDARY_BENCHMARK			NOT_READY_MISSING_DECLARED_CONTRACT
458	FOUNDRY:P062	LCB-K086	28.0	False	True	UNADJUDICATED	boundary,gate	calibration	calibration,decision	ADAPTER_AND_CONTRASTIVE_BOUNDARY_BENCHMARK			NOT_READY_MISSING_DECLARED_CONTRACT
459	FOUNDRY:P062	LCB-K090	28.0	False	True	UNADJUDICATED	boundary,gate	calibration	calibration,decision	ADAPTER_AND_CONTRASTIVE_BOUNDARY_BENCHMARK			NOT_READY_MISSING_DECLARED_CONTRACT
460	FOUNDRY:P062	LCB-K091	28.0	False	True	UNADJUDICATED	boundary,gate	calibration	calibration,decision	ADAPTER_AND_CONTRASTIVE_BOUNDARY_BENCHMARK			NOT_READY_MISSING_DECLARED_CONTRACT
461	FOUNDRY:P062	LCB-R50-149	28.0	False	True	UNADJUDICATED	boundary,gate	calibration,decision	boundary,calibration,decision,transfer	ADAPTER_AND_CONTRASTIVE_BOUNDARY_BENCHMARK			NOT_READY_MISSING_DECLARED_CONTRACT
462	FOUNDRY:P062	PARENT:R014_S781_S792_ACSA	28.0	False	True	UNADJUDICATED	boundary,gate	calibration	calibration,transfer	ADAPTER_AND_CONTRASTIVE_BOUNDARY_BENCHMARK			NOT_READY_MISSING_DECLARED_CONTRACT
463	FOUNDRY:P062	PARENT:R041_CONSTRAINED_POLICY_CAPL	28.0	False	True	UNADJUDICATED	boundary,gate	calibration	calibration,decision	ADAPTER_AND_CONTRASTIVE_BOUNDARY_BENCHMARK			NOT_READY_MISSING_DECLARED_CONTRACT
464	FOUNDRY:P063	PARENT:R014_S781_S792_ACSA	28.0	False	True	UNADJUDICATED	boundary,gate	calibration	calibration,transfer	ADAPTER_AND_CONTRASTIVE_BOUNDARY_BENCHMARK			NOT_READY_MISSING_DECLARED_CONTRACT
465	FOUNDRY:P063	PARENT:R044_DECISION_LOSS_DLEW	28.0	False	True	UNADJUDICATED	boundary,gate	calibration	calibration,transfer	ADAPTER_AND_CONTRASTIVE_BOUNDARY_BENCHMARK			NOT_READY_MISSING_DECLARED_CONTRACT
466	FOUNDRY:P065	LCB-R50-149	28.0	False	True	UNADJUDICATED	boundary,gate	calibration,support	boundary,calibration,support,transfer	ADAPTER_AND_CONTRASTIVE_BOUNDARY_BENCHMARK			NOT_READY_MISSING_DECLARED_CONTRACT
467	FOUNDRY:P071	LCB-K012	28.0	False	True	UNADJUDICATED	boundary,gate	calibration,decision	calibration,decision	ADAPTER_AND_CONTRASTIVE_BOUNDARY_BENCHMARK			NOT_READY_MISSING_DECLARED_CONTRACT
468	FOUNDRY:P082	PARENT:R014_S781_S792_ACSA	28.0	False	True	UNADJUDICATED	boundary,gate	calibration	calibration,transfer	ADAPTER_AND_CONTRASTIVE_BOUNDARY_BENCHMARK			NOT_READY_MISSING_DECLARED_CONTRACT
469	FOUNDRY:P082	PARENT:R044_DECISION_LOSS_DLEW	28.0	False	True	UNADJUDICATED	boundary,gate	calibration	calibration,transfer	ADAPTER_AND_CONTRASTIVE_BOUNDARY_BENCHMARK			BOOTSTRAP_CHANNEL_CALIBRATED_SCIENTIFIC_CONTRACT_STILL_REQUIRED
470	FOUNDRY:P084	LCB-K010	28.0	False	True	UNADJUDICATED	boundary,gate	calibration	calibration,control	ADAPTER_AND_CONTRASTIVE_BOUNDARY_BENCHMARK			NOT_READY_MISSING_DECLARED_CONTRACT
471	FOUNDRY:P084	LCB-K048	28.0	False	True	UNADJUDICATED	boundary,gate	calibration	calibration,control	ADAPTER_AND_CONTRASTIVE_BOUNDARY_BENCHMARK			NOT_READY_MISSING_DECLARED_CONTRACT
472	FOUNDRY:P084	LCB-K056	28.0	False	True	UNADJUDICATED	boundary,gate	calibration	calibration,control	ADAPTER_AND_CONTRASTIVE_BOUNDARY_BENCHMARK			NOT_READY_MISSING_DECLARED_CONTRACT
473	FOUNDRY:P084	LCB-K086	28.0	False	True	UNADJUDICATED	boundary,gate	calibration	calibration,control	ADAPTER_AND_CONTRASTIVE_BOUNDARY_BENCHMARK			NOT_READY_MISSING_DECLARED_CONTRACT
474	FOUNDRY:P084	PARENT:IM340_IM280_CWC	28.0	False	True	UNADJUDICATED	boundary,gate	calibration	calibration,control	ADAPTER_AND_CONTRASTIVE_BOUNDARY_BENCHMARK			NOT_READY_MISSING_DECLARED_CONTRACT
475	FOUNDRY:P084	PARENT:IM359_IM014_AICC	28.0	False	True	UNADJUDICATED	boundary,gate	calibration	calibration,control	ADAPTER_AND_CONTRASTIVE_BOUNDARY_BENCHMARK			NOT_READY_MISSING_DECLARED_CONTRACT
476	FOUNDRY:P084	PARENT:R008_E612_E613_LGID	28.0	False	True	UNADJUDICATED	boundary,gate	calibration	calibration,control	ADAPTER_AND_CONTRASTIVE_BOUNDARY_BENCHMARK			NOT_READY_MISSING_DECLARED_CONTRACT
477	FOUNDRY:P084	PARENT:R041_CONSTRAINED_POLICY_CAPL	28.0	False	True	UNADJUDICATED	boundary,gate	calibration	calibration,control	ADAPTER_AND_CONTRASTIVE_BOUNDARY_BENCHMARK			NOT_READY_MISSING_DECLARED_CONTRACT
478	FOUNDRY:P087	PARENT:R014_S781_S792_ACSA	28.0	False	True	UNADJUDICATED	boundary,gate	calibration	calibration,transfer	ADAPTER_AND_CONTRASTIVE_BOUNDARY_BENCHMARK			NOT_READY_MISSING_DECLARED_CONTRACT
479	FOUNDRY:P087	PARENT:R044_DECISION_LOSS_DLEW	28.0	False	True	UNADJUDICATED	boundary,gate	calibration	calibration,transfer	ADAPTER_AND_CONTRASTIVE_BOUNDARY_BENCHMARK			NOT_READY_MISSING_DECLARED_CONTRACT
480	FOUNDRY:P088	PARENT:R014_S781_S792_ACSA	28.0	False	True	UNADJUDICATED	boundary,gate	calibration	calibration,transfer	ADAPTER_AND_CONTRASTIVE_BOUNDARY_BENCHMARK			NOT_READY_MISSING_DECLARED_CONTRACT
481	FOUNDRY:P088	PARENT:R041_CONSTRAINED_POLICY_CAPL	28.0	False	True	UNADJUDICATED	boundary,gate	calibration	calibration,risk	ADAPTER_AND_CONTRASTIVE_BOUNDARY_BENCHMARK			NOT_READY_MISSING_DECLARED_CONTRACT
482	FOUNDRY:P088	PARENT:R044_DECISION_LOSS_DLEW	28.0	False	True	UNADJUDICATED	boundary,gate	calibration	calibration,transfer	ADAPTER_AND_CONTRASTIVE_BOUNDARY_BENCHMARK			NOT_READY_MISSING_DECLARED_CONTRACT
483	FOUNDRY:P089	LCB-K010	28.0	False	True	UNADJUDICATED	boundary,gate	calibration	calibration,control	ADAPTER_AND_CONTRASTIVE_BOUNDARY_BENCHMARK			NOT_READY_MISSING_DECLARED_CONTRACT
484	FOUNDRY:P089	LCB-K048	28.0	False	True	UNADJUDICATED	boundary,gate	calibration	calibration,control	ADAPTER_AND_CONTRASTIVE_BOUNDARY_BENCHMARK			NOT_READY_MISSING_DECLARED_CONTRACT
485	FOUNDRY:P089	LCB-K056	28.0	False	True	UNADJUDICATED	boundary,gate	calibration	calibration,control	ADAPTER_AND_CONTRASTIVE_BOUNDARY_BENCHMARK			NOT_READY_MISSING_DECLARED_CONTRACT
486	FOUNDRY:P089	LCB-K086	28.0	False	True	UNADJUDICATED	boundary,gate	calibration	calibration,control	ADAPTER_AND_CONTRASTIVE_BOUNDARY_BENCHMARK			NOT_READY_MISSING_DECLARED_CONTRACT
487	FOUNDRY:P089	PARENT:IM340_IM280_CWC	28.0	False	True	UNADJUDICATED	boundary,gate	calibration	calibration,control	ADAPTER_AND_CONTRASTIVE_BOUNDARY_BENCHMARK			NOT_READY_MISSING_DECLARED_CONTRACT
488	FOUNDRY:P089	PARENT:IM359_IM014_AICC	28.0	False	True	UNADJUDICATED	boundary,gate	calibration	calibration,control	ADAPTER_AND_CONTRASTIVE_BOUNDARY_BENCHMARK			NOT_READY_MISSING_DECLARED_CONTRACT
489	FOUNDRY:P089	PARENT:R008_E612_E613_LGID	28.0	False	True	UNADJUDICATED	boundary,gate	calibration	calibration,control	ADAPTER_AND_CONTRASTIVE_BOUNDARY_BENCHMARK			NOT_READY_MISSING_DECLARED_CONTRACT
490	FOUNDRY:P089	PARENT:R041_CONSTRAINED_POLICY_CAPL	28.0	False	True	UNADJUDICATED	boundary,gate	calibration	calibration,control	ADAPTER_AND_CONTRASTIVE_BOUNDARY_BENCHMARK			NOT_READY_MISSING_DECLARED_CONTRACT
491	FOUNDRY:P091	LCB-K041	28.0	False	True	UNADJUDICATED	representation	calibration,decision	boundary,calibration,decision,transfer	ADAPTER_AND_CONTRASTIVE_BOUNDARY_BENCHMARK			NOT_READY_MISSING_DECLARED_CONTRACT
492	FOUNDRY:P091	LCB-K065	28.0	False	True	UNADJUDICATED	representation	calibration,decision	calibration,decision,transfer	ADAPTER_AND_CONTRASTIVE_BOUNDARY_BENCHMARK			NOT_READY_MISSING_DECLARED_CONTRACT
493	FOUNDRY:P091	LCB-K073	28.0	False	True	UNADJUDICATED	representation	calibration,decision	calibration,decision,reduction,resilience,transfer	ADAPTER_AND_CONTRASTIVE_BOUNDARY_BENCHMARK			NOT_READY_MISSING_DECLARED_CONTRACT
494	FOUNDRY:P091	LCB-K074	28.0	False	True	UNADJUDICATED	representation	calibration,decision	boundary,calibration,decision,transfer	ADAPTER_AND_CONTRASTIVE_BOUNDARY_BENCHMARK			NOT_READY_MISSING_DECLARED_CONTRACT
495	FOUNDRY:P091	LCB-K080	28.0	False	True	UNADJUDICATED	representation	calibration,decision	calibration,decision,reduction,resilience,transfer	ADAPTER_AND_CONTRASTIVE_BOUNDARY_BENCHMARK			NOT_READY_MISSING_DECLARED_CONTRACT
496	FOUNDRY:P092	LCB-K003	28.0	False	True	UNADJUDICATED	boundary,gate	calibration	calibration,decision	ADAPTER_AND_CONTRASTIVE_BOUNDARY_BENCHMARK			NOT_READY_MISSING_DECLARED_CONTRACT
497	FOUNDRY:P092	LCB-K010	28.0	False	True	UNADJUDICATED	boundary,gate	calibration	calibration,decision	ADAPTER_AND_CONTRASTIVE_BOUNDARY_BENCHMARK			NOT_READY_MISSING_DECLARED_CONTRACT
498	FOUNDRY:P092	LCB-K015	28.0	False	True	UNADJUDICATED	boundary,gate	calibration	calibration,decision	ADAPTER_AND_CONTRASTIVE_BOUNDARY_BENCHMARK			NOT_READY_MISSING_DECLARED_CONTRACT
499	FOUNDRY:P092	LCB-K035	28.0	False	True	UNADJUDICATED	boundary,gate	calibration	calibration,decision	ADAPTER_AND_CONTRASTIVE_BOUNDARY_BENCHMARK			NOT_READY_MISSING_DECLARED_CONTRACT
500	FOUNDRY:P092	LCB-K048	28.0	False	True	UNADJUDICATED	boundary,gate	calibration	calibration,decision	ADAPTER_AND_CONTRASTIVE_BOUNDARY_BENCHMARK			NOT_READY_MISSING_DECLARED_CONTRACT
501	FOUNDRY:P092	LCB-K049	28.0	False	True	UNADJUDICATED	boundary,gate	calibration	calibration,decision	ADAPTER_AND_CONTRASTIVE_BOUNDARY_BENCHMARK			NOT_READY_MISSING_DECLARED_CONTRACT
502	FOUNDRY:P092	LCB-K055	28.0	False	True	UNADJUDICATED	boundary,gate	calibration	calibration,decision	ADAPTER_AND_CONTRASTIVE_BOUNDARY_BENCHMARK			NOT_READY_MISSING_DECLARED_CONTRACT
503	FOUNDRY:P092	LCB-K056	28.0	False	True	UNADJUDICATED	boundary,gate	calibration	calibration,decision	ADAPTER_AND_CONTRASTIVE_BOUNDARY_BENCHMARK			NOT_READY_MISSING_DECLARED_CONTRACT
504	FOUNDRY:P092	LCB-K068	28.0	False	True	UNADJUDICATED	boundary,gate	calibration	calibration,decision	ADAPTER_AND_CONTRASTIVE_BOUNDARY_BENCHMARK			NOT_READY_MISSING_DECLARED_CONTRACT
505	FOUNDRY:P092	LCB-K086	28.0	False	True	UNADJUDICATED	boundary,gate	calibration	calibration,decision	ADAPTER_AND_CONTRASTIVE_BOUNDARY_BENCHMARK			NOT_READY_MISSING_DECLARED_CONTRACT
506	FOUNDRY:P092	LCB-K090	28.0	False	True	UNADJUDICATED	boundary,gate	calibration	calibration,decision	ADAPTER_AND_CONTRASTIVE_BOUNDARY_BENCHMARK			NOT_READY_MISSING_DECLARED_CONTRACT
507	FOUNDRY:P092	LCB-K091	28.0	False	True	UNADJUDICATED	boundary,gate	calibration	calibration,decision	ADAPTER_AND_CONTRASTIVE_BOUNDARY_BENCHMARK			NOT_READY_MISSING_DECLARED_CONTRACT
508	FOUNDRY:P092	LCB-R50-149	28.0	False	True	UNADJUDICATED	boundary,gate	calibration,decision	boundary,calibration,decision,transfer	ADAPTER_AND_CONTRASTIVE_BOUNDARY_BENCHMARK			NOT_READY_MISSING_DECLARED_CONTRACT
509	FOUNDRY:P092	PARENT:R014_S781_S792_ACSA	28.0	False	True	UNADJUDICATED	boundary,gate	calibration	calibration,transfer	ADAPTER_AND_CONTRASTIVE_BOUNDARY_BENCHMARK			NOT_READY_MISSING_DECLARED_CONTRACT
510	FOUNDRY:P092	PARENT:R041_CONSTRAINED_POLICY_CAPL	28.0	False	True	UNADJUDICATED	boundary,gate	calibration	calibration,decision	ADAPTER_AND_CONTRASTIVE_BOUNDARY_BENCHMARK			NOT_READY_MISSING_DECLARED_CONTRACT
511	FOUNDRY:P093	LCB-K003	28.0	False	True	UNADJUDICATED	boundary,gate	calibration	calibration,decision	ADAPTER_AND_CONTRASTIVE_BOUNDARY_BENCHMARK			NOT_READY_MISSING_DECLARED_CONTRACT
512	FOUNDRY:P093	LCB-K010	28.0	False	True	UNADJUDICATED	boundary,gate	calibration	calibration,decision	ADAPTER_AND_CONTRASTIVE_BOUNDARY_BENCHMARK			NOT_READY_MISSING_DECLARED_CONTRACT
513	FOUNDRY:P093	LCB-K015	28.0	False	True	UNADJUDICATED	boundary,gate	calibration	calibration,decision	ADAPTER_AND_CONTRASTIVE_BOUNDARY_BENCHMARK			NOT_READY_MISSING_DECLARED_CONTRACT
514	FOUNDRY:P093	LCB-K035	28.0	False	True	UNADJUDICATED	boundary,gate	calibration	calibration,decision	ADAPTER_AND_CONTRASTIVE_BOUNDARY_BENCHMARK			NOT_READY_MISSING_DECLARED_CONTRACT
515	FOUNDRY:P093	LCB-K048	28.0	False	True	UNADJUDICATED	boundary,gate	calibration	calibration,decision	ADAPTER_AND_CONTRASTIVE_BOUNDARY_BENCHMARK			NOT_READY_MISSING_DECLARED_CONTRACT
516	FOUNDRY:P093	LCB-K049	28.0	False	True	UNADJUDICATED	boundary,gate	calibration	calibration,decision	ADAPTER_AND_CONTRASTIVE_BOUNDARY_BENCHMARK			NOT_READY_MISSING_DECLARED_CONTRACT
517	FOUNDRY:P093	LCB-K055	28.0	False	True	UNADJUDICATED	boundary,gate	calibration	calibration,decision	ADAPTER_AND_CONTRASTIVE_BOUNDARY_BENCHMARK			NOT_READY_MISSING_DECLARED_CONTRACT
518	FOUNDRY:P093	LCB-K056	28.0	False	True	UNADJUDICATED	boundary,gate	calibration	calibration,decision	ADAPTER_AND_CONTRASTIVE_BOUNDARY_BENCHMARK			NOT_READY_MISSING_DECLARED_CONTRACT
519	FOUNDRY:P093	LCB-K068	28.0	False	True	UNADJUDICATED	boundary,gate	calibration	calibration,decision	ADAPTER_AND_CONTRASTIVE_BOUNDARY_BENCHMARK			NOT_READY_MISSING_DECLARED_CONTRACT
520	FOUNDRY:P093	LCB-K086	28.0	False	True	UNADJUDICATED	boundary,gate	calibration	calibration,decision	ADAPTER_AND_CONTRASTIVE_BOUNDARY_BENCHMARK			NOT_READY_MISSING_DECLARED_CONTRACT
521	FOUNDRY:P093	LCB-K090	28.0	False	True	UNADJUDICATED	boundary,gate	calibration	calibration,decision	ADAPTER_AND_CONTRASTIVE_BOUNDARY_BENCHMARK			NOT_READY_MISSING_DECLARED_CONTRACT
522	FOUNDRY:P093	LCB-K091	28.0	False	True	UNADJUDICATED	boundary,gate	calibration	calibration,decision	ADAPTER_AND_CONTRASTIVE_BOUNDARY_BENCHMARK			NOT_READY_MISSING_DECLARED_CONTRACT
523	FOUNDRY:P093	LCB-R50-149	28.0	False	True	UNADJUDICATED	boundary,gate	calibration,decision	boundary,calibration,decision,transfer	ADAPTER_AND_CONTRASTIVE_BOUNDARY_BENCHMARK			NOT_READY_MISSING_DECLARED_CONTRACT
524	FOUNDRY:P093	PARENT:R014_S781_S792_ACSA	28.0	False	True	UNADJUDICATED	boundary,gate	calibration	calibration,transfer	ADAPTER_AND_CONTRASTIVE_BOUNDARY_BENCHMARK			NOT_READY_MISSING_DECLARED_CONTRACT
525	FOUNDRY:P093	PARENT:R041_CONSTRAINED_POLICY_CAPL	28.0	False	True	UNADJUDICATED	boundary,gate	calibration	calibration,decision	ADAPTER_AND_CONTRASTIVE_BOUNDARY_BENCHMARK			BOOTSTRAP_CHANNEL_CALIBRATED_SCIENTIFIC_CONTRACT_STILL_REQUIRED
526	FOUNDRY:P096	PARENT:IM178_IM326_TWMR	28.0	False	True	UNADJUDICATED	evidence	decision,uncertainty	decision,uncertainty	ADAPTER_AND_CONTRASTIVE_BOUNDARY_BENCHMARK			NOT_READY_MISSING_DECLARED_CONTRACT
527	FOUNDRY:P096	PARENT:R020_P848_P851_SCCRT	28.0	False	True	UNADJUDICATED	evidence	decision,uncertainty	decision,uncertainty	ADAPTER_AND_CONTRASTIVE_BOUNDARY_BENCHMARK			NOT_READY_MISSING_DECLARED_CONTRACT
528	FOUNDRY:P109	LCB-K081	28.0	False	True	UNADJUDICATED	evidence,gate	calibration,uncertainty	audit,calibration,transfer,uncertainty	ADAPTER_AND_CONTRASTIVE_BOUNDARY_BENCHMARK			NOT_READY_MISSING_DECLARED_CONTRACT
529	FOUNDRY:P110	PARENT:IM340_IM280_CWC	28.0	False	True	UNADJUDICATED	boundary,gate,representation	calibration	calibration	ADAPTER_AND_CONTRASTIVE_BOUNDARY_BENCHMARK			NOT_READY_MISSING_DECLARED_CONTRACT
530	FOUNDRY:P136	LCB-K012	28.0	False	True	UNADJUDICATED	evidence	decision,uncertainty	confounding,decision,measurement,uncertainty	ADAPTER_AND_CONTRASTIVE_BOUNDARY_BENCHMARK			NOT_READY_MISSING_DECLARED_CONTRACT
531	FOUNDRY:P138	LCB-K012	28.0	False	True	UNADJUDICATED	evidence	decision,uncertainty	allocation,calibration,confounding,control,decision,measurement,support,uncertainty	ADAPTER_AND_CONTRASTIVE_BOUNDARY_BENCHMARK			NOT_READY_MISSING_DECLARED_CONTRACT
532	FOUNDRY:P140	LCB-K064	28.0	False	True	UNADJUDICATED	representation	calibration,support	audit,calibration,support,transfer	ADAPTER_AND_CONTRASTIVE_BOUNDARY_BENCHMARK			NOT_READY_MISSING_DECLARED_CONTRACT
533	FOUNDRY:P140	LCB-R50-149	28.0	False	True	UNADJUDICATED	gate,representation	calibration,support	calibration,decision,reduction,resilience,support,transfer	ADAPTER_AND_CONTRASTIVE_BOUNDARY_BENCHMARK			NOT_READY_MISSING_DECLARED_CONTRACT
534	FOUNDRY:P142	LCB-K003	28.0	False	True	UNADJUDICATED	gate,representation	calibration	calibration,decision	ADAPTER_AND_CONTRASTIVE_BOUNDARY_BENCHMARK			NOT_READY_MISSING_DECLARED_CONTRACT
535	FOUNDRY:P142	LCB-K010	28.0	False	True	UNADJUDICATED	gate,representation	calibration	calibration,decision	ADAPTER_AND_CONTRASTIVE_BOUNDARY_BENCHMARK			NOT_READY_MISSING_DECLARED_CONTRACT
536	FOUNDRY:P142	LCB-K015	28.0	False	True	UNADJUDICATED	gate,representation	calibration	calibration,decision	ADAPTER_AND_CONTRASTIVE_BOUNDARY_BENCHMARK			NOT_READY_MISSING_DECLARED_CONTRACT
537	FOUNDRY:P142	LCB-K035	28.0	False	True	UNADJUDICATED	gate,representation	calibration	calibration,decision	ADAPTER_AND_CONTRASTIVE_BOUNDARY_BENCHMARK			NOT_READY_MISSING_DECLARED_CONTRACT
538	FOUNDRY:P142	LCB-K048	28.0	False	True	UNADJUDICATED	gate,representation	calibration	calibration,decision	ADAPTER_AND_CONTRASTIVE_BOUNDARY_BENCHMARK			NOT_READY_MISSING_DECLARED_CONTRACT
539	FOUNDRY:P142	LCB-K049	28.0	False	True	UNADJUDICATED	gate,representation	calibration	calibration,decision	ADAPTER_AND_CONTRASTIVE_BOUNDARY_BENCHMARK			NOT_READY_MISSING_DECLARED_CONTRACT
540	FOUNDRY:P142	LCB-K055	28.0	False	True	UNADJUDICATED	gate,representation	calibration	calibration,decision	ADAPTER_AND_CONTRASTIVE_BOUNDARY_BENCHMARK			NOT_READY_MISSING_DECLARED_CONTRACT
541	FOUNDRY:P142	LCB-K056	28.0	False	True	UNADJUDICATED	gate,representation	calibration	calibration,decision	ADAPTER_AND_CONTRASTIVE_BOUNDARY_BENCHMARK			NOT_READY_MISSING_DECLARED_CONTRACT
542	FOUNDRY:P142	LCB-K068	28.0	False	True	UNADJUDICATED	gate,representation	calibration	calibration,decision	ADAPTER_AND_CONTRASTIVE_BOUNDARY_BENCHMARK			NOT_READY_MISSING_DECLARED_CONTRACT
543	FOUNDRY:P142	LCB-K086	28.0	False	True	UNADJUDICATED	gate,representation	calibration	calibration,decision	ADAPTER_AND_CONTRASTIVE_BOUNDARY_BENCHMARK			NOT_READY_MISSING_DECLARED_CONTRACT
544	FOUNDRY:P142	LCB-K090	28.0	False	True	UNADJUDICATED	gate,representation	calibration	calibration,decision	ADAPTER_AND_CONTRASTIVE_BOUNDARY_BENCHMARK			NOT_READY_MISSING_DECLARED_CONTRACT
545	FOUNDRY:P142	LCB-K091	28.0	False	True	UNADJUDICATED	gate,representation	calibration	calibration,decision	ADAPTER_AND_CONTRASTIVE_BOUNDARY_BENCHMARK			NOT_READY_MISSING_DECLARED_CONTRACT
546	FOUNDRY:P142	PARENT:IM359_IM014_AICC	28.0	False	True	UNADJUDICATED	gate,representation	calibration	calibration,decision	ADAPTER_AND_CONTRASTIVE_BOUNDARY_BENCHMARK			NOT_READY_MISSING_DECLARED_CONTRACT
547	FOUNDRY:P142	PARENT:IM406_IM037_ACRA	28.0	False	True	UNADJUDICATED	gate,representation	calibration	calibration,decision	ADAPTER_AND_CONTRASTIVE_BOUNDARY_BENCHMARK			NOT_READY_MISSING_DECLARED_CONTRACT
548	FOUNDRY:P142	PARENT:R041_CONSTRAINED_POLICY_CAPL	28.0	False	True	UNADJUDICATED	gate,representation	calibration	calibration,decision	ADAPTER_AND_CONTRASTIVE_BOUNDARY_BENCHMARK			NOT_READY_MISSING_DECLARED_CONTRACT
549	LCB-K041	FOUNDRY:P138	28.0	False	True	UNADJUDICATED	boundary,evidence,gate		calibration,confounding,decision,measurement	ADAPTER_AND_CONTRASTIVE_BOUNDARY_BENCHMARK			NOT_READY_MISSING_DECLARED_CONTRACT
550	LCB-K041	PARENT:IM334_IM094_DRE	28.0	False	True	UNADJUDICATED	boundary,evidence,gate		boundary,calibration,confounding,decision,measurement,transfer	ADAPTER_AND_CONTRASTIVE_BOUNDARY_BENCHMARK			NOT_READY_MISSING_DECLARED_CONTRACT
551	LCB-K041	PARENT:IM359_IM014_AICC	28.0	False	True	UNADJUDICATED	boundary,evidence,gate		calibration,confounding,decision,measurement	ADAPTER_AND_CONTRASTIVE_BOUNDARY_BENCHMARK			NOT_READY_MISSING_DECLARED_CONTRACT
552	LCB-K041	PARENT:IM406_IM037_ACRA	28.0	False	True	UNADJUDICATED	boundary,evidence,gate		calibration,confounding,decision,measurement	ADAPTER_AND_CONTRASTIVE_BOUNDARY_BENCHMARK			NOT_READY_MISSING_DECLARED_CONTRACT
553	LCB-K041	PARENT:R018_M866_M880_MCSC	28.0	False	True	UNADJUDICATED	boundary,evidence,gate		boundary,calibration,transfer	ADAPTER_AND_CONTRASTIVE_BOUNDARY_BENCHMARK			NOT_READY_MISSING_DECLARED_CONTRACT
554	LCB-K041	PARENT:R044_DECISION_LOSS_DLEW	28.0	False	True	UNADJUDICATED	boundary,evidence,gate		calibration,decision,transfer	ADAPTER_AND_CONTRASTIVE_BOUNDARY_BENCHMARK			NOT_READY_MISSING_DECLARED_CONTRACT
555	LCB-K074	FOUNDRY:P057	28.0	False	True	UNADJUDICATED	boundary,evidence,gate		calibration,confounding,decision,measurement	ADAPTER_AND_CONTRASTIVE_BOUNDARY_BENCHMARK			NOT_READY_MISSING_DECLARED_CONTRACT
556	LCB-K074	PARENT:R041_CONSTRAINED_POLICY_CAPL	28.0	False	True	UNADJUDICATED	boundary,evidence,gate		calibration,decision	ADAPTER_AND_CONTRASTIVE_BOUNDARY_BENCHMARK			NOT_READY_MISSING_DECLARED_CONTRACT
557	LCB-R50-149	FOUNDRY:P033	28.0	False	True	UNADJUDICATED	boundary,gate,representation	support	allocation,calibration,support,uncertainty	ADAPTER_AND_CONTRASTIVE_BOUNDARY_BENCHMARK			NOT_READY_MISSING_DECLARED_CONTRACT
558	LCB-R50-149	FOUNDRY:P035	28.0	False	True	UNADJUDICATED	boundary,gate,representation	support	allocation,calibration,decision,reduction,resilience,support,uncertainty	ADAPTER_AND_CONTRASTIVE_BOUNDARY_BENCHMARK			NOT_READY_MISSING_DECLARED_CONTRACT
559	LCB-R50-149	FOUNDRY:P078	28.0	False	True	UNADJUDICATED	boundary,gate,representation	support	allocation,calibration,support,transfer,uncertainty	ADAPTER_AND_CONTRASTIVE_BOUNDARY_BENCHMARK			NOT_READY_MISSING_DECLARED_CONTRACT
560	PARENT:IM139_IM250_CCVC	FOUNDRY:P057	28.0	False	True	UNADJUDICATED	boundary,gate,representation		calibration,control,decision	ADAPTER_AND_CONTRASTIVE_BOUNDARY_BENCHMARK			NOT_READY_MISSING_DECLARED_CONTRACT
561	PARENT:IM139_IM250_CCVC	LCB-K003	28.0	False	True	UNADJUDICATED	boundary,gate,representation		calibration,decision	ADAPTER_AND_CONTRASTIVE_BOUNDARY_BENCHMARK			NOT_READY_MISSING_DECLARED_CONTRACT
562	PARENT:IM139_IM250_CCVC	LCB-K015	28.0	False	True	UNADJUDICATED	boundary,gate,representation		calibration,decision	ADAPTER_AND_CONTRASTIVE_BOUNDARY_BENCHMARK			NOT_READY_MISSING_DECLARED_CONTRACT
563	PARENT:IM139_IM250_CCVC	LCB-K035	28.0	False	True	UNADJUDICATED	boundary,gate,representation		calibration,decision	ADAPTER_AND_CONTRASTIVE_BOUNDARY_BENCHMARK			NOT_READY_MISSING_DECLARED_CONTRACT
564	PARENT:IM139_IM250_CCVC	LCB-K049	28.0	False	True	UNADJUDICATED	boundary,gate,representation		calibration,decision	ADAPTER_AND_CONTRASTIVE_BOUNDARY_BENCHMARK			NOT_READY_MISSING_DECLARED_CONTRACT
565	PARENT:IM139_IM250_CCVC	LCB-K055	28.0	False	True	UNADJUDICATED	boundary,gate,representation		calibration,decision	ADAPTER_AND_CONTRASTIVE_BOUNDARY_BENCHMARK			NOT_READY_MISSING_DECLARED_CONTRACT
566	PARENT:IM139_IM250_CCVC	LCB-K068	28.0	False	True	UNADJUDICATED	boundary,gate,representation		calibration,decision	ADAPTER_AND_CONTRASTIVE_BOUNDARY_BENCHMARK			NOT_READY_MISSING_DECLARED_CONTRACT
567	PARENT:IM139_IM250_CCVC	LCB-K090	28.0	False	True	UNADJUDICATED	boundary,gate,representation		calibration,decision	ADAPTER_AND_CONTRASTIVE_BOUNDARY_BENCHMARK			NOT_READY_MISSING_DECLARED_CONTRACT
568	PARENT:IM139_IM250_CCVC	LCB-K091	28.0	False	True	UNADJUDICATED	boundary,gate,representation		calibration,decision	ADAPTER_AND_CONTRASTIVE_BOUNDARY_BENCHMARK			NOT_READY_MISSING_DECLARED_CONTRACT
569	PARENT:IM139_IM250_CCVC	PARENT:IM340_IM280_CWC	28.0	False	True	UNADJUDICATED	boundary,gate,representation		calibration,control	ADAPTER_AND_CONTRASTIVE_BOUNDARY_BENCHMARK			NOT_READY_MISSING_DECLARED_CONTRACT
570	PARENT:IM139_IM250_CCVC	PARENT:IM406_IM037_ACRA	28.0	False	True	UNADJUDICATED	boundary,gate,representation		calibration,decision	ADAPTER_AND_CONTRASTIVE_BOUNDARY_BENCHMARK			NOT_READY_MISSING_DECLARED_CONTRACT
571	PARENT:IM139_IM250_CCVC	PARENT:R008_E612_E613_LGID	28.0	False	True	UNADJUDICATED	boundary,gate,representation		calibration,control	ADAPTER_AND_CONTRASTIVE_BOUNDARY_BENCHMARK			NOT_READY_MISSING_DECLARED_CONTRACT
572	PARENT:R001_C313_BPISD	FOUNDRY:P035	28.0	False	True	UNADJUDICATED	evidence,representation	decision	decision,reduction,resilience	ADAPTER_AND_CONTRASTIVE_BOUNDARY_BENCHMARK			NOT_READY_MISSING_DECLARED_CONTRACT
573	PARENT:R001_C313_BPISD	FOUNDRY:P048	28.0	False	True	UNADJUDICATED	evidence,representation	decision	decision,reduction,resilience	ADAPTER_AND_CONTRASTIVE_BOUNDARY_BENCHMARK			NOT_READY_MISSING_DECLARED_CONTRACT
574	PARENT:R001_C313_BPISD	FOUNDRY:P091	28.0	False	True	UNADJUDICATED	evidence,representation	decision	decision,reduction,resilience	ADAPTER_AND_CONTRASTIVE_BOUNDARY_BENCHMARK			NOT_READY_MISSING_DECLARED_CONTRACT
575	PARENT:R001_C313_BPISD	LCB-K012	28.0	False	True	UNADJUDICATED	evidence,representation	decision	confounding,decision,measurement	ADAPTER_AND_CONTRASTIVE_BOUNDARY_BENCHMARK			NOT_READY_MISSING_DECLARED_CONTRACT
576	PARENT:R001_C313_BPISD	LCB-K065	28.0	False	True	UNADJUDICATED	evidence,representation	decision	confounding,decision,measurement	ADAPTER_AND_CONTRASTIVE_BOUNDARY_BENCHMARK			BOOTSTRAP_CHANNEL_CALIBRATED_SCIENTIFIC_CONTRACT_STILL_REQUIRED
577	PARENT:R001_C313_BPISD	LCB-K073	28.0	False	True	UNADJUDICATED	evidence,representation	decision	decision,reduction,resilience	ADAPTER_AND_CONTRASTIVE_BOUNDARY_BENCHMARK			NOT_READY_MISSING_DECLARED_CONTRACT
578	PARENT:R001_C313_BPISD	LCB-K074	28.0	False	True	UNADJUDICATED	evidence,representation	decision	confounding,decision,measurement	ADAPTER_AND_CONTRASTIVE_BOUNDARY_BENCHMARK			NOT_READY_MISSING_DECLARED_CONTRACT
579	PARENT:R001_C313_BPISD	LCB-K080	28.0	False	True	UNADJUDICATED	evidence,representation	decision	decision,reduction,resilience	ADAPTER_AND_CONTRASTIVE_BOUNDARY_BENCHMARK			NOT_READY_MISSING_DECLARED_CONTRACT
580	PARENT:R028_S418_S439_TDSX	FOUNDRY:P057	28.0	False	True	UNADJUDICATED	boundary,gate	decision	calibration,decision	ADAPTER_AND_CONTRASTIVE_BOUNDARY_BENCHMARK			NOT_READY_MISSING_DECLARED_CONTRACT
581	PARENT:R037_SUPPORT_COVARIANCE_SACPS	FOUNDRY:P111	28.0	False	True	UNADJUDICATED		decision,support,uncertainty	calibration,decision,support,uncertainty	ADAPTER_AND_CONTRASTIVE_BOUNDARY_BENCHMARK			NOT_READY_MISSING_DECLARED_CONTRACT
582	FOUNDRY:P026	PARENT:IM334_IM094_DRE	27.0	False	True	UNADJUDICATED	boundary,gate	calibration	boundary,calibration,transfer	ADAPTER_AND_CONTRASTIVE_BOUNDARY_BENCHMARK			NOT_READY_MISSING_DECLARED_CONTRACT
583	FOUNDRY:P026	PARENT:R018_M866_M880_MCSC	27.0	False	True	UNADJUDICATED	boundary,gate	calibration	boundary,calibration,transfer	ADAPTER_AND_CONTRASTIVE_BOUNDARY_BENCHMARK			NOT_READY_MISSING_DECLARED_CONTRACT
584	FOUNDRY:P030	PARENT:IM334_IM094_DRE	27.0	False	True	UNADJUDICATED	boundary,gate	calibration	boundary,calibration,transfer	ADAPTER_AND_CONTRASTIVE_BOUNDARY_BENCHMARK			NOT_READY_MISSING_DECLARED_CONTRACT
585	FOUNDRY:P030	PARENT:R018_M866_M880_MCSC	27.0	False	True	UNADJUDICATED	boundary,gate	calibration	boundary,calibration,transfer	ADAPTER_AND_CONTRASTIVE_BOUNDARY_BENCHMARK			NOT_READY_MISSING_DECLARED_CONTRACT
586	FOUNDRY:P037	PARENT:IM334_IM094_DRE	27.0	False	True	UNADJUDICATED	boundary,gate	calibration	boundary,calibration,transfer	ADAPTER_AND_CONTRASTIVE_BOUNDARY_BENCHMARK			NOT_READY_MISSING_DECLARED_CONTRACT
587	FOUNDRY:P037	PARENT:R014_S781_S792_ACSA	27.0	False	True	UNADJUDICATED	boundary,gate	calibration	audit,calibration,transfer	ADAPTER_AND_CONTRASTIVE_BOUNDARY_BENCHMARK			NOT_READY_MISSING_DECLARED_CONTRACT
588	FOUNDRY:P037	PARENT:R018_M866_M880_MCSC	27.0	False	True	UNADJUDICATED	boundary,gate	calibration	audit,boundary,calibration,transfer	ADAPTER_AND_CONTRASTIVE_BOUNDARY_BENCHMARK			NOT_READY_MISSING_DECLARED_CONTRACT
589	FOUNDRY:P037	PARENT:R044_DECISION_LOSS_DLEW	27.0	False	True	UNADJUDICATED	boundary,gate	calibration	audit,calibration,transfer	ADAPTER_AND_CONTRASTIVE_BOUNDARY_BENCHMARK			NOT_READY_MISSING_DECLARED_CONTRACT
590	FOUNDRY:P044	PARENT:IM334_IM094_DRE	27.0	False	True	UNADJUDICATED	boundary,gate	calibration	boundary,calibration,transfer	ADAPTER_AND_CONTRASTIVE_BOUNDARY_BENCHMARK			NOT_READY_MISSING_DECLARED_CONTRACT
591	FOUNDRY:P044	PARENT:R018_M866_M880_MCSC	27.0	False	True	UNADJUDICATED	boundary,gate	calibration	boundary,calibration,transfer	ADAPTER_AND_CONTRASTIVE_BOUNDARY_BENCHMARK			NOT_READY_MISSING_DECLARED_CONTRACT
592	FOUNDRY:P045	PARENT:IM334_IM094_DRE	27.0	False	True	UNADJUDICATED	boundary,gate	calibration	boundary,calibration,transfer	ADAPTER_AND_CONTRASTIVE_BOUNDARY_BENCHMARK			NOT_READY_MISSING_DECLARED_CONTRACT
593	FOUNDRY:P045	PARENT:R018_M866_M880_MCSC	27.0	False	True	UNADJUDICATED	boundary,gate	calibration	boundary,calibration,transfer	ADAPTER_AND_CONTRASTIVE_BOUNDARY_BENCHMARK			NOT_READY_MISSING_DECLARED_CONTRACT
594	FOUNDRY:P050	PARENT:IM334_IM094_DRE	27.0	False	True	UNADJUDICATED	boundary,gate	calibration	boundary,calibration,transfer	ADAPTER_AND_CONTRASTIVE_BOUNDARY_BENCHMARK			NOT_READY_MISSING_DECLARED_CONTRACT
595	FOUNDRY:P050	PARENT:R014_S781_S792_ACSA	27.0	False	True	UNADJUDICATED	boundary,gate	calibration	audit,calibration,transfer	ADAPTER_AND_CONTRASTIVE_BOUNDARY_BENCHMARK			NOT_READY_MISSING_DECLARED_CONTRACT
596	FOUNDRY:P050	PARENT:R018_M866_M880_MCSC	27.0	False	True	UNADJUDICATED	boundary,gate	calibration	audit,boundary,calibration,transfer	ADAPTER_AND_CONTRASTIVE_BOUNDARY_BENCHMARK			NOT_READY_MISSING_DECLARED_CONTRACT
597	FOUNDRY:P050	PARENT:R044_DECISION_LOSS_DLEW	27.0	False	True	UNADJUDICATED	boundary,gate	calibration	audit,calibration,transfer	ADAPTER_AND_CONTRASTIVE_BOUNDARY_BENCHMARK			NOT_READY_MISSING_DECLARED_CONTRACT
598	FOUNDRY:P057	LCB-K012	27.0	False	True	UNADJUDICATED	evidence	decision,uncertainty	allocation,calibration,confounding,control,decision,measurement,support,uncertainty	ADAPTER_AND_CONTRASTIVE_BOUNDARY_BENCHMARK			NOT_READY_MISSING_DECLARED_CONTRACT
599	FOUNDRY:P059	LCB-K012	27.0	False	True	UNADJUDICATED	boundary,gate	calibration	allocation,calibration,support,uncertainty	ADAPTER_AND_CONTRASTIVE_BOUNDARY_BENCHMARK			NOT_READY_MISSING_DECLARED_CONTRACT
600	FOUNDRY:P059	LCB-K081	27.0	False	True	UNADJUDICATED	boundary,gate	calibration	allocation,audit,calibration,support,transfer,uncertainty	ADAPTER_AND_CONTRASTIVE_BOUNDARY_BENCHMARK			NOT_READY_MISSING_DECLARED_CONTRACT
601	FOUNDRY:P060	LCB-K003	27.0	False	True	UNADJUDICATED	boundary,gate	calibration	calibration	ADAPTER_AND_CONTRASTIVE_BOUNDARY_BENCHMARK			NOT_READY_MISSING_DECLARED_CONTRACT
602	FOUNDRY:P060	LCB-K010	27.0	False	True	UNADJUDICATED	boundary,gate	calibration	calibration	ADAPTER_AND_CONTRASTIVE_BOUNDARY_BENCHMARK			NOT_READY_MISSING_DECLARED_CONTRACT
603	FOUNDRY:P060	LCB-K015	27.0	False	True	UNADJUDICATED	boundary,gate	calibration	calibration	ADAPTER_AND_CONTRASTIVE_BOUNDARY_BENCHMARK			NOT_READY_MISSING_DECLARED_CONTRACT
604	FOUNDRY:P060	LCB-K035	27.0	False	True	UNADJUDICATED	boundary,gate	calibration	calibration	ADAPTER_AND_CONTRASTIVE_BOUNDARY_BENCHMARK			NOT_READY_MISSING_DECLARED_CONTRACT
605	FOUNDRY:P060	LCB-K048	27.0	False	True	UNADJUDICATED	boundary,gate	calibration	calibration	ADAPTER_AND_CONTRASTIVE_BOUNDARY_BENCHMARK			NOT_READY_MISSING_DECLARED_CONTRACT
606	FOUNDRY:P060	LCB-K049	27.0	False	True	UNADJUDICATED	boundary,gate	calibration	calibration	ADAPTER_AND_CONTRASTIVE_BOUNDARY_BENCHMARK			NOT_READY_MISSING_DECLARED_CONTRACT
607	FOUNDRY:P060	LCB-K055	27.0	False	True	UNADJUDICATED	boundary,gate	calibration	calibration	ADAPTER_AND_CONTRASTIVE_BOUNDARY_BENCHMARK			NOT_READY_MISSING_DECLARED_CONTRACT
608	FOUNDRY:P060	LCB-K056	27.0	False	True	UNADJUDICATED	boundary,gate	calibration	calibration	ADAPTER_AND_CONTRASTIVE_BOUNDARY_BENCHMARK			NOT_READY_MISSING_DECLARED_CONTRACT
609	FOUNDRY:P060	LCB-K068	27.0	False	True	UNADJUDICATED	boundary,gate	calibration	calibration	ADAPTER_AND_CONTRASTIVE_BOUNDARY_BENCHMARK			NOT_READY_MISSING_DECLARED_CONTRACT
610	FOUNDRY:P060	LCB-K081	27.0	False	True	UNADJUDICATED	boundary,gate	calibration	audit,calibration,transfer	ADAPTER_AND_CONTRASTIVE_BOUNDARY_BENCHMARK			NOT_READY_MISSING_DECLARED_CONTRACT
611	FOUNDRY:P060	LCB-K086	27.0	False	True	UNADJUDICATED	boundary,gate	calibration	calibration	ADAPTER_AND_CONTRASTIVE_BOUNDARY_BENCHMARK			NOT_READY_MISSING_DECLARED_CONTRACT
612	FOUNDRY:P060	LCB-K090	27.0	False	True	UNADJUDICATED	boundary,gate	calibration	calibration	ADAPTER_AND_CONTRASTIVE_BOUNDARY_BENCHMARK			NOT_READY_MISSING_DECLARED_CONTRACT
613	FOUNDRY:P060	LCB-K091	27.0	False	True	UNADJUDICATED	boundary,gate	calibration	calibration	ADAPTER_AND_CONTRASTIVE_BOUNDARY_BENCHMARK			NOT_READY_MISSING_DECLARED_CONTRACT
614	FOUNDRY:P060	PARENT:IM340_IM280_CWC	27.0	False	True	UNADJUDICATED	boundary,gate	calibration	calibration	ADAPTER_AND_CONTRASTIVE_BOUNDARY_BENCHMARK			NOT_READY_MISSING_DECLARED_CONTRACT
615	FOUNDRY:P060	PARENT:IM359_IM014_AICC	27.0	False	True	UNADJUDICATED	boundary,gate	calibration	calibration	ADAPTER_AND_CONTRASTIVE_BOUNDARY_BENCHMARK			NOT_READY_MISSING_DECLARED_CONTRACT
616	FOUNDRY:P060	PARENT:IM406_IM037_ACRA	27.0	False	True	UNADJUDICATED	boundary,gate	calibration	calibration	ADAPTER_AND_CONTRASTIVE_BOUNDARY_BENCHMARK			NOT_READY_MISSING_DECLARED_CONTRACT
617	FOUNDRY:P060	PARENT:R008_E612_E613_LGID	27.0	False	True	UNADJUDICATED	boundary,gate	calibration	calibration	ADAPTER_AND_CONTRASTIVE_BOUNDARY_BENCHMARK			NOT_READY_MISSING_DECLARED_CONTRACT
618	FOUNDRY:P060	PARENT:R041_CONSTRAINED_POLICY_CAPL	27.0	False	True	UNADJUDICATED	boundary,gate	calibration	calibration	ADAPTER_AND_CONTRASTIVE_BOUNDARY_BENCHMARK			NOT_READY_MISSING_DECLARED_CONTRACT
619	FOUNDRY:P062	PARENT:IM340_IM280_CWC	27.0	False	True	UNADJUDICATED	boundary,gate	calibration	calibration	ADAPTER_AND_CONTRASTIVE_BOUNDARY_BENCHMARK			NOT_READY_MISSING_DECLARED_CONTRACT
620	FOUNDRY:P062	PARENT:R008_E612_E613_LGID	27.0	False	True	UNADJUDICATED	boundary,gate	calibration	calibration	ADAPTER_AND_CONTRASTIVE_BOUNDARY_BENCHMARK			NOT_READY_MISSING_DECLARED_CONTRACT
621	FOUNDRY:P063	LCB-K003	27.0	False	True	UNADJUDICATED	boundary,gate	calibration	calibration	ADAPTER_AND_CONTRASTIVE_BOUNDARY_BENCHMARK			NOT_READY_MISSING_DECLARED_CONTRACT
622	FOUNDRY:P063	LCB-K010	27.0	False	True	UNADJUDICATED	boundary,gate	calibration	calibration	ADAPTER_AND_CONTRASTIVE_BOUNDARY_BENCHMARK			NOT_READY_MISSING_DECLARED_CONTRACT
623	FOUNDRY:P063	LCB-K015	27.0	False	True	UNADJUDICATED	boundary,gate	calibration	calibration	ADAPTER_AND_CONTRASTIVE_BOUNDARY_BENCHMARK			NOT_READY_MISSING_DECLARED_CONTRACT
624	FOUNDRY:P063	LCB-K035	27.0	False	True	UNADJUDICATED	boundary,gate	calibration	calibration	ADAPTER_AND_CONTRASTIVE_BOUNDARY_BENCHMARK			NOT_READY_MISSING_DECLARED_CONTRACT
625	FOUNDRY:P063	LCB-K048	27.0	False	True	UNADJUDICATED	boundary,gate	calibration	calibration	ADAPTER_AND_CONTRASTIVE_BOUNDARY_BENCHMARK			NOT_READY_MISSING_DECLARED_CONTRACT
626	FOUNDRY:P063	LCB-K049	27.0	False	True	UNADJUDICATED	boundary,gate	calibration	calibration	ADAPTER_AND_CONTRASTIVE_BOUNDARY_BENCHMARK			NOT_READY_MISSING_DECLARED_CONTRACT
627	FOUNDRY:P063	LCB-K055	27.0	False	True	UNADJUDICATED	boundary,gate	calibration	calibration	ADAPTER_AND_CONTRASTIVE_BOUNDARY_BENCHMARK			NOT_READY_MISSING_DECLARED_CONTRACT
628	FOUNDRY:P063	LCB-K056	27.0	False	True	UNADJUDICATED	boundary,gate	calibration	calibration	ADAPTER_AND_CONTRASTIVE_BOUNDARY_BENCHMARK			NOT_READY_MISSING_DECLARED_CONTRACT
629	FOUNDRY:P063	LCB-K068	27.0	False	True	UNADJUDICATED	boundary,gate	calibration	calibration	ADAPTER_AND_CONTRASTIVE_BOUNDARY_BENCHMARK			NOT_READY_MISSING_DECLARED_CONTRACT
630	FOUNDRY:P063	LCB-K086	27.0	False	True	UNADJUDICATED	boundary,gate	calibration	calibration	ADAPTER_AND_CONTRASTIVE_BOUNDARY_BENCHMARK			NOT_READY_MISSING_DECLARED_CONTRACT
631	FOUNDRY:P063	LCB-K090	27.0	False	True	UNADJUDICATED	boundary,gate	calibration	calibration	ADAPTER_AND_CONTRASTIVE_BOUNDARY_BENCHMARK			NOT_READY_MISSING_DECLARED_CONTRACT
632	FOUNDRY:P063	LCB-K091	27.0	False	True	UNADJUDICATED	boundary,gate	calibration	calibration	ADAPTER_AND_CONTRASTIVE_BOUNDARY_BENCHMARK			NOT_READY_MISSING_DECLARED_CONTRACT
633	FOUNDRY:P063	PARENT:IM340_IM280_CWC	27.0	False	True	UNADJUDICATED	boundary,gate	calibration	calibration	ADAPTER_AND_CONTRASTIVE_BOUNDARY_BENCHMARK			NOT_READY_MISSING_DECLARED_CONTRACT
634	FOUNDRY:P063	PARENT:IM359_IM014_AICC	27.0	False	True	UNADJUDICATED	boundary,gate	calibration	calibration	ADAPTER_AND_CONTRASTIVE_BOUNDARY_BENCHMARK			NOT_READY_MISSING_DECLARED_CONTRACT
635	FOUNDRY:P063	PARENT:IM406_IM037_ACRA	27.0	False	True	UNADJUDICATED	boundary,gate	calibration	calibration	ADAPTER_AND_CONTRASTIVE_BOUNDARY_BENCHMARK			NOT_READY_MISSING_DECLARED_CONTRACT
636	FOUNDRY:P063	PARENT:R008_E612_E613_LGID	27.0	False	True	UNADJUDICATED	boundary,gate	calibration	calibration	ADAPTER_AND_CONTRASTIVE_BOUNDARY_BENCHMARK			NOT_READY_MISSING_DECLARED_CONTRACT
637	FOUNDRY:P063	PARENT:R041_CONSTRAINED_POLICY_CAPL	27.0	False	True	UNADJUDICATED	boundary,gate	calibration	calibration	ADAPTER_AND_CONTRASTIVE_BOUNDARY_BENCHMARK			NOT_READY_MISSING_DECLARED_CONTRACT
638	FOUNDRY:P079	LCB-K064	27.0	False	True	UNADJUDICATED	evidence	calibration,uncertainty	calibration,transfer,uncertainty	ADAPTER_AND_CONTRASTIVE_BOUNDARY_BENCHMARK			BOOTSTRAP_CHANNEL_CALIBRATED_SCIENTIFIC_CONTRACT_STILL_REQUIRED
639	FOUNDRY:P079	LCB-K065	27.0	False	True	UNADJUDICATED	evidence	calibration,decision	calibration,confounding,decision,measurement,transfer	ADAPTER_AND_CONTRASTIVE_BOUNDARY_BENCHMARK			NOT_READY_MISSING_DECLARED_CONTRACT
640	FOUNDRY:P079	LCB-K073	27.0	False	True	UNADJUDICATED	evidence	calibration,decision	calibration,decision,transfer	ADAPTER_AND_CONTRASTIVE_BOUNDARY_BENCHMARK			NOT_READY_MISSING_DECLARED_CONTRACT
641	FOUNDRY:P079	LCB-K074	27.0	False	True	UNADJUDICATED	evidence	calibration,decision	boundary,calibration,confounding,decision,measurement,transfer	ADAPTER_AND_CONTRASTIVE_BOUNDARY_BENCHMARK			NOT_READY_MISSING_DECLARED_CONTRACT
642	FOUNDRY:P079	LCB-K080	27.0	False	True	UNADJUDICATED	evidence	calibration,decision	calibration,decision,transfer	ADAPTER_AND_CONTRASTIVE_BOUNDARY_BENCHMARK			NOT_READY_MISSING_DECLARED_CONTRACT
643	FOUNDRY:P082	LCB-K003	27.0	False	True	UNADJUDICATED	boundary,gate	calibration	calibration	ADAPTER_AND_CONTRASTIVE_BOUNDARY_BENCHMARK			NOT_READY_MISSING_DECLARED_CONTRACT
644	FOUNDRY:P082	LCB-K010	27.0	False	True	UNADJUDICATED	boundary,gate	calibration	calibration	ADAPTER_AND_CONTRASTIVE_BOUNDARY_BENCHMARK			NOT_READY_MISSING_DECLARED_CONTRACT
645	FOUNDRY:P082	LCB-K015	27.0	False	True	UNADJUDICATED	boundary,gate	calibration	calibration	ADAPTER_AND_CONTRASTIVE_BOUNDARY_BENCHMARK			NOT_READY_MISSING_DECLARED_CONTRACT
646	FOUNDRY:P082	LCB-K035	27.0	False	True	UNADJUDICATED	boundary,gate	calibration	calibration	ADAPTER_AND_CONTRASTIVE_BOUNDARY_BENCHMARK			NOT_READY_MISSING_DECLARED_CONTRACT
647	FOUNDRY:P082	LCB-K048	27.0	False	True	UNADJUDICATED	boundary,gate	calibration	calibration	ADAPTER_AND_CONTRASTIVE_BOUNDARY_BENCHMARK			NOT_READY_MISSING_DECLARED_CONTRACT
648	FOUNDRY:P082	LCB-K049	27.0	False	True	UNADJUDICATED	boundary,gate	calibration	calibration	ADAPTER_AND_CONTRASTIVE_BOUNDARY_BENCHMARK			NOT_READY_MISSING_DECLARED_CONTRACT
649	FOUNDRY:P082	LCB-K055	27.0	False	True	UNADJUDICATED	boundary,gate	calibration	calibration	ADAPTER_AND_CONTRASTIVE_BOUNDARY_BENCHMARK			NOT_READY_MISSING_DECLARED_CONTRACT
650	FOUNDRY:P082	LCB-K056	27.0	False	True	UNADJUDICATED	boundary,gate	calibration	calibration	ADAPTER_AND_CONTRASTIVE_BOUNDARY_BENCHMARK			NOT_READY_MISSING_DECLARED_CONTRACT
651	FOUNDRY:P082	LCB-K068	27.0	False	True	UNADJUDICATED	boundary,gate	calibration	calibration	ADAPTER_AND_CONTRASTIVE_BOUNDARY_BENCHMARK			NOT_READY_MISSING_DECLARED_CONTRACT
652	FOUNDRY:P082	LCB-K086	27.0	False	True	UNADJUDICATED	boundary,gate	calibration	calibration	ADAPTER_AND_CONTRASTIVE_BOUNDARY_BENCHMARK			NOT_READY_MISSING_DECLARED_CONTRACT
653	FOUNDRY:P082	LCB-K090	27.0	False	True	UNADJUDICATED	boundary,gate	calibration	calibration	ADAPTER_AND_CONTRASTIVE_BOUNDARY_BENCHMARK			NOT_READY_MISSING_DECLARED_CONTRACT
654	FOUNDRY:P082	LCB-K091	27.0	False	True	UNADJUDICATED	boundary,gate	calibration	calibration	ADAPTER_AND_CONTRASTIVE_BOUNDARY_BENCHMARK			NOT_READY_MISSING_DECLARED_CONTRACT
655	FOUNDRY:P082	PARENT:IM340_IM280_CWC	27.0	False	True	UNADJUDICATED	boundary,gate	calibration	calibration	ADAPTER_AND_CONTRASTIVE_BOUNDARY_BENCHMARK			NOT_READY_MISSING_DECLARED_CONTRACT
656	FOUNDRY:P082	PARENT:IM359_IM014_AICC	27.0	False	True	UNADJUDICATED	boundary,gate	calibration	calibration	ADAPTER_AND_CONTRASTIVE_BOUNDARY_BENCHMARK			NOT_READY_MISSING_DECLARED_CONTRACT
657	FOUNDRY:P082	PARENT:IM406_IM037_ACRA	27.0	False	True	UNADJUDICATED	boundary,gate	calibration	calibration	ADAPTER_AND_CONTRASTIVE_BOUNDARY_BENCHMARK			NOT_READY_MISSING_DECLARED_CONTRACT
658	FOUNDRY:P082	PARENT:R008_E612_E613_LGID	27.0	False	True	UNADJUDICATED	boundary,gate	calibration	calibration	ADAPTER_AND_CONTRASTIVE_BOUNDARY_BENCHMARK			NOT_READY_MISSING_DECLARED_CONTRACT
659	FOUNDRY:P082	PARENT:R041_CONSTRAINED_POLICY_CAPL	27.0	False	True	UNADJUDICATED	boundary,gate	calibration	calibration	ADAPTER_AND_CONTRASTIVE_BOUNDARY_BENCHMARK			NOT_READY_MISSING_DECLARED_CONTRACT
660	FOUNDRY:P084	LCB-K003	27.0	False	True	UNADJUDICATED	boundary,gate	calibration	calibration	ADAPTER_AND_CONTRASTIVE_BOUNDARY_BENCHMARK			NOT_READY_MISSING_DECLARED_CONTRACT
661	FOUNDRY:P084	LCB-K015	27.0	False	True	UNADJUDICATED	boundary,gate	calibration	calibration	ADAPTER_AND_CONTRASTIVE_BOUNDARY_BENCHMARK			NOT_READY_MISSING_DECLARED_CONTRACT
662	FOUNDRY:P084	LCB-K035	27.0	False	True	UNADJUDICATED	boundary,gate	calibration	calibration	ADAPTER_AND_CONTRASTIVE_BOUNDARY_BENCHMARK			NOT_READY_MISSING_DECLARED_CONTRACT
663	FOUNDRY:P084	LCB-K049	27.0	False	True	UNADJUDICATED	boundary,gate	calibration	calibration	ADAPTER_AND_CONTRASTIVE_BOUNDARY_BENCHMARK			NOT_READY_MISSING_DECLARED_CONTRACT
664	FOUNDRY:P084	LCB-K055	27.0	False	True	UNADJUDICATED	boundary,gate	calibration	calibration	ADAPTER_AND_CONTRASTIVE_BOUNDARY_BENCHMARK			NOT_READY_MISSING_DECLARED_CONTRACT
665	FOUNDRY:P084	LCB-K068	27.0	False	True	UNADJUDICATED	boundary,gate	calibration	calibration	ADAPTER_AND_CONTRASTIVE_BOUNDARY_BENCHMARK			NOT_READY_MISSING_DECLARED_CONTRACT
666	FOUNDRY:P084	LCB-K081	27.0	False	True	UNADJUDICATED	boundary,gate	calibration	calibration,control,transfer	ADAPTER_AND_CONTRASTIVE_BOUNDARY_BENCHMARK			NOT_READY_MISSING_DECLARED_CONTRACT
667	FOUNDRY:P084	LCB-K090	27.0	False	True	UNADJUDICATED	boundary,gate	calibration	calibration	ADAPTER_AND_CONTRASTIVE_BOUNDARY_BENCHMARK			NOT_READY_MISSING_DECLARED_CONTRACT
668	FOUNDRY:P084	LCB-K091	27.0	False	True	UNADJUDICATED	boundary,gate	calibration	calibration	ADAPTER_AND_CONTRASTIVE_BOUNDARY_BENCHMARK			NOT_READY_MISSING_DECLARED_CONTRACT
669	FOUNDRY:P084	PARENT:IM406_IM037_ACRA	27.0	False	True	UNADJUDICATED	boundary,gate	calibration	calibration	ADAPTER_AND_CONTRASTIVE_BOUNDARY_BENCHMARK			NOT_READY_MISSING_DECLARED_CONTRACT
670	FOUNDRY:P085	LCB-K012	27.0	False	True	UNADJUDICATED	boundary,gate	calibration	allocation,calibration,support,uncertainty	ADAPTER_AND_CONTRASTIVE_BOUNDARY_BENCHMARK			NOT_READY_MISSING_DECLARED_CONTRACT
671	FOUNDRY:P085	LCB-K081	27.0	False	True	UNADJUDICATED	boundary,gate	calibration	allocation,calibration,support,transfer,uncertainty	ADAPTER_AND_CONTRASTIVE_BOUNDARY_BENCHMARK			NOT_READY_MISSING_DECLARED_CONTRACT
672	FOUNDRY:P087	LCB-K003	27.0	False	True	UNADJUDICATED	boundary,gate	calibration	calibration	ADAPTER_AND_CONTRASTIVE_BOUNDARY_BENCHMARK			NOT_READY_MISSING_DECLARED_CONTRACT
673	FOUNDRY:P087	LCB-K010	27.0	False	True	UNADJUDICATED	boundary,gate	calibration	calibration	ADAPTER_AND_CONTRASTIVE_BOUNDARY_BENCHMARK			NOT_READY_MISSING_DECLARED_CONTRACT
674	FOUNDRY:P087	LCB-K015	27.0	False	True	UNADJUDICATED	boundary,gate	calibration	calibration	ADAPTER_AND_CONTRASTIVE_BOUNDARY_BENCHMARK			NOT_READY_MISSING_DECLARED_CONTRACT
675	FOUNDRY:P087	LCB-K035	27.0	False	True	UNADJUDICATED	boundary,gate	calibration	calibration	ADAPTER_AND_CONTRASTIVE_BOUNDARY_BENCHMARK			NOT_READY_MISSING_DECLARED_CONTRACT
676	FOUNDRY:P087	LCB-K048	27.0	False	True	UNADJUDICATED	boundary,gate	calibration	calibration	ADAPTER_AND_CONTRASTIVE_BOUNDARY_BENCHMARK			NOT_READY_MISSING_DECLARED_CONTRACT
677	FOUNDRY:P087	LCB-K049	27.0	False	True	UNADJUDICATED	boundary,gate	calibration	calibration	ADAPTER_AND_CONTRASTIVE_BOUNDARY_BENCHMARK			NOT_READY_MISSING_DECLARED_CONTRACT
678	FOUNDRY:P087	LCB-K055	27.0	False	True	UNADJUDICATED	boundary,gate	calibration	calibration	ADAPTER_AND_CONTRASTIVE_BOUNDARY_BENCHMARK			NOT_READY_MISSING_DECLARED_CONTRACT
679	FOUNDRY:P087	LCB-K056	27.0	False	True	UNADJUDICATED	boundary,gate	calibration	calibration	ADAPTER_AND_CONTRASTIVE_BOUNDARY_BENCHMARK			NOT_READY_MISSING_DECLARED_CONTRACT
680	FOUNDRY:P087	LCB-K068	27.0	False	True	UNADJUDICATED	boundary,gate	calibration	calibration	ADAPTER_AND_CONTRASTIVE_BOUNDARY_BENCHMARK			NOT_READY_MISSING_DECLARED_CONTRACT
681	FOUNDRY:P087	LCB-K086	27.0	False	True	UNADJUDICATED	boundary,gate	calibration	calibration	ADAPTER_AND_CONTRASTIVE_BOUNDARY_BENCHMARK			NOT_READY_MISSING_DECLARED_CONTRACT
682	FOUNDRY:P087	LCB-K090	27.0	False	True	UNADJUDICATED	boundary,gate	calibration	calibration	ADAPTER_AND_CONTRASTIVE_BOUNDARY_BENCHMARK			NOT_READY_MISSING_DECLARED_CONTRACT
683	FOUNDRY:P087	LCB-K091	27.0	False	True	UNADJUDICATED	boundary,gate	calibration	calibration	ADAPTER_AND_CONTRASTIVE_BOUNDARY_BENCHMARK			NOT_READY_MISSING_DECLARED_CONTRACT
684	FOUNDRY:P087	PARENT:IM340_IM280_CWC	27.0	False	True	UNADJUDICATED	boundary,gate	calibration	calibration	ADAPTER_AND_CONTRASTIVE_BOUNDARY_BENCHMARK			NOT_READY_MISSING_DECLARED_CONTRACT
685	FOUNDRY:P087	PARENT:IM359_IM014_AICC	27.0	False	True	UNADJUDICATED	boundary,gate	calibration	calibration	ADAPTER_AND_CONTRASTIVE_BOUNDARY_BENCHMARK			NOT_READY_MISSING_DECLARED_CONTRACT
686	FOUNDRY:P087	PARENT:IM406_IM037_ACRA	27.0	False	True	UNADJUDICATED	boundary,gate	calibration	calibration	ADAPTER_AND_CONTRASTIVE_BOUNDARY_BENCHMARK			NOT_READY_MISSING_DECLARED_CONTRACT
687	FOUNDRY:P087	PARENT:R008_E612_E613_LGID	27.0	False	True	UNADJUDICATED	boundary,gate	calibration	calibration	ADAPTER_AND_CONTRASTIVE_BOUNDARY_BENCHMARK			NOT_READY_MISSING_DECLARED_CONTRACT
688	FOUNDRY:P087	PARENT:R041_CONSTRAINED_POLICY_CAPL	27.0	False	True	UNADJUDICATED	boundary,gate	calibration	calibration	ADAPTER_AND_CONTRASTIVE_BOUNDARY_BENCHMARK			NOT_READY_MISSING_DECLARED_CONTRACT
689	FOUNDRY:P088	LCB-K003	27.0	False	True	UNADJUDICATED	boundary,gate	calibration	calibration	ADAPTER_AND_CONTRASTIVE_BOUNDARY_BENCHMARK			NOT_READY_MISSING_DECLARED_CONTRACT
690	FOUNDRY:P088	LCB-K010	27.0	False	True	UNADJUDICATED	boundary,gate	calibration	calibration	ADAPTER_AND_CONTRASTIVE_BOUNDARY_BENCHMARK			NOT_READY_MISSING_DECLARED_CONTRACT
691	FOUNDRY:P088	LCB-K015	27.0	False	True	UNADJUDICATED	boundary,gate	calibration	calibration	ADAPTER_AND_CONTRASTIVE_BOUNDARY_BENCHMARK			NOT_READY_MISSING_DECLARED_CONTRACT
692	FOUNDRY:P088	LCB-K035	27.0	False	True	UNADJUDICATED	boundary,gate	calibration	calibration	ADAPTER_AND_CONTRASTIVE_BOUNDARY_BENCHMARK			NOT_READY_MISSING_DECLARED_CONTRACT
693	FOUNDRY:P088	LCB-K048	27.0	False	True	UNADJUDICATED	boundary,gate	calibration	calibration	ADAPTER_AND_CONTRASTIVE_BOUNDARY_BENCHMARK			NOT_READY_MISSING_DECLARED_CONTRACT
694	FOUNDRY:P088	LCB-K049	27.0	False	True	UNADJUDICATED	boundary,gate	calibration	calibration	ADAPTER_AND_CONTRASTIVE_BOUNDARY_BENCHMARK			NOT_READY_MISSING_DECLARED_CONTRACT
695	FOUNDRY:P088	LCB-K055	27.0	False	True	UNADJUDICATED	boundary,gate	calibration	calibration	ADAPTER_AND_CONTRASTIVE_BOUNDARY_BENCHMARK			NOT_READY_MISSING_DECLARED_CONTRACT
696	FOUNDRY:P088	LCB-K056	27.0	False	True	UNADJUDICATED	boundary,gate	calibration	calibration	ADAPTER_AND_CONTRASTIVE_BOUNDARY_BENCHMARK			NOT_READY_MISSING_DECLARED_CONTRACT
697	FOUNDRY:P088	LCB-K068	27.0	False	True	UNADJUDICATED	boundary,gate	calibration	calibration	ADAPTER_AND_CONTRASTIVE_BOUNDARY_BENCHMARK			NOT_READY_MISSING_DECLARED_CONTRACT
698	FOUNDRY:P088	LCB-K086	27.0	False	True	UNADJUDICATED	boundary,gate	calibration	calibration	ADAPTER_AND_CONTRASTIVE_BOUNDARY_BENCHMARK			NOT_READY_MISSING_DECLARED_CONTRACT
699	FOUNDRY:P088	LCB-K090	27.0	False	True	UNADJUDICATED	boundary,gate	calibration	calibration	ADAPTER_AND_CONTRASTIVE_BOUNDARY_BENCHMARK			NOT_READY_MISSING_DECLARED_CONTRACT
700	FOUNDRY:P088	LCB-K091	27.0	False	True	UNADJUDICATED	boundary,gate	calibration	calibration	ADAPTER_AND_CONTRASTIVE_BOUNDARY_BENCHMARK			NOT_READY_MISSING_DECLARED_CONTRACT
701	FOUNDRY:P088	PARENT:IM340_IM280_CWC	27.0	False	True	UNADJUDICATED	boundary,gate	calibration	calibration	ADAPTER_AND_CONTRASTIVE_BOUNDARY_BENCHMARK			NOT_READY_MISSING_DECLARED_CONTRACT
702	FOUNDRY:P088	PARENT:IM359_IM014_AICC	27.0	False	True	UNADJUDICATED	boundary,gate	calibration	calibration	ADAPTER_AND_CONTRASTIVE_BOUNDARY_BENCHMARK			NOT_READY_MISSING_DECLARED_CONTRACT
703	FOUNDRY:P088	PARENT:IM406_IM037_ACRA	27.0	False	True	UNADJUDICATED	boundary,gate	calibration	calibration	ADAPTER_AND_CONTRASTIVE_BOUNDARY_BENCHMARK			NOT_READY_MISSING_DECLARED_CONTRACT
704	FOUNDRY:P088	PARENT:R008_E612_E613_LGID	27.0	False	True	UNADJUDICATED	boundary,gate	calibration	calibration	ADAPTER_AND_CONTRASTIVE_BOUNDARY_BENCHMARK			NOT_READY_MISSING_DECLARED_CONTRACT
705	FOUNDRY:P089	LCB-K003	27.0	False	True	UNADJUDICATED	boundary,gate	calibration	calibration	ADAPTER_AND_CONTRASTIVE_BOUNDARY_BENCHMARK			NOT_READY_MISSING_DECLARED_CONTRACT
706	FOUNDRY:P089	LCB-K015	27.0	False	True	UNADJUDICATED	boundary,gate	calibration	calibration	ADAPTER_AND_CONTRASTIVE_BOUNDARY_BENCHMARK			NOT_READY_MISSING_DECLARED_CONTRACT
707	FOUNDRY:P089	LCB-K035	27.0	False	True	UNADJUDICATED	boundary,gate	calibration	calibration	ADAPTER_AND_CONTRASTIVE_BOUNDARY_BENCHMARK			NOT_READY_MISSING_DECLARED_CONTRACT
708	FOUNDRY:P089	LCB-K049	27.0	False	True	UNADJUDICATED	boundary,gate	calibration	calibration	ADAPTER_AND_CONTRASTIVE_BOUNDARY_BENCHMARK			NOT_READY_MISSING_DECLARED_CONTRACT
709	FOUNDRY:P089	LCB-K055	27.0	False	True	UNADJUDICATED	boundary,gate	calibration	calibration	ADAPTER_AND_CONTRASTIVE_BOUNDARY_BENCHMARK			NOT_READY_MISSING_DECLARED_CONTRACT
710	FOUNDRY:P089	LCB-K068	27.0	False	True	UNADJUDICATED	boundary,gate	calibration	calibration	ADAPTER_AND_CONTRASTIVE_BOUNDARY_BENCHMARK			NOT_READY_MISSING_DECLARED_CONTRACT
711	FOUNDRY:P089	LCB-K081	27.0	False	True	UNADJUDICATED	boundary,gate	calibration	calibration,control,transfer	ADAPTER_AND_CONTRASTIVE_BOUNDARY_BENCHMARK			NOT_READY_MISSING_DECLARED_CONTRACT
712	FOUNDRY:P089	LCB-K090	27.0	False	True	UNADJUDICATED	boundary,gate	calibration	calibration	ADAPTER_AND_CONTRASTIVE_BOUNDARY_BENCHMARK			NOT_READY_MISSING_DECLARED_CONTRACT
713	FOUNDRY:P089	LCB-K091	27.0	False	True	UNADJUDICATED	boundary,gate	calibration	calibration	ADAPTER_AND_CONTRASTIVE_BOUNDARY_BENCHMARK			NOT_READY_MISSING_DECLARED_CONTRACT
714	FOUNDRY:P089	PARENT:IM406_IM037_ACRA	27.0	False	True	UNADJUDICATED	boundary,gate	calibration	calibration	ADAPTER_AND_CONTRASTIVE_BOUNDARY_BENCHMARK			NOT_READY_MISSING_DECLARED_CONTRACT
715	FOUNDRY:P092	PARENT:IM340_IM280_CWC	27.0	False	True	UNADJUDICATED	boundary,gate	calibration	calibration	ADAPTER_AND_CONTRASTIVE_BOUNDARY_BENCHMARK			NOT_READY_MISSING_DECLARED_CONTRACT
716	FOUNDRY:P092	PARENT:R008_E612_E613_LGID	27.0	False	True	UNADJUDICATED	boundary,gate	calibration	calibration	ADAPTER_AND_CONTRASTIVE_BOUNDARY_BENCHMARK			NOT_READY_MISSING_DECLARED_CONTRACT
717	FOUNDRY:P093	PARENT:IM340_IM280_CWC	27.0	False	True	UNADJUDICATED	boundary,gate	calibration	calibration	ADAPTER_AND_CONTRASTIVE_BOUNDARY_BENCHMARK			NOT_READY_MISSING_DECLARED_CONTRACT
718	FOUNDRY:P093	PARENT:R008_E612_E613_LGID	27.0	False	True	UNADJUDICATED	boundary,gate	calibration	calibration	ADAPTER_AND_CONTRASTIVE_BOUNDARY_BENCHMARK			NOT_READY_MISSING_DECLARED_CONTRACT
719	FOUNDRY:P096	LCB-K012	27.0	False	True	UNADJUDICATED	evidence	decision,uncertainty	confounding,decision,measurement,uncertainty	ADAPTER_AND_CONTRASTIVE_BOUNDARY_BENCHMARK			NOT_READY_MISSING_DECLARED_CONTRACT
720	FOUNDRY:P110	LCB-K012	27.0	False	True	UNADJUDICATED	boundary,gate,representation	calibration	calibration,decision	ADAPTER_AND_CONTRASTIVE_BOUNDARY_BENCHMARK			NOT_READY_MISSING_DECLARED_CONTRACT
721	FOUNDRY:P110	LCB-K081	27.0	False	True	UNADJUDICATED	boundary,gate,representation	calibration	calibration,transfer	ADAPTER_AND_CONTRASTIVE_BOUNDARY_BENCHMARK			NOT_READY_MISSING_DECLARED_CONTRACT
722	FOUNDRY:P141	LCB-R50-149	27.0	False	True	UNADJUDICATED	boundary,gate,representation	calibration	boundary,calibration,decision,reduction,resilience,transfer	ADAPTER_AND_CONTRASTIVE_BOUNDARY_BENCHMARK			NOT_READY_MISSING_DECLARED_CONTRACT
723	FOUNDRY:P142	LCB-K081	27.0	False	True	UNADJUDICATED	gate,representation	calibration	audit,calibration,transfer	ADAPTER_AND_CONTRASTIVE_BOUNDARY_BENCHMARK			NOT_READY_MISSING_DECLARED_CONTRACT
724	FOUNDRY:P142	PARENT:IM340_IM280_CWC	27.0	False	True	UNADJUDICATED	gate,representation	calibration	calibration	ADAPTER_AND_CONTRASTIVE_BOUNDARY_BENCHMARK			NOT_READY_MISSING_DECLARED_CONTRACT
725	FOUNDRY:P142	PARENT:R008_E612_E613_LGID	27.0	False	True	UNADJUDICATED	gate,representation	calibration	calibration	ADAPTER_AND_CONTRASTIVE_BOUNDARY_BENCHMARK			NOT_READY_MISSING_DECLARED_CONTRACT
726	LCB-K041	FOUNDRY:P057	27.0	False	True	UNADJUDICATED	boundary,evidence,gate		calibration,confounding,decision,measurement	ADAPTER_AND_CONTRASTIVE_BOUNDARY_BENCHMARK			NOT_READY_MISSING_DECLARED_CONTRACT
727	LCB-K041	FOUNDRY:P137	27.0	False	True	UNADJUDICATED	boundary,evidence,gate		calibration,transfer	ADAPTER_AND_CONTRASTIVE_BOUNDARY_BENCHMARK			NOT_READY_MISSING_DECLARED_CONTRACT
728	LCB-K041	PARENT:R014_S781_S792_ACSA	27.0	False	True	UNADJUDICATED	boundary,evidence,gate		calibration,transfer	ADAPTER_AND_CONTRASTIVE_BOUNDARY_BENCHMARK			NOT_READY_MISSING_DECLARED_CONTRACT
729	LCB-K041	PARENT:R041_CONSTRAINED_POLICY_CAPL	27.0	False	True	UNADJUDICATED	boundary,evidence,gate		calibration,decision	ADAPTER_AND_CONTRASTIVE_BOUNDARY_BENCHMARK			NOT_READY_MISSING_DECLARED_CONTRACT
730	LCB-K074	FOUNDRY:P078	27.0	False	True	UNADJUDICATED	boundary,evidence,gate		audit,calibration,transfer	ADAPTER_AND_CONTRASTIVE_BOUNDARY_BENCHMARK			NOT_READY_MISSING_DECLARED_CONTRACT
731	LCB-K074	PARENT:IM340_IM280_CWC	27.0	False	True	UNADJUDICATED	boundary,evidence,gate		calibration	ADAPTER_AND_CONTRASTIVE_BOUNDARY_BENCHMARK			NOT_READY_MISSING_DECLARED_CONTRACT
732	LCB-K074	PARENT:R008_E612_E613_LGID	27.0	False	True	UNADJUDICATED	boundary,evidence,gate		calibration	ADAPTER_AND_CONTRASTIVE_BOUNDARY_BENCHMARK			NOT_READY_MISSING_DECLARED_CONTRACT
733	LCB-K084	FOUNDRY:P140	27.0	False	True	UNADJUDICATED		calibration,decision	calibration,decision,transfer	ADAPTER_AND_CONTRASTIVE_BOUNDARY_BENCHMARK			NOT_READY_MISSING_DECLARED_CONTRACT
734	LCB-K084	FOUNDRY:P141	27.0	False	True	UNADJUDICATED		calibration,decision	calibration,decision,transfer	ADAPTER_AND_CONTRASTIVE_BOUNDARY_BENCHMARK			BOOTSTRAP_CHANNEL_CALIBRATED_SCIENTIFIC_CONTRACT_STILL_REQUIRED
735	LCB-K084	FOUNDRY:P142	27.0	False	True	UNADJUDICATED		calibration,decision	calibration,decision,transfer	ADAPTER_AND_CONTRASTIVE_BOUNDARY_BENCHMARK			NOT_READY_MISSING_DECLARED_CONTRACT
736	LCB-K084	PARENT:IM139_IM250_CCVC	27.0	False	True	UNADJUDICATED		calibration,decision	calibration,decision,transfer	ADAPTER_AND_CONTRASTIVE_BOUNDARY_BENCHMARK			NOT_READY_MISSING_DECLARED_CONTRACT
737	LCB-K084	PARENT:IM334_IM094_DRE	27.0	False	True	UNADJUDICATED		calibration,decision	calibration,decision,transfer	ADAPTER_AND_CONTRASTIVE_BOUNDARY_BENCHMARK			NOT_READY_MISSING_DECLARED_CONTRACT
738	LCB-K084	PARENT:R023_M421_M428_CORMA	27.0	False	True	UNADJUDICATED		calibration,decision	calibration,decision,transfer	ADAPTER_AND_CONTRASTIVE_BOUNDARY_BENCHMARK			NOT_READY_MISSING_DECLARED_CONTRACT
739	PARENT:IM139_IM250_CCVC	FOUNDRY:P035	27.0	False	True	UNADJUDICATED	boundary,gate,representation		calibration,decision,reduction,resilience	ADAPTER_AND_CONTRASTIVE_BOUNDARY_BENCHMARK			NOT_READY_MISSING_DECLARED_CONTRACT
740	PARENT:IM139_IM250_CCVC	FOUNDRY:P078	27.0	False	True	UNADJUDICATED	boundary,gate,representation		audit,calibration,transfer	ADAPTER_AND_CONTRASTIVE_BOUNDARY_BENCHMARK			NOT_READY_MISSING_DECLARED_CONTRACT
741	PARENT:IM139_IM250_CCVC	LCB-K012	27.0	False	True	UNADJUDICATED	boundary,gate,representation		calibration,control,decision	ADAPTER_AND_CONTRASTIVE_BOUNDARY_BENCHMARK			NOT_READY_MISSING_DECLARED_CONTRACT
742	PARENT:IM139_IM250_CCVC	LCB-K081	27.0	False	True	UNADJUDICATED	boundary,gate,representation		audit,calibration,control,transfer	ADAPTER_AND_CONTRASTIVE_BOUNDARY_BENCHMARK			NOT_READY_MISSING_DECLARED_CONTRACT
743	PARENT:R016_M821_M839_FCMS	FOUNDRY:P138	27.0	False	True	UNADJUDICATED		decision,uncertainty	calibration,decision,uncertainty	ADAPTER_AND_CONTRASTIVE_BOUNDARY_BENCHMARK			NOT_READY_MISSING_DECLARED_CONTRACT
744	PARENT:R016_M821_M839_FCMS	PARENT:IM178_IM326_TWMR	27.0	False	True	UNADJUDICATED		decision,uncertainty	calibration,decision,uncertainty	ADAPTER_AND_CONTRASTIVE_BOUNDARY_BENCHMARK			NOT_READY_MISSING_DECLARED_CONTRACT
745	PARENT:R016_M821_M839_FCMS	PARENT:IM334_IM094_DRE	27.0	False	True	UNADJUDICATED		decision,uncertainty	calibration,decision,transfer,uncertainty	ADAPTER_AND_CONTRASTIVE_BOUNDARY_BENCHMARK			NOT_READY_MISSING_DECLARED_CONTRACT
746	PARENT:R016_M821_M839_FCMS	PARENT:IM359_IM014_AICC	27.0	False	True	UNADJUDICATED		decision,uncertainty	calibration,decision,uncertainty	ADAPTER_AND_CONTRASTIVE_BOUNDARY_BENCHMARK			NOT_READY_MISSING_DECLARED_CONTRACT
747	PARENT:R016_M821_M839_FCMS	PARENT:IM406_IM037_ACRA	27.0	False	True	UNADJUDICATED		decision,uncertainty	calibration,decision,uncertainty	ADAPTER_AND_CONTRASTIVE_BOUNDARY_BENCHMARK			NOT_READY_MISSING_DECLARED_CONTRACT
748	PARENT:R016_M821_M839_FCMS	PARENT:R020_P848_P851_SCCRT	27.0	False	True	UNADJUDICATED		decision,uncertainty	calibration,decision,uncertainty	ADAPTER_AND_CONTRASTIVE_BOUNDARY_BENCHMARK			NOT_READY_MISSING_DECLARED_CONTRACT
749	PARENT:R028_S418_S439_TDSX	FOUNDRY:P035	27.0	False	True	UNADJUDICATED	boundary,gate	decision	calibration,decision	ADAPTER_AND_CONTRASTIVE_BOUNDARY_BENCHMARK			NOT_READY_MISSING_DECLARED_CONTRACT
750	PARENT:R028_S418_S439_TDSX	LCB-K012	27.0	False	True	UNADJUDICATED	boundary,gate	decision	calibration,decision	ADAPTER_AND_CONTRASTIVE_BOUNDARY_BENCHMARK			NOT_READY_MISSING_DECLARED_CONTRACT
751	PARENT:R037_SUPPORT_COVARIANCE_SACPS	FOUNDRY:P143	27.0	False	True	UNADJUDICATED		support,uncertainty	audit,calibration,support,transfer,uncertainty	ADAPTER_AND_CONTRASTIVE_BOUNDARY_BENCHMARK			NOT_READY_MISSING_DECLARED_CONTRACT
752	PARENT:R037_SUPPORT_COVARIANCE_SACPS	LCB-K030	27.0	False	True	UNADJUDICATED		support,uncertainty	calibration,decision,support,uncertainty	ADAPTER_AND_CONTRASTIVE_BOUNDARY_BENCHMARK			NOT_READY_MISSING_DECLARED_CONTRACT
753	PARENT:R037_SUPPORT_COVARIANCE_SACPS	PARENT:IM141_IM023_CDBL	27.0	False	True	UNADJUDICATED		support,uncertainty	calibration,support,uncertainty	ADAPTER_AND_CONTRASTIVE_BOUNDARY_BENCHMARK			NOT_READY_MISSING_DECLARED_CONTRACT
754	PARENT:R037_SUPPORT_COVARIANCE_SACPS	PARENT:IM401_IM030_MFPA	27.0	False	True	UNADJUDICATED		support,uncertainty	calibration,support,transfer,uncertainty	ADAPTER_AND_CONTRASTIVE_BOUNDARY_BENCHMARK			NOT_READY_MISSING_DECLARED_CONTRACT
755	PARENT:R037_SUPPORT_COVARIANCE_SACPS	PARENT:IM445_IM085_CSID	27.0	False	True	UNADJUDICATED		support,uncertainty	audit,calibration,support,transfer,uncertainty	ADAPTER_AND_CONTRASTIVE_BOUNDARY_BENCHMARK			BOOTSTRAP_CHANNEL_CALIBRATED_SCIENTIFIC_CONTRACT_STILL_REQUIRED
756	PARENT:R037_SUPPORT_COVARIANCE_SACPS	PARENT:R024_M423_M426_BRED	27.0	False	True	UNADJUDICATED		support,uncertainty	calibration,support,uncertainty	ADAPTER_AND_CONTRASTIVE_BOUNDARY_BENCHMARK			NOT_READY_MISSING_DECLARED_CONTRACT
757	PARENT:R037_SUPPORT_COVARIANCE_SACPS	PARENT:R045_TARGET_MEMORY_ATRC	27.0	False	True	UNADJUDICATED		support,uncertainty	audit,calibration,support,transfer,uncertainty	ADAPTER_AND_CONTRASTIVE_BOUNDARY_BENCHMARK			NOT_READY_MISSING_DECLARED_CONTRACT
758	PARENT:R038_DECISION_HEDGE_DHCC	PARENT:IM178_IM326_TWMR	27.0	False	True	UNADJUDICATED		decision,uncertainty	calibration,decision,uncertainty	ADAPTER_AND_CONTRASTIVE_BOUNDARY_BENCHMARK			NOT_READY_MISSING_DECLARED_CONTRACT
759	PARENT:R038_DECISION_HEDGE_DHCC	PARENT:R020_P848_P851_SCCRT	27.0	False	True	UNADJUDICATED		decision,uncertainty	calibration,decision,uncertainty	ADAPTER_AND_CONTRASTIVE_BOUNDARY_BENCHMARK			NOT_READY_MISSING_DECLARED_CONTRACT
760	PARENT:R046_METRIC_DECISION_MDDC	FOUNDRY:P138	27.0	False	True	UNADJUDICATED		decision,uncertainty	calibration,decision,uncertainty	ADAPTER_AND_CONTRASTIVE_BOUNDARY_BENCHMARK			NOT_READY_MISSING_DECLARED_CONTRACT
761	PARENT:R046_METRIC_DECISION_MDDC	PARENT:IM178_IM326_TWMR	27.0	False	True	UNADJUDICATED		decision,uncertainty	calibration,decision,uncertainty	ADAPTER_AND_CONTRASTIVE_BOUNDARY_BENCHMARK			NOT_READY_MISSING_DECLARED_CONTRACT
762	PARENT:R046_METRIC_DECISION_MDDC	PARENT:IM334_IM094_DRE	27.0	False	True	UNADJUDICATED		decision,uncertainty	calibration,decision,transfer,uncertainty	ADAPTER_AND_CONTRASTIVE_BOUNDARY_BENCHMARK			NOT_READY_MISSING_DECLARED_CONTRACT
763	PARENT:R046_METRIC_DECISION_MDDC	PARENT:IM359_IM014_AICC	27.0	False	True	UNADJUDICATED		decision,uncertainty	calibration,decision,uncertainty	ADAPTER_AND_CONTRASTIVE_BOUNDARY_BENCHMARK			NOT_READY_MISSING_DECLARED_CONTRACT
764	PARENT:R046_METRIC_DECISION_MDDC	PARENT:IM406_IM037_ACRA	27.0	False	True	UNADJUDICATED		decision,uncertainty	calibration,decision,uncertainty	ADAPTER_AND_CONTRASTIVE_BOUNDARY_BENCHMARK			NOT_READY_MISSING_DECLARED_CONTRACT
765	PARENT:R046_METRIC_DECISION_MDDC	PARENT:R020_P848_P851_SCCRT	27.0	False	True	UNADJUDICATED		decision,uncertainty	calibration,decision,uncertainty	ADAPTER_AND_CONTRASTIVE_BOUNDARY_BENCHMARK			NOT_READY_MISSING_DECLARED_CONTRACT
766	PARENT:R048_MORTGAGE_BURNOUT_MBPF	FOUNDRY:P137	27.0	False	True	UNADJUDICATED		support,uncertainty	calibration,support,transfer,uncertainty	ADAPTER_AND_CONTRASTIVE_BOUNDARY_BENCHMARK			NOT_READY_MISSING_DECLARED_CONTRACT
767	PARENT:R048_MORTGAGE_BURNOUT_MBPF	FOUNDRY:P138	27.0	False	True	UNADJUDICATED		support,uncertainty	calibration,support,uncertainty	ADAPTER_AND_CONTRASTIVE_BOUNDARY_BENCHMARK			NOT_READY_MISSING_DECLARED_CONTRACT
768	PARENT:R048_MORTGAGE_BURNOUT_MBPF	FOUNDRY:P143	27.0	False	True	UNADJUDICATED		support,uncertainty	calibration,finance,support,transfer,uncertainty	ADAPTER_AND_CONTRASTIVE_BOUNDARY_BENCHMARK			NOT_READY_MISSING_DECLARED_CONTRACT
769	PARENT:R048_MORTGAGE_BURNOUT_MBPF	LCB-K003	27.0	False	True	UNADJUDICATED		support,uncertainty	calibration,support,uncertainty	ADAPTER_AND_CONTRASTIVE_BOUNDARY_BENCHMARK			NOT_READY_MISSING_DECLARED_CONTRACT
770	PARENT:R048_MORTGAGE_BURNOUT_MBPF	LCB-K010	27.0	False	True	UNADJUDICATED		support,uncertainty	calibration,support,uncertainty	ADAPTER_AND_CONTRASTIVE_BOUNDARY_BENCHMARK			NOT_READY_MISSING_DECLARED_CONTRACT
771	PARENT:R048_MORTGAGE_BURNOUT_MBPF	LCB-K015	27.0	False	True	UNADJUDICATED		support,uncertainty	calibration,support,uncertainty	ADAPTER_AND_CONTRASTIVE_BOUNDARY_BENCHMARK			NOT_READY_MISSING_DECLARED_CONTRACT
772	PARENT:R048_MORTGAGE_BURNOUT_MBPF	LCB-K030	27.0	False	True	UNADJUDICATED		support,uncertainty	calibration,support,uncertainty	ADAPTER_AND_CONTRASTIVE_BOUNDARY_BENCHMARK			NOT_READY_MISSING_DECLARED_CONTRACT
773	PARENT:R048_MORTGAGE_BURNOUT_MBPF	LCB-K035	27.0	False	True	UNADJUDICATED		support,uncertainty	calibration,support,uncertainty	ADAPTER_AND_CONTRASTIVE_BOUNDARY_BENCHMARK			NOT_READY_MISSING_DECLARED_CONTRACT
774	PARENT:R048_MORTGAGE_BURNOUT_MBPF	LCB-K048	27.0	False	True	UNADJUDICATED		support,uncertainty	calibration,support,uncertainty	ADAPTER_AND_CONTRASTIVE_BOUNDARY_BENCHMARK			NOT_READY_MISSING_DECLARED_CONTRACT
775	PARENT:R048_MORTGAGE_BURNOUT_MBPF	LCB-K049	27.0	False	True	UNADJUDICATED		support,uncertainty	calibration,support,uncertainty	ADAPTER_AND_CONTRASTIVE_BOUNDARY_BENCHMARK			NOT_READY_MISSING_DECLARED_CONTRACT
776	PARENT:R048_MORTGAGE_BURNOUT_MBPF	LCB-K055	27.0	False	True	UNADJUDICATED		support,uncertainty	calibration,support,uncertainty	ADAPTER_AND_CONTRASTIVE_BOUNDARY_BENCHMARK			NOT_READY_MISSING_DECLARED_CONTRACT
777	PARENT:R048_MORTGAGE_BURNOUT_MBPF	LCB-K056	27.0	False	True	UNADJUDICATED		support,uncertainty	calibration,support,uncertainty	ADAPTER_AND_CONTRASTIVE_BOUNDARY_BENCHMARK			NOT_READY_MISSING_DECLARED_CONTRACT
778	PARENT:R048_MORTGAGE_BURNOUT_MBPF	LCB-K068	27.0	False	True	UNADJUDICATED		support,uncertainty	calibration,support,uncertainty	ADAPTER_AND_CONTRASTIVE_BOUNDARY_BENCHMARK			NOT_READY_MISSING_DECLARED_CONTRACT
779	PARENT:R048_MORTGAGE_BURNOUT_MBPF	LCB-K086	27.0	False	True	UNADJUDICATED		support,uncertainty	calibration,support,uncertainty	ADAPTER_AND_CONTRASTIVE_BOUNDARY_BENCHMARK			NOT_READY_MISSING_DECLARED_CONTRACT
780	PARENT:R048_MORTGAGE_BURNOUT_MBPF	LCB-K090	27.0	False	True	UNADJUDICATED		support,uncertainty	calibration,support,uncertainty	ADAPTER_AND_CONTRASTIVE_BOUNDARY_BENCHMARK			NOT_READY_MISSING_DECLARED_CONTRACT
781	PARENT:R048_MORTGAGE_BURNOUT_MBPF	LCB-K091	27.0	False	True	UNADJUDICATED		support,uncertainty	calibration,support,uncertainty	ADAPTER_AND_CONTRASTIVE_BOUNDARY_BENCHMARK			NOT_READY_MISSING_DECLARED_CONTRACT
782	PARENT:R048_MORTGAGE_BURNOUT_MBPF	PARENT:IM141_IM023_CDBL	27.0	False	True	UNADJUDICATED		support,uncertainty	calibration,support,uncertainty	ADAPTER_AND_CONTRASTIVE_BOUNDARY_BENCHMARK			NOT_READY_MISSING_DECLARED_CONTRACT
783	PARENT:R048_MORTGAGE_BURNOUT_MBPF	PARENT:IM178_IM326_TWMR	27.0	False	True	UNADJUDICATED		support,uncertainty	calibration,support,uncertainty	ADAPTER_AND_CONTRASTIVE_BOUNDARY_BENCHMARK			NOT_READY_MISSING_DECLARED_CONTRACT
784	PARENT:R048_MORTGAGE_BURNOUT_MBPF	PARENT:IM334_IM094_DRE	27.0	False	True	UNADJUDICATED		support,uncertainty	calibration,support,transfer,uncertainty	ADAPTER_AND_CONTRASTIVE_BOUNDARY_BENCHMARK			NOT_READY_MISSING_DECLARED_CONTRACT
785	PARENT:R048_MORTGAGE_BURNOUT_MBPF	PARENT:IM340_IM280_CWC	27.0	False	True	UNADJUDICATED		support,uncertainty	calibration,support,uncertainty	ADAPTER_AND_CONTRASTIVE_BOUNDARY_BENCHMARK			NOT_READY_MISSING_DECLARED_CONTRACT
786	PARENT:R048_MORTGAGE_BURNOUT_MBPF	PARENT:IM359_IM014_AICC	27.0	False	True	UNADJUDICATED		support,uncertainty	calibration,support,uncertainty	ADAPTER_AND_CONTRASTIVE_BOUNDARY_BENCHMARK			NOT_READY_MISSING_DECLARED_CONTRACT
787	PARENT:R048_MORTGAGE_BURNOUT_MBPF	PARENT:IM401_IM030_MFPA	27.0	False	True	UNADJUDICATED		support,uncertainty	calibration,support,transfer,uncertainty	ADAPTER_AND_CONTRASTIVE_BOUNDARY_BENCHMARK			NOT_READY_MISSING_DECLARED_CONTRACT
788	PARENT:R048_MORTGAGE_BURNOUT_MBPF	PARENT:IM406_IM037_ACRA	27.0	False	True	UNADJUDICATED		support,uncertainty	calibration,support,uncertainty	ADAPTER_AND_CONTRASTIVE_BOUNDARY_BENCHMARK			NOT_READY_MISSING_DECLARED_CONTRACT
789	PARENT:R048_MORTGAGE_BURNOUT_MBPF	PARENT:IM445_IM085_CSID	27.0	False	True	UNADJUDICATED		support,uncertainty	calibration,support,transfer,uncertainty	ADAPTER_AND_CONTRASTIVE_BOUNDARY_BENCHMARK			NOT_READY_MISSING_DECLARED_CONTRACT
790	PARENT:R048_MORTGAGE_BURNOUT_MBPF	PARENT:R008_E612_E613_LGID	27.0	False	True	UNADJUDICATED		support,uncertainty	calibration,finance,support,uncertainty	ADAPTER_AND_CONTRASTIVE_BOUNDARY_BENCHMARK			NOT_READY_MISSING_DECLARED_CONTRACT
791	PARENT:R048_MORTGAGE_BURNOUT_MBPF	PARENT:R014_S781_S792_ACSA	27.0	False	True	UNADJUDICATED		support,uncertainty	calibration,support,transfer,uncertainty	ADAPTER_AND_CONTRASTIVE_BOUNDARY_BENCHMARK			NOT_READY_MISSING_DECLARED_CONTRACT
792	PARENT:R048_MORTGAGE_BURNOUT_MBPF	PARENT:R018_M866_M880_MCSC	27.0	False	True	UNADJUDICATED		support,uncertainty	calibration,support,transfer,uncertainty	ADAPTER_AND_CONTRASTIVE_BOUNDARY_BENCHMARK			NOT_READY_MISSING_DECLARED_CONTRACT
793	PARENT:R048_MORTGAGE_BURNOUT_MBPF	PARENT:R020_P848_P851_SCCRT	27.0	False	True	UNADJUDICATED		support,uncertainty	calibration,support,uncertainty	ADAPTER_AND_CONTRASTIVE_BOUNDARY_BENCHMARK			NOT_READY_MISSING_DECLARED_CONTRACT
794	PARENT:R048_MORTGAGE_BURNOUT_MBPF	PARENT:R024_M423_M426_BRED	27.0	False	True	UNADJUDICATED		support,uncertainty	calibration,support,uncertainty	ADAPTER_AND_CONTRASTIVE_BOUNDARY_BENCHMARK			NOT_READY_MISSING_DECLARED_CONTRACT
795	PARENT:R048_MORTGAGE_BURNOUT_MBPF	PARENT:R041_CONSTRAINED_POLICY_CAPL	27.0	False	True	UNADJUDICATED		support,uncertainty	calibration,support,uncertainty	ADAPTER_AND_CONTRASTIVE_BOUNDARY_BENCHMARK			NOT_READY_MISSING_DECLARED_CONTRACT
796	PARENT:R048_MORTGAGE_BURNOUT_MBPF	PARENT:R044_DECISION_LOSS_DLEW	27.0	False	True	UNADJUDICATED		support,uncertainty	calibration,support,transfer,uncertainty	ADAPTER_AND_CONTRASTIVE_BOUNDARY_BENCHMARK			NOT_READY_MISSING_DECLARED_CONTRACT
797	PARENT:R048_MORTGAGE_BURNOUT_MBPF	PARENT:R045_TARGET_MEMORY_ATRC	27.0	False	True	UNADJUDICATED		support,uncertainty	calibration,support,transfer,uncertainty	ADAPTER_AND_CONTRASTIVE_BOUNDARY_BENCHMARK			NOT_READY_MISSING_DECLARED_CONTRACT
798	FOUNDRY:P020	PARENT:IM334_IM094_DRE	26.0	False	True	UNADJUDICATED	boundary,gate	calibration	boundary,calibration,transfer	ADAPTER_AND_CONTRASTIVE_BOUNDARY_BENCHMARK			NOT_READY_MISSING_DECLARED_CONTRACT
799	FOUNDRY:P020	PARENT:R018_M866_M880_MCSC	26.0	False	True	UNADJUDICATED	boundary,gate	calibration	boundary,calibration,transfer	ADAPTER_AND_CONTRASTIVE_BOUNDARY_BENCHMARK			NOT_READY_MISSING_DECLARED_CONTRACT
800	FOUNDRY:P021	PARENT:IM178_IM326_TWMR	26.0	False	True	UNADJUDICATED	evidence	decision,uncertainty	decision,reduction,resilience,uncertainty	ADAPTER_AND_CONTRASTIVE_BOUNDARY_BENCHMARK			NOT_READY_MISSING_DECLARED_CONTRACT
801	FOUNDRY:P021	PARENT:R020_P848_P851_SCCRT	26.0	False	True	UNADJUDICATED	evidence	decision,uncertainty	decision,reduction,resilience,uncertainty	ADAPTER_AND_CONTRASTIVE_BOUNDARY_BENCHMARK			NOT_READY_MISSING_DECLARED_CONTRACT
802	FOUNDRY:P026	PARENT:R014_S781_S792_ACSA	26.0	False	True	UNADJUDICATED	boundary,gate	calibration	calibration,transfer	ADAPTER_AND_CONTRASTIVE_BOUNDARY_BENCHMARK			NOT_READY_MISSING_DECLARED_CONTRACT
803	FOUNDRY:P026	PARENT:R044_DECISION_LOSS_DLEW	26.0	False	True	UNADJUDICATED	boundary,gate	calibration	calibration,transfer	ADAPTER_AND_CONTRASTIVE_BOUNDARY_BENCHMARK			NOT_READY_MISSING_DECLARED_CONTRACT
804	FOUNDRY:P030	PARENT:R014_S781_S792_ACSA	26.0	False	True	UNADJUDICATED	boundary,gate	calibration	calibration,transfer	ADAPTER_AND_CONTRASTIVE_BOUNDARY_BENCHMARK			NOT_READY_MISSING_DECLARED_CONTRACT
805	FOUNDRY:P030	PARENT:R041_CONSTRAINED_POLICY_CAPL	26.0	False	True	UNADJUDICATED	boundary,gate	calibration	calibration,risk	ADAPTER_AND_CONTRASTIVE_BOUNDARY_BENCHMARK			NOT_READY_MISSING_DECLARED_CONTRACT
806	FOUNDRY:P030	PARENT:R044_DECISION_LOSS_DLEW	26.0	False	True	UNADJUDICATED	boundary,gate	calibration	calibration,transfer	ADAPTER_AND_CONTRASTIVE_BOUNDARY_BENCHMARK			NOT_READY_MISSING_DECLARED_CONTRACT
807	FOUNDRY:P044	PARENT:R014_S781_S792_ACSA	26.0	False	True	UNADJUDICATED	boundary,gate	calibration	calibration,transfer	ADAPTER_AND_CONTRASTIVE_BOUNDARY_BENCHMARK			NOT_READY_MISSING_DECLARED_CONTRACT
808	FOUNDRY:P044	PARENT:R044_DECISION_LOSS_DLEW	26.0	False	True	UNADJUDICATED	boundary,gate	calibration	calibration,transfer	ADAPTER_AND_CONTRASTIVE_BOUNDARY_BENCHMARK			NOT_READY_MISSING_DECLARED_CONTRACT
809	FOUNDRY:P045	PARENT:R014_S781_S792_ACSA	26.0	False	True	UNADJUDICATED	boundary,gate	calibration	calibration,transfer	ADAPTER_AND_CONTRASTIVE_BOUNDARY_BENCHMARK			NOT_READY_MISSING_DECLARED_CONTRACT
810	FOUNDRY:P045	PARENT:R044_DECISION_LOSS_DLEW	26.0	False	True	UNADJUDICATED	boundary,gate	calibration	calibration,transfer	ADAPTER_AND_CONTRASTIVE_BOUNDARY_BENCHMARK			NOT_READY_MISSING_DECLARED_CONTRACT
811	FOUNDRY:P052	PARENT:IM334_IM094_DRE	26.0	False	True	UNADJUDICATED	boundary,gate	calibration	boundary,calibration,transfer	ADAPTER_AND_CONTRASTIVE_BOUNDARY_BENCHMARK			NOT_READY_MISSING_DECLARED_CONTRACT
812	FOUNDRY:P052	PARENT:R018_M866_M880_MCSC	26.0	False	True	UNADJUDICATED	boundary,gate	calibration	boundary,calibration,transfer	ADAPTER_AND_CONTRASTIVE_BOUNDARY_BENCHMARK			NOT_READY_MISSING_DECLARED_CONTRACT
813	FOUNDRY:P056	PARENT:IM334_IM094_DRE	26.0	False	True	UNADJUDICATED	boundary,gate	calibration	boundary,calibration,transfer	ADAPTER_AND_CONTRASTIVE_BOUNDARY_BENCHMARK			NOT_READY_MISSING_DECLARED_CONTRACT
814	FOUNDRY:P056	PARENT:R018_M866_M880_MCSC	26.0	False	True	UNADJUDICATED	boundary,gate	calibration	boundary,calibration,transfer	ADAPTER_AND_CONTRASTIVE_BOUNDARY_BENCHMARK			NOT_READY_MISSING_DECLARED_CONTRACT
815	FOUNDRY:P060	PARENT:IM139_IM250_CCVC	26.0	False	True	UNADJUDICATED		calibration,resilience	audit,boundary,calibration,resilience,transfer	ADAPTER_AND_CONTRASTIVE_BOUNDARY_BENCHMARK			NOT_READY_MISSING_DECLARED_CONTRACT
816	FOUNDRY:P060	PARENT:R023_M421_M428_CORMA	26.0	False	True	UNADJUDICATED		calibration,resilience	audit,calibration,resilience,transfer	ADAPTER_AND_CONTRASTIVE_BOUNDARY_BENCHMARK			NOT_READY_MISSING_DECLARED_CONTRACT
817	FOUNDRY:P062	LCB-K081	26.0	False	True	UNADJUDICATED	boundary,gate	calibration	calibration,transfer	ADAPTER_AND_CONTRASTIVE_BOUNDARY_BENCHMARK			NOT_READY_MISSING_DECLARED_CONTRACT
818	FOUNDRY:P062	PARENT:IM139_IM250_CCVC	26.0	False	True	UNADJUDICATED		calibration,decision	boundary,calibration,decision,transfer	ADAPTER_AND_CONTRASTIVE_BOUNDARY_BENCHMARK			NOT_READY_MISSING_DECLARED_CONTRACT
819	FOUNDRY:P062	PARENT:R023_M421_M428_CORMA	26.0	False	True	UNADJUDICATED		calibration,decision	calibration,decision,transfer	ADAPTER_AND_CONTRASTIVE_BOUNDARY_BENCHMARK			NOT_READY_MISSING_DECLARED_CONTRACT
820	FOUNDRY:P063	LCB-K081	26.0	False	True	UNADJUDICATED	boundary,gate	calibration	calibration,transfer	ADAPTER_AND_CONTRASTIVE_BOUNDARY_BENCHMARK			NOT_READY_MISSING_DECLARED_CONTRACT
821	FOUNDRY:P065	PARENT:IM401_IM030_MFPA	26.0	False	True	UNADJUDICATED		calibration,support	boundary,calibration,support,transfer	ADAPTER_AND_CONTRASTIVE_BOUNDARY_BENCHMARK			NOT_READY_MISSING_DECLARED_CONTRACT
822	FOUNDRY:P065	PARENT:IM445_IM085_CSID	26.0	False	True	UNADJUDICATED		calibration,support	calibration,support,transfer	ADAPTER_AND_CONTRASTIVE_BOUNDARY_BENCHMARK			NOT_READY_MISSING_DECLARED_CONTRACT
823	FOUNDRY:P065	PARENT:R045_TARGET_MEMORY_ATRC	26.0	False	True	UNADJUDICATED		calibration,support	calibration,support,transfer	ADAPTER_AND_CONTRASTIVE_BOUNDARY_BENCHMARK			NOT_READY_MISSING_DECLARED_CONTRACT
824	FOUNDRY:P070	PARENT:IM334_IM094_DRE	26.0	False	True	UNADJUDICATED	evidence	decision,uncertainty	confounding,decision,measurement,uncertainty	ADAPTER_AND_CONTRASTIVE_BOUNDARY_BENCHMARK			NOT_READY_MISSING_DECLARED_CONTRACT
825	FOUNDRY:P070	PARENT:IM359_IM014_AICC	26.0	False	True	UNADJUDICATED	evidence	decision,uncertainty	confounding,decision,measurement,uncertainty	ADAPTER_AND_CONTRASTIVE_BOUNDARY_BENCHMARK			NOT_READY_MISSING_DECLARED_CONTRACT
826	FOUNDRY:P070	PARENT:IM406_IM037_ACRA	26.0	False	True	UNADJUDICATED	evidence	decision,uncertainty	confounding,decision,measurement,uncertainty	ADAPTER_AND_CONTRASTIVE_BOUNDARY_BENCHMARK			NOT_READY_MISSING_DECLARED_CONTRACT
827	FOUNDRY:P071	PARENT:R018_M866_M880_MCSC	26.0	False	True	UNADJUDICATED	boundary,gate	calibration	boundary,calibration,transfer	ADAPTER_AND_CONTRASTIVE_BOUNDARY_BENCHMARK			NOT_READY_MISSING_DECLARED_CONTRACT
828	FOUNDRY:P071	PARENT:R044_DECISION_LOSS_DLEW	26.0	False	True	UNADJUDICATED	boundary,gate	calibration	calibration,decision,transfer	ADAPTER_AND_CONTRASTIVE_BOUNDARY_BENCHMARK			NOT_READY_MISSING_DECLARED_CONTRACT
829	FOUNDRY:P074	PARENT:IM334_IM094_DRE	26.0	False	True	UNADJUDICATED	evidence	decision,uncertainty	confounding,decision,measurement,uncertainty	ADAPTER_AND_CONTRASTIVE_BOUNDARY_BENCHMARK			NOT_READY_MISSING_DECLARED_CONTRACT
830	FOUNDRY:P074	PARENT:IM359_IM014_AICC	26.0	False	True	UNADJUDICATED	evidence	decision,uncertainty	confounding,decision,measurement,uncertainty	ADAPTER_AND_CONTRASTIVE_BOUNDARY_BENCHMARK			NOT_READY_MISSING_DECLARED_CONTRACT
831	FOUNDRY:P074	PARENT:IM406_IM037_ACRA	26.0	False	True	UNADJUDICATED	evidence	decision,uncertainty	confounding,decision,measurement,uncertainty	ADAPTER_AND_CONTRASTIVE_BOUNDARY_BENCHMARK			NOT_READY_MISSING_DECLARED_CONTRACT
832	FOUNDRY:P082	LCB-K081	26.0	False	True	UNADJUDICATED	boundary,gate	calibration	calibration,transfer	ADAPTER_AND_CONTRASTIVE_BOUNDARY_BENCHMARK			NOT_READY_MISSING_DECLARED_CONTRACT
833	FOUNDRY:P084	LCB-K012	26.0	False	True	UNADJUDICATED	boundary,gate	calibration	calibration,control	ADAPTER_AND_CONTRASTIVE_BOUNDARY_BENCHMARK			NOT_READY_MISSING_DECLARED_CONTRACT
834	FOUNDRY:P087	LCB-K081	26.0	False	True	UNADJUDICATED	boundary,gate	calibration	calibration,transfer	ADAPTER_AND_CONTRASTIVE_BOUNDARY_BENCHMARK			NOT_READY_MISSING_DECLARED_CONTRACT
835	FOUNDRY:P088	LCB-K081	26.0	False	True	UNADJUDICATED	boundary,gate	calibration	calibration,transfer	ADAPTER_AND_CONTRASTIVE_BOUNDARY_BENCHMARK			NOT_READY_MISSING_DECLARED_CONTRACT
836	FOUNDRY:P089	LCB-K012	26.0	False	True	UNADJUDICATED	boundary,gate	calibration	calibration,control	ADAPTER_AND_CONTRASTIVE_BOUNDARY_BENCHMARK			NOT_READY_MISSING_DECLARED_CONTRACT
837	FOUNDRY:P091	PARENT:IM178_IM326_TWMR	26.0	False	True	UNADJUDICATED		calibration,decision	allocation,calibration,decision,reduction,resilience,support,uncertainty	ADAPTER_AND_CONTRASTIVE_BOUNDARY_BENCHMARK			NOT_READY_MISSING_DECLARED_CONTRACT
838	FOUNDRY:P091	PARENT:R020_P848_P851_SCCRT	26.0	False	True	UNADJUDICATED		calibration,decision	allocation,calibration,decision,reduction,resilience,support,uncertainty	ADAPTER_AND_CONTRASTIVE_BOUNDARY_BENCHMARK			NOT_READY_MISSING_DECLARED_CONTRACT
839	FOUNDRY:P092	LCB-K081	26.0	False	True	UNADJUDICATED	boundary,gate	calibration	calibration,transfer	ADAPTER_AND_CONTRASTIVE_BOUNDARY_BENCHMARK			NOT_READY_MISSING_DECLARED_CONTRACT
840	FOUNDRY:P092	PARENT:IM139_IM250_CCVC	26.0	False	True	UNADJUDICATED		calibration,decision	boundary,calibration,decision,transfer	ADAPTER_AND_CONTRASTIVE_BOUNDARY_BENCHMARK			NOT_READY_MISSING_DECLARED_CONTRACT
841	FOUNDRY:P092	PARENT:R023_M421_M428_CORMA	26.0	False	True	UNADJUDICATED		calibration,decision	calibration,decision,transfer	ADAPTER_AND_CONTRASTIVE_BOUNDARY_BENCHMARK			NOT_READY_MISSING_DECLARED_CONTRACT
842	FOUNDRY:P093	LCB-K081	26.0	False	True	UNADJUDICATED	boundary,gate	calibration	calibration,transfer	ADAPTER_AND_CONTRASTIVE_BOUNDARY_BENCHMARK			NOT_READY_MISSING_DECLARED_CONTRACT
843	FOUNDRY:P093	PARENT:IM139_IM250_CCVC	26.0	False	True	UNADJUDICATED		calibration,decision	boundary,calibration,decision,transfer	ADAPTER_AND_CONTRASTIVE_BOUNDARY_BENCHMARK			NOT_READY_MISSING_DECLARED_CONTRACT
844	FOUNDRY:P093	PARENT:R023_M421_M428_CORMA	26.0	False	True	UNADJUDICATED		calibration,decision	calibration,decision,transfer	ADAPTER_AND_CONTRASTIVE_BOUNDARY_BENCHMARK			NOT_READY_MISSING_DECLARED_CONTRACT
845	FOUNDRY:P108	PARENT:IM334_IM094_DRE	26.0	False	True	UNADJUDICATED	boundary,gate	calibration	boundary,calibration,transfer	ADAPTER_AND_CONTRASTIVE_BOUNDARY_BENCHMARK			NOT_READY_MISSING_DECLARED_CONTRACT
846	FOUNDRY:P108	PARENT:R018_M866_M880_MCSC	26.0	False	True	UNADJUDICATED	boundary,gate	calibration	boundary,calibration,transfer	ADAPTER_AND_CONTRASTIVE_BOUNDARY_BENCHMARK			NOT_READY_MISSING_DECLARED_CONTRACT
847	FOUNDRY:P109	PARENT:IM139_IM250_CCVC	26.0	False	True	UNADJUDICATED	evidence	calibration,decision	audit,calibration,conservation,decision,transfer	ADAPTER_AND_CONTRASTIVE_BOUNDARY_BENCHMARK			NOT_READY_MISSING_DECLARED_CONTRACT
848	FOUNDRY:P109	PARENT:IM445_IM085_CSID	26.0	False	True	UNADJUDICATED	evidence	calibration,uncertainty	audit,calibration,transfer,uncertainty	ADAPTER_AND_CONTRASTIVE_BOUNDARY_BENCHMARK			NOT_READY_MISSING_DECLARED_CONTRACT
849	FOUNDRY:P109	PARENT:R023_M421_M428_CORMA	26.0	False	True	UNADJUDICATED	evidence	calibration,decision	audit,calibration,decision,transfer	ADAPTER_AND_CONTRASTIVE_BOUNDARY_BENCHMARK			NOT_READY_MISSING_DECLARED_CONTRACT
850	FOUNDRY:P109	PARENT:R045_TARGET_MEMORY_ATRC	26.0	False	True	UNADJUDICATED	evidence	calibration,uncertainty	audit,calibration,transfer,uncertainty	ADAPTER_AND_CONTRASTIVE_BOUNDARY_BENCHMARK			NOT_READY_MISSING_DECLARED_CONTRACT
851	FOUNDRY:P112	PARENT:IM334_IM094_DRE	26.0	False	True	UNADJUDICATED	boundary,gate	calibration	boundary,calibration,transfer	ADAPTER_AND_CONTRASTIVE_BOUNDARY_BENCHMARK			NOT_READY_MISSING_DECLARED_CONTRACT
852	FOUNDRY:P112	PARENT:R018_M866_M880_MCSC	26.0	False	True	UNADJUDICATED	boundary,gate	calibration	boundary,calibration,transfer	ADAPTER_AND_CONTRASTIVE_BOUNDARY_BENCHMARK			NOT_READY_MISSING_DECLARED_CONTRACT
853	FOUNDRY:P140	LCB-K030	26.0	False	True	UNADJUDICATED		calibration,support	calibration,decision,support	ADAPTER_AND_CONTRASTIVE_BOUNDARY_BENCHMARK			NOT_READY_MISSING_DECLARED_CONTRACT
854	FOUNDRY:P140	PARENT:IM178_IM326_TWMR	26.0	False	True	UNADJUDICATED		calibration,support	calibration,decision,reduction,resilience,support	ADAPTER_AND_CONTRASTIVE_BOUNDARY_BENCHMARK			NOT_READY_MISSING_DECLARED_CONTRACT
855	FOUNDRY:P140	PARENT:R020_P848_P851_SCCRT	26.0	False	True	UNADJUDICATED		calibration,support	calibration,decision,reduction,resilience,support	ADAPTER_AND_CONTRASTIVE_BOUNDARY_BENCHMARK			NOT_READY_MISSING_DECLARED_CONTRACT
856	FOUNDRY:P142	LCB-K012	26.0	False	True	UNADJUDICATED	gate,representation	calibration	calibration,decision	ADAPTER_AND_CONTRASTIVE_BOUNDARY_BENCHMARK			NOT_READY_MISSING_DECLARED_CONTRACT
857	LCB-K008	PARENT:IM334_IM094_DRE	26.0	False	True	UNADJUDICATED	gate	decision	calibration,decision,transfer	ADAPTER_AND_CONTRASTIVE_BOUNDARY_BENCHMARK			NOT_READY_MISSING_DECLARED_CONTRACT
858	LCB-K015	FOUNDRY:P138	26.0	False	True	UNADJUDICATED		decision,uncertainty	allocation,calibration,decision,support,uncertainty	ADAPTER_AND_CONTRASTIVE_BOUNDARY_BENCHMARK			NOT_READY_MISSING_DECLARED_CONTRACT
859	LCB-K015	PARENT:IM178_IM326_TWMR	26.0	False	True	UNADJUDICATED		decision,uncertainty	allocation,calibration,decision,support,uncertainty	ADAPTER_AND_CONTRASTIVE_BOUNDARY_BENCHMARK			NOT_READY_MISSING_DECLARED_CONTRACT
860	LCB-K015	PARENT:IM334_IM094_DRE	26.0	False	True	UNADJUDICATED		decision,uncertainty	allocation,calibration,decision,support,uncertainty	ADAPTER_AND_CONTRASTIVE_BOUNDARY_BENCHMARK			NOT_READY_MISSING_DECLARED_CONTRACT
861	LCB-K015	PARENT:IM359_IM014_AICC	26.0	False	True	UNADJUDICATED		decision,uncertainty	allocation,calibration,decision,support,uncertainty	ADAPTER_AND_CONTRASTIVE_BOUNDARY_BENCHMARK			NOT_READY_MISSING_DECLARED_CONTRACT
862	LCB-K015	PARENT:IM406_IM037_ACRA	26.0	False	True	UNADJUDICATED		decision,uncertainty	allocation,calibration,decision,support,uncertainty	ADAPTER_AND_CONTRASTIVE_BOUNDARY_BENCHMARK			NOT_READY_MISSING_DECLARED_CONTRACT
863	LCB-K015	PARENT:R020_P848_P851_SCCRT	26.0	False	True	UNADJUDICATED		decision,uncertainty	allocation,calibration,decision,support,uncertainty	ADAPTER_AND_CONTRASTIVE_BOUNDARY_BENCHMARK			NOT_READY_MISSING_DECLARED_CONTRACT
864	LCB-K041	PARENT:IM340_IM280_CWC	26.0	False	True	UNADJUDICATED	boundary,evidence,gate		calibration	ADAPTER_AND_CONTRASTIVE_BOUNDARY_BENCHMARK			BOOTSTRAP_CHANNEL_CALIBRATED_SCIENTIFIC_CONTRACT_STILL_REQUIRED
865	LCB-K041	PARENT:R008_E612_E613_LGID	26.0	False	True	UNADJUDICATED	boundary,evidence,gate		calibration	ADAPTER_AND_CONTRASTIVE_BOUNDARY_BENCHMARK			NOT_READY_MISSING_DECLARED_CONTRACT
866	LCB-K074	FOUNDRY:P035	26.0	False	True	UNADJUDICATED	boundary,evidence,gate		calibration,decision	ADAPTER_AND_CONTRASTIVE_BOUNDARY_BENCHMARK			NOT_READY_MISSING_DECLARED_CONTRACT
867	LCB-K074	FOUNDRY:P067	26.0	False	True	UNADJUDICATED	boundary,evidence,gate		calibration	ADAPTER_AND_CONTRASTIVE_BOUNDARY_BENCHMARK			NOT_READY_MISSING_DECLARED_CONTRACT
868	LCB-K074	FOUNDRY:P099	26.0	False	True	UNADJUDICATED	boundary,evidence,gate		calibration	ADAPTER_AND_CONTRASTIVE_BOUNDARY_BENCHMARK			NOT_READY_MISSING_DECLARED_CONTRACT
869	LCB-K084	FOUNDRY:P079	26.0	False	True	UNADJUDICATED		calibration,decision	calibration,decision,transfer	ADAPTER_AND_CONTRASTIVE_BOUNDARY_BENCHMARK			NOT_READY_MISSING_DECLARED_CONTRACT
870	LCB-K084	FOUNDRY:P138	26.0	False	True	UNADJUDICATED		calibration,decision	calibration,decision	ADAPTER_AND_CONTRASTIVE_BOUNDARY_BENCHMARK			NOT_READY_MISSING_DECLARED_CONTRACT
871	LCB-K084	PARENT:IM178_IM326_TWMR	26.0	False	True	UNADJUDICATED		calibration,decision	calibration,decision	ADAPTER_AND_CONTRASTIVE_BOUNDARY_BENCHMARK			NOT_READY_MISSING_DECLARED_CONTRACT
872	LCB-K084	PARENT:IM359_IM014_AICC	26.0	False	True	UNADJUDICATED		calibration,decision	calibration,decision	ADAPTER_AND_CONTRASTIVE_BOUNDARY_BENCHMARK			NOT_READY_MISSING_DECLARED_CONTRACT
873	LCB-K084	PARENT:IM406_IM037_ACRA	26.0	False	True	UNADJUDICATED		calibration,decision	calibration,decision	ADAPTER_AND_CONTRASTIVE_BOUNDARY_BENCHMARK			NOT_READY_MISSING_DECLARED_CONTRACT
874	LCB-K084	PARENT:R020_P848_P851_SCCRT	26.0	False	True	UNADJUDICATED		calibration,decision	calibration,decision	ADAPTER_AND_CONTRASTIVE_BOUNDARY_BENCHMARK			NOT_READY_MISSING_DECLARED_CONTRACT
875	LCB-R50-137	FOUNDRY:P137	26.0	False	True	UNADJUDICATED	representation	calibration,uncertainty	calibration,control,uncertainty	ADAPTER_AND_CONTRASTIVE_BOUNDARY_BENCHMARK			NOT_READY_MISSING_DECLARED_CONTRACT
876	LCB-R50-137	FOUNDRY:P138	26.0	False	True	UNADJUDICATED	representation	calibration,uncertainty	calibration,control,decision,uncertainty	ADAPTER_AND_CONTRASTIVE_BOUNDARY_BENCHMARK			NOT_READY_MISSING_DECLARED_CONTRACT
877	LCB-R50-137	PARENT:IM334_IM094_DRE	26.0	False	True	UNADJUDICATED	representation	calibration,uncertainty	calibration,control,decision,uncertainty	ADAPTER_AND_CONTRASTIVE_BOUNDARY_BENCHMARK			NOT_READY_MISSING_DECLARED_CONTRACT
878	LCB-R50-137	PARENT:IM340_IM280_CWC	26.0	False	True	UNADJUDICATED	representation	calibration,uncertainty	calibration,control,uncertainty	ADAPTER_AND_CONTRASTIVE_BOUNDARY_BENCHMARK			NOT_READY_MISSING_DECLARED_CONTRACT
879	LCB-R50-137	PARENT:IM359_IM014_AICC	26.0	False	True	UNADJUDICATED	representation	calibration,uncertainty	calibration,control,decision,uncertainty	ADAPTER_AND_CONTRASTIVE_BOUNDARY_BENCHMARK			NOT_READY_MISSING_DECLARED_CONTRACT
880	LCB-R50-137	PARENT:IM406_IM037_ACRA	26.0	False	True	UNADJUDICATED	representation	calibration,uncertainty	calibration,decision,uncertainty	ADAPTER_AND_CONTRASTIVE_BOUNDARY_BENCHMARK			NOT_READY_MISSING_DECLARED_CONTRACT
881	LCB-R50-137	PARENT:IM445_IM085_CSID	26.0	False	True	UNADJUDICATED	representation	calibration,uncertainty	calibration,incentive,uncertainty	ADAPTER_AND_CONTRASTIVE_BOUNDARY_BENCHMARK			NOT_READY_MISSING_DECLARED_CONTRACT
882	LCB-R50-137	PARENT:R008_E612_E613_LGID	26.0	False	True	UNADJUDICATED	representation	calibration,uncertainty	calibration,control,uncertainty	ADAPTER_AND_CONTRASTIVE_BOUNDARY_BENCHMARK			NOT_READY_MISSING_DECLARED_CONTRACT
883	LCB-R50-137	PARENT:R014_S781_S792_ACSA	26.0	False	True	UNADJUDICATED	representation	calibration,uncertainty	calibration,control,uncertainty	ADAPTER_AND_CONTRASTIVE_BOUNDARY_BENCHMARK			NOT_READY_MISSING_DECLARED_CONTRACT
884	LCB-R50-137	PARENT:R018_M866_M880_MCSC	26.0	False	True	UNADJUDICATED	representation	calibration,uncertainty	calibration,control,uncertainty	ADAPTER_AND_CONTRASTIVE_BOUNDARY_BENCHMARK			NOT_READY_MISSING_DECLARED_CONTRACT
885	LCB-R50-137	PARENT:R041_CONSTRAINED_POLICY_CAPL	26.0	False	True	UNADJUDICATED	representation	calibration,uncertainty	calibration,control,decision,uncertainty	ADAPTER_AND_CONTRASTIVE_BOUNDARY_BENCHMARK			NOT_READY_MISSING_DECLARED_CONTRACT
886	LCB-R50-137	PARENT:R044_DECISION_LOSS_DLEW	26.0	False	True	UNADJUDICATED	representation	calibration,uncertainty	calibration,control,decision,uncertainty	ADAPTER_AND_CONTRASTIVE_BOUNDARY_BENCHMARK			NOT_READY_MISSING_DECLARED_CONTRACT
887	LCB-R50-137	PARENT:R045_TARGET_MEMORY_ATRC	26.0	False	True	UNADJUDICATED	representation	calibration,uncertainty	calibration,control,uncertainty	ADAPTER_AND_CONTRASTIVE_BOUNDARY_BENCHMARK			NOT_READY_MISSING_DECLARED_CONTRACT
888	PARENT:IM139_IM250_CCVC	FOUNDRY:P067	26.0	False	True	UNADJUDICATED	boundary,gate,representation		calibration	ADAPTER_AND_CONTRASTIVE_BOUNDARY_BENCHMARK			NOT_READY_MISSING_DECLARED_CONTRACT
889	PARENT:IM139_IM250_CCVC	FOUNDRY:P099	26.0	False	True	UNADJUDICATED	boundary,gate,representation		calibration	ADAPTER_AND_CONTRASTIVE_BOUNDARY_BENCHMARK			NOT_READY_MISSING_DECLARED_CONTRACT
890	PARENT:IM178_IM326_TWMR	FOUNDRY:P137	26.0	False	True	UNADJUDICATED	representation	uncertainty	allocation,calibration,support,uncertainty	ADAPTER_AND_CONTRASTIVE_BOUNDARY_BENCHMARK			NOT_READY_MISSING_DECLARED_CONTRACT
891	PARENT:IM178_IM326_TWMR	FOUNDRY:P138	26.0	False	True	UNADJUDICATED	representation	uncertainty	allocation,calibration,decision,support,uncertainty	ADAPTER_AND_CONTRASTIVE_BOUNDARY_BENCHMARK			NOT_READY_MISSING_DECLARED_CONTRACT
892	PARENT:IM178_IM326_TWMR	FOUNDRY:P143	26.0	False	True	UNADJUDICATED	representation	uncertainty	allocation,calibration,support,uncertainty	ADAPTER_AND_CONTRASTIVE_BOUNDARY_BENCHMARK			NOT_READY_MISSING_DECLARED_CONTRACT
893	PARENT:IM178_IM326_TWMR	LCB-K003	26.0	False	True	UNADJUDICATED	representation	uncertainty	allocation,calibration,decision,support,uncertainty	ADAPTER_AND_CONTRASTIVE_BOUNDARY_BENCHMARK			NOT_READY_MISSING_DECLARED_CONTRACT
894	PARENT:IM178_IM326_TWMR	LCB-K010	26.0	False	True	UNADJUDICATED	representation	uncertainty	allocation,calibration,decision,support,uncertainty	ADAPTER_AND_CONTRASTIVE_BOUNDARY_BENCHMARK			NOT_READY_MISSING_DECLARED_CONTRACT
895	PARENT:IM178_IM326_TWMR	LCB-K015	26.0	False	True	UNADJUDICATED	representation	uncertainty	allocation,calibration,decision,support,uncertainty	ADAPTER_AND_CONTRASTIVE_BOUNDARY_BENCHMARK			NOT_READY_MISSING_DECLARED_CONTRACT
896	PARENT:IM178_IM326_TWMR	LCB-K035	26.0	False	True	UNADJUDICATED	representation	uncertainty	allocation,calibration,decision,support,uncertainty	ADAPTER_AND_CONTRASTIVE_BOUNDARY_BENCHMARK			NOT_READY_MISSING_DECLARED_CONTRACT
897	PARENT:IM178_IM326_TWMR	LCB-K048	26.0	False	True	UNADJUDICATED	representation	uncertainty	allocation,calibration,decision,support,uncertainty	ADAPTER_AND_CONTRASTIVE_BOUNDARY_BENCHMARK			NOT_READY_MISSING_DECLARED_CONTRACT
898	PARENT:IM178_IM326_TWMR	LCB-K049	26.0	False	True	UNADJUDICATED	representation	uncertainty	allocation,calibration,decision,support,uncertainty	ADAPTER_AND_CONTRASTIVE_BOUNDARY_BENCHMARK			NOT_READY_MISSING_DECLARED_CONTRACT
899	PARENT:IM178_IM326_TWMR	LCB-K055	26.0	False	True	UNADJUDICATED	representation	uncertainty	allocation,calibration,decision,support,uncertainty	ADAPTER_AND_CONTRASTIVE_BOUNDARY_BENCHMARK			NOT_READY_MISSING_DECLARED_CONTRACT
900	PARENT:IM178_IM326_TWMR	LCB-K056	26.0	False	True	UNADJUDICATED	representation	uncertainty	allocation,calibration,decision,support,uncertainty	ADAPTER_AND_CONTRASTIVE_BOUNDARY_BENCHMARK			NOT_READY_MISSING_DECLARED_CONTRACT
901	PARENT:IM178_IM326_TWMR	LCB-K068	26.0	False	True	UNADJUDICATED	representation	uncertainty	allocation,calibration,decision,support,uncertainty	ADAPTER_AND_CONTRASTIVE_BOUNDARY_BENCHMARK			NOT_READY_MISSING_DECLARED_CONTRACT
902	PARENT:IM178_IM326_TWMR	LCB-K086	26.0	False	True	UNADJUDICATED	representation	uncertainty	allocation,calibration,decision,support,uncertainty	ADAPTER_AND_CONTRASTIVE_BOUNDARY_BENCHMARK			NOT_READY_MISSING_DECLARED_CONTRACT
903	PARENT:IM178_IM326_TWMR	LCB-K090	26.0	False	True	UNADJUDICATED	representation	uncertainty	allocation,calibration,decision,support,uncertainty	ADAPTER_AND_CONTRASTIVE_BOUNDARY_BENCHMARK			NOT_READY_MISSING_DECLARED_CONTRACT
904	PARENT:IM178_IM326_TWMR	LCB-K091	26.0	False	True	UNADJUDICATED	representation	uncertainty	allocation,calibration,decision,support,uncertainty	ADAPTER_AND_CONTRASTIVE_BOUNDARY_BENCHMARK			NOT_READY_MISSING_DECLARED_CONTRACT
905	PARENT:IM178_IM326_TWMR	PARENT:IM334_IM094_DRE	26.0	False	True	UNADJUDICATED	representation	uncertainty	allocation,calibration,decision,support,uncertainty	ADAPTER_AND_CONTRASTIVE_BOUNDARY_BENCHMARK			NOT_READY_MISSING_DECLARED_CONTRACT
906	PARENT:IM178_IM326_TWMR	PARENT:IM340_IM280_CWC	26.0	False	True	UNADJUDICATED	representation	uncertainty	allocation,calibration,support,uncertainty	ADAPTER_AND_CONTRASTIVE_BOUNDARY_BENCHMARK			NOT_READY_MISSING_DECLARED_CONTRACT
907	PARENT:IM178_IM326_TWMR	PARENT:IM359_IM014_AICC	26.0	False	True	UNADJUDICATED	representation	uncertainty	allocation,calibration,decision,support,uncertainty	ADAPTER_AND_CONTRASTIVE_BOUNDARY_BENCHMARK			NOT_READY_MISSING_DECLARED_CONTRACT
908	PARENT:IM178_IM326_TWMR	PARENT:IM401_IM030_MFPA	26.0	False	True	UNADJUDICATED	representation	uncertainty	allocation,calibration,support,uncertainty	ADAPTER_AND_CONTRASTIVE_BOUNDARY_BENCHMARK			NOT_READY_MISSING_DECLARED_CONTRACT
909	PARENT:IM178_IM326_TWMR	PARENT:IM406_IM037_ACRA	26.0	False	True	UNADJUDICATED	representation	uncertainty	allocation,calibration,decision,support,uncertainty	ADAPTER_AND_CONTRASTIVE_BOUNDARY_BENCHMARK			NOT_READY_MISSING_DECLARED_CONTRACT
910	PARENT:IM178_IM326_TWMR	PARENT:IM445_IM085_CSID	26.0	False	True	UNADJUDICATED	representation	uncertainty	allocation,calibration,support,uncertainty	ADAPTER_AND_CONTRASTIVE_BOUNDARY_BENCHMARK			NOT_READY_MISSING_DECLARED_CONTRACT
911	PARENT:IM178_IM326_TWMR	PARENT:R008_E612_E613_LGID	26.0	False	True	UNADJUDICATED	representation	uncertainty	allocation,calibration,support,uncertainty	ADAPTER_AND_CONTRASTIVE_BOUNDARY_BENCHMARK			NOT_READY_MISSING_DECLARED_CONTRACT
912	PARENT:IM178_IM326_TWMR	PARENT:R014_S781_S792_ACSA	26.0	False	True	UNADJUDICATED	representation	uncertainty	allocation,calibration,support,uncertainty	ADAPTER_AND_CONTRASTIVE_BOUNDARY_BENCHMARK			NOT_READY_MISSING_DECLARED_CONTRACT
913	PARENT:IM178_IM326_TWMR	PARENT:R018_M866_M880_MCSC	26.0	False	True	UNADJUDICATED	representation	uncertainty	allocation,calibration,support,uncertainty	ADAPTER_AND_CONTRASTIVE_BOUNDARY_BENCHMARK			NOT_READY_MISSING_DECLARED_CONTRACT
914	PARENT:IM178_IM326_TWMR	PARENT:R041_CONSTRAINED_POLICY_CAPL	26.0	False	True	UNADJUDICATED	representation	uncertainty	allocation,calibration,decision,support,uncertainty	ADAPTER_AND_CONTRASTIVE_BOUNDARY_BENCHMARK			NOT_READY_MISSING_DECLARED_CONTRACT
915	PARENT:IM178_IM326_TWMR	PARENT:R044_DECISION_LOSS_DLEW	26.0	False	True	UNADJUDICATED	representation	uncertainty	allocation,calibration,decision,support,uncertainty	ADAPTER_AND_CONTRASTIVE_BOUNDARY_BENCHMARK			NOT_READY_MISSING_DECLARED_CONTRACT
916	PARENT:IM178_IM326_TWMR	PARENT:R045_TARGET_MEMORY_ATRC	26.0	False	True	UNADJUDICATED	representation	uncertainty	allocation,calibration,support,uncertainty	ADAPTER_AND_CONTRASTIVE_BOUNDARY_BENCHMARK			NOT_READY_MISSING_DECLARED_CONTRACT
917	PARENT:IM274_IM290_OWS	FOUNDRY:P137	26.0	False	True	UNADJUDICATED	gate	support	audit,calibration,control,support,transfer	ADAPTER_AND_CONTRASTIVE_BOUNDARY_BENCHMARK			NOT_READY_MISSING_DECLARED_CONTRACT
918	PARENT:IM274_IM290_OWS	FOUNDRY:P138	26.0	False	True	UNADJUDICATED	gate	support	calibration,control,support	ADAPTER_AND_CONTRASTIVE_BOUNDARY_BENCHMARK			NOT_READY_MISSING_DECLARED_CONTRACT
919	PARENT:IM274_IM290_OWS	LCB-K010	26.0	False	True	UNADJUDICATED	gate	support	calibration,control,support	ADAPTER_AND_CONTRASTIVE_BOUNDARY_BENCHMARK			NOT_READY_MISSING_DECLARED_CONTRACT
920	PARENT:IM274_IM290_OWS	LCB-K048	26.0	False	True	UNADJUDICATED	gate	support	calibration,control,support	ADAPTER_AND_CONTRASTIVE_BOUNDARY_BENCHMARK			NOT_READY_MISSING_DECLARED_CONTRACT
921	PARENT:IM274_IM290_OWS	LCB-K056	26.0	False	True	UNADJUDICATED	gate	support	calibration,control,support	ADAPTER_AND_CONTRASTIVE_BOUNDARY_BENCHMARK			NOT_READY_MISSING_DECLARED_CONTRACT
922	PARENT:IM274_IM290_OWS	LCB-K086	26.0	False	True	UNADJUDICATED	gate	support	calibration,control,support	ADAPTER_AND_CONTRASTIVE_BOUNDARY_BENCHMARK			NOT_READY_MISSING_DECLARED_CONTRACT
923	PARENT:IM274_IM290_OWS	PARENT:IM334_IM094_DRE	26.0	False	True	UNADJUDICATED	gate	support	calibration,control,support,transfer	ADAPTER_AND_CONTRASTIVE_BOUNDARY_BENCHMARK			NOT_READY_MISSING_DECLARED_CONTRACT
924	PARENT:IM274_IM290_OWS	PARENT:IM340_IM280_CWC	26.0	False	True	UNADJUDICATED	gate	support	calibration,control,support	ADAPTER_AND_CONTRASTIVE_BOUNDARY_BENCHMARK			NOT_READY_MISSING_DECLARED_CONTRACT
925	PARENT:IM274_IM290_OWS	PARENT:IM359_IM014_AICC	26.0	False	True	UNADJUDICATED	gate	support	calibration,control,support	ADAPTER_AND_CONTRASTIVE_BOUNDARY_BENCHMARK			NOT_READY_MISSING_DECLARED_CONTRACT
926	PARENT:IM274_IM290_OWS	PARENT:R008_E612_E613_LGID	26.0	False	True	UNADJUDICATED	gate	support	calibration,control,support	ADAPTER_AND_CONTRASTIVE_BOUNDARY_BENCHMARK			NOT_READY_MISSING_DECLARED_CONTRACT
927	PARENT:IM274_IM290_OWS	PARENT:R014_S781_S792_ACSA	26.0	False	True	UNADJUDICATED	gate	support	audit,calibration,control,support,transfer	ADAPTER_AND_CONTRASTIVE_BOUNDARY_BENCHMARK			NOT_READY_MISSING_DECLARED_CONTRACT
928	PARENT:IM274_IM290_OWS	PARENT:R018_M866_M880_MCSC	26.0	False	True	UNADJUDICATED	gate	support	audit,calibration,control,support,transfer	ADAPTER_AND_CONTRASTIVE_BOUNDARY_BENCHMARK			NOT_READY_MISSING_DECLARED_CONTRACT
929	PARENT:IM274_IM290_OWS	PARENT:R041_CONSTRAINED_POLICY_CAPL	26.0	False	True	UNADJUDICATED	gate	support	calibration,control,support	ADAPTER_AND_CONTRASTIVE_BOUNDARY_BENCHMARK			NOT_READY_MISSING_DECLARED_CONTRACT
930	PARENT:IM274_IM290_OWS	PARENT:R044_DECISION_LOSS_DLEW	26.0	False	True	UNADJUDICATED	gate	support	audit,calibration,control,support,transfer	ADAPTER_AND_CONTRASTIVE_BOUNDARY_BENCHMARK			NOT_READY_MISSING_DECLARED_CONTRACT
931	PARENT:IM334_IM094_DRE	FOUNDRY:P140	26.0	False	True	UNADJUDICATED	evidence	decision	calibration,decision,support,transfer	ADAPTER_AND_CONTRASTIVE_BOUNDARY_BENCHMARK			NOT_READY_MISSING_DECLARED_CONTRACT
932	PARENT:IM334_IM094_DRE	FOUNDRY:P141	26.0	False	True	UNADJUDICATED	evidence	decision	boundary,calibration,decision,transfer	ADAPTER_AND_CONTRASTIVE_BOUNDARY_BENCHMARK			NOT_READY_MISSING_DECLARED_CONTRACT
933	PARENT:IM334_IM094_DRE	FOUNDRY:P142	26.0	False	True	UNADJUDICATED	evidence	decision	calibration,decision,transfer	ADAPTER_AND_CONTRASTIVE_BOUNDARY_BENCHMARK			NOT_READY_MISSING_DECLARED_CONTRACT
934	PARENT:IM334_IM094_DRE	FOUNDRY:P143	26.0	False	True	UNADJUDICATED	evidence	uncertainty	allocation,calibration,support,transfer,uncertainty	ADAPTER_AND_CONTRASTIVE_BOUNDARY_BENCHMARK			NOT_READY_MISSING_DECLARED_CONTRACT
935	PARENT:IM334_IM094_DRE	PARENT:IM139_IM250_CCVC	26.0	False	True	UNADJUDICATED	evidence	decision	boundary,calibration,control,decision,transfer	ADAPTER_AND_CONTRASTIVE_BOUNDARY_BENCHMARK			NOT_READY_MISSING_DECLARED_CONTRACT
936	PARENT:IM334_IM094_DRE	PARENT:IM445_IM085_CSID	26.0	False	True	UNADJUDICATED	evidence	uncertainty	allocation,calibration,support,transfer,uncertainty	ADAPTER_AND_CONTRASTIVE_BOUNDARY_BENCHMARK			NOT_READY_MISSING_DECLARED_CONTRACT
937	PARENT:IM334_IM094_DRE	PARENT:R001_C313_BPISD	26.0	False	True	UNADJUDICATED	evidence	decision	confounding,decision,measurement	ADAPTER_AND_CONTRASTIVE_BOUNDARY_BENCHMARK			NOT_READY_MISSING_DECLARED_CONTRACT
938	PARENT:IM334_IM094_DRE	PARENT:R023_M421_M428_CORMA	26.0	False	True	UNADJUDICATED	evidence	decision	calibration,control,decision,transfer	ADAPTER_AND_CONTRASTIVE_BOUNDARY_BENCHMARK			NOT_READY_MISSING_DECLARED_CONTRACT
939	PARENT:IM334_IM094_DRE	PARENT:R045_TARGET_MEMORY_ATRC	26.0	False	True	UNADJUDICATED	evidence	uncertainty	allocation,calibration,control,support,transfer,uncertainty	ADAPTER_AND_CONTRASTIVE_BOUNDARY_BENCHMARK			NOT_READY_MISSING_DECLARED_CONTRACT
940	PARENT:IM359_IM014_AICC	FOUNDRY:P140	26.0	False	True	UNADJUDICATED	evidence	decision	calibration,decision,support	ADAPTER_AND_CONTRASTIVE_BOUNDARY_BENCHMARK			NOT_READY_MISSING_DECLARED_CONTRACT
941	PARENT:IM359_IM014_AICC	PARENT:IM139_IM250_CCVC	26.0	False	True	UNADJUDICATED	evidence	decision	calibration,control,decision	ADAPTER_AND_CONTRASTIVE_BOUNDARY_BENCHMARK			NOT_READY_MISSING_DECLARED_CONTRACT
942	PARENT:IM359_IM014_AICC	PARENT:IM178_IM326_TWMR	26.0	False	True	UNADJUDICATED	evidence	decision	allocation,calibration,decision,support,uncertainty	ADAPTER_AND_CONTRASTIVE_BOUNDARY_BENCHMARK			NOT_READY_MISSING_DECLARED_CONTRACT
943	PARENT:IM359_IM014_AICC	PARENT:IM334_IM094_DRE	26.0	False	True	UNADJUDICATED	evidence	decision	allocation,calibration,confounding,control,decision,measurement,support,uncertainty	ADAPTER_AND_CONTRASTIVE_BOUNDARY_BENCHMARK			NOT_READY_MISSING_DECLARED_CONTRACT
944	PARENT:IM359_IM014_AICC	PARENT:IM406_IM037_ACRA	26.0	False	True	UNADJUDICATED	evidence	decision	allocation,calibration,confounding,decision,measurement,support,uncertainty	ADAPTER_AND_CONTRASTIVE_BOUNDARY_BENCHMARK			NOT_READY_MISSING_DECLARED_CONTRACT
945	PARENT:IM359_IM014_AICC	PARENT:R001_C313_BPISD	26.0	False	True	UNADJUDICATED	evidence	decision	confounding,decision,measurement	ADAPTER_AND_CONTRASTIVE_BOUNDARY_BENCHMARK			NOT_READY_MISSING_DECLARED_CONTRACT
946	PARENT:IM359_IM014_AICC	PARENT:R020_P848_P851_SCCRT	26.0	False	True	UNADJUDICATED	evidence	decision	allocation,calibration,decision,support,uncertainty	ADAPTER_AND_CONTRASTIVE_BOUNDARY_BENCHMARK			NOT_READY_MISSING_DECLARED_CONTRACT
947	PARENT:IM359_IM014_AICC	PARENT:R023_M421_M428_CORMA	26.0	False	True	UNADJUDICATED	evidence	decision	calibration,control,decision	ADAPTER_AND_CONTRASTIVE_BOUNDARY_BENCHMARK			NOT_READY_MISSING_DECLARED_CONTRACT
948	PARENT:IM406_IM037_ACRA	FOUNDRY:P137	26.0	False	True	UNADJUDICATED	evidence	uncertainty	allocation,calibration,support,uncertainty	ADAPTER_AND_CONTRASTIVE_BOUNDARY_BENCHMARK			NOT_READY_MISSING_DECLARED_CONTRACT
949	PARENT:IM406_IM037_ACRA	FOUNDRY:P140	26.0	False	True	UNADJUDICATED	evidence	decision	calibration,decision,support	ADAPTER_AND_CONTRASTIVE_BOUNDARY_BENCHMARK			NOT_READY_MISSING_DECLARED_CONTRACT
950	PARENT:IM406_IM037_ACRA	FOUNDRY:P143	26.0	False	True	UNADJUDICATED	evidence	uncertainty	allocation,calibration,integrality,support,uncertainty	ADAPTER_AND_CONTRASTIVE_BOUNDARY_BENCHMARK			NOT_READY_MISSING_DECLARED_CONTRACT
951	PARENT:IM406_IM037_ACRA	LCB-K003	26.0	False	True	UNADJUDICATED	evidence	uncertainty	allocation,calibration,decision,support,uncertainty	ADAPTER_AND_CONTRASTIVE_BOUNDARY_BENCHMARK			NOT_READY_MISSING_DECLARED_CONTRACT
952	PARENT:IM406_IM037_ACRA	LCB-K010	26.0	False	True	UNADJUDICATED	evidence	uncertainty	allocation,calibration,decision,support,uncertainty	ADAPTER_AND_CONTRASTIVE_BOUNDARY_BENCHMARK			NOT_READY_MISSING_DECLARED_CONTRACT
953	PARENT:IM406_IM037_ACRA	LCB-K015	26.0	False	True	UNADJUDICATED	evidence	uncertainty	allocation,calibration,decision,support,uncertainty	ADAPTER_AND_CONTRASTIVE_BOUNDARY_BENCHMARK			NOT_READY_MISSING_DECLARED_CONTRACT
954	PARENT:IM406_IM037_ACRA	LCB-K035	26.0	False	True	UNADJUDICATED	evidence	uncertainty	allocation,calibration,decision,support,uncertainty	ADAPTER_AND_CONTRASTIVE_BOUNDARY_BENCHMARK			NOT_READY_MISSING_DECLARED_CONTRACT
955	PARENT:IM406_IM037_ACRA	LCB-K048	26.0	False	True	UNADJUDICATED	evidence	uncertainty	allocation,calibration,decision,support,uncertainty	ADAPTER_AND_CONTRASTIVE_BOUNDARY_BENCHMARK			NOT_READY_MISSING_DECLARED_CONTRACT
956	PARENT:IM406_IM037_ACRA	LCB-K049	26.0	False	True	UNADJUDICATED	evidence	uncertainty	allocation,calibration,decision,support,uncertainty	ADAPTER_AND_CONTRASTIVE_BOUNDARY_BENCHMARK			NOT_READY_MISSING_DECLARED_CONTRACT
957	PARENT:IM406_IM037_ACRA	LCB-K055	26.0	False	True	UNADJUDICATED	evidence	uncertainty	allocation,calibration,decision,support,uncertainty	ADAPTER_AND_CONTRASTIVE_BOUNDARY_BENCHMARK			NOT_READY_MISSING_DECLARED_CONTRACT
958	PARENT:IM406_IM037_ACRA	LCB-K056	26.0	False	True	UNADJUDICATED	evidence	uncertainty	allocation,calibration,decision,support,uncertainty	ADAPTER_AND_CONTRASTIVE_BOUNDARY_BENCHMARK			NOT_READY_MISSING_DECLARED_CONTRACT
959	PARENT:IM406_IM037_ACRA	LCB-K068	26.0	False	True	UNADJUDICATED	evidence	uncertainty	allocation,calibration,decision,support,uncertainty	ADAPTER_AND_CONTRASTIVE_BOUNDARY_BENCHMARK			NOT_READY_MISSING_DECLARED_CONTRACT
960	PARENT:IM406_IM037_ACRA	LCB-K086	26.0	False	True	UNADJUDICATED	evidence	uncertainty	allocation,calibration,decision,support,uncertainty	ADAPTER_AND_CONTRASTIVE_BOUNDARY_BENCHMARK			NOT_READY_MISSING_DECLARED_CONTRACT
961	PARENT:IM406_IM037_ACRA	LCB-K090	26.0	False	True	UNADJUDICATED	evidence	uncertainty	allocation,calibration,decision,support,uncertainty	ADAPTER_AND_CONTRASTIVE_BOUNDARY_BENCHMARK			NOT_READY_MISSING_DECLARED_CONTRACT
962	PARENT:IM406_IM037_ACRA	LCB-K091	26.0	False	True	UNADJUDICATED	evidence	uncertainty	allocation,calibration,decision,support,uncertainty	ADAPTER_AND_CONTRASTIVE_BOUNDARY_BENCHMARK			NOT_READY_MISSING_DECLARED_CONTRACT
963	PARENT:IM406_IM037_ACRA	PARENT:IM340_IM280_CWC	26.0	False	True	UNADJUDICATED	evidence	uncertainty	allocation,calibration,support,uncertainty	ADAPTER_AND_CONTRASTIVE_BOUNDARY_BENCHMARK			NOT_READY_MISSING_DECLARED_CONTRACT
964	PARENT:IM406_IM037_ACRA	PARENT:IM445_IM085_CSID	26.0	False	True	UNADJUDICATED	evidence	uncertainty	allocation,calibration,support,uncertainty	ADAPTER_AND_CONTRASTIVE_BOUNDARY_BENCHMARK			NOT_READY_MISSING_DECLARED_CONTRACT
965	PARENT:IM406_IM037_ACRA	PARENT:R001_C313_BPISD	26.0	False	True	UNADJUDICATED	evidence	decision	confounding,decision,measurement	ADAPTER_AND_CONTRASTIVE_BOUNDARY_BENCHMARK			NOT_READY_MISSING_DECLARED_CONTRACT
966	PARENT:IM406_IM037_ACRA	PARENT:R008_E612_E613_LGID	26.0	False	True	UNADJUDICATED	evidence	uncertainty	allocation,calibration,support,uncertainty	ADAPTER_AND_CONTRASTIVE_BOUNDARY_BENCHMARK			NOT_READY_MISSING_DECLARED_CONTRACT
967	PARENT:IM406_IM037_ACRA	PARENT:R014_S781_S792_ACSA	26.0	False	True	UNADJUDICATED	evidence	uncertainty	allocation,calibration,support,uncertainty	ADAPTER_AND_CONTRASTIVE_BOUNDARY_BENCHMARK			NOT_READY_MISSING_DECLARED_CONTRACT
968	PARENT:IM406_IM037_ACRA	PARENT:R018_M866_M880_MCSC	26.0	False	True	UNADJUDICATED	evidence	uncertainty	allocation,calibration,support,uncertainty	ADAPTER_AND_CONTRASTIVE_BOUNDARY_BENCHMARK			NOT_READY_MISSING_DECLARED_CONTRACT
969	PARENT:IM406_IM037_ACRA	PARENT:R041_CONSTRAINED_POLICY_CAPL	26.0	False	True	UNADJUDICATED	evidence	uncertainty	allocation,calibration,decision,support,uncertainty	ADAPTER_AND_CONTRASTIVE_BOUNDARY_BENCHMARK			NOT_READY_MISSING_DECLARED_CONTRACT
970	PARENT:IM406_IM037_ACRA	PARENT:R044_DECISION_LOSS_DLEW	26.0	False	True	UNADJUDICATED	evidence	uncertainty	allocation,calibration,decision,support,uncertainty	ADAPTER_AND_CONTRASTIVE_BOUNDARY_BENCHMARK			NOT_READY_MISSING_DECLARED_CONTRACT
971	PARENT:IM406_IM037_ACRA	PARENT:R045_TARGET_MEMORY_ATRC	26.0	False	True	UNADJUDICATED	evidence	uncertainty	allocation,calibration,support,uncertainty	ADAPTER_AND_CONTRASTIVE_BOUNDARY_BENCHMARK			NOT_READY_MISSING_DECLARED_CONTRACT
972	PARENT:R001_C313_BPISD	FOUNDRY:P054	26.0	False	True	UNADJUDICATED	evidence,representation	decision	confounding,decision,measurement	ADAPTER_AND_CONTRASTIVE_BOUNDARY_BENCHMARK			NOT_READY_MISSING_DECLARED_CONTRACT
973	PARENT:R001_C313_BPISD	FOUNDRY:P109	26.0	False	True	UNADJUDICATED	evidence,representation	decision	confounding,decision,measurement	ADAPTER_AND_CONTRASTIVE_BOUNDARY_BENCHMARK			NOT_READY_MISSING_DECLARED_CONTRACT
974	PARENT:R001_C313_BPISD	PARENT:IM178_IM326_TWMR	26.0	False	True	UNADJUDICATED	evidence	decision	decision,reduction,resilience	ADAPTER_AND_CONTRASTIVE_BOUNDARY_BENCHMARK			NOT_READY_MISSING_DECLARED_CONTRACT
975	PARENT:R001_C313_BPISD	PARENT:R020_P848_P851_SCCRT	26.0	False	True	UNADJUDICATED	evidence	decision	decision,reduction,resilience	ADAPTER_AND_CONTRASTIVE_BOUNDARY_BENCHMARK			NOT_READY_MISSING_DECLARED_CONTRACT
976	PARENT:R001_C313_BPISD	PARENT:R033_M420_OASRD	26.0	False	True	UNADJUDICATED	evidence	decision	decision,reduction,resilience	ADAPTER_AND_CONTRASTIVE_BOUNDARY_BENCHMARK			NOT_READY_MISSING_DECLARED_CONTRACT
977	PARENT:R001_C313_BPISD	PARENT:R039_DECISION_BELIEF_DSBC	26.0	False	True	UNADJUDICATED	evidence	decision	decision,reduction,resilience	ADAPTER_AND_CONTRASTIVE_BOUNDARY_BENCHMARK			NOT_READY_MISSING_DECLARED_CONTRACT
978	PARENT:R001_C313_BPISD	PARENT:R040_M147_SALC	26.0	False	True	UNADJUDICATED	evidence	decision	decision,reduction,resilience	ADAPTER_AND_CONTRASTIVE_BOUNDARY_BENCHMARK			NOT_READY_MISSING_DECLARED_CONTRACT
979	PARENT:R001_C313_BPISD	PARENT:R042_PREDICTIVE_STATE_PSCT	26.0	False	True	UNADJUDICATED	evidence	decision	decision,reduction,resilience	ADAPTER_AND_CONTRASTIVE_BOUNDARY_BENCHMARK			NOT_READY_MISSING_DECLARED_CONTRACT
980	PARENT:R001_C313_BPISD	PARENT:R047_MORTGAGE_COMPETING_MCRIS	26.0	False	True	UNADJUDICATED	evidence	decision	decision,reduction,resilience	ADAPTER_AND_CONTRASTIVE_BOUNDARY_BENCHMARK			NOT_READY_MISSING_DECLARED_CONTRACT
981	PARENT:R016_M821_M839_FCMS	FOUNDRY:P057	26.0	False	True	UNADJUDICATED		decision,uncertainty	calibration,decision,uncertainty	ADAPTER_AND_CONTRASTIVE_BOUNDARY_BENCHMARK			NOT_READY_MISSING_DECLARED_CONTRACT
982	PARENT:R020_P848_P851_SCCRT	FOUNDRY:P138	26.0	False	True	UNADJUDICATED	representation	decision	allocation,calibration,decision,support,uncertainty	ADAPTER_AND_CONTRASTIVE_BOUNDARY_BENCHMARK			NOT_READY_MISSING_DECLARED_CONTRACT
983	PARENT:R020_P848_P851_SCCRT	FOUNDRY:P140	26.0	False	True	UNADJUDICATED	representation	decision	calibration,decision,reduction,resilience,support	ADAPTER_AND_CONTRASTIVE_BOUNDARY_BENCHMARK			NOT_READY_MISSING_DECLARED_CONTRACT
984	PARENT:R020_P848_P851_SCCRT	FOUNDRY:P141	26.0	False	True	UNADJUDICATED	representation	decision	calibration,decision,reduction,resilience	ADAPTER_AND_CONTRASTIVE_BOUNDARY_BENCHMARK			NOT_READY_MISSING_DECLARED_CONTRACT
985	PARENT:R020_P848_P851_SCCRT	FOUNDRY:P142	26.0	False	True	UNADJUDICATED	representation	decision	calibration,decision,reduction,resilience	ADAPTER_AND_CONTRASTIVE_BOUNDARY_BENCHMARK			NOT_READY_MISSING_DECLARED_CONTRACT
986	PARENT:R020_P848_P851_SCCRT	PARENT:IM139_IM250_CCVC	26.0	False	True	UNADJUDICATED	representation	decision	calibration,decision,reduction,resilience	ADAPTER_AND_CONTRASTIVE_BOUNDARY_BENCHMARK			NOT_READY_MISSING_DECLARED_CONTRACT
987	PARENT:R020_P848_P851_SCCRT	PARENT:IM334_IM094_DRE	26.0	False	True	UNADJUDICATED	representation	decision	allocation,calibration,decision,support,uncertainty	ADAPTER_AND_CONTRASTIVE_BOUNDARY_BENCHMARK			NOT_READY_MISSING_DECLARED_CONTRACT
988	PARENT:R020_P848_P851_SCCRT	PARENT:IM359_IM014_AICC	26.0	False	True	UNADJUDICATED	representation	decision	allocation,calibration,decision,support,uncertainty	ADAPTER_AND_CONTRASTIVE_BOUNDARY_BENCHMARK			NOT_READY_MISSING_DECLARED_CONTRACT
989	PARENT:R020_P848_P851_SCCRT	PARENT:IM406_IM037_ACRA	26.0	False	True	UNADJUDICATED	representation	decision	allocation,calibration,decision,support,uncertainty	ADAPTER_AND_CONTRASTIVE_BOUNDARY_BENCHMARK			NOT_READY_MISSING_DECLARED_CONTRACT
990	PARENT:R020_P848_P851_SCCRT	PARENT:R023_M421_M428_CORMA	26.0	False	True	UNADJUDICATED	representation	decision	calibration,decision,reduction,resilience	ADAPTER_AND_CONTRASTIVE_BOUNDARY_BENCHMARK			NOT_READY_MISSING_DECLARED_CONTRACT
991	PARENT:R027_S426_S427_MIFF	FOUNDRY:P138	26.0	False	True	UNADJUDICATED	evidence	decision	confounding,decision,measurement	ADAPTER_AND_CONTRASTIVE_BOUNDARY_BENCHMARK			NOT_READY_MISSING_DECLARED_CONTRACT
992	PARENT:R027_S426_S427_MIFF	PARENT:IM334_IM094_DRE	26.0	False	True	UNADJUDICATED	evidence	decision	confounding,decision,measurement	ADAPTER_AND_CONTRASTIVE_BOUNDARY_BENCHMARK			NOT_READY_MISSING_DECLARED_CONTRACT
993	PARENT:R027_S426_S427_MIFF	PARENT:IM359_IM014_AICC	26.0	False	True	UNADJUDICATED	evidence	decision	confounding,decision,measurement	ADAPTER_AND_CONTRASTIVE_BOUNDARY_BENCHMARK			NOT_READY_MISSING_DECLARED_CONTRACT
994	PARENT:R027_S426_S427_MIFF	PARENT:IM406_IM037_ACRA	26.0	False	True	UNADJUDICATED	evidence	decision	confounding,decision,measurement	ADAPTER_AND_CONTRASTIVE_BOUNDARY_BENCHMARK			NOT_READY_MISSING_DECLARED_CONTRACT
995	PARENT:R027_S426_S427_MIFF	PARENT:R001_C313_BPISD	26.0	False	True	UNADJUDICATED	evidence	decision	confounding,decision,measurement	ADAPTER_AND_CONTRASTIVE_BOUNDARY_BENCHMARK			NOT_READY_MISSING_DECLARED_CONTRACT
996	PARENT:R033_M420_OASRD	FOUNDRY:P140	26.0	False	True	UNADJUDICATED	representation	decision	decision,reduction,resilience	ADAPTER_AND_CONTRASTIVE_BOUNDARY_BENCHMARK			NOT_READY_MISSING_DECLARED_CONTRACT
997	FOUNDRY:P030	LCB-K086	25.0	False	True	UNADJUDICATED	boundary,gate	calibration	calibration	ADAPTER_AND_CONTRASTIVE_BOUNDARY_BENCHMARK			BOOTSTRAP_CHANNEL_CALIBRATED_SCIENTIFIC_CONTRACT_STILL_REQUIRED
998	FOUNDRY:P037	PARENT:IM340_IM280_CWC	25.0	False	True	UNADJUDICATED	boundary,gate	calibration	calibration	ADAPTER_AND_CONTRASTIVE_BOUNDARY_BENCHMARK			BOOTSTRAP_CHANNEL_CALIBRATED_SCIENTIFIC_CONTRACT_STILL_REQUIRED
999	FOUNDRY:P090	PARENT:R041_CONSTRAINED_POLICY_CAPL	20.0	False	True	UNADJUDICATED		support	calibration,decision,support	ADAPTER_AND_CONTRASTIVE_BOUNDARY_BENCHMARK			BOOTSTRAP_CHANNEL_CALIBRATED_SCIENTIFIC_CONTRACT_STILL_REQUIRED
1000	FOUNDRY:P028	PARENT:R041_CONSTRAINED_POLICY_CAPL	16.0	False	True	UNADJUDICATED	gate		calibration	ADAPTER_AND_CONTRASTIVE_BOUNDARY_BENCHMARK			BOOTSTRAP_CHANNEL_CALIBRATED_SCIENTIFIC_CONTRACT_STILL_REQUIRED
