sha256	size_bytes	path
2fcfd1e61444fc658435ccd890107d094f3e0fbb19a9a7187aaacfa384870a4e	276480	audit/COMPLEMENT_GRAPH.tsv
5a7f832a24732f285f87567061dbbf238032bb71c8bd53b70a144fd46a3af441	495	audit/FINAL_AUDIT_SUMMARY.json
698921a435a708fd307e1810971012d09fd7bb9ecd918ad7af3f12404bcecb92	1738	audit/FOUNDRY_CORE_V2.md
7a2fd2d98d1cda7f5ead499f29974a629973d5286cec816e7294e4403a3a9dbb	58948	audit/PRODUCT_EVIDENCE_INVENTORY.jsonl
34f7bcf0b4c9387c2030368b7ea99b96a75df5b0004b67f20e2564d5ba2deb42	18984	audit/PRODUCT_EVIDENCE_INVENTORY.tsv
52b6770eb5497606188ebe5579cac7cfc38d4041a5a33e2d3aaf0bb36cd98ddb	2066	build_release.py
15f6ab45c4b2b5e279a40dacebd4c357f9de23cac3fe42e0f7adab08d9c921c7	8903	finalize_foundry.py
3eb2d8a1cf9eaf2008ef05d67411b170716312c8ae0d0b8e8cc66681d5e7e08f	4637	materialize_gap_replacements.py
a4db4e66d390b1f7700b113082bd21b6ad49c5dea459fbc6213d34826e1ea645	3321	materialize_spec_products.py
32fa300e6059b00215c0d84816126f37c39606c14a3a2e5cbf350973c2c16f0e	2073	parent_products/CURRENT_PRODUCTS/IM124_IM256_TSRC/demo_target_reduction.py
76c4f70af8b2d5e7494e7c797dbf90da22139343cc0035ef8ddb7689a8ea8cb9	1719	parent_products/CURRENT_PRODUCTS/IM124_IM256_TSRC/PRODUCT_RESULT.md
d9e2a57ff14f4e1203ad6f9aac1b5885678fdbb1e57acf9f3f72bc24cbb13a96	980	parent_products/CURRENT_PRODUCTS/IM124_IM256_TSRC/README.md
e42df3e64596195bd0aba89bfd1ce5b96135e7c29739be0082376dd82217fddf	737	parent_products/CURRENT_PRODUCTS/IM124_IM256_TSRC/target_reduction_results.json
494cd77b94f8b9492a1303d1e2c599c60c79d85afd2866bae02cdf531748c72f	1866	parent_products/CURRENT_PRODUCTS/IM124_IM256_TSRC/test_tsrc.py
5915fbd65d6d3f5300b145080460406aabc98fcb1ce6998960fa8b3b80411aa0	6150	parent_products/CURRENT_PRODUCTS/IM124_IM256_TSRC/tsrc.py
80939c0e6077946e2c0d45fb6d76417b86c8496252ec7d23583092c6f8ce2e00	8625	parent_products/CURRENT_PRODUCTS/IM139_IM250_CCVC/ccvc.py
5f8235fbe4173f02e12238fafeea5fb7389fb5832484ca56878a251866e55441	2649	parent_products/CURRENT_PRODUCTS/IM139_IM250_CCVC/demo_resource_circulation.py
31ad56b8979023ecce17b2c7498fc7b54bda730508f5153ef9f0183b78091bee	1515	parent_products/CURRENT_PRODUCTS/IM139_IM250_CCVC/PRODUCT_RESULT.md
093c573f578188f81a539b1bac28f279d0085917103b259d63567a9a5b8ff5e5	997	parent_products/CURRENT_PRODUCTS/IM139_IM250_CCVC/README.md
3d58df59e1676847b4e51d018ae95c7bb6ed2ebbeea21bd41513f4df6d021f74	1629	parent_products/CURRENT_PRODUCTS/IM139_IM250_CCVC/test_ccvc.py
b73a309737517d1de7ac72bb44a553510826f98a08971d22d217e061ef6ecf9c	7225	parent_products/CURRENT_PRODUCTS/IM141_IM023_CDBL/cdbl.py
2583f5de25c539ef9a752477a90b62b12051f4d84c9303844ef9988f88609ff1	1738	parent_products/CURRENT_PRODUCTS/IM141_IM023_CDBL/demo_deployable_network.py
98b4c09a9833b5183aeed94c9f7e761af46db3f38b08a2c3689677753004f7f2	1416	parent_products/CURRENT_PRODUCTS/IM141_IM023_CDBL/PRODUCT_RESULT.md
ddec20271f85061bd274feddbedddee6ca3bf9d052a3e051725535c58c94d23c	903	parent_products/CURRENT_PRODUCTS/IM141_IM023_CDBL/README.md
c34c7960f55e9c3c599c97fa895962be9a64b0c2927f747ed653d99620396e91	1264	parent_products/CURRENT_PRODUCTS/IM141_IM023_CDBL/test_cdbl.py
126a345975ca13b7f0c671d5d06e51d9770c46bb329b2e6c63b68c4960013c54	1236	parent_products/CURRENT_PRODUCTS/IM178_IM326_TWMR/demo_target_model_reduction.py
85744cd314b8a6aa15b00c8a695975862218cca76683797c9c238337206e5eb3	1348	parent_products/CURRENT_PRODUCTS/IM178_IM326_TWMR/PRODUCT_RESULT.md
cb4fde15cb834c70173883b531dd947b2a680c0eaf734457178ecc4774f78026	817	parent_products/CURRENT_PRODUCTS/IM178_IM326_TWMR/README.md
053c462c4218f82e67e5d72fc34f2f7562ccaaa094a74ccba447a6e359e3a12c	763	parent_products/CURRENT_PRODUCTS/IM178_IM326_TWMR/target_model_reduction_results.json
98109c327599ba854689086a7e6f7cb62bf6f0c90034eb532946679d7ec7037b	921	parent_products/CURRENT_PRODUCTS/IM178_IM326_TWMR/test_twmr.py
73dfc8ad585ffafd244fff2bfa7d49c7d7a4cfd2cc0fb987de7abec0186cb6a6	4847	parent_products/CURRENT_PRODUCTS/IM178_IM326_TWMR/twmr.py
b96b4015c4b74ac94c735788762bd5b5acab511bbca1232d409eba585e6e8d81	1891	parent_products/CURRENT_PRODUCTS/IM256_IM307_OTE/demo_orthogonal_target.py
73eca4ca000e01b3df1dce5f2878c6d29915996119dea61c7630d19141e9e37f	712	parent_products/CURRENT_PRODUCTS/IM256_IM307_OTE/orthogonal_target_results.json
0f8b531bd1ecaaebcc7ebe3fe2880651bae43f29e848a638dcc76a5fb29b3931	4094	parent_products/CURRENT_PRODUCTS/IM256_IM307_OTE/ote.py
a8f8a77a475f2ab7e434d07bbc8489a4aefb06794dfa9a063e12f833172b2923	1498	parent_products/CURRENT_PRODUCTS/IM256_IM307_OTE/PRODUCT_RESULT.md
e6eb441cb9a1dd69c73f0796095bf711c1a09da65a266052d4b392677e1b8159	1003	parent_products/CURRENT_PRODUCTS/IM256_IM307_OTE/README.md
d9cc070a7e0d3c3ed768f6f3f3cf927e3f96117326d722580b8a870b8a39bfe6	1189	parent_products/CURRENT_PRODUCTS/IM256_IM307_OTE/test_ote.py
35168b21344dc4e285f597fdc9e896af433b3eb61b4e8e69e38d1400cf361b0e	2126	parent_products/CURRENT_PRODUCTS/IM274_IM290_OWS/demo_weight_stabilization.py
a182d339bd6c2cd431fc1794886e5b763c28dcafda63d6200a6dc388e514187d	5113	parent_products/CURRENT_PRODUCTS/IM274_IM290_OWS/ows.py
c62260b306f688a8394a3059e84966923a2a49f9e3515a235d2835d277323de5	1580	parent_products/CURRENT_PRODUCTS/IM274_IM290_OWS/PRODUCT_RESULT.md
4d3118908d6bcbf40b40f19e735596f7d8f5b6e99508ed6bfd1c7f2a2b7fe59d	1127	parent_products/CURRENT_PRODUCTS/IM274_IM290_OWS/README.md
c5c8c3f7c2d1ac3927f2d04e8797ea0263255d507e9249b7ad23a226c6195e64	1157	parent_products/CURRENT_PRODUCTS/IM274_IM290_OWS/test_ows.py
afaf5a029ae330f434ac71206ce12c0a690bfe17f64a61487ce7ec10ac646049	389	parent_products/CURRENT_PRODUCTS/IM274_IM290_OWS/weight_stabilization_results.json
25c697886199aeb6e142ff3e1cc9ec2f82b63a8fe41ed00233d8ae6021aed64a	8572	parent_products/CURRENT_PRODUCTS/IM299_IM127_DTRM/dtrm.py
35b6950ff2a10a941e177eb842764559a1c94b80dfc411ef2b5fa4f491e81ddc	517	parent_products/CURRENT_PRODUCTS/IM299_IM127_DTRM/dtrm_cli.py
b368d12eecd23df4903b6b887dab65e5b1086ad28f3913cc4453b9375ec53e6a	310	parent_products/CURRENT_PRODUCTS/IM299_IM127_DTRM/example_action_branches.json
5eb131219aaa0f83d1a1585100dfaa4d81acf84adf6ec438756dc7afa5fcaa17	264	parent_products/CURRENT_PRODUCTS/IM299_IM127_DTRM/example_common_flow.json
40c7ad4edcf707696888ede9186c7b6d50d72d5f2d7293e263c8871d770ed532	1786	parent_products/CURRENT_PRODUCTS/IM299_IM127_DTRM/PRODUCT_RESULT.md
cb302482add3fa0cc9cf32143a417a93d017b1401f7275afb2ac4b01f59c8d42	1647	parent_products/CURRENT_PRODUCTS/IM299_IM127_DTRM/README.md
7b412940347c8b4f8a571d9f12fc61b925e0e5e22867e44e30c8c1fde5020ead	2801	parent_products/CURRENT_PRODUCTS/IM299_IM127_DTRM/test_dtrm.py
da07d4339c08844825648eb62d0c854a26a8edd89f299494715076e8a56f9f43	2967	parent_products/CURRENT_PRODUCTS/IM306_IM222_HMRM/demo_hidden_resilience.py
91fddff04ec2941b603521a8d5f568265d1ac7158e19ff0e0bc50ef0f5ae2e66	4265	parent_products/CURRENT_PRODUCTS/IM306_IM222_HMRM/hmrm.py
7145e2f1a44d988d0f5e7bc9bb4d6769ea633929b6a602cfca1632b8c3215084	1477	parent_products/CURRENT_PRODUCTS/IM306_IM222_HMRM/PRODUCT_RESULT.md
a8b25dd3f0397c3f3275ce1305c1fa6003e297f5df3bf5567c29d1bfc0f29270	844	parent_products/CURRENT_PRODUCTS/IM306_IM222_HMRM/README.md
bf688f6e013284931cd730c4e1daad84723c85d43f26946fc16ae3e1edd56ba0	1174	parent_products/CURRENT_PRODUCTS/IM306_IM222_HMRM/test_hmrm.py
405a3079154c9dd0b9d3dfb4d237b3ff2bbdd06572382f66d1183d21a95aaa7b	655	parent_products/CURRENT_PRODUCTS/IM334_IM094_DRE/decision_exploration_results.json
250d1b57270865147f0457d4fa6d9b1eb863dbd1f78a9420119b13b2604e5102	2420	parent_products/CURRENT_PRODUCTS/IM334_IM094_DRE/demo_decision_exploration.py
b1e588115cd98e36da23f029b84dfbf5b2d7ebd08088ad4bd18a8fc0ef8a1d48	2933	parent_products/CURRENT_PRODUCTS/IM334_IM094_DRE/dre.py
f31d4ca4f182e55a8af7daac2cf8342f910d1c5cc163618e2d609d764a01c831	1670	parent_products/CURRENT_PRODUCTS/IM334_IM094_DRE/PRODUCT_RESULT.md
7a4e99a811c52cf03d730f921c28a060cbdb36b734e542af5ad4796ad3843687	855	parent_products/CURRENT_PRODUCTS/IM334_IM094_DRE/README.md
41491e9231a7c9057b1833368f3fc1bf621878fcff56823f745abae27300682e	1049	parent_products/CURRENT_PRODUCTS/IM334_IM094_DRE/test_dre.py
4aa02346340d6fb31f7299bdadc2388c94f063f8dcc658de631a05b5594787d7	4714	parent_products/CURRENT_PRODUCTS/IM340_IM280_CWC/cwc.py
601ef4fb238de4a529b6ac691c356edee8675cf472ef6daae963fbc865b78664	1673	parent_products/CURRENT_PRODUCTS/IM340_IM280_CWC/demo_coverage_control.py
84b12ab83457fb5c4af93df246c71fc23cd91e0e071895751def8c7718164875	1363	parent_products/CURRENT_PRODUCTS/IM340_IM280_CWC/PRODUCT_RESULT.md
502b96ef6c29162df9b9762739f19d382cc1865de03fedff1f14b13f6c6a7932	870	parent_products/CURRENT_PRODUCTS/IM340_IM280_CWC/README.md
84895a170257181e81fc0b7f19168f1b11037e0f7f34b58bb4c3040c71a10c83	1083	parent_products/CURRENT_PRODUCTS/IM340_IM280_CWC/test_cwc.py
92b441bb6da18416eefb7adbf8293d1a9783b1ddb2a86e94a6b4b6f3504c7e46	4054	parent_products/CURRENT_PRODUCTS/IM359_IM014_AICC/aicc.py
5193a2dd79a01075aed687cfb4c881d4645d75047c19d55af4d20050a511093e	3196	parent_products/CURRENT_PRODUCTS/IM359_IM014_AICC/demo_adaptive_channels.py
b2f951fde32e2992362501bc7aed6b5db69302779d724831c54e25ae6c1164a4	1392	parent_products/CURRENT_PRODUCTS/IM359_IM014_AICC/PRODUCT_RESULT.md
1ddbf4e15cca23dd0e503e6960e630623730555ddbb6842f7daacbbaba3371a8	974	parent_products/CURRENT_PRODUCTS/IM359_IM014_AICC/README.md
37ac2485272a97cf9bdc0fe7dafd8634d6ccdd473f4c4c62147d2611c71a6a6b	1325	parent_products/CURRENT_PRODUCTS/IM359_IM014_AICC/test_aicc.py
bc51a05b4100df1c19a33d35cd6459602378673ba91a629131c01e6df3d0b8b5	3284	parent_products/CURRENT_PRODUCTS/IM374_IM272_DSDA/demo_fatigue_detection.py
ca52caff1df9770ce69cb3b6be71c33f0fed566ce7335d25fbe453857a76aa91	2821	parent_products/CURRENT_PRODUCTS/IM374_IM272_DSDA/dsda.py
2b3a83104cb96e9dcc1149f04f85c42b451c8d221dc9801c6d39d26590fabea8	1313	parent_products/CURRENT_PRODUCTS/IM374_IM272_DSDA/PRODUCT_RESULT.md
858c49bb2a4ba1d494bdd174412854fecde7a2d150658daa94ca8969984ddfd3	913	parent_products/CURRENT_PRODUCTS/IM374_IM272_DSDA/README.md
b690dee3c1643200eda571249ec146d4fd0a7d31c1753198528755d684eee00e	1376	parent_products/CURRENT_PRODUCTS/IM374_IM272_DSDA/test_dsda.py
5a1989794fe405de26c9b18e588e037efbc0f025278ee7767bc20df1f09e7c82	2381	parent_products/CURRENT_PRODUCTS/IM401_IM030_MFPA/demo_failure_architecture.py
73681b8343fdd965213ab6f8a2615c83c4cb942e5f56dd20820242c702b4e9f8	4812	parent_products/CURRENT_PRODUCTS/IM401_IM030_MFPA/mfpa.py
9c8c498729633f779b562b67cf95cd8ed1d2e68336ed3ac2c935fa83ed457b3f	1493	parent_products/CURRENT_PRODUCTS/IM401_IM030_MFPA/PRODUCT_RESULT.md
10aad6dbeda1f7a7bfa015c1ea67a1d9a3286f19fdad690bf7522869bcb2e1e2	1068	parent_products/CURRENT_PRODUCTS/IM401_IM030_MFPA/README.md
423fd517c87bac22a3c5b002522e652a4cfecf8514bdc6f99153aabad644d578	996	parent_products/CURRENT_PRODUCTS/IM401_IM030_MFPA/test_mfpa.py
be06cb7e7a8dae11bb483f8213cbf9749bc134b83a61bd18c4a03271296a5562	4244	parent_products/CURRENT_PRODUCTS/IM406_IM037_ACRA/acra.py
fac23e7c5384d9f439ad1fbe99acd33a2987e0b8bd76a3efc5357c418335fe87	1466	parent_products/CURRENT_PRODUCTS/IM406_IM037_ACRA/demo_resolution_allocation.py
2e7d78db9bef413f2d7290bdf84000e4e4984e4d42e07a846cd06a399cdf2e0c	1281	parent_products/CURRENT_PRODUCTS/IM406_IM037_ACRA/PRODUCT_RESULT.md
64c582e28dbbc0016e01b00a849e0bb47572e6198de7dd33f73d2e621a7e045b	703	parent_products/CURRENT_PRODUCTS/IM406_IM037_ACRA/README.md
2c2e959cba9e555acef17a167c5e6d82f6d61b03d4a249a86c00994ed5d30b72	1999	parent_products/CURRENT_PRODUCTS/IM406_IM037_ACRA/resolution_allocation_results.json
c7fa0c020efa878a2ec381d7a68011e5685f1d7e86c61ec5374cbc62b021f576	1422	parent_products/CURRENT_PRODUCTS/IM406_IM037_ACRA/test_acra.py
a3549ff10b28b2015b46bb56eaf0331001b375a46c2ef656e90a6e63794a132a	4804	parent_products/CURRENT_PRODUCTS/IM421_IM094_DTPR/demo_emergency_allocation.py
49f1cdadcfce2542705100d08afd75ee8eaa73fc30c18b717c0e31a0bd15e591	4037	parent_products/CURRENT_PRODUCTS/IM421_IM094_DTPR/demo_multisite_allocation.py
08499d3ce338d3245edf7e62649303012e5f5715161394ca5e7fc6537ff5557b	13164	parent_products/CURRENT_PRODUCTS/IM421_IM094_DTPR/dtpr.py
9960a27c0600b0c8b6a5a99935ba89546df0f533f9952c6fea67267aecdeea86	6642	parent_products/CURRENT_PRODUCTS/IM421_IM094_DTPR/dtpr_cli.py
0c0232f44b79b9118dd1bd0ddda039cd04066eb0bae3c6d70c82912e2431c99d	6428	parent_products/CURRENT_PRODUCTS/IM421_IM094_DTPR/evaluation_results.json
4342f3dc4c900cc6a222afecb8a6bebd5819329c3e222ecc4d0b0876f6b40249	728	parent_products/CURRENT_PRODUCTS/IM421_IM094_DTPR/example_policy.json
f885ef6f56f053412403944cdf27c63f81acb4be789477077a439ebe4cf3b251	121	parent_products/CURRENT_PRODUCTS/IM421_IM094_DTPR/example_records.csv
da86b154c4cc2ed7bb0adf8f410c208826caa5484a40e623ba26e04a68a9495f	694	parent_products/CURRENT_PRODUCTS/IM421_IM094_DTPR/multisite_evaluation_results.json
e74476a7b6fb3399dd0c5cbaf8dc8fb63efb93ff909953a48c17160bcd3d5525	4056	parent_products/CURRENT_PRODUCTS/IM421_IM094_DTPR/PRODUCT_RESULT.md
d82f5d681e4aca156bf893e09db3275ef572c030a2ff977a8c4c254ee420566f	3150	parent_products/CURRENT_PRODUCTS/IM421_IM094_DTPR/README.md
cf993f976c79d6b691eb9d4bafe64d29209b2ec1d03450804c4766fb9bf62bcc	4756	parent_products/CURRENT_PRODUCTS/IM421_IM094_DTPR/test_dtpr.py
4b088fc9088d80d06490281211a5e4b50f0c7a57b67ed5c3ab2657c52ed88f1b	2310	parent_products/CURRENT_PRODUCTS/IM440_IM029_REL/demo_relational_localization.py
87d0b89da36f0936cf9f479fdb4aec3d0b948647c32ca22b1d71c9ee20c5ef1a	1758	parent_products/CURRENT_PRODUCTS/IM440_IM029_REL/PRODUCT_RESULT.md
c55766a5ccbd557535a243f499b4cb45efb64b0e9e160672db1792893089be0f	1391	parent_products/CURRENT_PRODUCTS/IM440_IM029_REL/README.md
07db695d72874ab62967b05e13a7c7ebfd58cbd543ccd1d4750b32542a7312db	5387	parent_products/CURRENT_PRODUCTS/IM440_IM029_REL/rel.py
3613d1ac4243df2e64573bde4f064cc2d555f42e274d6c4f224b68dd95255382	4161	parent_products/CURRENT_PRODUCTS/IM440_IM029_REL/relational_localization_results.json
4552de3ac502f6af2d5a1b7e066175b94954daad5879d4b6b1fa1c8e1fb1fc13	1857	parent_products/CURRENT_PRODUCTS/IM440_IM029_REL/test_rel.py
b446be783c4821517cf489b05215bca0d8624cf381d1260ca7782d36a7a2c6f6	3981	parent_products/CURRENT_PRODUCTS/IM445_IM085_CSID/contract_design_results.json
8c77e797d55ac801510c4dc7d8115b467f0f9322c4a02861e0b74cd3c40ba4db	5521	parent_products/CURRENT_PRODUCTS/IM445_IM085_CSID/csid.py
10384b8a1a2e65ee59e4cca198a1380f83607ad26687c8e993018c8ccec95eef	2685	parent_products/CURRENT_PRODUCTS/IM445_IM085_CSID/demo_contract_design.py
06e531c9c53c87dee6a51f485e3e6f1dbf42fae8201220035cfa1941fee64568	1668	parent_products/CURRENT_PRODUCTS/IM445_IM085_CSID/PRODUCT_RESULT.md
2700383c4bc7293df8f4eb2e00b782fdf2f7dd676267a5682ce7a8846bc8524e	997	parent_products/CURRENT_PRODUCTS/IM445_IM085_CSID/README.md
b7d21211eddde9b7437d89b4f9f0df3592800d654617a1a4916f8af3a0aad590	2134	parent_products/CURRENT_PRODUCTS/IM445_IM085_CSID/test_csid.py
8f9c0f4826cf91957c7309678c07a50b1883972cc704bb3fd631a5ec62943d42	1555	parent_products/CURRENT_PRODUCTS/IM452_IM015_LCM/demo_liquidity_conversion.py
411398bd9facb3ee0ec77c4ff6c1b74caba95abbc0a3fb8bfd6b94866990399b	6358	parent_products/CURRENT_PRODUCTS/IM452_IM015_LCM/lcm.py
8dda31bf042850c9d0bd0af86b72df76c92e6118921a8922eb3053ccedd79251	1425	parent_products/CURRENT_PRODUCTS/IM452_IM015_LCM/liquidity_conversion_results.json
6e208516a3a4cf312993aa938425b79caa6cbd9385b1531477e374ffad4021eb	1671	parent_products/CURRENT_PRODUCTS/IM452_IM015_LCM/PRODUCT_RESULT.md
78c427b31d075493a960949c89e2a6f4bc4ebcf2e7aa1dff3f5c5711dce92332	871	parent_products/CURRENT_PRODUCTS/IM452_IM015_LCM/README.md
88d6653446b6451ef005a3ce6437799bd33b6e0dcb13b8b3afed110ac238a6e5	1462	parent_products/CURRENT_PRODUCTS/IM452_IM015_LCM/test_lcm.py
d5a1a3552d05e949d2c82eb1aa796ef6411c1cfc6980bd8e4f7dfa66b6a7887b	1501	parent_products/CURRENT_PRODUCTS/IM455_IM094_DTTC/demo_trigger_design.py
89ff035ca4384dfedfcb523855bed304f4a727e815b66f0aa2e70fc377c6cabe	6011	parent_products/CURRENT_PRODUCTS/IM455_IM094_DTTC/dttc.py
38efb904134fe131b5b501d11d663d2a175ba813249870020547c6179406e8c1	1918	parent_products/CURRENT_PRODUCTS/IM455_IM094_DTTC/PRODUCT_RESULT.md
e03895838c31d0a17c7742590ba4c0e58bef4f9d54e7a1e622816a0a8cf61063	972	parent_products/CURRENT_PRODUCTS/IM455_IM094_DTTC/README.md
528536d46d9755bed8a432ed95a8f47215408ed3c297cdda70f546600b9b09e6	2138	parent_products/CURRENT_PRODUCTS/IM455_IM094_DTTC/test_dttc.py
eb07b2c5661d372f864e1cd764229226c97622dc122d77505cd83cd2bb36fe06	1535	parent_products/CURRENT_PRODUCTS/IM455_IM094_DTTC/trigger_design_results.json
f36ea41ab386b81acd66b3700217bf8e0016d9daf728a63d650209cfb7c5cd14	3977	parent_products/RETRO_PRODUCTS/R001_C313_BPISD/bpisd.py
73c8d3ea97e2e4bda7196ffafa4f2aae69e1826400fd55d7f03a45ab46264149	312	parent_products/RETRO_PRODUCTS/R001_C313_BPISD/demo_persuasion.py
1b1dd3c56b555caa38e618c179849691475861041a3d76bab6a71a752188863b	1182	parent_products/RETRO_PRODUCTS/R001_C313_BPISD/PRODUCT_RESULT.md
77c05b8d51ee9aff80f1a7602aaa0fedb23f8a0d2f72ab8c9a8a2dd0314e4042	591	parent_products/RETRO_PRODUCTS/R001_C313_BPISD/README.md
2d61d3bdd49752196470865ee42af48a786bdafe7b8f9579e08e6cedbd4323b6	1153	parent_products/RETRO_PRODUCTS/R001_C313_BPISD/test_bpisd.py
f683af81517b0b3a05ac4e57ea7ce64266498c7dd568ffe6f81aadfa4a3436f5	2041	parent_products/RETRO_PRODUCTS/R002_C326_HFAD/demo_flow_attribution.py
f1fad1b7bc654c13bf5ae3a0046e308834b51eefb3e6772197a9577cd3ffcdd9	3616	parent_products/RETRO_PRODUCTS/R002_C326_HFAD/hfad.py
a74604d644acf836828257c587061059c0af596e4c4f1b25d17955bf0cf30162	1336	parent_products/RETRO_PRODUCTS/R002_C326_HFAD/PRODUCT_RESULT.md
f10a55d09b90efafac712b79aa77f2ecc95f94e1b5e1acdd1345ad15982c5001	1163	parent_products/RETRO_PRODUCTS/R002_C326_HFAD/README.md
7b63fbfc7bdd0df92b6a0478b16f4383c40d06337e7a04128665c9a5167e058b	1710	parent_products/RETRO_PRODUCTS/R002_C326_HFAD/test_hfad.py
0411cc3251af7d8b27014c701c44798e2e3a4f928acb4d7918f63fdfa331c574	1953	parent_products/RETRO_PRODUCTS/R003_C333_RIC/demo_integrality_audit.py
ad49be364f6cb1d1b27077edff23d4f6d1e1bf9769c02a375950889e500ff03a	1224	parent_products/RETRO_PRODUCTS/R003_C333_RIC/PRODUCT_RESULT.md
e68b1a54f6639f6172106f1f61709ed4aa90e851a64c1cbdd8258cbc530c44db	984	parent_products/RETRO_PRODUCTS/R003_C333_RIC/README.md
78b97bd396f521fddff436e880a8ef25ce845d08d3b94d244b01dbd5afd651fe	4471	parent_products/RETRO_PRODUCTS/R003_C333_RIC/ric.py
647c3c804773d9cbc570f7e9ac12d9e6317d01bc9932fea7727d20c3bd3c6baa	1562	parent_products/RETRO_PRODUCTS/R003_C333_RIC/test_ric.py
60dd8e6a11287437fb42ae23aa47a16480d0e0560e654103841e0e997aa5703e	588	parent_products/RETRO_PRODUCTS/R004_C344_OFLS/demo_redemption_policies.py
dcfa228771213327ca1097cbf691549b3bf70a34861f5e61f577b04a3ab3c21a	4213	parent_products/RETRO_PRODUCTS/R004_C344_OFLS/ofls.py
ef1ed78d5a28b7eedb3d38c84c9eb61b6aebc111fafce7157ada1f0519e4b813	1274	parent_products/RETRO_PRODUCTS/R004_C344_OFLS/PRODUCT_RESULT.md
6846f2945e8598489fcdc4a64e200a3c4660e5b2907b4c24983ebe218085ef4f	718	parent_products/RETRO_PRODUCTS/R004_C344_OFLS/README.md
960acc3962372302f70169f05303ddd495f52b3c455f60536fd744227b831ebe	1396	parent_products/RETRO_PRODUCTS/R004_C344_OFLS/test_ofls.py
c3c20cdc1f70d9abb32c19c291b54b7c1bc2a7f50bca41c31d8810497e9b0f2e	561	parent_products/RETRO_PRODUCTS/R005_P572_SLERM/demo_lock_in.py
6ae288e16830590df4beaf693e1226299d098ee5869f773e76a2167cdf5de6fb	929	parent_products/RETRO_PRODUCTS/R005_P572_SLERM/PRODUCT_RESULT.md
ac3cd31f1809efd26960055999e15d360ff88420999a908f887ba03069bb0cb6	735	parent_products/RETRO_PRODUCTS/R005_P572_SLERM/README.md
da8fd9b87efebcd5812e2d41e84eb7e6d6386f7664931d31129be95ad8e8a6a8	6114	parent_products/RETRO_PRODUCTS/R005_P572_SLERM/slerm.py
1f8066407d703c11fd8aa0f2c545d09b6acb59266df2a3f74c16cda4da75bc09	1505	parent_products/RETRO_PRODUCTS/R005_P572_SLERM/test_slerm.py
2caf781e9b373631105cc6f440f3a17420effdbc3f837acb4a7e11642285a954	353	parent_products/RETRO_PRODUCTS/R006_P579_P580_UTDIM/demo_double_diffusion.py
f224793adf8e4d89c21acfc094e3732cc25cd3c878b8b00eb9feab9170263599	783	parent_products/RETRO_PRODUCTS/R006_P579_P580_UTDIM/PRODUCT_RESULT.md
b2fe6da1ec014e1317dfe16142085276af2b4912dd26d4c11b8762a50ae05fe2	793	parent_products/RETRO_PRODUCTS/R006_P579_P580_UTDIM/README.md
f3e9ff9958e17c5f4862967e364c74f92f9af51e7e5f00456e52ad2ac7ff4611	1898	parent_products/RETRO_PRODUCTS/R006_P579_P580_UTDIM/test_utdim.py
1478bd2a383d8d22f838490007a36de177f93711ef3187aac5c7b61c8e4a54a4	4532	parent_products/RETRO_PRODUCTS/R006_P579_P580_UTDIM/utdim.py
841fb44ab3a2abff7cf79b6bcc76fffc483905a1b91f9aecd65f3754b49f622f	5778	parent_products/RETRO_PRODUCTS/R007_C349_BICC/bicc.py
d808bdd91fbbdd5f9620189689df0ce5537d3b8df42699f8c5d3dab519ec61e3	1538	parent_products/RETRO_PRODUCTS/R007_C349_BICC/demo_influence_audit.py
aa88c49473b47add11f1feba523b7db6fdb3b247446beb69b79b47d1d612bba1	1432	parent_products/RETRO_PRODUCTS/R007_C349_BICC/PRODUCT_RESULT.md
4d42e467868308774ef31826a4edc382bbe686c55f12ff9ff0580dc5899bd06a	956	parent_products/RETRO_PRODUCTS/R007_C349_BICC/README.md
599c44ea904c0e615f295b37625906d780cae8fcc44adde1a500818a4018f460	2357	parent_products/RETRO_PRODUCTS/R007_C349_BICC/test_bicc.py
b06219995cdc6b591d33999522fdddae3abfb2037382c4226e3f301c0ebabc50	760	parent_products/RETRO_PRODUCTS/R008_E612_E613_LGID/demo_incidence.py
a3e60ee1aa361d1a0c07aee48dab7eea1f6d1cf4c82d9fcb4e4fb1ca6e8f1d45	5062	parent_products/RETRO_PRODUCTS/R008_E612_E613_LGID/lgid.py
5f24ec8d9612efc4dc60909507a92624e21ddc0b37d717bb189c2b80caca0b23	906	parent_products/RETRO_PRODUCTS/R008_E612_E613_LGID/PRODUCT_RESULT.md
120ca514c499ff55edf43d2ce52201487991f125b8f81f29ef8fcaa24aa5d82f	767	parent_products/RETRO_PRODUCTS/R008_E612_E613_LGID/README.md
7eb1532c58e6f2ab3a9c9d185c45092394959497d073adeac776d52639f02c31	2295	parent_products/RETRO_PRODUCTS/R008_E612_E613_LGID/test_lgid.py
5d8187d293112d799ad26640ac0880cf69c25d655f0a89c69f35eafd3ee1ac9f	4381	parent_products/RETRO_PRODUCTS/R009_P620_CSDC/csdc.py
fbd0784c5200bd467ae810cc997279c13c1ff4af3f4ce70eddc0cfcf6f20a23e	479	parent_products/RETRO_PRODUCTS/R009_P620_CSDC/demo_coarsening.py
fe1c1837787249b36c038049008fc173c1b7ac6226aa1f11bfeeb2ea4e94d4c6	744	parent_products/RETRO_PRODUCTS/R009_P620_CSDC/PRODUCT_RESULT.md
f4d1ccd8b5216264d10f0d870b0a8362d6ccd7c33dc84743e43b8dfba563517f	750	parent_products/RETRO_PRODUCTS/R009_P620_CSDC/README.md
99476624de8fd73ef75739437a86bd301f23998a061897bce79a69bd12c04ac8	1424	parent_products/RETRO_PRODUCTS/R009_P620_CSDC/test_csdc.py
b12b86b4d8cda30e03ad32692a4d6234363c3a45a3e0e6d832d2d2fa9a20025c	875	parent_products/RETRO_PRODUCTS/R010_C359_PPSA/demo_privacy_pipeline.py
5165d64a098a691f696f6559b52d0313cf1f4f6174ad06ed589f365177bcef0e	5144	parent_products/RETRO_PRODUCTS/R010_C359_PPSA/ppsa.py
19e3326b99825059707d7c6f506cefebdf52af40759e1001795b87db3f5265aa	1183	parent_products/RETRO_PRODUCTS/R010_C359_PPSA/PRODUCT_RESULT.md
589717d16362ac3c749356a2dd2a744b9ddd1e5543b84df2a3cb208f5fa8a1eb	798	parent_products/RETRO_PRODUCTS/R010_C359_PPSA/README.md
d51571c8218423ec95c8d682f1958cf4ded79b9a21cab9094c0c4b1a005e7209	2003	parent_products/RETRO_PRODUCTS/R010_C359_PPSA/test_ppsa.py
cc72ea113a64043d909abef9df9da14521608bc94cd8d8973dc69122f8db34ef	585	parent_products/RETRO_PRODUCTS/R011_C360_MCPR/demo_market_clear.py
db4693b49147f5e9ee9a668f10cd165eef5f4d0da23e2bbd6c8a02136b395542	4856	parent_products/RETRO_PRODUCTS/R011_C360_MCPR/mcpr.py
5b81a980d278ec9859c8c7e062998696381d869c57bed76e69c132067cbd6182	1214	parent_products/RETRO_PRODUCTS/R011_C360_MCPR/PRODUCT_RESULT.md
48ccb52cec1ddef24a556d0f125d29a723a722a97d6533f029fd920cf7de2a2a	605	parent_products/RETRO_PRODUCTS/R011_C360_MCPR/README.md
1f6ede0fa667595818e2af60ff03d95e9a3d2b9a0b6a96cdafb8a50d79f44649	1538	parent_products/RETRO_PRODUCTS/R011_C360_MCPR/test_mcpr.py
93d07583c64c3d721b54c2f7f801702bddaa6c7c4feb6d8f5f6849f540638111	4235	parent_products/RETRO_PRODUCTS/R012_P660_APTC/aptc.py
cb2edd900cd28679854c9ffac5c6e87f7636509f7f3bd36edb9393afc39dadd4	503	parent_products/RETRO_PRODUCTS/R012_P660_APTC/demo_ambipolar.py
18dc325eda328e0ee0d863e7a080e4b385b6ea8ee418d75338625ef233ab3c1d	763	parent_products/RETRO_PRODUCTS/R012_P660_APTC/PRODUCT_RESULT.md
ef3c731783d47d5eb7b11bdfc4c1d36b2c83ad9b3c94c306f1b82e64c5a9018a	741	parent_products/RETRO_PRODUCTS/R012_P660_APTC/README.md
d615a61e4a599ddbb3dcdaf80a0b730fcf162bf98bb28144fc8cbff3ca7a3136	1885	parent_products/RETRO_PRODUCTS/R012_P660_APTC/test_aptc.py
32dbe78d596d7006eeda8c50cfcfcb39fec4bfa9466be7a02267cea26130c22a	1842	parent_products/RETRO_PRODUCTS/R013_C376_OWNM/demo_control_wedge.py
351a97d2fd08a8c7040908d3492674af79ca32efe786aaaf39d3cfb0d15d8c25	4633	parent_products/RETRO_PRODUCTS/R013_C376_OWNM/ownm.py
a9cab4d966f67e4dfb60c854615213179e194f8d26585f6ed785af90adec049d	1423	parent_products/RETRO_PRODUCTS/R013_C376_OWNM/PRODUCT_RESULT.md
22f0f019586948cc09b2a1e4d89a863487a0a591b3a2861ce29ec68ad2cfba9b	1021	parent_products/RETRO_PRODUCTS/R013_C376_OWNM/README.md
b0068b8e3ab9cd9b1fb94edb8dea99a553f21c7a206d8d7321f2349df4ad8dff	1565	parent_products/RETRO_PRODUCTS/R013_C376_OWNM/test_ownm.py
f4a81bf75ab16dff8b3a6eac42ae18d4d6ac84f36715dc476f4f3f275ab7f5ce	5174	parent_products/RETRO_PRODUCTS/R014_S781_S792_ACSA/acsa.py
d376dc9e3dbe373408ff6b8554888f8f845c647bca3849eafc51571749c0006e	628	parent_products/RETRO_PRODUCTS/R014_S781_S792_ACSA/demo_selection.py
dc3eb50142ac61ae122238378c2512245101b0462f54e9155d1c92bce449f5e6	857	parent_products/RETRO_PRODUCTS/R014_S781_S792_ACSA/PRODUCT_RESULT.md
59c1f0e590dbd48b42abb70ca1ea205b170e65d0d7f681f4dfcb12330291c41c	841	parent_products/RETRO_PRODUCTS/R014_S781_S792_ACSA/README.md
57b14a3a3bbbada1c76e2312bebf6f02463d25dc3663591d741a3405820c58f8	2035	parent_products/RETRO_PRODUCTS/R014_S781_S792_ACSA/test_acsa.py
5075f8ce487f0af9d3a1ff1d819a553eae59e120a7241e10ab7f0247a9c0bccc	438	parent_products/RETRO_PRODUCTS/R015_P767_PCBE/demo_breakthrough.py
d2404db8d1f9dd2f0db462f522fed5e1283ec3f93c92e0eb7af29f39eb12f2a3	5363	parent_products/RETRO_PRODUCTS/R015_P767_PCBE/pcbe.py
254510268b8a2836d34a608131a376bd1e0fa3a1a6fef52dbaa2336a14096e2a	779	parent_products/RETRO_PRODUCTS/R015_P767_PCBE/PRODUCT_RESULT.md
061097da06dffee58b8bf1c49ccf19bec2e90b86d57e79b9bd5987f7b7fcbb7d	722	parent_products/RETRO_PRODUCTS/R015_P767_PCBE/README.md
78d3e55ef54269b6dfdabf33b8ffe30b0bd4fa4f0892cefc7244257b4b579dd8	1598	parent_products/RETRO_PRODUCTS/R015_P767_PCBE/test_pcbe.py
454f629749dec52576859f2c442b8c4529e4b30a5b50179af766c969415fb418	484	parent_products/RETRO_PRODUCTS/R016_M821_M839_FCMS/demo_microstructure.py
3838cd95c3c9e06ea5ab1a7f8651b9192ef9cdab7be669f02d585112afba27ce	6598	parent_products/RETRO_PRODUCTS/R016_M821_M839_FCMS/fcms.py
0173d2baff3a8e64b4379c1de649fb800a2346d771d2a5dd5771d1a3964f4085	900	parent_products/RETRO_PRODUCTS/R016_M821_M839_FCMS/PRODUCT_RESULT.md
b40fb31da5b4771833b2d4d463d797449f68d40e6d7b0ad6701bf493ce085a95	729	parent_products/RETRO_PRODUCTS/R016_M821_M839_FCMS/README.md
c7068a932614ec144942c3e3c77197926eaff117f69b29cd95755b9e909530da	1704	parent_products/RETRO_PRODUCTS/R016_M821_M839_FCMS/test_fcms.py
d2d47939e4287f5a1241512409284bc16fb72bf16cca8b7365b42d9410deb261	507	parent_products/RETRO_PRODUCTS/R017_C389_PRIU/demo_priority_reset.py
167b53a946f685106e408ed0fedcb811c5ca2ccf44837720c40149a9ea81b86a	6256	parent_products/RETRO_PRODUCTS/R017_C389_PRIU/priu.py
630e7b3e08641ab955caae664db691fafe6643d01dcce23966a8520f0071c70a	1344	parent_products/RETRO_PRODUCTS/R017_C389_PRIU/PRODUCT_RESULT.md
6fca1f84f5b58395dee5f5f3001d27af9d5078484636ef2c9933204b49d9251f	767	parent_products/RETRO_PRODUCTS/R017_C389_PRIU/README.md
3e990d92a883168413bf8d192d8783084de8979b800c2637e32d1ffb583c01da	1930	parent_products/RETRO_PRODUCTS/R017_C389_PRIU/test_priu.py
045b0816436fbd442d93f6a5ff0d42ecbf41fa91131dd65f19a6a8de2d02ca13	407	parent_products/RETRO_PRODUCTS/R018_M866_M880_MCSC/demo_comparative_statics.py
9c5b52d3d3626385ef2017f9bae2cef055201c563b3620873f35e81cb862b9be	3442	parent_products/RETRO_PRODUCTS/R018_M866_M880_MCSC/mcsc.py
8b9a15b84292e262445a20c86d9d1e575e6955f5ec4ee6a6b767ab26ecdbcff8	1018	parent_products/RETRO_PRODUCTS/R018_M866_M880_MCSC/PRODUCT_RESULT.md
09324813618d9bde4d1b38959cb2d9cc3e21a54121a8be0ad019915f30c46279	482	parent_products/RETRO_PRODUCTS/R018_M866_M880_MCSC/README.md
183db3c96f8cab8c2042c12242701e23446bff005a6cfcf5b7114e9b8928b83e	1057	parent_products/RETRO_PRODUCTS/R018_M866_M880_MCSC/test_mcsc.py
3e8d551304a78c3815d2c168326b48403bbe4376b9cfe310f4e67304933572a4	606	parent_products/RETRO_PRODUCTS/R019_P858_P859_VICO/demo_coupling.py
4af707cc3bc3613aebbb89c381c4288fdac4b6fd4618751e80a74460f3e50cae	873	parent_products/RETRO_PRODUCTS/R019_P858_P859_VICO/PRODUCT_RESULT.md
d9237251effd1a9b1094125192e3e857c685dc89c024b8b36a7badd8e50a1fbf	832	parent_products/RETRO_PRODUCTS/R019_P858_P859_VICO/README.md
0af14e982c3146d18547e37b1eb34c64dc0fb75af08fc8bdd184f81d4b617aeb	1712	parent_products/RETRO_PRODUCTS/R019_P858_P859_VICO/test_vico.py
d5f61585617bc57382e1986132246fc4cdc02a1fa8a4185bc80fd77469c2fa16	6660	parent_products/RETRO_PRODUCTS/R019_P858_P859_VICO/vico.py
c92cb1a2f9b1ed17a6ec8da46d06da743fb1e40b0222894d5370e6231e9cd713	842	parent_products/RETRO_PRODUCTS/R020_P848_P851_SCCRT/demo_catalyst.py
f9d13c871c89f355fe4d72837e89a8d7980bb1ab6413065b6499d65fd01fc317	789	parent_products/RETRO_PRODUCTS/R020_P848_P851_SCCRT/PRODUCT_RESULT.md
521a53a1696c5bdaea7c2690904a74491dafea476b9bed5ba74cedda335a5ca0	728	parent_products/RETRO_PRODUCTS/R020_P848_P851_SCCRT/README.md
80747df99a0895cb0d0266b20a2209b341d4044d3a77e962b2d0e2f26c25ef7b	6453	parent_products/RETRO_PRODUCTS/R020_P848_P851_SCCRT/sccrt.py
4e859d7d8d8998972ec4c56666619f351f480f910f5ef74a4d3b5eeefa2f3037	2235	parent_products/RETRO_PRODUCTS/R020_P848_P851_SCCRT/test_sccrt.py
27ab982a4d28a229384058007fdd136b0629692d54f9c7f21ee85f8b479a5d0e	517	parent_products/RETRO_PRODUCTS/R021_M896_TFLD/demo_localization.py
bf6e51036dfed7d536f62a5cc1c141d37cb49b39f24d64dd5c87717941337147	1072	parent_products/RETRO_PRODUCTS/R021_M896_TFLD/PRODUCT_RESULT.md
01eb4f5fcbf5062e21cf4f621e4b3082d3a5887bea619ad50070e15410de6cae	531	parent_products/RETRO_PRODUCTS/R021_M896_TFLD/README.md
36fd108aa1e2823204523b94c3ba5f0eef262eea401c377a3a3057cc9373dffd	1283	parent_products/RETRO_PRODUCTS/R021_M896_TFLD/test_tfld.py
6a402c09dc4b8300c8441065c3b7633cc80f008873e94faa067bd4d6013f5fef	3762	parent_products/RETRO_PRODUCTS/R021_M896_TFLD/tfld.py
46b202534038846a4b5f31ca3eb9171e4fb7a790db2e58b34821f9bf1a92d871	4665	parent_products/RETRO_PRODUCTS/R022_E404_E405_CDA/cda.py
6babedbdcfa24eba47af204b2a84fc65ea9a149ad380ba05e4d40f84f7a265fb	1282	parent_products/RETRO_PRODUCTS/R022_E404_E405_CDA/demo_channel_dominance.py
19d00e35bf0e44c948c50383a40603553fb4fa5c96a6aef5824321ccb3ee2d95	1243	parent_products/RETRO_PRODUCTS/R022_E404_E405_CDA/PRODUCT_RESULT.md
74ea8807a74ce9df00e2a450442214eae83a274203f91e47c923db3702c78ee3	990	parent_products/RETRO_PRODUCTS/R022_E404_E405_CDA/README.md
60b837d17cdb612128bff55482a278307b65cf2227bcb5203b6c1355d66e8433	1501	parent_products/RETRO_PRODUCTS/R022_E404_E405_CDA/test_cda.py
68e7e866cd67182b7a6421bdb497edea0cc0662319614bb0fe97aa3aae63553b	4861	parent_products/RETRO_PRODUCTS/R023_M421_M428_CORMA/corma.py
d5830a79712641ac508421d7cd4381b5c5ca5dfdf6159b0a16971d557bfa3250	863	parent_products/RETRO_PRODUCTS/R023_M421_M428_CORMA/demo_state_audit.py
afd335ff5bdc64f2b963f792e1a09424e51ee9d7d1cbfedeb33d949e24216f7c	1344	parent_products/RETRO_PRODUCTS/R023_M421_M428_CORMA/PRODUCT_RESULT.md
2d5bfa0f805d002d7430f174ee5a7e12eec86f260cac6dd7ae37f73b9f0946dd	793	parent_products/RETRO_PRODUCTS/R023_M421_M428_CORMA/README.md
e31a4c8facc9d444615c9377c32d71cd48d90ad4a4a7771033ef9c146e2c8db7	1365	parent_products/RETRO_PRODUCTS/R023_M421_M428_CORMA/test_corma.py
8a53c758fca6d1c656eb7036c675a2aac5cb75f52b84200af549e43fb798e23c	6141	parent_products/RETRO_PRODUCTS/R024_M423_M426_BRED/bred.py
13e5b360a041bcaeb0a30946189b160aa71e8c691c74d628f8aa50c8d4c25b57	454	parent_products/RETRO_PRODUCTS/R024_M423_M426_BRED/demo_balanced_reduction.py
cca8fb619c04ac845893b7fb31ccf60c75fca3dbb8ea1cfada86acd0a1ceb818	1187	parent_products/RETRO_PRODUCTS/R024_M423_M426_BRED/PRODUCT_RESULT.md
c5fafa1a5c0871d4236dbf5c24ca1f0ea752601a5cd5c0468c79e2d2c0e3ab80	663	parent_products/RETRO_PRODUCTS/R024_M423_M426_BRED/README.md
e9d9bdbdd5bde55e4f3a83fcec61df703071cea245cdad6b39bdba499e966a50	1341	parent_products/RETRO_PRODUCTS/R024_M423_M426_BRED/test_bred.py
ee7b08f411d47ab19bdb01fae7edd57bfa23191dfb6559c4fa073b7898572d5b	983	parent_products/RETRO_PRODUCTS/R025_M435_M436_WBDP/demo_distribution_plan.py
42332892f9d2cb0b4ce0f4c9af490c7ff076d74d337032a65500819ae38d6392	1096	parent_products/RETRO_PRODUCTS/R025_M435_M436_WBDP/PRODUCT_RESULT.md
a331479c9c9ba9a9feb2820ddd4cd8a5f10c64c7e51107c0ba4e44d2dff06ec9	594	parent_products/RETRO_PRODUCTS/R025_M435_M436_WBDP/README.md
0d4755f4fc0eea81be602ecd095723f8ead48ccdf6f85d863616d6573fa1bde5	1387	parent_products/RETRO_PRODUCTS/R025_M435_M436_WBDP/test_wbdp.py
f0d37d05dc3d5702b1615e9bf132135b29eccfa081609710633c29a53128e812	4972	parent_products/RETRO_PRODUCTS/R025_M435_M436_WBDP/wbdp.py
3a0b908ddb60447476c0e447f4f96ac463aaa9620362752a8833bf0af605ab87	999	parent_products/RETRO_PRODUCTS/R026_S423_S424_EBC/demo_evidence_borrowing.py
d8bc06ac79159959656aa9de4a2e975e8fb4a3fc7258e1654a13849aa7420c37	5022	parent_products/RETRO_PRODUCTS/R026_S423_S424_EBC/ebc.py
5cc5858a6398d75520ef320a1fa33f096ee4dfef8fb9ae6b79df22956ecbac61	1355	parent_products/RETRO_PRODUCTS/R026_S423_S424_EBC/PRODUCT_RESULT.md
174cd50158f0d97d18c747a9b78666ef02913cf57e37994cf8ffb0929243d0a9	889	parent_products/RETRO_PRODUCTS/R026_S423_S424_EBC/README.md
852ed7968b3f4d7d1048a920af09be9d7e1c963b5c23c1caf0b70418f9e594fc	1491	parent_products/RETRO_PRODUCTS/R026_S423_S424_EBC/test_ebc.py
95be99613001a1101d3dd5724afd34dd84e23036b5dc7e0f113f52578388f4ec	765	parent_products/RETRO_PRODUCTS/R027_S426_S427_MIFF/demo_firewall.py
15b115afd094d7a02b47c811b7627c42d46d0fa21c7436115d102253eb974c8f	7631	parent_products/RETRO_PRODUCTS/R027_S426_S427_MIFF/miff.py
d3ee120c482f0b00e89147de973286541357a162a7b1360bf683606b119b8547	883	parent_products/RETRO_PRODUCTS/R027_S426_S427_MIFF/PRODUCT_RESULT.md
a0df1e27f97c5811f6c0920710e2172eaee3b06307c49a1aaeb5dbce12e7e55c	777	parent_products/RETRO_PRODUCTS/R027_S426_S427_MIFF/README.md
6fc78eda6580a822798db102914d336c7e2c3e13bb44f14e08b55b7b9f83f535	2052	parent_products/RETRO_PRODUCTS/R027_S426_S427_MIFF/test_miff.py
0775d9f3d2384a01b960232ab882904dab1332154d7dbfeb122c24b08d9a45a9	877	parent_products/RETRO_PRODUCTS/R028_S418_S439_TDSX/demo_tipping_surface.py
f598de99dfc434948c6c582ba747fb5ee57b28d751d0958b7eadff0d7e0c3f78	1220	parent_products/RETRO_PRODUCTS/R028_S418_S439_TDSX/PRODUCT_RESULT.md
ca3685f95416b699817f98496770f088c18aaa3638919ceac10d017a688209b4	735	parent_products/RETRO_PRODUCTS/R028_S418_S439_TDSX/README.md
f5acbe618b22bddd6a9aa2f7ad97cdd3fb2fc56cc8f884035c01ce6ded35f5ac	6413	parent_products/RETRO_PRODUCTS/R028_S418_S439_TDSX/tdsx.py
8641de707fcb883d6f31466bdb14aac6436b7c16261a22bf55db7ad917eab880	1348	parent_products/RETRO_PRODUCTS/R028_S418_S439_TDSX/test_tdsx.py
b6534cc7372fccd85c2ab57d576b2a6cd67bd35402841cacc293ac4e85dfa1df	928	parent_products/RETRO_PRODUCTS/R029_S440_SCE/demo_specification_curve.py
0bcfebdc4b646dafa67a3ed732a2efb8241e7958b8c5428ff25d1a4dc86f6fe0	1307	parent_products/RETRO_PRODUCTS/R029_S440_SCE/PRODUCT_RESULT.md
10e2e1c7b5796384e29890c22811b08a2edcbe3a8f33be067ced04705539faa6	847	parent_products/RETRO_PRODUCTS/R029_S440_SCE/README.md
e0eae9a1b87ec11c114d97b9c2972a0f744b955e56e580583f1059470760e7d0	5893	parent_products/RETRO_PRODUCTS/R029_S440_SCE/sce.py
5f32bc9d2867745695c493f9c3d53de3bfc8c091a7cff011b9d28aa5655c3a40	2072	parent_products/RETRO_PRODUCTS/R029_S440_SCE/test_sce.py
873a092f90fb473808d9b9acd0b915b1a0d6a7f6e76013f578d56de22582279c	409	parent_products/RETRO_PRODUCTS/R030_P428_P429_ISPO/demo_search.py
07db27f481d99bd0a61d08958ba96b73766a1c1432adf087b2dddf7ef7ae6def	5811	parent_products/RETRO_PRODUCTS/R030_P428_P429_ISPO/ispo.py
c63c307d811844892a89757dc0d8712faf15a6e6019823f2b1aa2aad97c9f7b8	932	parent_products/RETRO_PRODUCTS/R030_P428_P429_ISPO/PRODUCT_RESULT.md
21dd9d48ce3240145ab5bfdea42a84bc8e8283e1a2d74aaaf8884377a3871346	679	parent_products/RETRO_PRODUCTS/R030_P428_P429_ISPO/README.md
97416b4feab9413946d69f3b9553b639c91d9e3451c5f872161b65c3085c01a1	1776	parent_products/RETRO_PRODUCTS/R030_P428_P429_ISPO/test_ispo.py
35fc642a6aa9194e2d73f5a154087d3cd80c0070f6cb4d5459b59677536f7b7e	1487	parent_products/RETRO_PRODUCTS/R031_P430_RTO/demo_heavy_tail_restart.py
ef7792246e34e42c6342903119de29f3a93d3d31f68caedeb9fa8c432b9f78ce	1251	parent_products/RETRO_PRODUCTS/R031_P430_RTO/PRODUCT_RESULT.md
8a19cfa3cc1658375746bda5b9c6c17838d0bb5b0a79b945f3e3090fcb291a85	1044	parent_products/RETRO_PRODUCTS/R031_P430_RTO/README.md
c9264228a24f66d23a3f3da303940223e0fd8653418031d5efefabe4b5d9758e	2493	parent_products/RETRO_PRODUCTS/R031_P430_RTO/rto.py
fa281f73163e2a0de93ca2a311c1025ea1c073cf03f782c54035f8b395b8f342	1180	parent_products/RETRO_PRODUCTS/R031_P430_RTO/test_rto.py
05ac0060016ea02a40dba58c782aaf1af4349f69478b5ff02959bea047c53ac3	1682	parent_products/RETRO_PRODUCTS/R032_M437_UMCA/demo_stock_reconciliation.py
d8179d2a152054c152770f707f1cc20a4fcfba2f82c9d2e554e84997527ea5db	1340	parent_products/RETRO_PRODUCTS/R032_M437_UMCA/PRODUCT_RESULT.md
142c91db94992a3dd1dc9f373c9c00b979b599586ac906d6654d5dd2364177c3	1183	parent_products/RETRO_PRODUCTS/R032_M437_UMCA/README.md
ae53060600e7d7ac17e4cc2c4a2d3582ccfbfebdb2791a7474aa6dad0206bd6e	1592	parent_products/RETRO_PRODUCTS/R032_M437_UMCA/test_umca.py
fbf99a73b7b0dd3a8c676c92648921c65ffc3f490d20372001334e765644110a	5351	parent_products/RETRO_PRODUCTS/R032_M437_UMCA/umca.py
746b6cd207f8ebf6c237eda0991d6811edfa57bc8c22cb19c04a100dd6c34d73	677	parent_products/RETRO_PRODUCTS/R033_M420_OASRD/demo_averaging.py
2c314d8e480df4f87c9b19acb4142f5548b0eccbcf1cf1d6961f953b6cf97da7	4577	parent_products/RETRO_PRODUCTS/R033_M420_OASRD/oasrd.py
693cfb234cc57992c4122e1e0197eb518e4e28be6cc50cdec011f6f71131877f	795	parent_products/RETRO_PRODUCTS/R033_M420_OASRD/PRODUCT_RESULT.md
58b1741d0a4270f31b9a7516de52dba47da5dc13d24d91d6747f8f43c62a2e78	689	parent_products/RETRO_PRODUCTS/R033_M420_OASRD/README.md
304a541e690d2d173b758b96e78abe93a09445845f878badd3e7f5a200c53df0	1496	parent_products/RETRO_PRODUCTS/R033_M420_OASRD/test_oasrd.py
5a7c265f74241669652f9bd2da8568859033c620f7e0207a8af4ff150597e01d	568	parent_products/RETRO_PRODUCTS/R034_P435_RSPI/demo_remote_sync.py
f62549d5ff55d06c71d39a6c4e024fa7f25e895f7351cd2930d418e4d2652dda	796	parent_products/RETRO_PRODUCTS/R034_P435_RSPI/PRODUCT_RESULT.md
61a22d63b126ab0103bc294c2106632e88daffd3cd098abb76e55086485b3036	670	parent_products/RETRO_PRODUCTS/R034_P435_RSPI/README.md
607290aca87cb355adc3e0d8f8f5207405be6f1e131db00aa7d329d554ccc872	4515	parent_products/RETRO_PRODUCTS/R034_P435_RSPI/rspi.py
fb3516a27bcb8ef463e7d288b81b50c4628ef5e5ee40ccb22ffabc90a8b4355f	1732	parent_products/RETRO_PRODUCTS/R034_P435_RSPI/test_rspi.py
35f181a95ff72bde56f6b6e6dbe6d4e98760971fdf512d8a9d443ac8094a0ab6	2169	parent_products/RETRO_PRODUCTS/R035_M007_ENPC/demo_factor_neutral.py
dcb13af27405c0084ab4a3fbdc47e003f8b3ff656ebedce950b2a9ea483a54de	3922	parent_products/RETRO_PRODUCTS/R035_M007_ENPC/enpc.py
52a38afcac49d9869b860209413377f5510f98f30ab3c5fd01e279f61ef106e2	1437	parent_products/RETRO_PRODUCTS/R035_M007_ENPC/PRODUCT_RESULT.md
f727050b5c441fc3932765306a948bcd3542e203ca040dd6ade2a88a1cb7d6b6	972	parent_products/RETRO_PRODUCTS/R035_M007_ENPC/README.md
a53ed832f973de492e2a161588374f8aa57b731f021307d13283e7019e171b69	1271	parent_products/RETRO_PRODUCTS/R035_M007_ENPC/test_enpc.py
69d2d1ee2f06948990b946930da3b1749203a49f0e1ea9e409375a9ec1620edd	1764	parent_products/RETRO_PRODUCTS/R036_DERIVATIVE_FREE_DFDPE/demo_dynamic_estimation.py
2d8a8a990db238feaf66bfcd0ad09ca36a775070b4a142b2028ccf84628bafe3	10992	parent_products/RETRO_PRODUCTS/R036_DERIVATIVE_FREE_DFDPE/dfdpe.py
29c080898989266f53756f78cbd3a5babb3e214eb9c67c91eff5c88b57c3fe79	1162	parent_products/RETRO_PRODUCTS/R036_DERIVATIVE_FREE_DFDPE/PRODUCT_RESULT.md
0cc3d272ff19fe5804fb9c3d461b573f6be37f8decc421c2a913c47caad34b40	968	parent_products/RETRO_PRODUCTS/R036_DERIVATIVE_FREE_DFDPE/README.md
a6c17e4e286f7fa054e1dd50760b6e7e286902de5d68a09cb1a083e756cc2907	2668	parent_products/RETRO_PRODUCTS/R036_DERIVATIVE_FREE_DFDPE/test_dfdpe.py
829b911045a1e7cfa33b58e85c92af570fa446405991a80898f251cc762b1946	607	parent_products/RETRO_PRODUCTS/R037_SUPPORT_COVARIANCE_SACPS/demo_covariance.py
69b84e09a0a3f56c7ba47f42c67ad8f9b4e351ba11241f6cf4deda196dbd0051	782	parent_products/RETRO_PRODUCTS/R037_SUPPORT_COVARIANCE_SACPS/PRODUCT_RESULT.md
ac5ede166377e242e6c7668f8ee43b2a652fe9be27eece84c80a0afc795cbfee	757	parent_products/RETRO_PRODUCTS/R037_SUPPORT_COVARIANCE_SACPS/README.md
0a660f9ffcce8820e4203e2c7d10af23b2d1c3763bca808b4621418e03191a8f	5896	parent_products/RETRO_PRODUCTS/R037_SUPPORT_COVARIANCE_SACPS/sacps.py
107906085403c54f469f93d9fa42a2cfa065fbfe8c9db6e25812b304797adaa0	1743	parent_products/RETRO_PRODUCTS/R037_SUPPORT_COVARIANCE_SACPS/test_sacps.py
819e844fa801381faaec05baa9d47427b153d59e3f6ef8b8a4dc923896c71169	883	parent_products/RETRO_PRODUCTS/R038_DECISION_HEDGE_DHCC/demo_hedge.py
11c0cf5e37c765a5df4d74b5775ea175312d7676a31984651dd5c13180014120	5244	parent_products/RETRO_PRODUCTS/R038_DECISION_HEDGE_DHCC/dhcc.py
cffdab08826c2e6190e130b344dd21561be89dd98de3562c97de38bee9d89ea1	794	parent_products/RETRO_PRODUCTS/R038_DECISION_HEDGE_DHCC/PRODUCT_RESULT.md
c1c8064c28bf911cdb4fe54057ce0f4392c2f30f2c2916761615e2affbf07fdd	712	parent_products/RETRO_PRODUCTS/R038_DECISION_HEDGE_DHCC/README.md
aaea7f534747ab3515256c7f2a78b7b0b481c59005629f1c91f48174b7917773	2173	parent_products/RETRO_PRODUCTS/R038_DECISION_HEDGE_DHCC/test_dhcc.py
e95eacc2d51658adbf040647edbb65283aa869a645c061a6245576528f564ec7	1095	parent_products/RETRO_PRODUCTS/R039_DECISION_BELIEF_DSBC/demo_belief_compression.py
17239eac5b56478532037595f46bf73182a6ec4c73875fe0a6b10fb8e476202e	7199	parent_products/RETRO_PRODUCTS/R039_DECISION_BELIEF_DSBC/dsbc.py
f1e8cc5a9e40d86db7a56adfc8518a1df83a09e0f39d18bde39c88043af7ebf1	980	parent_products/RETRO_PRODUCTS/R039_DECISION_BELIEF_DSBC/PRODUCT_RESULT.md
39d36d302c53825b38bdab7bddea4201d8feb5e8a55ff4b28d0570047188eb43	986	parent_products/RETRO_PRODUCTS/R039_DECISION_BELIEF_DSBC/README.md
9fb02d0c5d44fe34bfc1e878e561e82eef45e02852b35425f08472e4b6f495fd	1699	parent_products/RETRO_PRODUCTS/R039_DECISION_BELIEF_DSBC/test_dsbc.py
544113ed11e2af1c92c3802a79e77f3698a80ac81e1bc79eb2a9cc28d4f66c7c	645	parent_products/RETRO_PRODUCTS/R040_M147_SALC/demo_lumpability.py
9cee65012b060d3fc39d93b8c253e20391c832d0deea4fc33d7fd9ede9a7304e	1163	parent_products/RETRO_PRODUCTS/R040_M147_SALC/PRODUCT_RESULT.md
f6f886703e069ede377b56e6952c40ac4190049d8adc5b8f9dc11014e3282dfc	704	parent_products/RETRO_PRODUCTS/R040_M147_SALC/README.md
4c799e14f2bc49841d088e1c850e0ae6839fd074c697b6dcae04b01c6ff4fbd4	4491	parent_products/RETRO_PRODUCTS/R040_M147_SALC/salc.py
dc3a43bc784dd6315413a6db46dac41d6c667d53f4141b03576a1709fca0abd3	1534	parent_products/RETRO_PRODUCTS/R040_M147_SALC/test_salc.py
d9217996de288888c2941be9432ae1e9a4d63e21d8d1daecdc32cfe48466fca6	9828	parent_products/RETRO_PRODUCTS/R041_CONSTRAINED_POLICY_CAPL/capl.py
8062e467edc4f1fd3e6fb3589d33a73e55f485dc7f6664e04514955c7abc35b3	1902	parent_products/RETRO_PRODUCTS/R041_CONSTRAINED_POLICY_CAPL/demo_policy.py
2edb7934a22840e439620ff8a7038af74f9c8c259cf0029dae55581a0f571fcf	847	parent_products/RETRO_PRODUCTS/R041_CONSTRAINED_POLICY_CAPL/PRODUCT_RESULT.md
c9d8679c5d7039f54ee2bdc5e8d44e115766b0d4d9a753724e30cae989ba467c	838	parent_products/RETRO_PRODUCTS/R041_CONSTRAINED_POLICY_CAPL/README.md
9bff47e150245d6656bad9f11ef3a76c7d2c951f95ac808a3c9a71b9a89601f3	2233	parent_products/RETRO_PRODUCTS/R041_CONSTRAINED_POLICY_CAPL/test_capl.py
7a9d975c1659646cf15ef5314877df37e2bec7e3d96f3c6c570b9f63ebdb69da	1507	parent_products/RETRO_PRODUCTS/R042_PREDICTIVE_STATE_PSCT/demo_predictive_state.py
e98013f3aa3f9931468ecb3effc33e965c4f2d77fae04a144c64a90ec9308c2c	947	parent_products/RETRO_PRODUCTS/R042_PREDICTIVE_STATE_PSCT/PRODUCT_RESULT.md
5d092171ad54ce2142a46d24a5b57a21eafc7f2afbdf2509377936813bb12fbb	7991	parent_products/RETRO_PRODUCTS/R042_PREDICTIVE_STATE_PSCT/psct.py
b7f7944d9a6210a5049c651b9e3e1caa0810543815d507ffe05216609d255479	985	parent_products/RETRO_PRODUCTS/R042_PREDICTIVE_STATE_PSCT/README.md
091ea235366be0ad81a0e1c3e1f7e1a6cf310ec2491b434dd8ba6c0a02f22c5f	2025	parent_products/RETRO_PRODUCTS/R042_PREDICTIVE_STATE_PSCT/test_psct.py
73589d173e19065d8bb68044282d8c3cab0efd66f2c3dbddcc1a51dec9209b64	1005	parent_products/RETRO_PRODUCTS/R043_S159_S930_SRCD/demo_reporting_contracts.py
7d47c7e756c54c283f42b76b28b73be80542d03e713f5ef99146497d651a0de4	1265	parent_products/RETRO_PRODUCTS/R043_S159_S930_SRCD/PRODUCT_RESULT.md
d36a63e1b0b41ff7e81056f4379d4003cdd6eb5c766c5aa8fc1c8d4aaccfbe86	826	parent_products/RETRO_PRODUCTS/R043_S159_S930_SRCD/README.md
98d6570026a3e48772ae1799fb27d41b4c565b000da3b5920dde2c88b132aa11	6239	parent_products/RETRO_PRODUCTS/R043_S159_S930_SRCD/srcd.py
31bf102031979c46c0f3bec34a30b4574092a12cc3154191581f4ade31071deb	1389	parent_products/RETRO_PRODUCTS/R043_S159_S930_SRCD/test_srcd.py
358b20c5905ea7a9945c1ca6ea4f0d11343a1b08767713c2ad86649508f9d9d6	1771	parent_products/RETRO_PRODUCTS/R044_DECISION_LOSS_DLEW/demo_decision_loss.py
197bf5564b41208b950014dabfd9ecbcbf39e71c2111017f7ea9f2fd47cff72e	6554	parent_products/RETRO_PRODUCTS/R044_DECISION_LOSS_DLEW/dlew.py
6d470d359a09b91a9b4aa91f226678d761b3c310af8a3e23dab1922a5a436bcb	997	parent_products/RETRO_PRODUCTS/R044_DECISION_LOSS_DLEW/PRODUCT_RESULT.md
9d1f9dca0162c3f9b222909066c710e23d600ca8dc4b079c090cd4561ec0a479	929	parent_products/RETRO_PRODUCTS/R044_DECISION_LOSS_DLEW/README.md
54d99dd87c698bac792ae767554573041b480168db878b26104b095f3bff8d14	2549	parent_products/RETRO_PRODUCTS/R044_DECISION_LOSS_DLEW/test_dlew.py
1645200fa82f883701f10b9cf16504ed94c1683d9467bd6531c99b311288e4fe	5074	parent_products/RETRO_PRODUCTS/R045_TARGET_MEMORY_ATRC/atrc.py
b4ed899d1e4a6d1b85212fb52e985f9f4891876ebf62c6512b4b89c0202afee6	752	parent_products/RETRO_PRODUCTS/R045_TARGET_MEMORY_ATRC/demo_retention.py
a93b939c651bb03d19def7f6a05e222715d18e7590f6307632aa63e176219d7e	734	parent_products/RETRO_PRODUCTS/R045_TARGET_MEMORY_ATRC/PRODUCT_RESULT.md
b9ece445fdb3422f225de7ffde9269f15d91232bfb48143f70ae52d9cf97876a	572	parent_products/RETRO_PRODUCTS/R045_TARGET_MEMORY_ATRC/README.md
5a1f9c39fd60ee0b78975bf7334dc36f0ab921d03efe7ae174a8cb7ff4eed628	1306	parent_products/RETRO_PRODUCTS/R045_TARGET_MEMORY_ATRC/test_atrc.py
10978dce8d096e400258c98bf3661c670730b863fd47df5f3b67d5b7507244b3	508	parent_products/RETRO_PRODUCTS/R046_METRIC_DECISION_MDDC/demo_divergence.py
df8e8722f7f34f29cf70c0c27298d9e1fe866a8438a3f33a179cfaa96ef01917	3276	parent_products/RETRO_PRODUCTS/R046_METRIC_DECISION_MDDC/mddc.py
76aa831654a760cfd2d1291b9a56cac74231adb3d0ee87e508b363eb066b73f0	699	parent_products/RETRO_PRODUCTS/R046_METRIC_DECISION_MDDC/PRODUCT_RESULT.md
4e850063aeb65577283555d7187277ab3ace80fd27ad314cf461b107eff6eafa	442	parent_products/RETRO_PRODUCTS/R046_METRIC_DECISION_MDDC/README.md
b314832f7c9ae6abf3dfa9eb0a33c1df80c8b97836cf997a3aae47201a2cf732	1030	parent_products/RETRO_PRODUCTS/R046_METRIC_DECISION_MDDC/test_mddc.py
6cdcd29253e2cfea4230a772b737dcbb3ce1a0f60a40814ed97e4aa955e448f6	700	parent_products/RETRO_PRODUCTS/R047_MORTGAGE_COMPETING_MCRIS/demo_mortgage.py
ffa5947a257a5d1c269f5026a5d9972785de4d40a14ec43651d3b2dd86a02e1f	6202	parent_products/RETRO_PRODUCTS/R047_MORTGAGE_COMPETING_MCRIS/mcris.py
97ff1214b46123875acd828a3031ae870fc0f84576c3dc806d51a627d176d73a	771	parent_products/RETRO_PRODUCTS/R047_MORTGAGE_COMPETING_MCRIS/PRODUCT_RESULT.md
c867f226319871bd1ca227c446712a573d30e461dfc6abe927cc6f2774e7c427	700	parent_products/RETRO_PRODUCTS/R047_MORTGAGE_COMPETING_MCRIS/README.md
98faccf0fb31ed0a38db5e47764dea90b47b53bfefc5fda3e7740e96211e25bf	2060	parent_products/RETRO_PRODUCTS/R047_MORTGAGE_COMPETING_MCRIS/test_mcris.py
c6ec90cabf28b99f34385d40ace5d0871666a931d2b680138732887357e80baa	337	parent_products/RETRO_PRODUCTS/R048_MORTGAGE_BURNOUT_MBPF/demo_burnout.py
0a1d80cc232d905083b13e678e70f41cf0c05cc244ac73f397bce6fd4f710a18	4721	parent_products/RETRO_PRODUCTS/R048_MORTGAGE_BURNOUT_MBPF/mbpf.py
b4b5bfdeb1897a17c6bc5ec24c2d0e26c9301e36827379625ac466737230f04d	852	parent_products/RETRO_PRODUCTS/R048_MORTGAGE_BURNOUT_MBPF/PRODUCT_RESULT.md
8349b8de381a8d4a845271b43577e5a40831a118be50e1ef0ae3abb543b5e28f	682	parent_products/RETRO_PRODUCTS/R048_MORTGAGE_BURNOUT_MBPF/README.md
260f1bc5c18b7fc68f59e7403b2540cd9b43fdf6b04e6dbb7df9a054cbe45df0	1923	parent_products/RETRO_PRODUCTS/R048_MORTGAGE_BURNOUT_MBPF/test_mbpf.py
5b989aa62c5d7995a969d190fb81f3ea4a2f0f9e05d38118a8bd4ce9d0b6231b	451	parent_products/RETRO_PRODUCTS/R049_S096_S803_MLHPE/demo_hidden_population.py
177d297bfd1cab10a09697247000d47e9f2cd8b7d685003c362cf41402c63798	7976	parent_products/RETRO_PRODUCTS/R049_S096_S803_MLHPE/mlhpe.py
faab63993555ba740708f7c7c24dd6a37ee217672f3aac2724764887638a0afa	1317	parent_products/RETRO_PRODUCTS/R049_S096_S803_MLHPE/PRODUCT_RESULT.md
08e510d95b1a391132d1862d7e0a6cb7c9951fd8ad223c36b339d34f30b4526d	951	parent_products/RETRO_PRODUCTS/R049_S096_S803_MLHPE/README.md
e8cf84744908f8ab6ee8f765fb4943eab4ec4fe6388393d0e46fe48f7bfa23a8	1619	parent_products/RETRO_PRODUCTS/R049_S096_S803_MLHPE/test_mlhpe.py
81e1534ad57aa8872462ed7a598b3cf2e5258ce4f470f2517b1adb9bbeffdf2f	4022	parent_products/RETRO_PRODUCTS/R050_M583_S745_CBAC/cbac.py
b25e7511f827435833c912f764515b30a66016baa48744347db61090ec7e4ceb	621	parent_products/RETRO_PRODUCTS/R050_M583_S745_CBAC/demo_balanced_assignment.py
842d14e4cdbc2953236c920c9815c7b84eee428bbb555d233ecb8348f7cbe675	1267	parent_products/RETRO_PRODUCTS/R050_M583_S745_CBAC/PRODUCT_RESULT.md
8edfd91e15f3966ededad3c9634a09b2e21e55cc0d27fc69590d1e30cb045037	903	parent_products/RETRO_PRODUCTS/R050_M583_S745_CBAC/README.md
ba90dc8ab4cb3d3d354ec5451af5176007b0c96e23f4c82c1ec1105b399b4dc2	1447	parent_products/RETRO_PRODUCTS/R050_M583_S745_CBAC/test_cbac.py
0b749acd6273bcbe13b08c268d9d5186b1e7e15555902070b1000f947dd9cfe0	423	products/P001_DREW/__init__.py
888d6ba7bf919751d9231f19a575b49ac9aa9401891d0f8a7321ce9a2101251b	788	products/P001_DREW/BENCHMARK_RESULT.json
c21e0f511440b6bffdfe70148c05b1e770a1f7d897537a48d8fd6fce2863d4e7	3772	products/P001_DREW/benchmark_route_a.py
207ecc2585e265838c429ec88fb2a7c300f9b7947f3e1a11dcd741294ac4e1c8	12748	products/P001_DREW/drew.py
570d6d055291f151b644bb426cd8806f24ecfbb882590abe9447356f62eaeb13	1111	products/P001_DREW/PARENT_PROVENANCE.md
e3b0c44298fc1c149afbf4c8996fb92427ae41e4649b934ca495991b7852b855	0	products/P001_DREW/parents/__init__.py
f4a81bf75ab16dff8b3a6eac42ae18d4d6ac84f36715dc476f4f3f275ab7f5ce	5174	products/P001_DREW/parents/acsa.py
197bf5564b41208b950014dabfd9ecbcbf39e71c2111017f7ea9f2fd47cff72e	6554	products/P001_DREW/parents/dlew.py
df8e8722f7f34f29cf70c0c27298d9e1fe866a8438a3f33a179cfaa96ef01917	3276	products/P001_DREW/parents/mddc.py
15b115afd094d7a02b47c811b7627c42d46d0fa21c7436115d102253eb974c8f	7631	products/P001_DREW/parents/miff.py
e0eae9a1b87ec11c114d97b9c2972a0f744b955e56e580583f1059470760e7d0	5893	products/P001_DREW/parents/sce.py
f5acbe618b22bddd6a9aa2f7ad97cdd3fb2fc56cc8f884035c01ce6ded35f5ac	6413	products/P001_DREW/parents/tdsx.py
cafdbdda9049ea14580cff7465b5b8da7f534681cdf359191b3cc0cab66e714e	2234	products/P001_DREW/PRODUCT_RESULT.md
c0a61cde5f531dd2019e915366d175c14e9ada1d681abe7e26f32ad01c9e849a	3120	products/P001_DREW/README.md
e1e7d108f89ff1c11743372795b6f023cf8d14d651696e714d68b67089ee8666	1066	products/P001_DREW/REAL_DATA_PILOT_DIGITS.json
6b1cbc33bdff0b513e022ffe3eb607a84dc3f181e7619059944882fe4ed04ba1	5424	products/P001_DREW/real_data_pilot_digits.py
8ac1e0e7f4d5318852cd00432eb332622f67c6b2574430601fa06022f4a9c5e7	8533	products/P001_DREW/test_drew.py
088750b1daae5a3aaf2c00e8ce1155ecb9cb26f0386fcff6150f631d6865489a	560	products/P002_DCPS/__init__.py
4f700fc2b1edc75aed4fe82eb2b15634b91c0c49b127f5fe851ed64b028086b9	3138	products/P002_DCPS/BENCHMARK_RESULT.json
fd6687e759fbbdbd283a46d3750aec53fd390d7b498bd911121df925664560c0	5992	products/P002_DCPS/benchmark_route_b.py
5d8950cfbb61bd20b276c45d2c656c9c40a7590b0a4dac84332e2ab21e70b7c9	18694	products/P002_DCPS/dcps.py
eba887cbb48fa9ce2f54aa344c2f4757637b215e9ff3952a9170f9b08a0564b0	1919	products/P002_DCPS/HISTORICAL_PRODUCT_RESULT.md
931ef1020c2593c076b2e817be7e994a8b16635ef92ac2793abb908ab4fc3409	789	products/P002_DCPS/PARENT_PROVENANCE.md
e3b0c44298fc1c149afbf4c8996fb92427ae41e4649b934ca495991b7852b855	0	products/P002_DCPS/parents/__init__.py
d9217996de288888c2941be9432ae1e9a4d63e21d8d1daecdc32cfe48466fca6	9828	products/P002_DCPS/parents/capl.py
197bf5564b41208b950014dabfd9ecbcbf39e71c2111017f7ea9f2fd47cff72e	6554	products/P002_DCPS/parents/dlew.py
17239eac5b56478532037595f46bf73182a6ec4c73875fe0a6b10fb8e476202e	7199	products/P002_DCPS/parents/dsbc.py
5d092171ad54ce2142a46d24a5b57a21eafc7f2afbdf2509377936813bb12fbb	7991	products/P002_DCPS/parents/psct.py
eba887cbb48fa9ce2f54aa344c2f4757637b215e9ff3952a9170f9b08a0564b0	1919	products/P002_DCPS/PRODUCT_RESULT.md
2b44416e682293510984226a52dd7c80b8837d72d4db25a8b9af8da50f06cb3b	3146	products/P002_DCPS/README.md
100020b832f26b34a6f268bbae9bd56828192a4d5e3b4a4b845efb38c0ad5727	6834	products/P002_DCPS/test_dcps.py
e3b0c44298fc1c149afbf4c8996fb92427ae41e4649b934ca495991b7852b855	0	products/P003_SANP/__init__.py
c99593c9b09973acb3b8405fd60415f8aca1dcc701d6c6dbaa0d0d4b3c0adcf0	1858	products/P003_SANP/BENCHMARK_RESULT.json
4f6a32f9a744c1354244577345f9032c5f2e087c2d9d24c1eb3491f950047e50	5407	products/P003_SANP/benchmark_route_c.py
9fbe5372191093945198d800f859fbdfecf295c45b087b40db134d412fd34dff	1306	products/P003_SANP/HISTORICAL_PRODUCT_RESULT.md
5a8217af0e2c042af8ab06cce1dd6f5e6ffd8066fda9e4ca2b69cd8296b606e7	504	products/P003_SANP/PARENT_PROVENANCE.md
e3b0c44298fc1c149afbf4c8996fb92427ae41e4649b934ca495991b7852b855	0	products/P003_SANP/parents/__init__.py
dcb13af27405c0084ab4a3fbdc47e003f8b3ff656ebedce950b2a9ea483a54de	3922	products/P003_SANP/parents/enpc.py
0a660f9ffcce8820e4203e2c7d10af23b2d1c3763bca808b4621418e03191a8f	5896	products/P003_SANP/parents/sacps.py
9fbe5372191093945198d800f859fbdfecf295c45b087b40db134d412fd34dff	1306	products/P003_SANP/PRODUCT_RESULT.md
5e4c370c4fc38bd76896cc4dc408cf77aa7237827ea4d03a5756a51a92d34cc6	1156	products/P003_SANP/README.md
4aa865dbd83d25ac08a19098262498d9901d00d503fcd18f4323c3f012e3bb35	6654	products/P003_SANP/sanp.py
28e96a2dab2a858e3612dd1d48ea2c0b1eef28e13a699b03b8eacfc4cf46495e	4143	products/P003_SANP/test_sanp.py
e3b0c44298fc1c149afbf4c8996fb92427ae41e4649b934ca495991b7852b855	0	products/P004_BAMI/__init__.py
b90a15bf1adc00f50f9124e8ea97c9ac125000aa76f6511cad81098d99d51f95	13691	products/P004_BAMI/bami.py
ea35806c50c1766640152f499bda51e70e92df6407ce5ace31cd7fa4f8082b8e	1699	products/P004_BAMI/BENCHMARK_RESULT.json
58faca3b44d189f95aa4aecf3feaa7faa9522fdfce79d79efc27d541908ddcb9	874	products/P004_BAMI/PARENT_PROVENANCE.md
e3b0c44298fc1c149afbf4c8996fb92427ae41e4649b934ca495991b7852b855	0	products/P004_BAMI/parents/__init__.py
d8bc06ac79159959656aa9de4a2e975e8fb4a3fc7258e1654a13849aa7420c37	5022	products/P004_BAMI/parents/ebc.py
0a1d80cc232d905083b13e678e70f41cf0c05cc244ac73f397bce6fd4f710a18	4721	products/P004_BAMI/parents/mbpf.py
ffa5947a257a5d1c269f5026a5d9972785de4d40a14ec43651d3b2dd86a02e1f	6202	products/P004_BAMI/parents/mcris.py
f5acbe618b22bddd6a9aa2f7ad97cdd3fb2fc56cc8f884035c01ce6ded35f5ac	6413	products/P004_BAMI/parents/tdsx.py
122ee45dd8ee4e9e5680944f2215ed833abdbd09bf1e2543e2018b1c22de7ea7	1972	products/P004_BAMI/PRODUCT_RESULT.md
7a5d0eb5b88919612c775485d336aec15655714378b1ae7422599d7f8db88e5f	861	products/P004_BAMI/README.md
b89b07604422bd208ce168efa98b2c47c61b6552705b70e4953e6c2a93f66ab9	5960	products/P004_BAMI/test_bami.py
e3b0c44298fc1c149afbf4c8996fb92427ae41e4649b934ca495991b7852b855	0	products/P005_CARF/__init__.py
b12f0af1a31564dc70617d1b6a7fe30dbc7b1f5c0a10884e713aa47ff216d034	855	products/P005_CARF/BENCHMARK_RESULT.json
40b4f95c4299ca095d24ca08ea04402404f8b0cb757c175f58f1d612b8a2a98b	6494	products/P005_CARF/carf.py
05a6fbc35d871518f64ab0f58177e7661234a66e31543dc594cb67f815419674	722	products/P005_CARF/PARENT_PROVENANCE.md
e3b0c44298fc1c149afbf4c8996fb92427ae41e4649b934ca495991b7852b855	0	products/P005_CARF/parents/__init__.py
8a53c758fca6d1c656eb7036c675a2aac5cb75f52b84200af549e43fb798e23c	6141	products/P005_CARF/parents/bred.py
68e7e866cd67182b7a6421bdb497edea0cc0662319614bb0fe97aa3aae63553b	4861	products/P005_CARF/parents/corma.py
17239eac5b56478532037595f46bf73182a6ec4c73875fe0a6b10fb8e476202e	7199	products/P005_CARF/parents/dsbc.py
0f8b531bd1ecaaebcc7ebe3fe2880651bae43f29e848a638dcc76a5fb29b3931	4094	products/P005_CARF/parents/ote.py
5d092171ad54ce2142a46d24a5b57a21eafc7f2afbdf2509377936813bb12fbb	7991	products/P005_CARF/parents/psct.py
4c799e14f2bc49841d088e1c850e0ae6839fd074c697b6dcae04b01c6ff4fbd4	4491	products/P005_CARF/parents/salc.py
5915fbd65d6d3f5300b145080460406aabc98fcb1ce6998960fa8b3b80411aa0	6150	products/P005_CARF/parents/tsrc.py
73dfc8ad585ffafd244fff2bfa7d49c7d7a4cfd2cc0fb987de7abec0186cb6a6	4847	products/P005_CARF/parents/twmr.py
f473ed8304e3502c8814be2c972a52a82522be400143090842a4f56635fc3103	1170	products/P005_CARF/PRODUCT_RESULT.md
8cf3ccae91e76b98e9be39ed2684057da1342a1a938e673bcedf493f78b10e57	753	products/P005_CARF/README.md
554dd5d483827a895bcc8bfafdafde4548e233ef956c7a8c06549a5bfd4f2db1	3226	products/P005_CARF/test_carf.py
e3b0c44298fc1c149afbf4c8996fb92427ae41e4649b934ca495991b7852b855	0	products/P006_VPRL/__init__.py
5f2bbedb9b9f07820a37ab62194318874175a8d86f15f7af148e0390fc81f7e3	713	products/P006_VPRL/BENCHMARK_RESULT.json
a45d67c5d59ea54a6afccf8d78a58c1f5c54101058da031fb173577ca909c547	383	products/P006_VPRL/PARENT_PROVENANCE.md
e3b0c44298fc1c149afbf4c8996fb92427ae41e4649b934ca495991b7852b855	0	products/P006_VPRL/parents/__init__.py
411398bd9facb3ee0ec77c4ff6c1b74caba95abbc0a3fb8bfd6b94866990399b	6358	products/P006_VPRL/parents/lcm.py
167b53a946f685106e408ed0fedcb811c5ca2ccf44837720c40149a9ea81b86a	6256	products/P006_VPRL/parents/priu.py
8918684e4f1518c4a0ec6f47bc6bd8a008519f46c7522b85bbf1de25cfeb5933	1259	products/P006_VPRL/PRODUCT_RESULT.md
82063d1fd0fed50dd5415964498ac4a024566a3739fe3d048810fd297f24b759	635	products/P006_VPRL/README.md
d462a9daef5f324f8ac40677433e59ad232045d99ff238e50011b4cf0f36d70e	2538	products/P006_VPRL/test_vprl.py
797bf0fdb2f65166fc8f8a973ddf785c6a6d59fdb351c365b8a0380e5251e53d	3193	products/P006_VPRL/vprl.py
e3b0c44298fc1c149afbf4c8996fb92427ae41e4649b934ca495991b7852b855	0	products/P007_VCPA/__init__.py
f2ba9522457b7c28b4f45e46ef82b2ddcda3727814e4623f339fb79a050e4c7a	646	products/P007_VCPA/BENCHMARK_RESULT.json
8058ca42c4e61b1777b238c95abcf68f8afdd5f7f1b70cf6f73ae4c18e91b59e	333	products/P007_VCPA/PARENT_PROVENANCE.md
e3b0c44298fc1c149afbf4c8996fb92427ae41e4649b934ca495991b7852b855	0	products/P007_VCPA/parents/__init__.py
411398bd9facb3ee0ec77c4ff6c1b74caba95abbc0a3fb8bfd6b94866990399b	6358	products/P007_VCPA/parents/lcm.py
db4693b49147f5e9ee9a668f10cd165eef5f4d0da23e2bbd6c8a02136b395542	4856	products/P007_VCPA/parents/mcpr.py
167b53a946f685106e408ed0fedcb811c5ca2ccf44837720c40149a9ea81b86a	6256	products/P007_VCPA/parents/priu.py
84ad56a2084ca5f94352445b2c1294aaff0545329d33556a7f9af4f3a8772143	1227	products/P007_VCPA/PRODUCT_RESULT.md
72a99f1e37bb85a526b7edc5348e6fdd23d02c338a26d64463c241af05e95eb8	690	products/P007_VCPA/README.md
e1a8e02760ec77eaeb7a8da6056ec81d5577d928f5406bfd1ad02768d92545b0	3294	products/P007_VCPA/test_vcpa.py
343a1a78d129d8d1535b752a42fc9aceb09d6ab3bebebecc7f3b4b018f2e9c53	3161	products/P007_VCPA/vcpa.py
457e9fe799924376eaa753f5c918336606d391972bed5f582c44753aecd497d9	189	products/P008_CCTD/__init__.py
f1dcab97b32bd36d45a021919f09354277f6fca79cd76223ca7e147c4125d307	15962	products/P008_CCTD/cctd.py
6038ac366fa7c190f29496fbeedde777261c20cff17679651a2335f2cfae66df	67	products/P008_CCTD/parents/__init__.py
f4a81bf75ab16dff8b3a6eac42ae18d4d6ac84f36715dc476f4f3f275ab7f5ce	5174	products/P008_CCTD/parents/acsa.py
4aa02346340d6fb31f7299bdadc2388c94f063f8dcc658de631a05b5594787d7	4714	products/P008_CCTD/parents/cwc.py
89ff035ca4384dfedfcb523855bed304f4a727e815b66f0aa2e70fc377c6cabe	6011	products/P008_CCTD/parents/dttc.py
229024684269c2cca71cd6fd1aa048c22410e447336b8cf1e44738670b15cf4e	13103	products/P008_CCTD/REAL_DATA_PILOT_DIABETES.json
60c8dca3c5d63c8a5e13da743852337f97095447632c8e9cbd099159d87e5b2f	3150	products/P008_CCTD/test_cctd.py
ca6b404650db09cae3c75a21691accce3e6d296dfdc09f89955a0017503b83bc	21	products/P009_URAI/__init__.py
bdf93c0081eafa3c88334a8af651efc9cafcbcd261c2490d8ccb7df0d754c441	284	products/P009_URAI/RECONSTRUCTION_STATUS.md
f5e5a9d4137cbcdca59dcfaa881284895db0815df7873eee2fbc4c21d548ce76	799	products/P009_URAI/test_urai.py
e4d53aaf7027f1625d7713c8fd68824e4e13606cd0728c13284fbb8cc546fd26	609	products/P009_URAI/urai.py
7e833a51a45051e76b978556981f38c1000a5b74d39cf192b6fe0a71bd9f353e	21	products/P010_DPHO/__init__.py
b9102ae46e20b46bb1d1be2ddc9d8f13b6d328977ca062a1e7e404560931bf91	588	products/P010_DPHO/dpho.py
cde275f7143437af5b62716c0a28e78557024609fbf36dc0183eca48994e4d65	268	products/P010_DPHO/RECONSTRUCTION_STATUS.md
d6e9a663b9d274252421755133f0d7284058b8f4c16ddfa87bef4c2bafb475b4	799	products/P010_DPHO/test_dpho.py
6f5cf3f6402ed5f534179dbd77b6509d5c8d61eeb05031b36cb0fd3df08b46a0	21	products/P011_IDLG/__init__.py
9938d747f2a79143660d1e4406293f702cdc283d8358ca26d915b4d65c478c2e	596	products/P011_IDLG/idlg.py
64343e01f794357238da4d345908182f56264376fe35fdbb27cc0a1e36dab614	272	products/P011_IDLG/RECONSTRUCTION_STATUS.md
8dd340b7dcd1e5b04fafb8ae16e7f196e420f7a0b0d523fb3ae97b46ba9c3378	799	products/P011_IDLG/test_idlg.py
98dd897e574268bb6d7af5babc98e08f994a95830cec4bad69de78d3b5981763	167	products/P012_PQDR/__init__.py
f6b7772eb49ff0f63eeaad49fab906bd34603ef06a40da8e399ade264cc29fe2	67	products/P012_PQDR/parents/__init__.py
25c697886199aeb6e142ff3e1cc9ec2f82b63a8fe41ed00233d8ae6021aed64a	8572	products/P012_PQDR/parents/dtrm.py
91fddff04ec2941b603521a8d5f568265d1ac7158e19ff0e0bc50ef0f5ae2e66	4265	products/P012_PQDR/parents/hmrm.py
3df4175877dd554e33c464eb3316d054106af47a0c196a121bf4e6afa9d2db1d	5608	products/P012_PQDR/pqdr.py
0e96133be29e54ffef44249e030882963e940f80682d191a435e2da4642e0ffb	1964	products/P012_PQDR/test_pqdr.py
543d5ea4b675dc18d3524371c14e9987859ef21a44257b21cd4c766ef4e39b0d	183	products/P013_CFDR/__init__.py
dd9df221a00ac6daa7427874f5b1313fe4205cb298c0b916f8257aa472f06cca	6646	products/P013_CFDR/cfdr.py
ac8c0f4abb588bd2d482804d02484a1cb05deb219ef4c83931fbdcbdd22f7843	67	products/P013_CFDR/parents/__init__.py
80939c0e6077946e2c0d45fb6d76417b86c8496252ec7d23583092c6f8ce2e00	8625	products/P013_CFDR/parents/ccvc.py
25c697886199aeb6e142ff3e1cc9ec2f82b63a8fe41ed00233d8ae6021aed64a	8572	products/P013_CFDR/parents/dtrm.py
639035ae4ab8e01c5e5095c4b7dacefa2045a6f75baf72f35ef8aa280f417349	2616	products/P013_CFDR/test_cfdr.py
a1d93c397222f47f2ea198c9fd1ccd2bed671c5be79eb0681af439efa46794a3	229	products/P014_DARI/__init__.py
a84a2cc32ac22422014b2002827d5ef267aa863965b161937e4a642e93a22026	3873	products/P014_DARI/BENCHMARK_RESULT.json
acf3342431d55b1b251b1cd6f49ea06d818bd6bd33dda43c9cbc931dd5b60087	7848	products/P014_DARI/dari.py
81e1e7d395a732b44f6db6412dd55bdbf5af20c49d6632c7b16ea32b300ab6d5	67	products/P014_DARI/parents/__init__.py
81e1534ad57aa8872462ed7a598b3cf2e5258ce4f470f2517b1adb9bbeffdf2f	4022	products/P014_DARI/parents/cbac.py
0f8b531bd1ecaaebcc7ebe3fe2880651bae43f29e848a638dcc76a5fb29b3931	4094	products/P014_DARI/parents/ote.py
437a7cb4c3ea77da859e1c556ca7f9a6ebc4cdaa78cdbd14c5bf6b13637f08f0	2011	products/P014_DARI/test_dari.py
731f35febe746757ba9be3a35aaa25bfb6b6fc68094b64ad595be387e2f4021e	177	products/P015_CPDR/__init__.py
d736483c593dc40062a1979d9159907315d4742317203e75d9941ddb5f7f6ab1	8620	products/P015_CPDR/BENCHMARK_RESULT.json
dd9df221a00ac6daa7427874f5b1313fe4205cb298c0b916f8257aa472f06cca	6646	products/P015_CPDR/cfdr.py
00753f18075a5ef14c8d7eb84a8c00ba02fb286cba842941cd60acf754da5434	4233	products/P015_CPDR/cpdr.py
577acdaf4f81e813dd1e617e3c2b61ac03cece21fa9960441d5c8fe93cebcb59	67	products/P015_CPDR/parents/__init__.py
80939c0e6077946e2c0d45fb6d76417b86c8496252ec7d23583092c6f8ce2e00	8625	products/P015_CPDR/parents/ccvc.py
25c697886199aeb6e142ff3e1cc9ec2f82b63a8fe41ed00233d8ae6021aed64a	8572	products/P015_CPDR/parents/dtrm.py
91fddff04ec2941b603521a8d5f568265d1ac7158e19ff0e0bc50ef0f5ae2e66	4265	products/P015_CPDR/parents/hmrm.py
1da78256d3449381283cd0894d97068c5006a1c271e09cc900936d4b6879deee	2893	products/P015_CPDR/test_cpdr.py
273710be5770b24c935ac4ca99be2eb9bb5c20e46e5bd155e9e0272ca70edec4	125	products/P016_CATR/__init__.py
008cba2b6aa93f6711f242655be1d87b26ab10c3595b2bf2e36e53008f78fedb	3335	products/P016_CATR/BENCHMARK_RESULT.json
240080fd8b0858287e698d994809cb5507f07ff6a80e00c47afa0797b78400c1	5011	products/P016_CATR/catr.py
a2c5d38bf27e73354d8eefe8886e4bbd4a970746cb0b687a4f10a19857051247	1401	products/P016_CATR/HISTORICAL_PRODUCT_RESULT.md
cdfe3673307f04eb3f12680bbf570730aabfa0dbfd2fd450738f9ff68d286c90	48	products/P016_CATR/parents/__init__.py
4aa02346340d6fb31f7299bdadc2388c94f063f8dcc658de631a05b5594787d7	4714	products/P016_CATR/parents/cwc.py
89ff035ca4384dfedfcb523855bed304f4a727e815b66f0aa2e70fc377c6cabe	6011	products/P016_CATR/parents/dttc.py
a2c5d38bf27e73354d8eefe8886e4bbd4a970746cb0b687a4f10a19857051247	1401	products/P016_CATR/PRODUCT_RESULT.md
a2343071ea9c2d8b33ba8d9b0825f897434d906b7c0426b125f9cd1f07043e54	2819	products/P016_CATR/test_catr.py
a41328d2be53d8027d8eb34ddcebd95e47084b15dee5ab9d044aac9bdf58042e	113	products/P017_RECS/__init__.py
8b0cbcce62a2354f42733849ffeb9bd8387a5698e24b851f081676c544a25477	1563	products/P017_RECS/BENCHMARK_RESULT.json
bd9326e419cf0259542760f51499441dd204c8f194fbf5838cbaf2d6b4341e33	695	products/P017_RECS/HISTORICAL_PRODUCT_RESULT.md
dd6811af2c2747f8960842555c80e1c652cb781a72f707eab1a2745d5fbf95cb	48	products/P017_RECS/parents/__init__.py
8c77e797d55ac801510c4dc7d8115b467f0f9322c4a02861e0b74cd3c40ba4db	5521	products/P017_RECS/parents/csid.py
07db695d72874ab62967b05e13a7c7ebfd58cbd543ccd1d4750b32542a7312db	5387	products/P017_RECS/parents/rel.py
bd9326e419cf0259542760f51499441dd204c8f194fbf5838cbaf2d6b4341e33	695	products/P017_RECS/PRODUCT_RESULT.md
6388e08543bab8e7874ffb5ff7730fd2c8c90fbc01b7d9c8f26a66bef03f0d1f	3325	products/P017_RECS/recs.py
285ccff31badbdfd74e4a0242d8761a8534c170720f48363c7dfc77d3927fa64	3332	products/P017_RECS/test_recs.py
14693e0f921756dad4a07278caa4a480fbfafe8d7bb15be4cb63dd09c6ff7383	99	products/P018_DPCG/__init__.py
33b117bf9122a3d6e5b22600523ef8e99638b5ab11c056583a0a9f5b72481777	1233	products/P018_DPCG/BENCHMARK_RESULT.json
86a5bc2da7c75eecb8daf3869cce4201edc21b2efbddd9472d12b4884b559bda	2672	products/P018_DPCG/dpcg.py
205d0ad65a206b4c45c334dc1459fe0a036efb86717e60d3e53430ac50020a3f	627	products/P018_DPCG/HISTORICAL_PRODUCT_RESULT.md
c5be81aa0030ed27a86834baf4c7b4af8d187f2cf006434b964d3078504d3a3f	48	products/P018_DPCG/parents/__init__.py
08499d3ce338d3245edf7e62649303012e5f5715161394ca5e7fc6537ff5557b	13164	products/P018_DPCG/parents/dtpr.py
5165d64a098a691f696f6559b52d0313cf1f4f6174ad06ed589f365177bcef0e	5144	products/P018_DPCG/parents/ppsa.py
205d0ad65a206b4c45c334dc1459fe0a036efb86717e60d3e53430ac50020a3f	627	products/P018_DPCG/PRODUCT_RESULT.md
35965385e954f87aa9829f202684f2a88559bce44456a975193f2bfbcc7a4a3f	2712	products/P018_DPCG/test_dpcg.py
70d9a6dc505f22d0377c37163d5ab824f7fe257d26395b35cfdbbf6efc0449a6	135	products/P019_DATC/__init__.py
3e3c5de670b371951dc330f8b6bfdca7cef416f938b5e401ac635d37c427a0cc	1786	products/P019_DATC/BENCHMARK_RESULT.json
d7093b1b79cd09a62511bbc46f4764887c1824803a10a2e46bdc0f2e7bef0e61	4331	products/P019_DATC/datc.py
f302082647557b367ecba5af5697692cd26f20cb1c100ae0fe98b163fe53c1bd	595	products/P019_DATC/HISTORICAL_PRODUCT_RESULT.md
f5feb8f995308d1b02f2502d8c7b77e091190b27b0af34646dbf3bdbaf3cfcd7	48	products/P019_DATC/parents/__init__.py
ca52caff1df9770ce69cb3b6be71c33f0fed566ce7335d25fbe453857a76aa91	2821	products/P019_DATC/parents/dsda.py
89ff035ca4384dfedfcb523855bed304f4a727e815b66f0aa2e70fc377c6cabe	6011	products/P019_DATC/parents/dttc.py
f302082647557b367ecba5af5697692cd26f20cb1c100ae0fe98b163fe53c1bd	595	products/P019_DATC/PRODUCT_RESULT.md
3a02d744e459dd707652e6b26adf43cadcfb4884d04b21ffae74772b38deda19	2348	products/P019_DATC/test_datc.py
b869def10ca15940a1108f9525d77835ce6e877045b7d8a5b0944b03c805bab0	21	products/P020_REDT/__init__.py
6b0677871b11d995da429e65fb7b041226d0a8d982a6bd9f0e45b8fc3b751b84	281	products/P020_REDT/RECONSTRUCTION_STATUS.md
807b4183ec97a724784c25be93e196aac17c94db9bf1e264b96b5619f5029f63	603	products/P020_REDT/redt.py
e8df68c10b7140c3f528b8c1cbea68e2daf1af1cce758357347076b7f76b53f4	799	products/P020_REDT/test_redt.py
34ef388d1db4fa3a6d6291b0c924286d4c6c4003d22d58ca2f9a9fa994014820	21	products/P021_MRIA/__init__.py
70a4d75dc9bb781d4d984fda25230d5de363043d90d118e0c977bfb7e33baa37	607	products/P021_MRIA/mria.py
185e6013d37334417334a2a6de7e5624de3728c84f1f1424d367fbe40421b606	282	products/P021_MRIA/RECONSTRUCTION_STATUS.md
e7326f4af45dc97f3385107ef63785006daba5c476fef1630ae7f1f5e0a9ff84	799	products/P021_MRIA/test_mria.py
4f55ff9bb9bbeb68f842b323d5485a92e0e67ac8bf63cd0acfb7288cafe56e99	21	products/P022_AFHA/__init__.py
294e55bf21a1cba4f9e74af03145e90b2a4d20018bac229cbdfef399fcb13dde	597	products/P022_AFHA/afha.py
f0a56da6de25536615916b45137debd7299dafa7024144a67d1c0bc4c0abab29	277	products/P022_AFHA/RECONSTRUCTION_STATUS.md
e9c375342aabc9151f312d1e9ec6ebf391b1e8512e022bf82f59f642683dd128	799	products/P022_AFHA/test_afha.py
b7d8c48e111f9095a9ce58e95b65bff514cac0c5adbb265256c017dd37906d64	21	products/P023_COST/__init__.py
e83552983118a548f9381992b558ae7e00af221115a5ce01a356c76f3ed89761	598	products/P023_COST/cost.py
0167242360d2d5f52c6409ae754d9ecd1f8129d8d876e2292a3f67d6b2d0b3b1	276	products/P023_COST/RECONSTRUCTION_STATUS.md
85cfe306f31c6cc03cd9688eba0b5275c9e557f8c4c49478056324919ff35f80	799	products/P023_COST/test_cost.py
247e45fb03628840d5b4153a69a5b2a0276f8108b6fc9bf06a6db9b65c09fc07	21	products/P024_TFRD/__init__.py
7bebd49d9cdd0ecefab5d73e8fbbe3fd018e7ed0659b5cb313c293d51cd102eb	276	products/P024_TFRD/RECONSTRUCTION_STATUS.md
0cc9a4c92aa3672e0022e3b060af88f7ee281a620bb9fca2679a6c294250e4e6	799	products/P024_TFRD/test_tfrd.py
7e0984bde6b21b7559e2984ea66b357ef88f38a7e83a2c343dd77a72ffc4e2bc	600	products/P024_TFRD/tfrd.py
7a33ccb1884f2fd52ef68c1acf9698a03ca435fd8fa99f5dccb291b75bdb1801	1258	products/P025_IDRE/HISTORICAL_PRODUCT_RESULT.md
7c56ffb07738b67c7da6beb6d40736ad0798acb4858d19c1043db8c7d9cda2ad	1851	products/P025_IDRE/idre.py
7deef6c67cf8c8c35ce83bb512a6cd5cdbcd72389f49bed2550a09f05bb5e792	1029	products/P025_IDRE/test_idre.py
f8260ceaeb378d93875ebb5f71bd92d50a2f188298e5849d6a8f84f48d65ac23	2139	products/P026_DBTE/dbte.py
a559009d81abec74924db622ff92ed8ee5fc0ed3df1c5e74365373b52aba9ab7	1050	products/P026_DBTE/HISTORICAL_PRODUCT_RESULT.md
02ecc1ea5ff6a2d7def899925e0df2a216e73554abf4391e8e8375c0458343d0	879	products/P026_DBTE/test_dbte.py
c6815d4da489b70d5e63ab75a79dc071c3f7b9cca9fa87a13f3a4e1699a8e69b	1225	products/P027_IDAC/HISTORICAL_PRODUCT_RESULT.md
8c7942ad14f698f3084f40c866af37c42a428c91eaeb39c453722601769a2a7f	1450	products/P027_IDAC/idac.py
633dc1871782c8c49d75539274178abfd1829c797dfc46f80e310718c9125022	723	products/P027_IDAC/test_idac.py
bed6a4603589dbd8d1516dd24d24bdb6d462cacaea67ebf7da5d5e5efb8d96d0	1283	products/P028_REIS/HISTORICAL_PRODUCT_RESULT.md
2f6dda1de20419066fabdf8fd7cb71b638ec7ae6e0b78729e6ac86f359e62fa2	1291	products/P028_REIS/reis.py
ca118e620087a62e5a9aa4a6651e872bd16cf71857f2b2663e658f57e7bf119d	838	products/P028_REIS/test_reis.py
234d7baccfe78370e71d5ff62334b5bfae75e26747a656fa777ff5c94295664e	1273	products/P029_RATR/HISTORICAL_PRODUCT_RESULT.md
dd0c2537d6cbc4beeff91eec0b466d308fe18825dd0163a41191fd245ba4826f	953	products/P029_RATR/ratr.py
a82ab06b0d8666de67cfdb53a0705541038dfa897871694fed84ede1756d4e84	1014	products/P029_RATR/test_ratr.py
0b3504505ddd4e1d553609a109af46f30f4ae063cda95e1ab9e3fc47edac43ba	1551	products/P030_FPTE/fpte.py
30537f89db1bdd6105c0594deef83560e49842c804728defde64419dc6724df9	1313	products/P030_FPTE/HISTORICAL_PRODUCT_RESULT.md
6a8e703c065401bea86ca481c7fbee5054e696b3502a6ddbc1f637c1f20b1e62	1063	products/P030_FPTE/test_fpte.py
50c0249551053da337995422ceb54f3c1a96ffe7c7270fab8415c913b5924370	21	products/P031_EVLT/__init__.py
88ea4d791f4a0d090145c1c72c7382de374fe935f97f40a549408b9d3deec5d8	62	products/P031_EVLT/evlt.py
c16f0d5145fe3fe511fea2e7a1b56eddf8437f288b5c44b58cb44b3dd90db981	1697	products/P031_EVLT/HISTORICAL_PRODUCT_RESULT.md
fa49ee5a52c74e7aed634b5edf03c4bc37a03d7a0d0b4149d77a0e7bad48307e	510	products/P031_EVLT/test_evlt.py
1c240d51524eca46f9495cdd5ac5d87b21dbdc27d30a46226b4211afc853fee3	21	products/P032_SGOT/__init__.py
87e05bb37301de97bd7aae4e0cfb58e51c7174d918b3eac7dc7767a9fe306c2f	1634	products/P032_SGOT/HISTORICAL_PRODUCT_RESULT.md
4fb19af7383a61cf25cfb5a456601485ce4474fd9b12eff13206d4f653aafd91	62	products/P032_SGOT/sgot.py
4d291ba97355a587c2dc4c35eae9cc7da1e2f7b31a20eb7a5f1a98ed2064a3ef	295	products/P032_SGOT/test_sgot.py
b8cda981f0779c499d2b343addb64289fcb3521672a05a9a04b8f6328fae222b	21	products/P033_CATF/__init__.py
43fd7aaf4988bbc69d7f7305b13075420ef2828ac6a88a824217bee1f93b0cc7	62	products/P033_CATF/catf.py
16e4e46500586343a7aa53473004400a9fef45fa58a137041580fc389e8a25e2	1443	products/P033_CATF/HISTORICAL_PRODUCT_RESULT.md
f151993f469d998b268522d8efb20b32bdab26167d85a53a2da1b2d06d0f5395	496	products/P033_CATF/test_catf.py
d4a01b67611cd6462ca2f6baa5013580a1184f01325018cf76d402f411174c41	21	products/P034_UGIM/__init__.py
e2e0ab17f50e764b8e1df03f7b412e25671ddb9166185f9d22558d649c669c02	1407	products/P034_UGIM/HISTORICAL_PRODUCT_RESULT.md
0b09ad65f7da6f1b78ca78be5650bb9d3ca7a241efbb6fe00abc03dcb3c370f5	359	products/P034_UGIM/test_ugim.py
de0588ad961361ffa3b7485343553b451e2b654c2507f70d2b580df4a51baa62	62	products/P034_UGIM/ugim.py
93b84da850d540fd31e0c2ea963bcb9d379fbe8aa79dd569418fe00bb164ce16	21	products/P035_SVCO/__init__.py
e53941ebf82426fe581d08de755265ee3c8482ec954dbbf40b98e1326343a495	1480	products/P035_SVCO/HISTORICAL_PRODUCT_RESULT.md
9732f00354ca098d2e4b1c753c1698a941e732d1110675836ae234fd25681c2e	62	products/P035_SVCO/svco.py
078c81da88c5f92f3db88a363edfd280b1b3140878ec97fee9da3264cbd6a63f	329	products/P035_SVCO/test_svco.py
8d3399fcb838970a8d517aa010546bde789511a5f5c0af303482b9e4d31a2c20	21	products/P036_MAWT/__init__.py
e54d2168c75701e0eabc41353b5115a0484a7a68ac28bd5494d79db723128400	1343	products/P036_MAWT/HISTORICAL_PRODUCT_RESULT.md
8a6638d360fa0aac618c409329d14bf4bcb20aab1b95e0f90cd3e880bd22b503	62	products/P036_MAWT/mawt.py
cf90a5d25f721817cafff7fa06fb13ad3852e87c280016547b3c683417b42180	351	products/P036_MAWT/test_mawt.py
149242a75e9c552b5292806dc684eb51dc72eba2247e85d7eaea0a46b36fbcf5	21	products/P037_MCST/__init__.py
3dd42335a85ae1d7771d0de1eb17b9b0caa552ae70fcb68d3c05be3c6cebebb1	1062	products/P037_MCST/HISTORICAL_PRODUCT_RESULT.md
c9b7cc3a9883873e0c96a9a6487b9e8d1da8e7543146674dc847f1cd792c5dfd	62	products/P037_MCST/mcst.py
a4c2cf1ec4b0a1a81265d9b6f9d3033a3a6b0d43faf966e4491d0853b72ce6e0	342	products/P037_MCST/test_mcst.py
decde9fc68b0a166adead5fed9c92ebf7228ec47d0870bda0d41a825dcf84f6c	21	products/P038_LIDA/__init__.py
52796c3cb1962969c933240e13a2f45e908d40c1bab44ef72625ba5b7572e8ec	1337	products/P038_LIDA/HISTORICAL_PRODUCT_RESULT.md
6890e9e0fe085b93a17f166cb534b967af252bfc6747b966a803f34dd74961e9	62	products/P038_LIDA/lida.py
ce9542586b1cfbd19cec4fc01978a05805f90c9f76f136fad779133576673420	501	products/P038_LIDA/test_lida.py
568ad8e63d3365d5df80bd06725f407bc20dc7c2b6d17829ca649ee38b343b12	21	products/P039_CACF/__init__.py
8265a0f8ebf161b260647d5c92f0ca2b591e6676d805cf841db815adccfdd0fb	62	products/P039_CACF/cacf.py
06dcd4b0b401094e0d10ab58b4df8ea5015a397c13c9b0557c3bd403f977201d	1368	products/P039_CACF/HISTORICAL_PRODUCT_RESULT.md
31402006e087d8471dee69035a3db9b76a91c682cf61ea2cb75e6d9818b5edb1	323	products/P039_CACF/test_cacf.py
13ab577693b10351dc372f66e233f6ae1fd10fdb18228d141df736fe1046779a	21	products/P040_BAPC/__init__.py
a6d422fde230e1d762ddc8ddbd6d139b75d406b1b21d6b0c5b81b90e2a9a3a83	62	products/P040_BAPC/bapc.py
27da494ab5c266f8bbac591b3f18e6868508a7a256bcc6a8a826596373a1ed37	1254	products/P040_BAPC/HISTORICAL_PRODUCT_RESULT.md
3abb7d44e97caeb08eca8e573a7c4f437763665bc2fa55435c63fa4a8dad1e10	421	products/P040_BAPC/test_bapc.py
1f57966dcde1180a45b290c20f6a8ce4f210d88191a91e716cf72c371d92ad33	21	products/P041_DDER/__init__.py
721585815de93dd32e677f82fb95112be2109ac184b2bf9e17be6b23732f466f	62	products/P041_DDER/dder.py
76252480b43b2d063be69cea13878dd7c3d108d586549cc8b0675cc7b1a7ae94	1276	products/P041_DDER/HISTORICAL_PRODUCT_RESULT.md
f8796bd493d53f37c3fccd6b72472b96d1e7c043c4c8d93e68f98ad3f40bfab6	352	products/P041_DDER/test_dder.py
8eb4f176b0021add711645a10f4e761b5b2c91b556918f96786be2cbb8c186c6	21	products/P042_HPMD/__init__.py
78e47be3ad33b6496087ad7032f96543c7f43dcd26d94be11a34501b3d086faa	1362	products/P042_HPMD/HISTORICAL_PRODUCT_RESULT.md
fa465ade1c9402580a4998b9aadb84b1bc6a09ffd51120bd3eefdce65392f326	62	products/P042_HPMD/hpmd.py
54e37bcaac066c037ebfe665fc8f57fa50a1e52d9bdc30858834b31cd0b2ea55	474	products/P042_HPMD/test_hpmd.py
8ccee163277ec2bb086cb0d4798e659b8792f3ecf4de13d416206f1277d3fc95	21	products/P043_DABR/__init__.py
836858c0fe9a6ea0946612b86a4307714e7b54751c4e98e5fdb5bbf43a0c4a0a	62	products/P043_DABR/dabr.py
f437d86fdb3cec1594949b6e8e8c1567efb2d4df041200c829f7bcc83e41705a	830	products/P043_DABR/HISTORICAL_PRODUCT_RESULT.md
0ca3e75b4c46b22acf0775b8368b10ad1a10641ee8737efe246fb75a85c7a0e4	487	products/P043_DABR/test_dabr.py
837c0d935af72f572f2eb69a1b6e217d9a7f2603f9040d5ceb95194085bc78ff	21	products/P044_MFTS/__init__.py
3505ab51e2825b7db7adb865885dd4f7053c4f304f0ac05ba692caa04ab742f6	804	products/P044_MFTS/HISTORICAL_PRODUCT_RESULT.md
d0f41079fdecf29f8d2d1433477953b0041972a1bb60ca981d8a55a94167537e	62	products/P044_MFTS/mfts.py
97ee7b9b5b5fbaeff54e5ee06ea8d289af883c7891f3ef749ade45d0a4077e0c	431	products/P044_MFTS/test_mfts.py
166b30d9615f922a6410198c619bd8c496bebae5d9dbb0602cb758550983cd2a	21	products/P045_BDTS/__init__.py
919db4292cbeef70cfbd37eadbf14ce10ffd19216c410c8b6c2dcce724d28489	62	products/P045_BDTS/bdts.py
09d4aad53f11464956b218fed42146134083111833ce14360b4a907dc1bb217e	774	products/P045_BDTS/HISTORICAL_PRODUCT_RESULT.md
ed9cc263e54b699800a896726f32a31de76b6b021cc8852649f62a87f423f064	523	products/P045_BDTS/test_bdts.py
475f499149f279e82d190579feec45eebe08ade3ac9b057a8367b33b90bb3dc2	21	products/P046_DTRC/__init__.py
dd17fc8dd087e90f0de0bb1270c3044d51d997a87b865aa0e6ad58e6b88163ed	62	products/P046_DTRC/dtrc.py
b5e057a4a54f310968368d307898c80cdbbcad730835ab6b06342496350a8b3e	793	products/P046_DTRC/HISTORICAL_PRODUCT_RESULT.md
996c0ae15fb6ef8f6f408c167e2da6f4edd830ba80d6ff0b31b7496af9d0aec8	562	products/P046_DTRC/test_dtrc.py
628fbc44245c202a342f4d066bd10c825f8dd3dc251c8268747c2c734e11481f	21	products/P047_RALA/__init__.py
c41fa5690be6c7287a8d36e86885e6421eb09a354532023f415c50864b3b5ff3	787	products/P047_RALA/HISTORICAL_PRODUCT_RESULT.md
62bfb85c52bd5bb6576c0102937f6122e04d49065666ba0ae790f8a637ce028d	62	products/P047_RALA/rala.py
bdf8973941484f55453a7e057ab87524053761af2436c709b569733c37d2357b	485	products/P047_RALA/test_rala.py
8934deb4e079109406402ad7152bb6d9a586095f874fcc2319db4337251000ed	21	products/P048_SARA/__init__.py
01283fd2f911265e699ecbba4b4e26eed86624c85d7552c9425bbdc712084ab4	674	products/P048_SARA/HISTORICAL_PRODUCT_RESULT.md
243310d12782da725b9251d4f40cd0e4aafbee0485b91d238ed642143ae8de56	62	products/P048_SARA/sara.py
fc9c8a819492a657ef993ac64086e35a6cf496e87576eb073e869b02885e1ecc	450	products/P048_SARA/test_sara.py
9b593de9dae6ced1c57f3f44dde346af3ca2ef1370075fd50a0b1c57ba3dbab3	21	products/P049_OGRM/__init__.py
3570e440338e44b6ff9fc49cd9e3e8b984809fe2fd6a1480bfa8896bbaae75f8	642	products/P049_OGRM/HISTORICAL_PRODUCT_RESULT.md
c862d233e09ce3f84b218c38ae3b7364be70f5a8114eef2b4acd02434ec0565d	62	products/P049_OGRM/ogrm.py
02aa6f30f002c37229a0dc4991b954a88cadb4a15759bab376f0002b7e2e1241	492	products/P049_OGRM/test_ogrm.py
9bad1396654eac82575838689a13935ae4b0dd72a7137d085336298b1b833e38	21	products/P050_CPWT/__init__.py
bbf73fdc46e383783a2cfaf34b5f4ddf48d0fbcc20f17d40a5528e13eebf33d2	62	products/P050_CPWT/cpwt.py
13e8c4eed9a29f0d5e392b762b104b570f43a06e99674099f3668840bb90c960	735	products/P050_CPWT/HISTORICAL_PRODUCT_RESULT.md
1367164c2495d46a5d5ebb791f1497e4bbd48ec33cf9a3e315bbf506c98682d1	597	products/P050_CPWT/test_cpwt.py
ac1e3fccdd4091648a9eaccec699af91e311147fdf1f94394797b9f69d582628	21	products/P051_ICHA/__init__.py
a36b7ade8b8274af2b47f911168ff5594b7e5aca0162b26033e9c4576d91c1c6	593	products/P051_ICHA/icha.py
c80313030257f49bdee2e564d36f9b9c6aadf738ab7909ff18c123e077d4a815	273	products/P051_ICHA/RECONSTRUCTION_STATUS.md
f61324b277ec73422589835dc414eb4b7b46bb9e03dde388fdf5d7b82f6e5e12	799	products/P051_ICHA/test_icha.py
2c64feaec050ff072cc59f2969ae3d9511aa4938ea1cb7cbd3a9a816789190de	21	products/P052_VCTS/__init__.py
56b62e222051402821aac11e7d4faac97562aa7bd9cb65f71dd03ceaf0ab5205	275	products/P052_VCTS/RECONSTRUCTION_STATUS.md
bd353f3ef74bff5724b65052067937c127a639c31ae178efcb8a10d344f2e603	799	products/P052_VCTS/test_vcts.py
0393a9cd582b7d703e20fad13f16e54d33a4a9b319d93413dbc234d0a735fcb4	597	products/P052_VCTS/vcts.py
783a91a8f2900912e3b0c6d19680779ee7532956afe74384e3692785f47cf96d	21	products/P053_GWDA/__init__.py
c61ef243ccfa2661cfb111c5d86dfd8aeb0c60a305a4a1a7f337ddb94d4ddb3b	595	products/P053_GWDA/gwda.py
c8d65024b90712fe1c5de4cb7181e58bae30f61b200889e74ecdca72873a7833	275	products/P053_GWDA/RECONSTRUCTION_STATUS.md
8f6de074dc8ceaf15908199a33a4fe1f148a4402b5f444846352d7c2a2a7819c	799	products/P053_GWDA/test_gwda.py
54b00283086b35036513464533ce0b6a891c8b067d8dac4aa852aaa6aa330d67	21	products/P054_MCSA/__init__.py
ad917a1f3f6a530cf1158da35b1e20102a591683c9329e4f1ff97ec08f52c407	613	products/P054_MCSA/mcsa.py
8c5b838f96371476756633a976e61126c08ff56b1ee8ca3bd0fe91decf7e4c66	288	products/P054_MCSA/RECONSTRUCTION_STATUS.md
432700047eae4c8a1f34bf07c89476a0fe7e44ae12369250df199b04c1dbcc85	799	products/P054_MCSA/test_mcsa.py
607dc69f25a4fc07a2c03734ef97063475fd3fae972d59a36176f42a858d72c3	21	products/P055_SLHA/__init__.py
fb5f5b9be5f381444952a4f789cfd7c298425eab8b4869e4de42b6653cc00df2	281	products/P055_SLHA/RECONSTRUCTION_STATUS.md
4c40b0d4a41075366578bbabef922a1776258fbec3104db76db64ea3085ef6f5	601	products/P055_SLHA/slha.py
fa384522ae66642a38d4ccd419e24824f4116c26d6deac864b1818f627035b68	799	products/P055_SLHA/test_slha.py
c049951d05170978aecc042044da66f2931cf1b049875d74b4d5a6a2edffcd3e	21	products/P056_CFTS/__init__.py
a488c26162cf984a4c99d34b9637974dd8116b6d192e20027bb1fae9a7ffeba9	594	products/P056_CFTS/cfts.py
d2bd868c348df8262aff0e107bdaac76121a97e340b95d1fb208f058417cdb15	272	products/P056_CFTS/RECONSTRUCTION_STATUS.md
28c611be3fa4a6916f9e1bebf5b0bb0d58e340213b1a307666cb79f723fc1f92	799	products/P056_CFTS/test_cfts.py
4ec640617d1a1cf9c44bf5ca7db1a06503d581cec82639b071ac7d7da81d043b	21	products/P057_FIAC/__init__.py
c86c5dcecae58822d52b7f48f677e32e4e4239f0b27cf892bc0842ac1c067ffb	694	products/P057_FIAC/fiac.py
790d31379f06a87844cedb327deb5fa210365658982be1256b3074f01ea1231b	875	products/P057_FIAC/HISTORICAL_PRODUCT_RESULT.md
cbac8a755cfa382712ddcaa37108225ec7acc01b9eeb76ccf4c68d355602941d	217	products/P057_FIAC/RECONSTRUCTION_STATUS.md
7518d1d61ec36d16280470991b02df0a3a75d846d3f06db0e9c851f33fe8e1b9	766	products/P057_FIAC/test_fiac.py
82b04889b21fb9e8a6425eed49c154cb80c1a3a094cec3a9bf13befd2c1ee0cc	21	products/P058_VLRB/__init__.py
4dd361dd4194645177f18b3d1484846058dbd5e0340fe676240e2ea6d1f186c6	997	products/P058_VLRB/HISTORICAL_PRODUCT_RESULT.md
bf1c124768d7f6d9570931e0a690ce47b579e4913f371b5e69fd9dfd6465c110	217	products/P058_VLRB/RECONSTRUCTION_STATUS.md
4e293f36811a71a3ea77d055ecfa176c9f6d7a60693ca2c3a38e73fcffabae8e	766	products/P058_VLRB/test_vlrb.py
ac85421d013ae5d0ea3a59c91edef7b83a356dc004a76731beeb51126adb4006	739	products/P058_VLRB/vlrb.py
0f88c0cf84f0b62b8e69f1187a0b338467031b630c3a484d5624fe59deefb847	21	products/P059_SBTE/__init__.py
23bda12c9f6a7d734b076cb39023a6ed1047cccec8e3aedfec788b3006cf8ce8	714	products/P059_SBTE/HISTORICAL_PRODUCT_RESULT.md
826022ffdb42c583ca7ef748dd1e07acb4cc097c094de7453c98b26b55421fea	217	products/P059_SBTE/RECONSTRUCTION_STATUS.md
1635d8b06ac1f5a408fc4c8ceb7098fc209fecfe45d3d560fdbbd0ba2f9f37d6	680	products/P059_SBTE/sbte.py
d1477e6b3edbf4b68c3b0c496b5722a6025e9d4a4261facacd7a1339c13802e2	766	products/P059_SBTE/test_sbte.py
b797d997eb16766ebdf5d6710c9aa6c652fba837eba96cda19e89373a27b6738	21	products/P060_PFVT/__init__.py
cca5ee25e435f30df6b84ff96f6f5ecf9502fadb940c1454351357d58bf86e1e	858	products/P060_PFVT/HISTORICAL_PRODUCT_RESULT.md
0715b08d3bc8712416ef86079abcd68202e7034730d32eb2d35cf6bd59a1f0e5	761	products/P060_PFVT/pfvt.py
c50833ad531962394c917283490003b982cb0b3d3cd613de1359a0b90c5a6987	217	products/P060_PFVT/RECONSTRUCTION_STATUS.md
ba6a38c4497136c6d090feb242a713c8c2ea7811a8f38841e09157ffc3c5c36b	766	products/P060_PFVT/test_pfvt.py
0c14367d9e734d9c8cef93d98f5cbb5c1c4050d1838f1c038da251152c038862	21	products/P061_RSGF/__init__.py
03d31d49770b92688ccb20fb63f448fc033dc5cd2a790acc780d2a4d64d2a840	460	products/P061_RSGF/HISTORICAL_PRODUCT_RESULT.md
2ae2402194c4fb97248411fe33996abd9d1ff25e3721ca4a717b6fa625ad2355	217	products/P061_RSGF/RECONSTRUCTION_STATUS.md
fe108aaf3937205efabe92c20ee04e29c0b142fdb12ffe91931e5cbff61b8aaa	452	products/P061_RSGF/rsgf.py
2af6a8ae0ce047a2695477daa41b5877d266ea151d20c3c944551b896fc785c6	766	products/P061_RSGF/test_rsgf.py
8b10bc49bf89035363f845e364820ba5db1b84c2ad4af3331231609c254bd562	21	products/P062_WDTG/__init__.py
2fc4b2e9cd0085f9894b25c64b5c7c243bb3f7afbd23dabe390e869b51c8a8b8	450	products/P062_WDTG/HISTORICAL_PRODUCT_RESULT.md
7d7f7d1c6202eb1073a9dd8a0ddc9f4f3cee5b9d813fc0adc2f91f3c3da7b2df	217	products/P062_WDTG/RECONSTRUCTION_STATUS.md
c6dea96030fad5af5d2cabdc09a72957e6a6b211d402482d0b5da9e35e1fd9d3	766	products/P062_WDTG/test_wdtg.py
e3bdab88ae10868dbc372e8000a4fbb85e36e96b115781530a82a0afd4b9e13e	450	products/P062_WDTG/wdtg.py
b7afb5dc7e952861a1d8c631d435d2fd6cfaa96167b172f693d7025f286f8ea4	21	products/P063_RBTE/__init__.py
45c755f7ef0be1b0cd188b98312524fdfa0dfe988c571c43fc84d22009997ea5	459	products/P063_RBTE/HISTORICAL_PRODUCT_RESULT.md
b6ed4ba6daa9b1284bb72008c6a4ce183c6facd4790a4b2e85c1b9da632efcc7	445	products/P063_RBTE/rbte.py
dacd1723ae6ccc3535ae8fe6387dd1acc536494ddc4014c1b8185bf578058118	217	products/P063_RBTE/RECONSTRUCTION_STATUS.md
a427743c5b8db7fb7beaf01e8be545640ba4b00378cf6c61866d131a3ee5ff84	766	products/P063_RBTE/test_rbte.py
65ce935e9759ab059d68d47d1d5063ea960138c4bb7c6017a451c30aad85ad0a	21	products/P064_DSGD/__init__.py
4c93c857482fdf205fa03023538ff9d843c55a4351d61d4275c5e56912fa64b3	449	products/P064_DSGD/dsgd.py
90afa56bf12c0aaee27773374256ddae883aa88675b44f4af6818d7b227060f2	472	products/P064_DSGD/HISTORICAL_PRODUCT_RESULT.md
df3a9a56f3bda1abb160e834a1bd0b9a8e5c88b3ae35f9f2ee9e616adbe6e545	217	products/P064_DSGD/RECONSTRUCTION_STATUS.md
2cf7ea32a2c01ff8250177a683bb2c6d2ac7c2f9ddf04799cb4c13e80f5fabd1	766	products/P064_DSGD/test_dsgd.py
ae26501fbf99b41591923b2421e35b9d5a2b92a50485fe5e3f4d0f1d65374c2a	21	products/P065_SWTE/__init__.py
c03e03aa135905b5aa5c050b1fd81ad7af91fcf5cb151f735291f3293a6580c9	426	products/P065_SWTE/HISTORICAL_PRODUCT_RESULT.md
449a869daba2094067bd2fa18104e939afedbc6de8b4e1073fc144e3feff5523	217	products/P065_SWTE/RECONSTRUCTION_STATUS.md
43d8c96e83c4d70b6f3f5827f95375fae8874d5b771460261ae542e6777cbbf5	444	products/P065_SWTE/swte.py
e8080bf77ef446b7a84755e67dfced5be46cde893702ca73ad2026fd0d64e55b	766	products/P065_SWTE/test_swte.py
b44ea87551682730bf24f8ce9b250fe7e943c442c0a35987b01bb2f983f23180	21	products/P066_PDRE/__init__.py
2d243ba85ca9d4830af583c1da591b2b417a698f07885135d185f70470df9381	482	products/P066_PDRE/HISTORICAL_PRODUCT_RESULT.md
81eafb8a8f836ad82588d2ec8fcb0e1918dd5b833aa37fc168bca193d39e363a	449	products/P066_PDRE/pdre.py
0864a3b07d7cfba57e959f2e6e190dce8a7d67eaa427b470d4b685e2f284a12b	217	products/P066_PDRE/RECONSTRUCTION_STATUS.md
2b10d5ce8e18cb30708aa60f5c0abd70de639144dc7a275e4695518c08031485	766	products/P066_PDRE/test_pdre.py
2f9ff257012dc7d746c3a6b314edd87dc26279e4dfab46afa0eb9810472d7e1a	21	products/P067_DARA/__init__.py
131a8518c70a3824a670087058e0f498aa7f41a34df642458d9ebd0714cdd0c9	455	products/P067_DARA/dara.py
ee8e090dcd35acb2c58442a53a605d1be84e72b2d62dadc1a48b67401661e3b4	398	products/P067_DARA/HISTORICAL_PRODUCT_RESULT.md
0233d975c31570a9101caef0964cbf21bef86ac550801b5091ce34ec3cdfad39	217	products/P067_DARA/RECONSTRUCTION_STATUS.md
db573b0ca479fa5b7f4a716119c12b7efdfb4150e8cfadc353286dbc28bdd96b	766	products/P067_DARA/test_dara.py
30e90325c901e7bc7489e65987ab725ff42d6f2be709f04efc3f99c3d50d49ce	21	products/P068_RECT/__init__.py
7ed74f717d751805e15045745e0551c3087c188a88d338ae01e1f604a479fdbf	387	products/P068_RECT/HISTORICAL_PRODUCT_RESULT.md
91de5ba786a3a98cd8a9a281bdfea39cbd3eaf13d6a061f9dc634b843654e184	217	products/P068_RECT/RECONSTRUCTION_STATUS.md
23d2f1feae02f7cb74525aeda21a93d33f83040d76f87dccc52ebe3e8146fc21	453	products/P068_RECT/rect.py
873840654d10e29d72a72cdd8353cd27b15dc080fb79eeb193a0c80e29710b26	766	products/P068_RECT/test_rect.py
9fe488ecc9a91f7cb2f80a507d64fed3fd85db565cd604a879045ac23cfd1ea5	21	products/P069_PSHA/__init__.py
5734718359a25e36ba729778a39f3587f8e15f3d6a4678e2910f79d1d1a6329a	597	products/P069_PSHA/psha.py
5758c543a59a3e3de34a850e2c4481885bdf0a06cb39f78703500bdd93a85fc3	277	products/P069_PSHA/RECONSTRUCTION_STATUS.md
72778bd9f3dca1852a501a6abe2fc2f44e3131560c74daf3c7f74e1228b21e7c	799	products/P069_PSHA/test_psha.py
6c36560eacaa72d0ca33e70225d85756668d0c07df730aaa6327453a721f08cf	21	products/P070_UTIA/__init__.py
fe804cb8a50d2f385983fafa480a6e857ed4b047ccb8cb4ed898c9b06a470170	285	products/P070_UTIA/RECONSTRUCTION_STATUS.md
0cbf440860d0d646a95c9e1a7088a4ffe48827b9cab83143ef4ed53d74e24dad	799	products/P070_UTIA/test_utia.py
98bebc8e1f3b9e47d2dfc156f2295970b50c512f593d13de1fe297722a425fb5	610	products/P070_UTIA/utia.py
1fe80fd84571a8ca573776df4d1e636fedcc22278e71e6e97958d3ab507c7401	21	products/P071_HPDT/__init__.py
e8a254c1ea09e566a516fb0ebefe2d9d8bc33b9037f050d9fdd099f6af8a42dc	600	products/P071_HPDT/hpdt.py
6f40236e6ed1ed404c34524d63b0f19c8b3509d38bc4413f4458965278e95587	278	products/P071_HPDT/RECONSTRUCTION_STATUS.md
b3770302038a79902c8c0763bb157ba211e0ffde616f6aafb414bb6a5b7170fb	799	products/P071_HPDT/test_hpdt.py
22c5a933401ae0013236639c2f93b78afbde5b415c09b545a087441110a51045	21	products/P072_RMHA/__init__.py
be453b237116dae5ebb72a900a2dc48de900f1691e8d655dfbffa1447da49a82	272	products/P072_RMHA/RECONSTRUCTION_STATUS.md
304014b25eb695e3b6aee6bc4d1c2bea88d69c474144b7c2a472812a6164283b	592	products/P072_RMHA/rmha.py
dbaf0aa4b8a1c84f3803656c94664948b3f69d8075c0db2685250af4c0a596e0	799	products/P072_RMHA/test_rmha.py
6aad9536239b2b622b19cec3305472ebad7e1615b46fb0091db1303973f74f83	21	products/P073_FCDL/__init__.py
5d0f8b187b687b6ecd2eb5ba52f2f1942da0d78a2badf75bb63eb7f91775ac6d	604	products/P073_FCDL/fcdl.py
90a144c8c3a779e5f704f9e7ddf46ce4af48780b37d9f8bde54253eb19ca3b23	280	products/P073_FCDL/RECONSTRUCTION_STATUS.md
50580a53ad35ec86c652d3a1f3123e2fbc8194133120d806172f085d7b970731	799	products/P073_FCDL/test_fcdl.py
73ddbb8d1b2e1ca8e17a77e21b99c0ebe0a9fbfc34635fea0b78e387d3e5608d	21	products/P074_PBIA/__init__.py
4c108271b56bc6388e047c9ea4902e7cb108e06d0b909374503238772077d7ba	616	products/P074_PBIA/pbia.py
6834d5f9a5e92646995e041c14cc555604217da65201ce8871295530dfc3a0f1	291	products/P074_PBIA/RECONSTRUCTION_STATUS.md
4a4d977dc15c6f8fed5ad9e8493bc809bfab4ba1ecd381df6f607895182b2208	799	products/P074_PBIA/test_pbia.py
a01077d46db21f2efd2a0270aef087a565a86572204af250b2827619a120400f	21	products/P075_DLAG/__init__.py
a5c29e8b2892e302424d38fa2d4680515461f1e5383e2960574d61dbde6437a8	651	products/P075_DLAG/dlag.py
8ce2b1d6fc284a24554ef05d6481e823da4642438934580db451fe58fef7693e	1038	products/P075_DLAG/HISTORICAL_PRODUCT_RESULT.md
36b6198ea5138120cd8267eb9ceeabb5676f5cd19f2b2ee17823476edd0f7a32	217	products/P075_DLAG/RECONSTRUCTION_STATUS.md
077d353d29ccb955a5e7ecb25ef810f78d99b1b88a77a64bf67556369f360c35	766	products/P075_DLAG/test_dlag.py
ddc393d990a2f4f7330947bdc59b2cb4b63ee9c91439a316ca0f126a2f084ed8	21	products/P076_MCFS/__init__.py
2e67763e17edec9a54e913509cd9c0472c73bef977d9839e6ffdcca610436f18	2614	products/P076_MCFS/HISTORICAL_PRODUCT_RESULT.md
7988497f3fdd268cdc23ac4ce314950099e75d08a2fafe22a74ddd63c51a3f28	653	products/P076_MCFS/mcfs.py
80435e02ef5975f612a358a63429a4dbcf53537d930b74c661dc4911895aea07	217	products/P076_MCFS/RECONSTRUCTION_STATUS.md
f53e5dcebeae367485469a9cd181e74c5204e407ee53f13dc43998a59a337e3a	766	products/P076_MCFS/test_mcfs.py
9271dc1a79a81d6ae9d91ecd3ef5a69af1bc34508c1aa7827098c089bf862d8e	21	products/P077_DGMC/__init__.py
9a7da58ee015f5ed4148b8322ffedac98a43dc7414944180d52479409573fbfc	656	products/P077_DGMC/dgmc.py
f22e796b3681139caa5895bb49eee8e03a891525005b472feeed6543ce5cf8bb	1524	products/P077_DGMC/HISTORICAL_PRODUCT_RESULT.md
bad1b3ab27a23b243fa0a25dec2d4ebb37b2ec1a351b2733d62f9b6da77cc79e	217	products/P077_DGMC/RECONSTRUCTION_STATUS.md
14e3dfb108ce6f3d97f0792ab68e9c77272eb44c495b7e164549b2f9fe6e5a05	766	products/P077_DGMC/test_dgmc.py
f227e427d10c50cd3fbbecb858282721c3210b73af4c0afc066d4550e5a9e3c7	21	products/P078_IARA/__init__.py
4588a45e10750eae460e5275926cd47cd7337477d7383231cd51405c88f8ca2a	1210	products/P078_IARA/HISTORICAL_PRODUCT_RESULT.md
ee137cbde089d60d0593791b206f37113c736d50afc6b3551751732f118e877c	686	products/P078_IARA/iara.py
12028eec84f5a31314aed125bf53dc8b8ce615c59c9e02acff6abad1bdaaa706	217	products/P078_IARA/RECONSTRUCTION_STATUS.md
50ea125f771bf6679519a66807595d858ed0375e62b592cd01c6bdaaee4bb111	766	products/P078_IARA/test_iara.py
6b34083cf6fe632a1e0f6c4347d7f21f38a1c4d4ce953a6d32cb2d401e05763b	21	products/P079_CBIA/__init__.py
dcf1f1b2d8dfb44581b110a4c3a5e55f3bd3a46c4f53b50a16c7eb09be9fedca	654	products/P079_CBIA/cbia.py
cca537188a2c6f0c465e2d6fd35da02dfdf084d2e1e05d0c239191b039ce6e7a	1213	products/P079_CBIA/HISTORICAL_PRODUCT_RESULT.md
be18718c62fa82e434965285d92c8ae03f53a86ae8533535f436fd96e94227de	217	products/P079_CBIA/RECONSTRUCTION_STATUS.md
af652d809d079d75d4993a2b92ac608ff73cb91484687449982b38fecc4b1cd2	766	products/P079_CBIA/test_cbia.py
2eb29215454e7e8ac488a275c1c8bd6d77cf51e70b480f06bee4aa1fb226eb67	21	products/P080_RAMR/__init__.py
70f7d7812d680081a7ae9dec1512fee9a89413ed908756c5edbcd56443715481	1089	products/P080_RAMR/HISTORICAL_PRODUCT_RESULT.md
95fd39eb51d24876a583587a1db2f857743dbdc588907918cd769fd6ad9dd4be	640	products/P080_RAMR/ramr.py
dac9cf3831a35839a5bfb12294c6a722a6b74fd491c53ca92711c588d6923bd3	217	products/P080_RAMR/RECONSTRUCTION_STATUS.md
401acdce5594ca41008660603de3703542d6f3cb33f208f153ac20b1654e1136	766	products/P080_RAMR/test_ramr.py
9233c5b429c5da73884e76c159f9d021bed8a06124090831efe4e846e07de42e	21	products/P081_AHSA/__init__.py
eee326d35c59a49eff01b0de8631f4ae8b4d92a04ed531a5a4c977c9a4dd6ffb	636	products/P081_AHSA/ahsa.py
6d3f87447348908a2c9b6dbe36704615dc22a889ca0bea0ed3a42560ec04586a	2220	products/P081_AHSA/HISTORICAL_PRODUCT_RESULT.md
9b1640c554c5833667f041463688dd693b09976ae15627526d36ef9c018fe866	217	products/P081_AHSA/RECONSTRUCTION_STATUS.md
26c7ab54a8b5a218bb3f28d774e2ebd642c1417d940564ea8661bbaad27eeaef	766	products/P081_AHSA/test_ahsa.py
6e301fb91fdc56ab91f4c1333390c04d21952dae668277842434cef92e9ffc6a	21	products/P082_CDTS/__init__.py
8a47675a16613ddd0d5c96abc134ab2d9641bb39e344c8c9b44d164c43e6e8d8	607	products/P082_CDTS/cdts.py
db15fafce8df2b77d462da1d28cc6881a75cadd3a52654bfa752726fbe9cbedd	399	products/P082_CDTS/HISTORICAL_PRODUCT_RESULT.md
b4ce816e6c1cec09becbfa78b07ea4afb1cb5a1925c982729bd0d7388f1cf523	217	products/P082_CDTS/RECONSTRUCTION_STATUS.md
48a82b6e837cf38974fceb355e3bb2d019b0e1a4b5093c1369390bd9ef61b43f	766	products/P082_CDTS/test_cdts.py
e7a63601dd5780a4e2ad18397d4e168cc1b20cf9735764758039c32e31a57f41	21	products/P083_HEAG/__init__.py
d522b7c528d4b166a683021e85534068b7ee767686a943dd3d3fcd77cc6d7a84	668	products/P083_HEAG/heag.py
55145f6ae8d3a8c517de073fbd9370e26de6a4be4e2e5e30c4b357e864ba2001	510	products/P083_HEAG/HISTORICAL_PRODUCT_RESULT.md
e317a770f7f9818860166977342144e288312ecf446bf3e502ddd96768c6b06e	217	products/P083_HEAG/RECONSTRUCTION_STATUS.md
7efe7449be8d8dd454f65cd921dc7e7f6142ac824e1c98ef2f089dbfcadc26d4	766	products/P083_HEAG/test_heag.py
45e3a28fd75eaec0cc8b3cd10669c45387e25b31a952df24bdaa6d7f651d2321	21	products/P084_CAVT/__init__.py
37bb31badf6ed8db85c874740c27852edcbd1d764effea2d1aff8e62ea68009d	640	products/P084_CAVT/cavt.py
96f1e10e45d978a1d7e6bc66ae61367462c30fe5838ac11e2b425aea8601f69f	435	products/P084_CAVT/HISTORICAL_PRODUCT_RESULT.md
3e1fed783bae5b6a580ec444218445153bf184b31b377b7559e91df7f7a82e5a	217	products/P084_CAVT/RECONSTRUCTION_STATUS.md
d524d803043d110251d683a7c5d91b4e84c0708b49e5e7f8309d3486ed53b3fd	766	products/P084_CAVT/test_cavt.py
670d7ad9352127898b6dd30e0c7fcc86a1a5e9208d4773704a54fef4644a1d13	21	products/P085_HPCT/__init__.py
2b6912574db4058b769678ba2a1777a7715183771a9140239b24162482b32c06	482	products/P085_HPCT/HISTORICAL_PRODUCT_RESULT.md
7959c4ecb21fc60fce4fae857be168913055dbc21841bc791453635715c7eb88	653	products/P085_HPCT/hpct.py
33ec4d7dcf70fc9a597fd32c30e7cd4878bf3abbb5fb72383377d9db8c639b6a	217	products/P085_HPCT/RECONSTRUCTION_STATUS.md
c1b27e38335bd50a98c97e8d2c0690947771aed0f59ec78da5825eac623bf32b	766	products/P085_HPCT/test_hpct.py
62264a69dc20f86b4e27aae1372a7066a299e46854f7efcbeefafb954936c050	21	products/P086_FPSD/__init__.py
c12c51a9238858b285385bf3f8e991d2340ea82a0982a0a0eda599a42e7b9d19	644	products/P086_FPSD/fpsd.py
892851b8aa57ee8d0ee15d657c00e98eac9991796d73d6638a29cb3cd5544750	471	products/P086_FPSD/HISTORICAL_PRODUCT_RESULT.md
f9aefb30decab69ca7ed87cb5833173f569e452a35d9ab92fc2d32bf8ba876c1	217	products/P086_FPSD/RECONSTRUCTION_STATUS.md
5130db8213bbf6cae059cbbf35f5f81c2b360f91c6b7e62e19191d0ae7663648	766	products/P086_FPSD/test_fpsd.py
b26cc0dc6d1102d7271719968eddea5ce99dfb8f228a5e120c153e90bf6c345a	21	products/P087_EVTS/__init__.py
c68190640d943f4e56d04bdb7fd995ee4fed85652069fbb89803568d6a05c939	613	products/P087_EVTS/evts.py
01d6c4a02f62e2c73abd4b5049f711ca68b078198d7706054b95808ab6df452f	426	products/P087_EVTS/HISTORICAL_PRODUCT_RESULT.md
edb16c211d99eab02beda153485313e1c41333f5605367d8f218183f5f4cd09e	217	products/P087_EVTS/RECONSTRUCTION_STATUS.md
114ed9caa5d1306871bee33c0d50fbb294098ccde991f1bb91dff5a04f706f64	766	products/P087_EVTS/test_evts.py
e99a0f1a9fcf7c0fd90dd7e67e59853e19c64ac18adeaaa9e43cea3fa5117a55	21	products/P088_LFTS/__init__.py
cf658e65e18d22aae13a02cda3f55dbaa4604c6f5a2900848949b245f0567dc9	460	products/P088_LFTS/HISTORICAL_PRODUCT_RESULT.md
8aa431d95d4fa2f57174718748ce97c7e60f53986de82dce9a8685890672492a	645	products/P088_LFTS/lfts.py
2df178acba96e702d3efb31dd39eafb41f848745fa37f50496daa458124cae0b	217	products/P088_LFTS/RECONSTRUCTION_STATUS.md
1dcee90092b059ffa6e31e9cc1128d8e74addd935f317bd3edcae4c31b0088ac	766	products/P088_LFTS/test_lfts.py
17759b4de97e67ddc6faa5878f546555cbfb66a53c3eedf933d897bf42c1bd1b	21	products/P089_OCTS/__init__.py
03e66a1d1b4d62b1f3b77132fe4959999a9a80d44e159171e8d9254feed76893	426	products/P089_OCTS/HISTORICAL_PRODUCT_RESULT.md
f103a362fa776ec38d5c98f75a5a1fcaa70b92a2b52ab058f647910defc8a795	593	products/P089_OCTS/octs.py
eb436f11816e11bec578a15df6409b40ad264f25e583a3489c6554ae91ced835	217	products/P089_OCTS/RECONSTRUCTION_STATUS.md
d0d203c497d11e4d59e228d2478efae2fa40b27da4c96bb7ccecc707aa94160b	766	products/P089_OCTS/test_octs.py
47e938859863e26d012ffc13f8f326c525f5861fb92faa11d50dd048f2ac60d5	21	products/P090_SWDL/__init__.py
f34ca62dacd1d8b722845ed5d22c0fd64bd31d973d071ae32b6ccaa917c3159a	490	products/P090_SWDL/HISTORICAL_PRODUCT_RESULT.md
425763915f361f64759fc24ebc47ea32187f618439884d2bf2cbfe5ff3ae09c4	217	products/P090_SWDL/RECONSTRUCTION_STATUS.md
f314ab5fdd9a7ea339c180c8d722873e4c50e102bf528d0ef497cf281a12c81c	556	products/P090_SWDL/swdl.py
204a50257e8e2315600fa8900a4e96ba0cd7a50cfcc47237bc0a357390a5ddc0	766	products/P090_SWDL/test_swdl.py
3714c85a6255dee25f7bd52556ea1fcc1324087ae586d06e46693a36acdd37ea	21	products/P091_DCBT/__init__.py
f9491b4853e3fe6843d14b0be0fcb207fe371726649796ed5f63d003057a22f2	550	products/P091_DCBT/dcbt.py
32b87baad5551ebf87170cd5738a6b39e808e9c4080dd1a602940d9c1b57f156	469	products/P091_DCBT/HISTORICAL_PRODUCT_RESULT.md
c445b65ddfebe5cbd64c12b926a0a1caaf58513b32ee5b25dc777be333566bc9	217	products/P091_DCBT/RECONSTRUCTION_STATUS.md
ff1df881d83e018eccab2e40ff509e0739d307d34e5b8fc36c19750b906c1329	766	products/P091_DCBT/test_dcbt.py
5274342a38bc7faa7b267897c3133b54c2292c989b43d95095efae9fff32944d	21	products/P092_PDAT/__init__.py
6e4ee629d9b1193c1b75667686c9fcce2c6c77a4f9990c62412c9dfdce7c7c19	561	products/P092_PDAT/HISTORICAL_PRODUCT_RESULT.md
c12d05e4387d7a5595e29f6e36047d093f636a00a3e60324782b7b943ab34498	578	products/P092_PDAT/pdat.py
8b39f45b0108935d999f330b86be6691fb3f09df04cb207539752acfec071e7c	217	products/P092_PDAT/RECONSTRUCTION_STATUS.md
7348c6fcb5f15faa8318fd9c953e325a5c803875c18c14e9bc085005cadaa38b	766	products/P092_PDAT/test_pdat.py
48bbb0d9966bce6a19938371ed76839d00cef42f3449a4f2cb59ccc343e3e25a	21	products/P093_BMDT/__init__.py
fedb13368ed860108607ceebb8503e070e5f98e0586dd2936f8d943dd5a705b1	519	products/P093_BMDT/bmdt.py
085987fc8d53ccdcc91294ef4f76546334b04f5a6de0dc7e016224f4cdea6c09	440	products/P093_BMDT/HISTORICAL_PRODUCT_RESULT.md
ad2ce2bff0f53f1d5f9872df63c051dcbafe089fdebb48f8905774432eda2173	217	products/P093_BMDT/RECONSTRUCTION_STATUS.md
a55b4bc675ac402a7c4a04011a1e672288141bd4c0864be18e6fd066a122278a	766	products/P093_BMDT/test_bmdt.py
956a38ea9ef52f530a14988e56dd743d22cddeab4a680bc2269ac82937726e2f	21	products/P094_OCGS/__init__.py
fc9574487edf78e70b506defbeff512bd9fdc3498825a5d5578dbb668dbbdb20	563	products/P094_OCGS/HISTORICAL_PRODUCT_RESULT.md
71975c090bf82dc49b34f8cd8ed5d5e2e2209c8fc3e4b6b3f85bc62a9acbeae1	545	products/P094_OCGS/ocgs.py
fb8ec811cfb3936b5e50fa009304cb0f9ef0fb3a2d15900beaa67ceda34918b5	217	products/P094_OCGS/RECONSTRUCTION_STATUS.md
a7373f5df0abc47bae03c787873da24c5ca4c85a5f7b50e70f04951e47a15a19	766	products/P094_OCGS/test_ocgs.py
bc3776e986b0a7f95b1dc9f50925899ebdaa234a0f6a0f5f3309c2d39e010be6	21	products/P095_GSSA/__init__.py
cf7d800593a1ba6cbcbd8cd43c9cf920e8710cd5b57bc79219568baa226e2a4c	561	products/P095_GSSA/gssa.py
c3ca04c4a1f1775992b970b89ccce13a62d0d80c90a15bb941c00379fb8e29fe	459	products/P095_GSSA/HISTORICAL_PRODUCT_RESULT.md
a6d8194db2cd29fc4559b81806d9f38928d2a55b562893d535aac07c0c802100	217	products/P095_GSSA/RECONSTRUCTION_STATUS.md
1f302293299f5caaca0ee3ca8c7dbdcf2a506fbb188c7b88ee228a38a2728745	766	products/P095_GSSA/test_gssa.py
ce1ad101d9e542979587048e9d4aaa9883e0b2e63d939b8a557f08f193bfa810	21	products/P096_TRIA/__init__.py
53214702154ee46b97be0e7caffaac81ad9e1d47d8379169eb5c261d758dbe2d	574	products/P096_TRIA/HISTORICAL_PRODUCT_RESULT.md
9aa01bcbeb7aa42500463b6223ec8b70a6f48bbaf0da490c03ea62c6f29320e2	217	products/P096_TRIA/RECONSTRUCTION_STATUS.md
77f7f0f47eebcb1458ff504972a5fcee134c32adfa8fe56e8e9ba7ec22010c50	766	products/P096_TRIA/test_tria.py
2153d3483c3275dcc2efe1067d578c16022ba2d9cbdda94d392c1860fe96a5bc	595	products/P096_TRIA/tria.py
571d1a23360e291e4766d974577b43216aec81103949b92f2d9f843454cfff05	21	products/P097_BDSD/__init__.py
0d70f82fdac36aa6199613b1dfbcef06473d58fafe516badfd2b98a309d03d5c	622	products/P097_BDSD/bdsd.py
0bea46066d3a2d4169f54b9a13009e6a60f81bdfd52423f4ebad8fe7dede6b9f	718	products/P097_BDSD/HISTORICAL_PRODUCT_RESULT.md
5cd5dffa22f5f3a74d1280fb6176c99860ba055d2a4f3734a4b1e105eb75869a	217	products/P097_BDSD/RECONSTRUCTION_STATUS.md
809f33f105e472ef49f2d5e3d0eec78c95d1d02bfee2acef13b7467ff43c6117	766	products/P097_BDSD/test_bdsd.py
903945f044b17fa7cfb30327fe472d6e162917b6766150f76e692fa10d575389	21	products/P098_SAHA/__init__.py
6a841a73fd330efca1e2c52975c8ed0a3bef7c64411b22f2d30b3c264412aeee	813	products/P098_SAHA/HISTORICAL_PRODUCT_RESULT.md
bc92d6d1eaad7817f217ebf51698876b9e1e578fd2009484ef7d412e487956a6	217	products/P098_SAHA/RECONSTRUCTION_STATUS.md
0d710b24c9e1217e5a147842cc6dbf2abbcec28e17b02eaf1678a958b49fcf3e	660	products/P098_SAHA/saha.py
2ee14d7f4607594b348cd8f2cc39c1029114516fc50f21fafff972529e04f9fc	766	products/P098_SAHA/test_saha.py
c89349a51c644c0613db2d8338772b2f12293d792b43cbf369751e858f115bba	21	products/P099_CAPA/__init__.py
dd2c296ff3033dde300a9e542a24d44e109360c1a47c122a4db903a529c1c66f	591	products/P099_CAPA/capa.py
5365408a2150ac401d71e721abcfd0d1fa8fbc207e4f9b874382214e9311ef51	852	products/P099_CAPA/HISTORICAL_PRODUCT_RESULT.md
2feed957468b2b7375712bc9a7ef6c02932627d260b677b46a8e373d721be0f7	217	products/P099_CAPA/RECONSTRUCTION_STATUS.md
f7516d9ee57834ac2b26345444c59437918a1efbb740ed9857a160f7d0d48b33	766	products/P099_CAPA/test_capa.py
c00ebc971a1c990a4a10d6221e58ffcb7a133993074acd553de20d0126b78b10	21	products/P100_WICA/__init__.py
980da7472fc10020b3d4e5db1844d9f9d4d4e372fd2357d647a3ec28e89ebbd7	728	products/P100_WICA/HISTORICAL_PRODUCT_RESULT.md
bbd058390a85994e2c485f95afaf6301567017dbd321f7f43fc7271741cd4253	217	products/P100_WICA/RECONSTRUCTION_STATUS.md
843686cbe6f131f98604fbcf7262269e2852b24ae332df269a64d3f1e3bf7d83	766	products/P100_WICA/test_wica.py
a1c4b194b1cb444712a7ee85ce43d6c5d843e4fae273231659757e129478b00a	561	products/P100_WICA/wica.py
f00ea538f660008e20791089dedee0224b8630db1726490c848e818bb6eb6a4f	21	products/P101_PRSW/__init__.py
30c5b2a43c138168389e2a475afb897c2d2dd44057d18576fb6ff3e3dce008a4	802	products/P101_PRSW/HISTORICAL_PRODUCT_RESULT.md
b9ef9c88daa9647acff25040df4b3bc8161aae588246e0729982a50764f3f70a	619	products/P101_PRSW/prsw.py
5dc8a33d16507e1aabc21b3921095096c0041be67c03a79e445fe460a50ff03f	217	products/P101_PRSW/RECONSTRUCTION_STATUS.md
7ddc99537aa11a818ee2dab9c412a25ea57e039c98a11220b191b82120a52df2	766	products/P101_PRSW/test_prsw.py
457ffa03d25534505ce472f86a9d847adf5a9fc4bf9e49901a7972b64edb1747	21	products/P102_LLFD/__init__.py
bfb98a452221d36f6d5c170a1b941a1c571e4a3ce5f75e749d8c3ae059fd0e72	934	products/P102_LLFD/HISTORICAL_PRODUCT_RESULT.md
5de24638c60358cb02b52e483078156ad806047bcbdfc4eeaaa201b99e330f9b	622	products/P102_LLFD/llfd.py
ca843b53f00b4518b07bcde185f4984f58ab588f2cea0a888cf7c5c9f8b298ad	217	products/P102_LLFD/RECONSTRUCTION_STATUS.md
1a1d84d7a1ffb442bd4b72128804810de08a109ce6cea74f78c2a6b9a001f5f8	766	products/P102_LLFD/test_llfd.py
5cd10022e135eb55d56ebfa322762a36255be52e7b696cfaeaea043e102a5c7c	21	products/P103_CFAI/__init__.py
5b5cb1766fe021360de29ef582f1d2cc0be05f9d1d91849461a0ef8c37277497	598	products/P103_CFAI/cfai.py
41fc3f7c4eda00e8ff39a9e47be89d52d5d99fc7405e08bf7bc0a5381364924f	733	products/P103_CFAI/HISTORICAL_PRODUCT_RESULT.md
a75261fc055d20751de3142634b63b4f86b617c2f28858ef5bd1af73b20eadb8	217	products/P103_CFAI/RECONSTRUCTION_STATUS.md
c46953653418507fd119aa1b0f75a0b553b0484b5e5f5d71e48063ee67c5f309	766	products/P103_CFAI/test_cfai.py
73b274ba03dd1eb9035458f35bb39e09269bd585c919fdb74368cbc547b8e8d5	21	products/P104_SGPR/__init__.py
232366e6df5456d83575d379efdbd17fe7f46f44532406c8869fc8adb1c981b1	746	products/P104_SGPR/HISTORICAL_PRODUCT_RESULT.md
e2f2d55a3b221edc320c508a2405172ee097e5946c891d8cc4c20380577ed3de	217	products/P104_SGPR/RECONSTRUCTION_STATUS.md
120cdf3cbda053728eef365792c27450495b977a65d7680162829fda69007964	567	products/P104_SGPR/sgpr.py
450e915247ba943987b6e6f2ba328d0bcecf89b30ac9294a0a9539b3b4a70f37	766	products/P104_SGPR/test_sgpr.py
bc4e5080fa0a902c2a21fc53c9e656ef69ad7d663f603881dfa32582f6895c31	21	products/P105_PRAS/__init__.py
2e3c6c1a75f6c2fa325e58fe89943ba7b57f2238fe81ebd59ec883b9c2724996	771	products/P105_PRAS/HISTORICAL_PRODUCT_RESULT.md
ba0f7e53d67bc39ab4bb515b92fb70f1eb1c36df9b82dffa774eb2e609140d54	608	products/P105_PRAS/pras.py
71b6184623d92e4c1bad16b37cc07c2fc0e09bc66dead8e391b18239164fd35b	217	products/P105_PRAS/RECONSTRUCTION_STATUS.md
d4a124d40f96215d7f47569a95aecfeb850edc171cc60a2fd920aa6a9f2359e8	766	products/P105_PRAS/test_pras.py
ee8c43788c7bffbd8bad20da13df4904383ed24d3fbaeaf116fdab147d5d1e48	21	products/P106_RCHA/__init__.py
79cb7796d31ee81ed4344facf722bcbecd0bf16868e5a7f4e08320919e50842f	595	products/P106_RCHA/rcha.py
28bed3f4e7ee152c8a11640949d0bf048c6a35f11346146ef2d7ec4f14274242	275	products/P106_RCHA/RECONSTRUCTION_STATUS.md
5e90e8dc22a86f12545875e233a23ce0a7e81b5b4229195e0811df907385cdd8	799	products/P106_RCHA/test_rcha.py
cf62c274e318a4e1a0af3580a037295f83b3c86b38d0229ddc445c8ec639d6a6	21	products/P107_LDLA/__init__.py
04fd480a46f21ce81e4e65cb5f937b72efac0627397d7653ef1648db3b02dad0	594	products/P107_LDLA/ldla.py
0cb6e90ddd081ed31cd72838161ef2bd117f25dce4c51eaf38770dd2193e9bd7	274	products/P107_LDLA/RECONSTRUCTION_STATUS.md
85095c7e68f3c0c3175947dbeb6857dee71400a29035042c36c1cf4f448c14ce	799	products/P107_LDLA/test_ldla.py
a5a8ebdaf58ee071d3f9adb522cb0e63f4c7a8920489ec308501b7bab3d747f7	21	products/P108_OSTS/__init__.py
847d5250ede98573983b5768e7f05fbe27f557fc010a930e2ecbb2f1db1e142e	607	products/P108_OSTS/osts.py
25e3076c5c1aeb5c77a0fce68b055710aadb58033e7777d2b549058c5d63b208	285	products/P108_OSTS/RECONSTRUCTION_STATUS.md
a9cf101d4e272d9bd9e14a55602660a90e66834c380f08c1f7e6c1905da56ac5	799	products/P108_OSTS/test_osts.py
4bd7c99dfbcbe5015636c83e5cabd2efc9e897617054da40cab3a18a34050c2b	21	products/P109_CCIA/__init__.py
b7b4fe59dc259dcbfbf0437fbf85e57abfc6ce9e9634f20052f4a15527cb741e	615	products/P109_CCIA/ccia.py
176569fd52692dd3e47dcce3d1ea433b5c6443b0aa0a9b047c0764bc28b514fa	290	products/P109_CCIA/RECONSTRUCTION_STATUS.md
216de43d4df9fa0d23439fb8bc282bf1592c69d40fc8ac426ca8e076baed9ec4	799	products/P109_CCIA/test_ccia.py
81dcfa8a544d07a6b1ee8d3cd464f3ee4bac8873f5efa19fc1c3cfec01d6329e	21	products/P110_MBTS/__init__.py
a66a5cdb0553c6b130223da97497d1274d91eda1ab2687c433dcff797566d193	597	products/P110_MBTS/mbts.py
a5068954586ab6cab6eb5e34485c35a5e8ad11b80bf865bfaea6076ba3ca108c	275	products/P110_MBTS/RECONSTRUCTION_STATUS.md
5d8cf788fa361b6243a9067ab63490f61ce3e8c31c124970d45f05c2087b284d	799	products/P110_MBTS/test_mbts.py
3ce2fa31a660c9539fa3009cf377876f90b02ebba42e368254f0d5f64d8ee4ae	21	products/P111_LVAI/__init__.py
1714e5f60eb551402f112a4d7d82241ac20db4dfb5c7337d73ead815e1fdaeae	611	products/P111_LVAI/lvai.py
5d0684c20a9589d041feb8d9bdae6b692b170af6539476f8d7f396fb9534abe3	286	products/P111_LVAI/RECONSTRUCTION_STATUS.md
233d255a0a6bd58668b274930759ae1804a9ecbc0496b3788cbfcd16a2296a27	799	products/P111_LVAI/test_lvai.py
a0b20fe2bdb56e3986fa19c4104b8ce0ec057c8e071ee8a7078095fab69b98e0	21	products/P112_RTTS/__init__.py
74a65b2afd46701c5bfe8985ce8b1bfe974117f4ce55e1b196d54a7774def88d	275	products/P112_RTTS/RECONSTRUCTION_STATUS.md
7b81d87624e0fbb4a3bd87542784bad8705f3844086d4c46f1cba514f3119be4	597	products/P112_RTTS/rtts.py
47af6321fa875283c0f70affa05cb5b11f13414da1cf51b167eb576d6164c19b	799	products/P112_RTTS/test_rtts.py
fce7d965b5be3f90cea0bcee30ddb80dbc9983a2d14e8d2a8af10e26a3ce5c1e	21	products/P113_QDLA/__init__.py
bcf755aff54df90b7043477ed2a0c7568b17a53a761ab552918129f7c9993a6c	595	products/P113_QDLA/qdla.py
1fc0024fe829f55139f7bccb176f6928f0fec0991e8ab562cb4d3df2e1faee7a	275	products/P113_QDLA/RECONSTRUCTION_STATUS.md
d7fa719936eddbc0a61d37907cc2480207f7519751693d33eb0c5ad26c7a3a83	799	products/P113_QDLA/test_qdla.py
ec933d7fa5cc57c3e6727043b9a698e6419aec7142c3641b4047e3ebecee2280	21	products/P114_HPAC/__init__.py
35a9e35a2bc0d537106e29341b068078dd1fd851a5f798ffa3004771b5d3da21	734	products/P114_HPAC/HISTORICAL_PRODUCT_RESULT.md
ccc1e07fb34804ea9a209eca6739d574e362e8cd99c595b40bb7f9554c93b781	625	products/P114_HPAC/hpac.py
212b9f7a8a44b518fd70426039de617c56b8f153a28e3bd34a1a136471c05368	217	products/P114_HPAC/RECONSTRUCTION_STATUS.md
bf1590cbb71b205489baa117f63d501b5db1228f786c25cec6c2371a4c303f5b	766	products/P114_HPAC/test_hpac.py
395cda93f84a9085f75db3815f69195c7e2d922c09e319050ab8625ecabcf1ca	21	products/P115_PAAC/__init__.py
c4a274666b9116cea54a10fcd5c133559dc02fc1b02ec3734ecae07492863753	749	products/P115_PAAC/HISTORICAL_PRODUCT_RESULT.md
d8f98a24ac0dab981308983e8c28b7c25f17e34e0bd82b7cc144fc2f11c48930	583	products/P115_PAAC/paac.py
565269247efd1827bf7704780a0a6870c9c9d9b8d6d16b60a6394953662eb42e	217	products/P115_PAAC/RECONSTRUCTION_STATUS.md
c653c705fd9188436f16c82cecca12a69578b89d9fc8054ccf56ddcbde09941f	766	products/P115_PAAC/test_paac.py
f26a9964e3b7fccdcc493570073b9dcabf8cb48d383b0f7df7d4cc0c1528c557	21	products/P116_FCAC/__init__.py
d0ed0f8c98c67047003a0ca1ae9d52c428ef35dcb5907e10532f640a9f2c1930	563	products/P116_FCAC/fcac.py
8389f17c47b07031db7992fe308259fc114f91285bac7d8a718768d5237aaad3	724	products/P116_FCAC/HISTORICAL_PRODUCT_RESULT.md
d5437bb805b5100f468c8395bbd5dc43fbf3ffad38f70d5843a9809327c80885	217	products/P116_FCAC/RECONSTRUCTION_STATUS.md
ed683ff8d142dea517c6e88e0a3261efa3a39047c37ad48c5c062240d5774b3f	766	products/P116_FCAC/test_fcac.py
1d2e252f9ffe0d707c1d03c03aecc9c1d39102a262d2a6a73c78f2ce992c51bd	21	products/P117_MFAC/__init__.py
14dfac1e145abef923fa074781a7531e725b392a53b7ba6b1d66f9249a5dd4b6	744	products/P117_MFAC/HISTORICAL_PRODUCT_RESULT.md
47af64f0ff407b5228be79d82abd9b86bacbf6e3d39064b61307e6ff8f9109fa	565	products/P117_MFAC/mfac.py
4d993d34e3ea061926e23ad8cbe8ef94ab2ca730cf7c1ac6ea388ce4936a5803	217	products/P117_MFAC/RECONSTRUCTION_STATUS.md
10d2f0b3a1d16c3d228e7fa72cc96463f94d2eeda14ac811d38a4d3d6ac2dfb5	766	products/P117_MFAC/test_mfac.py
a462da9f33d579b3b6035e8113c1fe2126b258acccd56d1f91848cffd1f8c350	21	products/P118_MRAC/__init__.py
7b6ece33825e0107ad20be2b54aaaa8333190e6d4ef57d28cc36ce26b846d248	733	products/P118_MRAC/HISTORICAL_PRODUCT_RESULT.md
d8c6fd8003254367d0066c062cb2bb9e1cc97ab9fef1bb815ec7c3b1fe55bc3f	551	products/P118_MRAC/mrac.py
1ebe9fcb2e44a745cdf3b61d1956bb354206c77552952eb2dc05eecf12956fbb	217	products/P118_MRAC/RECONSTRUCTION_STATUS.md
e5cdc3046414bfc35d1f5e83357281ce5d2a532585c67b41525a52a78ece13aa	766	products/P118_MRAC/test_mrac.py
ccde32b46be0ff8d63c77fbe4c0dffd425340257a0cf4408ecf9b5366a18b4e4	21	products/P119_RAPT/__init__.py
1be1bf75efebfc06df883f1398c6b6f980ba5a8f3a552555ef253276123a2c91	752	products/P119_RAPT/HISTORICAL_PRODUCT_RESULT.md
0759e4be0c6080584b7fe5ae83be0548375a155c5f6c592ff56207b3dbf2a06e	592	products/P119_RAPT/rapt.py
11e186bbede5ad0c7742ce78ee7a9d57a42ee432be8f96e4845199672770579a	217	products/P119_RAPT/RECONSTRUCTION_STATUS.md
4085dbcf1925071e042033e212336db22236160016ed3cbcbe57afaa3fb9e7e4	766	products/P119_RAPT/test_rapt.py
feb32674940f9992b5f65cfe3f39e8b78d4eab41ed0033ed3c1fc2a174e992d7	21	products/P120_PCAR/__init__.py
53f32af5c96786764acf1a9be075860ce87cddcedd1c04ba0d424b6a32fa9816	781	products/P120_PCAR/HISTORICAL_PRODUCT_RESULT.md
8660bf1bbc5482625fd66e2dc839fd8db803cc9fb2be4b1f6caef221b385c44f	595	products/P120_PCAR/pcar.py
46fd008940c7fc230e8bd47ae97b13aba3ccc9f776cec7da86f68c3511fc72d5	217	products/P120_PCAR/RECONSTRUCTION_STATUS.md
63d8fbe08f0a3862b6c8491a627c8eaa51b679e58ab6b04b9770597728d79b87	766	products/P120_PCAR/test_pcar.py
dafb01344d288e79e830be4f71f2476b0fa22f3e86822382fd0fd3b965bcc9e4	21	products/P121_MSGD/__init__.py
150fbb67f241eb361dbe9b634217bc1bf33cb1f906c5b5fdd0c2fbf5c1d15b99	787	products/P121_MSGD/HISTORICAL_PRODUCT_RESULT.md
b05274c2d2c2dff399365c6177e502ce5a1b1834387911b0dfe958e5897bc86f	557	products/P121_MSGD/msgd.py
8fc10979c240af3eab1ba1bae375327d8ea59823ecb826789abec8d66be0dc23	217	products/P121_MSGD/RECONSTRUCTION_STATUS.md
57599d603f72a9650d1d79c0bba9592be7663c76370451fc9adfbf6c9c853a6d	766	products/P121_MSGD/test_msgd.py
5829deeddd7478e80363c5141a10935a3ef68ae7b21db751cff5f62a3a11aa3f	21	products/P122_CAGD/__init__.py
d503382d623e1fef7e6da609a951cbaaa15b4d1adf6b8768e3144d55dd696c02	538	products/P122_CAGD/cagd.py
39bcb935151337166346bb743a0df32712741a6c6c519bd601708ccc1a05638d	875	products/P122_CAGD/HISTORICAL_PRODUCT_RESULT.md
8fc95c530f7312c6b12f9edf65c0a8f3687407103d14d27a1820eb3ba7d17197	217	products/P122_CAGD/RECONSTRUCTION_STATUS.md
14a937ebaf4981a0323e49145ca60421793591eadd64f323122c5d3cefaf5ff3	766	products/P122_CAGD/test_cagd.py
2160412e55d2f72b542e540b0e74d1cce69e38b9dab884531c47faac7fb28649	21	products/P123_SCGD/__init__.py
83d7e71341febab42b210f6d624f227bacfad42bd4c54f5a27588f0a6c2e458b	897	products/P123_SCGD/HISTORICAL_PRODUCT_RESULT.md
725df815b2edd4f3fd5c76d23a81e70540abbebb2a66c33b1dd697aa53ee1da0	217	products/P123_SCGD/RECONSTRUCTION_STATUS.md
c3603bbb57049f596fd86c3be7f637a833e04a473caff48617010136ece1f327	558	products/P123_SCGD/scgd.py
6cae0b5c767855369910f26c4e23a13ba27a7c112291b8803a81b433b43abd01	766	products/P123_SCGD/test_scgd.py
f825c659559018571f62b3292a9570074822e13c45990199da8cdde164291d97	21	products/P124_HCGD/__init__.py
536f20ead3a20a6f704ce3238df30005a9f1c5b8a0c49b69c41eaf76cfbb126d	545	products/P124_HCGD/hcgd.py
961feba1f33083342ca96d81e838989e6ee5d5bff0c0f0edc4a15564ac43fc7d	778	products/P124_HCGD/HISTORICAL_PRODUCT_RESULT.md
f20abfb905e5011d0fc8c3b18b52ed9a593f7d6df37b03e18503b0b65537b13a	217	products/P124_HCGD/RECONSTRUCTION_STATUS.md
6439ad0308f4017ff3bcac9703e1109c417bbed1e419161f50f43cbf5f448acf	766	products/P124_HCGD/test_hcgd.py
bc24a4a5a7cb4cc853ea3476eb315a449ed2a7e27a5a8e0b25128470425c5347	21	products/P125_MIGD/__init__.py
b6b4c0da3ef531795388e514045befd99b947aded562a5bbe63127e9cc1f26ce	927	products/P125_MIGD/HISTORICAL_PRODUCT_RESULT.md
cdac1320cbe4e8520773e3a546ef743496b498694ebaac00dc2d69a611451c45	559	products/P125_MIGD/migd.py
5c2c29ece5118d0ea0d7f2a1b065e641fcc1efaab1d0d3d806cf9c699fe0d6c8	217	products/P125_MIGD/RECONSTRUCTION_STATUS.md
dcf92505c0c5a02d32e8caf8caf7976448e465c26af8b09b74ed007b9ac5bdc0	766	products/P125_MIGD/test_migd.py
7f6c3fe791147e436a3f236128000680193d6b490e49141f1898bfd38e79cf62	21	products/P126_TRGD/__init__.py
71a83b7371a24f929eadd9a01420d062ba1b229b471db8d925c3b634c58ec0f9	741	products/P126_TRGD/HISTORICAL_PRODUCT_RESULT.md
aa565e5b822a99db2e22ac5ae8cdebcea7e88829f62003a045a97d324a4f150e	217	products/P126_TRGD/RECONSTRUCTION_STATUS.md
844c6967da52afb4d6375db718b6fa3dd37d5fb5bfce25e402faa749977c718c	766	products/P126_TRGD/test_trgd.py
d7330817860e7c4019cf207ee7cbeff4cfd4567e406901d839f15eff4cd4060b	583	products/P126_TRGD/trgd.py
0750f2ac25296e8887c7a53217cc6e21504ec8b77d39a5b26c02c40027444b1c	21	products/P127_HPSG/__init__.py
2caac313d8540309a06e106b80608302330122286ef07c1980e71b00075ed470	768	products/P127_HPSG/HISTORICAL_PRODUCT_RESULT.md
0e30d3e3db8a043b6a443a3fade59eb0df6bbd6f51e9574013c8b82911c1b980	538	products/P127_HPSG/hpsg.py
1fa23f5e45718e96bc7d4014a62dcd45d514cafde4dce80b2baa6a255d6337f1	217	products/P127_HPSG/RECONSTRUCTION_STATUS.md
d5c76e16f942cb9534405599f867b480d5e76656971d23979a4fbaecffefbe66	766	products/P127_HPSG/test_hpsg.py
cc12f3c20b9c6628604d5014eab691f8e51c302548a6468364e6eb80e6262270	21	products/P128_PPGD/__init__.py
093fb12d4549de0510e5494eedefcbd865ae7621ee95cf58d85a692c34a4267e	717	products/P128_PPGD/HISTORICAL_PRODUCT_RESULT.md
c47a0c07cf09338f519b321ffa271b824885eb24b5c8fc1ff41b688c6e2debbe	518	products/P128_PPGD/ppgd.py
80268965314eddfc2802228196d884facdb1760bc1b450c762468628eae6f57f	217	products/P128_PPGD/RECONSTRUCTION_STATUS.md
2069a2437f3189762cbf8b44d33feb36899871e3860d6e7ed76931d365e19001	766	products/P128_PPGD/test_ppgd.py
fcf4bc47bda38a7e4808f0a09af8857e5e44390514ef42f73e26c10bc121bd2c	21	products/P129_LIGD/__init__.py
b201bc099ec0be7532edff9428c6272fb542480cadc1fb0abc660f6b75540656	695	products/P129_LIGD/HISTORICAL_PRODUCT_RESULT.md
12abc3cd49e96d8a14cb958dde2334eded90ae1ec2352d0e32bb0477fe55934b	568	products/P129_LIGD/ligd.py
e975ff8788428906df9bd5cb608fa862d371d43696bd14402de3d0df351b23c5	217	products/P129_LIGD/RECONSTRUCTION_STATUS.md
76783e423fbd1d9a49262b5cd103d0d624f7eb5cdb54540c282dbb5065e0703f	766	products/P129_LIGD/test_ligd.py
67730521bf90ba5840c4d6e401d068c31d9a5277b7d0f4623736c60bf7a8796a	21	products/P130_CRGD/__init__.py
b4fd9e58d9fc8442fe1e3e1218277deed9709c0e6463c5bbca3e25fd0d90d0e4	553	products/P130_CRGD/crgd.py
afbca4f6bbba6ad5d4b9b835b12938736a55c4841199d54f590564d9808a8ccd	791	products/P130_CRGD/HISTORICAL_PRODUCT_RESULT.md
c5fa9a42e3345469cd1dfd17d1714aeadf95155d573e88ff815c2c8bb5bbd568	217	products/P130_CRGD/RECONSTRUCTION_STATUS.md
1af198d5b65d084e7c25f1c2e5ebeedaa1a8e1f57387e1def62d49b583d49efb	766	products/P130_CRGD/test_crgd.py
3002e682a1afecef7263e4a78815944045720063f462d1ea68f841f856929b3a	21	products/P131_OCMA/__init__.py
544092b299c71056e930ca9325e54ad54f545a06779765e017aa38424a1cc018	717	products/P131_OCMA/HISTORICAL_PRODUCT_RESULT.md
5e6e3b0d1b22bf1f30c2a7c1e0423534f693daaeea22fba946b25aa449e6416d	538	products/P131_OCMA/ocma.py
fcb6b5353d9050f9355d181e850d83e0691e75ebef0f2832dcc6bb3e0ed61d6a	217	products/P131_OCMA/RECONSTRUCTION_STATUS.md
55f26bc926cf5ad6b45ba0eaaef99268b00c992c8adbd6a38126524875d36d77	766	products/P131_OCMA/test_ocma.py
361acd90481e101c072b11b9f4dc6139069f8536973fd4a56321048f0c618675	21	products/P132_CARA/__init__.py
9b4fa800552cb8b644153cbc747d69fe8e2968dc448acb5874bfa906edc3aaee	556	products/P132_CARA/cara.py
9ed3582002bceb57c365ac4c145cf86ce70158277dcf6ba97533d792f38a2028	741	products/P132_CARA/HISTORICAL_PRODUCT_RESULT.md
1953293b48dc3520fbab7a90556d54252e6399e3017b99fa4a4dd798ba16d43b	217	products/P132_CARA/RECONSTRUCTION_STATUS.md
88bad704c320560b004f32ea16b7cced8aa292dfd8ebf39edf2d992bebcf36da	766	products/P132_CARA/test_cara.py
19e83a94bf09926cd77414350f7104ff335a47db1f91ff5123c1c9b157c8a847	21	products/P133_TRRA/__init__.py
2b73ae7b6f6b418c340adbc35193de8f0a9864a9d3c4bfa38e25eba4f6fa12e5	655	products/P133_TRRA/HISTORICAL_PRODUCT_RESULT.md
92a575ff297559148fee70c136da9463ba01f073ec28f8e5fe898a16414afbf4	217	products/P133_TRRA/RECONSTRUCTION_STATUS.md
61d599f9f1cc488439cb1bae387c941c867192572d490c5cf42dc3a3bbeaf323	766	products/P133_TRRA/test_trra.py
87f86be267ec497c8afb5676f4299880ceb8e8eb3410d285646ab0d81dd39926	542	products/P133_TRRA/trra.py
e3b0c44298fc1c149afbf4c8996fb92427ae41e4649b934ca495991b7852b855	0	products/P134_REIG/__init__.py
a462ca33c59b2e8083cae86304ede91be93a7c1301241ff4eceb29c3b64d0bb2	4130	products/P134_REIG/BENCHMARK_RESULT.json
f49e1ec3b1960e612f7590d674c98a8d9ebac8a6f881cb260c6ca31a1dcd4488	2052	products/P134_REIG/HISTORICAL_PRODUCT_RESULT.md
466328eda76b731ce6c744975ab3447007c218adcd0e10cfd9466a043fbe9e89	345	products/P134_REIG/PARENT_PROVENANCE.md
e3b0c44298fc1c149afbf4c8996fb92427ae41e4649b934ca495991b7852b855	0	products/P134_REIG/parents/__init__.py
d8bc06ac79159959656aa9de4a2e975e8fb4a3fc7258e1654a13849aa7420c37	5022	products/P134_REIG/parents/ebc.py
07db695d72874ab62967b05e13a7c7ebfd58cbd543ccd1d4750b32542a7312db	5387	products/P134_REIG/parents/rel.py
f49e1ec3b1960e612f7590d674c98a8d9ebac8a6f881cb260c6ca31a1dcd4488	2052	products/P134_REIG/PRODUCT_RESULT.md
a3caa1f206a29cb8d8ff63de15bd7844be30440ce2db2716dd65b074dfdc2ec4	692	products/P134_REIG/README.md
5c5ef40c0857afe698aed7d6a500dc497865f8186fe1bfd2d9905983bdd2098b	5372	products/P134_REIG/reig.py
eb6719c0375069812f11afb147b46aaac9665d5beebcfbcbd54b5a929feaa03d	3320	products/P134_REIG/test_reig.py
10e3e72a6f1b827b7f8f4438047cd356cbc133642df33117210348a02ceb3cc3	3953	products/P134_REIG/test_reig_unittest.py
e3b0c44298fc1c149afbf4c8996fb92427ae41e4649b934ca495991b7852b855	0	products/P135_CARS/__init__.py
5b82f94c0aef9bfbfda21d49660bb3754a49724a033508319ddbb5a2759fa2b8	1088	products/P135_CARS/BENCHMARK_RESULT.json
dad9e8a5a4a318105274e41731621af90d6c4f9f05840f2ac17139f3047b3fc7	1021	products/P135_CARS/cars.py
df4e4665774eebbbdd8ee5bc46ee67122ef12a4c93997645dcc93146f1651750	838	products/P135_CARS/HISTORICAL_PRODUCT_RESULT.md
77839411ad74424a6585f0b76638b1775d5e9d66626291ea792ea0b73a3e86f2	137	products/P135_CARS/PARENT_PROVENANCE.md
e3b0c44298fc1c149afbf4c8996fb92427ae41e4649b934ca495991b7852b855	0	products/P135_CARS/parents/__init__.py
be06cb7e7a8dae11bb483f8213cbf9749bc134b83a61bd18c4a03271296a5562	4244	products/P135_CARS/parents/acra.py
5915fbd65d6d3f5300b145080460406aabc98fcb1ce6998960fa8b3b80411aa0	6150	products/P135_CARS/parents/tsrc.py
df4e4665774eebbbdd8ee5bc46ee67122ef12a4c93997645dcc93146f1651750	838	products/P135_CARS/PRODUCT_RESULT.md
9a84c3b14fe4e9603736570cf6a91f15d6cb7ba4e469c3f1697ac940223235df	110	products/P135_CARS/README.md
2ab5c0446459a5ff7f33a3e98d9289e881a59d033f570dd77538c980c053d873	1610	products/P135_CARS/test_cars.py
e3b0c44298fc1c149afbf4c8996fb92427ae41e4649b934ca495991b7852b855	0	products/P136_QAIG/__init__.py
fe839215bb07d1a29d98da8d0487c1b1cce4547e1d6c9ab8827024af32ab1ef3	1187	products/P136_QAIG/BENCHMARK_RESULT.json
e96356a75abd4abdaeb25ab2fcba07f02ecd0a25ec7fbc9055716e15c85626d3	755	products/P136_QAIG/HISTORICAL_PRODUCT_RESULT.md
545b0bf5749cffbdfc0b313d1dc4c43193682eecbab7e81c10430e167f4f9ad0	100	products/P136_QAIG/PARENT_PROVENANCE.md
e3b0c44298fc1c149afbf4c8996fb92427ae41e4649b934ca495991b7852b855	0	products/P136_QAIG/parents/__init__.py
92b441bb6da18416eefb7adbf8293d1a9783b1ddb2a86e94a6b4b6f3504c7e46	4054	products/P136_QAIG/parents/aicc.py
93d07583c64c3d721b54c2f7f801702bddaa6c7c4feb6d8f5f6849f540638111	4235	products/P136_QAIG/parents/aptc.py
e96356a75abd4abdaeb25ab2fcba07f02ecd0a25ec7fbc9055716e15c85626d3	755	products/P136_QAIG/PRODUCT_RESULT.md
f4e327b0447087ba6be9d9a86f624a654df6e593d088eb9e9829ed2d70fc0df9	1084	products/P136_QAIG/qaig.py
871a70b63df798320c02f7e01b05f3de192269ccce9640e96e9711ba41af110e	66	products/P136_QAIG/README.md
e2b6fc45e0ea4443f3a739b55cc655ff7bd01d8ba2a27224e47f4daa320da8d5	1528	products/P136_QAIG/test_qaig.py
e3b0c44298fc1c149afbf4c8996fb92427ae41e4649b934ca495991b7852b855	0	products/P137_MPHA/__init__.py
c2163238a766f6e05a2c0c350b4fd1eadec67e620f767dd7ea155b928c0b4f8d	1160	products/P137_MPHA/BENCHMARK_RESULT.json
c3667c4e13de6b2281645f38ebab08a27aeb96daae76ff6990954db5742aadbe	670	products/P137_MPHA/HISTORICAL_PRODUCT_RESULT.md
9ec645e6c29412d7721103fe59589fb958e0b8570e1b292afff9b51e23381b2b	1073	products/P137_MPHA/mpha.py
634cccc747f5808ab2e5c1b97333b06f9616e26df7251e743270ccce7b2ebb32	112	products/P137_MPHA/PARENT_PROVENANCE.md
e3b0c44298fc1c149afbf4c8996fb92427ae41e4649b934ca495991b7852b855	0	products/P137_MPHA/parents/__init__.py
f4a81bf75ab16dff8b3a6eac42ae18d4d6ac84f36715dc476f4f3f275ab7f5ce	5174	products/P137_MPHA/parents/acsa.py
1645200fa82f883701f10b9cf16504ed94c1683d9467bd6531c99b311288e4fe	5074	products/P137_MPHA/parents/atrc.py
c3667c4e13de6b2281645f38ebab08a27aeb96daae76ff6990954db5742aadbe	670	products/P137_MPHA/PRODUCT_RESULT.md
25872cd405e2f0e46ade7ea931cf2e2d821848f47a64066cd154e0a0655cc8c4	77	products/P137_MPHA/README.md
d1a9dd8b56c9707e762541fe8b4e0bd9ccba87435a52e083aa3c492f786e5780	1461	products/P137_MPHA/test_mpha.py
e3b0c44298fc1c149afbf4c8996fb92427ae41e4649b934ca495991b7852b855	0	products/P138_SPIA/__init__.py
e62dc2613209b0e14d04602dba569383297592b676e9c89422a64f58bfa08992	1422	products/P138_SPIA/BENCHMARK_RESULT.json
5649721cadf298c5182bed70917f96d4ec6a842c3f7fd1c01e73068cdc64e7df	804	products/P138_SPIA/HISTORICAL_PRODUCT_RESULT.md
c5b894462d4f827875783a8abdebe875460d8dfa30e8f21dd59edccbe4230459	105	products/P138_SPIA/PARENT_PROVENANCE.md
e3b0c44298fc1c149afbf4c8996fb92427ae41e4649b934ca495991b7852b855	0	products/P138_SPIA/parents/__init__.py
92b441bb6da18416eefb7adbf8293d1a9783b1ddb2a86e94a6b4b6f3504c7e46	4054	products/P138_SPIA/parents/aicc.py
07db27f481d99bd0a61d08958ba96b73766a1c1432adf087b2dddf7ef7ae6def	5811	products/P138_SPIA/parents/ispo.py
5649721cadf298c5182bed70917f96d4ec6a842c3f7fd1c01e73068cdc64e7df	804	products/P138_SPIA/PRODUCT_RESULT.md
73cfee531edfe45d3fc8e5dff8981bb94f73e29b3da8a9c4f35dfcc0ebfec1ff	86	products/P138_SPIA/README.md
46022306735fe575ba513da3eb37e0d5fadc4f027c7c75588e19766c27c542be	2338	products/P138_SPIA/spia.py
690c9ba1bbda46014473bcda1432c98af468db9ef6afb7f31a280164f498ec61	1457	products/P138_SPIA/test_spia.py
e3b0c44298fc1c149afbf4c8996fb92427ae41e4649b934ca495991b7852b855	0	products/P139_PAOS/__init__.py
3799e33995e95b5074c50b5ca37c9b87e0b105fdd26ca2a901a46213d7ece7c7	1161	products/P139_PAOS/BENCHMARK_RESULT.json
e5b7818d2e278254977d36aa3074159c9a05ab31189b39f9f138a536b2bb0ed2	719	products/P139_PAOS/HISTORICAL_PRODUCT_RESULT.md
50ffb34703c119839d9f6cd81daf63fbba144d480b8a260d6cc0602736522183	1222	products/P139_PAOS/paos.py
82c71a9be2286a82c2c90d2ba05a2117e3741383a2bff3d7fb05d1e9cd70459c	105	products/P139_PAOS/PARENT_PROVENANCE.md
e3b0c44298fc1c149afbf4c8996fb92427ae41e4649b934ca495991b7852b855	0	products/P139_PAOS/parents/__init__.py
f4a81bf75ab16dff8b3a6eac42ae18d4d6ac84f36715dc476f4f3f275ab7f5ce	5174	products/P139_PAOS/parents/acsa.py
2c314d8e480df4f87c9b19acb4142f5548b0eccbcf1cf1d6961f953b6cf97da7	4577	products/P139_PAOS/parents/oasrd.py
e5b7818d2e278254977d36aa3074159c9a05ab31189b39f9f138a536b2bb0ed2	719	products/P139_PAOS/PRODUCT_RESULT.md
e5bea154d469af416acd6a71da572f2bb5215ad6002f15ada4d7b6099868d82c	75	products/P139_PAOS/README.md
94a811cfe4ea6df2f4c678969cb8a7a22c8e3e8e78de997d18e48e2797cc6bcf	695	products/P139_PAOS/test_paos.py
e3b0c44298fc1c149afbf4c8996fb92427ae41e4649b934ca495991b7852b855	0	products/P140_BOSA/__init__.py
40fd8e4b692496b8931ae4b17833d2b7074a7eb7dc876c5048cd039816974255	1334	products/P140_BOSA/BENCHMARK_RESULT.json
5b57452500368400c152c08a30729146b62b0c69ca61506ac303a32d4a1b0b49	1801	products/P140_BOSA/bosa.py
fcad4c8d7ff31c612706eaeff968b31f1860c6e5686a075b07f211e5321de638	746	products/P140_BOSA/HISTORICAL_PRODUCT_RESULT.md
0314542c29b8864b9f84523fa3102c52046073dc28089d66eefdac5343ac4dcf	110	products/P140_BOSA/PARENT_PROVENANCE.md
e3b0c44298fc1c149afbf4c8996fb92427ae41e4649b934ca495991b7852b855	0	products/P140_BOSA/parents/__init__.py
0a1d80cc232d905083b13e678e70f41cf0c05cc244ac73f397bce6fd4f710a18	4721	products/P140_BOSA/parents/mbpf.py
a182d339bd6c2cd431fc1794886e5b763c28dcafda63d6200a6dc388e514187d	5113	products/P140_BOSA/parents/ows.py
fcad4c8d7ff31c612706eaeff968b31f1860c6e5686a075b07f211e5321de638	746	products/P140_BOSA/PRODUCT_RESULT.md
661ccde3eb07d527cfe6bfd61351f109a8c1aa1f3a98c7e3415588ae0ce120f4	97	products/P140_BOSA/README.md
71c3ebcac6393ef4e25902d3e7b60eeaf5ca0c6832dbc6f7f42a2ac152ec9808	762	products/P140_BOSA/test_bosa.py
e3b0c44298fc1c149afbf4c8996fb92427ae41e4649b934ca495991b7852b855	0	products/P141_PCFT/__init__.py
45333eb642742b46c56b918a7df4ba0a47c1d6d8423595e1373e68361bffff9f	873	products/P141_PCFT/BENCHMARK_RESULT.json
f44e9cefd1c421de4fe0549cf9abf93c288ee8b22afcebc78c57f07331af97b5	710	products/P141_PCFT/HISTORICAL_PRODUCT_RESULT.md
3f53c2d5d622f75bb2202db253b459e73f4a7d2270a9aab35d457c0535a2693d	115	products/P141_PCFT/PARENT_PROVENANCE.md
e3b0c44298fc1c149afbf4c8996fb92427ae41e4649b934ca495991b7852b855	0	products/P141_PCFT/parents/__init__.py
5d092171ad54ce2142a46d24a5b57a21eafc7f2afbdf2509377936813bb12fbb	7991	products/P141_PCFT/parents/psct.py
f5acbe618b22bddd6a9aa2f7ad97cdd3fb2fc56cc8f884035c01ce6ded35f5ac	6413	products/P141_PCFT/parents/tdsx.py
87ed0d268fa80d64af24e852d5d941b8133a466eea56dbf46c4621567d3a756a	1237	products/P141_PCFT/pcft.py
f44e9cefd1c421de4fe0549cf9abf93c288ee8b22afcebc78c57f07331af97b5	710	products/P141_PCFT/PRODUCT_RESULT.md
2a66d136681584b8c3b027806a60204fd2f94b8fe983bf3d34dea8c312d21a59	105	products/P141_PCFT/README.md
9c16022fbf4d823cc706e63d130ebcfc4ea4543147317f625f36be782fd57569	1026	products/P141_PCFT/test_pcft.py
e3b0c44298fc1c149afbf4c8996fb92427ae41e4649b934ca495991b7852b855	0	products/P142_BMSA/__init__.py
0b83a174c5de8e554117ddca0462ae64d78383daf7e64e9647b1b15d9e3ac96d	1170	products/P142_BMSA/BENCHMARK_RESULT.json
40dc66fb59980e048d12e6edc9b448bc4a880a9e95005fbbcd20a19f503c5273	1526	products/P142_BMSA/bmsa.py
9672f3189fd91db02f88a57116bc60c7235907cccdfa5c5407c41deee6a7ee86	663	products/P142_BMSA/HISTORICAL_PRODUCT_RESULT.md
4e048e675709741787386c47aa1494928bc1a2192165c98cf0e758415f7e57fc	115	products/P142_BMSA/PARENT_PROVENANCE.md
e3b0c44298fc1c149afbf4c8996fb92427ae41e4649b934ca495991b7852b855	0	products/P142_BMSA/parents/__init__.py
f4a81bf75ab16dff8b3a6eac42ae18d4d6ac84f36715dc476f4f3f275ab7f5ce	5174	products/P142_BMSA/parents/acsa.py
0a1d80cc232d905083b13e678e70f41cf0c05cc244ac73f397bce6fd4f710a18	4721	products/P142_BMSA/parents/mbpf.py
9672f3189fd91db02f88a57116bc60c7235907cccdfa5c5407c41deee6a7ee86	663	products/P142_BMSA/PRODUCT_RESULT.md
c0fe080e3ac48d8acddb11881eefd2a049bb5c941dde747b986329cac594b297	81	products/P142_BMSA/README.md
784e5e700eaadeba1442ea0b6465eb37db7587e318ed9219135a3225b241f4bc	655	products/P142_BMSA/test_bmsa.py
e3b0c44298fc1c149afbf4c8996fb92427ae41e4649b934ca495991b7852b855	0	products/P143_DLIC/__init__.py
fba7277747f2182e788392523e4a55e41b25361e4a66c55736ea13f718cb063e	2994	products/P143_DLIC/BENCHMARK_RESULT.json
c311480d0d2942f69e7ef6a2b5a3e1138afa5f8d56bc5bf09bed45f1982b14b5	1893	products/P143_DLIC/dlic.py
5daf076d6fb3d30c6fcfea86be08492acadeb857daa960992a215b9cc363c283	849	products/P143_DLIC/HISTORICAL_PRODUCT_RESULT.md
552de024f4a130bbdbb4fb196a2f1eb1c53034320141afc7a2f492bf6ec0c608	96	products/P143_DLIC/PARENT_PROVENANCE.md
e3b0c44298fc1c149afbf4c8996fb92427ae41e4649b934ca495991b7852b855	0	products/P143_DLIC/parents/__init__.py
411398bd9facb3ee0ec77c4ff6c1b74caba95abbc0a3fb8bfd6b94866990399b	6358	products/P143_DLIC/parents/lcm.py
78b97bd396f521fddff436e880a8ef25ce845d08d3b94d244b01dbd5afd651fe	4471	products/P143_DLIC/parents/ric.py
5daf076d6fb3d30c6fcfea86be08492acadeb857daa960992a215b9cc363c283	849	products/P143_DLIC/PRODUCT_RESULT.md
4c96cb1a5cb04f8c22b235585678c15654a0f790a18aee6fa5ac923c44c7a4b7	78	products/P143_DLIC/README.md
acaf8a4ab080abc306f95b3e05a889be8a26bb2d57600c9b31874d8bdc2be4cf	1290	products/P143_DLIC/test_dlic.py
e3b0c44298fc1c149afbf4c8996fb92427ae41e4649b934ca495991b7852b855	0	products/P144_DPAI/__init__.py
7d382fbb31bd64bca7ab3863118c2c86a100bf2a8bf24973e10d940702697a76	1038	products/P144_DPAI/BENCHMARK_RESULT.json
9d9ae1ef6ceb84c5ad30def3ffb8dd76284cc80da5f0e2969511e211f3184fcd	1669	products/P144_DPAI/dpai.py
3b8e161275d9866ee0d708ad192a93e3647617355855b725a96b9b8a23db7f3c	775	products/P144_DPAI/HISTORICAL_PRODUCT_RESULT.md
6c67db9794cf1020d77a664555253136d1f1b63ca954ebcb930316bda0a39c3d	113	products/P144_DPAI/PARENT_PROVENANCE.md
e3b0c44298fc1c149afbf4c8996fb92427ae41e4649b934ca495991b7852b855	0	products/P144_DPAI/parents/__init__.py
92b441bb6da18416eefb7adbf8293d1a9783b1ddb2a86e94a6b4b6f3504c7e46	4054	products/P144_DPAI/parents/aicc.py
2d8a8a990db238feaf66bfcd0ad09ca36a775070b4a142b2028ccf84628bafe3	10992	products/P144_DPAI/parents/dfdpe.py
3b8e161275d9866ee0d708ad192a93e3647617355855b725a96b9b8a23db7f3c	775	products/P144_DPAI/PRODUCT_RESULT.md
96e5ca806ed171279d079c966805d96bdeaf30c5e0ace09757cfcc157c7e8091	117	products/P144_DPAI/README.md
0dca8bb2bebc01eab738aee708d400f1b2f1893b7ddbd1c15ccce6c70e5d6d23	1205	products/P144_DPAI/test_dpai.py
e3b0c44298fc1c149afbf4c8996fb92427ae41e4649b934ca495991b7852b855	0	products/P145_RTHA/__init__.py
98a24f89aab82b0208b93f309851d0adb1a513a4dcf0ca47d940e3b77c4d844c	1432	products/P145_RTHA/BENCHMARK_RESULT.json
a506cb2827979873a7062e2be8eaf282761559b110dd4313c3019900fa07af31	658	products/P145_RTHA/HISTORICAL_PRODUCT_RESULT.md
33d01685221eccb468e7e73f0a141f94e648793f9b3f33fa1d821bbe6757f85d	101	products/P145_RTHA/PARENT_PROVENANCE.md
e3b0c44298fc1c149afbf4c8996fb92427ae41e4649b934ca495991b7852b855	0	products/P145_RTHA/parents/__init__.py
f4a81bf75ab16dff8b3a6eac42ae18d4d6ac84f36715dc476f4f3f275ab7f5ce	5174	products/P145_RTHA/parents/acsa.py
c9264228a24f66d23a3f3da303940223e0fd8653418031d5efefabe4b5d9758e	2493	products/P145_RTHA/parents/rto.py
a506cb2827979873a7062e2be8eaf282761559b110dd4313c3019900fa07af31	658	products/P145_RTHA/PRODUCT_RESULT.md
4ae892fcaff87b6ef6055f0c805a52dd502571f94d8f722a396ae4d6904f56c2	61	products/P145_RTHA/README.md
1abbe3c2ae6bf64163d31267fe7233df1a88e034887acf3259dc11bcc159d2ad	1207	products/P145_RTHA/rtha.py
e36dd3e263e72f445b1af609ded748dffb0f01b4ef883c1bff2953d47ea84c2e	1302	products/P145_RTHA/test_rtha.py
71d2416110e25e0a7784d5fd0403201f7b8d454ee1e3df76f0b30ab7b66b9e3a	10624	products/shared_foundry.py
b192f6164529ccf2727e6e58f4f7d5be8e5438144f3ea1eec9e43903004826b6	2810	products/spec_runtime.py
835aa68fc5907f0cec6379c6c11f018df6603ebb0c9905a63f6dc73ab76867af	219	README_FINAL.md
c9d040e427e1ad41854e47ffd9852fb157a99d344637a8d68322cb2de08157d6	29718	regression_summary.json
791a47e448d4d292c2086a29d19ba6b9c75ed182c7ef5c305ffc4f28787d3202	851	run_function_test_module.py
125e72ad712650c06f5743e7be51f555c1e113450f4574b741d92e7860211db8	2492	run_regression.py
0bea86fcffc666eb59c1a90588ba378aaa2180f5ecc37bd47778e37abc8d4ef3	305631	specifications/FOUNDRY_PARENT_INTERFACE_REGISTRY.json
eba887cbb48fa9ce2f54aa344c2f4757637b215e9ff3952a9170f9b08a0564b0	1919	specifications/P002_DCPS/PRODUCT_RESULT.md
c99593c9b09973acb3b8405fd60415f8aca1dcc701d6c6dbaa0d0d4b3c0adcf0	1858	specifications/P003_SANP/BENCHMARK_RESULT.json
9fbe5372191093945198d800f859fbdfecf295c45b087b40db134d412fd34dff	1306	specifications/P003_SANP/PRODUCT_RESULT.md
008cba2b6aa93f6711f242655be1d87b26ab10c3595b2bf2e36e53008f78fedb	3335	specifications/P016_CATR/BENCHMARK_RESULT.json
a2c5d38bf27e73354d8eefe8886e4bbd4a970746cb0b687a4f10a19857051247	1401	specifications/P016_CATR/PRODUCT_RESULT.md
8b0cbcce62a2354f42733849ffeb9bd8387a5698e24b851f081676c544a25477	1563	specifications/P017_RECS/BENCHMARK_RESULT.json
bd9326e419cf0259542760f51499441dd204c8f194fbf5838cbaf2d6b4341e33	695	specifications/P017_RECS/PRODUCT_RESULT.md
33b117bf9122a3d6e5b22600523ef8e99638b5ab11c056583a0a9f5b72481777	1233	specifications/P018_DPCG/BENCHMARK_RESULT.json
205d0ad65a206b4c45c334dc1459fe0a036efb86717e60d3e53430ac50020a3f	627	specifications/P018_DPCG/PRODUCT_RESULT.md
3e3c5de670b371951dc330f8b6bfdca7cef416f938b5e401ac635d37c427a0cc	1786	specifications/P019_DATC/BENCHMARK_RESULT.json
f302082647557b367ecba5af5697692cd26f20cb1c100ae0fe98b163fe53c1bd	595	specifications/P019_DATC/PRODUCT_RESULT.md
7a33ccb1884f2fd52ef68c1acf9698a03ca435fd8fa99f5dccb291b75bdb1801	1258	specifications/P025_IDRE/PRODUCT_RESULT.md
a559009d81abec74924db622ff92ed8ee5fc0ed3df1c5e74365373b52aba9ab7	1050	specifications/P026_DBTE/PRODUCT_RESULT.md
c6815d4da489b70d5e63ab75a79dc071c3f7b9cca9fa87a13f3a4e1699a8e69b	1225	specifications/P027_IDAC/PRODUCT_RESULT.md
bed6a4603589dbd8d1516dd24d24bdb6d462cacaea67ebf7da5d5e5efb8d96d0	1283	specifications/P028_REIS/PRODUCT_RESULT.md
234d7baccfe78370e71d5ff62334b5bfae75e26747a656fa777ff5c94295664e	1273	specifications/P029_RATR/PRODUCT_RESULT.md
30537f89db1bdd6105c0594deef83560e49842c804728defde64419dc6724df9	1313	specifications/P030_FPTE/PRODUCT_RESULT.md
c16f0d5145fe3fe511fea2e7a1b56eddf8437f288b5c44b58cb44b3dd90db981	1697	specifications/P031_EVLT/PRODUCT_RESULT.md
87e05bb37301de97bd7aae4e0cfb58e51c7174d918b3eac7dc7767a9fe306c2f	1634	specifications/P032_SGOT/PRODUCT_RESULT.md
16e4e46500586343a7aa53473004400a9fef45fa58a137041580fc389e8a25e2	1443	specifications/P033_CATF/PRODUCT_RESULT.md
e2e0ab17f50e764b8e1df03f7b412e25671ddb9166185f9d22558d649c669c02	1407	specifications/P034_UGIM/PRODUCT_RESULT.md
e53941ebf82426fe581d08de755265ee3c8482ec954dbbf40b98e1326343a495	1480	specifications/P035_SVCO/PRODUCT_RESULT.md
e54d2168c75701e0eabc41353b5115a0484a7a68ac28bd5494d79db723128400	1343	specifications/P036_MAWT/PRODUCT_RESULT.md
3dd42335a85ae1d7771d0de1eb17b9b0caa552ae70fcb68d3c05be3c6cebebb1	1062	specifications/P037_MCST/PRODUCT_RESULT.md
52796c3cb1962969c933240e13a2f45e908d40c1bab44ef72625ba5b7572e8ec	1337	specifications/P038_LIDA/PRODUCT_RESULT.md
06dcd4b0b401094e0d10ab58b4df8ea5015a397c13c9b0557c3bd403f977201d	1368	specifications/P039_CACF/PRODUCT_RESULT.md
27da494ab5c266f8bbac591b3f18e6868508a7a256bcc6a8a826596373a1ed37	1254	specifications/P040_BAPC/PRODUCT_RESULT.md
76252480b43b2d063be69cea13878dd7c3d108d586549cc8b0675cc7b1a7ae94	1276	specifications/P041_DDER/PRODUCT_RESULT.md
78e47be3ad33b6496087ad7032f96543c7f43dcd26d94be11a34501b3d086faa	1362	specifications/P042_HPMD/PRODUCT_RESULT.md
f437d86fdb3cec1594949b6e8e8c1567efb2d4df041200c829f7bcc83e41705a	830	specifications/P043_DABR/PRODUCT_RESULT.md
3505ab51e2825b7db7adb865885dd4f7053c4f304f0ac05ba692caa04ab742f6	804	specifications/P044_MFTS/PRODUCT_RESULT.md
09d4aad53f11464956b218fed42146134083111833ce14360b4a907dc1bb217e	774	specifications/P045_BDTS/PRODUCT_RESULT.md
b5e057a4a54f310968368d307898c80cdbbcad730835ab6b06342496350a8b3e	793	specifications/P046_DTRC/PRODUCT_RESULT.md
c41fa5690be6c7287a8d36e86885e6421eb09a354532023f415c50864b3b5ff3	787	specifications/P047_RALA/PRODUCT_RESULT.md
01283fd2f911265e699ecbba4b4e26eed86624c85d7552c9425bbdc712084ab4	674	specifications/P048_SARA/PRODUCT_RESULT.md
3570e440338e44b6ff9fc49cd9e3e8b984809fe2fd6a1480bfa8896bbaae75f8	642	specifications/P049_OGRM/PRODUCT_RESULT.md
13e8c4eed9a29f0d5e392b762b104b570f43a06e99674099f3668840bb90c960	735	specifications/P050_CPWT/PRODUCT_RESULT.md
790d31379f06a87844cedb327deb5fa210365658982be1256b3074f01ea1231b	875	specifications/P057_FIAC/PRODUCT_RESULT.md
4dd361dd4194645177f18b3d1484846058dbd5e0340fe676240e2ea6d1f186c6	997	specifications/P058_VLRB/PRODUCT_RESULT.md
23bda12c9f6a7d734b076cb39023a6ed1047cccec8e3aedfec788b3006cf8ce8	714	specifications/P059_SBTE/PRODUCT_RESULT.md
cca5ee25e435f30df6b84ff96f6f5ecf9502fadb940c1454351357d58bf86e1e	858	specifications/P060_PFVT/PRODUCT_RESULT.md
03d31d49770b92688ccb20fb63f448fc033dc5cd2a790acc780d2a4d64d2a840	460	specifications/P061_RSGF/PRODUCT_RESULT.md
2fc4b2e9cd0085f9894b25c64b5c7c243bb3f7afbd23dabe390e869b51c8a8b8	450	specifications/P062_WDTG/PRODUCT_RESULT.md
45c755f7ef0be1b0cd188b98312524fdfa0dfe988c571c43fc84d22009997ea5	459	specifications/P063_RBTE/PRODUCT_RESULT.md
90afa56bf12c0aaee27773374256ddae883aa88675b44f4af6818d7b227060f2	472	specifications/P064_DSGD/PRODUCT_RESULT.md
c03e03aa135905b5aa5c050b1fd81ad7af91fcf5cb151f735291f3293a6580c9	426	specifications/P065_SWTE/PRODUCT_RESULT.md
2d243ba85ca9d4830af583c1da591b2b417a698f07885135d185f70470df9381	482	specifications/P066_PDRE/PRODUCT_RESULT.md
ee8e090dcd35acb2c58442a53a605d1be84e72b2d62dadc1a48b67401661e3b4	398	specifications/P067_DARA/PRODUCT_RESULT.md
7ed74f717d751805e15045745e0551c3087c188a88d338ae01e1f604a479fdbf	387	specifications/P068_RECT/PRODUCT_RESULT.md
8ce2b1d6fc284a24554ef05d6481e823da4642438934580db451fe58fef7693e	1038	specifications/P075_DLAG/PRODUCT_RESULT.md
2e67763e17edec9a54e913509cd9c0472c73bef977d9839e6ffdcca610436f18	2614	specifications/P076_MCFS/PRODUCT_RESULT.md
f22e796b3681139caa5895bb49eee8e03a891525005b472feeed6543ce5cf8bb	1524	specifications/P077_DGMC/PRODUCT_RESULT.md
4588a45e10750eae460e5275926cd47cd7337477d7383231cd51405c88f8ca2a	1210	specifications/P078_IARA/PRODUCT_RESULT.md
cca537188a2c6f0c465e2d6fd35da02dfdf084d2e1e05d0c239191b039ce6e7a	1213	specifications/P079_CBIA/PRODUCT_RESULT.md
70f7d7812d680081a7ae9dec1512fee9a89413ed908756c5edbcd56443715481	1089	specifications/P080_RAMR/PRODUCT_RESULT.md
6d3f87447348908a2c9b6dbe36704615dc22a889ca0bea0ed3a42560ec04586a	2220	specifications/P081_AHSA/PRODUCT_RESULT.md
db15fafce8df2b77d462da1d28cc6881a75cadd3a52654bfa752726fbe9cbedd	399	specifications/P082_CDTS/PRODUCT_RESULT.md
55145f6ae8d3a8c517de073fbd9370e26de6a4be4e2e5e30c4b357e864ba2001	510	specifications/P083_HEAG/PRODUCT_RESULT.md
96f1e10e45d978a1d7e6bc66ae61367462c30fe5838ac11e2b425aea8601f69f	435	specifications/P084_CAVT/PRODUCT_RESULT.md
2b6912574db4058b769678ba2a1777a7715183771a9140239b24162482b32c06	482	specifications/P085_HPCT/PRODUCT_RESULT.md
892851b8aa57ee8d0ee15d657c00e98eac9991796d73d6638a29cb3cd5544750	471	specifications/P086_FPSD/PRODUCT_RESULT.md
01d6c4a02f62e2c73abd4b5049f711ca68b078198d7706054b95808ab6df452f	426	specifications/P087_EVTS/PRODUCT_RESULT.md
cf658e65e18d22aae13a02cda3f55dbaa4604c6f5a2900848949b245f0567dc9	460	specifications/P088_LFTS/PRODUCT_RESULT.md
03e66a1d1b4d62b1f3b77132fe4959999a9a80d44e159171e8d9254feed76893	426	specifications/P089_OCTS/PRODUCT_RESULT.md
f34ca62dacd1d8b722845ed5d22c0fd64bd31d973d071ae32b6ccaa917c3159a	490	specifications/P090_SWDL/PRODUCT_RESULT.md
32b87baad5551ebf87170cd5738a6b39e808e9c4080dd1a602940d9c1b57f156	469	specifications/P091_DCBT/PRODUCT_RESULT.md
6e4ee629d9b1193c1b75667686c9fcce2c6c77a4f9990c62412c9dfdce7c7c19	561	specifications/P092_PDAT/PRODUCT_RESULT.md
085987fc8d53ccdcc91294ef4f76546334b04f5a6de0dc7e016224f4cdea6c09	440	specifications/P093_BMDT/PRODUCT_RESULT.md
fc9574487edf78e70b506defbeff512bd9fdc3498825a5d5578dbb668dbbdb20	563	specifications/P094_OCGS/PRODUCT_RESULT.md
c3ca04c4a1f1775992b970b89ccce13a62d0d80c90a15bb941c00379fb8e29fe	459	specifications/P095_GSSA/PRODUCT_RESULT.md
53214702154ee46b97be0e7caffaac81ad9e1d47d8379169eb5c261d758dbe2d	574	specifications/P096_TRIA/PRODUCT_RESULT.md
0bea46066d3a2d4169f54b9a13009e6a60f81bdfd52423f4ebad8fe7dede6b9f	718	specifications/P097_BDSD/PRODUCT_RESULT.md
6a841a73fd330efca1e2c52975c8ed0a3bef7c64411b22f2d30b3c264412aeee	813	specifications/P098_SAHA/PRODUCT_RESULT.md
5365408a2150ac401d71e721abcfd0d1fa8fbc207e4f9b874382214e9311ef51	852	specifications/P099_CAPA/PRODUCT_RESULT.md
980da7472fc10020b3d4e5db1844d9f9d4d4e372fd2357d647a3ec28e89ebbd7	728	specifications/P100_WICA/PRODUCT_RESULT.md
30c5b2a43c138168389e2a475afb897c2d2dd44057d18576fb6ff3e3dce008a4	802	specifications/P101_PRSW/PRODUCT_RESULT.md
bfb98a452221d36f6d5c170a1b941a1c571e4a3ce5f75e749d8c3ae059fd0e72	934	specifications/P102_LLFD/PRODUCT_RESULT.md
41fc3f7c4eda00e8ff39a9e47be89d52d5d99fc7405e08bf7bc0a5381364924f	733	specifications/P103_CFAI/PRODUCT_RESULT.md
232366e6df5456d83575d379efdbd17fe7f46f44532406c8869fc8adb1c981b1	746	specifications/P104_SGPR/PRODUCT_RESULT.md
2e3c6c1a75f6c2fa325e58fe89943ba7b57f2238fe81ebd59ec883b9c2724996	771	specifications/P105_PRAS/PRODUCT_RESULT.md
35a9e35a2bc0d537106e29341b068078dd1fd851a5f798ffa3004771b5d3da21	734	specifications/P114_HPAC/PRODUCT_RESULT.md
c4a274666b9116cea54a10fcd5c133559dc02fc1b02ec3734ecae07492863753	749	specifications/P115_PAAC/PRODUCT_RESULT.md
8389f17c47b07031db7992fe308259fc114f91285bac7d8a718768d5237aaad3	724	specifications/P116_FCAC/PRODUCT_RESULT.md
14dfac1e145abef923fa074781a7531e725b392a53b7ba6b1d66f9249a5dd4b6	744	specifications/P117_MFAC/PRODUCT_RESULT.md
7b6ece33825e0107ad20be2b54aaaa8333190e6d4ef57d28cc36ce26b846d248	733	specifications/P118_MRAC/PRODUCT_RESULT.md
1be1bf75efebfc06df883f1398c6b6f980ba5a8f3a552555ef253276123a2c91	752	specifications/P119_RAPT/PRODUCT_RESULT.md
53f32af5c96786764acf1a9be075860ce87cddcedd1c04ba0d424b6a32fa9816	781	specifications/P120_PCAR/PRODUCT_RESULT.md
150fbb67f241eb361dbe9b634217bc1bf33cb1f906c5b5fdd0c2fbf5c1d15b99	787	specifications/P121_MSGD/PRODUCT_RESULT.md
39bcb935151337166346bb743a0df32712741a6c6c519bd601708ccc1a05638d	875	specifications/P122_CAGD/PRODUCT_RESULT.md
83d7e71341febab42b210f6d624f227bacfad42bd4c54f5a27588f0a6c2e458b	897	specifications/P123_SCGD/PRODUCT_RESULT.md
961feba1f33083342ca96d81e838989e6ee5d5bff0c0f0edc4a15564ac43fc7d	778	specifications/P124_HCGD/PRODUCT_RESULT.md
b6b4c0da3ef531795388e514045befd99b947aded562a5bbe63127e9cc1f26ce	927	specifications/P125_MIGD/PRODUCT_RESULT.md
71a83b7371a24f929eadd9a01420d062ba1b229b471db8d925c3b634c58ec0f9	741	specifications/P126_TRGD/PRODUCT_RESULT.md
2caac313d8540309a06e106b80608302330122286ef07c1980e71b00075ed470	768	specifications/P127_HPSG/PRODUCT_RESULT.md
093fb12d4549de0510e5494eedefcbd865ae7621ee95cf58d85a692c34a4267e	717	specifications/P128_PPGD/PRODUCT_RESULT.md
b201bc099ec0be7532edff9428c6272fb542480cadc1fb0abc660f6b75540656	695	specifications/P129_LIGD/PRODUCT_RESULT.md
afbca4f6bbba6ad5d4b9b835b12938736a55c4841199d54f590564d9808a8ccd	791	specifications/P130_CRGD/PRODUCT_RESULT.md
544092b299c71056e930ca9325e54ad54f545a06779765e017aa38424a1cc018	717	specifications/P131_OCMA/PRODUCT_RESULT.md
9ed3582002bceb57c365ac4c145cf86ce70158277dcf6ba97533d792f38a2028	741	specifications/P132_CARA/PRODUCT_RESULT.md
2b73ae7b6f6b418c340adbc35193de8f0a9864a9d3c4bfa38e25eba4f6fa12e5	655	specifications/P133_TRRA/PRODUCT_RESULT.md
a462ca33c59b2e8083cae86304ede91be93a7c1301241ff4eceb29c3b64d0bb2	4130	specifications/P134_REIG/BENCHMARK_RESULT.json
f49e1ec3b1960e612f7590d674c98a8d9ebac8a6f881cb260c6ca31a1dcd4488	2052	specifications/P134_REIG/PRODUCT_RESULT.md
53ef67e349172e3f828c8605afe1d6b97f209f4231216cd2cc985929c7608ec0	47426	specifications/PRODUCT_RECONSTRUCTION_INDEX.tsv
