test_aicc_degenerate_observation (test_engines.EngineRepairs.test_aicc_degenerate_observation) ... /Users/mertalituncer/Documents/Codex/2026-09-13/do-x20/outputs/lab-restored/LAC_REPRO_R210/BASE_R401/18_R387_R393_CURRENT_POINT/06_EXACT_WORKTREE/02_FOUNDRY_ALL_PRODUCTS/parent_products/CURRENT_PRODUCTS/IM359_IM014_AICC/aicc.py:86: RuntimeWarning: invalid value encountered in divide
  gain = self.covariance @ h / predictive_variance
FAIL
test_aicc_rejects_negative_noise (test_engines.EngineRepairs.test_aicc_rejects_negative_noise) ... FAIL
test_aicc_rejects_non_psd_belief (test_engines.EngineRepairs.test_aicc_rejects_non_psd_belief) ... FAIL
test_csid_duplicate_failure_ids_rejected (test_engines.EngineRepairs.test_csid_duplicate_failure_ids_rejected) ... FAIL
test_csid_nan_coverage_rejected (test_engines.EngineRepairs.test_csid_nan_coverage_rejected) ... FAIL
test_hfad_empty_edges (test_engines.EngineRepairs.test_hfad_empty_edges) ... ERROR
test_hfad_self_loop_has_zero_boundary (test_engines.EngineRepairs.test_hfad_self_loop_has_zero_boundary) ... FAIL
test_maslov_deep_proof (test_engines.EngineRepairs.test_maslov_deep_proof) ... ERROR
test_maslov_missing_head_rejected (test_engines.EngineRepairs.test_maslov_missing_head_rejected) ... FAIL
test_rel_duplicate_relation_ids_rejected (test_engines.EngineRepairs.test_rel_duplicate_relation_ids_rejected) ... FAIL
test_rel_empty_inputs_explained (test_engines.EngineRepairs.test_rel_empty_inputs_explained) ... FAIL
test_rel_rejects_nan_evidence (test_engines.EngineRepairs.test_rel_rejects_nan_evidence) ... FAIL
test_sacps_explicit_validation_separate (test_engines.EngineRepairs.test_sacps_explicit_validation_separate) ... ERROR
test_sacps_test_data_does_not_select_model (test_engines.EngineRepairs.test_sacps_test_data_does_not_select_model) ... FAIL
test_spec_audit_requires_protected_measurement (test_engines.EngineRepairs.test_spec_audit_requires_protected_measurement) ... FAIL
test_spec_negative_cost_rejected (test_engines.EngineRepairs.test_spec_negative_cost_rejected) ... FAIL

======================================================================
ERROR: test_hfad_empty_edges (test_engines.EngineRepairs.test_hfad_empty_edges)
----------------------------------------------------------------------
Traceback (most recent call last):
  File "/Users/mertalituncer/Documents/Codex/2026-09-13/do-x20/outputs/lab-restored/tests/restoration/test_engines.py", line 47, in test_hfad_empty_edges
    m=load('hfad');r=m.HodgeFlowAttributionDecomposer(np.zeros((2,0))).decompose(np.empty(0));self.assertEqual(r.reconstruction_residual,0)
                     ^^^^^^^^^^^^^^^^^^^^^^^^^^^^^^^^^^^^^^^^^^^^^^^^^^^^^^^^^^^^^^^^^^^^^^^^
  File "/Users/mertalituncer/Documents/Codex/2026-09-13/do-x20/outputs/lab-restored/LAC_REPRO_R210/BASE_R401/18_R387_R393_CURRENT_POINT/06_EXACT_WORKTREE/02_FOUNDRY_ALL_PRODUCTS/parent_products/RETRO_PRODUCTS/R002_C326_HFAD/hfad.py", line 67, in decompose
    reconstruction_residual=float(np.max(np.abs(reconstructed - flow))),
                                  ^^^^^^^^^^^^^^^^^^^^^^^^^^^^^^^^^^^^
  File "/Users/mertalituncer/Documents/Codex/2026-09-13/do-x20/outputs/lab-maintenance/.venv/lib/python3.12/site-packages/numpy/_core/fromnumeric.py", line 3164, in max
    return _wrapreduction(a, np.maximum, 'max', axis, None, out,
           ^^^^^^^^^^^^^^^^^^^^^^^^^^^^^^^^^^^^^^^^^^^^^^^^^^^^^
  File "/Users/mertalituncer/Documents/Codex/2026-09-13/do-x20/outputs/lab-maintenance/.venv/lib/python3.12/site-packages/numpy/_core/fromnumeric.py", line 86, in _wrapreduction
    return ufunc.reduce(obj, axis, dtype, out, **passkwargs)
           ^^^^^^^^^^^^^^^^^^^^^^^^^^^^^^^^^^^^^^^^^^^^^^^^^
ValueError: zero-size array to reduction operation maximum which has no identity

======================================================================
ERROR: test_maslov_deep_proof (test_engines.EngineRepairs.test_maslov_deep_proof)
----------------------------------------------------------------------
Traceback (most recent call last):
  File "/Users/mertalituncer/Documents/Codex/2026-09-13/do-x20/outputs/lab-restored/tests/restoration/test_engines.py", line 55, in test_maslov_deep_proof
    self.assertTrue(c.evaluate(n,enabled))
                    ^^^^^^^^^^^^^^^^^^^^^
  File "/Users/mertalituncer/Documents/Codex/2026-09-13/do-x20/outputs/lab-restored/LAC_REPRO_R210/ACTIVE_RESEARCH/R207_MASLOV_SYMBOLIC_FAVORABLE_SETS/symbolic_favorable.py", line 123, in evaluate
    return visit(root)
           ^^^^^^^^^^^
  File "/Users/mertalituncer/Documents/Codex/2026-09-13/do-x20/outputs/lab-restored/LAC_REPRO_R210/ACTIVE_RESEARCH/R207_MASLOV_SYMBOLIC_FAVORABLE_SETS/symbolic_favorable.py", line 120, in visit
    return all(visit(child) for child in children)
           ^^^^^^^^^^^^^^^^^^^^^^^^^^^^^^^^^^^^^^^
  File "/Users/mertalituncer/Documents/Codex/2026-09-13/do-x20/outputs/lab-restored/LAC_REPRO_R210/ACTIVE_RESEARCH/R207_MASLOV_SYMBOLIC_FAVORABLE_SETS/symbolic_favorable.py", line 120, in <genexpr>
    return all(visit(child) for child in children)
               ^^^^^^^^^^^^
  File "/Users/mertalituncer/Documents/Codex/2026-09-13/do-x20/outputs/lab-restored/LAC_REPRO_R210/ACTIVE_RESEARCH/R207_MASLOV_SYMBOLIC_FAVORABLE_SETS/symbolic_favorable.py", line 121, in visit
    return any(visit(child) for child in children)
           ^^^^^^^^^^^^^^^^^^^^^^^^^^^^^^^^^^^^^^^
  File "/Users/mertalituncer/Documents/Codex/2026-09-13/do-x20/outputs/lab-restored/LAC_REPRO_R210/ACTIVE_RESEARCH/R207_MASLOV_SYMBOLIC_FAVORABLE_SETS/symbolic_favorable.py", line 121, in <genexpr>
    return any(visit(child) for child in children)
               ^^^^^^^^^^^^
  File "/Users/mertalituncer/Documents/Codex/2026-09-13/do-x20/outputs/lab-restored/LAC_REPRO_R210/ACTIVE_RESEARCH/R207_MASLOV_SYMBOLIC_FAVORABLE_SETS/symbolic_favorable.py", line 120, in visit
    return all(visit(child) for child in children)
           ^^^^^^^^^^^^^^^^^^^^^^^^^^^^^^^^^^^^^^^
  File "/Users/mertalituncer/Documents/Codex/2026-09-13/do-x20/outputs/lab-restored/LAC_REPRO_R210/ACTIVE_RESEARCH/R207_MASLOV_SYMBOLIC_FAVORABLE_SETS/symbolic_favorable.py", line 120, in <genexpr>
    return all(visit(child) for child in children)
               ^^^^^^^^^^^^
  File "/Users/mertalituncer/Documents/Codex/2026-09-13/do-x20/outputs/lab-restored/LAC_REPRO_R210/ACTIVE_RESEARCH/R207_MASLOV_SYMBOLIC_FAVORABLE_SETS/symbolic_favorable.py", line 121, in visit
    return any(visit(child) for child in children)
           ^^^^^^^^^^^^^^^^^^^^^^^^^^^^^^^^^^^^^^^
  File "/Users/mertalituncer/Documents/Codex/2026-09-13/do-x20/outputs/lab-restored/LAC_REPRO_R210/ACTIVE_RESEARCH/R207_MASLOV_SYMBOLIC_FAVORABLE_SETS/symbolic_favorable.py", line 121, in <genexpr>
    return any(visit(child) for child in children)
               ^^^^^^^^^^^^
  File "/Users/mertalituncer/Documents/Codex/2026-09-13/do-x20/outputs/lab-restored/LAC_REPRO_R210/ACTIVE_RESEARCH/R207_MASLOV_SYMBOLIC_FAVORABLE_SETS/symbolic_favorable.py", line 120, in visit
    return all(visit(child) for child in children)
           ^^^^^^^^^^^^^^^^^^^^^^^^^^^^^^^^^^^^^^^
  File "/Users/mertalituncer/Documents/Codex/2026-09-13/do-x20/outputs/lab-restored/LAC_REPRO_R210/ACTIVE_RESEARCH/R207_MASLOV_SYMBOLIC_FAVORABLE_SETS/symbolic_favorable.py", line 120, in <genexpr>
    return all(visit(child) for child in children)
               ^^^^^^^^^^^^
  File "/Users/mertalituncer/Documents/Codex/2026-09-13/do-x20/outputs/lab-restored/LAC_REPRO_R210/ACTIVE_RESEARCH/R207_MASLOV_SYMBOLIC_FAVORABLE_SETS/symbolic_favorable.py", line 121, in visit
    return any(visit(child) for child in children)
           ^^^^^^^^^^^^^^^^^^^^^^^^^^^^^^^^^^^^^^^
  File "/Users/mertalituncer/Documents/Codex/2026-09-13/do-x20/outputs/lab-restored/LAC_REPRO_R210/ACTIVE_RESEARCH/R207_MASLOV_SYMBOLIC_FAVORABLE_SETS/symbolic_favorable.py", line 121, in <genexpr>
    return any(visit(child) for child in children)
               ^^^^^^^^^^^^
  File "/Users/mertalituncer/Documents/Codex/2026-09-13/do-x20/outputs/lab-restored/LAC_REPRO_R210/ACTIVE_RESEARCH/R207_MASLOV_SYMBOLIC_FAVORABLE_SETS/symbolic_favorable.py", line 120, in visit
    return all(visit(child) for child in children)
           ^^^^^^^^^^^^^^^^^^^^^^^^^^^^^^^^^^^^^^^
  File "/Users/mertalituncer/Documents/Codex/2026-09-13/do-x20/outputs/lab-restored/LAC_REPRO_R210/ACTIVE_RESEARCH/R207_MASLOV_SYMBOLIC_FAVORABLE_SETS/symbolic_favorable.py", line 120, in <genexpr>
    return all(visit(child) for child in children)
               ^^^^^^^^^^^^
  File "/Users/mertalituncer/Documents/Codex/2026-09-13/do-x20/outputs/lab-restored/LAC_REPRO_R210/ACTIVE_RESEARCH/R207_MASLOV_SYMBOLIC_FAVORABLE_SETS/symbolic_favorable.py", line 121, in visit
    return any(visit(child) for child in children)
           ^^^^^^^^^^^^^^^^^^^^^^^^^^^^^^^^^^^^^^^
  File "/Users/mertalituncer/Documents/Codex/2026-09-13/do-x20/outputs/lab-restored/LAC_REPRO_R210/ACTIVE_RESEARCH/R207_MASLOV_SYMBOLIC_FAVORABLE_SETS/symbolic_favorable.py", line 121, in <genexpr>
    return any(visit(child) for child in children)
               ^^^^^^^^^^^^
  File "/Users/mertalituncer/Documents/Codex/2026-09-13/do-x20/outputs/lab-restored/LAC_REPRO_R210/ACTIVE_RESEARCH/R207_MASLOV_SYMBOLIC_FAVORABLE_SETS/symbolic_favorable.py", line 120, in visit
    return all(visit(child) for child in children)
           ^^^^^^^^^^^^^^^^^^^^^^^^^^^^^^^^^^^^^^^
  File "/Users/mertalituncer/Documents/Codex/2026-09-13/do-x20/outputs/lab-restored/LAC_REPRO_R210/ACTIVE_RESEARCH/R207_MASLOV_SYMBOLIC_FAVORABLE_SETS/symbolic_favorable.py", line 120, in <genexpr>
    return all(visit(child) for child in children)
               ^^^^^^^^^^^^
  File "/Users/mertalituncer/Documents/Codex/2026-09-13/do-x20/outputs/lab-restored/LAC_REPRO_R210/ACTIVE_RESEARCH/R207_MASLOV_SYMBOLIC_FAVORABLE_SETS/symbolic_favorable.py", line 121, in visit
    return any(visit(child) for child in children)
           ^^^^^^^^^^^^^^^^^^^^^^^^^^^^^^^^^^^^^^^
  File "/Users/mertalituncer/Documents/Codex/2026-09-13/do-x20/outputs/lab-restored/LAC_REPRO_R210/ACTIVE_RESEARCH/R207_MASLOV_SYMBOLIC_FAVORABLE_SETS/symbolic_favorable.py", line 121, in <genexpr>
    return any(visit(child) for child in children)
               ^^^^^^^^^^^^
  File "/Users/mertalituncer/Documents/Codex/2026-09-13/do-x20/outputs/lab-restored/LAC_REPRO_R210/ACTIVE_RESEARCH/R207_MASLOV_SYMBOLIC_FAVORABLE_SETS/symbolic_favorable.py", line 120, in visit
    return all(visit(child) for child in children)
           ^^^^^^^^^^^^^^^^^^^^^^^^^^^^^^^^^^^^^^^
  File "/Users/mertalituncer/Documents/Codex/2026-09-13/do-x20/outputs/lab-restored/LAC_REPRO_R210/ACTIVE_RESEARCH/R207_MASLOV_SYMBOLIC_FAVORABLE_SETS/symbolic_favorable.py", line 120, in <genexpr>
    return all(visit(child) for child in children)
               ^^^^^^^^^^^^
  File "/Users/mertalituncer/Documents/Codex/2026-09-13/do-x20/outputs/lab-restored/LAC_REPRO_R210/ACTIVE_RESEARCH/R207_MASLOV_SYMBOLIC_FAVORABLE_SETS/symbolic_favorable.py", line 121, in visit
    return any(visit(child) for child in children)
           ^^^^^^^^^^^^^^^^^^^^^^^^^^^^^^^^^^^^^^^
  File "/Users/mertalituncer/Documents/Codex/2026-09-13/do-x20/outputs/lab-restored/LAC_REPRO_R210/ACTIVE_RESEARCH/R207_MASLOV_SYMBOLIC_FAVORABLE_SETS/symbolic_favorable.py", line 121, in <genexpr>
    return any(visit(child) for child in children)
               ^^^^^^^^^^^^
  File "/Users/mertalituncer/Documents/Codex/2026-09-13/do-x20/outputs/lab-restored/LAC_REPRO_R210/ACTIVE_RESEARCH/R207_MASLOV_SYMBOLIC_FAVORABLE_SETS/symbolic_favorable.py", line 120, in visit
    return all(visit(child) for child in children)
           ^^^^^^^^^^^^^^^^^^^^^^^^^^^^^^^^^^^^^^^
  File "/Users/mertalituncer/Documents/Codex/2026-09-13/do-x20/outputs/lab-restored/LAC_REPRO_R210/ACTIVE_RESEARCH/R207_MASLOV_SYMBOLIC_FAVORABLE_SETS/symbolic_favorable.py", line 120, in <genexpr>
    return all(visit(child) for child in children)
               ^^^^^^^^^^^^
  File "/Users/mertalituncer/Documents/Codex/2026-09-13/do-x20/outputs/lab-restored/LAC_REPRO_R210/ACTIVE_RESEARCH/R207_MASLOV_SYMBOLIC_FAVORABLE_SETS/symbolic_favorable.py", line 121, in visit
    return any(visit(child) for child in children)
           ^^^^^^^^^^^^^^^^^^^^^^^^^^^^^^^^^^^^^^^
  File "/Users/mertalituncer/Documents/Codex/2026-09-13/do-x20/outputs/lab-restored/LAC_REPRO_R210/ACTIVE_RESEARCH/R207_MASLOV_SYMBOLIC_FAVORABLE_SETS/symbolic_favorable.py", line 121, in <genexpr>
    return any(visit(child) for child in children)
               ^^^^^^^^^^^^
  File "/Users/mertalituncer/Documents/Codex/2026-09-13/do-x20/outputs/lab-restored/LAC_REPRO_R210/ACTIVE_RESEARCH/R207_MASLOV_SYMBOLIC_FAVORABLE_SETS/symbolic_favorable.py", line 120, in visit
    return all(visit(child) for child in children)
           ^^^^^^^^^^^^^^^^^^^^^^^^^^^^^^^^^^^^^^^
  File "/Users/mertalituncer/Documents/Codex/2026-09-13/do-x20/outputs/lab-restored/LAC_REPRO_R210/ACTIVE_RESEARCH/R207_MASLOV_SYMBOLIC_FAVORABLE_SETS/symbolic_favorable.py", line 120, in <genexpr>
    return all(visit(child) for child in children)
               ^^^^^^^^^^^^
  File "/Users/mertalituncer/Documents/Codex/2026-09-13/do-x20/outputs/lab-restored/LAC_REPRO_R210/ACTIVE_RESEARCH/R207_MASLOV_SYMBOLIC_FAVORABLE_SETS/symbolic_favorable.py", line 121, in visit
    return any(visit(child) for child in children)
           ^^^^^^^^^^^^^^^^^^^^^^^^^^^^^^^^^^^^^^^
  File "/Users/mertalituncer/Documents/Codex/2026-09-13/do-x20/outputs/lab-restored/LAC_REPRO_R210/ACTIVE_RESEARCH/R207_MASLOV_SYMBOLIC_FAVORABLE_SETS/symbolic_favorable.py", line 121, in <genexpr>
    return any(visit(child) for child in children)
               ^^^^^^^^^^^^
  File "/Users/mertalituncer/Documents/Codex/2026-09-13/do-x20/outputs/lab-restored/LAC_REPRO_R210/ACTIVE_RESEARCH/R207_MASLOV_SYMBOLIC_FAVORABLE_SETS/symbolic_favorable.py", line 120, in visit
    return all(visit(child) for child in children)
           ^^^^^^^^^^^^^^^^^^^^^^^^^^^^^^^^^^^^^^^
  File "/Users/mertalituncer/Documents/Codex/2026-09-13/do-x20/outputs/lab-restored/LAC_REPRO_R210/ACTIVE_RESEARCH/R207_MASLOV_SYMBOLIC_FAVORABLE_SETS/symbolic_favorable.py", line 120, in <genexpr>
    return all(visit(child) for child in children)
               ^^^^^^^^^^^^
  File "/Users/mertalituncer/Documents/Codex/2026-09-13/do-x20/outputs/lab-restored/LAC_REPRO_R210/ACTIVE_RESEARCH/R207_MASLOV_SYMBOLIC_FAVORABLE_SETS/symbolic_favorable.py", line 121, in visit
    return any(visit(child) for child in children)
           ^^^^^^^^^^^^^^^^^^^^^^^^^^^^^^^^^^^^^^^
  File "/Users/mertalituncer/Documents/Codex/2026-09-13/do-x20/outputs/lab-restored/LAC_REPRO_R210/ACTIVE_RESEARCH/R207_MASLOV_SYMBOLIC_FAVORABLE_SETS/symbolic_favorable.py", line 121, in <genexpr>
    return any(visit(child) for child in children)
               ^^^^^^^^^^^^
  File "/Users/mertalituncer/Documents/Codex/2026-09-13/do-x20/outputs/lab-restored/LAC_REPRO_R210/ACTIVE_RESEARCH/R207_MASLOV_SYMBOLIC_FAVORABLE_SETS/symbolic_favorable.py", line 120, in visit
    return all(visit(child) for child in children)
           ^^^^^^^^^^^^^^^^^^^^^^^^^^^^^^^^^^^^^^^
  File "/Users/mertalituncer/Documents/Codex/2026-09-13/do-x20/outputs/lab-restored/LAC_REPRO_R210/ACTIVE_RESEARCH/R207_MASLOV_SYMBOLIC_FAVORABLE_SETS/symbolic_favorable.py", line 120, in <genexpr>
    return all(visit(child) for child in children)
               ^^^^^^^^^^^^
  File "/Users/mertalituncer/Documents/Codex/2026-09-13/do-x20/outputs/lab-restored/LAC_REPRO_R210/ACTIVE_RESEARCH/R207_MASLOV_SYMBOLIC_FAVORABLE_SETS/symbolic_favorable.py", line 121, in visit
    return any(visit(child) for child in children)
           ^^^^^^^^^^^^^^^^^^^^^^^^^^^^^^^^^^^^^^^
  File "/Users/mertalituncer/Documents/Codex/2026-09-13/do-x20/outputs/lab-restored/LAC_REPRO_R210/ACTIVE_RESEARCH/R207_MASLOV_SYMBOLIC_FAVORABLE_SETS/symbolic_favorable.py", line 121, in <genexpr>
    return any(visit(child) for child in children)
               ^^^^^^^^^^^^
  File "/Users/mertalituncer/Documents/Codex/2026-09-13/do-x20/outputs/lab-restored/LAC_REPRO_R210/ACTIVE_RESEARCH/R207_MASLOV_SYMBOLIC_FAVORABLE_SETS/symbolic_favorable.py", line 120, in visit
    return all(visit(child) for child in children)
           ^^^^^^^^^^^^^^^^^^^^^^^^^^^^^^^^^^^^^^^
  File "/Users/mertalituncer/Documents/Codex/2026-09-13/do-x20/outputs/lab-restored/LAC_REPRO_R210/ACTIVE_RESEARCH/R207_MASLOV_SYMBOLIC_FAVORABLE_SETS/symbolic_favorable.py", line 120, in <genexpr>
    return all(visit(child) for child in children)
               ^^^^^^^^^^^^
  File "/Users/mertalituncer/Documents/Codex/2026-09-13/do-x20/outputs/lab-restored/LAC_REPRO_R210/ACTIVE_RESEARCH/R207_MASLOV_SYMBOLIC_FAVORABLE_SETS/symbolic_favorable.py", line 121, in visit
    return any(visit(child) for child in children)
           ^^^^^^^^^^^^^^^^^^^^^^^^^^^^^^^^^^^^^^^
  File "/Users/mertalituncer/Documents/Codex/2026-09-13/do-x20/outputs/lab-restored/LAC_REPRO_R210/ACTIVE_RESEARCH/R207_MASLOV_SYMBOLIC_FAVORABLE_SETS/symbolic_favorable.py", line 121, in <genexpr>
    return any(visit(child) for child in children)
               ^^^^^^^^^^^^
  File "/Users/mertalituncer/Documents/Codex/2026-09-13/do-x20/outputs/lab-restored/LAC_REPRO_R210/ACTIVE_RESEARCH/R207_MASLOV_SYMBOLIC_FAVORABLE_SETS/symbolic_favorable.py", line 120, in visit
    return all(visit(child) for child in children)
           ^^^^^^^^^^^^^^^^^^^^^^^^^^^^^^^^^^^^^^^
  File "/Users/mertalituncer/Documents/Codex/2026-09-13/do-x20/outputs/lab-restored/LAC_REPRO_R210/ACTIVE_RESEARCH/R207_MASLOV_SYMBOLIC_FAVORABLE_SETS/symbolic_favorable.py", line 120, in <genexpr>
    return all(visit(child) for child in children)
               ^^^^^^^^^^^^
  File "/Users/mertalituncer/Documents/Codex/2026-09-13/do-x20/outputs/lab-restored/LAC_REPRO_R210/ACTIVE_RESEARCH/R207_MASLOV_SYMBOLIC_FAVORABLE_SETS/symbolic_favorable.py", line 121, in visit
    return any(visit(child) for child in children)
           ^^^^^^^^^^^^^^^^^^^^^^^^^^^^^^^^^^^^^^^
  File "/Users/mertalituncer/Documents/Codex/2026-09-13/do-x20/outputs/lab-restored/LAC_REPRO_R210/ACTIVE_RESEARCH/R207_MASLOV_SYMBOLIC_FAVORABLE_SETS/symbolic_favorable.py", line 121, in <genexpr>
    return any(visit(child) for child in children)
               ^^^^^^^^^^^^
  File "/Users/mertalituncer/Documents/Codex/2026-09-13/do-x20/outputs/lab-restored/LAC_REPRO_R210/ACTIVE_RESEARCH/R207_MASLOV_SYMBOLIC_FAVORABLE_SETS/symbolic_favorable.py", line 120, in visit
    return all(visit(child) for child in children)
           ^^^^^^^^^^^^^^^^^^^^^^^^^^^^^^^^^^^^^^^
  File "/Users/mertalituncer/Documents/Codex/2026-09-13/do-x20/outputs/lab-restored/LAC_REPRO_R210/ACTIVE_RESEARCH/R207_MASLOV_SYMBOLIC_FAVORABLE_SETS/symbolic_favorable.py", line 120, in <genexpr>
    return all(visit(child) for child in children)
               ^^^^^^^^^^^^
  File "/Users/mertalituncer/Documents/Codex/2026-09-13/do-x20/outputs/lab-restored/LAC_REPRO_R210/ACTIVE_RESEARCH/R207_MASLOV_SYMBOLIC_FAVORABLE_SETS/symbolic_favorable.py", line 121, in visit
    return any(visit(child) for child in children)
           ^^^^^^^^^^^^^^^^^^^^^^^^^^^^^^^^^^^^^^^
  File "/Users/mertalituncer/Documents/Codex/2026-09-13/do-x20/outputs/lab-restored/LAC_REPRO_R210/ACTIVE_RESEARCH/R207_MASLOV_SYMBOLIC_FAVORABLE_SETS/symbolic_favorable.py", line 121, in <genexpr>
    return any(visit(child) for child in children)
               ^^^^^^^^^^^^
  File "/Users/mertalituncer/Documents/Codex/2026-09-13/do-x20/outputs/lab-restored/LAC_REPRO_R210/ACTIVE_RESEARCH/R207_MASLOV_SYMBOLIC_FAVORABLE_SETS/symbolic_favorable.py", line 120, in visit
    return all(visit(child) for child in children)
           ^^^^^^^^^^^^^^^^^^^^^^^^^^^^^^^^^^^^^^^
  File "/Users/mertalituncer/Documents/Codex/2026-09-13/do-x20/outputs/lab-restored/LAC_REPRO_R210/ACTIVE_RESEARCH/R207_MASLOV_SYMBOLIC_FAVORABLE_SETS/symbolic_favorable.py", line 120, in <genexpr>
    return all(visit(child) for child in children)
               ^^^^^^^^^^^^
  File "/Users/mertalituncer/Documents/Codex/2026-09-13/do-x20/outputs/lab-restored/LAC_REPRO_R210/ACTIVE_RESEARCH/R207_MASLOV_SYMBOLIC_FAVORABLE_SETS/symbolic_favorable.py", line 121, in visit
    return any(visit(child) for child in children)
           ^^^^^^^^^^^^^^^^^^^^^^^^^^^^^^^^^^^^^^^
  File "/Users/mertalituncer/Documents/Codex/2026-09-13/do-x20/outputs/lab-restored/LAC_REPRO_R210/ACTIVE_RESEARCH/R207_MASLOV_SYMBOLIC_FAVORABLE_SETS/symbolic_favorable.py", line 121, in <genexpr>
    return any(visit(child) for child in children)
               ^^^^^^^^^^^^
  File "/Users/mertalituncer/Documents/Codex/2026-09-13/do-x20/outputs/lab-restored/LAC_REPRO_R210/ACTIVE_RESEARCH/R207_MASLOV_SYMBOLIC_FAVORABLE_SETS/symbolic_favorable.py", line 120, in visit
    return all(visit(child) for child in children)
           ^^^^^^^^^^^^^^^^^^^^^^^^^^^^^^^^^^^^^^^
  File "/Users/mertalituncer/Documents/Codex/2026-09-13/do-x20/outputs/lab-restored/LAC_REPRO_R210/ACTIVE_RESEARCH/R207_MASLOV_SYMBOLIC_FAVORABLE_SETS/symbolic_favorable.py", line 120, in <genexpr>
    return all(visit(child) for child in children)
               ^^^^^^^^^^^^
  File "/Users/mertalituncer/Documents/Codex/2026-09-13/do-x20/outputs/lab-restored/LAC_REPRO_R210/ACTIVE_RESEARCH/R207_MASLOV_SYMBOLIC_FAVORABLE_SETS/symbolic_favorable.py", line 121, in visit
    return any(visit(child) for child in children)
           ^^^^^^^^^^^^^^^^^^^^^^^^^^^^^^^^^^^^^^^
  File "/Users/mertalituncer/Documents/Codex/2026-09-13/do-x20/outputs/lab-restored/LAC_REPRO_R210/ACTIVE_RESEARCH/R207_MASLOV_SYMBOLIC_FAVORABLE_SETS/symbolic_favorable.py", line 121, in <genexpr>
    return any(visit(child) for child in children)
               ^^^^^^^^^^^^
  File "/Users/mertalituncer/Documents/Codex/2026-09-13/do-x20/outputs/lab-restored/LAC_REPRO_R210/ACTIVE_RESEARCH/R207_MASLOV_SYMBOLIC_FAVORABLE_SETS/symbolic_favorable.py", line 120, in visit
    return all(visit(child) for child in children)
           ^^^^^^^^^^^^^^^^^^^^^^^^^^^^^^^^^^^^^^^
  File "/Users/mertalituncer/Documents/Codex/2026-09-13/do-x20/outputs/lab-restored/LAC_REPRO_R210/ACTIVE_RESEARCH/R207_MASLOV_SYMBOLIC_FAVORABLE_SETS/symbolic_favorable.py", line 120, in <genexpr>
    return all(visit(child) for child in children)
               ^^^^^^^^^^^^
  File "/Users/mertalituncer/Documents/Codex/2026-09-13/do-x20/outputs/lab-restored/LAC_REPRO_R210/ACTIVE_RESEARCH/R207_MASLOV_SYMBOLIC_FAVORABLE_SETS/symbolic_favorable.py", line 121, in visit
    return any(visit(child) for child in children)
           ^^^^^^^^^^^^^^^^^^^^^^^^^^^^^^^^^^^^^^^
  File "/Users/mertalituncer/Documents/Codex/2026-09-13/do-x20/outputs/lab-restored/LAC_REPRO_R210/ACTIVE_RESEARCH/R207_MASLOV_SYMBOLIC_FAVORABLE_SETS/symbolic_favorable.py", line 121, in <genexpr>
    return any(visit(child) for child in children)
               ^^^^^^^^^^^^
  File "/Users/mertalituncer/Documents/Codex/2026-09-13/do-x20/outputs/lab-restored/LAC_REPRO_R210/ACTIVE_RESEARCH/R207_MASLOV_SYMBOLIC_FAVORABLE_SETS/symbolic_favorable.py", line 120, in visit
    return all(visit(child) for child in children)
           ^^^^^^^^^^^^^^^^^^^^^^^^^^^^^^^^^^^^^^^
  File "/Users/mertalituncer/Documents/Codex/2026-09-13/do-x20/outputs/lab-restored/LAC_REPRO_R210/ACTIVE_RESEARCH/R207_MASLOV_SYMBOLIC_FAVORABLE_SETS/symbolic_favorable.py", line 120, in <genexpr>
    return all(visit(child) for child in children)
               ^^^^^^^^^^^^
  File "/Users/mertalituncer/Documents/Codex/2026-09-13/do-x20/outputs/lab-restored/LAC_REPRO_R210/ACTIVE_RESEARCH/R207_MASLOV_SYMBOLIC_FAVORABLE_SETS/symbolic_favorable.py", line 121, in visit
    return any(visit(child) for child in children)
           ^^^^^^^^^^^^^^^^^^^^^^^^^^^^^^^^^^^^^^^
  File "/Users/mertalituncer/Documents/Codex/2026-09-13/do-x20/outputs/lab-restored/LAC_REPRO_R210/ACTIVE_RESEARCH/R207_MASLOV_SYMBOLIC_FAVORABLE_SETS/symbolic_favorable.py", line 121, in <genexpr>
    return any(visit(child) for child in children)
               ^^^^^^^^^^^^
  File "/Users/mertalituncer/Documents/Codex/2026-09-13/do-x20/outputs/lab-restored/LAC_REPRO_R210/ACTIVE_RESEARCH/R207_MASLOV_SYMBOLIC_FAVORABLE_SETS/symbolic_favorable.py", line 120, in visit
    return all(visit(child) for child in children)
           ^^^^^^^^^^^^^^^^^^^^^^^^^^^^^^^^^^^^^^^
  File "/Users/mertalituncer/Documents/Codex/2026-09-13/do-x20/outputs/lab-restored/LAC_REPRO_R210/ACTIVE_RESEARCH/R207_MASLOV_SYMBOLIC_FAVORABLE_SETS/symbolic_favorable.py", line 120, in <genexpr>
    return all(visit(child) for child in children)
               ^^^^^^^^^^^^
  File "/Users/mertalituncer/Documents/Codex/2026-09-13/do-x20/outputs/lab-restored/LAC_REPRO_R210/ACTIVE_RESEARCH/R207_MASLOV_SYMBOLIC_FAVORABLE_SETS/symbolic_favorable.py", line 121, in visit
    return any(visit(child) for child in children)
           ^^^^^^^^^^^^^^^^^^^^^^^^^^^^^^^^^^^^^^^
  File "/Users/mertalituncer/Documents/Codex/2026-09-13/do-x20/outputs/lab-restored/LAC_REPRO_R210/ACTIVE_RESEARCH/R207_MASLOV_SYMBOLIC_FAVORABLE_SETS/symbolic_favorable.py", line 121, in <genexpr>
    return any(visit(child) for child in children)
               ^^^^^^^^^^^^
  File "/Users/mertalituncer/Documents/Codex/2026-09-13/do-x20/outputs/lab-restored/LAC_REPRO_R210/ACTIVE_RESEARCH/R207_MASLOV_SYMBOLIC_FAVORABLE_SETS/symbolic_favorable.py", line 120, in visit
    return all(visit(child) for child in children)
           ^^^^^^^^^^^^^^^^^^^^^^^^^^^^^^^^^^^^^^^
  File "/Users/mertalituncer/Documents/Codex/2026-09-13/do-x20/outputs/lab-restored/LAC_REPRO_R210/ACTIVE_RESEARCH/R207_MASLOV_SYMBOLIC_FAVORABLE_SETS/symbolic_favorable.py", line 120, in <genexpr>
    return all(visit(child) for child in children)
               ^^^^^^^^^^^^
  File "/Users/mertalituncer/Documents/Codex/2026-09-13/do-x20/outputs/lab-restored/LAC_REPRO_R210/ACTIVE_RESEARCH/R207_MASLOV_SYMBOLIC_FAVORABLE_SETS/symbolic_favorable.py", line 121, in visit
    return any(visit(child) for child in children)
           ^^^^^^^^^^^^^^^^^^^^^^^^^^^^^^^^^^^^^^^
  File "/Users/mertalituncer/Documents/Codex/2026-09-13/do-x20/outputs/lab-restored/LAC_REPRO_R210/ACTIVE_RESEARCH/R207_MASLOV_SYMBOLIC_FAVORABLE_SETS/symbolic_favorable.py", line 121, in <genexpr>
    return any(visit(child) for child in children)
               ^^^^^^^^^^^^
  File "/Users/mertalituncer/Documents/Codex/2026-09-13/do-x20/outputs/lab-restored/LAC_REPRO_R210/ACTIVE_RESEARCH/R207_MASLOV_SYMBOLIC_FAVORABLE_SETS/symbolic_favorable.py", line 120, in visit
    return all(visit(child) for child in children)
           ^^^^^^^^^^^^^^^^^^^^^^^^^^^^^^^^^^^^^^^
  File "/Users/mertalituncer/Documents/Codex/2026-09-13/do-x20/outputs/lab-restored/LAC_REPRO_R210/ACTIVE_RESEARCH/R207_MASLOV_SYMBOLIC_FAVORABLE_SETS/symbolic_favorable.py", line 120, in <genexpr>
    return all(visit(child) for child in children)
               ^^^^^^^^^^^^
  File "/Users/mertalituncer/Documents/Codex/2026-09-13/do-x20/outputs/lab-restored/LAC_REPRO_R210/ACTIVE_RESEARCH/R207_MASLOV_SYMBOLIC_FAVORABLE_SETS/symbolic_favorable.py", line 121, in visit
    return any(visit(child) for child in children)
           ^^^^^^^^^^^^^^^^^^^^^^^^^^^^^^^^^^^^^^^
  File "/Users/mertalituncer/Documents/Codex/2026-09-13/do-x20/outputs/lab-restored/LAC_REPRO_R210/ACTIVE_RESEARCH/R207_MASLOV_SYMBOLIC_FAVORABLE_SETS/symbolic_favorable.py", line 121, in <genexpr>
    return any(visit(child) for child in children)
               ^^^^^^^^^^^^
  File "/Users/mertalituncer/Documents/Codex/2026-09-13/do-x20/outputs/lab-restored/LAC_REPRO_R210/ACTIVE_RESEARCH/R207_MASLOV_SYMBOLIC_FAVORABLE_SETS/symbolic_favorable.py", line 120, in visit
    return all(visit(child) for child in children)
           ^^^^^^^^^^^^^^^^^^^^^^^^^^^^^^^^^^^^^^^
  File "/Users/mertalituncer/Documents/Codex/2026-09-13/do-x20/outputs/lab-restored/LAC_REPRO_R210/ACTIVE_RESEARCH/R207_MASLOV_SYMBOLIC_FAVORABLE_SETS/symbolic_favorable.py", line 120, in <genexpr>
    return all(visit(child) for child in children)
               ^^^^^^^^^^^^
  File "/Users/mertalituncer/Documents/Codex/2026-09-13/do-x20/outputs/lab-restored/LAC_REPRO_R210/ACTIVE_RESEARCH/R207_MASLOV_SYMBOLIC_FAVORABLE_SETS/symbolic_favorable.py", line 121, in visit
    return any(visit(child) for child in children)
           ^^^^^^^^^^^^^^^^^^^^^^^^^^^^^^^^^^^^^^^
  File "/Users/mertalituncer/Documents/Codex/2026-09-13/do-x20/outputs/lab-restored/LAC_REPRO_R210/ACTIVE_RESEARCH/R207_MASLOV_SYMBOLIC_FAVORABLE_SETS/symbolic_favorable.py", line 121, in <genexpr>
    return any(visit(child) for child in children)
               ^^^^^^^^^^^^
  File "/Users/mertalituncer/Documents/Codex/2026-09-13/do-x20/outputs/lab-restored/LAC_REPRO_R210/ACTIVE_RESEARCH/R207_MASLOV_SYMBOLIC_FAVORABLE_SETS/symbolic_favorable.py", line 120, in visit
    return all(visit(child) for child in children)
           ^^^^^^^^^^^^^^^^^^^^^^^^^^^^^^^^^^^^^^^
  File "/Users/mertalituncer/Documents/Codex/2026-09-13/do-x20/outputs/lab-restored/LAC_REPRO_R210/ACTIVE_RESEARCH/R207_MASLOV_SYMBOLIC_FAVORABLE_SETS/symbolic_favorable.py", line 120, in <genexpr>
    return all(visit(child) for child in children)
               ^^^^^^^^^^^^
  File "/Users/mertalituncer/Documents/Codex/2026-09-13/do-x20/outputs/lab-restored/LAC_REPRO_R210/ACTIVE_RESEARCH/R207_MASLOV_SYMBOLIC_FAVORABLE_SETS/symbolic_favorable.py", line 121, in visit
    return any(visit(child) for child in children)
           ^^^^^^^^^^^^^^^^^^^^^^^^^^^^^^^^^^^^^^^
  File "/Users/mertalituncer/Documents/Codex/2026-09-13/do-x20/outputs/lab-restored/LAC_REPRO_R210/ACTIVE_RESEARCH/R207_MASLOV_SYMBOLIC_FAVORABLE_SETS/symbolic_favorable.py", line 121, in <genexpr>
    return any(visit(child) for child in children)
               ^^^^^^^^^^^^
  File "/Users/mertalituncer/Documents/Codex/2026-09-13/do-x20/outputs/lab-restored/LAC_REPRO_R210/ACTIVE_RESEARCH/R207_MASLOV_SYMBOLIC_FAVORABLE_SETS/symbolic_favorable.py", line 120, in visit
    return all(visit(child) for child in children)
           ^^^^^^^^^^^^^^^^^^^^^^^^^^^^^^^^^^^^^^^
  File "/Users/mertalituncer/Documents/Codex/2026-09-13/do-x20/outputs/lab-restored/LAC_REPRO_R210/ACTIVE_RESEARCH/R207_MASLOV_SYMBOLIC_FAVORABLE_SETS/symbolic_favorable.py", line 120, in <genexpr>
    return all(visit(child) for child in children)
               ^^^^^^^^^^^^
  File "/Users/mertalituncer/Documents/Codex/2026-09-13/do-x20/outputs/lab-restored/LAC_REPRO_R210/ACTIVE_RESEARCH/R207_MASLOV_SYMBOLIC_FAVORABLE_SETS/symbolic_favorable.py", line 121, in visit
    return any(visit(child) for child in children)
           ^^^^^^^^^^^^^^^^^^^^^^^^^^^^^^^^^^^^^^^
  File "/Users/mertalituncer/Documents/Codex/2026-09-13/do-x20/outputs/lab-restored/LAC_REPRO_R210/ACTIVE_RESEARCH/R207_MASLOV_SYMBOLIC_FAVORABLE_SETS/symbolic_favorable.py", line 121, in <genexpr>
    return any(visit(child) for child in children)
               ^^^^^^^^^^^^
  File "/Users/mertalituncer/Documents/Codex/2026-09-13/do-x20/outputs/lab-restored/LAC_REPRO_R210/ACTIVE_RESEARCH/R207_MASLOV_SYMBOLIC_FAVORABLE_SETS/symbolic_favorable.py", line 120, in visit
    return all(visit(child) for child in children)
           ^^^^^^^^^^^^^^^^^^^^^^^^^^^^^^^^^^^^^^^
  File "/Users/mertalituncer/Documents/Codex/2026-09-13/do-x20/outputs/lab-restored/LAC_REPRO_R210/ACTIVE_RESEARCH/R207_MASLOV_SYMBOLIC_FAVORABLE_SETS/symbolic_favorable.py", line 120, in <genexpr>
    return all(visit(child) for child in children)
               ^^^^^^^^^^^^
  File "/Users/mertalituncer/Documents/Codex/2026-09-13/do-x20/outputs/lab-restored/LAC_REPRO_R210/ACTIVE_RESEARCH/R207_MASLOV_SYMBOLIC_FAVORABLE_SETS/symbolic_favorable.py", line 121, in visit
    return any(visit(child) for child in children)
           ^^^^^^^^^^^^^^^^^^^^^^^^^^^^^^^^^^^^^^^
  File "/Users/mertalituncer/Documents/Codex/2026-09-13/do-x20/outputs/lab-restored/LAC_REPRO_R210/ACTIVE_RESEARCH/R207_MASLOV_SYMBOLIC_FAVORABLE_SETS/symbolic_favorable.py", line 121, in <genexpr>
    return any(visit(child) for child in children)
               ^^^^^^^^^^^^
  File "/Users/mertalituncer/Documents/Codex/2026-09-13/do-x20/outputs/lab-restored/LAC_REPRO_R210/ACTIVE_RESEARCH/R207_MASLOV_SYMBOLIC_FAVORABLE_SETS/symbolic_favorable.py", line 120, in visit
    return all(visit(child) for child in children)
           ^^^^^^^^^^^^^^^^^^^^^^^^^^^^^^^^^^^^^^^
  File "/Users/mertalituncer/Documents/Codex/2026-09-13/do-x20/outputs/lab-restored/LAC_REPRO_R210/ACTIVE_RESEARCH/R207_MASLOV_SYMBOLIC_FAVORABLE_SETS/symbolic_favorable.py", line 120, in <genexpr>
    return all(visit(child) for child in children)
               ^^^^^^^^^^^^
  File "/Users/mertalituncer/Documents/Codex/2026-09-13/do-x20/outputs/lab-restored/LAC_REPRO_R210/ACTIVE_RESEARCH/R207_MASLOV_SYMBOLIC_FAVORABLE_SETS/symbolic_favorable.py", line 121, in visit
    return any(visit(child) for child in children)
           ^^^^^^^^^^^^^^^^^^^^^^^^^^^^^^^^^^^^^^^
  File "/Users/mertalituncer/Documents/Codex/2026-09-13/do-x20/outputs/lab-restored/LAC_REPRO_R210/ACTIVE_RESEARCH/R207_MASLOV_SYMBOLIC_FAVORABLE_SETS/symbolic_favorable.py", line 121, in <genexpr>
    return any(visit(child) for child in children)
               ^^^^^^^^^^^^
  File "/Users/mertalituncer/Documents/Codex/2026-09-13/do-x20/outputs/lab-restored/LAC_REPRO_R210/ACTIVE_RESEARCH/R207_MASLOV_SYMBOLIC_FAVORABLE_SETS/symbolic_favorable.py", line 120, in visit
    return all(visit(child) for child in children)
           ^^^^^^^^^^^^^^^^^^^^^^^^^^^^^^^^^^^^^^^
  File "/Users/mertalituncer/Documents/Codex/2026-09-13/do-x20/outputs/lab-restored/LAC_REPRO_R210/ACTIVE_RESEARCH/R207_MASLOV_SYMBOLIC_FAVORABLE_SETS/symbolic_favorable.py", line 120, in <genexpr>
    return all(visit(child) for child in children)
               ^^^^^^^^^^^^
  File "/Users/mertalituncer/Documents/Codex/2026-09-13/do-x20/outputs/lab-restored/LAC_REPRO_R210/ACTIVE_RESEARCH/R207_MASLOV_SYMBOLIC_FAVORABLE_SETS/symbolic_favorable.py", line 121, in visit
    return any(visit(child) for child in children)
           ^^^^^^^^^^^^^^^^^^^^^^^^^^^^^^^^^^^^^^^
  File "/Users/mertalituncer/Documents/Codex/2026-09-13/do-x20/outputs/lab-restored/LAC_REPRO_R210/ACTIVE_RESEARCH/R207_MASLOV_SYMBOLIC_FAVORABLE_SETS/symbolic_favorable.py", line 121, in <genexpr>
    return any(visit(child) for child in children)
               ^^^^^^^^^^^^
  File "/Users/mertalituncer/Documents/Codex/2026-09-13/do-x20/outputs/lab-restored/LAC_REPRO_R210/ACTIVE_RESEARCH/R207_MASLOV_SYMBOLIC_FAVORABLE_SETS/symbolic_favorable.py", line 120, in visit
    return all(visit(child) for child in children)
           ^^^^^^^^^^^^^^^^^^^^^^^^^^^^^^^^^^^^^^^
  File "/Users/mertalituncer/Documents/Codex/2026-09-13/do-x20/outputs/lab-restored/LAC_REPRO_R210/ACTIVE_RESEARCH/R207_MASLOV_SYMBOLIC_FAVORABLE_SETS/symbolic_favorable.py", line 120, in <genexpr>
    return all(visit(child) for child in children)
               ^^^^^^^^^^^^
  File "/Users/mertalituncer/Documents/Codex/2026-09-13/do-x20/outputs/lab-restored/LAC_REPRO_R210/ACTIVE_RESEARCH/R207_MASLOV_SYMBOLIC_FAVORABLE_SETS/symbolic_favorable.py", line 121, in visit
    return any(visit(child) for child in children)
           ^^^^^^^^^^^^^^^^^^^^^^^^^^^^^^^^^^^^^^^
  File "/Users/mertalituncer/Documents/Codex/2026-09-13/do-x20/outputs/lab-restored/LAC_REPRO_R210/ACTIVE_RESEARCH/R207_MASLOV_SYMBOLIC_FAVORABLE_SETS/symbolic_favorable.py", line 121, in <genexpr>
    return any(visit(child) for child in children)
               ^^^^^^^^^^^^
  File "/Users/mertalituncer/Documents/Codex/2026-09-13/do-x20/outputs/lab-restored/LAC_REPRO_R210/ACTIVE_RESEARCH/R207_MASLOV_SYMBOLIC_FAVORABLE_SETS/symbolic_favorable.py", line 120, in visit
    return all(visit(child) for child in children)
           ^^^^^^^^^^^^^^^^^^^^^^^^^^^^^^^^^^^^^^^
  File "/Users/mertalituncer/Documents/Codex/2026-09-13/do-x20/outputs/lab-restored/LAC_REPRO_R210/ACTIVE_RESEARCH/R207_MASLOV_SYMBOLIC_FAVORABLE_SETS/symbolic_favorable.py", line 120, in <genexpr>
    return all(visit(child) for child in children)
               ^^^^^^^^^^^^
  File "/Users/mertalituncer/Documents/Codex/2026-09-13/do-x20/outputs/lab-restored/LAC_REPRO_R210/ACTIVE_RESEARCH/R207_MASLOV_SYMBOLIC_FAVORABLE_SETS/symbolic_favorable.py", line 121, in visit
    return any(visit(child) for child in children)
           ^^^^^^^^^^^^^^^^^^^^^^^^^^^^^^^^^^^^^^^
  File "/Users/mertalituncer/Documents/Codex/2026-09-13/do-x20/outputs/lab-restored/LAC_REPRO_R210/ACTIVE_RESEARCH/R207_MASLOV_SYMBOLIC_FAVORABLE_SETS/symbolic_favorable.py", line 121, in <genexpr>
    return any(visit(child) for child in children)
               ^^^^^^^^^^^^
  File "/Users/mertalituncer/Documents/Codex/2026-09-13/do-x20/outputs/lab-restored/LAC_REPRO_R210/ACTIVE_RESEARCH/R207_MASLOV_SYMBOLIC_FAVORABLE_SETS/symbolic_favorable.py", line 120, in visit
    return all(visit(child) for child in children)
           ^^^^^^^^^^^^^^^^^^^^^^^^^^^^^^^^^^^^^^^
  File "/Users/mertalituncer/Documents/Codex/2026-09-13/do-x20/outputs/lab-restored/LAC_REPRO_R210/ACTIVE_RESEARCH/R207_MASLOV_SYMBOLIC_FAVORABLE_SETS/symbolic_favorable.py", line 120, in <genexpr>
    return all(visit(child) for child in children)
               ^^^^^^^^^^^^
  File "/Users/mertalituncer/Documents/Codex/2026-09-13/do-x20/outputs/lab-restored/LAC_REPRO_R210/ACTIVE_RESEARCH/R207_MASLOV_SYMBOLIC_FAVORABLE_SETS/symbolic_favorable.py", line 121, in visit
    return any(visit(child) for child in children)
           ^^^^^^^^^^^^^^^^^^^^^^^^^^^^^^^^^^^^^^^
  File "/Users/mertalituncer/Documents/Codex/2026-09-13/do-x20/outputs/lab-restored/LAC_REPRO_R210/ACTIVE_RESEARCH/R207_MASLOV_SYMBOLIC_FAVORABLE_SETS/symbolic_favorable.py", line 121, in <genexpr>
    return any(visit(child) for child in children)
               ^^^^^^^^^^^^
  File "/Users/mertalituncer/Documents/Codex/2026-09-13/do-x20/outputs/lab-restored/LAC_REPRO_R210/ACTIVE_RESEARCH/R207_MASLOV_SYMBOLIC_FAVORABLE_SETS/symbolic_favorable.py", line 120, in visit
    return all(visit(child) for child in children)
           ^^^^^^^^^^^^^^^^^^^^^^^^^^^^^^^^^^^^^^^
  File "/Users/mertalituncer/Documents/Codex/2026-09-13/do-x20/outputs/lab-restored/LAC_REPRO_R210/ACTIVE_RESEARCH/R207_MASLOV_SYMBOLIC_FAVORABLE_SETS/symbolic_favorable.py", line 120, in <genexpr>
    return all(visit(child) for child in children)
               ^^^^^^^^^^^^
  File "/Users/mertalituncer/Documents/Codex/2026-09-13/do-x20/outputs/lab-restored/LAC_REPRO_R210/ACTIVE_RESEARCH/R207_MASLOV_SYMBOLIC_FAVORABLE_SETS/symbolic_favorable.py", line 121, in visit
    return any(visit(child) for child in children)
           ^^^^^^^^^^^^^^^^^^^^^^^^^^^^^^^^^^^^^^^
  File "/Users/mertalituncer/Documents/Codex/2026-09-13/do-x20/outputs/lab-restored/LAC_REPRO_R210/ACTIVE_RESEARCH/R207_MASLOV_SYMBOLIC_FAVORABLE_SETS/symbolic_favorable.py", line 121, in <genexpr>
    return any(visit(child) for child in children)
               ^^^^^^^^^^^^
  File "/Users/mertalituncer/Documents/Codex/2026-09-13/do-x20/outputs/lab-restored/LAC_REPRO_R210/ACTIVE_RESEARCH/R207_MASLOV_SYMBOLIC_FAVORABLE_SETS/symbolic_favorable.py", line 120, in visit
    return all(visit(child) for child in children)
           ^^^^^^^^^^^^^^^^^^^^^^^^^^^^^^^^^^^^^^^
  File "/Users/mertalituncer/Documents/Codex/2026-09-13/do-x20/outputs/lab-restored/LAC_REPRO_R210/ACTIVE_RESEARCH/R207_MASLOV_SYMBOLIC_FAVORABLE_SETS/symbolic_favorable.py", line 120, in <genexpr>
    return all(visit(child) for child in children)
               ^^^^^^^^^^^^
  File "/Users/mertalituncer/Documents/Codex/2026-09-13/do-x20/outputs/lab-restored/LAC_REPRO_R210/ACTIVE_RESEARCH/R207_MASLOV_SYMBOLIC_FAVORABLE_SETS/symbolic_favorable.py", line 121, in visit
    return any(visit(child) for child in children)
           ^^^^^^^^^^^^^^^^^^^^^^^^^^^^^^^^^^^^^^^
  File "/Users/mertalituncer/Documents/Codex/2026-09-13/do-x20/outputs/lab-restored/LAC_REPRO_R210/ACTIVE_RESEARCH/R207_MASLOV_SYMBOLIC_FAVORABLE_SETS/symbolic_favorable.py", line 121, in <genexpr>
    return any(visit(child) for child in children)
               ^^^^^^^^^^^^
  File "/Users/mertalituncer/Documents/Codex/2026-09-13/do-x20/outputs/lab-restored/LAC_REPRO_R210/ACTIVE_RESEARCH/R207_MASLOV_SYMBOLIC_FAVORABLE_SETS/symbolic_favorable.py", line 120, in visit
    return all(visit(child) for child in children)
           ^^^^^^^^^^^^^^^^^^^^^^^^^^^^^^^^^^^^^^^
  File "/Users/mertalituncer/Documents/Codex/2026-09-13/do-x20/outputs/lab-restored/LAC_REPRO_R210/ACTIVE_RESEARCH/R207_MASLOV_SYMBOLIC_FAVORABLE_SETS/symbolic_favorable.py", line 120, in <genexpr>
    return all(visit(child) for child in children)
               ^^^^^^^^^^^^
  File "/Users/mertalituncer/Documents/Codex/2026-09-13/do-x20/outputs/lab-restored/LAC_REPRO_R210/ACTIVE_RESEARCH/R207_MASLOV_SYMBOLIC_FAVORABLE_SETS/symbolic_favorable.py", line 121, in visit
    return any(visit(child) for child in children)
           ^^^^^^^^^^^^^^^^^^^^^^^^^^^^^^^^^^^^^^^
  File "/Users/mertalituncer/Documents/Codex/2026-09-13/do-x20/outputs/lab-restored/LAC_REPRO_R210/ACTIVE_RESEARCH/R207_MASLOV_SYMBOLIC_FAVORABLE_SETS/symbolic_favorable.py", line 121, in <genexpr>
    return any(visit(child) for child in children)
               ^^^^^^^^^^^^
  File "/Users/mertalituncer/Documents/Codex/2026-09-13/do-x20/outputs/lab-restored/LAC_REPRO_R210/ACTIVE_RESEARCH/R207_MASLOV_SYMBOLIC_FAVORABLE_SETS/symbolic_favorable.py", line 120, in visit
    return all(visit(child) for child in children)
           ^^^^^^^^^^^^^^^^^^^^^^^^^^^^^^^^^^^^^^^
  File "/Users/mertalituncer/Documents/Codex/2026-09-13/do-x20/outputs/lab-restored/LAC_REPRO_R210/ACTIVE_RESEARCH/R207_MASLOV_SYMBOLIC_FAVORABLE_SETS/symbolic_favorable.py", line 120, in <genexpr>
    return all(visit(child) for child in children)
               ^^^^^^^^^^^^
  File "/Users/mertalituncer/Documents/Codex/2026-09-13/do-x20/outputs/lab-restored/LAC_REPRO_R210/ACTIVE_RESEARCH/R207_MASLOV_SYMBOLIC_FAVORABLE_SETS/symbolic_favorable.py", line 121, in visit
    return any(visit(child) for child in children)
           ^^^^^^^^^^^^^^^^^^^^^^^^^^^^^^^^^^^^^^^
  File "/Users/mertalituncer/Documents/Codex/2026-09-13/do-x20/outputs/lab-restored/LAC_REPRO_R210/ACTIVE_RESEARCH/R207_MASLOV_SYMBOLIC_FAVORABLE_SETS/symbolic_favorable.py", line 121, in <genexpr>
    return any(visit(child) for child in children)
               ^^^^^^^^^^^^
  File "/Users/mertalituncer/Documents/Codex/2026-09-13/do-x20/outputs/lab-restored/LAC_REPRO_R210/ACTIVE_RESEARCH/R207_MASLOV_SYMBOLIC_FAVORABLE_SETS/symbolic_favorable.py", line 120, in visit
    return all(visit(child) for child in children)
           ^^^^^^^^^^^^^^^^^^^^^^^^^^^^^^^^^^^^^^^
  File "/Users/mertalituncer/Documents/Codex/2026-09-13/do-x20/outputs/lab-restored/LAC_REPRO_R210/ACTIVE_RESEARCH/R207_MASLOV_SYMBOLIC_FAVORABLE_SETS/symbolic_favorable.py", line 120, in <genexpr>
    return all(visit(child) for child in children)
               ^^^^^^^^^^^^
  File "/Users/mertalituncer/Documents/Codex/2026-09-13/do-x20/outputs/lab-restored/LAC_REPRO_R210/ACTIVE_RESEARCH/R207_MASLOV_SYMBOLIC_FAVORABLE_SETS/symbolic_favorable.py", line 121, in visit
    return any(visit(child) for child in children)
           ^^^^^^^^^^^^^^^^^^^^^^^^^^^^^^^^^^^^^^^
  File "/Users/mertalituncer/Documents/Codex/2026-09-13/do-x20/outputs/lab-restored/LAC_REPRO_R210/ACTIVE_RESEARCH/R207_MASLOV_SYMBOLIC_FAVORABLE_SETS/symbolic_favorable.py", line 121, in <genexpr>
    return any(visit(child) for child in children)
               ^^^^^^^^^^^^
  File "/Users/mertalituncer/Documents/Codex/2026-09-13/do-x20/outputs/lab-restored/LAC_REPRO_R210/ACTIVE_RESEARCH/R207_MASLOV_SYMBOLIC_FAVORABLE_SETS/symbolic_favorable.py", line 120, in visit
    return all(visit(child) for child in children)
           ^^^^^^^^^^^^^^^^^^^^^^^^^^^^^^^^^^^^^^^
  File "/Users/mertalituncer/Documents/Codex/2026-09-13/do-x20/outputs/lab-restored/LAC_REPRO_R210/ACTIVE_RESEARCH/R207_MASLOV_SYMBOLIC_FAVORABLE_SETS/symbolic_favorable.py", line 120, in <genexpr>
    return all(visit(child) for child in children)
               ^^^^^^^^^^^^
  File "/Users/mertalituncer/Documents/Codex/2026-09-13/do-x20/outputs/lab-restored/LAC_REPRO_R210/ACTIVE_RESEARCH/R207_MASLOV_SYMBOLIC_FAVORABLE_SETS/symbolic_favorable.py", line 121, in visit
    return any(visit(child) for child in children)
           ^^^^^^^^^^^^^^^^^^^^^^^^^^^^^^^^^^^^^^^
  File "/Users/mertalituncer/Documents/Codex/2026-09-13/do-x20/outputs/lab-restored/LAC_REPRO_R210/ACTIVE_RESEARCH/R207_MASLOV_SYMBOLIC_FAVORABLE_SETS/symbolic_favorable.py", line 121, in <genexpr>
    return any(visit(child) for child in children)
               ^^^^^^^^^^^^
  File "/Users/mertalituncer/Documents/Codex/2026-09-13/do-x20/outputs/lab-restored/LAC_REPRO_R210/ACTIVE_RESEARCH/R207_MASLOV_SYMBOLIC_FAVORABLE_SETS/symbolic_favorable.py", line 120, in visit
    return all(visit(child) for child in children)
           ^^^^^^^^^^^^^^^^^^^^^^^^^^^^^^^^^^^^^^^
  File "/Users/mertalituncer/Documents/Codex/2026-09-13/do-x20/outputs/lab-restored/LAC_REPRO_R210/ACTIVE_RESEARCH/R207_MASLOV_SYMBOLIC_FAVORABLE_SETS/symbolic_favorable.py", line 120, in <genexpr>
    return all(visit(child) for child in children)
               ^^^^^^^^^^^^
  File "/Users/mertalituncer/Documents/Codex/2026-09-13/do-x20/outputs/lab-restored/LAC_REPRO_R210/ACTIVE_RESEARCH/R207_MASLOV_SYMBOLIC_FAVORABLE_SETS/symbolic_favorable.py", line 121, in visit
    return any(visit(child) for child in children)
           ^^^^^^^^^^^^^^^^^^^^^^^^^^^^^^^^^^^^^^^
  File "/Users/mertalituncer/Documents/Codex/2026-09-13/do-x20/outputs/lab-restored/LAC_REPRO_R210/ACTIVE_RESEARCH/R207_MASLOV_SYMBOLIC_FAVORABLE_SETS/symbolic_favorable.py", line 121, in <genexpr>
    return any(visit(child) for child in children)
               ^^^^^^^^^^^^
  File "/Users/mertalituncer/Documents/Codex/2026-09-13/do-x20/outputs/lab-restored/LAC_REPRO_R210/ACTIVE_RESEARCH/R207_MASLOV_SYMBOLIC_FAVORABLE_SETS/symbolic_favorable.py", line 120, in visit
    return all(visit(child) for child in children)
           ^^^^^^^^^^^^^^^^^^^^^^^^^^^^^^^^^^^^^^^
  File "/Users/mertalituncer/Documents/Codex/2026-09-13/do-x20/outputs/lab-restored/LAC_REPRO_R210/ACTIVE_RESEARCH/R207_MASLOV_SYMBOLIC_FAVORABLE_SETS/symbolic_favorable.py", line 120, in <genexpr>
    return all(visit(child) for child in children)
               ^^^^^^^^^^^^
  File "/Users/mertalituncer/Documents/Codex/2026-09-13/do-x20/outputs/lab-restored/LAC_REPRO_R210/ACTIVE_RESEARCH/R207_MASLOV_SYMBOLIC_FAVORABLE_SETS/symbolic_favorable.py", line 121, in visit
    return any(visit(child) for child in children)
           ^^^^^^^^^^^^^^^^^^^^^^^^^^^^^^^^^^^^^^^
  File "/Users/mertalituncer/Documents/Codex/2026-09-13/do-x20/outputs/lab-restored/LAC_REPRO_R210/ACTIVE_RESEARCH/R207_MASLOV_SYMBOLIC_FAVORABLE_SETS/symbolic_favorable.py", line 121, in <genexpr>
    return any(visit(child) for child in children)
               ^^^^^^^^^^^^
  File "/Users/mertalituncer/Documents/Codex/2026-09-13/do-x20/outputs/lab-restored/LAC_REPRO_R210/ACTIVE_RESEARCH/R207_MASLOV_SYMBOLIC_FAVORABLE_SETS/symbolic_favorable.py", line 120, in visit
    return all(visit(child) for child in children)
           ^^^^^^^^^^^^^^^^^^^^^^^^^^^^^^^^^^^^^^^
  File "/Users/mertalituncer/Documents/Codex/2026-09-13/do-x20/outputs/lab-restored/LAC_REPRO_R210/ACTIVE_RESEARCH/R207_MASLOV_SYMBOLIC_FAVORABLE_SETS/symbolic_favorable.py", line 120, in <genexpr>
    return all(visit(child) for child in children)
               ^^^^^^^^^^^^
  File "/Users/mertalituncer/Documents/Codex/2026-09-13/do-x20/outputs/lab-restored/LAC_REPRO_R210/ACTIVE_RESEARCH/R207_MASLOV_SYMBOLIC_FAVORABLE_SETS/symbolic_favorable.py", line 121, in visit
    return any(visit(child) for child in children)
           ^^^^^^^^^^^^^^^^^^^^^^^^^^^^^^^^^^^^^^^
  File "/Users/mertalituncer/Documents/Codex/2026-09-13/do-x20/outputs/lab-restored/LAC_REPRO_R210/ACTIVE_RESEARCH/R207_MASLOV_SYMBOLIC_FAVORABLE_SETS/symbolic_favorable.py", line 121, in <genexpr>
    return any(visit(child) for child in children)
               ^^^^^^^^^^^^
  File "/Users/mertalituncer/Documents/Codex/2026-09-13/do-x20/outputs/lab-restored/LAC_REPRO_R210/ACTIVE_RESEARCH/R207_MASLOV_SYMBOLIC_FAVORABLE_SETS/symbolic_favorable.py", line 120, in visit
    return all(visit(child) for child in children)
           ^^^^^^^^^^^^^^^^^^^^^^^^^^^^^^^^^^^^^^^
  File "/Users/mertalituncer/Documents/Codex/2026-09-13/do-x20/outputs/lab-restored/LAC_REPRO_R210/ACTIVE_RESEARCH/R207_MASLOV_SYMBOLIC_FAVORABLE_SETS/symbolic_favorable.py", line 120, in <genexpr>
    return all(visit(child) for child in children)
               ^^^^^^^^^^^^
  File "/Users/mertalituncer/Documents/Codex/2026-09-13/do-x20/outputs/lab-restored/LAC_REPRO_R210/ACTIVE_RESEARCH/R207_MASLOV_SYMBOLIC_FAVORABLE_SETS/symbolic_favorable.py", line 121, in visit
    return any(visit(child) for child in children)
           ^^^^^^^^^^^^^^^^^^^^^^^^^^^^^^^^^^^^^^^
  File "/Users/mertalituncer/Documents/Codex/2026-09-13/do-x20/outputs/lab-restored/LAC_REPRO_R210/ACTIVE_RESEARCH/R207_MASLOV_SYMBOLIC_FAVORABLE_SETS/symbolic_favorable.py", line 121, in <genexpr>
    return any(visit(child) for child in children)
               ^^^^^^^^^^^^
  File "/Users/mertalituncer/Documents/Codex/2026-09-13/do-x20/outputs/lab-restored/LAC_REPRO_R210/ACTIVE_RESEARCH/R207_MASLOV_SYMBOLIC_FAVORABLE_SETS/symbolic_favorable.py", line 120, in visit
    return all(visit(child) for child in children)
           ^^^^^^^^^^^^^^^^^^^^^^^^^^^^^^^^^^^^^^^
  File "/Users/mertalituncer/Documents/Codex/2026-09-13/do-x20/outputs/lab-restored/LAC_REPRO_R210/ACTIVE_RESEARCH/R207_MASLOV_SYMBOLIC_FAVORABLE_SETS/symbolic_favorable.py", line 120, in <genexpr>
    return all(visit(child) for child in children)
               ^^^^^^^^^^^^
  File "/Users/mertalituncer/Documents/Codex/2026-09-13/do-x20/outputs/lab-restored/LAC_REPRO_R210/ACTIVE_RESEARCH/R207_MASLOV_SYMBOLIC_FAVORABLE_SETS/symbolic_favorable.py", line 121, in visit
    return any(visit(child) for child in children)
           ^^^^^^^^^^^^^^^^^^^^^^^^^^^^^^^^^^^^^^^
  File "/Users/mertalituncer/Documents/Codex/2026-09-13/do-x20/outputs/lab-restored/LAC_REPRO_R210/ACTIVE_RESEARCH/R207_MASLOV_SYMBOLIC_FAVORABLE_SETS/symbolic_favorable.py", line 121, in <genexpr>
    return any(visit(child) for child in children)
               ^^^^^^^^^^^^
  File "/Users/mertalituncer/Documents/Codex/2026-09-13/do-x20/outputs/lab-restored/LAC_REPRO_R210/ACTIVE_RESEARCH/R207_MASLOV_SYMBOLIC_FAVORABLE_SETS/symbolic_favorable.py", line 120, in visit
    return all(visit(child) for child in children)
           ^^^^^^^^^^^^^^^^^^^^^^^^^^^^^^^^^^^^^^^
  File "/Users/mertalituncer/Documents/Codex/2026-09-13/do-x20/outputs/lab-restored/LAC_REPRO_R210/ACTIVE_RESEARCH/R207_MASLOV_SYMBOLIC_FAVORABLE_SETS/symbolic_favorable.py", line 120, in <genexpr>
    return all(visit(child) for child in children)
               ^^^^^^^^^^^^
  File "/Users/mertalituncer/Documents/Codex/2026-09-13/do-x20/outputs/lab-restored/LAC_REPRO_R210/ACTIVE_RESEARCH/R207_MASLOV_SYMBOLIC_FAVORABLE_SETS/symbolic_favorable.py", line 121, in visit
    return any(visit(child) for child in children)
           ^^^^^^^^^^^^^^^^^^^^^^^^^^^^^^^^^^^^^^^
  File "/Users/mertalituncer/Documents/Codex/2026-09-13/do-x20/outputs/lab-restored/LAC_REPRO_R210/ACTIVE_RESEARCH/R207_MASLOV_SYMBOLIC_FAVORABLE_SETS/symbolic_favorable.py", line 121, in <genexpr>
    return any(visit(child) for child in children)
               ^^^^^^^^^^^^
  File "/Users/mertalituncer/Documents/Codex/2026-09-13/do-x20/outputs/lab-restored/LAC_REPRO_R210/ACTIVE_RESEARCH/R207_MASLOV_SYMBOLIC_FAVORABLE_SETS/symbolic_favorable.py", line 120, in visit
    return all(visit(child) for child in children)
           ^^^^^^^^^^^^^^^^^^^^^^^^^^^^^^^^^^^^^^^
  File "/Users/mertalituncer/Documents/Codex/2026-09-13/do-x20/outputs/lab-restored/LAC_REPRO_R210/ACTIVE_RESEARCH/R207_MASLOV_SYMBOLIC_FAVORABLE_SETS/symbolic_favorable.py", line 120, in <genexpr>
    return all(visit(child) for child in children)
               ^^^^^^^^^^^^
  File "/Users/mertalituncer/Documents/Codex/2026-09-13/do-x20/outputs/lab-restored/LAC_REPRO_R210/ACTIVE_RESEARCH/R207_MASLOV_SYMBOLIC_FAVORABLE_SETS/symbolic_favorable.py", line 121, in visit
    return any(visit(child) for child in children)
           ^^^^^^^^^^^^^^^^^^^^^^^^^^^^^^^^^^^^^^^
  File "/Users/mertalituncer/Documents/Codex/2026-09-13/do-x20/outputs/lab-restored/LAC_REPRO_R210/ACTIVE_RESEARCH/R207_MASLOV_SYMBOLIC_FAVORABLE_SETS/symbolic_favorable.py", line 121, in <genexpr>
    return any(visit(child) for child in children)
               ^^^^^^^^^^^^
  File "/Users/mertalituncer/Documents/Codex/2026-09-13/do-x20/outputs/lab-restored/LAC_REPRO_R210/ACTIVE_RESEARCH/R207_MASLOV_SYMBOLIC_FAVORABLE_SETS/symbolic_favorable.py", line 120, in visit
    return all(visit(child) for child in children)
           ^^^^^^^^^^^^^^^^^^^^^^^^^^^^^^^^^^^^^^^
  File "/Users/mertalituncer/Documents/Codex/2026-09-13/do-x20/outputs/lab-restored/LAC_REPRO_R210/ACTIVE_RESEARCH/R207_MASLOV_SYMBOLIC_FAVORABLE_SETS/symbolic_favorable.py", line 120, in <genexpr>
    return all(visit(child) for child in children)
               ^^^^^^^^^^^^
  File "/Users/mertalituncer/Documents/Codex/2026-09-13/do-x20/outputs/lab-restored/LAC_REPRO_R210/ACTIVE_RESEARCH/R207_MASLOV_SYMBOLIC_FAVORABLE_SETS/symbolic_favorable.py", line 121, in visit
    return any(visit(child) for child in children)
           ^^^^^^^^^^^^^^^^^^^^^^^^^^^^^^^^^^^^^^^
  File "/Users/mertalituncer/Documents/Codex/2026-09-13/do-x20/outputs/lab-restored/LAC_REPRO_R210/ACTIVE_RESEARCH/R207_MASLOV_SYMBOLIC_FAVORABLE_SETS/symbolic_favorable.py", line 121, in <genexpr>
    return any(visit(child) for child in children)
               ^^^^^^^^^^^^
  File "/Users/mertalituncer/Documents/Codex/2026-09-13/do-x20/outputs/lab-restored/LAC_REPRO_R210/ACTIVE_RESEARCH/R207_MASLOV_SYMBOLIC_FAVORABLE_SETS/symbolic_favorable.py", line 120, in visit
    return all(visit(child) for child in children)
           ^^^^^^^^^^^^^^^^^^^^^^^^^^^^^^^^^^^^^^^
  File "/Users/mertalituncer/Documents/Codex/2026-09-13/do-x20/outputs/lab-restored/LAC_REPRO_R210/ACTIVE_RESEARCH/R207_MASLOV_SYMBOLIC_FAVORABLE_SETS/symbolic_favorable.py", line 120, in <genexpr>
    return all(visit(child) for child in children)
               ^^^^^^^^^^^^
  File "/Users/mertalituncer/Documents/Codex/2026-09-13/do-x20/outputs/lab-restored/LAC_REPRO_R210/ACTIVE_RESEARCH/R207_MASLOV_SYMBOLIC_FAVORABLE_SETS/symbolic_favorable.py", line 121, in visit
    return any(visit(child) for child in children)
           ^^^^^^^^^^^^^^^^^^^^^^^^^^^^^^^^^^^^^^^
  File "/Users/mertalituncer/Documents/Codex/2026-09-13/do-x20/outputs/lab-restored/LAC_REPRO_R210/ACTIVE_RESEARCH/R207_MASLOV_SYMBOLIC_FAVORABLE_SETS/symbolic_favorable.py", line 121, in <genexpr>
    return any(visit(child) for child in children)
               ^^^^^^^^^^^^
  File "/Users/mertalituncer/Documents/Codex/2026-09-13/do-x20/outputs/lab-restored/LAC_REPRO_R210/ACTIVE_RESEARCH/R207_MASLOV_SYMBOLIC_FAVORABLE_SETS/symbolic_favorable.py", line 120, in visit
    return all(visit(child) for child in children)
           ^^^^^^^^^^^^^^^^^^^^^^^^^^^^^^^^^^^^^^^
  File "/Users/mertalituncer/Documents/Codex/2026-09-13/do-x20/outputs/lab-restored/LAC_REPRO_R210/ACTIVE_RESEARCH/R207_MASLOV_SYMBOLIC_FAVORABLE_SETS/symbolic_favorable.py", line 120, in <genexpr>
    return all(visit(child) for child in children)
               ^^^^^^^^^^^^
  File "/Users/mertalituncer/Documents/Codex/2026-09-13/do-x20/outputs/lab-restored/LAC_REPRO_R210/ACTIVE_RESEARCH/R207_MASLOV_SYMBOLIC_FAVORABLE_SETS/symbolic_favorable.py", line 121, in visit
    return any(visit(child) for child in children)
           ^^^^^^^^^^^^^^^^^^^^^^^^^^^^^^^^^^^^^^^
  File "/Users/mertalituncer/Documents/Codex/2026-09-13/do-x20/outputs/lab-restored/LAC_REPRO_R210/ACTIVE_RESEARCH/R207_MASLOV_SYMBOLIC_FAVORABLE_SETS/symbolic_favorable.py", line 121, in <genexpr>
    return any(visit(child) for child in children)
               ^^^^^^^^^^^^
  File "/Users/mertalituncer/Documents/Codex/2026-09-13/do-x20/outputs/lab-restored/LAC_REPRO_R210/ACTIVE_RESEARCH/R207_MASLOV_SYMBOLIC_FAVORABLE_SETS/symbolic_favorable.py", line 120, in visit
    return all(visit(child) for child in children)
           ^^^^^^^^^^^^^^^^^^^^^^^^^^^^^^^^^^^^^^^
  File "/Users/mertalituncer/Documents/Codex/2026-09-13/do-x20/outputs/lab-restored/LAC_REPRO_R210/ACTIVE_RESEARCH/R207_MASLOV_SYMBOLIC_FAVORABLE_SETS/symbolic_favorable.py", line 120, in <genexpr>
    return all(visit(child) for child in children)
               ^^^^^^^^^^^^
  File "/Users/mertalituncer/Documents/Codex/2026-09-13/do-x20/outputs/lab-restored/LAC_REPRO_R210/ACTIVE_RESEARCH/R207_MASLOV_SYMBOLIC_FAVORABLE_SETS/symbolic_favorable.py", line 121, in visit
    return any(visit(child) for child in children)
           ^^^^^^^^^^^^^^^^^^^^^^^^^^^^^^^^^^^^^^^
  File "/Users/mertalituncer/Documents/Codex/2026-09-13/do-x20/outputs/lab-restored/LAC_REPRO_R210/ACTIVE_RESEARCH/R207_MASLOV_SYMBOLIC_FAVORABLE_SETS/symbolic_favorable.py", line 121, in <genexpr>
    return any(visit(child) for child in children)
               ^^^^^^^^^^^^
  File "/Users/mertalituncer/Documents/Codex/2026-09-13/do-x20/outputs/lab-restored/LAC_REPRO_R210/ACTIVE_RESEARCH/R207_MASLOV_SYMBOLIC_FAVORABLE_SETS/symbolic_favorable.py", line 120, in visit
    return all(visit(child) for child in children)
           ^^^^^^^^^^^^^^^^^^^^^^^^^^^^^^^^^^^^^^^
  File "/Users/mertalituncer/Documents/Codex/2026-09-13/do-x20/outputs/lab-restored/LAC_REPRO_R210/ACTIVE_RESEARCH/R207_MASLOV_SYMBOLIC_FAVORABLE_SETS/symbolic_favorable.py", line 120, in <genexpr>
    return all(visit(child) for child in children)
               ^^^^^^^^^^^^
  File "/Users/mertalituncer/Documents/Codex/2026-09-13/do-x20/outputs/lab-restored/LAC_REPRO_R210/ACTIVE_RESEARCH/R207_MASLOV_SYMBOLIC_FAVORABLE_SETS/symbolic_favorable.py", line 121, in visit
    return any(visit(child) for child in children)
           ^^^^^^^^^^^^^^^^^^^^^^^^^^^^^^^^^^^^^^^
  File "/Users/mertalituncer/Documents/Codex/2026-09-13/do-x20/outputs/lab-restored/LAC_REPRO_R210/ACTIVE_RESEARCH/R207_MASLOV_SYMBOLIC_FAVORABLE_SETS/symbolic_favorable.py", line 121, in <genexpr>
    return any(visit(child) for child in children)
               ^^^^^^^^^^^^
  File "/Users/mertalituncer/Documents/Codex/2026-09-13/do-x20/outputs/lab-restored/LAC_REPRO_R210/ACTIVE_RESEARCH/R207_MASLOV_SYMBOLIC_FAVORABLE_SETS/symbolic_favorable.py", line 120, in visit
    return all(visit(child) for child in children)
           ^^^^^^^^^^^^^^^^^^^^^^^^^^^^^^^^^^^^^^^
  File "/Users/mertalituncer/Documents/Codex/2026-09-13/do-x20/outputs/lab-restored/LAC_REPRO_R210/ACTIVE_RESEARCH/R207_MASLOV_SYMBOLIC_FAVORABLE_SETS/symbolic_favorable.py", line 120, in <genexpr>
    return all(visit(child) for child in children)
               ^^^^^^^^^^^^
  File "/Users/mertalituncer/Documents/Codex/2026-09-13/do-x20/outputs/lab-restored/LAC_REPRO_R210/ACTIVE_RESEARCH/R207_MASLOV_SYMBOLIC_FAVORABLE_SETS/symbolic_favorable.py", line 121, in visit
    return any(visit(child) for child in children)
           ^^^^^^^^^^^^^^^^^^^^^^^^^^^^^^^^^^^^^^^
  File "/Users/mertalituncer/Documents/Codex/2026-09-13/do-x20/outputs/lab-restored/LAC_REPRO_R210/ACTIVE_RESEARCH/R207_MASLOV_SYMBOLIC_FAVORABLE_SETS/symbolic_favorable.py", line 121, in <genexpr>
    return any(visit(child) for child in children)
               ^^^^^^^^^^^^
  File "/Users/mertalituncer/Documents/Codex/2026-09-13/do-x20/outputs/lab-restored/LAC_REPRO_R210/ACTIVE_RESEARCH/R207_MASLOV_SYMBOLIC_FAVORABLE_SETS/symbolic_favorable.py", line 120, in visit
    return all(visit(child) for child in children)
           ^^^^^^^^^^^^^^^^^^^^^^^^^^^^^^^^^^^^^^^
  File "/Users/mertalituncer/Documents/Codex/2026-09-13/do-x20/outputs/lab-restored/LAC_REPRO_R210/ACTIVE_RESEARCH/R207_MASLOV_SYMBOLIC_FAVORABLE_SETS/symbolic_favorable.py", line 120, in <genexpr>
    return all(visit(child) for child in children)
               ^^^^^^^^^^^^
  File "/Users/mertalituncer/Documents/Codex/2026-09-13/do-x20/outputs/lab-restored/LAC_REPRO_R210/ACTIVE_RESEARCH/R207_MASLOV_SYMBOLIC_FAVORABLE_SETS/symbolic_favorable.py", line 121, in visit
    return any(visit(child) for child in children)
           ^^^^^^^^^^^^^^^^^^^^^^^^^^^^^^^^^^^^^^^
  File "/Users/mertalituncer/Documents/Codex/2026-09-13/do-x20/outputs/lab-restored/LAC_REPRO_R210/ACTIVE_RESEARCH/R207_MASLOV_SYMBOLIC_FAVORABLE_SETS/symbolic_favorable.py", line 121, in <genexpr>
    return any(visit(child) for child in children)
               ^^^^^^^^^^^^
  File "/Users/mertalituncer/Documents/Codex/2026-09-13/do-x20/outputs/lab-restored/LAC_REPRO_R210/ACTIVE_RESEARCH/R207_MASLOV_SYMBOLIC_FAVORABLE_SETS/symbolic_favorable.py", line 120, in visit
    return all(visit(child) for child in children)
           ^^^^^^^^^^^^^^^^^^^^^^^^^^^^^^^^^^^^^^^
  File "/Users/mertalituncer/Documents/Codex/2026-09-13/do-x20/outputs/lab-restored/LAC_REPRO_R210/ACTIVE_RESEARCH/R207_MASLOV_SYMBOLIC_FAVORABLE_SETS/symbolic_favorable.py", line 120, in <genexpr>
    return all(visit(child) for child in children)
               ^^^^^^^^^^^^
  File "/Users/mertalituncer/Documents/Codex/2026-09-13/do-x20/outputs/lab-restored/LAC_REPRO_R210/ACTIVE_RESEARCH/R207_MASLOV_SYMBOLIC_FAVORABLE_SETS/symbolic_favorable.py", line 121, in visit
    return any(visit(child) for child in children)
           ^^^^^^^^^^^^^^^^^^^^^^^^^^^^^^^^^^^^^^^
  File "/Users/mertalituncer/Documents/Codex/2026-09-13/do-x20/outputs/lab-restored/LAC_REPRO_R210/ACTIVE_RESEARCH/R207_MASLOV_SYMBOLIC_FAVORABLE_SETS/symbolic_favorable.py", line 121, in <genexpr>
    return any(visit(child) for child in children)
               ^^^^^^^^^^^^
  File "/Users/mertalituncer/Documents/Codex/2026-09-13/do-x20/outputs/lab-restored/LAC_REPRO_R210/ACTIVE_RESEARCH/R207_MASLOV_SYMBOLIC_FAVORABLE_SETS/symbolic_favorable.py", line 120, in visit
    return all(visit(child) for child in children)
           ^^^^^^^^^^^^^^^^^^^^^^^^^^^^^^^^^^^^^^^
  File "/Users/mertalituncer/Documents/Codex/2026-09-13/do-x20/outputs/lab-restored/LAC_REPRO_R210/ACTIVE_RESEARCH/R207_MASLOV_SYMBOLIC_FAVORABLE_SETS/symbolic_favorable.py", line 120, in <genexpr>
    return all(visit(child) for child in children)
               ^^^^^^^^^^^^
  File "/Users/mertalituncer/Documents/Codex/2026-09-13/do-x20/outputs/lab-restored/LAC_REPRO_R210/ACTIVE_RESEARCH/R207_MASLOV_SYMBOLIC_FAVORABLE_SETS/symbolic_favorable.py", line 121, in visit
    return any(visit(child) for child in children)
           ^^^^^^^^^^^^^^^^^^^^^^^^^^^^^^^^^^^^^^^
  File "/Users/mertalituncer/Documents/Codex/2026-09-13/do-x20/outputs/lab-restored/LAC_REPRO_R210/ACTIVE_RESEARCH/R207_MASLOV_SYMBOLIC_FAVORABLE_SETS/symbolic_favorable.py", line 121, in <genexpr>
    return any(visit(child) for child in children)
               ^^^^^^^^^^^^
  File "/Users/mertalituncer/Documents/Codex/2026-09-13/do-x20/outputs/lab-restored/LAC_REPRO_R210/ACTIVE_RESEARCH/R207_MASLOV_SYMBOLIC_FAVORABLE_SETS/symbolic_favorable.py", line 120, in visit
    return all(visit(child) for child in children)
           ^^^^^^^^^^^^^^^^^^^^^^^^^^^^^^^^^^^^^^^
  File "/Users/mertalituncer/Documents/Codex/2026-09-13/do-x20/outputs/lab-restored/LAC_REPRO_R210/ACTIVE_RESEARCH/R207_MASLOV_SYMBOLIC_FAVORABLE_SETS/symbolic_favorable.py", line 120, in <genexpr>
    return all(visit(child) for child in children)
               ^^^^^^^^^^^^
  File "/Users/mertalituncer/Documents/Codex/2026-09-13/do-x20/outputs/lab-restored/LAC_REPRO_R210/ACTIVE_RESEARCH/R207_MASLOV_SYMBOLIC_FAVORABLE_SETS/symbolic_favorable.py", line 121, in visit
    return any(visit(child) for child in children)
           ^^^^^^^^^^^^^^^^^^^^^^^^^^^^^^^^^^^^^^^
  File "/Users/mertalituncer/Documents/Codex/2026-09-13/do-x20/outputs/lab-restored/LAC_REPRO_R210/ACTIVE_RESEARCH/R207_MASLOV_SYMBOLIC_FAVORABLE_SETS/symbolic_favorable.py", line 121, in <genexpr>
    return any(visit(child) for child in children)
               ^^^^^^^^^^^^
  File "/Users/mertalituncer/Documents/Codex/2026-09-13/do-x20/outputs/lab-restored/LAC_REPRO_R210/ACTIVE_RESEARCH/R207_MASLOV_SYMBOLIC_FAVORABLE_SETS/symbolic_favorable.py", line 120, in visit
    return all(visit(child) for child in children)
           ^^^^^^^^^^^^^^^^^^^^^^^^^^^^^^^^^^^^^^^
  File "/Users/mertalituncer/Documents/Codex/2026-09-13/do-x20/outputs/lab-restored/LAC_REPRO_R210/ACTIVE_RESEARCH/R207_MASLOV_SYMBOLIC_FAVORABLE_SETS/symbolic_favorable.py", line 120, in <genexpr>
    return all(visit(child) for child in children)
               ^^^^^^^^^^^^
  File "/Users/mertalituncer/Documents/Codex/2026-09-13/do-x20/outputs/lab-restored/LAC_REPRO_R210/ACTIVE_RESEARCH/R207_MASLOV_SYMBOLIC_FAVORABLE_SETS/symbolic_favorable.py", line 121, in visit
    return any(visit(child) for child in children)
           ^^^^^^^^^^^^^^^^^^^^^^^^^^^^^^^^^^^^^^^
  File "/Users/mertalituncer/Documents/Codex/2026-09-13/do-x20/outputs/lab-restored/LAC_REPRO_R210/ACTIVE_RESEARCH/R207_MASLOV_SYMBOLIC_FAVORABLE_SETS/symbolic_favorable.py", line 121, in <genexpr>
    return any(visit(child) for child in children)
               ^^^^^^^^^^^^
  File "/Users/mertalituncer/Documents/Codex/2026-09-13/do-x20/outputs/lab-restored/LAC_REPRO_R210/ACTIVE_RESEARCH/R207_MASLOV_SYMBOLIC_FAVORABLE_SETS/symbolic_favorable.py", line 120, in visit
    return all(visit(child) for child in children)
           ^^^^^^^^^^^^^^^^^^^^^^^^^^^^^^^^^^^^^^^
  File "/Users/mertalituncer/Documents/Codex/2026-09-13/do-x20/outputs/lab-restored/LAC_REPRO_R210/ACTIVE_RESEARCH/R207_MASLOV_SYMBOLIC_FAVORABLE_SETS/symbolic_favorable.py", line 120, in <genexpr>
    return all(visit(child) for child in children)
               ^^^^^^^^^^^^
  File "/Users/mertalituncer/Documents/Codex/2026-09-13/do-x20/outputs/lab-restored/LAC_REPRO_R210/ACTIVE_RESEARCH/R207_MASLOV_SYMBOLIC_FAVORABLE_SETS/symbolic_favorable.py", line 121, in visit
    return any(visit(child) for child in children)
           ^^^^^^^^^^^^^^^^^^^^^^^^^^^^^^^^^^^^^^^
  File "/Users/mertalituncer/Documents/Codex/2026-09-13/do-x20/outputs/lab-restored/LAC_REPRO_R210/ACTIVE_RESEARCH/R207_MASLOV_SYMBOLIC_FAVORABLE_SETS/symbolic_favorable.py", line 121, in <genexpr>
    return any(visit(child) for child in children)
               ^^^^^^^^^^^^
  File "/Users/mertalituncer/Documents/Codex/2026-09-13/do-x20/outputs/lab-restored/LAC_REPRO_R210/ACTIVE_RESEARCH/R207_MASLOV_SYMBOLIC_FAVORABLE_SETS/symbolic_favorable.py", line 120, in visit
    return all(visit(child) for child in children)
           ^^^^^^^^^^^^^^^^^^^^^^^^^^^^^^^^^^^^^^^
  File "/Users/mertalituncer/Documents/Codex/2026-09-13/do-x20/outputs/lab-restored/LAC_REPRO_R210/ACTIVE_RESEARCH/R207_MASLOV_SYMBOLIC_FAVORABLE_SETS/symbolic_favorable.py", line 120, in <genexpr>
    return all(visit(child) for child in children)
               ^^^^^^^^^^^^
  File "/Users/mertalituncer/Documents/Codex/2026-09-13/do-x20/outputs/lab-restored/LAC_REPRO_R210/ACTIVE_RESEARCH/R207_MASLOV_SYMBOLIC_FAVORABLE_SETS/symbolic_favorable.py", line 121, in visit
    return any(visit(child) for child in children)
           ^^^^^^^^^^^^^^^^^^^^^^^^^^^^^^^^^^^^^^^
  File "/Users/mertalituncer/Documents/Codex/2026-09-13/do-x20/outputs/lab-restored/LAC_REPRO_R210/ACTIVE_RESEARCH/R207_MASLOV_SYMBOLIC_FAVORABLE_SETS/symbolic_favorable.py", line 121, in <genexpr>
    return any(visit(child) for child in children)
               ^^^^^^^^^^^^
  File "/Users/mertalituncer/Documents/Codex/2026-09-13/do-x20/outputs/lab-restored/LAC_REPRO_R210/ACTIVE_RESEARCH/R207_MASLOV_SYMBOLIC_FAVORABLE_SETS/symbolic_favorable.py", line 120, in visit
    return all(visit(child) for child in children)
           ^^^^^^^^^^^^^^^^^^^^^^^^^^^^^^^^^^^^^^^
  File "/Users/mertalituncer/Documents/Codex/2026-09-13/do-x20/outputs/lab-restored/LAC_REPRO_R210/ACTIVE_RESEARCH/R207_MASLOV_SYMBOLIC_FAVORABLE_SETS/symbolic_favorable.py", line 120, in <genexpr>
    return all(visit(child) for child in children)
               ^^^^^^^^^^^^
  File "/Users/mertalituncer/Documents/Codex/2026-09-13/do-x20/outputs/lab-restored/LAC_REPRO_R210/ACTIVE_RESEARCH/R207_MASLOV_SYMBOLIC_FAVORABLE_SETS/symbolic_favorable.py", line 121, in visit
    return any(visit(child) for child in children)
           ^^^^^^^^^^^^^^^^^^^^^^^^^^^^^^^^^^^^^^^
  File "/Users/mertalituncer/Documents/Codex/2026-09-13/do-x20/outputs/lab-restored/LAC_REPRO_R210/ACTIVE_RESEARCH/R207_MASLOV_SYMBOLIC_FAVORABLE_SETS/symbolic_favorable.py", line 121, in <genexpr>
    return any(visit(child) for child in children)
               ^^^^^^^^^^^^
  File "/Users/mertalituncer/Documents/Codex/2026-09-13/do-x20/outputs/lab-restored/LAC_REPRO_R210/ACTIVE_RESEARCH/R207_MASLOV_SYMBOLIC_FAVORABLE_SETS/symbolic_favorable.py", line 120, in visit
    return all(visit(child) for child in children)
           ^^^^^^^^^^^^^^^^^^^^^^^^^^^^^^^^^^^^^^^
  File "/Users/mertalituncer/Documents/Codex/2026-09-13/do-x20/outputs/lab-restored/LAC_REPRO_R210/ACTIVE_RESEARCH/R207_MASLOV_SYMBOLIC_FAVORABLE_SETS/symbolic_favorable.py", line 120, in <genexpr>
    return all(visit(child) for child in children)
               ^^^^^^^^^^^^
  File "/Users/mertalituncer/Documents/Codex/2026-09-13/do-x20/outputs/lab-restored/LAC_REPRO_R210/ACTIVE_RESEARCH/R207_MASLOV_SYMBOLIC_FAVORABLE_SETS/symbolic_favorable.py", line 121, in visit
    return any(visit(child) for child in children)
           ^^^^^^^^^^^^^^^^^^^^^^^^^^^^^^^^^^^^^^^
  File "/Users/mertalituncer/Documents/Codex/2026-09-13/do-x20/outputs/lab-restored/LAC_REPRO_R210/ACTIVE_RESEARCH/R207_MASLOV_SYMBOLIC_FAVORABLE_SETS/symbolic_favorable.py", line 121, in <genexpr>
    return any(visit(child) for child in children)
               ^^^^^^^^^^^^
  File "/Users/mertalituncer/Documents/Codex/2026-09-13/do-x20/outputs/lab-restored/LAC_REPRO_R210/ACTIVE_RESEARCH/R207_MASLOV_SYMBOLIC_FAVORABLE_SETS/symbolic_favorable.py", line 120, in visit
    return all(visit(child) for child in children)
           ^^^^^^^^^^^^^^^^^^^^^^^^^^^^^^^^^^^^^^^
  File "/Users/mertalituncer/Documents/Codex/2026-09-13/do-x20/outputs/lab-restored/LAC_REPRO_R210/ACTIVE_RESEARCH/R207_MASLOV_SYMBOLIC_FAVORABLE_SETS/symbolic_favorable.py", line 120, in <genexpr>
    return all(visit(child) for child in children)
               ^^^^^^^^^^^^
  File "/Users/mertalituncer/Documents/Codex/2026-09-13/do-x20/outputs/lab-restored/LAC_REPRO_R210/ACTIVE_RESEARCH/R207_MASLOV_SYMBOLIC_FAVORABLE_SETS/symbolic_favorable.py", line 121, in visit
    return any(visit(child) for child in children)
           ^^^^^^^^^^^^^^^^^^^^^^^^^^^^^^^^^^^^^^^
  File "/Users/mertalituncer/Documents/Codex/2026-09-13/do-x20/outputs/lab-restored/LAC_REPRO_R210/ACTIVE_RESEARCH/R207_MASLOV_SYMBOLIC_FAVORABLE_SETS/symbolic_favorable.py", line 121, in <genexpr>
    return any(visit(child) for child in children)
               ^^^^^^^^^^^^
  File "/Users/mertalituncer/Documents/Codex/2026-09-13/do-x20/outputs/lab-restored/LAC_REPRO_R210/ACTIVE_RESEARCH/R207_MASLOV_SYMBOLIC_FAVORABLE_SETS/symbolic_favorable.py", line 120, in visit
    return all(visit(child) for child in children)
           ^^^^^^^^^^^^^^^^^^^^^^^^^^^^^^^^^^^^^^^
  File "/Users/mertalituncer/Documents/Codex/2026-09-13/do-x20/outputs/lab-restored/LAC_REPRO_R210/ACTIVE_RESEARCH/R207_MASLOV_SYMBOLIC_FAVORABLE_SETS/symbolic_favorable.py", line 120, in <genexpr>
    return all(visit(child) for child in children)
               ^^^^^^^^^^^^
  File "/Users/mertalituncer/Documents/Codex/2026-09-13/do-x20/outputs/lab-restored/LAC_REPRO_R210/ACTIVE_RESEARCH/R207_MASLOV_SYMBOLIC_FAVORABLE_SETS/symbolic_favorable.py", line 121, in visit
    return any(visit(child) for child in children)
           ^^^^^^^^^^^^^^^^^^^^^^^^^^^^^^^^^^^^^^^
  File "/Users/mertalituncer/Documents/Codex/2026-09-13/do-x20/outputs/lab-restored/LAC_REPRO_R210/ACTIVE_RESEARCH/R207_MASLOV_SYMBOLIC_FAVORABLE_SETS/symbolic_favorable.py", line 121, in <genexpr>
    return any(visit(child) for child in children)
               ^^^^^^^^^^^^
  File "/Users/mertalituncer/Documents/Codex/2026-09-13/do-x20/outputs/lab-restored/LAC_REPRO_R210/ACTIVE_RESEARCH/R207_MASLOV_SYMBOLIC_FAVORABLE_SETS/symbolic_favorable.py", line 120, in visit
    return all(visit(child) for child in children)
           ^^^^^^^^^^^^^^^^^^^^^^^^^^^^^^^^^^^^^^^
  File "/Users/mertalituncer/Documents/Codex/2026-09-13/do-x20/outputs/lab-restored/LAC_REPRO_R210/ACTIVE_RESEARCH/R207_MASLOV_SYMBOLIC_FAVORABLE_SETS/symbolic_favorable.py", line 120, in <genexpr>
    return all(visit(child) for child in children)
               ^^^^^^^^^^^^
  File "/Users/mertalituncer/Documents/Codex/2026-09-13/do-x20/outputs/lab-restored/LAC_REPRO_R210/ACTIVE_RESEARCH/R207_MASLOV_SYMBOLIC_FAVORABLE_SETS/symbolic_favorable.py", line 121, in visit
    return any(visit(child) for child in children)
           ^^^^^^^^^^^^^^^^^^^^^^^^^^^^^^^^^^^^^^^
  File "/Users/mertalituncer/Documents/Codex/2026-09-13/do-x20/outputs/lab-restored/LAC_REPRO_R210/ACTIVE_RESEARCH/R207_MASLOV_SYMBOLIC_FAVORABLE_SETS/symbolic_favorable.py", line 121, in <genexpr>
    return any(visit(child) for child in children)
               ^^^^^^^^^^^^
  File "/Users/mertalituncer/Documents/Codex/2026-09-13/do-x20/outputs/lab-restored/LAC_REPRO_R210/ACTIVE_RESEARCH/R207_MASLOV_SYMBOLIC_FAVORABLE_SETS/symbolic_favorable.py", line 120, in visit
    return all(visit(child) for child in children)
           ^^^^^^^^^^^^^^^^^^^^^^^^^^^^^^^^^^^^^^^
  File "/Users/mertalituncer/Documents/Codex/2026-09-13/do-x20/outputs/lab-restored/LAC_REPRO_R210/ACTIVE_RESEARCH/R207_MASLOV_SYMBOLIC_FAVORABLE_SETS/symbolic_favorable.py", line 120, in <genexpr>
    return all(visit(child) for child in children)
               ^^^^^^^^^^^^
  File "/Users/mertalituncer/Documents/Codex/2026-09-13/do-x20/outputs/lab-restored/LAC_REPRO_R210/ACTIVE_RESEARCH/R207_MASLOV_SYMBOLIC_FAVORABLE_SETS/symbolic_favorable.py", line 121, in visit
    return any(visit(child) for child in children)
           ^^^^^^^^^^^^^^^^^^^^^^^^^^^^^^^^^^^^^^^
  File "/Users/mertalituncer/Documents/Codex/2026-09-13/do-x20/outputs/lab-restored/LAC_REPRO_R210/ACTIVE_RESEARCH/R207_MASLOV_SYMBOLIC_FAVORABLE_SETS/symbolic_favorable.py", line 121, in <genexpr>
    return any(visit(child) for child in children)
               ^^^^^^^^^^^^
  File "/Users/mertalituncer/Documents/Codex/2026-09-13/do-x20/outputs/lab-restored/LAC_REPRO_R210/ACTIVE_RESEARCH/R207_MASLOV_SYMBOLIC_FAVORABLE_SETS/symbolic_favorable.py", line 120, in visit
    return all(visit(child) for child in children)
           ^^^^^^^^^^^^^^^^^^^^^^^^^^^^^^^^^^^^^^^
  File "/Users/mertalituncer/Documents/Codex/2026-09-13/do-x20/outputs/lab-restored/LAC_REPRO_R210/ACTIVE_RESEARCH/R207_MASLOV_SYMBOLIC_FAVORABLE_SETS/symbolic_favorable.py", line 120, in <genexpr>
    return all(visit(child) for child in children)
               ^^^^^^^^^^^^
  File "/Users/mertalituncer/Documents/Codex/2026-09-13/do-x20/outputs/lab-restored/LAC_REPRO_R210/ACTIVE_RESEARCH/R207_MASLOV_SYMBOLIC_FAVORABLE_SETS/symbolic_favorable.py", line 121, in visit
    return any(visit(child) for child in children)
           ^^^^^^^^^^^^^^^^^^^^^^^^^^^^^^^^^^^^^^^
  File "/Users/mertalituncer/Documents/Codex/2026-09-13/do-x20/outputs/lab-restored/LAC_REPRO_R210/ACTIVE_RESEARCH/R207_MASLOV_SYMBOLIC_FAVORABLE_SETS/symbolic_favorable.py", line 121, in <genexpr>
    return any(visit(child) for child in children)
               ^^^^^^^^^^^^
  File "/Users/mertalituncer/Documents/Codex/2026-09-13/do-x20/outputs/lab-restored/LAC_REPRO_R210/ACTIVE_RESEARCH/R207_MASLOV_SYMBOLIC_FAVORABLE_SETS/symbolic_favorable.py", line 120, in visit
    return all(visit(child) for child in children)
           ^^^^^^^^^^^^^^^^^^^^^^^^^^^^^^^^^^^^^^^
  File "/Users/mertalituncer/Documents/Codex/2026-09-13/do-x20/outputs/lab-restored/LAC_REPRO_R210/ACTIVE_RESEARCH/R207_MASLOV_SYMBOLIC_FAVORABLE_SETS/symbolic_favorable.py", line 120, in <genexpr>
    return all(visit(child) for child in children)
               ^^^^^^^^^^^^
  File "/Users/mertalituncer/Documents/Codex/2026-09-13/do-x20/outputs/lab-restored/LAC_REPRO_R210/ACTIVE_RESEARCH/R207_MASLOV_SYMBOLIC_FAVORABLE_SETS/symbolic_favorable.py", line 121, in visit
    return any(visit(child) for child in children)
           ^^^^^^^^^^^^^^^^^^^^^^^^^^^^^^^^^^^^^^^
  File "/Users/mertalituncer/Documents/Codex/2026-09-13/do-x20/outputs/lab-restored/LAC_REPRO_R210/ACTIVE_RESEARCH/R207_MASLOV_SYMBOLIC_FAVORABLE_SETS/symbolic_favorable.py", line 121, in <genexpr>
    return any(visit(child) for child in children)
               ^^^^^^^^^^^^
  File "/Users/mertalituncer/Documents/Codex/2026-09-13/do-x20/outputs/lab-restored/LAC_REPRO_R210/ACTIVE_RESEARCH/R207_MASLOV_SYMBOLIC_FAVORABLE_SETS/symbolic_favorable.py", line 120, in visit
    return all(visit(child) for child in children)
           ^^^^^^^^^^^^^^^^^^^^^^^^^^^^^^^^^^^^^^^
  File "/Users/mertalituncer/Documents/Codex/2026-09-13/do-x20/outputs/lab-restored/LAC_REPRO_R210/ACTIVE_RESEARCH/R207_MASLOV_SYMBOLIC_FAVORABLE_SETS/symbolic_favorable.py", line 120, in <genexpr>
    return all(visit(child) for child in children)
               ^^^^^^^^^^^^
  File "/Users/mertalituncer/Documents/Codex/2026-09-13/do-x20/outputs/lab-restored/LAC_REPRO_R210/ACTIVE_RESEARCH/R207_MASLOV_SYMBOLIC_FAVORABLE_SETS/symbolic_favorable.py", line 121, in visit
    return any(visit(child) for child in children)
           ^^^^^^^^^^^^^^^^^^^^^^^^^^^^^^^^^^^^^^^
  File "/Users/mertalituncer/Documents/Codex/2026-09-13/do-x20/outputs/lab-restored/LAC_REPRO_R210/ACTIVE_RESEARCH/R207_MASLOV_SYMBOLIC_FAVORABLE_SETS/symbolic_favorable.py", line 121, in <genexpr>
    return any(visit(child) for child in children)
               ^^^^^^^^^^^^
  File "/Users/mertalituncer/Documents/Codex/2026-09-13/do-x20/outputs/lab-restored/LAC_REPRO_R210/ACTIVE_RESEARCH/R207_MASLOV_SYMBOLIC_FAVORABLE_SETS/symbolic_favorable.py", line 120, in visit
    return all(visit(child) for child in children)
           ^^^^^^^^^^^^^^^^^^^^^^^^^^^^^^^^^^^^^^^
  File "/Users/mertalituncer/Documents/Codex/2026-09-13/do-x20/outputs/lab-restored/LAC_REPRO_R210/ACTIVE_RESEARCH/R207_MASLOV_SYMBOLIC_FAVORABLE_SETS/symbolic_favorable.py", line 120, in <genexpr>
    return all(visit(child) for child in children)
               ^^^^^^^^^^^^
  File "/Users/mertalituncer/Documents/Codex/2026-09-13/do-x20/outputs/lab-restored/LAC_REPRO_R210/ACTIVE_RESEARCH/R207_MASLOV_SYMBOLIC_FAVORABLE_SETS/symbolic_favorable.py", line 121, in visit
    return any(visit(child) for child in children)
           ^^^^^^^^^^^^^^^^^^^^^^^^^^^^^^^^^^^^^^^
  File "/Users/mertalituncer/Documents/Codex/2026-09-13/do-x20/outputs/lab-restored/LAC_REPRO_R210/ACTIVE_RESEARCH/R207_MASLOV_SYMBOLIC_FAVORABLE_SETS/symbolic_favorable.py", line 121, in <genexpr>
    return any(visit(child) for child in children)
               ^^^^^^^^^^^^
  File "/Users/mertalituncer/Documents/Codex/2026-09-13/do-x20/outputs/lab-restored/LAC_REPRO_R210/ACTIVE_RESEARCH/R207_MASLOV_SYMBOLIC_FAVORABLE_SETS/symbolic_favorable.py", line 120, in visit
    return all(visit(child) for child in children)
           ^^^^^^^^^^^^^^^^^^^^^^^^^^^^^^^^^^^^^^^
  File "/Users/mertalituncer/Documents/Codex/2026-09-13/do-x20/outputs/lab-restored/LAC_REPRO_R210/ACTIVE_RESEARCH/R207_MASLOV_SYMBOLIC_FAVORABLE_SETS/symbolic_favorable.py", line 120, in <genexpr>
    return all(visit(child) for child in children)
               ^^^^^^^^^^^^
  File "/Users/mertalituncer/Documents/Codex/2026-09-13/do-x20/outputs/lab-restored/LAC_REPRO_R210/ACTIVE_RESEARCH/R207_MASLOV_SYMBOLIC_FAVORABLE_SETS/symbolic_favorable.py", line 121, in visit
    return any(visit(child) for child in children)
           ^^^^^^^^^^^^^^^^^^^^^^^^^^^^^^^^^^^^^^^
  File "/Users/mertalituncer/Documents/Codex/2026-09-13/do-x20/outputs/lab-restored/LAC_REPRO_R210/ACTIVE_RESEARCH/R207_MASLOV_SYMBOLIC_FAVORABLE_SETS/symbolic_favorable.py", line 121, in <genexpr>
    return any(visit(child) for child in children)
               ^^^^^^^^^^^^
  File "/Users/mertalituncer/Documents/Codex/2026-09-13/do-x20/outputs/lab-restored/LAC_REPRO_R210/ACTIVE_RESEARCH/R207_MASLOV_SYMBOLIC_FAVORABLE_SETS/symbolic_favorable.py", line 120, in visit
    return all(visit(child) for child in children)
           ^^^^^^^^^^^^^^^^^^^^^^^^^^^^^^^^^^^^^^^
  File "/Users/mertalituncer/Documents/Codex/2026-09-13/do-x20/outputs/lab-restored/LAC_REPRO_R210/ACTIVE_RESEARCH/R207_MASLOV_SYMBOLIC_FAVORABLE_SETS/symbolic_favorable.py", line 120, in <genexpr>
    return all(visit(child) for child in children)
               ^^^^^^^^^^^^
  File "/Users/mertalituncer/Documents/Codex/2026-09-13/do-x20/outputs/lab-restored/LAC_REPRO_R210/ACTIVE_RESEARCH/R207_MASLOV_SYMBOLIC_FAVORABLE_SETS/symbolic_favorable.py", line 121, in visit
    return any(visit(child) for child in children)
           ^^^^^^^^^^^^^^^^^^^^^^^^^^^^^^^^^^^^^^^
  File "/Users/mertalituncer/Documents/Codex/2026-09-13/do-x20/outputs/lab-restored/LAC_REPRO_R210/ACTIVE_RESEARCH/R207_MASLOV_SYMBOLIC_FAVORABLE_SETS/symbolic_favorable.py", line 121, in <genexpr>
    return any(visit(child) for child in children)
               ^^^^^^^^^^^^
  File "/Users/mertalituncer/Documents/Codex/2026-09-13/do-x20/outputs/lab-restored/LAC_REPRO_R210/ACTIVE_RESEARCH/R207_MASLOV_SYMBOLIC_FAVORABLE_SETS/symbolic_favorable.py", line 120, in visit
    return all(visit(child) for child in children)
           ^^^^^^^^^^^^^^^^^^^^^^^^^^^^^^^^^^^^^^^
  File "/Users/mertalituncer/Documents/Codex/2026-09-13/do-x20/outputs/lab-restored/LAC_REPRO_R210/ACTIVE_RESEARCH/R207_MASLOV_SYMBOLIC_FAVORABLE_SETS/symbolic_favorable.py", line 120, in <genexpr>
    return all(visit(child) for child in children)
               ^^^^^^^^^^^^
  File "/Users/mertalituncer/Documents/Codex/2026-09-13/do-x20/outputs/lab-restored/LAC_REPRO_R210/ACTIVE_RESEARCH/R207_MASLOV_SYMBOLIC_FAVORABLE_SETS/symbolic_favorable.py", line 121, in visit
    return any(visit(child) for child in children)
           ^^^^^^^^^^^^^^^^^^^^^^^^^^^^^^^^^^^^^^^
  File "/Users/mertalituncer/Documents/Codex/2026-09-13/do-x20/outputs/lab-restored/LAC_REPRO_R210/ACTIVE_RESEARCH/R207_MASLOV_SYMBOLIC_FAVORABLE_SETS/symbolic_favorable.py", line 121, in <genexpr>
    return any(visit(child) for child in children)
               ^^^^^^^^^^^^
  File "/Users/mertalituncer/Documents/Codex/2026-09-13/do-x20/outputs/lab-restored/LAC_REPRO_R210/ACTIVE_RESEARCH/R207_MASLOV_SYMBOLIC_FAVORABLE_SETS/symbolic_favorable.py", line 120, in visit
    return all(visit(child) for child in children)
           ^^^^^^^^^^^^^^^^^^^^^^^^^^^^^^^^^^^^^^^
  File "/Users/mertalituncer/Documents/Codex/2026-09-13/do-x20/outputs/lab-restored/LAC_REPRO_R210/ACTIVE_RESEARCH/R207_MASLOV_SYMBOLIC_FAVORABLE_SETS/symbolic_favorable.py", line 120, in <genexpr>
    return all(visit(child) for child in children)
               ^^^^^^^^^^^^
  File "/Users/mertalituncer/Documents/Codex/2026-09-13/do-x20/outputs/lab-restored/LAC_REPRO_R210/ACTIVE_RESEARCH/R207_MASLOV_SYMBOLIC_FAVORABLE_SETS/symbolic_favorable.py", line 121, in visit
    return any(visit(child) for child in children)
           ^^^^^^^^^^^^^^^^^^^^^^^^^^^^^^^^^^^^^^^
  File "/Users/mertalituncer/Documents/Codex/2026-09-13/do-x20/outputs/lab-restored/LAC_REPRO_R210/ACTIVE_RESEARCH/R207_MASLOV_SYMBOLIC_FAVORABLE_SETS/symbolic_favorable.py", line 121, in <genexpr>
    return any(visit(child) for child in children)
               ^^^^^^^^^^^^
  File "/Users/mertalituncer/Documents/Codex/2026-09-13/do-x20/outputs/lab-restored/LAC_REPRO_R210/ACTIVE_RESEARCH/R207_MASLOV_SYMBOLIC_FAVORABLE_SETS/symbolic_favorable.py", line 120, in visit
    return all(visit(child) for child in children)
           ^^^^^^^^^^^^^^^^^^^^^^^^^^^^^^^^^^^^^^^
  File "/Users/mertalituncer/Documents/Codex/2026-09-13/do-x20/outputs/lab-restored/LAC_REPRO_R210/ACTIVE_RESEARCH/R207_MASLOV_SYMBOLIC_FAVORABLE_SETS/symbolic_favorable.py", line 120, in <genexpr>
    return all(visit(child) for child in children)
               ^^^^^^^^^^^^
  File "/Users/mertalituncer/Documents/Codex/2026-09-13/do-x20/outputs/lab-restored/LAC_REPRO_R210/ACTIVE_RESEARCH/R207_MASLOV_SYMBOLIC_FAVORABLE_SETS/symbolic_favorable.py", line 121, in visit
    return any(visit(child) for child in children)
           ^^^^^^^^^^^^^^^^^^^^^^^^^^^^^^^^^^^^^^^
  File "/Users/mertalituncer/Documents/Codex/2026-09-13/do-x20/outputs/lab-restored/LAC_REPRO_R210/ACTIVE_RESEARCH/R207_MASLOV_SYMBOLIC_FAVORABLE_SETS/symbolic_favorable.py", line 121, in <genexpr>
    return any(visit(child) for child in children)
               ^^^^^^^^^^^^
  File "/Users/mertalituncer/Documents/Codex/2026-09-13/do-x20/outputs/lab-restored/LAC_REPRO_R210/ACTIVE_RESEARCH/R207_MASLOV_SYMBOLIC_FAVORABLE_SETS/symbolic_favorable.py", line 120, in visit
    return all(visit(child) for child in children)
           ^^^^^^^^^^^^^^^^^^^^^^^^^^^^^^^^^^^^^^^
  File "/Users/mertalituncer/Documents/Codex/2026-09-13/do-x20/outputs/lab-restored/LAC_REPRO_R210/ACTIVE_RESEARCH/R207_MASLOV_SYMBOLIC_FAVORABLE_SETS/symbolic_favorable.py", line 120, in <genexpr>
    return all(visit(child) for child in children)
               ^^^^^^^^^^^^
  File "/Users/mertalituncer/Documents/Codex/2026-09-13/do-x20/outputs/lab-restored/LAC_REPRO_R210/ACTIVE_RESEARCH/R207_MASLOV_SYMBOLIC_FAVORABLE_SETS/symbolic_favorable.py", line 121, in visit
    return any(visit(child) for child in children)
           ^^^^^^^^^^^^^^^^^^^^^^^^^^^^^^^^^^^^^^^
  File "/Users/mertalituncer/Documents/Codex/2026-09-13/do-x20/outputs/lab-restored/LAC_REPRO_R210/ACTIVE_RESEARCH/R207_MASLOV_SYMBOLIC_FAVORABLE_SETS/symbolic_favorable.py", line 121, in <genexpr>
    return any(visit(child) for child in children)
               ^^^^^^^^^^^^
  File "/Users/mertalituncer/Documents/Codex/2026-09-13/do-x20/outputs/lab-restored/LAC_REPRO_R210/ACTIVE_RESEARCH/R207_MASLOV_SYMBOLIC_FAVORABLE_SETS/symbolic_favorable.py", line 120, in visit
    return all(visit(child) for child in children)
           ^^^^^^^^^^^^^^^^^^^^^^^^^^^^^^^^^^^^^^^
  File "/Users/mertalituncer/Documents/Codex/2026-09-13/do-x20/outputs/lab-restored/LAC_REPRO_R210/ACTIVE_RESEARCH/R207_MASLOV_SYMBOLIC_FAVORABLE_SETS/symbolic_favorable.py", line 120, in <genexpr>
    return all(visit(child) for child in children)
               ^^^^^^^^^^^^
  File "/Users/mertalituncer/Documents/Codex/2026-09-13/do-x20/outputs/lab-restored/LAC_REPRO_R210/ACTIVE_RESEARCH/R207_MASLOV_SYMBOLIC_FAVORABLE_SETS/symbolic_favorable.py", line 121, in visit
    return any(visit(child) for child in children)
           ^^^^^^^^^^^^^^^^^^^^^^^^^^^^^^^^^^^^^^^
  File "/Users/mertalituncer/Documents/Codex/2026-09-13/do-x20/outputs/lab-restored/LAC_REPRO_R210/ACTIVE_RESEARCH/R207_MASLOV_SYMBOLIC_FAVORABLE_SETS/symbolic_favorable.py", line 121, in <genexpr>
    return any(visit(child) for child in children)
               ^^^^^^^^^^^^
  File "/Users/mertalituncer/Documents/Codex/2026-09-13/do-x20/outputs/lab-restored/LAC_REPRO_R210/ACTIVE_RESEARCH/R207_MASLOV_SYMBOLIC_FAVORABLE_SETS/symbolic_favorable.py", line 120, in visit
    return all(visit(child) for child in children)
           ^^^^^^^^^^^^^^^^^^^^^^^^^^^^^^^^^^^^^^^
  File "/Users/mertalituncer/Documents/Codex/2026-09-13/do-x20/outputs/lab-restored/LAC_REPRO_R210/ACTIVE_RESEARCH/R207_MASLOV_SYMBOLIC_FAVORABLE_SETS/symbolic_favorable.py", line 120, in <genexpr>
    return all(visit(child) for child in children)
               ^^^^^^^^^^^^
  File "/Users/mertalituncer/Documents/Codex/2026-09-13/do-x20/outputs/lab-restored/LAC_REPRO_R210/ACTIVE_RESEARCH/R207_MASLOV_SYMBOLIC_FAVORABLE_SETS/symbolic_favorable.py", line 121, in visit
    return any(visit(child) for child in children)
           ^^^^^^^^^^^^^^^^^^^^^^^^^^^^^^^^^^^^^^^
  File "/Users/mertalituncer/Documents/Codex/2026-09-13/do-x20/outputs/lab-restored/LAC_REPRO_R210/ACTIVE_RESEARCH/R207_MASLOV_SYMBOLIC_FAVORABLE_SETS/symbolic_favorable.py", line 121, in <genexpr>
    return any(visit(child) for child in children)
               ^^^^^^^^^^^^
  File "/Users/mertalituncer/Documents/Codex/2026-09-13/do-x20/outputs/lab-restored/LAC_REPRO_R210/ACTIVE_RESEARCH/R207_MASLOV_SYMBOLIC_FAVORABLE_SETS/symbolic_favorable.py", line 120, in visit
    return all(visit(child) for child in children)
           ^^^^^^^^^^^^^^^^^^^^^^^^^^^^^^^^^^^^^^^
  File "/Users/mertalituncer/Documents/Codex/2026-09-13/do-x20/outputs/lab-restored/LAC_REPRO_R210/ACTIVE_RESEARCH/R207_MASLOV_SYMBOLIC_FAVORABLE_SETS/symbolic_favorable.py", line 120, in <genexpr>
    return all(visit(child) for child in children)
               ^^^^^^^^^^^^
  File "/Users/mertalituncer/Documents/Codex/2026-09-13/do-x20/outputs/lab-restored/LAC_REPRO_R210/ACTIVE_RESEARCH/R207_MASLOV_SYMBOLIC_FAVORABLE_SETS/symbolic_favorable.py", line 121, in visit
    return any(visit(child) for child in children)
           ^^^^^^^^^^^^^^^^^^^^^^^^^^^^^^^^^^^^^^^
  File "/Users/mertalituncer/Documents/Codex/2026-09-13/do-x20/outputs/lab-restored/LAC_REPRO_R210/ACTIVE_RESEARCH/R207_MASLOV_SYMBOLIC_FAVORABLE_SETS/symbolic_favorable.py", line 121, in <genexpr>
    return any(visit(child) for child in children)
               ^^^^^^^^^^^^
  File "/Users/mertalituncer/Documents/Codex/2026-09-13/do-x20/outputs/lab-restored/LAC_REPRO_R210/ACTIVE_RESEARCH/R207_MASLOV_SYMBOLIC_FAVORABLE_SETS/symbolic_favorable.py", line 120, in visit
    return all(visit(child) for child in children)
           ^^^^^^^^^^^^^^^^^^^^^^^^^^^^^^^^^^^^^^^
  File "/Users/mertalituncer/Documents/Codex/2026-09-13/do-x20/outputs/lab-restored/LAC_REPRO_R210/ACTIVE_RESEARCH/R207_MASLOV_SYMBOLIC_FAVORABLE_SETS/symbolic_favorable.py", line 120, in <genexpr>
    return all(visit(child) for child in children)
               ^^^^^^^^^^^^
  File "/Users/mertalituncer/Documents/Codex/2026-09-13/do-x20/outputs/lab-restored/LAC_REPRO_R210/ACTIVE_RESEARCH/R207_MASLOV_SYMBOLIC_FAVORABLE_SETS/symbolic_favorable.py", line 121, in visit
    return any(visit(child) for child in children)
           ^^^^^^^^^^^^^^^^^^^^^^^^^^^^^^^^^^^^^^^
  File "/Users/mertalituncer/Documents/Codex/2026-09-13/do-x20/outputs/lab-restored/LAC_REPRO_R210/ACTIVE_RESEARCH/R207_MASLOV_SYMBOLIC_FAVORABLE_SETS/symbolic_favorable.py", line 121, in <genexpr>
    return any(visit(child) for child in children)
               ^^^^^^^^^^^^
  File "/Users/mertalituncer/Documents/Codex/2026-09-13/do-x20/outputs/lab-restored/LAC_REPRO_R210/ACTIVE_RESEARCH/R207_MASLOV_SYMBOLIC_FAVORABLE_SETS/symbolic_favorable.py", line 120, in visit
    return all(visit(child) for child in children)
           ^^^^^^^^^^^^^^^^^^^^^^^^^^^^^^^^^^^^^^^
  File "/Users/mertalituncer/Documents/Codex/2026-09-13/do-x20/outputs/lab-restored/LAC_REPRO_R210/ACTIVE_RESEARCH/R207_MASLOV_SYMBOLIC_FAVORABLE_SETS/symbolic_favorable.py", line 120, in <genexpr>
    return all(visit(child) for child in children)
               ^^^^^^^^^^^^
  File "/Users/mertalituncer/Documents/Codex/2026-09-13/do-x20/outputs/lab-restored/LAC_REPRO_R210/ACTIVE_RESEARCH/R207_MASLOV_SYMBOLIC_FAVORABLE_SETS/symbolic_favorable.py", line 121, in visit
    return any(visit(child) for child in children)
           ^^^^^^^^^^^^^^^^^^^^^^^^^^^^^^^^^^^^^^^
  File "/Users/mertalituncer/Documents/Codex/2026-09-13/do-x20/outputs/lab-restored/LAC_REPRO_R210/ACTIVE_RESEARCH/R207_MASLOV_SYMBOLIC_FAVORABLE_SETS/symbolic_favorable.py", line 121, in <genexpr>
    return any(visit(child) for child in children)
               ^^^^^^^^^^^^
  File "/Users/mertalituncer/Documents/Codex/2026-09-13/do-x20/outputs/lab-restored/LAC_REPRO_R210/ACTIVE_RESEARCH/R207_MASLOV_SYMBOLIC_FAVORABLE_SETS/symbolic_favorable.py", line 120, in visit
    return all(visit(child) for child in children)
           ^^^^^^^^^^^^^^^^^^^^^^^^^^^^^^^^^^^^^^^
  File "/Users/mertalituncer/Documents/Codex/2026-09-13/do-x20/outputs/lab-restored/LAC_REPRO_R210/ACTIVE_RESEARCH/R207_MASLOV_SYMBOLIC_FAVORABLE_SETS/symbolic_favorable.py", line 120, in <genexpr>
    return all(visit(child) for child in children)
               ^^^^^^^^^^^^
  File "/Users/mertalituncer/Documents/Codex/2026-09-13/do-x20/outputs/lab-restored/LAC_REPRO_R210/ACTIVE_RESEARCH/R207_MASLOV_SYMBOLIC_FAVORABLE_SETS/symbolic_favorable.py", line 121, in visit
    return any(visit(child) for child in children)
           ^^^^^^^^^^^^^^^^^^^^^^^^^^^^^^^^^^^^^^^
  File "/Users/mertalituncer/Documents/Codex/2026-09-13/do-x20/outputs/lab-restored/LAC_REPRO_R210/ACTIVE_RESEARCH/R207_MASLOV_SYMBOLIC_FAVORABLE_SETS/symbolic_favorable.py", line 121, in <genexpr>
    return any(visit(child) for child in children)
               ^^^^^^^^^^^^
  File "/Users/mertalituncer/Documents/Codex/2026-09-13/do-x20/outputs/lab-restored/LAC_REPRO_R210/ACTIVE_RESEARCH/R207_MASLOV_SYMBOLIC_FAVORABLE_SETS/symbolic_favorable.py", line 120, in visit
    return all(visit(child) for child in children)
           ^^^^^^^^^^^^^^^^^^^^^^^^^^^^^^^^^^^^^^^
  File "/Users/mertalituncer/Documents/Codex/2026-09-13/do-x20/outputs/lab-restored/LAC_REPRO_R210/ACTIVE_RESEARCH/R207_MASLOV_SYMBOLIC_FAVORABLE_SETS/symbolic_favorable.py", line 120, in <genexpr>
    return all(visit(child) for child in children)
               ^^^^^^^^^^^^
  File "/Users/mertalituncer/Documents/Codex/2026-09-13/do-x20/outputs/lab-restored/LAC_REPRO_R210/ACTIVE_RESEARCH/R207_MASLOV_SYMBOLIC_FAVORABLE_SETS/symbolic_favorable.py", line 121, in visit
    return any(visit(child) for child in children)
           ^^^^^^^^^^^^^^^^^^^^^^^^^^^^^^^^^^^^^^^
  File "/Users/mertalituncer/Documents/Codex/2026-09-13/do-x20/outputs/lab-restored/LAC_REPRO_R210/ACTIVE_RESEARCH/R207_MASLOV_SYMBOLIC_FAVORABLE_SETS/symbolic_favorable.py", line 121, in <genexpr>
    return any(visit(child) for child in children)
               ^^^^^^^^^^^^
  File "/Users/mertalituncer/Documents/Codex/2026-09-13/do-x20/outputs/lab-restored/LAC_REPRO_R210/ACTIVE_RESEARCH/R207_MASLOV_SYMBOLIC_FAVORABLE_SETS/symbolic_favorable.py", line 120, in visit
    return all(visit(child) for child in children)
           ^^^^^^^^^^^^^^^^^^^^^^^^^^^^^^^^^^^^^^^
  File "/Users/mertalituncer/Documents/Codex/2026-09-13/do-x20/outputs/lab-restored/LAC_REPRO_R210/ACTIVE_RESEARCH/R207_MASLOV_SYMBOLIC_FAVORABLE_SETS/symbolic_favorable.py", line 120, in <genexpr>
    return all(visit(child) for child in children)
               ^^^^^^^^^^^^
  File "/Users/mertalituncer/Documents/Codex/2026-09-13/do-x20/outputs/lab-restored/LAC_REPRO_R210/ACTIVE_RESEARCH/R207_MASLOV_SYMBOLIC_FAVORABLE_SETS/symbolic_favorable.py", line 121, in visit
    return any(visit(child) for child in children)
           ^^^^^^^^^^^^^^^^^^^^^^^^^^^^^^^^^^^^^^^
  File "/Users/mertalituncer/Documents/Codex/2026-09-13/do-x20/outputs/lab-restored/LAC_REPRO_R210/ACTIVE_RESEARCH/R207_MASLOV_SYMBOLIC_FAVORABLE_SETS/symbolic_favorable.py", line 121, in <genexpr>
    return any(visit(child) for child in children)
               ^^^^^^^^^^^^
  File "/Users/mertalituncer/Documents/Codex/2026-09-13/do-x20/outputs/lab-restored/LAC_REPRO_R210/ACTIVE_RESEARCH/R207_MASLOV_SYMBOLIC_FAVORABLE_SETS/symbolic_favorable.py", line 120, in visit
    return all(visit(child) for child in children)
           ^^^^^^^^^^^^^^^^^^^^^^^^^^^^^^^^^^^^^^^
  File "/Users/mertalituncer/Documents/Codex/2026-09-13/do-x20/outputs/lab-restored/LAC_REPRO_R210/ACTIVE_RESEARCH/R207_MASLOV_SYMBOLIC_FAVORABLE_SETS/symbolic_favorable.py", line 120, in <genexpr>
    return all(visit(child) for child in children)
               ^^^^^^^^^^^^
  File "/Users/mertalituncer/Documents/Codex/2026-09-13/do-x20/outputs/lab-restored/LAC_REPRO_R210/ACTIVE_RESEARCH/R207_MASLOV_SYMBOLIC_FAVORABLE_SETS/symbolic_favorable.py", line 121, in visit
    return any(visit(child) for child in children)
           ^^^^^^^^^^^^^^^^^^^^^^^^^^^^^^^^^^^^^^^
  File "/Users/mertalituncer/Documents/Codex/2026-09-13/do-x20/outputs/lab-restored/LAC_REPRO_R210/ACTIVE_RESEARCH/R207_MASLOV_SYMBOLIC_FAVORABLE_SETS/symbolic_favorable.py", line 121, in <genexpr>
    return any(visit(child) for child in children)
               ^^^^^^^^^^^^
  File "/Users/mertalituncer/Documents/Codex/2026-09-13/do-x20/outputs/lab-restored/LAC_REPRO_R210/ACTIVE_RESEARCH/R207_MASLOV_SYMBOLIC_FAVORABLE_SETS/symbolic_favorable.py", line 120, in visit
    return all(visit(child) for child in children)
           ^^^^^^^^^^^^^^^^^^^^^^^^^^^^^^^^^^^^^^^
  File "/Users/mertalituncer/Documents/Codex/2026-09-13/do-x20/outputs/lab-restored/LAC_REPRO_R210/ACTIVE_RESEARCH/R207_MASLOV_SYMBOLIC_FAVORABLE_SETS/symbolic_favorable.py", line 120, in <genexpr>
    return all(visit(child) for child in children)
               ^^^^^^^^^^^^
  File "/Users/mertalituncer/Documents/Codex/2026-09-13/do-x20/outputs/lab-restored/LAC_REPRO_R210/ACTIVE_RESEARCH/R207_MASLOV_SYMBOLIC_FAVORABLE_SETS/symbolic_favorable.py", line 121, in visit
    return any(visit(child) for child in children)
           ^^^^^^^^^^^^^^^^^^^^^^^^^^^^^^^^^^^^^^^
  File "/Users/mertalituncer/Documents/Codex/2026-09-13/do-x20/outputs/lab-restored/LAC_REPRO_R210/ACTIVE_RESEARCH/R207_MASLOV_SYMBOLIC_FAVORABLE_SETS/symbolic_favorable.py", line 121, in <genexpr>
    return any(visit(child) for child in children)
               ^^^^^^^^^^^^
  File "/Users/mertalituncer/Documents/Codex/2026-09-13/do-x20/outputs/lab-restored/LAC_REPRO_R210/ACTIVE_RESEARCH/R207_MASLOV_SYMBOLIC_FAVORABLE_SETS/symbolic_favorable.py", line 120, in visit
    return all(visit(child) for child in children)
           ^^^^^^^^^^^^^^^^^^^^^^^^^^^^^^^^^^^^^^^
  File "/Users/mertalituncer/Documents/Codex/2026-09-13/do-x20/outputs/lab-restored/LAC_REPRO_R210/ACTIVE_RESEARCH/R207_MASLOV_SYMBOLIC_FAVORABLE_SETS/symbolic_favorable.py", line 120, in <genexpr>
    return all(visit(child) for child in children)
               ^^^^^^^^^^^^
  File "/Users/mertalituncer/Documents/Codex/2026-09-13/do-x20/outputs/lab-restored/LAC_REPRO_R210/ACTIVE_RESEARCH/R207_MASLOV_SYMBOLIC_FAVORABLE_SETS/symbolic_favorable.py", line 121, in visit
    return any(visit(child) for child in children)
           ^^^^^^^^^^^^^^^^^^^^^^^^^^^^^^^^^^^^^^^
  File "/Users/mertalituncer/Documents/Codex/2026-09-13/do-x20/outputs/lab-restored/LAC_REPRO_R210/ACTIVE_RESEARCH/R207_MASLOV_SYMBOLIC_FAVORABLE_SETS/symbolic_favorable.py", line 121, in <genexpr>
    return any(visit(child) for child in children)
               ^^^^^^^^^^^^
  File "/Users/mertalituncer/Documents/Codex/2026-09-13/do-x20/outputs/lab-restored/LAC_REPRO_R210/ACTIVE_RESEARCH/R207_MASLOV_SYMBOLIC_FAVORABLE_SETS/symbolic_favorable.py", line 120, in visit
    return all(visit(child) for child in children)
           ^^^^^^^^^^^^^^^^^^^^^^^^^^^^^^^^^^^^^^^
  File "/Users/mertalituncer/Documents/Codex/2026-09-13/do-x20/outputs/lab-restored/LAC_REPRO_R210/ACTIVE_RESEARCH/R207_MASLOV_SYMBOLIC_FAVORABLE_SETS/symbolic_favorable.py", line 120, in <genexpr>
    return all(visit(child) for child in children)
               ^^^^^^^^^^^^
  File "/Users/mertalituncer/Documents/Codex/2026-09-13/do-x20/outputs/lab-restored/LAC_REPRO_R210/ACTIVE_RESEARCH/R207_MASLOV_SYMBOLIC_FAVORABLE_SETS/symbolic_favorable.py", line 121, in visit
    return any(visit(child) for child in children)
           ^^^^^^^^^^^^^^^^^^^^^^^^^^^^^^^^^^^^^^^
  File "/Users/mertalituncer/Documents/Codex/2026-09-13/do-x20/outputs/lab-restored/LAC_REPRO_R210/ACTIVE_RESEARCH/R207_MASLOV_SYMBOLIC_FAVORABLE_SETS/symbolic_favorable.py", line 121, in <genexpr>
    return any(visit(child) for child in children)
               ^^^^^^^^^^^^
  File "/Users/mertalituncer/Documents/Codex/2026-09-13/do-x20/outputs/lab-restored/LAC_REPRO_R210/ACTIVE_RESEARCH/R207_MASLOV_SYMBOLIC_FAVORABLE_SETS/symbolic_favorable.py", line 120, in visit
    return all(visit(child) for child in children)
           ^^^^^^^^^^^^^^^^^^^^^^^^^^^^^^^^^^^^^^^
  File "/Users/mertalituncer/Documents/Codex/2026-09-13/do-x20/outputs/lab-restored/LAC_REPRO_R210/ACTIVE_RESEARCH/R207_MASLOV_SYMBOLIC_FAVORABLE_SETS/symbolic_favorable.py", line 120, in <genexpr>
    return all(visit(child) for child in children)
               ^^^^^^^^^^^^
  File "/Users/mertalituncer/Documents/Codex/2026-09-13/do-x20/outputs/lab-restored/LAC_REPRO_R210/ACTIVE_RESEARCH/R207_MASLOV_SYMBOLIC_FAVORABLE_SETS/symbolic_favorable.py", line 121, in visit
    return any(visit(child) for child in children)
           ^^^^^^^^^^^^^^^^^^^^^^^^^^^^^^^^^^^^^^^
  File "/Users/mertalituncer/Documents/Codex/2026-09-13/do-x20/outputs/lab-restored/LAC_REPRO_R210/ACTIVE_RESEARCH/R207_MASLOV_SYMBOLIC_FAVORABLE_SETS/symbolic_favorable.py", line 121, in <genexpr>
    return any(visit(child) for child in children)
               ^^^^^^^^^^^^
  File "/Users/mertalituncer/Documents/Codex/2026-09-13/do-x20/outputs/lab-restored/LAC_REPRO_R210/ACTIVE_RESEARCH/R207_MASLOV_SYMBOLIC_FAVORABLE_SETS/symbolic_favorable.py", line 120, in visit
    return all(visit(child) for child in children)
           ^^^^^^^^^^^^^^^^^^^^^^^^^^^^^^^^^^^^^^^
  File "/Users/mertalituncer/Documents/Codex/2026-09-13/do-x20/outputs/lab-restored/LAC_REPRO_R210/ACTIVE_RESEARCH/R207_MASLOV_SYMBOLIC_FAVORABLE_SETS/symbolic_favorable.py", line 120, in <genexpr>
    return all(visit(child) for child in children)
               ^^^^^^^^^^^^
  File "/Users/mertalituncer/Documents/Codex/2026-09-13/do-x20/outputs/lab-restored/LAC_REPRO_R210/ACTIVE_RESEARCH/R207_MASLOV_SYMBOLIC_FAVORABLE_SETS/symbolic_favorable.py", line 121, in visit
    return any(visit(child) for child in children)
           ^^^^^^^^^^^^^^^^^^^^^^^^^^^^^^^^^^^^^^^
  File "/Users/mertalituncer/Documents/Codex/2026-09-13/do-x20/outputs/lab-restored/LAC_REPRO_R210/ACTIVE_RESEARCH/R207_MASLOV_SYMBOLIC_FAVORABLE_SETS/symbolic_favorable.py", line 121, in <genexpr>
    return any(visit(child) for child in children)
               ^^^^^^^^^^^^
  File "/Users/mertalituncer/Documents/Codex/2026-09-13/do-x20/outputs/lab-restored/LAC_REPRO_R210/ACTIVE_RESEARCH/R207_MASLOV_SYMBOLIC_FAVORABLE_SETS/symbolic_favorable.py", line 120, in visit
    return all(visit(child) for child in children)
           ^^^^^^^^^^^^^^^^^^^^^^^^^^^^^^^^^^^^^^^
  File "/Users/mertalituncer/Documents/Codex/2026-09-13/do-x20/outputs/lab-restored/LAC_REPRO_R210/ACTIVE_RESEARCH/R207_MASLOV_SYMBOLIC_FAVORABLE_SETS/symbolic_favorable.py", line 120, in <genexpr>
    return all(visit(child) for child in children)
               ^^^^^^^^^^^^
  File "/Users/mertalituncer/Documents/Codex/2026-09-13/do-x20/outputs/lab-restored/LAC_REPRO_R210/ACTIVE_RESEARCH/R207_MASLOV_SYMBOLIC_FAVORABLE_SETS/symbolic_favorable.py", line 121, in visit
    return any(visit(child) for child in children)
           ^^^^^^^^^^^^^^^^^^^^^^^^^^^^^^^^^^^^^^^
  File "/Users/mertalituncer/Documents/Codex/2026-09-13/do-x20/outputs/lab-restored/LAC_REPRO_R210/ACTIVE_RESEARCH/R207_MASLOV_SYMBOLIC_FAVORABLE_SETS/symbolic_favorable.py", line 121, in <genexpr>
    return any(visit(child) for child in children)
               ^^^^^^^^^^^^
  File "/Users/mertalituncer/Documents/Codex/2026-09-13/do-x20/outputs/lab-restored/LAC_REPRO_R210/ACTIVE_RESEARCH/R207_MASLOV_SYMBOLIC_FAVORABLE_SETS/symbolic_favorable.py", line 120, in visit
    return all(visit(child) for child in children)
           ^^^^^^^^^^^^^^^^^^^^^^^^^^^^^^^^^^^^^^^
  File "/Users/mertalituncer/Documents/Codex/2026-09-13/do-x20/outputs/lab-restored/LAC_REPRO_R210/ACTIVE_RESEARCH/R207_MASLOV_SYMBOLIC_FAVORABLE_SETS/symbolic_favorable.py", line 120, in <genexpr>
    return all(visit(child) for child in children)
               ^^^^^^^^^^^^
  File "/Users/mertalituncer/Documents/Codex/2026-09-13/do-x20/outputs/lab-restored/LAC_REPRO_R210/ACTIVE_RESEARCH/R207_MASLOV_SYMBOLIC_FAVORABLE_SETS/symbolic_favorable.py", line 121, in visit
    return any(visit(child) for child in children)
           ^^^^^^^^^^^^^^^^^^^^^^^^^^^^^^^^^^^^^^^
  File "/Users/mertalituncer/Documents/Codex/2026-09-13/do-x20/outputs/lab-restored/LAC_REPRO_R210/ACTIVE_RESEARCH/R207_MASLOV_SYMBOLIC_FAVORABLE_SETS/symbolic_favorable.py", line 121, in <genexpr>
    return any(visit(child) for child in children)
               ^^^^^^^^^^^^
  File "/Users/mertalituncer/Documents/Codex/2026-09-13/do-x20/outputs/lab-restored/LAC_REPRO_R210/ACTIVE_RESEARCH/R207_MASLOV_SYMBOLIC_FAVORABLE_SETS/symbolic_favorable.py", line 120, in visit
    return all(visit(child) for child in children)
           ^^^^^^^^^^^^^^^^^^^^^^^^^^^^^^^^^^^^^^^
  File "/Users/mertalituncer/Documents/Codex/2026-09-13/do-x20/outputs/lab-restored/LAC_REPRO_R210/ACTIVE_RESEARCH/R207_MASLOV_SYMBOLIC_FAVORABLE_SETS/symbolic_favorable.py", line 120, in <genexpr>
    return all(visit(child) for child in children)
               ^^^^^^^^^^^^
  File "/Users/mertalituncer/Documents/Codex/2026-09-13/do-x20/outputs/lab-restored/LAC_REPRO_R210/ACTIVE_RESEARCH/R207_MASLOV_SYMBOLIC_FAVORABLE_SETS/symbolic_favorable.py", line 121, in visit
    return any(visit(child) for child in children)
           ^^^^^^^^^^^^^^^^^^^^^^^^^^^^^^^^^^^^^^^
  File "/Users/mertalituncer/Documents/Codex/2026-09-13/do-x20/outputs/lab-restored/LAC_REPRO_R210/ACTIVE_RESEARCH/R207_MASLOV_SYMBOLIC_FAVORABLE_SETS/symbolic_favorable.py", line 121, in <genexpr>
    return any(visit(child) for child in children)
               ^^^^^^^^^^^^
  File "/Users/mertalituncer/Documents/Codex/2026-09-13/do-x20/outputs/lab-restored/LAC_REPRO_R210/ACTIVE_RESEARCH/R207_MASLOV_SYMBOLIC_FAVORABLE_SETS/symbolic_favorable.py", line 120, in visit
    return all(visit(child) for child in children)
           ^^^^^^^^^^^^^^^^^^^^^^^^^^^^^^^^^^^^^^^
  File "/Users/mertalituncer/Documents/Codex/2026-09-13/do-x20/outputs/lab-restored/LAC_REPRO_R210/ACTIVE_RESEARCH/R207_MASLOV_SYMBOLIC_FAVORABLE_SETS/symbolic_favorable.py", line 120, in <genexpr>
    return all(visit(child) for child in children)
               ^^^^^^^^^^^^
  File "/Users/mertalituncer/Documents/Codex/2026-09-13/do-x20/outputs/lab-restored/LAC_REPRO_R210/ACTIVE_RESEARCH/R207_MASLOV_SYMBOLIC_FAVORABLE_SETS/symbolic_favorable.py", line 121, in visit
    return any(visit(child) for child in children)
           ^^^^^^^^^^^^^^^^^^^^^^^^^^^^^^^^^^^^^^^
  File "/Users/mertalituncer/Documents/Codex/2026-09-13/do-x20/outputs/lab-restored/LAC_REPRO_R210/ACTIVE_RESEARCH/R207_MASLOV_SYMBOLIC_FAVORABLE_SETS/symbolic_favorable.py", line 121, in <genexpr>
    return any(visit(child) for child in children)
               ^^^^^^^^^^^^
  File "/Users/mertalituncer/Documents/Codex/2026-09-13/do-x20/outputs/lab-restored/LAC_REPRO_R210/ACTIVE_RESEARCH/R207_MASLOV_SYMBOLIC_FAVORABLE_SETS/symbolic_favorable.py", line 120, in visit
    return all(visit(child) for child in children)
           ^^^^^^^^^^^^^^^^^^^^^^^^^^^^^^^^^^^^^^^
  File "/Users/mertalituncer/Documents/Codex/2026-09-13/do-x20/outputs/lab-restored/LAC_REPRO_R210/ACTIVE_RESEARCH/R207_MASLOV_SYMBOLIC_FAVORABLE_SETS/symbolic_favorable.py", line 120, in <genexpr>
    return all(visit(child) for child in children)
               ^^^^^^^^^^^^
  File "/Users/mertalituncer/Documents/Codex/2026-09-13/do-x20/outputs/lab-restored/LAC_REPRO_R210/ACTIVE_RESEARCH/R207_MASLOV_SYMBOLIC_FAVORABLE_SETS/symbolic_favorable.py", line 121, in visit
    return any(visit(child) for child in children)
           ^^^^^^^^^^^^^^^^^^^^^^^^^^^^^^^^^^^^^^^
  File "/Users/mertalituncer/Documents/Codex/2026-09-13/do-x20/outputs/lab-restored/LAC_REPRO_R210/ACTIVE_RESEARCH/R207_MASLOV_SYMBOLIC_FAVORABLE_SETS/symbolic_favorable.py", line 121, in <genexpr>
    return any(visit(child) for child in children)
               ^^^^^^^^^^^^
  File "/Users/mertalituncer/Documents/Codex/2026-09-13/do-x20/outputs/lab-restored/LAC_REPRO_R210/ACTIVE_RESEARCH/R207_MASLOV_SYMBOLIC_FAVORABLE_SETS/symbolic_favorable.py", line 120, in visit
    return all(visit(child) for child in children)
           ^^^^^^^^^^^^^^^^^^^^^^^^^^^^^^^^^^^^^^^
  File "/Users/mertalituncer/Documents/Codex/2026-09-13/do-x20/outputs/lab-restored/LAC_REPRO_R210/ACTIVE_RESEARCH/R207_MASLOV_SYMBOLIC_FAVORABLE_SETS/symbolic_favorable.py", line 120, in <genexpr>
    return all(visit(child) for child in children)
               ^^^^^^^^^^^^
  File "/Users/mertalituncer/Documents/Codex/2026-09-13/do-x20/outputs/lab-restored/LAC_REPRO_R210/ACTIVE_RESEARCH/R207_MASLOV_SYMBOLIC_FAVORABLE_SETS/symbolic_favorable.py", line 121, in visit
    return any(visit(child) for child in children)
           ^^^^^^^^^^^^^^^^^^^^^^^^^^^^^^^^^^^^^^^
  File "/Users/mertalituncer/Documents/Codex/2026-09-13/do-x20/outputs/lab-restored/LAC_REPRO_R210/ACTIVE_RESEARCH/R207_MASLOV_SYMBOLIC_FAVORABLE_SETS/symbolic_favorable.py", line 121, in <genexpr>
    return any(visit(child) for child in children)
               ^^^^^^^^^^^^
  File "/Users/mertalituncer/Documents/Codex/2026-09-13/do-x20/outputs/lab-restored/LAC_REPRO_R210/ACTIVE_RESEARCH/R207_MASLOV_SYMBOLIC_FAVORABLE_SETS/symbolic_favorable.py", line 120, in visit
    return all(visit(child) for child in children)
           ^^^^^^^^^^^^^^^^^^^^^^^^^^^^^^^^^^^^^^^
  File "/Users/mertalituncer/Documents/Codex/2026-09-13/do-x20/outputs/lab-restored/LAC_REPRO_R210/ACTIVE_RESEARCH/R207_MASLOV_SYMBOLIC_FAVORABLE_SETS/symbolic_favorable.py", line 120, in <genexpr>
    return all(visit(child) for child in children)
               ^^^^^^^^^^^^
  File "/Users/mertalituncer/Documents/Codex/2026-09-13/do-x20/outputs/lab-restored/LAC_REPRO_R210/ACTIVE_RESEARCH/R207_MASLOV_SYMBOLIC_FAVORABLE_SETS/symbolic_favorable.py", line 121, in visit
    return any(visit(child) for child in children)
           ^^^^^^^^^^^^^^^^^^^^^^^^^^^^^^^^^^^^^^^
  File "/Users/mertalituncer/Documents/Codex/2026-09-13/do-x20/outputs/lab-restored/LAC_REPRO_R210/ACTIVE_RESEARCH/R207_MASLOV_SYMBOLIC_FAVORABLE_SETS/symbolic_favorable.py", line 121, in <genexpr>
    return any(visit(child) for child in children)
               ^^^^^^^^^^^^
  File "/Users/mertalituncer/Documents/Codex/2026-09-13/do-x20/outputs/lab-restored/LAC_REPRO_R210/ACTIVE_RESEARCH/R207_MASLOV_SYMBOLIC_FAVORABLE_SETS/symbolic_favorable.py", line 120, in visit
    return all(visit(child) for child in children)
           ^^^^^^^^^^^^^^^^^^^^^^^^^^^^^^^^^^^^^^^
  File "/Users/mertalituncer/Documents/Codex/2026-09-13/do-x20/outputs/lab-restored/LAC_REPRO_R210/ACTIVE_RESEARCH/R207_MASLOV_SYMBOLIC_FAVORABLE_SETS/symbolic_favorable.py", line 120, in <genexpr>
    return all(visit(child) for child in children)
               ^^^^^^^^^^^^
  File "/Users/mertalituncer/Documents/Codex/2026-09-13/do-x20/outputs/lab-restored/LAC_REPRO_R210/ACTIVE_RESEARCH/R207_MASLOV_SYMBOLIC_FAVORABLE_SETS/symbolic_favorable.py", line 121, in visit
    return any(visit(child) for child in children)
           ^^^^^^^^^^^^^^^^^^^^^^^^^^^^^^^^^^^^^^^
  File "/Users/mertalituncer/Documents/Codex/2026-09-13/do-x20/outputs/lab-restored/LAC_REPRO_R210/ACTIVE_RESEARCH/R207_MASLOV_SYMBOLIC_FAVORABLE_SETS/symbolic_favorable.py", line 121, in <genexpr>
    return any(visit(child) for child in children)
               ^^^^^^^^^^^^
  File "/Users/mertalituncer/Documents/Codex/2026-09-13/do-x20/outputs/lab-restored/LAC_REPRO_R210/ACTIVE_RESEARCH/R207_MASLOV_SYMBOLIC_FAVORABLE_SETS/symbolic_favorable.py", line 120, in visit
    return all(visit(child) for child in children)
           ^^^^^^^^^^^^^^^^^^^^^^^^^^^^^^^^^^^^^^^
  File "/Users/mertalituncer/Documents/Codex/2026-09-13/do-x20/outputs/lab-restored/LAC_REPRO_R210/ACTIVE_RESEARCH/R207_MASLOV_SYMBOLIC_FAVORABLE_SETS/symbolic_favorable.py", line 120, in <genexpr>
    return all(visit(child) for child in children)
               ^^^^^^^^^^^^
  File "/Users/mertalituncer/Documents/Codex/2026-09-13/do-x20/outputs/lab-restored/LAC_REPRO_R210/ACTIVE_RESEARCH/R207_MASLOV_SYMBOLIC_FAVORABLE_SETS/symbolic_favorable.py", line 121, in visit
    return any(visit(child) for child in children)
           ^^^^^^^^^^^^^^^^^^^^^^^^^^^^^^^^^^^^^^^
  File "/Users/mertalituncer/Documents/Codex/2026-09-13/do-x20/outputs/lab-restored/LAC_REPRO_R210/ACTIVE_RESEARCH/R207_MASLOV_SYMBOLIC_FAVORABLE_SETS/symbolic_favorable.py", line 121, in <genexpr>
    return any(visit(child) for child in children)
               ^^^^^^^^^^^^
  File "/Users/mertalituncer/Documents/Codex/2026-09-13/do-x20/outputs/lab-restored/LAC_REPRO_R210/ACTIVE_RESEARCH/R207_MASLOV_SYMBOLIC_FAVORABLE_SETS/symbolic_favorable.py", line 120, in visit
    return all(visit(child) for child in children)
           ^^^^^^^^^^^^^^^^^^^^^^^^^^^^^^^^^^^^^^^
  File "/Users/mertalituncer/Documents/Codex/2026-09-13/do-x20/outputs/lab-restored/LAC_REPRO_R210/ACTIVE_RESEARCH/R207_MASLOV_SYMBOLIC_FAVORABLE_SETS/symbolic_favorable.py", line 120, in <genexpr>
    return all(visit(child) for child in children)
               ^^^^^^^^^^^^
  File "/Users/mertalituncer/Documents/Codex/2026-09-13/do-x20/outputs/lab-restored/LAC_REPRO_R210/ACTIVE_RESEARCH/R207_MASLOV_SYMBOLIC_FAVORABLE_SETS/symbolic_favorable.py", line 121, in visit
    return any(visit(child) for child in children)
           ^^^^^^^^^^^^^^^^^^^^^^^^^^^^^^^^^^^^^^^
  File "/Users/mertalituncer/Documents/Codex/2026-09-13/do-x20/outputs/lab-restored/LAC_REPRO_R210/ACTIVE_RESEARCH/R207_MASLOV_SYMBOLIC_FAVORABLE_SETS/symbolic_favorable.py", line 121, in <genexpr>
    return any(visit(child) for child in children)
               ^^^^^^^^^^^^
  File "/Users/mertalituncer/Documents/Codex/2026-09-13/do-x20/outputs/lab-restored/LAC_REPRO_R210/ACTIVE_RESEARCH/R207_MASLOV_SYMBOLIC_FAVORABLE_SETS/symbolic_favorable.py", line 120, in visit
    return all(visit(child) for child in children)
           ^^^^^^^^^^^^^^^^^^^^^^^^^^^^^^^^^^^^^^^
  File "/Users/mertalituncer/Documents/Codex/2026-09-13/do-x20/outputs/lab-restored/LAC_REPRO_R210/ACTIVE_RESEARCH/R207_MASLOV_SYMBOLIC_FAVORABLE_SETS/symbolic_favorable.py", line 120, in <genexpr>
    return all(visit(child) for child in children)
               ^^^^^^^^^^^^
  File "/Users/mertalituncer/Documents/Codex/2026-09-13/do-x20/outputs/lab-restored/LAC_REPRO_R210/ACTIVE_RESEARCH/R207_MASLOV_SYMBOLIC_FAVORABLE_SETS/symbolic_favorable.py", line 121, in visit
    return any(visit(child) for child in children)
           ^^^^^^^^^^^^^^^^^^^^^^^^^^^^^^^^^^^^^^^
  File "/Users/mertalituncer/Documents/Codex/2026-09-13/do-x20/outputs/lab-restored/LAC_REPRO_R210/ACTIVE_RESEARCH/R207_MASLOV_SYMBOLIC_FAVORABLE_SETS/symbolic_favorable.py", line 121, in <genexpr>
    return any(visit(child) for child in children)
               ^^^^^^^^^^^^
  File "/Users/mertalituncer/Documents/Codex/2026-09-13/do-x20/outputs/lab-restored/LAC_REPRO_R210/ACTIVE_RESEARCH/R207_MASLOV_SYMBOLIC_FAVORABLE_SETS/symbolic_favorable.py", line 120, in visit
    return all(visit(child) for child in children)
           ^^^^^^^^^^^^^^^^^^^^^^^^^^^^^^^^^^^^^^^
  File "/Users/mertalituncer/Documents/Codex/2026-09-13/do-x20/outputs/lab-restored/LAC_REPRO_R210/ACTIVE_RESEARCH/R207_MASLOV_SYMBOLIC_FAVORABLE_SETS/symbolic_favorable.py", line 120, in <genexpr>
    return all(visit(child) for child in children)
               ^^^^^^^^^^^^
  File "/Users/mertalituncer/Documents/Codex/2026-09-13/do-x20/outputs/lab-restored/LAC_REPRO_R210/ACTIVE_RESEARCH/R207_MASLOV_SYMBOLIC_FAVORABLE_SETS/symbolic_favorable.py", line 121, in visit
    return any(visit(child) for child in children)
           ^^^^^^^^^^^^^^^^^^^^^^^^^^^^^^^^^^^^^^^
  File "/Users/mertalituncer/Documents/Codex/2026-09-13/do-x20/outputs/lab-restored/LAC_REPRO_R210/ACTIVE_RESEARCH/R207_MASLOV_SYMBOLIC_FAVORABLE_SETS/symbolic_favorable.py", line 121, in <genexpr>
    return any(visit(child) for child in children)
               ^^^^^^^^^^^^
  File "/Users/mertalituncer/Documents/Codex/2026-09-13/do-x20/outputs/lab-restored/LAC_REPRO_R210/ACTIVE_RESEARCH/R207_MASLOV_SYMBOLIC_FAVORABLE_SETS/symbolic_favorable.py", line 120, in visit
    return all(visit(child) for child in children)
           ^^^^^^^^^^^^^^^^^^^^^^^^^^^^^^^^^^^^^^^
  File "/Users/mertalituncer/Documents/Codex/2026-09-13/do-x20/outputs/lab-restored/LAC_REPRO_R210/ACTIVE_RESEARCH/R207_MASLOV_SYMBOLIC_FAVORABLE_SETS/symbolic_favorable.py", line 120, in <genexpr>
    return all(visit(child) for child in children)
               ^^^^^^^^^^^^
  File "/Users/mertalituncer/Documents/Codex/2026-09-13/do-x20/outputs/lab-restored/LAC_REPRO_R210/ACTIVE_RESEARCH/R207_MASLOV_SYMBOLIC_FAVORABLE_SETS/symbolic_favorable.py", line 121, in visit
    return any(visit(child) for child in children)
           ^^^^^^^^^^^^^^^^^^^^^^^^^^^^^^^^^^^^^^^
  File "/Users/mertalituncer/Documents/Codex/2026-09-13/do-x20/outputs/lab-restored/LAC_REPRO_R210/ACTIVE_RESEARCH/R207_MASLOV_SYMBOLIC_FAVORABLE_SETS/symbolic_favorable.py", line 121, in <genexpr>
    return any(visit(child) for child in children)
               ^^^^^^^^^^^^
  File "/Users/mertalituncer/Documents/Codex/2026-09-13/do-x20/outputs/lab-restored/LAC_REPRO_R210/ACTIVE_RESEARCH/R207_MASLOV_SYMBOLIC_FAVORABLE_SETS/symbolic_favorable.py", line 120, in visit
    return all(visit(child) for child in children)
           ^^^^^^^^^^^^^^^^^^^^^^^^^^^^^^^^^^^^^^^
  File "/Users/mertalituncer/Documents/Codex/2026-09-13/do-x20/outputs/lab-restored/LAC_REPRO_R210/ACTIVE_RESEARCH/R207_MASLOV_SYMBOLIC_FAVORABLE_SETS/symbolic_favorable.py", line 120, in <genexpr>
    return all(visit(child) for child in children)
               ^^^^^^^^^^^^
  File "/Users/mertalituncer/Documents/Codex/2026-09-13/do-x20/outputs/lab-restored/LAC_REPRO_R210/ACTIVE_RESEARCH/R207_MASLOV_SYMBOLIC_FAVORABLE_SETS/symbolic_favorable.py", line 121, in visit
    return any(visit(child) for child in children)
           ^^^^^^^^^^^^^^^^^^^^^^^^^^^^^^^^^^^^^^^
  File "/Users/mertalituncer/Documents/Codex/2026-09-13/do-x20/outputs/lab-restored/LAC_REPRO_R210/ACTIVE_RESEARCH/R207_MASLOV_SYMBOLIC_FAVORABLE_SETS/symbolic_favorable.py", line 121, in <genexpr>
    return any(visit(child) for child in children)
               ^^^^^^^^^^^^
  File "/Users/mertalituncer/Documents/Codex/2026-09-13/do-x20/outputs/lab-restored/LAC_REPRO_R210/ACTIVE_RESEARCH/R207_MASLOV_SYMBOLIC_FAVORABLE_SETS/symbolic_favorable.py", line 120, in visit
    return all(visit(child) for child in children)
           ^^^^^^^^^^^^^^^^^^^^^^^^^^^^^^^^^^^^^^^
  File "/Users/mertalituncer/Documents/Codex/2026-09-13/do-x20/outputs/lab-restored/LAC_REPRO_R210/ACTIVE_RESEARCH/R207_MASLOV_SYMBOLIC_FAVORABLE_SETS/symbolic_favorable.py", line 120, in <genexpr>
    return all(visit(child) for child in children)
               ^^^^^^^^^^^^
  File "/Users/mertalituncer/Documents/Codex/2026-09-13/do-x20/outputs/lab-restored/LAC_REPRO_R210/ACTIVE_RESEARCH/R207_MASLOV_SYMBOLIC_FAVORABLE_SETS/symbolic_favorable.py", line 121, in visit
    return any(visit(child) for child in children)
           ^^^^^^^^^^^^^^^^^^^^^^^^^^^^^^^^^^^^^^^
  File "/Users/mertalituncer/Documents/Codex/2026-09-13/do-x20/outputs/lab-restored/LAC_REPRO_R210/ACTIVE_RESEARCH/R207_MASLOV_SYMBOLIC_FAVORABLE_SETS/symbolic_favorable.py", line 121, in <genexpr>
    return any(visit(child) for child in children)
               ^^^^^^^^^^^^
  File "/Users/mertalituncer/Documents/Codex/2026-09-13/do-x20/outputs/lab-restored/LAC_REPRO_R210/ACTIVE_RESEARCH/R207_MASLOV_SYMBOLIC_FAVORABLE_SETS/symbolic_favorable.py", line 120, in visit
    return all(visit(child) for child in children)
           ^^^^^^^^^^^^^^^^^^^^^^^^^^^^^^^^^^^^^^^
  File "/Users/mertalituncer/Documents/Codex/2026-09-13/do-x20/outputs/lab-restored/LAC_REPRO_R210/ACTIVE_RESEARCH/R207_MASLOV_SYMBOLIC_FAVORABLE_SETS/symbolic_favorable.py", line 120, in <genexpr>
    return all(visit(child) for child in children)
               ^^^^^^^^^^^^
  File "/Users/mertalituncer/Documents/Codex/2026-09-13/do-x20/outputs/lab-restored/LAC_REPRO_R210/ACTIVE_RESEARCH/R207_MASLOV_SYMBOLIC_FAVORABLE_SETS/symbolic_favorable.py", line 121, in visit
    return any(visit(child) for child in children)
           ^^^^^^^^^^^^^^^^^^^^^^^^^^^^^^^^^^^^^^^
  File "/Users/mertalituncer/Documents/Codex/2026-09-13/do-x20/outputs/lab-restored/LAC_REPRO_R210/ACTIVE_RESEARCH/R207_MASLOV_SYMBOLIC_FAVORABLE_SETS/symbolic_favorable.py", line 121, in <genexpr>
    return any(visit(child) for child in children)
               ^^^^^^^^^^^^
  File "/Users/mertalituncer/Documents/Codex/2026-09-13/do-x20/outputs/lab-restored/LAC_REPRO_R210/ACTIVE_RESEARCH/R207_MASLOV_SYMBOLIC_FAVORABLE_SETS/symbolic_favorable.py", line 120, in visit
    return all(visit(child) for child in children)
           ^^^^^^^^^^^^^^^^^^^^^^^^^^^^^^^^^^^^^^^
  File "/Users/mertalituncer/Documents/Codex/2026-09-13/do-x20/outputs/lab-restored/LAC_REPRO_R210/ACTIVE_RESEARCH/R207_MASLOV_SYMBOLIC_FAVORABLE_SETS/symbolic_favorable.py", line 120, in <genexpr>
    return all(visit(child) for child in children)
               ^^^^^^^^^^^^
  File "/Users/mertalituncer/Documents/Codex/2026-09-13/do-x20/outputs/lab-restored/LAC_REPRO_R210/ACTIVE_RESEARCH/R207_MASLOV_SYMBOLIC_FAVORABLE_SETS/symbolic_favorable.py", line 121, in visit
    return any(visit(child) for child in children)
           ^^^^^^^^^^^^^^^^^^^^^^^^^^^^^^^^^^^^^^^
  File "/Users/mertalituncer/Documents/Codex/2026-09-13/do-x20/outputs/lab-restored/LAC_REPRO_R210/ACTIVE_RESEARCH/R207_MASLOV_SYMBOLIC_FAVORABLE_SETS/symbolic_favorable.py", line 121, in <genexpr>
    return any(visit(child) for child in children)
               ^^^^^^^^^^^^
  File "/Users/mertalituncer/Documents/Codex/2026-09-13/do-x20/outputs/lab-restored/LAC_REPRO_R210/ACTIVE_RESEARCH/R207_MASLOV_SYMBOLIC_FAVORABLE_SETS/symbolic_favorable.py", line 120, in visit
    return all(visit(child) for child in children)
           ^^^^^^^^^^^^^^^^^^^^^^^^^^^^^^^^^^^^^^^
  File "/Users/mertalituncer/Documents/Codex/2026-09-13/do-x20/outputs/lab-restored/LAC_REPRO_R210/ACTIVE_RESEARCH/R207_MASLOV_SYMBOLIC_FAVORABLE_SETS/symbolic_favorable.py", line 120, in <genexpr>
    return all(visit(child) for child in children)
               ^^^^^^^^^^^^
  File "/Users/mertalituncer/Documents/Codex/2026-09-13/do-x20/outputs/lab-restored/LAC_REPRO_R210/ACTIVE_RESEARCH/R207_MASLOV_SYMBOLIC_FAVORABLE_SETS/symbolic_favorable.py", line 121, in visit
    return any(visit(child) for child in children)
           ^^^^^^^^^^^^^^^^^^^^^^^^^^^^^^^^^^^^^^^
  File "/Users/mertalituncer/Documents/Codex/2026-09-13/do-x20/outputs/lab-restored/LAC_REPRO_R210/ACTIVE_RESEARCH/R207_MASLOV_SYMBOLIC_FAVORABLE_SETS/symbolic_favorable.py", line 121, in <genexpr>
    return any(visit(child) for child in children)
               ^^^^^^^^^^^^
  File "/Users/mertalituncer/Documents/Codex/2026-09-13/do-x20/outputs/lab-restored/LAC_REPRO_R210/ACTIVE_RESEARCH/R207_MASLOV_SYMBOLIC_FAVORABLE_SETS/symbolic_favorable.py", line 120, in visit
    return all(visit(child) for child in children)
           ^^^^^^^^^^^^^^^^^^^^^^^^^^^^^^^^^^^^^^^
  File "/Users/mertalituncer/Documents/Codex/2026-09-13/do-x20/outputs/lab-restored/LAC_REPRO_R210/ACTIVE_RESEARCH/R207_MASLOV_SYMBOLIC_FAVORABLE_SETS/symbolic_favorable.py", line 120, in <genexpr>
    return all(visit(child) for child in children)
               ^^^^^^^^^^^^
  File "/Users/mertalituncer/Documents/Codex/2026-09-13/do-x20/outputs/lab-restored/LAC_REPRO_R210/ACTIVE_RESEARCH/R207_MASLOV_SYMBOLIC_FAVORABLE_SETS/symbolic_favorable.py", line 121, in visit
    return any(visit(child) for child in children)
           ^^^^^^^^^^^^^^^^^^^^^^^^^^^^^^^^^^^^^^^
  File "/Users/mertalituncer/Documents/Codex/2026-09-13/do-x20/outputs/lab-restored/LAC_REPRO_R210/ACTIVE_RESEARCH/R207_MASLOV_SYMBOLIC_FAVORABLE_SETS/symbolic_favorable.py", line 121, in <genexpr>
    return any(visit(child) for child in children)
               ^^^^^^^^^^^^
  File "/Users/mertalituncer/Documents/Codex/2026-09-13/do-x20/outputs/lab-restored/LAC_REPRO_R210/ACTIVE_RESEARCH/R207_MASLOV_SYMBOLIC_FAVORABLE_SETS/symbolic_favorable.py", line 120, in visit
    return all(visit(child) for child in children)
           ^^^^^^^^^^^^^^^^^^^^^^^^^^^^^^^^^^^^^^^
  File "/Users/mertalituncer/Documents/Codex/2026-09-13/do-x20/outputs/lab-restored/LAC_REPRO_R210/ACTIVE_RESEARCH/R207_MASLOV_SYMBOLIC_FAVORABLE_SETS/symbolic_favorable.py", line 120, in <genexpr>
    return all(visit(child) for child in children)
               ^^^^^^^^^^^^
  File "/Users/mertalituncer/Documents/Codex/2026-09-13/do-x20/outputs/lab-restored/LAC_REPRO_R210/ACTIVE_RESEARCH/R207_MASLOV_SYMBOLIC_FAVORABLE_SETS/symbolic_favorable.py", line 121, in visit
    return any(visit(child) for child in children)
           ^^^^^^^^^^^^^^^^^^^^^^^^^^^^^^^^^^^^^^^
  File "/Users/mertalituncer/Documents/Codex/2026-09-13/do-x20/outputs/lab-restored/LAC_REPRO_R210/ACTIVE_RESEARCH/R207_MASLOV_SYMBOLIC_FAVORABLE_SETS/symbolic_favorable.py", line 121, in <genexpr>
    return any(visit(child) for child in children)
               ^^^^^^^^^^^^
  File "/Users/mertalituncer/Documents/Codex/2026-09-13/do-x20/outputs/lab-restored/LAC_REPRO_R210/ACTIVE_RESEARCH/R207_MASLOV_SYMBOLIC_FAVORABLE_SETS/symbolic_favorable.py", line 120, in visit
    return all(visit(child) for child in children)
           ^^^^^^^^^^^^^^^^^^^^^^^^^^^^^^^^^^^^^^^
  File "/Users/mertalituncer/Documents/Codex/2026-09-13/do-x20/outputs/lab-restored/LAC_REPRO_R210/ACTIVE_RESEARCH/R207_MASLOV_SYMBOLIC_FAVORABLE_SETS/symbolic_favorable.py", line 120, in <genexpr>
    return all(visit(child) for child in children)
               ^^^^^^^^^^^^
  File "/Users/mertalituncer/Documents/Codex/2026-09-13/do-x20/outputs/lab-restored/LAC_REPRO_R210/ACTIVE_RESEARCH/R207_MASLOV_SYMBOLIC_FAVORABLE_SETS/symbolic_favorable.py", line 121, in visit
    return any(visit(child) for child in children)
           ^^^^^^^^^^^^^^^^^^^^^^^^^^^^^^^^^^^^^^^
  File "/Users/mertalituncer/Documents/Codex/2026-09-13/do-x20/outputs/lab-restored/LAC_REPRO_R210/ACTIVE_RESEARCH/R207_MASLOV_SYMBOLIC_FAVORABLE_SETS/symbolic_favorable.py", line 121, in <genexpr>
    return any(visit(child) for child in children)
               ^^^^^^^^^^^^
  File "/Users/mertalituncer/Documents/Codex/2026-09-13/do-x20/outputs/lab-restored/LAC_REPRO_R210/ACTIVE_RESEARCH/R207_MASLOV_SYMBOLIC_FAVORABLE_SETS/symbolic_favorable.py", line 120, in visit
    return all(visit(child) for child in children)
           ^^^^^^^^^^^^^^^^^^^^^^^^^^^^^^^^^^^^^^^
  File "/Users/mertalituncer/Documents/Codex/2026-09-13/do-x20/outputs/lab-restored/LAC_REPRO_R210/ACTIVE_RESEARCH/R207_MASLOV_SYMBOLIC_FAVORABLE_SETS/symbolic_favorable.py", line 120, in <genexpr>
    return all(visit(child) for child in children)
               ^^^^^^^^^^^^
  File "/Users/mertalituncer/Documents/Codex/2026-09-13/do-x20/outputs/lab-restored/LAC_REPRO_R210/ACTIVE_RESEARCH/R207_MASLOV_SYMBOLIC_FAVORABLE_SETS/symbolic_favorable.py", line 121, in visit
    return any(visit(child) for child in children)
           ^^^^^^^^^^^^^^^^^^^^^^^^^^^^^^^^^^^^^^^
  File "/Users/mertalituncer/Documents/Codex/2026-09-13/do-x20/outputs/lab-restored/LAC_REPRO_R210/ACTIVE_RESEARCH/R207_MASLOV_SYMBOLIC_FAVORABLE_SETS/symbolic_favorable.py", line 121, in <genexpr>
    return any(visit(child) for child in children)
               ^^^^^^^^^^^^
  File "/Users/mertalituncer/Documents/Codex/2026-09-13/do-x20/outputs/lab-restored/LAC_REPRO_R210/ACTIVE_RESEARCH/R207_MASLOV_SYMBOLIC_FAVORABLE_SETS/symbolic_favorable.py", line 120, in visit
    return all(visit(child) for child in children)
           ^^^^^^^^^^^^^^^^^^^^^^^^^^^^^^^^^^^^^^^
  File "/Users/mertalituncer/Documents/Codex/2026-09-13/do-x20/outputs/lab-restored/LAC_REPRO_R210/ACTIVE_RESEARCH/R207_MASLOV_SYMBOLIC_FAVORABLE_SETS/symbolic_favorable.py", line 120, in <genexpr>
    return all(visit(child) for child in children)
               ^^^^^^^^^^^^
  File "/Users/mertalituncer/Documents/Codex/2026-09-13/do-x20/outputs/lab-restored/LAC_REPRO_R210/ACTIVE_RESEARCH/R207_MASLOV_SYMBOLIC_FAVORABLE_SETS/symbolic_favorable.py", line 121, in visit
    return any(visit(child) for child in children)
           ^^^^^^^^^^^^^^^^^^^^^^^^^^^^^^^^^^^^^^^
  File "/Users/mertalituncer/Documents/Codex/2026-09-13/do-x20/outputs/lab-restored/LAC_REPRO_R210/ACTIVE_RESEARCH/R207_MASLOV_SYMBOLIC_FAVORABLE_SETS/symbolic_favorable.py", line 121, in <genexpr>
    return any(visit(child) for child in children)
               ^^^^^^^^^^^^
  File "/Users/mertalituncer/Documents/Codex/2026-09-13/do-x20/outputs/lab-restored/LAC_REPRO_R210/ACTIVE_RESEARCH/R207_MASLOV_SYMBOLIC_FAVORABLE_SETS/symbolic_favorable.py", line 120, in visit
    return all(visit(child) for child in children)
           ^^^^^^^^^^^^^^^^^^^^^^^^^^^^^^^^^^^^^^^
  File "/Users/mertalituncer/Documents/Codex/2026-09-13/do-x20/outputs/lab-restored/LAC_REPRO_R210/ACTIVE_RESEARCH/R207_MASLOV_SYMBOLIC_FAVORABLE_SETS/symbolic_favorable.py", line 120, in <genexpr>
    return all(visit(child) for child in children)
               ^^^^^^^^^^^^
  File "/Users/mertalituncer/Documents/Codex/2026-09-13/do-x20/outputs/lab-restored/LAC_REPRO_R210/ACTIVE_RESEARCH/R207_MASLOV_SYMBOLIC_FAVORABLE_SETS/symbolic_favorable.py", line 121, in visit
    return any(visit(child) for child in children)
           ^^^^^^^^^^^^^^^^^^^^^^^^^^^^^^^^^^^^^^^
  File "/Users/mertalituncer/Documents/Codex/2026-09-13/do-x20/outputs/lab-restored/LAC_REPRO_R210/ACTIVE_RESEARCH/R207_MASLOV_SYMBOLIC_FAVORABLE_SETS/symbolic_favorable.py", line 121, in <genexpr>
    return any(visit(child) for child in children)
               ^^^^^^^^^^^^
  File "/Users/mertalituncer/Documents/Codex/2026-09-13/do-x20/outputs/lab-restored/LAC_REPRO_R210/ACTIVE_RESEARCH/R207_MASLOV_SYMBOLIC_FAVORABLE_SETS/symbolic_favorable.py", line 120, in visit
    return all(visit(child) for child in children)
           ^^^^^^^^^^^^^^^^^^^^^^^^^^^^^^^^^^^^^^^
  File "/Users/mertalituncer/Documents/Codex/2026-09-13/do-x20/outputs/lab-restored/LAC_REPRO_R210/ACTIVE_RESEARCH/R207_MASLOV_SYMBOLIC_FAVORABLE_SETS/symbolic_favorable.py", line 120, in <genexpr>
    return all(visit(child) for child in children)
               ^^^^^^^^^^^^
  File "/Users/mertalituncer/Documents/Codex/2026-09-13/do-x20/outputs/lab-restored/LAC_REPRO_R210/ACTIVE_RESEARCH/R207_MASLOV_SYMBOLIC_FAVORABLE_SETS/symbolic_favorable.py", line 121, in visit
    return any(visit(child) for child in children)
           ^^^^^^^^^^^^^^^^^^^^^^^^^^^^^^^^^^^^^^^
  File "/Users/mertalituncer/Documents/Codex/2026-09-13/do-x20/outputs/lab-restored/LAC_REPRO_R210/ACTIVE_RESEARCH/R207_MASLOV_SYMBOLIC_FAVORABLE_SETS/symbolic_favorable.py", line 121, in <genexpr>
    return any(visit(child) for child in children)
               ^^^^^^^^^^^^
  File "/Users/mertalituncer/Documents/Codex/2026-09-13/do-x20/outputs/lab-restored/LAC_REPRO_R210/ACTIVE_RESEARCH/R207_MASLOV_SYMBOLIC_FAVORABLE_SETS/symbolic_favorable.py", line 120, in visit
    return all(visit(child) for child in children)
           ^^^^^^^^^^^^^^^^^^^^^^^^^^^^^^^^^^^^^^^
  File "/Users/mertalituncer/Documents/Codex/2026-09-13/do-x20/outputs/lab-restored/LAC_REPRO_R210/ACTIVE_RESEARCH/R207_MASLOV_SYMBOLIC_FAVORABLE_SETS/symbolic_favorable.py", line 120, in <genexpr>
    return all(visit(child) for child in children)
               ^^^^^^^^^^^^
  File "/Users/mertalituncer/Documents/Codex/2026-09-13/do-x20/outputs/lab-restored/LAC_REPRO_R210/ACTIVE_RESEARCH/R207_MASLOV_SYMBOLIC_FAVORABLE_SETS/symbolic_favorable.py", line 121, in visit
    return any(visit(child) for child in children)
           ^^^^^^^^^^^^^^^^^^^^^^^^^^^^^^^^^^^^^^^
  File "/Users/mertalituncer/Documents/Codex/2026-09-13/do-x20/outputs/lab-restored/LAC_REPRO_R210/ACTIVE_RESEARCH/R207_MASLOV_SYMBOLIC_FAVORABLE_SETS/symbolic_favorable.py", line 121, in <genexpr>
    return any(visit(child) for child in children)
               ^^^^^^^^^^^^
  File "/Users/mertalituncer/Documents/Codex/2026-09-13/do-x20/outputs/lab-restored/LAC_REPRO_R210/ACTIVE_RESEARCH/R207_MASLOV_SYMBOLIC_FAVORABLE_SETS/symbolic_favorable.py", line 120, in visit
    return all(visit(child) for child in children)
           ^^^^^^^^^^^^^^^^^^^^^^^^^^^^^^^^^^^^^^^
  File "/Users/mertalituncer/Documents/Codex/2026-09-13/do-x20/outputs/lab-restored/LAC_REPRO_R210/ACTIVE_RESEARCH/R207_MASLOV_SYMBOLIC_FAVORABLE_SETS/symbolic_favorable.py", line 120, in <genexpr>
    return all(visit(child) for child in children)
               ^^^^^^^^^^^^
  File "/Users/mertalituncer/Documents/Codex/2026-09-13/do-x20/outputs/lab-restored/LAC_REPRO_R210/ACTIVE_RESEARCH/R207_MASLOV_SYMBOLIC_FAVORABLE_SETS/symbolic_favorable.py", line 121, in visit
    return any(visit(child) for child in children)
           ^^^^^^^^^^^^^^^^^^^^^^^^^^^^^^^^^^^^^^^
  File "/Users/mertalituncer/Documents/Codex/2026-09-13/do-x20/outputs/lab-restored/LAC_REPRO_R210/ACTIVE_RESEARCH/R207_MASLOV_SYMBOLIC_FAVORABLE_SETS/symbolic_favorable.py", line 121, in <genexpr>
    return any(visit(child) for child in children)
               ^^^^^^^^^^^^
  File "/Users/mertalituncer/Documents/Codex/2026-09-13/do-x20/outputs/lab-restored/LAC_REPRO_R210/ACTIVE_RESEARCH/R207_MASLOV_SYMBOLIC_FAVORABLE_SETS/symbolic_favorable.py", line 120, in visit
    return all(visit(child) for child in children)
           ^^^^^^^^^^^^^^^^^^^^^^^^^^^^^^^^^^^^^^^
  File "/Users/mertalituncer/Documents/Codex/2026-09-13/do-x20/outputs/lab-restored/LAC_REPRO_R210/ACTIVE_RESEARCH/R207_MASLOV_SYMBOLIC_FAVORABLE_SETS/symbolic_favorable.py", line 120, in <genexpr>
    return all(visit(child) for child in children)
               ^^^^^^^^^^^^
  File "/Users/mertalituncer/Documents/Codex/2026-09-13/do-x20/outputs/lab-restored/LAC_REPRO_R210/ACTIVE_RESEARCH/R207_MASLOV_SYMBOLIC_FAVORABLE_SETS/symbolic_favorable.py", line 121, in visit
    return any(visit(child) for child in children)
           ^^^^^^^^^^^^^^^^^^^^^^^^^^^^^^^^^^^^^^^
  File "/Users/mertalituncer/Documents/Codex/2026-09-13/do-x20/outputs/lab-restored/LAC_REPRO_R210/ACTIVE_RESEARCH/R207_MASLOV_SYMBOLIC_FAVORABLE_SETS/symbolic_favorable.py", line 121, in <genexpr>
    return any(visit(child) for child in children)
               ^^^^^^^^^^^^
  File "/Users/mertalituncer/Documents/Codex/2026-09-13/do-x20/outputs/lab-restored/LAC_REPRO_R210/ACTIVE_RESEARCH/R207_MASLOV_SYMBOLIC_FAVORABLE_SETS/symbolic_favorable.py", line 120, in visit
    return all(visit(child) for child in children)
           ^^^^^^^^^^^^^^^^^^^^^^^^^^^^^^^^^^^^^^^
  File "/Users/mertalituncer/Documents/Codex/2026-09-13/do-x20/outputs/lab-restored/LAC_REPRO_R210/ACTIVE_RESEARCH/R207_MASLOV_SYMBOLIC_FAVORABLE_SETS/symbolic_favorable.py", line 120, in <genexpr>
    return all(visit(child) for child in children)
               ^^^^^^^^^^^^
  File "/Users/mertalituncer/Documents/Codex/2026-09-13/do-x20/outputs/lab-restored/LAC_REPRO_R210/ACTIVE_RESEARCH/R207_MASLOV_SYMBOLIC_FAVORABLE_SETS/symbolic_favorable.py", line 121, in visit
    return any(visit(child) for child in children)
           ^^^^^^^^^^^^^^^^^^^^^^^^^^^^^^^^^^^^^^^
  File "/Users/mertalituncer/Documents/Codex/2026-09-13/do-x20/outputs/lab-restored/LAC_REPRO_R210/ACTIVE_RESEARCH/R207_MASLOV_SYMBOLIC_FAVORABLE_SETS/symbolic_favorable.py", line 121, in <genexpr>
    return any(visit(child) for child in children)
               ^^^^^^^^^^^^
  File "/Users/mertalituncer/Documents/Codex/2026-09-13/do-x20/outputs/lab-restored/LAC_REPRO_R210/ACTIVE_RESEARCH/R207_MASLOV_SYMBOLIC_FAVORABLE_SETS/symbolic_favorable.py", line 120, in visit
    return all(visit(child) for child in children)
           ^^^^^^^^^^^^^^^^^^^^^^^^^^^^^^^^^^^^^^^
  File "/Users/mertalituncer/Documents/Codex/2026-09-13/do-x20/outputs/lab-restored/LAC_REPRO_R210/ACTIVE_RESEARCH/R207_MASLOV_SYMBOLIC_FAVORABLE_SETS/symbolic_favorable.py", line 120, in <genexpr>
    return all(visit(child) for child in children)
               ^^^^^^^^^^^^
  File "/Users/mertalituncer/Documents/Codex/2026-09-13/do-x20/outputs/lab-restored/LAC_REPRO_R210/ACTIVE_RESEARCH/R207_MASLOV_SYMBOLIC_FAVORABLE_SETS/symbolic_favorable.py", line 121, in visit
    return any(visit(child) for child in children)
           ^^^^^^^^^^^^^^^^^^^^^^^^^^^^^^^^^^^^^^^
  File "/Users/mertalituncer/Documents/Codex/2026-09-13/do-x20/outputs/lab-restored/LAC_REPRO_R210/ACTIVE_RESEARCH/R207_MASLOV_SYMBOLIC_FAVORABLE_SETS/symbolic_favorable.py", line 121, in <genexpr>
    return any(visit(child) for child in children)
               ^^^^^^^^^^^^
  File "/Users/mertalituncer/Documents/Codex/2026-09-13/do-x20/outputs/lab-restored/LAC_REPRO_R210/ACTIVE_RESEARCH/R207_MASLOV_SYMBOLIC_FAVORABLE_SETS/symbolic_favorable.py", line 120, in visit
    return all(visit(child) for child in children)
           ^^^^^^^^^^^^^^^^^^^^^^^^^^^^^^^^^^^^^^^
  File "/Users/mertalituncer/Documents/Codex/2026-09-13/do-x20/outputs/lab-restored/LAC_REPRO_R210/ACTIVE_RESEARCH/R207_MASLOV_SYMBOLIC_FAVORABLE_SETS/symbolic_favorable.py", line 120, in <genexpr>
    return all(visit(child) for child in children)
               ^^^^^^^^^^^^
  File "/Users/mertalituncer/Documents/Codex/2026-09-13/do-x20/outputs/lab-restored/LAC_REPRO_R210/ACTIVE_RESEARCH/R207_MASLOV_SYMBOLIC_FAVORABLE_SETS/symbolic_favorable.py", line 121, in visit
    return any(visit(child) for child in children)
           ^^^^^^^^^^^^^^^^^^^^^^^^^^^^^^^^^^^^^^^
  File "/Users/mertalituncer/Documents/Codex/2026-09-13/do-x20/outputs/lab-restored/LAC_REPRO_R210/ACTIVE_RESEARCH/R207_MASLOV_SYMBOLIC_FAVORABLE_SETS/symbolic_favorable.py", line 121, in <genexpr>
    return any(visit(child) for child in children)
               ^^^^^^^^^^^^
  File "/Users/mertalituncer/Documents/Codex/2026-09-13/do-x20/outputs/lab-restored/LAC_REPRO_R210/ACTIVE_RESEARCH/R207_MASLOV_SYMBOLIC_FAVORABLE_SETS/symbolic_favorable.py", line 120, in visit
    return all(visit(child) for child in children)
           ^^^^^^^^^^^^^^^^^^^^^^^^^^^^^^^^^^^^^^^
  File "/Users/mertalituncer/Documents/Codex/2026-09-13/do-x20/outputs/lab-restored/LAC_REPRO_R210/ACTIVE_RESEARCH/R207_MASLOV_SYMBOLIC_FAVORABLE_SETS/symbolic_favorable.py", line 120, in <genexpr>
    return all(visit(child) for child in children)
               ^^^^^^^^^^^^
  File "/Users/mertalituncer/Documents/Codex/2026-09-13/do-x20/outputs/lab-restored/LAC_REPRO_R210/ACTIVE_RESEARCH/R207_MASLOV_SYMBOLIC_FAVORABLE_SETS/symbolic_favorable.py", line 121, in visit
    return any(visit(child) for child in children)
           ^^^^^^^^^^^^^^^^^^^^^^^^^^^^^^^^^^^^^^^
  File "/Users/mertalituncer/Documents/Codex/2026-09-13/do-x20/outputs/lab-restored/LAC_REPRO_R210/ACTIVE_RESEARCH/R207_MASLOV_SYMBOLIC_FAVORABLE_SETS/symbolic_favorable.py", line 121, in <genexpr>
    return any(visit(child) for child in children)
               ^^^^^^^^^^^^
  File "/Users/mertalituncer/Documents/Codex/2026-09-13/do-x20/outputs/lab-restored/LAC_REPRO_R210/ACTIVE_RESEARCH/R207_MASLOV_SYMBOLIC_FAVORABLE_SETS/symbolic_favorable.py", line 120, in visit
    return all(visit(child) for child in children)
           ^^^^^^^^^^^^^^^^^^^^^^^^^^^^^^^^^^^^^^^
  File "/Users/mertalituncer/Documents/Codex/2026-09-13/do-x20/outputs/lab-restored/LAC_REPRO_R210/ACTIVE_RESEARCH/R207_MASLOV_SYMBOLIC_FAVORABLE_SETS/symbolic_favorable.py", line 120, in <genexpr>
    return all(visit(child) for child in children)
               ^^^^^^^^^^^^
  File "/Users/mertalituncer/Documents/Codex/2026-09-13/do-x20/outputs/lab-restored/LAC_REPRO_R210/ACTIVE_RESEARCH/R207_MASLOV_SYMBOLIC_FAVORABLE_SETS/symbolic_favorable.py", line 121, in visit
    return any(visit(child) for child in children)
           ^^^^^^^^^^^^^^^^^^^^^^^^^^^^^^^^^^^^^^^
  File "/Users/mertalituncer/Documents/Codex/2026-09-13/do-x20/outputs/lab-restored/LAC_REPRO_R210/ACTIVE_RESEARCH/R207_MASLOV_SYMBOLIC_FAVORABLE_SETS/symbolic_favorable.py", line 121, in <genexpr>
    return any(visit(child) for child in children)
               ^^^^^^^^^^^^
  File "/Users/mertalituncer/Documents/Codex/2026-09-13/do-x20/outputs/lab-restored/LAC_REPRO_R210/ACTIVE_RESEARCH/R207_MASLOV_SYMBOLIC_FAVORABLE_SETS/symbolic_favorable.py", line 120, in visit
    return all(visit(child) for child in children)
           ^^^^^^^^^^^^^^^^^^^^^^^^^^^^^^^^^^^^^^^
  File "/Users/mertalituncer/Documents/Codex/2026-09-13/do-x20/outputs/lab-restored/LAC_REPRO_R210/ACTIVE_RESEARCH/R207_MASLOV_SYMBOLIC_FAVORABLE_SETS/symbolic_favorable.py", line 120, in <genexpr>
    return all(visit(child) for child in children)
               ^^^^^^^^^^^^
  File "/Users/mertalituncer/Documents/Codex/2026-09-13/do-x20/outputs/lab-restored/LAC_REPRO_R210/ACTIVE_RESEARCH/R207_MASLOV_SYMBOLIC_FAVORABLE_SETS/symbolic_favorable.py", line 121, in visit
    return any(visit(child) for child in children)
           ^^^^^^^^^^^^^^^^^^^^^^^^^^^^^^^^^^^^^^^
  File "/Users/mertalituncer/Documents/Codex/2026-09-13/do-x20/outputs/lab-restored/LAC_REPRO_R210/ACTIVE_RESEARCH/R207_MASLOV_SYMBOLIC_FAVORABLE_SETS/symbolic_favorable.py", line 121, in <genexpr>
    return any(visit(child) for child in children)
               ^^^^^^^^^^^^
  File "/Users/mertalituncer/Documents/Codex/2026-09-13/do-x20/outputs/lab-restored/LAC_REPRO_R210/ACTIVE_RESEARCH/R207_MASLOV_SYMBOLIC_FAVORABLE_SETS/symbolic_favorable.py", line 120, in visit
    return all(visit(child) for child in children)
           ^^^^^^^^^^^^^^^^^^^^^^^^^^^^^^^^^^^^^^^
  File "/Users/mertalituncer/Documents/Codex/2026-09-13/do-x20/outputs/lab-restored/LAC_REPRO_R210/ACTIVE_RESEARCH/R207_MASLOV_SYMBOLIC_FAVORABLE_SETS/symbolic_favorable.py", line 120, in <genexpr>
    return all(visit(child) for child in children)
               ^^^^^^^^^^^^
  File "/Users/mertalituncer/Documents/Codex/2026-09-13/do-x20/outputs/lab-restored/LAC_REPRO_R210/ACTIVE_RESEARCH/R207_MASLOV_SYMBOLIC_FAVORABLE_SETS/symbolic_favorable.py", line 121, in visit
    return any(visit(child) for child in children)
           ^^^^^^^^^^^^^^^^^^^^^^^^^^^^^^^^^^^^^^^
  File "/Users/mertalituncer/Documents/Codex/2026-09-13/do-x20/outputs/lab-restored/LAC_REPRO_R210/ACTIVE_RESEARCH/R207_MASLOV_SYMBOLIC_FAVORABLE_SETS/symbolic_favorable.py", line 121, in <genexpr>
    return any(visit(child) for child in children)
               ^^^^^^^^^^^^
  File "/Users/mertalituncer/Documents/Codex/2026-09-13/do-x20/outputs/lab-restored/LAC_REPRO_R210/ACTIVE_RESEARCH/R207_MASLOV_SYMBOLIC_FAVORABLE_SETS/symbolic_favorable.py", line 120, in visit
    return all(visit(child) for child in children)
           ^^^^^^^^^^^^^^^^^^^^^^^^^^^^^^^^^^^^^^^
  File "/Users/mertalituncer/Documents/Codex/2026-09-13/do-x20/outputs/lab-restored/LAC_REPRO_R210/ACTIVE_RESEARCH/R207_MASLOV_SYMBOLIC_FAVORABLE_SETS/symbolic_favorable.py", line 120, in <genexpr>
    return all(visit(child) for child in children)
               ^^^^^^^^^^^^
  File "/Users/mertalituncer/Documents/Codex/2026-09-13/do-x20/outputs/lab-restored/LAC_REPRO_R210/ACTIVE_RESEARCH/R207_MASLOV_SYMBOLIC_FAVORABLE_SETS/symbolic_favorable.py", line 121, in visit
    return any(visit(child) for child in children)
           ^^^^^^^^^^^^^^^^^^^^^^^^^^^^^^^^^^^^^^^
  File "/Users/mertalituncer/Documents/Codex/2026-09-13/do-x20/outputs/lab-restored/LAC_REPRO_R210/ACTIVE_RESEARCH/R207_MASLOV_SYMBOLIC_FAVORABLE_SETS/symbolic_favorable.py", line 121, in <genexpr>
    return any(visit(child) for child in children)
               ^^^^^^^^^^^^
  File "/Users/mertalituncer/Documents/Codex/2026-09-13/do-x20/outputs/lab-restored/LAC_REPRO_R210/ACTIVE_RESEARCH/R207_MASLOV_SYMBOLIC_FAVORABLE_SETS/symbolic_favorable.py", line 120, in visit
    return all(visit(child) for child in children)
           ^^^^^^^^^^^^^^^^^^^^^^^^^^^^^^^^^^^^^^^
  File "/Users/mertalituncer/Documents/Codex/2026-09-13/do-x20/outputs/lab-restored/LAC_REPRO_R210/ACTIVE_RESEARCH/R207_MASLOV_SYMBOLIC_FAVORABLE_SETS/symbolic_favorable.py", line 120, in <genexpr>
    return all(visit(child) for child in children)
               ^^^^^^^^^^^^
  File "/Users/mertalituncer/Documents/Codex/2026-09-13/do-x20/outputs/lab-restored/LAC_REPRO_R210/ACTIVE_RESEARCH/R207_MASLOV_SYMBOLIC_FAVORABLE_SETS/symbolic_favorable.py", line 121, in visit
    return any(visit(child) for child in children)
           ^^^^^^^^^^^^^^^^^^^^^^^^^^^^^^^^^^^^^^^
  File "/Users/mertalituncer/Documents/Codex/2026-09-13/do-x20/outputs/lab-restored/LAC_REPRO_R210/ACTIVE_RESEARCH/R207_MASLOV_SYMBOLIC_FAVORABLE_SETS/symbolic_favorable.py", line 121, in <genexpr>
    return any(visit(child) for child in children)
               ^^^^^^^^^^^^
  File "/Users/mertalituncer/Documents/Codex/2026-09-13/do-x20/outputs/lab-restored/LAC_REPRO_R210/ACTIVE_RESEARCH/R207_MASLOV_SYMBOLIC_FAVORABLE_SETS/symbolic_favorable.py", line 120, in visit
    return all(visit(child) for child in children)
           ^^^^^^^^^^^^^^^^^^^^^^^^^^^^^^^^^^^^^^^
  File "/Users/mertalituncer/Documents/Codex/2026-09-13/do-x20/outputs/lab-restored/LAC_REPRO_R210/ACTIVE_RESEARCH/R207_MASLOV_SYMBOLIC_FAVORABLE_SETS/symbolic_favorable.py", line 120, in <genexpr>
    return all(visit(child) for child in children)
               ^^^^^^^^^^^^
  File "/Users/mertalituncer/Documents/Codex/2026-09-13/do-x20/outputs/lab-restored/LAC_REPRO_R210/ACTIVE_RESEARCH/R207_MASLOV_SYMBOLIC_FAVORABLE_SETS/symbolic_favorable.py", line 121, in visit
    return any(visit(child) for child in children)
           ^^^^^^^^^^^^^^^^^^^^^^^^^^^^^^^^^^^^^^^
  File "/Users/mertalituncer/Documents/Codex/2026-09-13/do-x20/outputs/lab-restored/LAC_REPRO_R210/ACTIVE_RESEARCH/R207_MASLOV_SYMBOLIC_FAVORABLE_SETS/symbolic_favorable.py", line 121, in <genexpr>
    return any(visit(child) for child in children)
               ^^^^^^^^^^^^
  File "/Users/mertalituncer/Documents/Codex/2026-09-13/do-x20/outputs/lab-restored/LAC_REPRO_R210/ACTIVE_RESEARCH/R207_MASLOV_SYMBOLIC_FAVORABLE_SETS/symbolic_favorable.py", line 120, in visit
    return all(visit(child) for child in children)
           ^^^^^^^^^^^^^^^^^^^^^^^^^^^^^^^^^^^^^^^
  File "/Users/mertalituncer/Documents/Codex/2026-09-13/do-x20/outputs/lab-restored/LAC_REPRO_R210/ACTIVE_RESEARCH/R207_MASLOV_SYMBOLIC_FAVORABLE_SETS/symbolic_favorable.py", line 120, in <genexpr>
    return all(visit(child) for child in children)
               ^^^^^^^^^^^^
  File "/Users/mertalituncer/Documents/Codex/2026-09-13/do-x20/outputs/lab-restored/LAC_REPRO_R210/ACTIVE_RESEARCH/R207_MASLOV_SYMBOLIC_FAVORABLE_SETS/symbolic_favorable.py", line 121, in visit
    return any(visit(child) for child in children)
           ^^^^^^^^^^^^^^^^^^^^^^^^^^^^^^^^^^^^^^^
  File "/Users/mertalituncer/Documents/Codex/2026-09-13/do-x20/outputs/lab-restored/LAC_REPRO_R210/ACTIVE_RESEARCH/R207_MASLOV_SYMBOLIC_FAVORABLE_SETS/symbolic_favorable.py", line 121, in <genexpr>
    return any(visit(child) for child in children)
               ^^^^^^^^^^^^
  File "/Users/mertalituncer/Documents/Codex/2026-09-13/do-x20/outputs/lab-restored/LAC_REPRO_R210/ACTIVE_RESEARCH/R207_MASLOV_SYMBOLIC_FAVORABLE_SETS/symbolic_favorable.py", line 120, in visit
    return all(visit(child) for child in children)
           ^^^^^^^^^^^^^^^^^^^^^^^^^^^^^^^^^^^^^^^
  File "/Users/mertalituncer/Documents/Codex/2026-09-13/do-x20/outputs/lab-restored/LAC_REPRO_R210/ACTIVE_RESEARCH/R207_MASLOV_SYMBOLIC_FAVORABLE_SETS/symbolic_favorable.py", line 120, in <genexpr>
    return all(visit(child) for child in children)
               ^^^^^^^^^^^^
  File "/Users/mertalituncer/Documents/Codex/2026-09-13/do-x20/outputs/lab-restored/LAC_REPRO_R210/ACTIVE_RESEARCH/R207_MASLOV_SYMBOLIC_FAVORABLE_SETS/symbolic_favorable.py", line 121, in visit
    return any(visit(child) for child in children)
           ^^^^^^^^^^^^^^^^^^^^^^^^^^^^^^^^^^^^^^^
  File "/Users/mertalituncer/Documents/Codex/2026-09-13/do-x20/outputs/lab-restored/LAC_REPRO_R210/ACTIVE_RESEARCH/R207_MASLOV_SYMBOLIC_FAVORABLE_SETS/symbolic_favorable.py", line 121, in <genexpr>
    return any(visit(child) for child in children)
               ^^^^^^^^^^^^
  File "/Users/mertalituncer/Documents/Codex/2026-09-13/do-x20/outputs/lab-restored/LAC_REPRO_R210/ACTIVE_RESEARCH/R207_MASLOV_SYMBOLIC_FAVORABLE_SETS/symbolic_favorable.py", line 120, in visit
    return all(visit(child) for child in children)
           ^^^^^^^^^^^^^^^^^^^^^^^^^^^^^^^^^^^^^^^
  File "/Users/mertalituncer/Documents/Codex/2026-09-13/do-x20/outputs/lab-restored/LAC_REPRO_R210/ACTIVE_RESEARCH/R207_MASLOV_SYMBOLIC_FAVORABLE_SETS/symbolic_favorable.py", line 120, in <genexpr>
    return all(visit(child) for child in children)
               ^^^^^^^^^^^^
  File "/Users/mertalituncer/Documents/Codex/2026-09-13/do-x20/outputs/lab-restored/LAC_REPRO_R210/ACTIVE_RESEARCH/R207_MASLOV_SYMBOLIC_FAVORABLE_SETS/symbolic_favorable.py", line 121, in visit
    return any(visit(child) for child in children)
           ^^^^^^^^^^^^^^^^^^^^^^^^^^^^^^^^^^^^^^^
  File "/Users/mertalituncer/Documents/Codex/2026-09-13/do-x20/outputs/lab-restored/LAC_REPRO_R210/ACTIVE_RESEARCH/R207_MASLOV_SYMBOLIC_FAVORABLE_SETS/symbolic_favorable.py", line 121, in <genexpr>
    return any(visit(child) for child in children)
               ^^^^^^^^^^^^
  File "/Users/mertalituncer/Documents/Codex/2026-09-13/do-x20/outputs/lab-restored/LAC_REPRO_R210/ACTIVE_RESEARCH/R207_MASLOV_SYMBOLIC_FAVORABLE_SETS/symbolic_favorable.py", line 120, in visit
    return all(visit(child) for child in children)
           ^^^^^^^^^^^^^^^^^^^^^^^^^^^^^^^^^^^^^^^
  File "/Users/mertalituncer/Documents/Codex/2026-09-13/do-x20/outputs/lab-restored/LAC_REPRO_R210/ACTIVE_RESEARCH/R207_MASLOV_SYMBOLIC_FAVORABLE_SETS/symbolic_favorable.py", line 120, in <genexpr>
    return all(visit(child) for child in children)
               ^^^^^^^^^^^^
  File "/Users/mertalituncer/Documents/Codex/2026-09-13/do-x20/outputs/lab-restored/LAC_REPRO_R210/ACTIVE_RESEARCH/R207_MASLOV_SYMBOLIC_FAVORABLE_SETS/symbolic_favorable.py", line 121, in visit
    return any(visit(child) for child in children)
           ^^^^^^^^^^^^^^^^^^^^^^^^^^^^^^^^^^^^^^^
  File "/Users/mertalituncer/Documents/Codex/2026-09-13/do-x20/outputs/lab-restored/LAC_REPRO_R210/ACTIVE_RESEARCH/R207_MASLOV_SYMBOLIC_FAVORABLE_SETS/symbolic_favorable.py", line 121, in <genexpr>
    return any(visit(child) for child in children)
               ^^^^^^^^^^^^
  File "/Users/mertalituncer/Documents/Codex/2026-09-13/do-x20/outputs/lab-restored/LAC_REPRO_R210/ACTIVE_RESEARCH/R207_MASLOV_SYMBOLIC_FAVORABLE_SETS/symbolic_favorable.py", line 120, in visit
    return all(visit(child) for child in children)
           ^^^^^^^^^^^^^^^^^^^^^^^^^^^^^^^^^^^^^^^
  File "/Users/mertalituncer/Documents/Codex/2026-09-13/do-x20/outputs/lab-restored/LAC_REPRO_R210/ACTIVE_RESEARCH/R207_MASLOV_SYMBOLIC_FAVORABLE_SETS/symbolic_favorable.py", line 120, in <genexpr>
    return all(visit(child) for child in children)
               ^^^^^^^^^^^^
  File "/Users/mertalituncer/Documents/Codex/2026-09-13/do-x20/outputs/lab-restored/LAC_REPRO_R210/ACTIVE_RESEARCH/R207_MASLOV_SYMBOLIC_FAVORABLE_SETS/symbolic_favorable.py", line 121, in visit
    return any(visit(child) for child in children)
           ^^^^^^^^^^^^^^^^^^^^^^^^^^^^^^^^^^^^^^^
  File "/Users/mertalituncer/Documents/Codex/2026-09-13/do-x20/outputs/lab-restored/LAC_REPRO_R210/ACTIVE_RESEARCH/R207_MASLOV_SYMBOLIC_FAVORABLE_SETS/symbolic_favorable.py", line 121, in <genexpr>
    return any(visit(child) for child in children)
               ^^^^^^^^^^^^
  File "/Users/mertalituncer/Documents/Codex/2026-09-13/do-x20/outputs/lab-restored/LAC_REPRO_R210/ACTIVE_RESEARCH/R207_MASLOV_SYMBOLIC_FAVORABLE_SETS/symbolic_favorable.py", line 120, in visit
    return all(visit(child) for child in children)
           ^^^^^^^^^^^^^^^^^^^^^^^^^^^^^^^^^^^^^^^
  File "/Users/mertalituncer/Documents/Codex/2026-09-13/do-x20/outputs/lab-restored/LAC_REPRO_R210/ACTIVE_RESEARCH/R207_MASLOV_SYMBOLIC_FAVORABLE_SETS/symbolic_favorable.py", line 120, in <genexpr>
    return all(visit(child) for child in children)
               ^^^^^^^^^^^^
  File "/Users/mertalituncer/Documents/Codex/2026-09-13/do-x20/outputs/lab-restored/LAC_REPRO_R210/ACTIVE_RESEARCH/R207_MASLOV_SYMBOLIC_FAVORABLE_SETS/symbolic_favorable.py", line 121, in visit
    return any(visit(child) for child in children)
           ^^^^^^^^^^^^^^^^^^^^^^^^^^^^^^^^^^^^^^^
  File "/Users/mertalituncer/Documents/Codex/2026-09-13/do-x20/outputs/lab-restored/LAC_REPRO_R210/ACTIVE_RESEARCH/R207_MASLOV_SYMBOLIC_FAVORABLE_SETS/symbolic_favorable.py", line 121, in <genexpr>
    return any(visit(child) for child in children)
               ^^^^^^^^^^^^
  File "/Users/mertalituncer/Documents/Codex/2026-09-13/do-x20/outputs/lab-restored/LAC_REPRO_R210/ACTIVE_RESEARCH/R207_MASLOV_SYMBOLIC_FAVORABLE_SETS/symbolic_favorable.py", line 120, in visit
    return all(visit(child) for child in children)
           ^^^^^^^^^^^^^^^^^^^^^^^^^^^^^^^^^^^^^^^
  File "/Users/mertalituncer/Documents/Codex/2026-09-13/do-x20/outputs/lab-restored/LAC_REPRO_R210/ACTIVE_RESEARCH/R207_MASLOV_SYMBOLIC_FAVORABLE_SETS/symbolic_favorable.py", line 120, in <genexpr>
    return all(visit(child) for child in children)
               ^^^^^^^^^^^^
  File "/Users/mertalituncer/Documents/Codex/2026-09-13/do-x20/outputs/lab-restored/LAC_REPRO_R210/ACTIVE_RESEARCH/R207_MASLOV_SYMBOLIC_FAVORABLE_SETS/symbolic_favorable.py", line 121, in visit
    return any(visit(child) for child in children)
           ^^^^^^^^^^^^^^^^^^^^^^^^^^^^^^^^^^^^^^^
  File "/Users/mertalituncer/Documents/Codex/2026-09-13/do-x20/outputs/lab-restored/LAC_REPRO_R210/ACTIVE_RESEARCH/R207_MASLOV_SYMBOLIC_FAVORABLE_SETS/symbolic_favorable.py", line 121, in <genexpr>
    return any(visit(child) for child in children)
               ^^^^^^^^^^^^
  File "/Users/mertalituncer/Documents/Codex/2026-09-13/do-x20/outputs/lab-restored/LAC_REPRO_R210/ACTIVE_RESEARCH/R207_MASLOV_SYMBOLIC_FAVORABLE_SETS/symbolic_favorable.py", line 120, in visit
    return all(visit(child) for child in children)
           ^^^^^^^^^^^^^^^^^^^^^^^^^^^^^^^^^^^^^^^
  File "/Users/mertalituncer/Documents/Codex/2026-09-13/do-x20/outputs/lab-restored/LAC_REPRO_R210/ACTIVE_RESEARCH/R207_MASLOV_SYMBOLIC_FAVORABLE_SETS/symbolic_favorable.py", line 120, in <genexpr>
    return all(visit(child) for child in children)
               ^^^^^^^^^^^^
  File "/Users/mertalituncer/Documents/Codex/2026-09-13/do-x20/outputs/lab-restored/LAC_REPRO_R210/ACTIVE_RESEARCH/R207_MASLOV_SYMBOLIC_FAVORABLE_SETS/symbolic_favorable.py", line 121, in visit
    return any(visit(child) for child in children)
           ^^^^^^^^^^^^^^^^^^^^^^^^^^^^^^^^^^^^^^^
  File "/Users/mertalituncer/Documents/Codex/2026-09-13/do-x20/outputs/lab-restored/LAC_REPRO_R210/ACTIVE_RESEARCH/R207_MASLOV_SYMBOLIC_FAVORABLE_SETS/symbolic_favorable.py", line 121, in <genexpr>
    return any(visit(child) for child in children)
               ^^^^^^^^^^^^
  File "/Users/mertalituncer/Documents/Codex/2026-09-13/do-x20/outputs/lab-restored/LAC_REPRO_R210/ACTIVE_RESEARCH/R207_MASLOV_SYMBOLIC_FAVORABLE_SETS/symbolic_favorable.py", line 120, in visit
    return all(visit(child) for child in children)
           ^^^^^^^^^^^^^^^^^^^^^^^^^^^^^^^^^^^^^^^
  File "/Users/mertalituncer/Documents/Codex/2026-09-13/do-x20/outputs/lab-restored/LAC_REPRO_R210/ACTIVE_RESEARCH/R207_MASLOV_SYMBOLIC_FAVORABLE_SETS/symbolic_favorable.py", line 120, in <genexpr>
    return all(visit(child) for child in children)
               ^^^^^^^^^^^^
  File "/Users/mertalituncer/Documents/Codex/2026-09-13/do-x20/outputs/lab-restored/LAC_REPRO_R210/ACTIVE_RESEARCH/R207_MASLOV_SYMBOLIC_FAVORABLE_SETS/symbolic_favorable.py", line 121, in visit
    return any(visit(child) for child in children)
           ^^^^^^^^^^^^^^^^^^^^^^^^^^^^^^^^^^^^^^^
  File "/Users/mertalituncer/Documents/Codex/2026-09-13/do-x20/outputs/lab-restored/LAC_REPRO_R210/ACTIVE_RESEARCH/R207_MASLOV_SYMBOLIC_FAVORABLE_SETS/symbolic_favorable.py", line 121, in <genexpr>
    return any(visit(child) for child in children)
               ^^^^^^^^^^^^
  File "/Users/mertalituncer/Documents/Codex/2026-09-13/do-x20/outputs/lab-restored/LAC_REPRO_R210/ACTIVE_RESEARCH/R207_MASLOV_SYMBOLIC_FAVORABLE_SETS/symbolic_favorable.py", line 120, in visit
    return all(visit(child) for child in children)
           ^^^^^^^^^^^^^^^^^^^^^^^^^^^^^^^^^^^^^^^
  File "/Users/mertalituncer/Documents/Codex/2026-09-13/do-x20/outputs/lab-restored/LAC_REPRO_R210/ACTIVE_RESEARCH/R207_MASLOV_SYMBOLIC_FAVORABLE_SETS/symbolic_favorable.py", line 120, in <genexpr>
    return all(visit(child) for child in children)
               ^^^^^^^^^^^^
  File "/Users/mertalituncer/Documents/Codex/2026-09-13/do-x20/outputs/lab-restored/LAC_REPRO_R210/ACTIVE_RESEARCH/R207_MASLOV_SYMBOLIC_FAVORABLE_SETS/symbolic_favorable.py", line 121, in visit
    return any(visit(child) for child in children)
           ^^^^^^^^^^^^^^^^^^^^^^^^^^^^^^^^^^^^^^^
  File "/Users/mertalituncer/Documents/Codex/2026-09-13/do-x20/outputs/lab-restored/LAC_REPRO_R210/ACTIVE_RESEARCH/R207_MASLOV_SYMBOLIC_FAVORABLE_SETS/symbolic_favorable.py", line 121, in <genexpr>
    return any(visit(child) for child in children)
               ^^^^^^^^^^^^
  File "/Users/mertalituncer/Documents/Codex/2026-09-13/do-x20/outputs/lab-restored/LAC_REPRO_R210/ACTIVE_RESEARCH/R207_MASLOV_SYMBOLIC_FAVORABLE_SETS/symbolic_favorable.py", line 120, in visit
    return all(visit(child) for child in children)
           ^^^^^^^^^^^^^^^^^^^^^^^^^^^^^^^^^^^^^^^
  File "/Users/mertalituncer/Documents/Codex/2026-09-13/do-x20/outputs/lab-restored/LAC_REPRO_R210/ACTIVE_RESEARCH/R207_MASLOV_SYMBOLIC_FAVORABLE_SETS/symbolic_favorable.py", line 120, in <genexpr>
    return all(visit(child) for child in children)
               ^^^^^^^^^^^^
  File "/Users/mertalituncer/Documents/Codex/2026-09-13/do-x20/outputs/lab-restored/LAC_REPRO_R210/ACTIVE_RESEARCH/R207_MASLOV_SYMBOLIC_FAVORABLE_SETS/symbolic_favorable.py", line 121, in visit
    return any(visit(child) for child in children)
           ^^^^^^^^^^^^^^^^^^^^^^^^^^^^^^^^^^^^^^^
  File "/Users/mertalituncer/Documents/Codex/2026-09-13/do-x20/outputs/lab-restored/LAC_REPRO_R210/ACTIVE_RESEARCH/R207_MASLOV_SYMBOLIC_FAVORABLE_SETS/symbolic_favorable.py", line 121, in <genexpr>
    return any(visit(child) for child in children)
               ^^^^^^^^^^^^
  File "/Users/mertalituncer/Documents/Codex/2026-09-13/do-x20/outputs/lab-restored/LAC_REPRO_R210/ACTIVE_RESEARCH/R207_MASLOV_SYMBOLIC_FAVORABLE_SETS/symbolic_favorable.py", line 120, in visit
    return all(visit(child) for child in children)
           ^^^^^^^^^^^^^^^^^^^^^^^^^^^^^^^^^^^^^^^
  File "/Users/mertalituncer/Documents/Codex/2026-09-13/do-x20/outputs/lab-restored/LAC_REPRO_R210/ACTIVE_RESEARCH/R207_MASLOV_SYMBOLIC_FAVORABLE_SETS/symbolic_favorable.py", line 120, in <genexpr>
    return all(visit(child) for child in children)
               ^^^^^^^^^^^^
  File "/Users/mertalituncer/Documents/Codex/2026-09-13/do-x20/outputs/lab-restored/LAC_REPRO_R210/ACTIVE_RESEARCH/R207_MASLOV_SYMBOLIC_FAVORABLE_SETS/symbolic_favorable.py", line 121, in visit
    return any(visit(child) for child in children)
           ^^^^^^^^^^^^^^^^^^^^^^^^^^^^^^^^^^^^^^^
  File "/Users/mertalituncer/Documents/Codex/2026-09-13/do-x20/outputs/lab-restored/LAC_REPRO_R210/ACTIVE_RESEARCH/R207_MASLOV_SYMBOLIC_FAVORABLE_SETS/symbolic_favorable.py", line 121, in <genexpr>
    return any(visit(child) for child in children)
               ^^^^^^^^^^^^
  File "/Users/mertalituncer/Documents/Codex/2026-09-13/do-x20/outputs/lab-restored/LAC_REPRO_R210/ACTIVE_RESEARCH/R207_MASLOV_SYMBOLIC_FAVORABLE_SETS/symbolic_favorable.py", line 120, in visit
    return all(visit(child) for child in children)
           ^^^^^^^^^^^^^^^^^^^^^^^^^^^^^^^^^^^^^^^
  File "/Users/mertalituncer/Documents/Codex/2026-09-13/do-x20/outputs/lab-restored/LAC_REPRO_R210/ACTIVE_RESEARCH/R207_MASLOV_SYMBOLIC_FAVORABLE_SETS/symbolic_favorable.py", line 120, in <genexpr>
    return all(visit(child) for child in children)
               ^^^^^^^^^^^^
  File "/Users/mertalituncer/Documents/Codex/2026-09-13/do-x20/outputs/lab-restored/LAC_REPRO_R210/ACTIVE_RESEARCH/R207_MASLOV_SYMBOLIC_FAVORABLE_SETS/symbolic_favorable.py", line 121, in visit
    return any(visit(child) for child in children)
           ^^^^^^^^^^^^^^^^^^^^^^^^^^^^^^^^^^^^^^^
  File "/Users/mertalituncer/Documents/Codex/2026-09-13/do-x20/outputs/lab-restored/LAC_REPRO_R210/ACTIVE_RESEARCH/R207_MASLOV_SYMBOLIC_FAVORABLE_SETS/symbolic_favorable.py", line 121, in <genexpr>
    return any(visit(child) for child in children)
               ^^^^^^^^^^^^
  File "/Users/mertalituncer/Documents/Codex/2026-09-13/do-x20/outputs/lab-restored/LAC_REPRO_R210/ACTIVE_RESEARCH/R207_MASLOV_SYMBOLIC_FAVORABLE_SETS/symbolic_favorable.py", line 120, in visit
    return all(visit(child) for child in children)
           ^^^^^^^^^^^^^^^^^^^^^^^^^^^^^^^^^^^^^^^
  File "/Users/mertalituncer/Documents/Codex/2026-09-13/do-x20/outputs/lab-restored/LAC_REPRO_R210/ACTIVE_RESEARCH/R207_MASLOV_SYMBOLIC_FAVORABLE_SETS/symbolic_favorable.py", line 120, in <genexpr>
    return all(visit(child) for child in children)
               ^^^^^^^^^^^^
  File "/Users/mertalituncer/Documents/Codex/2026-09-13/do-x20/outputs/lab-restored/LAC_REPRO_R210/ACTIVE_RESEARCH/R207_MASLOV_SYMBOLIC_FAVORABLE_SETS/symbolic_favorable.py", line 121, in visit
    return any(visit(child) for child in children)
           ^^^^^^^^^^^^^^^^^^^^^^^^^^^^^^^^^^^^^^^
  File "/Users/mertalituncer/Documents/Codex/2026-09-13/do-x20/outputs/lab-restored/LAC_REPRO_R210/ACTIVE_RESEARCH/R207_MASLOV_SYMBOLIC_FAVORABLE_SETS/symbolic_favorable.py", line 121, in <genexpr>
    return any(visit(child) for child in children)
               ^^^^^^^^^^^^
  File "/Users/mertalituncer/Documents/Codex/2026-09-13/do-x20/outputs/lab-restored/LAC_REPRO_R210/ACTIVE_RESEARCH/R207_MASLOV_SYMBOLIC_FAVORABLE_SETS/symbolic_favorable.py", line 120, in visit
    return all(visit(child) for child in children)
           ^^^^^^^^^^^^^^^^^^^^^^^^^^^^^^^^^^^^^^^
  File "/Users/mertalituncer/Documents/Codex/2026-09-13/do-x20/outputs/lab-restored/LAC_REPRO_R210/ACTIVE_RESEARCH/R207_MASLOV_SYMBOLIC_FAVORABLE_SETS/symbolic_favorable.py", line 120, in <genexpr>
    return all(visit(child) for child in children)
               ^^^^^^^^^^^^
  File "/Users/mertalituncer/Documents/Codex/2026-09-13/do-x20/outputs/lab-restored/LAC_REPRO_R210/ACTIVE_RESEARCH/R207_MASLOV_SYMBOLIC_FAVORABLE_SETS/symbolic_favorable.py", line 121, in visit
    return any(visit(child) for child in children)
           ^^^^^^^^^^^^^^^^^^^^^^^^^^^^^^^^^^^^^^^
  File "/Users/mertalituncer/Documents/Codex/2026-09-13/do-x20/outputs/lab-restored/LAC_REPRO_R210/ACTIVE_RESEARCH/R207_MASLOV_SYMBOLIC_FAVORABLE_SETS/symbolic_favorable.py", line 121, in <genexpr>
    return any(visit(child) for child in children)
               ^^^^^^^^^^^^
  File "/Users/mertalituncer/Documents/Codex/2026-09-13/do-x20/outputs/lab-restored/LAC_REPRO_R210/ACTIVE_RESEARCH/R207_MASLOV_SYMBOLIC_FAVORABLE_SETS/symbolic_favorable.py", line 120, in visit
    return all(visit(child) for child in children)
           ^^^^^^^^^^^^^^^^^^^^^^^^^^^^^^^^^^^^^^^
  File "/Users/mertalituncer/Documents/Codex/2026-09-13/do-x20/outputs/lab-restored/LAC_REPRO_R210/ACTIVE_RESEARCH/R207_MASLOV_SYMBOLIC_FAVORABLE_SETS/symbolic_favorable.py", line 120, in <genexpr>
    return all(visit(child) for child in children)
               ^^^^^^^^^^^^
  File "/Users/mertalituncer/Documents/Codex/2026-09-13/do-x20/outputs/lab-restored/LAC_REPRO_R210/ACTIVE_RESEARCH/R207_MASLOV_SYMBOLIC_FAVORABLE_SETS/symbolic_favorable.py", line 121, in visit
    return any(visit(child) for child in children)
           ^^^^^^^^^^^^^^^^^^^^^^^^^^^^^^^^^^^^^^^
  File "/Users/mertalituncer/Documents/Codex/2026-09-13/do-x20/outputs/lab-restored/LAC_REPRO_R210/ACTIVE_RESEARCH/R207_MASLOV_SYMBOLIC_FAVORABLE_SETS/symbolic_favorable.py", line 121, in <genexpr>
    return any(visit(child) for child in children)
               ^^^^^^^^^^^^
  File "/Users/mertalituncer/Documents/Codex/2026-09-13/do-x20/outputs/lab-restored/LAC_REPRO_R210/ACTIVE_RESEARCH/R207_MASLOV_SYMBOLIC_FAVORABLE_SETS/symbolic_favorable.py", line 120, in visit
    return all(visit(child) for child in children)
           ^^^^^^^^^^^^^^^^^^^^^^^^^^^^^^^^^^^^^^^
  File "/Users/mertalituncer/Documents/Codex/2026-09-13/do-x20/outputs/lab-restored/LAC_REPRO_R210/ACTIVE_RESEARCH/R207_MASLOV_SYMBOLIC_FAVORABLE_SETS/symbolic_favorable.py", line 120, in <genexpr>
    return all(visit(child) for child in children)
               ^^^^^^^^^^^^
  File "/Users/mertalituncer/Documents/Codex/2026-09-13/do-x20/outputs/lab-restored/LAC_REPRO_R210/ACTIVE_RESEARCH/R207_MASLOV_SYMBOLIC_FAVORABLE_SETS/symbolic_favorable.py", line 121, in visit
    return any(visit(child) for child in children)
           ^^^^^^^^^^^^^^^^^^^^^^^^^^^^^^^^^^^^^^^
  File "/Users/mertalituncer/Documents/Codex/2026-09-13/do-x20/outputs/lab-restored/LAC_REPRO_R210/ACTIVE_RESEARCH/R207_MASLOV_SYMBOLIC_FAVORABLE_SETS/symbolic_favorable.py", line 121, in <genexpr>
    return any(visit(child) for child in children)
               ^^^^^^^^^^^^
  File "/Users/mertalituncer/Documents/Codex/2026-09-13/do-x20/outputs/lab-restored/LAC_REPRO_R210/ACTIVE_RESEARCH/R207_MASLOV_SYMBOLIC_FAVORABLE_SETS/symbolic_favorable.py", line 120, in visit
    return all(visit(child) for child in children)
           ^^^^^^^^^^^^^^^^^^^^^^^^^^^^^^^^^^^^^^^
  File "/Users/mertalituncer/Documents/Codex/2026-09-13/do-x20/outputs/lab-restored/LAC_REPRO_R210/ACTIVE_RESEARCH/R207_MASLOV_SYMBOLIC_FAVORABLE_SETS/symbolic_favorable.py", line 120, in <genexpr>
    return all(visit(child) for child in children)
               ^^^^^^^^^^^^
  File "/Users/mertalituncer/Documents/Codex/2026-09-13/do-x20/outputs/lab-restored/LAC_REPRO_R210/ACTIVE_RESEARCH/R207_MASLOV_SYMBOLIC_FAVORABLE_SETS/symbolic_favorable.py", line 121, in visit
    return any(visit(child) for child in children)
           ^^^^^^^^^^^^^^^^^^^^^^^^^^^^^^^^^^^^^^^
  File "/Users/mertalituncer/Documents/Codex/2026-09-13/do-x20/outputs/lab-restored/LAC_REPRO_R210/ACTIVE_RESEARCH/R207_MASLOV_SYMBOLIC_FAVORABLE_SETS/symbolic_favorable.py", line 121, in <genexpr>
    return any(visit(child) for child in children)
               ^^^^^^^^^^^^
  File "/Users/mertalituncer/Documents/Codex/2026-09-13/do-x20/outputs/lab-restored/LAC_REPRO_R210/ACTIVE_RESEARCH/R207_MASLOV_SYMBOLIC_FAVORABLE_SETS/symbolic_favorable.py", line 120, in visit
    return all(visit(child) for child in children)
           ^^^^^^^^^^^^^^^^^^^^^^^^^^^^^^^^^^^^^^^
  File "/Users/mertalituncer/Documents/Codex/2026-09-13/do-x20/outputs/lab-restored/LAC_REPRO_R210/ACTIVE_RESEARCH/R207_MASLOV_SYMBOLIC_FAVORABLE_SETS/symbolic_favorable.py", line 120, in <genexpr>
    return all(visit(child) for child in children)
               ^^^^^^^^^^^^
  File "/Users/mertalituncer/Documents/Codex/2026-09-13/do-x20/outputs/lab-restored/LAC_REPRO_R210/ACTIVE_RESEARCH/R207_MASLOV_SYMBOLIC_FAVORABLE_SETS/symbolic_favorable.py", line 121, in visit
    return any(visit(child) for child in children)
           ^^^^^^^^^^^^^^^^^^^^^^^^^^^^^^^^^^^^^^^
  File "/Users/mertalituncer/Documents/Codex/2026-09-13/do-x20/outputs/lab-restored/LAC_REPRO_R210/ACTIVE_RESEARCH/R207_MASLOV_SYMBOLIC_FAVORABLE_SETS/symbolic_favorable.py", line 121, in <genexpr>
    return any(visit(child) for child in children)
               ^^^^^^^^^^^^
  File "/Users/mertalituncer/Documents/Codex/2026-09-13/do-x20/outputs/lab-restored/LAC_REPRO_R210/ACTIVE_RESEARCH/R207_MASLOV_SYMBOLIC_FAVORABLE_SETS/symbolic_favorable.py", line 120, in visit
    return all(visit(child) for child in children)
           ^^^^^^^^^^^^^^^^^^^^^^^^^^^^^^^^^^^^^^^
  File "/Users/mertalituncer/Documents/Codex/2026-09-13/do-x20/outputs/lab-restored/LAC_REPRO_R210/ACTIVE_RESEARCH/R207_MASLOV_SYMBOLIC_FAVORABLE_SETS/symbolic_favorable.py", line 120, in <genexpr>
    return all(visit(child) for child in children)
               ^^^^^^^^^^^^
  File "/Users/mertalituncer/Documents/Codex/2026-09-13/do-x20/outputs/lab-restored/LAC_REPRO_R210/ACTIVE_RESEARCH/R207_MASLOV_SYMBOLIC_FAVORABLE_SETS/symbolic_favorable.py", line 121, in visit
    return any(visit(child) for child in children)
           ^^^^^^^^^^^^^^^^^^^^^^^^^^^^^^^^^^^^^^^
  File "/Users/mertalituncer/Documents/Codex/2026-09-13/do-x20/outputs/lab-restored/LAC_REPRO_R210/ACTIVE_RESEARCH/R207_MASLOV_SYMBOLIC_FAVORABLE_SETS/symbolic_favorable.py", line 121, in <genexpr>
    return any(visit(child) for child in children)
               ^^^^^^^^^^^^
  File "/Users/mertalituncer/Documents/Codex/2026-09-13/do-x20/outputs/lab-restored/LAC_REPRO_R210/ACTIVE_RESEARCH/R207_MASLOV_SYMBOLIC_FAVORABLE_SETS/symbolic_favorable.py", line 120, in visit
    return all(visit(child) for child in children)
           ^^^^^^^^^^^^^^^^^^^^^^^^^^^^^^^^^^^^^^^
  File "/Users/mertalituncer/Documents/Codex/2026-09-13/do-x20/outputs/lab-restored/LAC_REPRO_R210/ACTIVE_RESEARCH/R207_MASLOV_SYMBOLIC_FAVORABLE_SETS/symbolic_favorable.py", line 120, in <genexpr>
    return all(visit(child) for child in children)
               ^^^^^^^^^^^^
  File "/Users/mertalituncer/Documents/Codex/2026-09-13/do-x20/outputs/lab-restored/LAC_REPRO_R210/ACTIVE_RESEARCH/R207_MASLOV_SYMBOLIC_FAVORABLE_SETS/symbolic_favorable.py", line 121, in visit
    return any(visit(child) for child in children)
           ^^^^^^^^^^^^^^^^^^^^^^^^^^^^^^^^^^^^^^^
  File "/Users/mertalituncer/Documents/Codex/2026-09-13/do-x20/outputs/lab-restored/LAC_REPRO_R210/ACTIVE_RESEARCH/R207_MASLOV_SYMBOLIC_FAVORABLE_SETS/symbolic_favorable.py", line 121, in <genexpr>
    return any(visit(child) for child in children)
               ^^^^^^^^^^^^
  File "/Users/mertalituncer/Documents/Codex/2026-09-13/do-x20/outputs/lab-restored/LAC_REPRO_R210/ACTIVE_RESEARCH/R207_MASLOV_SYMBOLIC_FAVORABLE_SETS/symbolic_favorable.py", line 120, in visit
    return all(visit(child) for child in children)
           ^^^^^^^^^^^^^^^^^^^^^^^^^^^^^^^^^^^^^^^
  File "/Users/mertalituncer/Documents/Codex/2026-09-13/do-x20/outputs/lab-restored/LAC_REPRO_R210/ACTIVE_RESEARCH/R207_MASLOV_SYMBOLIC_FAVORABLE_SETS/symbolic_favorable.py", line 120, in <genexpr>
    return all(visit(child) for child in children)
               ^^^^^^^^^^^^
  File "/Users/mertalituncer/Documents/Codex/2026-09-13/do-x20/outputs/lab-restored/LAC_REPRO_R210/ACTIVE_RESEARCH/R207_MASLOV_SYMBOLIC_FAVORABLE_SETS/symbolic_favorable.py", line 121, in visit
    return any(visit(child) for child in children)
           ^^^^^^^^^^^^^^^^^^^^^^^^^^^^^^^^^^^^^^^
  File "/Users/mertalituncer/Documents/Codex/2026-09-13/do-x20/outputs/lab-restored/LAC_REPRO_R210/ACTIVE_RESEARCH/R207_MASLOV_SYMBOLIC_FAVORABLE_SETS/symbolic_favorable.py", line 121, in <genexpr>
    return any(visit(child) for child in children)
               ^^^^^^^^^^^^
  File "/Users/mertalituncer/Documents/Codex/2026-09-13/do-x20/outputs/lab-restored/LAC_REPRO_R210/ACTIVE_RESEARCH/R207_MASLOV_SYMBOLIC_FAVORABLE_SETS/symbolic_favorable.py", line 120, in visit
    return all(visit(child) for child in children)
           ^^^^^^^^^^^^^^^^^^^^^^^^^^^^^^^^^^^^^^^
  File "/Users/mertalituncer/Documents/Codex/2026-09-13/do-x20/outputs/lab-restored/LAC_REPRO_R210/ACTIVE_RESEARCH/R207_MASLOV_SYMBOLIC_FAVORABLE_SETS/symbolic_favorable.py", line 120, in <genexpr>
    return all(visit(child) for child in children)
               ^^^^^^^^^^^^
  File "/Users/mertalituncer/Documents/Codex/2026-09-13/do-x20/outputs/lab-restored/LAC_REPRO_R210/ACTIVE_RESEARCH/R207_MASLOV_SYMBOLIC_FAVORABLE_SETS/symbolic_favorable.py", line 121, in visit
    return any(visit(child) for child in children)
           ^^^^^^^^^^^^^^^^^^^^^^^^^^^^^^^^^^^^^^^
  File "/Users/mertalituncer/Documents/Codex/2026-09-13/do-x20/outputs/lab-restored/LAC_REPRO_R210/ACTIVE_RESEARCH/R207_MASLOV_SYMBOLIC_FAVORABLE_SETS/symbolic_favorable.py", line 121, in <genexpr>
    return any(visit(child) for child in children)
               ^^^^^^^^^^^^
  File "/Users/mertalituncer/Documents/Codex/2026-09-13/do-x20/outputs/lab-restored/LAC_REPRO_R210/ACTIVE_RESEARCH/R207_MASLOV_SYMBOLIC_FAVORABLE_SETS/symbolic_favorable.py", line 120, in visit
    return all(visit(child) for child in children)
           ^^^^^^^^^^^^^^^^^^^^^^^^^^^^^^^^^^^^^^^
  File "/Users/mertalituncer/Documents/Codex/2026-09-13/do-x20/outputs/lab-restored/LAC_REPRO_R210/ACTIVE_RESEARCH/R207_MASLOV_SYMBOLIC_FAVORABLE_SETS/symbolic_favorable.py", line 120, in <genexpr>
    return all(visit(child) for child in children)
               ^^^^^^^^^^^^
  File "/Users/mertalituncer/Documents/Codex/2026-09-13/do-x20/outputs/lab-restored/LAC_REPRO_R210/ACTIVE_RESEARCH/R207_MASLOV_SYMBOLIC_FAVORABLE_SETS/symbolic_favorable.py", line 121, in visit
    return any(visit(child) for child in children)
           ^^^^^^^^^^^^^^^^^^^^^^^^^^^^^^^^^^^^^^^
  File "/Users/mertalituncer/Documents/Codex/2026-09-13/do-x20/outputs/lab-restored/LAC_REPRO_R210/ACTIVE_RESEARCH/R207_MASLOV_SYMBOLIC_FAVORABLE_SETS/symbolic_favorable.py", line 121, in <genexpr>
    return any(visit(child) for child in children)
               ^^^^^^^^^^^^
  File "/Users/mertalituncer/Documents/Codex/2026-09-13/do-x20/outputs/lab-restored/LAC_REPRO_R210/ACTIVE_RESEARCH/R207_MASLOV_SYMBOLIC_FAVORABLE_SETS/symbolic_favorable.py", line 120, in visit
    return all(visit(child) for child in children)
           ^^^^^^^^^^^^^^^^^^^^^^^^^^^^^^^^^^^^^^^
  File "/Users/mertalituncer/Documents/Codex/2026-09-13/do-x20/outputs/lab-restored/LAC_REPRO_R210/ACTIVE_RESEARCH/R207_MASLOV_SYMBOLIC_FAVORABLE_SETS/symbolic_favorable.py", line 120, in <genexpr>
    return all(visit(child) for child in children)
               ^^^^^^^^^^^^
  File "/Users/mertalituncer/Documents/Codex/2026-09-13/do-x20/outputs/lab-restored/LAC_REPRO_R210/ACTIVE_RESEARCH/R207_MASLOV_SYMBOLIC_FAVORABLE_SETS/symbolic_favorable.py", line 121, in visit
    return any(visit(child) for child in children)
           ^^^^^^^^^^^^^^^^^^^^^^^^^^^^^^^^^^^^^^^
  File "/Users/mertalituncer/Documents/Codex/2026-09-13/do-x20/outputs/lab-restored/LAC_REPRO_R210/ACTIVE_RESEARCH/R207_MASLOV_SYMBOLIC_FAVORABLE_SETS/symbolic_favorable.py", line 121, in <genexpr>
    return any(visit(child) for child in children)
               ^^^^^^^^^^^^
  File "/Users/mertalituncer/Documents/Codex/2026-09-13/do-x20/outputs/lab-restored/LAC_REPRO_R210/ACTIVE_RESEARCH/R207_MASLOV_SYMBOLIC_FAVORABLE_SETS/symbolic_favorable.py", line 120, in visit
    return all(visit(child) for child in children)
           ^^^^^^^^^^^^^^^^^^^^^^^^^^^^^^^^^^^^^^^
  File "/Users/mertalituncer/Documents/Codex/2026-09-13/do-x20/outputs/lab-restored/LAC_REPRO_R210/ACTIVE_RESEARCH/R207_MASLOV_SYMBOLIC_FAVORABLE_SETS/symbolic_favorable.py", line 120, in <genexpr>
    return all(visit(child) for child in children)
               ^^^^^^^^^^^^
  File "/Users/mertalituncer/Documents/Codex/2026-09-13/do-x20/outputs/lab-restored/LAC_REPRO_R210/ACTIVE_RESEARCH/R207_MASLOV_SYMBOLIC_FAVORABLE_SETS/symbolic_favorable.py", line 121, in visit
    return any(visit(child) for child in children)
           ^^^^^^^^^^^^^^^^^^^^^^^^^^^^^^^^^^^^^^^
  File "/Users/mertalituncer/Documents/Codex/2026-09-13/do-x20/outputs/lab-restored/LAC_REPRO_R210/ACTIVE_RESEARCH/R207_MASLOV_SYMBOLIC_FAVORABLE_SETS/symbolic_favorable.py", line 121, in <genexpr>
    return any(visit(child) for child in children)
               ^^^^^^^^^^^^
  File "/Users/mertalituncer/Documents/Codex/2026-09-13/do-x20/outputs/lab-restored/LAC_REPRO_R210/ACTIVE_RESEARCH/R207_MASLOV_SYMBOLIC_FAVORABLE_SETS/symbolic_favorable.py", line 120, in visit
    return all(visit(child) for child in children)
           ^^^^^^^^^^^^^^^^^^^^^^^^^^^^^^^^^^^^^^^
  File "/Users/mertalituncer/Documents/Codex/2026-09-13/do-x20/outputs/lab-restored/LAC_REPRO_R210/ACTIVE_RESEARCH/R207_MASLOV_SYMBOLIC_FAVORABLE_SETS/symbolic_favorable.py", line 120, in <genexpr>
    return all(visit(child) for child in children)
               ^^^^^^^^^^^^
  File "/Users/mertalituncer/Documents/Codex/2026-09-13/do-x20/outputs/lab-restored/LAC_REPRO_R210/ACTIVE_RESEARCH/R207_MASLOV_SYMBOLIC_FAVORABLE_SETS/symbolic_favorable.py", line 121, in visit
    return any(visit(child) for child in children)
           ^^^^^^^^^^^^^^^^^^^^^^^^^^^^^^^^^^^^^^^
  File "/Users/mertalituncer/Documents/Codex/2026-09-13/do-x20/outputs/lab-restored/LAC_REPRO_R210/ACTIVE_RESEARCH/R207_MASLOV_SYMBOLIC_FAVORABLE_SETS/symbolic_favorable.py", line 121, in <genexpr>
    return any(visit(child) for child in children)
               ^^^^^^^^^^^^
  File "/Users/mertalituncer/Documents/Codex/2026-09-13/do-x20/outputs/lab-restored/LAC_REPRO_R210/ACTIVE_RESEARCH/R207_MASLOV_SYMBOLIC_FAVORABLE_SETS/symbolic_favorable.py", line 120, in visit
    return all(visit(child) for child in children)
           ^^^^^^^^^^^^^^^^^^^^^^^^^^^^^^^^^^^^^^^
  File "/Users/mertalituncer/Documents/Codex/2026-09-13/do-x20/outputs/lab-restored/LAC_REPRO_R210/ACTIVE_RESEARCH/R207_MASLOV_SYMBOLIC_FAVORABLE_SETS/symbolic_favorable.py", line 120, in <genexpr>
    return all(visit(child) for child in children)
               ^^^^^^^^^^^^
  File "/Users/mertalituncer/Documents/Codex/2026-09-13/do-x20/outputs/lab-restored/LAC_REPRO_R210/ACTIVE_RESEARCH/R207_MASLOV_SYMBOLIC_FAVORABLE_SETS/symbolic_favorable.py", line 121, in visit
    return any(visit(child) for child in children)
           ^^^^^^^^^^^^^^^^^^^^^^^^^^^^^^^^^^^^^^^
  File "/Users/mertalituncer/Documents/Codex/2026-09-13/do-x20/outputs/lab-restored/LAC_REPRO_R210/ACTIVE_RESEARCH/R207_MASLOV_SYMBOLIC_FAVORABLE_SETS/symbolic_favorable.py", line 121, in <genexpr>
    return any(visit(child) for child in children)
               ^^^^^^^^^^^^
  File "/Users/mertalituncer/Documents/Codex/2026-09-13/do-x20/outputs/lab-restored/LAC_REPRO_R210/ACTIVE_RESEARCH/R207_MASLOV_SYMBOLIC_FAVORABLE_SETS/symbolic_favorable.py", line 120, in visit
    return all(visit(child) for child in children)
           ^^^^^^^^^^^^^^^^^^^^^^^^^^^^^^^^^^^^^^^
  File "/Users/mertalituncer/Documents/Codex/2026-09-13/do-x20/outputs/lab-restored/LAC_REPRO_R210/ACTIVE_RESEARCH/R207_MASLOV_SYMBOLIC_FAVORABLE_SETS/symbolic_favorable.py", line 120, in <genexpr>
    return all(visit(child) for child in children)
               ^^^^^^^^^^^^
  File "/Users/mertalituncer/Documents/Codex/2026-09-13/do-x20/outputs/lab-restored/LAC_REPRO_R210/ACTIVE_RESEARCH/R207_MASLOV_SYMBOLIC_FAVORABLE_SETS/symbolic_favorable.py", line 121, in visit
    return any(visit(child) for child in children)
           ^^^^^^^^^^^^^^^^^^^^^^^^^^^^^^^^^^^^^^^
  File "/Users/mertalituncer/Documents/Codex/2026-09-13/do-x20/outputs/lab-restored/LAC_REPRO_R210/ACTIVE_RESEARCH/R207_MASLOV_SYMBOLIC_FAVORABLE_SETS/symbolic_favorable.py", line 121, in <genexpr>
    return any(visit(child) for child in children)
               ^^^^^^^^^^^^
  File "/Users/mertalituncer/Documents/Codex/2026-09-13/do-x20/outputs/lab-restored/LAC_REPRO_R210/ACTIVE_RESEARCH/R207_MASLOV_SYMBOLIC_FAVORABLE_SETS/symbolic_favorable.py", line 120, in visit
    return all(visit(child) for child in children)
           ^^^^^^^^^^^^^^^^^^^^^^^^^^^^^^^^^^^^^^^
  File "/Users/mertalituncer/Documents/Codex/2026-09-13/do-x20/outputs/lab-restored/LAC_REPRO_R210/ACTIVE_RESEARCH/R207_MASLOV_SYMBOLIC_FAVORABLE_SETS/symbolic_favorable.py", line 120, in <genexpr>
    return all(visit(child) for child in children)
               ^^^^^^^^^^^^
  File "/Users/mertalituncer/Documents/Codex/2026-09-13/do-x20/outputs/lab-restored/LAC_REPRO_R210/ACTIVE_RESEARCH/R207_MASLOV_SYMBOLIC_FAVORABLE_SETS/symbolic_favorable.py", line 121, in visit
    return any(visit(child) for child in children)
           ^^^^^^^^^^^^^^^^^^^^^^^^^^^^^^^^^^^^^^^
  File "/Users/mertalituncer/Documents/Codex/2026-09-13/do-x20/outputs/lab-restored/LAC_REPRO_R210/ACTIVE_RESEARCH/R207_MASLOV_SYMBOLIC_FAVORABLE_SETS/symbolic_favorable.py", line 121, in <genexpr>
    return any(visit(child) for child in children)
               ^^^^^^^^^^^^
  File "/Users/mertalituncer/Documents/Codex/2026-09-13/do-x20/outputs/lab-restored/LAC_REPRO_R210/ACTIVE_RESEARCH/R207_MASLOV_SYMBOLIC_FAVORABLE_SETS/symbolic_favorable.py", line 120, in visit
    return all(visit(child) for child in children)
           ^^^^^^^^^^^^^^^^^^^^^^^^^^^^^^^^^^^^^^^
  File "/Users/mertalituncer/Documents/Codex/2026-09-13/do-x20/outputs/lab-restored/LAC_REPRO_R210/ACTIVE_RESEARCH/R207_MASLOV_SYMBOLIC_FAVORABLE_SETS/symbolic_favorable.py", line 120, in <genexpr>
    return all(visit(child) for child in children)
               ^^^^^^^^^^^^
  File "/Users/mertalituncer/Documents/Codex/2026-09-13/do-x20/outputs/lab-restored/LAC_REPRO_R210/ACTIVE_RESEARCH/R207_MASLOV_SYMBOLIC_FAVORABLE_SETS/symbolic_favorable.py", line 121, in visit
    return any(visit(child) for child in children)
           ^^^^^^^^^^^^^^^^^^^^^^^^^^^^^^^^^^^^^^^
  File "/Users/mertalituncer/Documents/Codex/2026-09-13/do-x20/outputs/lab-restored/LAC_REPRO_R210/ACTIVE_RESEARCH/R207_MASLOV_SYMBOLIC_FAVORABLE_SETS/symbolic_favorable.py", line 121, in <genexpr>
    return any(visit(child) for child in children)
               ^^^^^^^^^^^^
  File "/Users/mertalituncer/Documents/Codex/2026-09-13/do-x20/outputs/lab-restored/LAC_REPRO_R210/ACTIVE_RESEARCH/R207_MASLOV_SYMBOLIC_FAVORABLE_SETS/symbolic_favorable.py", line 120, in visit
    return all(visit(child) for child in children)
           ^^^^^^^^^^^^^^^^^^^^^^^^^^^^^^^^^^^^^^^
  File "/Users/mertalituncer/Documents/Codex/2026-09-13/do-x20/outputs/lab-restored/LAC_REPRO_R210/ACTIVE_RESEARCH/R207_MASLOV_SYMBOLIC_FAVORABLE_SETS/symbolic_favorable.py", line 120, in <genexpr>
    return all(visit(child) for child in children)
               ^^^^^^^^^^^^
  File "/Users/mertalituncer/Documents/Codex/2026-09-13/do-x20/outputs/lab-restored/LAC_REPRO_R210/ACTIVE_RESEARCH/R207_MASLOV_SYMBOLIC_FAVORABLE_SETS/symbolic_favorable.py", line 121, in visit
    return any(visit(child) for child in children)
           ^^^^^^^^^^^^^^^^^^^^^^^^^^^^^^^^^^^^^^^
  File "/Users/mertalituncer/Documents/Codex/2026-09-13/do-x20/outputs/lab-restored/LAC_REPRO_R210/ACTIVE_RESEARCH/R207_MASLOV_SYMBOLIC_FAVORABLE_SETS/symbolic_favorable.py", line 121, in <genexpr>
    return any(visit(child) for child in children)
               ^^^^^^^^^^^^
  File "/Users/mertalituncer/Documents/Codex/2026-09-13/do-x20/outputs/lab-restored/LAC_REPRO_R210/ACTIVE_RESEARCH/R207_MASLOV_SYMBOLIC_FAVORABLE_SETS/symbolic_favorable.py", line 120, in visit
    return all(visit(child) for child in children)
           ^^^^^^^^^^^^^^^^^^^^^^^^^^^^^^^^^^^^^^^
  File "/Users/mertalituncer/Documents/Codex/2026-09-13/do-x20/outputs/lab-restored/LAC_REPRO_R210/ACTIVE_RESEARCH/R207_MASLOV_SYMBOLIC_FAVORABLE_SETS/symbolic_favorable.py", line 120, in <genexpr>
    return all(visit(child) for child in children)
               ^^^^^^^^^^^^
  File "/Users/mertalituncer/Documents/Codex/2026-09-13/do-x20/outputs/lab-restored/LAC_REPRO_R210/ACTIVE_RESEARCH/R207_MASLOV_SYMBOLIC_FAVORABLE_SETS/symbolic_favorable.py", line 121, in visit
    return any(visit(child) for child in children)
           ^^^^^^^^^^^^^^^^^^^^^^^^^^^^^^^^^^^^^^^
  File "/Users/mertalituncer/Documents/Codex/2026-09-13/do-x20/outputs/lab-restored/LAC_REPRO_R210/ACTIVE_RESEARCH/R207_MASLOV_SYMBOLIC_FAVORABLE_SETS/symbolic_favorable.py", line 121, in <genexpr>
    return any(visit(child) for child in children)
               ^^^^^^^^^^^^
  File "/Users/mertalituncer/Documents/Codex/2026-09-13/do-x20/outputs/lab-restored/LAC_REPRO_R210/ACTIVE_RESEARCH/R207_MASLOV_SYMBOLIC_FAVORABLE_SETS/symbolic_favorable.py", line 120, in visit
    return all(visit(child) for child in children)
           ^^^^^^^^^^^^^^^^^^^^^^^^^^^^^^^^^^^^^^^
  File "/Users/mertalituncer/Documents/Codex/2026-09-13/do-x20/outputs/lab-restored/LAC_REPRO_R210/ACTIVE_RESEARCH/R207_MASLOV_SYMBOLIC_FAVORABLE_SETS/symbolic_favorable.py", line 120, in <genexpr>
    return all(visit(child) for child in children)
               ^^^^^^^^^^^^
  File "/Users/mertalituncer/Documents/Codex/2026-09-13/do-x20/outputs/lab-restored/LAC_REPRO_R210/ACTIVE_RESEARCH/R207_MASLOV_SYMBOLIC_FAVORABLE_SETS/symbolic_favorable.py", line 121, in visit
    return any(visit(child) for child in children)
           ^^^^^^^^^^^^^^^^^^^^^^^^^^^^^^^^^^^^^^^
  File "/Users/mertalituncer/Documents/Codex/2026-09-13/do-x20/outputs/lab-restored/LAC_REPRO_R210/ACTIVE_RESEARCH/R207_MASLOV_SYMBOLIC_FAVORABLE_SETS/symbolic_favorable.py", line 121, in <genexpr>
    return any(visit(child) for child in children)
               ^^^^^^^^^^^^
  File "/Users/mertalituncer/Documents/Codex/2026-09-13/do-x20/outputs/lab-restored/LAC_REPRO_R210/ACTIVE_RESEARCH/R207_MASLOV_SYMBOLIC_FAVORABLE_SETS/symbolic_favorable.py", line 120, in visit
    return all(visit(child) for child in children)
           ^^^^^^^^^^^^^^^^^^^^^^^^^^^^^^^^^^^^^^^
  File "/Users/mertalituncer/Documents/Codex/2026-09-13/do-x20/outputs/lab-restored/LAC_REPRO_R210/ACTIVE_RESEARCH/R207_MASLOV_SYMBOLIC_FAVORABLE_SETS/symbolic_favorable.py", line 120, in <genexpr>
    return all(visit(child) for child in children)
               ^^^^^^^^^^^^
  File "/Users/mertalituncer/Documents/Codex/2026-09-13/do-x20/outputs/lab-restored/LAC_REPRO_R210/ACTIVE_RESEARCH/R207_MASLOV_SYMBOLIC_FAVORABLE_SETS/symbolic_favorable.py", line 121, in visit
    return any(visit(child) for child in children)
           ^^^^^^^^^^^^^^^^^^^^^^^^^^^^^^^^^^^^^^^
  File "/Users/mertalituncer/Documents/Codex/2026-09-13/do-x20/outputs/lab-restored/LAC_REPRO_R210/ACTIVE_RESEARCH/R207_MASLOV_SYMBOLIC_FAVORABLE_SETS/symbolic_favorable.py", line 121, in <genexpr>
    return any(visit(child) for child in children)
               ^^^^^^^^^^^^
  File "/Users/mertalituncer/Documents/Codex/2026-09-13/do-x20/outputs/lab-restored/LAC_REPRO_R210/ACTIVE_RESEARCH/R207_MASLOV_SYMBOLIC_FAVORABLE_SETS/symbolic_favorable.py", line 120, in visit
    return all(visit(child) for child in children)
           ^^^^^^^^^^^^^^^^^^^^^^^^^^^^^^^^^^^^^^^
  File "/Users/mertalituncer/Documents/Codex/2026-09-13/do-x20/outputs/lab-restored/LAC_REPRO_R210/ACTIVE_RESEARCH/R207_MASLOV_SYMBOLIC_FAVORABLE_SETS/symbolic_favorable.py", line 120, in <genexpr>
    return all(visit(child) for child in children)
               ^^^^^^^^^^^^
  File "/Users/mertalituncer/Documents/Codex/2026-09-13/do-x20/outputs/lab-restored/LAC_REPRO_R210/ACTIVE_RESEARCH/R207_MASLOV_SYMBOLIC_FAVORABLE_SETS/symbolic_favorable.py", line 121, in visit
    return any(visit(child) for child in children)
           ^^^^^^^^^^^^^^^^^^^^^^^^^^^^^^^^^^^^^^^
  File "/Users/mertalituncer/Documents/Codex/2026-09-13/do-x20/outputs/lab-restored/LAC_REPRO_R210/ACTIVE_RESEARCH/R207_MASLOV_SYMBOLIC_FAVORABLE_SETS/symbolic_favorable.py", line 121, in <genexpr>
    return any(visit(child) for child in children)
               ^^^^^^^^^^^^
  File "/Users/mertalituncer/Documents/Codex/2026-09-13/do-x20/outputs/lab-restored/LAC_REPRO_R210/ACTIVE_RESEARCH/R207_MASLOV_SYMBOLIC_FAVORABLE_SETS/symbolic_favorable.py", line 120, in visit
    return all(visit(child) for child in children)
           ^^^^^^^^^^^^^^^^^^^^^^^^^^^^^^^^^^^^^^^
  File "/Users/mertalituncer/Documents/Codex/2026-09-13/do-x20/outputs/lab-restored/LAC_REPRO_R210/ACTIVE_RESEARCH/R207_MASLOV_SYMBOLIC_FAVORABLE_SETS/symbolic_favorable.py", line 120, in <genexpr>
    return all(visit(child) for child in children)
               ^^^^^^^^^^^^
  File "/Users/mertalituncer/Documents/Codex/2026-09-13/do-x20/outputs/lab-restored/LAC_REPRO_R210/ACTIVE_RESEARCH/R207_MASLOV_SYMBOLIC_FAVORABLE_SETS/symbolic_favorable.py", line 121, in visit
    return any(visit(child) for child in children)
           ^^^^^^^^^^^^^^^^^^^^^^^^^^^^^^^^^^^^^^^
  File "/Users/mertalituncer/Documents/Codex/2026-09-13/do-x20/outputs/lab-restored/LAC_REPRO_R210/ACTIVE_RESEARCH/R207_MASLOV_SYMBOLIC_FAVORABLE_SETS/symbolic_favorable.py", line 121, in <genexpr>
    return any(visit(child) for child in children)
               ^^^^^^^^^^^^
  File "/Users/mertalituncer/Documents/Codex/2026-09-13/do-x20/outputs/lab-restored/LAC_REPRO_R210/ACTIVE_RESEARCH/R207_MASLOV_SYMBOLIC_FAVORABLE_SETS/symbolic_favorable.py", line 120, in visit
    return all(visit(child) for child in children)
           ^^^^^^^^^^^^^^^^^^^^^^^^^^^^^^^^^^^^^^^
  File "/Users/mertalituncer/Documents/Codex/2026-09-13/do-x20/outputs/lab-restored/LAC_REPRO_R210/ACTIVE_RESEARCH/R207_MASLOV_SYMBOLIC_FAVORABLE_SETS/symbolic_favorable.py", line 120, in <genexpr>
    return all(visit(child) for child in children)
               ^^^^^^^^^^^^
  File "/Users/mertalituncer/Documents/Codex/2026-09-13/do-x20/outputs/lab-restored/LAC_REPRO_R210/ACTIVE_RESEARCH/R207_MASLOV_SYMBOLIC_FAVORABLE_SETS/symbolic_favorable.py", line 121, in visit
    return any(visit(child) for child in children)
           ^^^^^^^^^^^^^^^^^^^^^^^^^^^^^^^^^^^^^^^
  File "/Users/mertalituncer/Documents/Codex/2026-09-13/do-x20/outputs/lab-restored/LAC_REPRO_R210/ACTIVE_RESEARCH/R207_MASLOV_SYMBOLIC_FAVORABLE_SETS/symbolic_favorable.py", line 121, in <genexpr>
    return any(visit(child) for child in children)
               ^^^^^^^^^^^^
  File "/Users/mertalituncer/Documents/Codex/2026-09-13/do-x20/outputs/lab-restored/LAC_REPRO_R210/ACTIVE_RESEARCH/R207_MASLOV_SYMBOLIC_FAVORABLE_SETS/symbolic_favorable.py", line 120, in visit
    return all(visit(child) for child in children)
           ^^^^^^^^^^^^^^^^^^^^^^^^^^^^^^^^^^^^^^^
  File "/Users/mertalituncer/Documents/Codex/2026-09-13/do-x20/outputs/lab-restored/LAC_REPRO_R210/ACTIVE_RESEARCH/R207_MASLOV_SYMBOLIC_FAVORABLE_SETS/symbolic_favorable.py", line 120, in <genexpr>
    return all(visit(child) for child in children)
               ^^^^^^^^^^^^
  File "/Users/mertalituncer/Documents/Codex/2026-09-13/do-x20/outputs/lab-restored/LAC_REPRO_R210/ACTIVE_RESEARCH/R207_MASLOV_SYMBOLIC_FAVORABLE_SETS/symbolic_favorable.py", line 121, in visit
    return any(visit(child) for child in children)
           ^^^^^^^^^^^^^^^^^^^^^^^^^^^^^^^^^^^^^^^
  File "/Users/mertalituncer/Documents/Codex/2026-09-13/do-x20/outputs/lab-restored/LAC_REPRO_R210/ACTIVE_RESEARCH/R207_MASLOV_SYMBOLIC_FAVORABLE_SETS/symbolic_favorable.py", line 121, in <genexpr>
    return any(visit(child) for child in children)
               ^^^^^^^^^^^^
  File "/Users/mertalituncer/Documents/Codex/2026-09-13/do-x20/outputs/lab-restored/LAC_REPRO_R210/ACTIVE_RESEARCH/R207_MASLOV_SYMBOLIC_FAVORABLE_SETS/symbolic_favorable.py", line 120, in visit
    return all(visit(child) for child in children)
           ^^^^^^^^^^^^^^^^^^^^^^^^^^^^^^^^^^^^^^^
  File "/Users/mertalituncer/Documents/Codex/2026-09-13/do-x20/outputs/lab-restored/LAC_REPRO_R210/ACTIVE_RESEARCH/R207_MASLOV_SYMBOLIC_FAVORABLE_SETS/symbolic_favorable.py", line 120, in <genexpr>
    return all(visit(child) for child in children)
               ^^^^^^^^^^^^
  File "/Users/mertalituncer/Documents/Codex/2026-09-13/do-x20/outputs/lab-restored/LAC_REPRO_R210/ACTIVE_RESEARCH/R207_MASLOV_SYMBOLIC_FAVORABLE_SETS/symbolic_favorable.py", line 121, in visit
    return any(visit(child) for child in children)
           ^^^^^^^^^^^^^^^^^^^^^^^^^^^^^^^^^^^^^^^
  File "/Users/mertalituncer/Documents/Codex/2026-09-13/do-x20/outputs/lab-restored/LAC_REPRO_R210/ACTIVE_RESEARCH/R207_MASLOV_SYMBOLIC_FAVORABLE_SETS/symbolic_favorable.py", line 121, in <genexpr>
    return any(visit(child) for child in children)
               ^^^^^^^^^^^^
  File "/Users/mertalituncer/Documents/Codex/2026-09-13/do-x20/outputs/lab-restored/LAC_REPRO_R210/ACTIVE_RESEARCH/R207_MASLOV_SYMBOLIC_FAVORABLE_SETS/symbolic_favorable.py", line 120, in visit
    return all(visit(child) for child in children)
           ^^^^^^^^^^^^^^^^^^^^^^^^^^^^^^^^^^^^^^^
  File "/Users/mertalituncer/Documents/Codex/2026-09-13/do-x20/outputs/lab-restored/LAC_REPRO_R210/ACTIVE_RESEARCH/R207_MASLOV_SYMBOLIC_FAVORABLE_SETS/symbolic_favorable.py", line 120, in <genexpr>
    return all(visit(child) for child in children)
               ^^^^^^^^^^^^
  File "/Users/mertalituncer/Documents/Codex/2026-09-13/do-x20/outputs/lab-restored/LAC_REPRO_R210/ACTIVE_RESEARCH/R207_MASLOV_SYMBOLIC_FAVORABLE_SETS/symbolic_favorable.py", line 121, in visit
    return any(visit(child) for child in children)
           ^^^^^^^^^^^^^^^^^^^^^^^^^^^^^^^^^^^^^^^
  File "/Users/mertalituncer/Documents/Codex/2026-09-13/do-x20/outputs/lab-restored/LAC_REPRO_R210/ACTIVE_RESEARCH/R207_MASLOV_SYMBOLIC_FAVORABLE_SETS/symbolic_favorable.py", line 121, in <genexpr>
    return any(visit(child) for child in children)
               ^^^^^^^^^^^^
  File "/Users/mertalituncer/Documents/Codex/2026-09-13/do-x20/outputs/lab-restored/LAC_REPRO_R210/ACTIVE_RESEARCH/R207_MASLOV_SYMBOLIC_FAVORABLE_SETS/symbolic_favorable.py", line 120, in visit
    return all(visit(child) for child in children)
           ^^^^^^^^^^^^^^^^^^^^^^^^^^^^^^^^^^^^^^^
  File "/Users/mertalituncer/Documents/Codex/2026-09-13/do-x20/outputs/lab-restored/LAC_REPRO_R210/ACTIVE_RESEARCH/R207_MASLOV_SYMBOLIC_FAVORABLE_SETS/symbolic_favorable.py", line 120, in <genexpr>
    return all(visit(child) for child in children)
               ^^^^^^^^^^^^
  File "/Users/mertalituncer/Documents/Codex/2026-09-13/do-x20/outputs/lab-restored/LAC_REPRO_R210/ACTIVE_RESEARCH/R207_MASLOV_SYMBOLIC_FAVORABLE_SETS/symbolic_favorable.py", line 121, in visit
    return any(visit(child) for child in children)
           ^^^^^^^^^^^^^^^^^^^^^^^^^^^^^^^^^^^^^^^
  File "/Users/mertalituncer/Documents/Codex/2026-09-13/do-x20/outputs/lab-restored/LAC_REPRO_R210/ACTIVE_RESEARCH/R207_MASLOV_SYMBOLIC_FAVORABLE_SETS/symbolic_favorable.py", line 121, in <genexpr>
    return any(visit(child) for child in children)
               ^^^^^^^^^^^^
  File "/Users/mertalituncer/Documents/Codex/2026-09-13/do-x20/outputs/lab-restored/LAC_REPRO_R210/ACTIVE_RESEARCH/R207_MASLOV_SYMBOLIC_FAVORABLE_SETS/symbolic_favorable.py", line 120, in visit
    return all(visit(child) for child in children)
           ^^^^^^^^^^^^^^^^^^^^^^^^^^^^^^^^^^^^^^^
  File "/Users/mertalituncer/Documents/Codex/2026-09-13/do-x20/outputs/lab-restored/LAC_REPRO_R210/ACTIVE_RESEARCH/R207_MASLOV_SYMBOLIC_FAVORABLE_SETS/symbolic_favorable.py", line 120, in <genexpr>
    return all(visit(child) for child in children)
               ^^^^^^^^^^^^
  File "/Users/mertalituncer/Documents/Codex/2026-09-13/do-x20/outputs/lab-restored/LAC_REPRO_R210/ACTIVE_RESEARCH/R207_MASLOV_SYMBOLIC_FAVORABLE_SETS/symbolic_favorable.py", line 121, in visit
    return any(visit(child) for child in children)
           ^^^^^^^^^^^^^^^^^^^^^^^^^^^^^^^^^^^^^^^
  File "/Users/mertalituncer/Documents/Codex/2026-09-13/do-x20/outputs/lab-restored/LAC_REPRO_R210/ACTIVE_RESEARCH/R207_MASLOV_SYMBOLIC_FAVORABLE_SETS/symbolic_favorable.py", line 121, in <genexpr>
    return any(visit(child) for child in children)
               ^^^^^^^^^^^^
  File "/Users/mertalituncer/Documents/Codex/2026-09-13/do-x20/outputs/lab-restored/LAC_REPRO_R210/ACTIVE_RESEARCH/R207_MASLOV_SYMBOLIC_FAVORABLE_SETS/symbolic_favorable.py", line 120, in visit
    return all(visit(child) for child in children)
           ^^^^^^^^^^^^^^^^^^^^^^^^^^^^^^^^^^^^^^^
  File "/Users/mertalituncer/Documents/Codex/2026-09-13/do-x20/outputs/lab-restored/LAC_REPRO_R210/ACTIVE_RESEARCH/R207_MASLOV_SYMBOLIC_FAVORABLE_SETS/symbolic_favorable.py", line 120, in <genexpr>
    return all(visit(child) for child in children)
               ^^^^^^^^^^^^
  File "/Users/mertalituncer/Documents/Codex/2026-09-13/do-x20/outputs/lab-restored/LAC_REPRO_R210/ACTIVE_RESEARCH/R207_MASLOV_SYMBOLIC_FAVORABLE_SETS/symbolic_favorable.py", line 121, in visit
    return any(visit(child) for child in children)
           ^^^^^^^^^^^^^^^^^^^^^^^^^^^^^^^^^^^^^^^
  File "/Users/mertalituncer/Documents/Codex/2026-09-13/do-x20/outputs/lab-restored/LAC_REPRO_R210/ACTIVE_RESEARCH/R207_MASLOV_SYMBOLIC_FAVORABLE_SETS/symbolic_favorable.py", line 121, in <genexpr>
    return any(visit(child) for child in children)
               ^^^^^^^^^^^^
  File "/Users/mertalituncer/Documents/Codex/2026-09-13/do-x20/outputs/lab-restored/LAC_REPRO_R210/ACTIVE_RESEARCH/R207_MASLOV_SYMBOLIC_FAVORABLE_SETS/symbolic_favorable.py", line 120, in visit
    return all(visit(child) for child in children)
           ^^^^^^^^^^^^^^^^^^^^^^^^^^^^^^^^^^^^^^^
  File "/Users/mertalituncer/Documents/Codex/2026-09-13/do-x20/outputs/lab-restored/LAC_REPRO_R210/ACTIVE_RESEARCH/R207_MASLOV_SYMBOLIC_FAVORABLE_SETS/symbolic_favorable.py", line 120, in <genexpr>
    return all(visit(child) for child in children)
               ^^^^^^^^^^^^
  File "/Users/mertalituncer/Documents/Codex/2026-09-13/do-x20/outputs/lab-restored/LAC_REPRO_R210/ACTIVE_RESEARCH/R207_MASLOV_SYMBOLIC_FAVORABLE_SETS/symbolic_favorable.py", line 121, in visit
    return any(visit(child) for child in children)
           ^^^^^^^^^^^^^^^^^^^^^^^^^^^^^^^^^^^^^^^
  File "/Users/mertalituncer/Documents/Codex/2026-09-13/do-x20/outputs/lab-restored/LAC_REPRO_R210/ACTIVE_RESEARCH/R207_MASLOV_SYMBOLIC_FAVORABLE_SETS/symbolic_favorable.py", line 121, in <genexpr>
    return any(visit(child) for child in children)
               ^^^^^^^^^^^^
  File "/Users/mertalituncer/Documents/Codex/2026-09-13/do-x20/outputs/lab-restored/LAC_REPRO_R210/ACTIVE_RESEARCH/R207_MASLOV_SYMBOLIC_FAVORABLE_SETS/symbolic_favorable.py", line 120, in visit
    return all(visit(child) for child in children)
           ^^^^^^^^^^^^^^^^^^^^^^^^^^^^^^^^^^^^^^^
  File "/Users/mertalituncer/Documents/Codex/2026-09-13/do-x20/outputs/lab-restored/LAC_REPRO_R210/ACTIVE_RESEARCH/R207_MASLOV_SYMBOLIC_FAVORABLE_SETS/symbolic_favorable.py", line 120, in <genexpr>
    return all(visit(child) for child in children)
               ^^^^^^^^^^^^
  File "/Users/mertalituncer/Documents/Codex/2026-09-13/do-x20/outputs/lab-restored/LAC_REPRO_R210/ACTIVE_RESEARCH/R207_MASLOV_SYMBOLIC_FAVORABLE_SETS/symbolic_favorable.py", line 121, in visit
    return any(visit(child) for child in children)
           ^^^^^^^^^^^^^^^^^^^^^^^^^^^^^^^^^^^^^^^
  File "/Users/mertalituncer/Documents/Codex/2026-09-13/do-x20/outputs/lab-restored/LAC_REPRO_R210/ACTIVE_RESEARCH/R207_MASLOV_SYMBOLIC_FAVORABLE_SETS/symbolic_favorable.py", line 121, in <genexpr>
    return any(visit(child) for child in children)
               ^^^^^^^^^^^^
  File "/Users/mertalituncer/Documents/Codex/2026-09-13/do-x20/outputs/lab-restored/LAC_REPRO_R210/ACTIVE_RESEARCH/R207_MASLOV_SYMBOLIC_FAVORABLE_SETS/symbolic_favorable.py", line 120, in visit
    return all(visit(child) for child in children)
           ^^^^^^^^^^^^^^^^^^^^^^^^^^^^^^^^^^^^^^^
  File "/Users/mertalituncer/Documents/Codex/2026-09-13/do-x20/outputs/lab-restored/LAC_REPRO_R210/ACTIVE_RESEARCH/R207_MASLOV_SYMBOLIC_FAVORABLE_SETS/symbolic_favorable.py", line 120, in <genexpr>
    return all(visit(child) for child in children)
               ^^^^^^^^^^^^
  File "/Users/mertalituncer/Documents/Codex/2026-09-13/do-x20/outputs/lab-restored/LAC_REPRO_R210/ACTIVE_RESEARCH/R207_MASLOV_SYMBOLIC_FAVORABLE_SETS/symbolic_favorable.py", line 121, in visit
    return any(visit(child) for child in children)
           ^^^^^^^^^^^^^^^^^^^^^^^^^^^^^^^^^^^^^^^
  File "/Users/mertalituncer/Documents/Codex/2026-09-13/do-x20/outputs/lab-restored/LAC_REPRO_R210/ACTIVE_RESEARCH/R207_MASLOV_SYMBOLIC_FAVORABLE_SETS/symbolic_favorable.py", line 121, in <genexpr>
    return any(visit(child) for child in children)
               ^^^^^^^^^^^^
  File "/Users/mertalituncer/Documents/Codex/2026-09-13/do-x20/outputs/lab-restored/LAC_REPRO_R210/ACTIVE_RESEARCH/R207_MASLOV_SYMBOLIC_FAVORABLE_SETS/symbolic_favorable.py", line 120, in visit
    return all(visit(child) for child in children)
           ^^^^^^^^^^^^^^^^^^^^^^^^^^^^^^^^^^^^^^^
  File "/Users/mertalituncer/Documents/Codex/2026-09-13/do-x20/outputs/lab-restored/LAC_REPRO_R210/ACTIVE_RESEARCH/R207_MASLOV_SYMBOLIC_FAVORABLE_SETS/symbolic_favorable.py", line 120, in <genexpr>
    return all(visit(child) for child in children)
               ^^^^^^^^^^^^
  File "/Users/mertalituncer/Documents/Codex/2026-09-13/do-x20/outputs/lab-restored/LAC_REPRO_R210/ACTIVE_RESEARCH/R207_MASLOV_SYMBOLIC_FAVORABLE_SETS/symbolic_favorable.py", line 121, in visit
    return any(visit(child) for child in children)
           ^^^^^^^^^^^^^^^^^^^^^^^^^^^^^^^^^^^^^^^
  File "/Users/mertalituncer/Documents/Codex/2026-09-13/do-x20/outputs/lab-restored/LAC_REPRO_R210/ACTIVE_RESEARCH/R207_MASLOV_SYMBOLIC_FAVORABLE_SETS/symbolic_favorable.py", line 121, in <genexpr>
    return any(visit(child) for child in children)
               ^^^^^^^^^^^^
  File "/Users/mertalituncer/Documents/Codex/2026-09-13/do-x20/outputs/lab-restored/LAC_REPRO_R210/ACTIVE_RESEARCH/R207_MASLOV_SYMBOLIC_FAVORABLE_SETS/symbolic_favorable.py", line 120, in visit
    return all(visit(child) for child in children)
           ^^^^^^^^^^^^^^^^^^^^^^^^^^^^^^^^^^^^^^^
  File "/Users/mertalituncer/Documents/Codex/2026-09-13/do-x20/outputs/lab-restored/LAC_REPRO_R210/ACTIVE_RESEARCH/R207_MASLOV_SYMBOLIC_FAVORABLE_SETS/symbolic_favorable.py", line 120, in <genexpr>
    return all(visit(child) for child in children)
               ^^^^^^^^^^^^
  File "/Users/mertalituncer/Documents/Codex/2026-09-13/do-x20/outputs/lab-restored/LAC_REPRO_R210/ACTIVE_RESEARCH/R207_MASLOV_SYMBOLIC_FAVORABLE_SETS/symbolic_favorable.py", line 121, in visit
    return any(visit(child) for child in children)
           ^^^^^^^^^^^^^^^^^^^^^^^^^^^^^^^^^^^^^^^
  File "/Users/mertalituncer/Documents/Codex/2026-09-13/do-x20/outputs/lab-restored/LAC_REPRO_R210/ACTIVE_RESEARCH/R207_MASLOV_SYMBOLIC_FAVORABLE_SETS/symbolic_favorable.py", line 121, in <genexpr>
    return any(visit(child) for child in children)
               ^^^^^^^^^^^^
  File "/Users/mertalituncer/Documents/Codex/2026-09-13/do-x20/outputs/lab-restored/LAC_REPRO_R210/ACTIVE_RESEARCH/R207_MASLOV_SYMBOLIC_FAVORABLE_SETS/symbolic_favorable.py", line 120, in visit
    return all(visit(child) for child in children)
           ^^^^^^^^^^^^^^^^^^^^^^^^^^^^^^^^^^^^^^^
  File "/Users/mertalituncer/Documents/Codex/2026-09-13/do-x20/outputs/lab-restored/LAC_REPRO_R210/ACTIVE_RESEARCH/R207_MASLOV_SYMBOLIC_FAVORABLE_SETS/symbolic_favorable.py", line 120, in <genexpr>
    return all(visit(child) for child in children)
               ^^^^^^^^^^^^
  File "/Users/mertalituncer/Documents/Codex/2026-09-13/do-x20/outputs/lab-restored/LAC_REPRO_R210/ACTIVE_RESEARCH/R207_MASLOV_SYMBOLIC_FAVORABLE_SETS/symbolic_favorable.py", line 121, in visit
    return any(visit(child) for child in children)
           ^^^^^^^^^^^^^^^^^^^^^^^^^^^^^^^^^^^^^^^
  File "/Users/mertalituncer/Documents/Codex/2026-09-13/do-x20/outputs/lab-restored/LAC_REPRO_R210/ACTIVE_RESEARCH/R207_MASLOV_SYMBOLIC_FAVORABLE_SETS/symbolic_favorable.py", line 121, in <genexpr>
    return any(visit(child) for child in children)
               ^^^^^^^^^^^^
  File "/Users/mertalituncer/Documents/Codex/2026-09-13/do-x20/outputs/lab-restored/LAC_REPRO_R210/ACTIVE_RESEARCH/R207_MASLOV_SYMBOLIC_FAVORABLE_SETS/symbolic_favorable.py", line 120, in visit
    return all(visit(child) for child in children)
           ^^^^^^^^^^^^^^^^^^^^^^^^^^^^^^^^^^^^^^^
  File "/Users/mertalituncer/Documents/Codex/2026-09-13/do-x20/outputs/lab-restored/LAC_REPRO_R210/ACTIVE_RESEARCH/R207_MASLOV_SYMBOLIC_FAVORABLE_SETS/symbolic_favorable.py", line 120, in <genexpr>
    return all(visit(child) for child in children)
               ^^^^^^^^^^^^
  File "/Users/mertalituncer/Documents/Codex/2026-09-13/do-x20/outputs/lab-restored/LAC_REPRO_R210/ACTIVE_RESEARCH/R207_MASLOV_SYMBOLIC_FAVORABLE_SETS/symbolic_favorable.py", line 121, in visit
    return any(visit(child) for child in children)
           ^^^^^^^^^^^^^^^^^^^^^^^^^^^^^^^^^^^^^^^
  File "/Users/mertalituncer/Documents/Codex/2026-09-13/do-x20/outputs/lab-restored/LAC_REPRO_R210/ACTIVE_RESEARCH/R207_MASLOV_SYMBOLIC_FAVORABLE_SETS/symbolic_favorable.py", line 121, in <genexpr>
    return any(visit(child) for child in children)
               ^^^^^^^^^^^^
  File "/Users/mertalituncer/Documents/Codex/2026-09-13/do-x20/outputs/lab-restored/LAC_REPRO_R210/ACTIVE_RESEARCH/R207_MASLOV_SYMBOLIC_FAVORABLE_SETS/symbolic_favorable.py", line 120, in visit
    return all(visit(child) for child in children)
           ^^^^^^^^^^^^^^^^^^^^^^^^^^^^^^^^^^^^^^^
  File "/Users/mertalituncer/Documents/Codex/2026-09-13/do-x20/outputs/lab-restored/LAC_REPRO_R210/ACTIVE_RESEARCH/R207_MASLOV_SYMBOLIC_FAVORABLE_SETS/symbolic_favorable.py", line 120, in <genexpr>
    return all(visit(child) for child in children)
               ^^^^^^^^^^^^
  File "/Users/mertalituncer/Documents/Codex/2026-09-13/do-x20/outputs/lab-restored/LAC_REPRO_R210/ACTIVE_RESEARCH/R207_MASLOV_SYMBOLIC_FAVORABLE_SETS/symbolic_favorable.py", line 121, in visit
    return any(visit(child) for child in children)
           ^^^^^^^^^^^^^^^^^^^^^^^^^^^^^^^^^^^^^^^
  File "/Users/mertalituncer/Documents/Codex/2026-09-13/do-x20/outputs/lab-restored/LAC_REPRO_R210/ACTIVE_RESEARCH/R207_MASLOV_SYMBOLIC_FAVORABLE_SETS/symbolic_favorable.py", line 121, in <genexpr>
    return any(visit(child) for child in children)
               ^^^^^^^^^^^^
  File "/Users/mertalituncer/Documents/Codex/2026-09-13/do-x20/outputs/lab-restored/LAC_REPRO_R210/ACTIVE_RESEARCH/R207_MASLOV_SYMBOLIC_FAVORABLE_SETS/symbolic_favorable.py", line 120, in visit
    return all(visit(child) for child in children)
           ^^^^^^^^^^^^^^^^^^^^^^^^^^^^^^^^^^^^^^^
  File "/Users/mertalituncer/Documents/Codex/2026-09-13/do-x20/outputs/lab-restored/LAC_REPRO_R210/ACTIVE_RESEARCH/R207_MASLOV_SYMBOLIC_FAVORABLE_SETS/symbolic_favorable.py", line 120, in <genexpr>
    return all(visit(child) for child in children)
               ^^^^^^^^^^^^
  File "/Users/mertalituncer/Documents/Codex/2026-09-13/do-x20/outputs/lab-restored/LAC_REPRO_R210/ACTIVE_RESEARCH/R207_MASLOV_SYMBOLIC_FAVORABLE_SETS/symbolic_favorable.py", line 121, in visit
    return any(visit(child) for child in children)
           ^^^^^^^^^^^^^^^^^^^^^^^^^^^^^^^^^^^^^^^
  File "/Users/mertalituncer/Documents/Codex/2026-09-13/do-x20/outputs/lab-restored/LAC_REPRO_R210/ACTIVE_RESEARCH/R207_MASLOV_SYMBOLIC_FAVORABLE_SETS/symbolic_favorable.py", line 121, in <genexpr>
    return any(visit(child) for child in children)
               ^^^^^^^^^^^^
  File "/Users/mertalituncer/Documents/Codex/2026-09-13/do-x20/outputs/lab-restored/LAC_REPRO_R210/ACTIVE_RESEARCH/R207_MASLOV_SYMBOLIC_FAVORABLE_SETS/symbolic_favorable.py", line 120, in visit
    return all(visit(child) for child in children)
           ^^^^^^^^^^^^^^^^^^^^^^^^^^^^^^^^^^^^^^^
  File "/Users/mertalituncer/Documents/Codex/2026-09-13/do-x20/outputs/lab-restored/LAC_REPRO_R210/ACTIVE_RESEARCH/R207_MASLOV_SYMBOLIC_FAVORABLE_SETS/symbolic_favorable.py", line 120, in <genexpr>
    return all(visit(child) for child in children)
               ^^^^^^^^^^^^
  File "/Users/mertalituncer/Documents/Codex/2026-09-13/do-x20/outputs/lab-restored/LAC_REPRO_R210/ACTIVE_RESEARCH/R207_MASLOV_SYMBOLIC_FAVORABLE_SETS/symbolic_favorable.py", line 121, in visit
    return any(visit(child) for child in children)
           ^^^^^^^^^^^^^^^^^^^^^^^^^^^^^^^^^^^^^^^
  File "/Users/mertalituncer/Documents/Codex/2026-09-13/do-x20/outputs/lab-restored/LAC_REPRO_R210/ACTIVE_RESEARCH/R207_MASLOV_SYMBOLIC_FAVORABLE_SETS/symbolic_favorable.py", line 121, in <genexpr>
    return any(visit(child) for child in children)
               ^^^^^^^^^^^^
  File "/Users/mertalituncer/Documents/Codex/2026-09-13/do-x20/outputs/lab-restored/LAC_REPRO_R210/ACTIVE_RESEARCH/R207_MASLOV_SYMBOLIC_FAVORABLE_SETS/symbolic_favorable.py", line 120, in visit
    return all(visit(child) for child in children)
           ^^^^^^^^^^^^^^^^^^^^^^^^^^^^^^^^^^^^^^^
  File "/Users/mertalituncer/Documents/Codex/2026-09-13/do-x20/outputs/lab-restored/LAC_REPRO_R210/ACTIVE_RESEARCH/R207_MASLOV_SYMBOLIC_FAVORABLE_SETS/symbolic_favorable.py", line 120, in <genexpr>
    return all(visit(child) for child in children)
               ^^^^^^^^^^^^
  File "/Users/mertalituncer/Documents/Codex/2026-09-13/do-x20/outputs/lab-restored/LAC_REPRO_R210/ACTIVE_RESEARCH/R207_MASLOV_SYMBOLIC_FAVORABLE_SETS/symbolic_favorable.py", line 121, in visit
    return any(visit(child) for child in children)
           ^^^^^^^^^^^^^^^^^^^^^^^^^^^^^^^^^^^^^^^
  File "/Users/mertalituncer/Documents/Codex/2026-09-13/do-x20/outputs/lab-restored/LAC_REPRO_R210/ACTIVE_RESEARCH/R207_MASLOV_SYMBOLIC_FAVORABLE_SETS/symbolic_favorable.py", line 121, in <genexpr>
    return any(visit(child) for child in children)
               ^^^^^^^^^^^^
  File "/Users/mertalituncer/Documents/Codex/2026-09-13/do-x20/outputs/lab-restored/LAC_REPRO_R210/ACTIVE_RESEARCH/R207_MASLOV_SYMBOLIC_FAVORABLE_SETS/symbolic_favorable.py", line 120, in visit
    return all(visit(child) for child in children)
           ^^^^^^^^^^^^^^^^^^^^^^^^^^^^^^^^^^^^^^^
  File "/Users/mertalituncer/Documents/Codex/2026-09-13/do-x20/outputs/lab-restored/LAC_REPRO_R210/ACTIVE_RESEARCH/R207_MASLOV_SYMBOLIC_FAVORABLE_SETS/symbolic_favorable.py", line 120, in <genexpr>
    return all(visit(child) for child in children)
               ^^^^^^^^^^^^
  File "/Users/mertalituncer/Documents/Codex/2026-09-13/do-x20/outputs/lab-restored/LAC_REPRO_R210/ACTIVE_RESEARCH/R207_MASLOV_SYMBOLIC_FAVORABLE_SETS/symbolic_favorable.py", line 121, in visit
    return any(visit(child) for child in children)
           ^^^^^^^^^^^^^^^^^^^^^^^^^^^^^^^^^^^^^^^
  File "/Users/mertalituncer/Documents/Codex/2026-09-13/do-x20/outputs/lab-restored/LAC_REPRO_R210/ACTIVE_RESEARCH/R207_MASLOV_SYMBOLIC_FAVORABLE_SETS/symbolic_favorable.py", line 121, in <genexpr>
    return any(visit(child) for child in children)
               ^^^^^^^^^^^^
  File "/Users/mertalituncer/Documents/Codex/2026-09-13/do-x20/outputs/lab-restored/LAC_REPRO_R210/ACTIVE_RESEARCH/R207_MASLOV_SYMBOLIC_FAVORABLE_SETS/symbolic_favorable.py", line 120, in visit
    return all(visit(child) for child in children)
           ^^^^^^^^^^^^^^^^^^^^^^^^^^^^^^^^^^^^^^^
  File "/Users/mertalituncer/Documents/Codex/2026-09-13/do-x20/outputs/lab-restored/LAC_REPRO_R210/ACTIVE_RESEARCH/R207_MASLOV_SYMBOLIC_FAVORABLE_SETS/symbolic_favorable.py", line 120, in <genexpr>
    return all(visit(child) for child in children)
               ^^^^^^^^^^^^
  File "/Users/mertalituncer/Documents/Codex/2026-09-13/do-x20/outputs/lab-restored/LAC_REPRO_R210/ACTIVE_RESEARCH/R207_MASLOV_SYMBOLIC_FAVORABLE_SETS/symbolic_favorable.py", line 121, in visit
    return any(visit(child) for child in children)
           ^^^^^^^^^^^^^^^^^^^^^^^^^^^^^^^^^^^^^^^
  File "/Users/mertalituncer/Documents/Codex/2026-09-13/do-x20/outputs/lab-restored/LAC_REPRO_R210/ACTIVE_RESEARCH/R207_MASLOV_SYMBOLIC_FAVORABLE_SETS/symbolic_favorable.py", line 121, in <genexpr>
    return any(visit(child) for child in children)
               ^^^^^^^^^^^^
  File "/Users/mertalituncer/Documents/Codex/2026-09-13/do-x20/outputs/lab-restored/LAC_REPRO_R210/ACTIVE_RESEARCH/R207_MASLOV_SYMBOLIC_FAVORABLE_SETS/symbolic_favorable.py", line 120, in visit
    return all(visit(child) for child in children)
           ^^^^^^^^^^^^^^^^^^^^^^^^^^^^^^^^^^^^^^^
  File "/Users/mertalituncer/Documents/Codex/2026-09-13/do-x20/outputs/lab-restored/LAC_REPRO_R210/ACTIVE_RESEARCH/R207_MASLOV_SYMBOLIC_FAVORABLE_SETS/symbolic_favorable.py", line 120, in <genexpr>
    return all(visit(child) for child in children)
               ^^^^^^^^^^^^
  File "/Users/mertalituncer/Documents/Codex/2026-09-13/do-x20/outputs/lab-restored/LAC_REPRO_R210/ACTIVE_RESEARCH/R207_MASLOV_SYMBOLIC_FAVORABLE_SETS/symbolic_favorable.py", line 121, in visit
    return any(visit(child) for child in children)
           ^^^^^^^^^^^^^^^^^^^^^^^^^^^^^^^^^^^^^^^
  File "/Users/mertalituncer/Documents/Codex/2026-09-13/do-x20/outputs/lab-restored/LAC_REPRO_R210/ACTIVE_RESEARCH/R207_MASLOV_SYMBOLIC_FAVORABLE_SETS/symbolic_favorable.py", line 121, in <genexpr>
    return any(visit(child) for child in children)
               ^^^^^^^^^^^^
  File "/Users/mertalituncer/Documents/Codex/2026-09-13/do-x20/outputs/lab-restored/LAC_REPRO_R210/ACTIVE_RESEARCH/R207_MASLOV_SYMBOLIC_FAVORABLE_SETS/symbolic_favorable.py", line 120, in visit
    return all(visit(child) for child in children)
           ^^^^^^^^^^^^^^^^^^^^^^^^^^^^^^^^^^^^^^^
  File "/Users/mertalituncer/Documents/Codex/2026-09-13/do-x20/outputs/lab-restored/LAC_REPRO_R210/ACTIVE_RESEARCH/R207_MASLOV_SYMBOLIC_FAVORABLE_SETS/symbolic_favorable.py", line 120, in <genexpr>
    return all(visit(child) for child in children)
               ^^^^^^^^^^^^
  File "/Users/mertalituncer/Documents/Codex/2026-09-13/do-x20/outputs/lab-restored/LAC_REPRO_R210/ACTIVE_RESEARCH/R207_MASLOV_SYMBOLIC_FAVORABLE_SETS/symbolic_favorable.py", line 121, in visit
    return any(visit(child) for child in children)
           ^^^^^^^^^^^^^^^^^^^^^^^^^^^^^^^^^^^^^^^
  File "/Users/mertalituncer/Documents/Codex/2026-09-13/do-x20/outputs/lab-restored/LAC_REPRO_R210/ACTIVE_RESEARCH/R207_MASLOV_SYMBOLIC_FAVORABLE_SETS/symbolic_favorable.py", line 121, in <genexpr>
    return any(visit(child) for child in children)
               ^^^^^^^^^^^^
  File "/Users/mertalituncer/Documents/Codex/2026-09-13/do-x20/outputs/lab-restored/LAC_REPRO_R210/ACTIVE_RESEARCH/R207_MASLOV_SYMBOLIC_FAVORABLE_SETS/symbolic_favorable.py", line 120, in visit
    return all(visit(child) for child in children)
           ^^^^^^^^^^^^^^^^^^^^^^^^^^^^^^^^^^^^^^^
  File "/Users/mertalituncer/Documents/Codex/2026-09-13/do-x20/outputs/lab-restored/LAC_REPRO_R210/ACTIVE_RESEARCH/R207_MASLOV_SYMBOLIC_FAVORABLE_SETS/symbolic_favorable.py", line 120, in <genexpr>
    return all(visit(child) for child in children)
               ^^^^^^^^^^^^
  File "/Users/mertalituncer/Documents/Codex/2026-09-13/do-x20/outputs/lab-restored/LAC_REPRO_R210/ACTIVE_RESEARCH/R207_MASLOV_SYMBOLIC_FAVORABLE_SETS/symbolic_favorable.py", line 121, in visit
    return any(visit(child) for child in children)
           ^^^^^^^^^^^^^^^^^^^^^^^^^^^^^^^^^^^^^^^
  File "/Users/mertalituncer/Documents/Codex/2026-09-13/do-x20/outputs/lab-restored/LAC_REPRO_R210/ACTIVE_RESEARCH/R207_MASLOV_SYMBOLIC_FAVORABLE_SETS/symbolic_favorable.py", line 121, in <genexpr>
    return any(visit(child) for child in children)
               ^^^^^^^^^^^^
  File "/Users/mertalituncer/Documents/Codex/2026-09-13/do-x20/outputs/lab-restored/LAC_REPRO_R210/ACTIVE_RESEARCH/R207_MASLOV_SYMBOLIC_FAVORABLE_SETS/symbolic_favorable.py", line 120, in visit
    return all(visit(child) for child in children)
           ^^^^^^^^^^^^^^^^^^^^^^^^^^^^^^^^^^^^^^^
  File "/Users/mertalituncer/Documents/Codex/2026-09-13/do-x20/outputs/lab-restored/LAC_REPRO_R210/ACTIVE_RESEARCH/R207_MASLOV_SYMBOLIC_FAVORABLE_SETS/symbolic_favorable.py", line 120, in <genexpr>
    return all(visit(child) for child in children)
               ^^^^^^^^^^^^
  File "/Users/mertalituncer/Documents/Codex/2026-09-13/do-x20/outputs/lab-restored/LAC_REPRO_R210/ACTIVE_RESEARCH/R207_MASLOV_SYMBOLIC_FAVORABLE_SETS/symbolic_favorable.py", line 121, in visit
    return any(visit(child) for child in children)
           ^^^^^^^^^^^^^^^^^^^^^^^^^^^^^^^^^^^^^^^
  File "/Users/mertalituncer/Documents/Codex/2026-09-13/do-x20/outputs/lab-restored/LAC_REPRO_R210/ACTIVE_RESEARCH/R207_MASLOV_SYMBOLIC_FAVORABLE_SETS/symbolic_favorable.py", line 121, in <genexpr>
    return any(visit(child) for child in children)
               ^^^^^^^^^^^^
  File "/Users/mertalituncer/Documents/Codex/2026-09-13/do-x20/outputs/lab-restored/LAC_REPRO_R210/ACTIVE_RESEARCH/R207_MASLOV_SYMBOLIC_FAVORABLE_SETS/symbolic_favorable.py", line 120, in visit
    return all(visit(child) for child in children)
           ^^^^^^^^^^^^^^^^^^^^^^^^^^^^^^^^^^^^^^^
  File "/Users/mertalituncer/Documents/Codex/2026-09-13/do-x20/outputs/lab-restored/LAC_REPRO_R210/ACTIVE_RESEARCH/R207_MASLOV_SYMBOLIC_FAVORABLE_SETS/symbolic_favorable.py", line 120, in <genexpr>
    return all(visit(child) for child in children)
               ^^^^^^^^^^^^
  File "/Users/mertalituncer/Documents/Codex/2026-09-13/do-x20/outputs/lab-restored/LAC_REPRO_R210/ACTIVE_RESEARCH/R207_MASLOV_SYMBOLIC_FAVORABLE_SETS/symbolic_favorable.py", line 121, in visit
    return any(visit(child) for child in children)
           ^^^^^^^^^^^^^^^^^^^^^^^^^^^^^^^^^^^^^^^
  File "/Users/mertalituncer/Documents/Codex/2026-09-13/do-x20/outputs/lab-restored/LAC_REPRO_R210/ACTIVE_RESEARCH/R207_MASLOV_SYMBOLIC_FAVORABLE_SETS/symbolic_favorable.py", line 121, in <genexpr>
    return any(visit(child) for child in children)
               ^^^^^^^^^^^^
  File "/Users/mertalituncer/Documents/Codex/2026-09-13/do-x20/outputs/lab-restored/LAC_REPRO_R210/ACTIVE_RESEARCH/R207_MASLOV_SYMBOLIC_FAVORABLE_SETS/symbolic_favorable.py", line 120, in visit
    return all(visit(child) for child in children)
           ^^^^^^^^^^^^^^^^^^^^^^^^^^^^^^^^^^^^^^^
  File "/Users/mertalituncer/Documents/Codex/2026-09-13/do-x20/outputs/lab-restored/LAC_REPRO_R210/ACTIVE_RESEARCH/R207_MASLOV_SYMBOLIC_FAVORABLE_SETS/symbolic_favorable.py", line 120, in <genexpr>
    return all(visit(child) for child in children)
               ^^^^^^^^^^^^
  File "/Users/mertalituncer/Documents/Codex/2026-09-13/do-x20/outputs/lab-restored/LAC_REPRO_R210/ACTIVE_RESEARCH/R207_MASLOV_SYMBOLIC_FAVORABLE_SETS/symbolic_favorable.py", line 121, in visit
    return any(visit(child) for child in children)
           ^^^^^^^^^^^^^^^^^^^^^^^^^^^^^^^^^^^^^^^
  File "/Users/mertalituncer/Documents/Codex/2026-09-13/do-x20/outputs/lab-restored/LAC_REPRO_R210/ACTIVE_RESEARCH/R207_MASLOV_SYMBOLIC_FAVORABLE_SETS/symbolic_favorable.py", line 121, in <genexpr>
    return any(visit(child) for child in children)
               ^^^^^^^^^^^^
  File "/Users/mertalituncer/Documents/Codex/2026-09-13/do-x20/outputs/lab-restored/LAC_REPRO_R210/ACTIVE_RESEARCH/R207_MASLOV_SYMBOLIC_FAVORABLE_SETS/symbolic_favorable.py", line 120, in visit
    return all(visit(child) for child in children)
           ^^^^^^^^^^^^^^^^^^^^^^^^^^^^^^^^^^^^^^^
  File "/Users/mertalituncer/Documents/Codex/2026-09-13/do-x20/outputs/lab-restored/LAC_REPRO_R210/ACTIVE_RESEARCH/R207_MASLOV_SYMBOLIC_FAVORABLE_SETS/symbolic_favorable.py", line 120, in <genexpr>
    return all(visit(child) for child in children)
               ^^^^^^^^^^^^
  File "/Users/mertalituncer/Documents/Codex/2026-09-13/do-x20/outputs/lab-restored/LAC_REPRO_R210/ACTIVE_RESEARCH/R207_MASLOV_SYMBOLIC_FAVORABLE_SETS/symbolic_favorable.py", line 121, in visit
    return any(visit(child) for child in children)
           ^^^^^^^^^^^^^^^^^^^^^^^^^^^^^^^^^^^^^^^
  File "/Users/mertalituncer/Documents/Codex/2026-09-13/do-x20/outputs/lab-restored/LAC_REPRO_R210/ACTIVE_RESEARCH/R207_MASLOV_SYMBOLIC_FAVORABLE_SETS/symbolic_favorable.py", line 121, in <genexpr>
    return any(visit(child) for child in children)
               ^^^^^^^^^^^^
  File "/Users/mertalituncer/Documents/Codex/2026-09-13/do-x20/outputs/lab-restored/LAC_REPRO_R210/ACTIVE_RESEARCH/R207_MASLOV_SYMBOLIC_FAVORABLE_SETS/symbolic_favorable.py", line 120, in visit
    return all(visit(child) for child in children)
           ^^^^^^^^^^^^^^^^^^^^^^^^^^^^^^^^^^^^^^^
  File "/Users/mertalituncer/Documents/Codex/2026-09-13/do-x20/outputs/lab-restored/LAC_REPRO_R210/ACTIVE_RESEARCH/R207_MASLOV_SYMBOLIC_FAVORABLE_SETS/symbolic_favorable.py", line 120, in <genexpr>
    return all(visit(child) for child in children)
               ^^^^^^^^^^^^
  File "/Users/mertalituncer/Documents/Codex/2026-09-13/do-x20/outputs/lab-restored/LAC_REPRO_R210/ACTIVE_RESEARCH/R207_MASLOV_SYMBOLIC_FAVORABLE_SETS/symbolic_favorable.py", line 121, in visit
    return any(visit(child) for child in children)
           ^^^^^^^^^^^^^^^^^^^^^^^^^^^^^^^^^^^^^^^
  File "/Users/mertalituncer/Documents/Codex/2026-09-13/do-x20/outputs/lab-restored/LAC_REPRO_R210/ACTIVE_RESEARCH/R207_MASLOV_SYMBOLIC_FAVORABLE_SETS/symbolic_favorable.py", line 121, in <genexpr>
    return any(visit(child) for child in children)
               ^^^^^^^^^^^^
  File "/Users/mertalituncer/Documents/Codex/2026-09-13/do-x20/outputs/lab-restored/LAC_REPRO_R210/ACTIVE_RESEARCH/R207_MASLOV_SYMBOLIC_FAVORABLE_SETS/symbolic_favorable.py", line 120, in visit
    return all(visit(child) for child in children)
           ^^^^^^^^^^^^^^^^^^^^^^^^^^^^^^^^^^^^^^^
  File "/Users/mertalituncer/Documents/Codex/2026-09-13/do-x20/outputs/lab-restored/LAC_REPRO_R210/ACTIVE_RESEARCH/R207_MASLOV_SYMBOLIC_FAVORABLE_SETS/symbolic_favorable.py", line 120, in <genexpr>
    return all(visit(child) for child in children)
               ^^^^^^^^^^^^
  File "/Users/mertalituncer/Documents/Codex/2026-09-13/do-x20/outputs/lab-restored/LAC_REPRO_R210/ACTIVE_RESEARCH/R207_MASLOV_SYMBOLIC_FAVORABLE_SETS/symbolic_favorable.py", line 121, in visit
    return any(visit(child) for child in children)
           ^^^^^^^^^^^^^^^^^^^^^^^^^^^^^^^^^^^^^^^
  File "/Users/mertalituncer/Documents/Codex/2026-09-13/do-x20/outputs/lab-restored/LAC_REPRO_R210/ACTIVE_RESEARCH/R207_MASLOV_SYMBOLIC_FAVORABLE_SETS/symbolic_favorable.py", line 121, in <genexpr>
    return any(visit(child) for child in children)
               ^^^^^^^^^^^^
  File "/Users/mertalituncer/Documents/Codex/2026-09-13/do-x20/outputs/lab-restored/LAC_REPRO_R210/ACTIVE_RESEARCH/R207_MASLOV_SYMBOLIC_FAVORABLE_SETS/symbolic_favorable.py", line 120, in visit
    return all(visit(child) for child in children)
           ^^^^^^^^^^^^^^^^^^^^^^^^^^^^^^^^^^^^^^^
  File "/Users/mertalituncer/Documents/Codex/2026-09-13/do-x20/outputs/lab-restored/LAC_REPRO_R210/ACTIVE_RESEARCH/R207_MASLOV_SYMBOLIC_FAVORABLE_SETS/symbolic_favorable.py", line 120, in <genexpr>
    return all(visit(child) for child in children)
               ^^^^^^^^^^^^
  File "/Users/mertalituncer/Documents/Codex/2026-09-13/do-x20/outputs/lab-restored/LAC_REPRO_R210/ACTIVE_RESEARCH/R207_MASLOV_SYMBOLIC_FAVORABLE_SETS/symbolic_favorable.py", line 121, in visit
    return any(visit(child) for child in children)
           ^^^^^^^^^^^^^^^^^^^^^^^^^^^^^^^^^^^^^^^
  File "/Users/mertalituncer/Documents/Codex/2026-09-13/do-x20/outputs/lab-restored/LAC_REPRO_R210/ACTIVE_RESEARCH/R207_MASLOV_SYMBOLIC_FAVORABLE_SETS/symbolic_favorable.py", line 121, in <genexpr>
    return any(visit(child) for child in children)
               ^^^^^^^^^^^^
  File "/Users/mertalituncer/Documents/Codex/2026-09-13/do-x20/outputs/lab-restored/LAC_REPRO_R210/ACTIVE_RESEARCH/R207_MASLOV_SYMBOLIC_FAVORABLE_SETS/symbolic_favorable.py", line 120, in visit
    return all(visit(child) for child in children)
           ^^^^^^^^^^^^^^^^^^^^^^^^^^^^^^^^^^^^^^^
  File "/Users/mertalituncer/Documents/Codex/2026-09-13/do-x20/outputs/lab-restored/LAC_REPRO_R210/ACTIVE_RESEARCH/R207_MASLOV_SYMBOLIC_FAVORABLE_SETS/symbolic_favorable.py", line 120, in <genexpr>
    return all(visit(child) for child in children)
               ^^^^^^^^^^^^
  File "/Users/mertalituncer/Documents/Codex/2026-09-13/do-x20/outputs/lab-restored/LAC_REPRO_R210/ACTIVE_RESEARCH/R207_MASLOV_SYMBOLIC_FAVORABLE_SETS/symbolic_favorable.py", line 121, in visit
    return any(visit(child) for child in children)
           ^^^^^^^^^^^^^^^^^^^^^^^^^^^^^^^^^^^^^^^
  File "/Users/mertalituncer/Documents/Codex/2026-09-13/do-x20/outputs/lab-restored/LAC_REPRO_R210/ACTIVE_RESEARCH/R207_MASLOV_SYMBOLIC_FAVORABLE_SETS/symbolic_favorable.py", line 121, in <genexpr>
    return any(visit(child) for child in children)
               ^^^^^^^^^^^^
  File "/Users/mertalituncer/Documents/Codex/2026-09-13/do-x20/outputs/lab-restored/LAC_REPRO_R210/ACTIVE_RESEARCH/R207_MASLOV_SYMBOLIC_FAVORABLE_SETS/symbolic_favorable.py", line 120, in visit
    return all(visit(child) for child in children)
           ^^^^^^^^^^^^^^^^^^^^^^^^^^^^^^^^^^^^^^^
  File "/Users/mertalituncer/Documents/Codex/2026-09-13/do-x20/outputs/lab-restored/LAC_REPRO_R210/ACTIVE_RESEARCH/R207_MASLOV_SYMBOLIC_FAVORABLE_SETS/symbolic_favorable.py", line 120, in <genexpr>
    return all(visit(child) for child in children)
               ^^^^^^^^^^^^
  File "/Users/mertalituncer/Documents/Codex/2026-09-13/do-x20/outputs/lab-restored/LAC_REPRO_R210/ACTIVE_RESEARCH/R207_MASLOV_SYMBOLIC_FAVORABLE_SETS/symbolic_favorable.py", line 121, in visit
    return any(visit(child) for child in children)
           ^^^^^^^^^^^^^^^^^^^^^^^^^^^^^^^^^^^^^^^
  File "/Users/mertalituncer/Documents/Codex/2026-09-13/do-x20/outputs/lab-restored/LAC_REPRO_R210/ACTIVE_RESEARCH/R207_MASLOV_SYMBOLIC_FAVORABLE_SETS/symbolic_favorable.py", line 121, in <genexpr>
    return any(visit(child) for child in children)
               ^^^^^^^^^^^^
  File "/Users/mertalituncer/Documents/Codex/2026-09-13/do-x20/outputs/lab-restored/LAC_REPRO_R210/ACTIVE_RESEARCH/R207_MASLOV_SYMBOLIC_FAVORABLE_SETS/symbolic_favorable.py", line 120, in visit
    return all(visit(child) for child in children)
           ^^^^^^^^^^^^^^^^^^^^^^^^^^^^^^^^^^^^^^^
  File "/Users/mertalituncer/Documents/Codex/2026-09-13/do-x20/outputs/lab-restored/LAC_REPRO_R210/ACTIVE_RESEARCH/R207_MASLOV_SYMBOLIC_FAVORABLE_SETS/symbolic_favorable.py", line 120, in <genexpr>
    return all(visit(child) for child in children)
               ^^^^^^^^^^^^
  File "/Users/mertalituncer/Documents/Codex/2026-09-13/do-x20/outputs/lab-restored/LAC_REPRO_R210/ACTIVE_RESEARCH/R207_MASLOV_SYMBOLIC_FAVORABLE_SETS/symbolic_favorable.py", line 121, in visit
    return any(visit(child) for child in children)
           ^^^^^^^^^^^^^^^^^^^^^^^^^^^^^^^^^^^^^^^
  File "/Users/mertalituncer/Documents/Codex/2026-09-13/do-x20/outputs/lab-restored/LAC_REPRO_R210/ACTIVE_RESEARCH/R207_MASLOV_SYMBOLIC_FAVORABLE_SETS/symbolic_favorable.py", line 121, in <genexpr>
    return any(visit(child) for child in children)
               ^^^^^^^^^^^^
  File "/Users/mertalituncer/Documents/Codex/2026-09-13/do-x20/outputs/lab-restored/LAC_REPRO_R210/ACTIVE_RESEARCH/R207_MASLOV_SYMBOLIC_FAVORABLE_SETS/symbolic_favorable.py", line 120, in visit
    return all(visit(child) for child in children)
           ^^^^^^^^^^^^^^^^^^^^^^^^^^^^^^^^^^^^^^^
  File "/Users/mertalituncer/Documents/Codex/2026-09-13/do-x20/outputs/lab-restored/LAC_REPRO_R210/ACTIVE_RESEARCH/R207_MASLOV_SYMBOLIC_FAVORABLE_SETS/symbolic_favorable.py", line 120, in <genexpr>
    return all(visit(child) for child in children)
               ^^^^^^^^^^^^
  File "/Users/mertalituncer/Documents/Codex/2026-09-13/do-x20/outputs/lab-restored/LAC_REPRO_R210/ACTIVE_RESEARCH/R207_MASLOV_SYMBOLIC_FAVORABLE_SETS/symbolic_favorable.py", line 121, in visit
    return any(visit(child) for child in children)
           ^^^^^^^^^^^^^^^^^^^^^^^^^^^^^^^^^^^^^^^
  File "/Users/mertalituncer/Documents/Codex/2026-09-13/do-x20/outputs/lab-restored/LAC_REPRO_R210/ACTIVE_RESEARCH/R207_MASLOV_SYMBOLIC_FAVORABLE_SETS/symbolic_favorable.py", line 121, in <genexpr>
    return any(visit(child) for child in children)
               ^^^^^^^^^^^^
  File "/Users/mertalituncer/Documents/Codex/2026-09-13/do-x20/outputs/lab-restored/LAC_REPRO_R210/ACTIVE_RESEARCH/R207_MASLOV_SYMBOLIC_FAVORABLE_SETS/symbolic_favorable.py", line 120, in visit
    return all(visit(child) for child in children)
           ^^^^^^^^^^^^^^^^^^^^^^^^^^^^^^^^^^^^^^^
  File "/Users/mertalituncer/Documents/Codex/2026-09-13/do-x20/outputs/lab-restored/LAC_REPRO_R210/ACTIVE_RESEARCH/R207_MASLOV_SYMBOLIC_FAVORABLE_SETS/symbolic_favorable.py", line 120, in <genexpr>
    return all(visit(child) for child in children)
               ^^^^^^^^^^^^
  File "/Users/mertalituncer/Documents/Codex/2026-09-13/do-x20/outputs/lab-restored/LAC_REPRO_R210/ACTIVE_RESEARCH/R207_MASLOV_SYMBOLIC_FAVORABLE_SETS/symbolic_favorable.py", line 121, in visit
    return any(visit(child) for child in children)
           ^^^^^^^^^^^^^^^^^^^^^^^^^^^^^^^^^^^^^^^
  File "/Users/mertalituncer/Documents/Codex/2026-09-13/do-x20/outputs/lab-restored/LAC_REPRO_R210/ACTIVE_RESEARCH/R207_MASLOV_SYMBOLIC_FAVORABLE_SETS/symbolic_favorable.py", line 121, in <genexpr>
    return any(visit(child) for child in children)
               ^^^^^^^^^^^^
  File "/Users/mertalituncer/Documents/Codex/2026-09-13/do-x20/outputs/lab-restored/LAC_REPRO_R210/ACTIVE_RESEARCH/R207_MASLOV_SYMBOLIC_FAVORABLE_SETS/symbolic_favorable.py", line 120, in visit
    return all(visit(child) for child in children)
           ^^^^^^^^^^^^^^^^^^^^^^^^^^^^^^^^^^^^^^^
  File "/Users/mertalituncer/Documents/Codex/2026-09-13/do-x20/outputs/lab-restored/LAC_REPRO_R210/ACTIVE_RESEARCH/R207_MASLOV_SYMBOLIC_FAVORABLE_SETS/symbolic_favorable.py", line 120, in <genexpr>
    return all(visit(child) for child in children)
               ^^^^^^^^^^^^
  File "/Users/mertalituncer/Documents/Codex/2026-09-13/do-x20/outputs/lab-restored/LAC_REPRO_R210/ACTIVE_RESEARCH/R207_MASLOV_SYMBOLIC_FAVORABLE_SETS/symbolic_favorable.py", line 121, in visit
    return any(visit(child) for child in children)
           ^^^^^^^^^^^^^^^^^^^^^^^^^^^^^^^^^^^^^^^
  File "/Users/mertalituncer/Documents/Codex/2026-09-13/do-x20/outputs/lab-restored/LAC_REPRO_R210/ACTIVE_RESEARCH/R207_MASLOV_SYMBOLIC_FAVORABLE_SETS/symbolic_favorable.py", line 121, in <genexpr>
    return any(visit(child) for child in children)
               ^^^^^^^^^^^^
  File "/Users/mertalituncer/Documents/Codex/2026-09-13/do-x20/outputs/lab-restored/LAC_REPRO_R210/ACTIVE_RESEARCH/R207_MASLOV_SYMBOLIC_FAVORABLE_SETS/symbolic_favorable.py", line 120, in visit
    return all(visit(child) for child in children)
           ^^^^^^^^^^^^^^^^^^^^^^^^^^^^^^^^^^^^^^^
  File "/Users/mertalituncer/Documents/Codex/2026-09-13/do-x20/outputs/lab-restored/LAC_REPRO_R210/ACTIVE_RESEARCH/R207_MASLOV_SYMBOLIC_FAVORABLE_SETS/symbolic_favorable.py", line 120, in <genexpr>
    return all(visit(child) for child in children)
               ^^^^^^^^^^^^
  File "/Users/mertalituncer/Documents/Codex/2026-09-13/do-x20/outputs/lab-restored/LAC_REPRO_R210/ACTIVE_RESEARCH/R207_MASLOV_SYMBOLIC_FAVORABLE_SETS/symbolic_favorable.py", line 121, in visit
    return any(visit(child) for child in children)
           ^^^^^^^^^^^^^^^^^^^^^^^^^^^^^^^^^^^^^^^
  File "/Users/mertalituncer/Documents/Codex/2026-09-13/do-x20/outputs/lab-restored/LAC_REPRO_R210/ACTIVE_RESEARCH/R207_MASLOV_SYMBOLIC_FAVORABLE_SETS/symbolic_favorable.py", line 121, in <genexpr>
    return any(visit(child) for child in children)
               ^^^^^^^^^^^^
  File "/Users/mertalituncer/Documents/Codex/2026-09-13/do-x20/outputs/lab-restored/LAC_REPRO_R210/ACTIVE_RESEARCH/R207_MASLOV_SYMBOLIC_FAVORABLE_SETS/symbolic_favorable.py", line 120, in visit
    return all(visit(child) for child in children)
           ^^^^^^^^^^^^^^^^^^^^^^^^^^^^^^^^^^^^^^^
  File "/Users/mertalituncer/Documents/Codex/2026-09-13/do-x20/outputs/lab-restored/LAC_REPRO_R210/ACTIVE_RESEARCH/R207_MASLOV_SYMBOLIC_FAVORABLE_SETS/symbolic_favorable.py", line 120, in <genexpr>
    return all(visit(child) for child in children)
               ^^^^^^^^^^^^
  File "/Users/mertalituncer/Documents/Codex/2026-09-13/do-x20/outputs/lab-restored/LAC_REPRO_R210/ACTIVE_RESEARCH/R207_MASLOV_SYMBOLIC_FAVORABLE_SETS/symbolic_favorable.py", line 121, in visit
    return any(visit(child) for child in children)
           ^^^^^^^^^^^^^^^^^^^^^^^^^^^^^^^^^^^^^^^
  File "/Users/mertalituncer/Documents/Codex/2026-09-13/do-x20/outputs/lab-restored/LAC_REPRO_R210/ACTIVE_RESEARCH/R207_MASLOV_SYMBOLIC_FAVORABLE_SETS/symbolic_favorable.py", line 121, in <genexpr>
    return any(visit(child) for child in children)
               ^^^^^^^^^^^^
  File "/Users/mertalituncer/Documents/Codex/2026-09-13/do-x20/outputs/lab-restored/LAC_REPRO_R210/ACTIVE_RESEARCH/R207_MASLOV_SYMBOLIC_FAVORABLE_SETS/symbolic_favorable.py", line 120, in visit
    return all(visit(child) for child in children)
           ^^^^^^^^^^^^^^^^^^^^^^^^^^^^^^^^^^^^^^^
  File "/Users/mertalituncer/Documents/Codex/2026-09-13/do-x20/outputs/lab-restored/LAC_REPRO_R210/ACTIVE_RESEARCH/R207_MASLOV_SYMBOLIC_FAVORABLE_SETS/symbolic_favorable.py", line 120, in <genexpr>
    return all(visit(child) for child in children)
               ^^^^^^^^^^^^
  File "/Users/mertalituncer/Documents/Codex/2026-09-13/do-x20/outputs/lab-restored/LAC_REPRO_R210/ACTIVE_RESEARCH/R207_MASLOV_SYMBOLIC_FAVORABLE_SETS/symbolic_favorable.py", line 121, in visit
    return any(visit(child) for child in children)
           ^^^^^^^^^^^^^^^^^^^^^^^^^^^^^^^^^^^^^^^
  File "/Users/mertalituncer/Documents/Codex/2026-09-13/do-x20/outputs/lab-restored/LAC_REPRO_R210/ACTIVE_RESEARCH/R207_MASLOV_SYMBOLIC_FAVORABLE_SETS/symbolic_favorable.py", line 121, in <genexpr>
    return any(visit(child) for child in children)
               ^^^^^^^^^^^^
  File "/Users/mertalituncer/Documents/Codex/2026-09-13/do-x20/outputs/lab-restored/LAC_REPRO_R210/ACTIVE_RESEARCH/R207_MASLOV_SYMBOLIC_FAVORABLE_SETS/symbolic_favorable.py", line 120, in visit
    return all(visit(child) for child in children)
           ^^^^^^^^^^^^^^^^^^^^^^^^^^^^^^^^^^^^^^^
  File "/Users/mertalituncer/Documents/Codex/2026-09-13/do-x20/outputs/lab-restored/LAC_REPRO_R210/ACTIVE_RESEARCH/R207_MASLOV_SYMBOLIC_FAVORABLE_SETS/symbolic_favorable.py", line 120, in <genexpr>
    return all(visit(child) for child in children)
               ^^^^^^^^^^^^
  File "/Users/mertalituncer/Documents/Codex/2026-09-13/do-x20/outputs/lab-restored/LAC_REPRO_R210/ACTIVE_RESEARCH/R207_MASLOV_SYMBOLIC_FAVORABLE_SETS/symbolic_favorable.py", line 121, in visit
    return any(visit(child) for child in children)
           ^^^^^^^^^^^^^^^^^^^^^^^^^^^^^^^^^^^^^^^
  File "/Users/mertalituncer/Documents/Codex/2026-09-13/do-x20/outputs/lab-restored/LAC_REPRO_R210/ACTIVE_RESEARCH/R207_MASLOV_SYMBOLIC_FAVORABLE_SETS/symbolic_favorable.py", line 121, in <genexpr>
    return any(visit(child) for child in children)
               ^^^^^^^^^^^^
  File "/Users/mertalituncer/Documents/Codex/2026-09-13/do-x20/outputs/lab-restored/LAC_REPRO_R210/ACTIVE_RESEARCH/R207_MASLOV_SYMBOLIC_FAVORABLE_SETS/symbolic_favorable.py", line 120, in visit
    return all(visit(child) for child in children)
           ^^^^^^^^^^^^^^^^^^^^^^^^^^^^^^^^^^^^^^^
  File "/Users/mertalituncer/Documents/Codex/2026-09-13/do-x20/outputs/lab-restored/LAC_REPRO_R210/ACTIVE_RESEARCH/R207_MASLOV_SYMBOLIC_FAVORABLE_SETS/symbolic_favorable.py", line 120, in <genexpr>
    return all(visit(child) for child in children)
               ^^^^^^^^^^^^
  File "/Users/mertalituncer/Documents/Codex/2026-09-13/do-x20/outputs/lab-restored/LAC_REPRO_R210/ACTIVE_RESEARCH/R207_MASLOV_SYMBOLIC_FAVORABLE_SETS/symbolic_favorable.py", line 121, in visit
    return any(visit(child) for child in children)
           ^^^^^^^^^^^^^^^^^^^^^^^^^^^^^^^^^^^^^^^
  File "/Users/mertalituncer/Documents/Codex/2026-09-13/do-x20/outputs/lab-restored/LAC_REPRO_R210/ACTIVE_RESEARCH/R207_MASLOV_SYMBOLIC_FAVORABLE_SETS/symbolic_favorable.py", line 121, in <genexpr>
    return any(visit(child) for child in children)
               ^^^^^^^^^^^^
  File "/Users/mertalituncer/Documents/Codex/2026-09-13/do-x20/outputs/lab-restored/LAC_REPRO_R210/ACTIVE_RESEARCH/R207_MASLOV_SYMBOLIC_FAVORABLE_SETS/symbolic_favorable.py", line 120, in visit
    return all(visit(child) for child in children)
           ^^^^^^^^^^^^^^^^^^^^^^^^^^^^^^^^^^^^^^^
  File "/Users/mertalituncer/Documents/Codex/2026-09-13/do-x20/outputs/lab-restored/LAC_REPRO_R210/ACTIVE_RESEARCH/R207_MASLOV_SYMBOLIC_FAVORABLE_SETS/symbolic_favorable.py", line 120, in <genexpr>
    return all(visit(child) for child in children)
               ^^^^^^^^^^^^
  File "/Users/mertalituncer/Documents/Codex/2026-09-13/do-x20/outputs/lab-restored/LAC_REPRO_R210/ACTIVE_RESEARCH/R207_MASLOV_SYMBOLIC_FAVORABLE_SETS/symbolic_favorable.py", line 121, in visit
    return any(visit(child) for child in children)
           ^^^^^^^^^^^^^^^^^^^^^^^^^^^^^^^^^^^^^^^
  File "/Users/mertalituncer/Documents/Codex/2026-09-13/do-x20/outputs/lab-restored/LAC_REPRO_R210/ACTIVE_RESEARCH/R207_MASLOV_SYMBOLIC_FAVORABLE_SETS/symbolic_favorable.py", line 121, in <genexpr>
    return any(visit(child) for child in children)
               ^^^^^^^^^^^^
  File "/Users/mertalituncer/Documents/Codex/2026-09-13/do-x20/outputs/lab-restored/LAC_REPRO_R210/ACTIVE_RESEARCH/R207_MASLOV_SYMBOLIC_FAVORABLE_SETS/symbolic_favorable.py", line 120, in visit
    return all(visit(child) for child in children)
           ^^^^^^^^^^^^^^^^^^^^^^^^^^^^^^^^^^^^^^^
  File "/Users/mertalituncer/Documents/Codex/2026-09-13/do-x20/outputs/lab-restored/LAC_REPRO_R210/ACTIVE_RESEARCH/R207_MASLOV_SYMBOLIC_FAVORABLE_SETS/symbolic_favorable.py", line 120, in <genexpr>
    return all(visit(child) for child in children)
               ^^^^^^^^^^^^
  File "/Users/mertalituncer/Documents/Codex/2026-09-13/do-x20/outputs/lab-restored/LAC_REPRO_R210/ACTIVE_RESEARCH/R207_MASLOV_SYMBOLIC_FAVORABLE_SETS/symbolic_favorable.py", line 121, in visit
    return any(visit(child) for child in children)
           ^^^^^^^^^^^^^^^^^^^^^^^^^^^^^^^^^^^^^^^
  File "/Users/mertalituncer/Documents/Codex/2026-09-13/do-x20/outputs/lab-restored/LAC_REPRO_R210/ACTIVE_RESEARCH/R207_MASLOV_SYMBOLIC_FAVORABLE_SETS/symbolic_favorable.py", line 121, in <genexpr>
    return any(visit(child) for child in children)
               ^^^^^^^^^^^^
  File "/Users/mertalituncer/Documents/Codex/2026-09-13/do-x20/outputs/lab-restored/LAC_REPRO_R210/ACTIVE_RESEARCH/R207_MASLOV_SYMBOLIC_FAVORABLE_SETS/symbolic_favorable.py", line 120, in visit
    return all(visit(child) for child in children)
           ^^^^^^^^^^^^^^^^^^^^^^^^^^^^^^^^^^^^^^^
  File "/Users/mertalituncer/Documents/Codex/2026-09-13/do-x20/outputs/lab-restored/LAC_REPRO_R210/ACTIVE_RESEARCH/R207_MASLOV_SYMBOLIC_FAVORABLE_SETS/symbolic_favorable.py", line 120, in <genexpr>
    return all(visit(child) for child in children)
               ^^^^^^^^^^^^
  File "/Users/mertalituncer/Documents/Codex/2026-09-13/do-x20/outputs/lab-restored/LAC_REPRO_R210/ACTIVE_RESEARCH/R207_MASLOV_SYMBOLIC_FAVORABLE_SETS/symbolic_favorable.py", line 121, in visit
    return any(visit(child) for child in children)
           ^^^^^^^^^^^^^^^^^^^^^^^^^^^^^^^^^^^^^^^
  File "/Users/mertalituncer/Documents/Codex/2026-09-13/do-x20/outputs/lab-restored/LAC_REPRO_R210/ACTIVE_RESEARCH/R207_MASLOV_SYMBOLIC_FAVORABLE_SETS/symbolic_favorable.py", line 121, in <genexpr>
    return any(visit(child) for child in children)
               ^^^^^^^^^^^^
  File "/Users/mertalituncer/Documents/Codex/2026-09-13/do-x20/outputs/lab-restored/LAC_REPRO_R210/ACTIVE_RESEARCH/R207_MASLOV_SYMBOLIC_FAVORABLE_SETS/symbolic_favorable.py", line 120, in visit
    return all(visit(child) for child in children)
           ^^^^^^^^^^^^^^^^^^^^^^^^^^^^^^^^^^^^^^^
  File "/Users/mertalituncer/Documents/Codex/2026-09-13/do-x20/outputs/lab-restored/LAC_REPRO_R210/ACTIVE_RESEARCH/R207_MASLOV_SYMBOLIC_FAVORABLE_SETS/symbolic_favorable.py", line 120, in <genexpr>
    return all(visit(child) for child in children)
               ^^^^^^^^^^^^
  File "/Users/mertalituncer/Documents/Codex/2026-09-13/do-x20/outputs/lab-restored/LAC_REPRO_R210/ACTIVE_RESEARCH/R207_MASLOV_SYMBOLIC_FAVORABLE_SETS/symbolic_favorable.py", line 121, in visit
    return any(visit(child) for child in children)
           ^^^^^^^^^^^^^^^^^^^^^^^^^^^^^^^^^^^^^^^
  File "/Users/mertalituncer/Documents/Codex/2026-09-13/do-x20/outputs/lab-restored/LAC_REPRO_R210/ACTIVE_RESEARCH/R207_MASLOV_SYMBOLIC_FAVORABLE_SETS/symbolic_favorable.py", line 121, in <genexpr>
    return any(visit(child) for child in children)
               ^^^^^^^^^^^^
  File "/Users/mertalituncer/Documents/Codex/2026-09-13/do-x20/outputs/lab-restored/LAC_REPRO_R210/ACTIVE_RESEARCH/R207_MASLOV_SYMBOLIC_FAVORABLE_SETS/symbolic_favorable.py", line 120, in visit
    return all(visit(child) for child in children)
           ^^^^^^^^^^^^^^^^^^^^^^^^^^^^^^^^^^^^^^^
  File "/Users/mertalituncer/Documents/Codex/2026-09-13/do-x20/outputs/lab-restored/LAC_REPRO_R210/ACTIVE_RESEARCH/R207_MASLOV_SYMBOLIC_FAVORABLE_SETS/symbolic_favorable.py", line 120, in <genexpr>
    return all(visit(child) for child in children)
               ^^^^^^^^^^^^
  File "/Users/mertalituncer/Documents/Codex/2026-09-13/do-x20/outputs/lab-restored/LAC_REPRO_R210/ACTIVE_RESEARCH/R207_MASLOV_SYMBOLIC_FAVORABLE_SETS/symbolic_favorable.py", line 121, in visit
    return any(visit(child) for child in children)
           ^^^^^^^^^^^^^^^^^^^^^^^^^^^^^^^^^^^^^^^
  File "/Users/mertalituncer/Documents/Codex/2026-09-13/do-x20/outputs/lab-restored/LAC_REPRO_R210/ACTIVE_RESEARCH/R207_MASLOV_SYMBOLIC_FAVORABLE_SETS/symbolic_favorable.py", line 121, in <genexpr>
    return any(visit(child) for child in children)
               ^^^^^^^^^^^^
  File "/Users/mertalituncer/Documents/Codex/2026-09-13/do-x20/outputs/lab-restored/LAC_REPRO_R210/ACTIVE_RESEARCH/R207_MASLOV_SYMBOLIC_FAVORABLE_SETS/symbolic_favorable.py", line 120, in visit
    return all(visit(child) for child in children)
           ^^^^^^^^^^^^^^^^^^^^^^^^^^^^^^^^^^^^^^^
  File "/Users/mertalituncer/Documents/Codex/2026-09-13/do-x20/outputs/lab-restored/LAC_REPRO_R210/ACTIVE_RESEARCH/R207_MASLOV_SYMBOLIC_FAVORABLE_SETS/symbolic_favorable.py", line 120, in <genexpr>
    return all(visit(child) for child in children)
               ^^^^^^^^^^^^
  File "/Users/mertalituncer/Documents/Codex/2026-09-13/do-x20/outputs/lab-restored/LAC_REPRO_R210/ACTIVE_RESEARCH/R207_MASLOV_SYMBOLIC_FAVORABLE_SETS/symbolic_favorable.py", line 121, in visit
    return any(visit(child) for child in children)
           ^^^^^^^^^^^^^^^^^^^^^^^^^^^^^^^^^^^^^^^
  File "/Users/mertalituncer/Documents/Codex/2026-09-13/do-x20/outputs/lab-restored/LAC_REPRO_R210/ACTIVE_RESEARCH/R207_MASLOV_SYMBOLIC_FAVORABLE_SETS/symbolic_favorable.py", line 121, in <genexpr>
    return any(visit(child) for child in children)
               ^^^^^^^^^^^^
  File "/Users/mertalituncer/Documents/Codex/2026-09-13/do-x20/outputs/lab-restored/LAC_REPRO_R210/ACTIVE_RESEARCH/R207_MASLOV_SYMBOLIC_FAVORABLE_SETS/symbolic_favorable.py", line 120, in visit
    return all(visit(child) for child in children)
           ^^^^^^^^^^^^^^^^^^^^^^^^^^^^^^^^^^^^^^^
  File "/Users/mertalituncer/Documents/Codex/2026-09-13/do-x20/outputs/lab-restored/LAC_REPRO_R210/ACTIVE_RESEARCH/R207_MASLOV_SYMBOLIC_FAVORABLE_SETS/symbolic_favorable.py", line 120, in <genexpr>
    return all(visit(child) for child in children)
               ^^^^^^^^^^^^
  File "/Users/mertalituncer/Documents/Codex/2026-09-13/do-x20/outputs/lab-restored/LAC_REPRO_R210/ACTIVE_RESEARCH/R207_MASLOV_SYMBOLIC_FAVORABLE_SETS/symbolic_favorable.py", line 121, in visit
    return any(visit(child) for child in children)
           ^^^^^^^^^^^^^^^^^^^^^^^^^^^^^^^^^^^^^^^
  File "/Users/mertalituncer/Documents/Codex/2026-09-13/do-x20/outputs/lab-restored/LAC_REPRO_R210/ACTIVE_RESEARCH/R207_MASLOV_SYMBOLIC_FAVORABLE_SETS/symbolic_favorable.py", line 121, in <genexpr>
    return any(visit(child) for child in children)
               ^^^^^^^^^^^^
  File "/Users/mertalituncer/Documents/Codex/2026-09-13/do-x20/outputs/lab-restored/LAC_REPRO_R210/ACTIVE_RESEARCH/R207_MASLOV_SYMBOLIC_FAVORABLE_SETS/symbolic_favorable.py", line 120, in visit
    return all(visit(child) for child in children)
           ^^^^^^^^^^^^^^^^^^^^^^^^^^^^^^^^^^^^^^^
  File "/Users/mertalituncer/Documents/Codex/2026-09-13/do-x20/outputs/lab-restored/LAC_REPRO_R210/ACTIVE_RESEARCH/R207_MASLOV_SYMBOLIC_FAVORABLE_SETS/symbolic_favorable.py", line 120, in <genexpr>
    return all(visit(child) for child in children)
               ^^^^^^^^^^^^
  File "/Users/mertalituncer/Documents/Codex/2026-09-13/do-x20/outputs/lab-restored/LAC_REPRO_R210/ACTIVE_RESEARCH/R207_MASLOV_SYMBOLIC_FAVORABLE_SETS/symbolic_favorable.py", line 121, in visit
    return any(visit(child) for child in children)
           ^^^^^^^^^^^^^^^^^^^^^^^^^^^^^^^^^^^^^^^
  File "/Users/mertalituncer/Documents/Codex/2026-09-13/do-x20/outputs/lab-restored/LAC_REPRO_R210/ACTIVE_RESEARCH/R207_MASLOV_SYMBOLIC_FAVORABLE_SETS/symbolic_favorable.py", line 121, in <genexpr>
    return any(visit(child) for child in children)
               ^^^^^^^^^^^^
  File "/Users/mertalituncer/Documents/Codex/2026-09-13/do-x20/outputs/lab-restored/LAC_REPRO_R210/ACTIVE_RESEARCH/R207_MASLOV_SYMBOLIC_FAVORABLE_SETS/symbolic_favorable.py", line 120, in visit
    return all(visit(child) for child in children)
           ^^^^^^^^^^^^^^^^^^^^^^^^^^^^^^^^^^^^^^^
  File "/Users/mertalituncer/Documents/Codex/2026-09-13/do-x20/outputs/lab-restored/LAC_REPRO_R210/ACTIVE_RESEARCH/R207_MASLOV_SYMBOLIC_FAVORABLE_SETS/symbolic_favorable.py", line 120, in <genexpr>
    return all(visit(child) for child in children)
               ^^^^^^^^^^^^
  File "/Users/mertalituncer/Documents/Codex/2026-09-13/do-x20/outputs/lab-restored/LAC_REPRO_R210/ACTIVE_RESEARCH/R207_MASLOV_SYMBOLIC_FAVORABLE_SETS/symbolic_favorable.py", line 121, in visit
    return any(visit(child) for child in children)
           ^^^^^^^^^^^^^^^^^^^^^^^^^^^^^^^^^^^^^^^
  File "/Users/mertalituncer/Documents/Codex/2026-09-13/do-x20/outputs/lab-restored/LAC_REPRO_R210/ACTIVE_RESEARCH/R207_MASLOV_SYMBOLIC_FAVORABLE_SETS/symbolic_favorable.py", line 121, in <genexpr>
    return any(visit(child) for child in children)
               ^^^^^^^^^^^^
  File "/Users/mertalituncer/Documents/Codex/2026-09-13/do-x20/outputs/lab-restored/LAC_REPRO_R210/ACTIVE_RESEARCH/R207_MASLOV_SYMBOLIC_FAVORABLE_SETS/symbolic_favorable.py", line 120, in visit
    return all(visit(child) for child in children)
           ^^^^^^^^^^^^^^^^^^^^^^^^^^^^^^^^^^^^^^^
  File "/Users/mertalituncer/Documents/Codex/2026-09-13/do-x20/outputs/lab-restored/LAC_REPRO_R210/ACTIVE_RESEARCH/R207_MASLOV_SYMBOLIC_FAVORABLE_SETS/symbolic_favorable.py", line 120, in <genexpr>
    return all(visit(child) for child in children)
               ^^^^^^^^^^^^
  File "/Users/mertalituncer/Documents/Codex/2026-09-13/do-x20/outputs/lab-restored/LAC_REPRO_R210/ACTIVE_RESEARCH/R207_MASLOV_SYMBOLIC_FAVORABLE_SETS/symbolic_favorable.py", line 121, in visit
    return any(visit(child) for child in children)
           ^^^^^^^^^^^^^^^^^^^^^^^^^^^^^^^^^^^^^^^
  File "/Users/mertalituncer/Documents/Codex/2026-09-13/do-x20/outputs/lab-restored/LAC_REPRO_R210/ACTIVE_RESEARCH/R207_MASLOV_SYMBOLIC_FAVORABLE_SETS/symbolic_favorable.py", line 121, in <genexpr>
    return any(visit(child) for child in children)
               ^^^^^^^^^^^^
  File "/Users/mertalituncer/Documents/Codex/2026-09-13/do-x20/outputs/lab-restored/LAC_REPRO_R210/ACTIVE_RESEARCH/R207_MASLOV_SYMBOLIC_FAVORABLE_SETS/symbolic_favorable.py", line 120, in visit
    return all(visit(child) for child in children)
           ^^^^^^^^^^^^^^^^^^^^^^^^^^^^^^^^^^^^^^^
  File "/Users/mertalituncer/Documents/Codex/2026-09-13/do-x20/outputs/lab-restored/LAC_REPRO_R210/ACTIVE_RESEARCH/R207_MASLOV_SYMBOLIC_FAVORABLE_SETS/symbolic_favorable.py", line 120, in <genexpr>
    return all(visit(child) for child in children)
               ^^^^^^^^^^^^
  File "/Users/mertalituncer/Documents/Codex/2026-09-13/do-x20/outputs/lab-restored/LAC_REPRO_R210/ACTIVE_RESEARCH/R207_MASLOV_SYMBOLIC_FAVORABLE_SETS/symbolic_favorable.py", line 121, in visit
    return any(visit(child) for child in children)
           ^^^^^^^^^^^^^^^^^^^^^^^^^^^^^^^^^^^^^^^
  File "/Users/mertalituncer/Documents/Codex/2026-09-13/do-x20/outputs/lab-restored/LAC_REPRO_R210/ACTIVE_RESEARCH/R207_MASLOV_SYMBOLIC_FAVORABLE_SETS/symbolic_favorable.py", line 121, in <genexpr>
    return any(visit(child) for child in children)
               ^^^^^^^^^^^^
  File "/Users/mertalituncer/Documents/Codex/2026-09-13/do-x20/outputs/lab-restored/LAC_REPRO_R210/ACTIVE_RESEARCH/R207_MASLOV_SYMBOLIC_FAVORABLE_SETS/symbolic_favorable.py", line 120, in visit
    return all(visit(child) for child in children)
           ^^^^^^^^^^^^^^^^^^^^^^^^^^^^^^^^^^^^^^^
  File "/Users/mertalituncer/Documents/Codex/2026-09-13/do-x20/outputs/lab-restored/LAC_REPRO_R210/ACTIVE_RESEARCH/R207_MASLOV_SYMBOLIC_FAVORABLE_SETS/symbolic_favorable.py", line 120, in <genexpr>
    return all(visit(child) for child in children)
               ^^^^^^^^^^^^
  File "/Users/mertalituncer/Documents/Codex/2026-09-13/do-x20/outputs/lab-restored/LAC_REPRO_R210/ACTIVE_RESEARCH/R207_MASLOV_SYMBOLIC_FAVORABLE_SETS/symbolic_favorable.py", line 121, in visit
    return any(visit(child) for child in children)
           ^^^^^^^^^^^^^^^^^^^^^^^^^^^^^^^^^^^^^^^
  File "/Users/mertalituncer/Documents/Codex/2026-09-13/do-x20/outputs/lab-restored/LAC_REPRO_R210/ACTIVE_RESEARCH/R207_MASLOV_SYMBOLIC_FAVORABLE_SETS/symbolic_favorable.py", line 121, in <genexpr>
    return any(visit(child) for child in children)
               ^^^^^^^^^^^^
  File "/Users/mertalituncer/Documents/Codex/2026-09-13/do-x20/outputs/lab-restored/LAC_REPRO_R210/ACTIVE_RESEARCH/R207_MASLOV_SYMBOLIC_FAVORABLE_SETS/symbolic_favorable.py", line 120, in visit
    return all(visit(child) for child in children)
           ^^^^^^^^^^^^^^^^^^^^^^^^^^^^^^^^^^^^^^^
  File "/Users/mertalituncer/Documents/Codex/2026-09-13/do-x20/outputs/lab-restored/LAC_REPRO_R210/ACTIVE_RESEARCH/R207_MASLOV_SYMBOLIC_FAVORABLE_SETS/symbolic_favorable.py", line 120, in <genexpr>
    return all(visit(child) for child in children)
               ^^^^^^^^^^^^
  File "/Users/mertalituncer/Documents/Codex/2026-09-13/do-x20/outputs/lab-restored/LAC_REPRO_R210/ACTIVE_RESEARCH/R207_MASLOV_SYMBOLIC_FAVORABLE_SETS/symbolic_favorable.py", line 121, in visit
    return any(visit(child) for child in children)
           ^^^^^^^^^^^^^^^^^^^^^^^^^^^^^^^^^^^^^^^
  File "/Users/mertalituncer/Documents/Codex/2026-09-13/do-x20/outputs/lab-restored/LAC_REPRO_R210/ACTIVE_RESEARCH/R207_MASLOV_SYMBOLIC_FAVORABLE_SETS/symbolic_favorable.py", line 121, in <genexpr>
    return any(visit(child) for child in children)
               ^^^^^^^^^^^^
  File "/Users/mertalituncer/Documents/Codex/2026-09-13/do-x20/outputs/lab-restored/LAC_REPRO_R210/ACTIVE_RESEARCH/R207_MASLOV_SYMBOLIC_FAVORABLE_SETS/symbolic_favorable.py", line 120, in visit
    return all(visit(child) for child in children)
           ^^^^^^^^^^^^^^^^^^^^^^^^^^^^^^^^^^^^^^^
  File "/Users/mertalituncer/Documents/Codex/2026-09-13/do-x20/outputs/lab-restored/LAC_REPRO_R210/ACTIVE_RESEARCH/R207_MASLOV_SYMBOLIC_FAVORABLE_SETS/symbolic_favorable.py", line 120, in <genexpr>
    return all(visit(child) for child in children)
               ^^^^^^^^^^^^
  File "/Users/mertalituncer/Documents/Codex/2026-09-13/do-x20/outputs/lab-restored/LAC_REPRO_R210/ACTIVE_RESEARCH/R207_MASLOV_SYMBOLIC_FAVORABLE_SETS/symbolic_favorable.py", line 121, in visit
    return any(visit(child) for child in children)
           ^^^^^^^^^^^^^^^^^^^^^^^^^^^^^^^^^^^^^^^
  File "/Users/mertalituncer/Documents/Codex/2026-09-13/do-x20/outputs/lab-restored/LAC_REPRO_R210/ACTIVE_RESEARCH/R207_MASLOV_SYMBOLIC_FAVORABLE_SETS/symbolic_favorable.py", line 121, in <genexpr>
    return any(visit(child) for child in children)
               ^^^^^^^^^^^^
  File "/Users/mertalituncer/Documents/Codex/2026-09-13/do-x20/outputs/lab-restored/LAC_REPRO_R210/ACTIVE_RESEARCH/R207_MASLOV_SYMBOLIC_FAVORABLE_SETS/symbolic_favorable.py", line 120, in visit
    return all(visit(child) for child in children)
           ^^^^^^^^^^^^^^^^^^^^^^^^^^^^^^^^^^^^^^^
  File "/Users/mertalituncer/Documents/Codex/2026-09-13/do-x20/outputs/lab-restored/LAC_REPRO_R210/ACTIVE_RESEARCH/R207_MASLOV_SYMBOLIC_FAVORABLE_SETS/symbolic_favorable.py", line 120, in <genexpr>
    return all(visit(child) for child in children)
               ^^^^^^^^^^^^
  File "/Users/mertalituncer/Documents/Codex/2026-09-13/do-x20/outputs/lab-restored/LAC_REPRO_R210/ACTIVE_RESEARCH/R207_MASLOV_SYMBOLIC_FAVORABLE_SETS/symbolic_favorable.py", line 121, in visit
    return any(visit(child) for child in children)
           ^^^^^^^^^^^^^^^^^^^^^^^^^^^^^^^^^^^^^^^
  File "/Users/mertalituncer/Documents/Codex/2026-09-13/do-x20/outputs/lab-restored/LAC_REPRO_R210/ACTIVE_RESEARCH/R207_MASLOV_SYMBOLIC_FAVORABLE_SETS/symbolic_favorable.py", line 121, in <genexpr>
    return any(visit(child) for child in children)
               ^^^^^^^^^^^^
  File "/Users/mertalituncer/Documents/Codex/2026-09-13/do-x20/outputs/lab-restored/LAC_REPRO_R210/ACTIVE_RESEARCH/R207_MASLOV_SYMBOLIC_FAVORABLE_SETS/symbolic_favorable.py", line 120, in visit
    return all(visit(child) for child in children)
           ^^^^^^^^^^^^^^^^^^^^^^^^^^^^^^^^^^^^^^^
  File "/Users/mertalituncer/Documents/Codex/2026-09-13/do-x20/outputs/lab-restored/LAC_REPRO_R210/ACTIVE_RESEARCH/R207_MASLOV_SYMBOLIC_FAVORABLE_SETS/symbolic_favorable.py", line 120, in <genexpr>
    return all(visit(child) for child in children)
               ^^^^^^^^^^^^
  File "/Users/mertalituncer/Documents/Codex/2026-09-13/do-x20/outputs/lab-restored/LAC_REPRO_R210/ACTIVE_RESEARCH/R207_MASLOV_SYMBOLIC_FAVORABLE_SETS/symbolic_favorable.py", line 121, in visit
    return any(visit(child) for child in children)
           ^^^^^^^^^^^^^^^^^^^^^^^^^^^^^^^^^^^^^^^
  File "/Users/mertalituncer/Documents/Codex/2026-09-13/do-x20/outputs/lab-restored/LAC_REPRO_R210/ACTIVE_RESEARCH/R207_MASLOV_SYMBOLIC_FAVORABLE_SETS/symbolic_favorable.py", line 121, in <genexpr>
    return any(visit(child) for child in children)
               ^^^^^^^^^^^^
  File "/Users/mertalituncer/Documents/Codex/2026-09-13/do-x20/outputs/lab-restored/LAC_REPRO_R210/ACTIVE_RESEARCH/R207_MASLOV_SYMBOLIC_FAVORABLE_SETS/symbolic_favorable.py", line 120, in visit
    return all(visit(child) for child in children)
           ^^^^^^^^^^^^^^^^^^^^^^^^^^^^^^^^^^^^^^^
  File "/Users/mertalituncer/Documents/Codex/2026-09-13/do-x20/outputs/lab-restored/LAC_REPRO_R210/ACTIVE_RESEARCH/R207_MASLOV_SYMBOLIC_FAVORABLE_SETS/symbolic_favorable.py", line 120, in <genexpr>
    return all(visit(child) for child in children)
               ^^^^^^^^^^^^
  File "/Users/mertalituncer/Documents/Codex/2026-09-13/do-x20/outputs/lab-restored/LAC_REPRO_R210/ACTIVE_RESEARCH/R207_MASLOV_SYMBOLIC_FAVORABLE_SETS/symbolic_favorable.py", line 121, in visit
    return any(visit(child) for child in children)
           ^^^^^^^^^^^^^^^^^^^^^^^^^^^^^^^^^^^^^^^
  File "/Users/mertalituncer/Documents/Codex/2026-09-13/do-x20/outputs/lab-restored/LAC_REPRO_R210/ACTIVE_RESEARCH/R207_MASLOV_SYMBOLIC_FAVORABLE_SETS/symbolic_favorable.py", line 121, in <genexpr>
    return any(visit(child) for child in children)
               ^^^^^^^^^^^^
  File "/Users/mertalituncer/Documents/Codex/2026-09-13/do-x20/outputs/lab-restored/LAC_REPRO_R210/ACTIVE_RESEARCH/R207_MASLOV_SYMBOLIC_FAVORABLE_SETS/symbolic_favorable.py", line 120, in visit
    return all(visit(child) for child in children)
           ^^^^^^^^^^^^^^^^^^^^^^^^^^^^^^^^^^^^^^^
  File "/Users/mertalituncer/Documents/Codex/2026-09-13/do-x20/outputs/lab-restored/LAC_REPRO_R210/ACTIVE_RESEARCH/R207_MASLOV_SYMBOLIC_FAVORABLE_SETS/symbolic_favorable.py", line 120, in <genexpr>
    return all(visit(child) for child in children)
               ^^^^^^^^^^^^
  File "/Users/mertalituncer/Documents/Codex/2026-09-13/do-x20/outputs/lab-restored/LAC_REPRO_R210/ACTIVE_RESEARCH/R207_MASLOV_SYMBOLIC_FAVORABLE_SETS/symbolic_favorable.py", line 121, in visit
    return any(visit(child) for child in children)
           ^^^^^^^^^^^^^^^^^^^^^^^^^^^^^^^^^^^^^^^
  File "/Users/mertalituncer/Documents/Codex/2026-09-13/do-x20/outputs/lab-restored/LAC_REPRO_R210/ACTIVE_RESEARCH/R207_MASLOV_SYMBOLIC_FAVORABLE_SETS/symbolic_favorable.py", line 121, in <genexpr>
    return any(visit(child) for child in children)
               ^^^^^^^^^^^^
  File "/Users/mertalituncer/Documents/Codex/2026-09-13/do-x20/outputs/lab-restored/LAC_REPRO_R210/ACTIVE_RESEARCH/R207_MASLOV_SYMBOLIC_FAVORABLE_SETS/symbolic_favorable.py", line 120, in visit
    return all(visit(child) for child in children)
           ^^^^^^^^^^^^^^^^^^^^^^^^^^^^^^^^^^^^^^^
  File "/Users/mertalituncer/Documents/Codex/2026-09-13/do-x20/outputs/lab-restored/LAC_REPRO_R210/ACTIVE_RESEARCH/R207_MASLOV_SYMBOLIC_FAVORABLE_SETS/symbolic_favorable.py", line 120, in <genexpr>
    return all(visit(child) for child in children)
               ^^^^^^^^^^^^
  File "/Users/mertalituncer/Documents/Codex/2026-09-13/do-x20/outputs/lab-restored/LAC_REPRO_R210/ACTIVE_RESEARCH/R207_MASLOV_SYMBOLIC_FAVORABLE_SETS/symbolic_favorable.py", line 121, in visit
    return any(visit(child) for child in children)
           ^^^^^^^^^^^^^^^^^^^^^^^^^^^^^^^^^^^^^^^
  File "/Users/mertalituncer/Documents/Codex/2026-09-13/do-x20/outputs/lab-restored/LAC_REPRO_R210/ACTIVE_RESEARCH/R207_MASLOV_SYMBOLIC_FAVORABLE_SETS/symbolic_favorable.py", line 121, in <genexpr>
    return any(visit(child) for child in children)
               ^^^^^^^^^^^^
  File "/Users/mertalituncer/Documents/Codex/2026-09-13/do-x20/outputs/lab-restored/LAC_REPRO_R210/ACTIVE_RESEARCH/R207_MASLOV_SYMBOLIC_FAVORABLE_SETS/symbolic_favorable.py", line 120, in visit
    return all(visit(child) for child in children)
           ^^^^^^^^^^^^^^^^^^^^^^^^^^^^^^^^^^^^^^^
  File "/Users/mertalituncer/Documents/Codex/2026-09-13/do-x20/outputs/lab-restored/LAC_REPRO_R210/ACTIVE_RESEARCH/R207_MASLOV_SYMBOLIC_FAVORABLE_SETS/symbolic_favorable.py", line 120, in <genexpr>
    return all(visit(child) for child in children)
               ^^^^^^^^^^^^
  File "/Users/mertalituncer/Documents/Codex/2026-09-13/do-x20/outputs/lab-restored/LAC_REPRO_R210/ACTIVE_RESEARCH/R207_MASLOV_SYMBOLIC_FAVORABLE_SETS/symbolic_favorable.py", line 121, in visit
    return any(visit(child) for child in children)
           ^^^^^^^^^^^^^^^^^^^^^^^^^^^^^^^^^^^^^^^
  File "/Users/mertalituncer/Documents/Codex/2026-09-13/do-x20/outputs/lab-restored/LAC_REPRO_R210/ACTIVE_RESEARCH/R207_MASLOV_SYMBOLIC_FAVORABLE_SETS/symbolic_favorable.py", line 121, in <genexpr>
    return any(visit(child) for child in children)
               ^^^^^^^^^^^^
  File "/Users/mertalituncer/Documents/Codex/2026-09-13/do-x20/outputs/lab-restored/LAC_REPRO_R210/ACTIVE_RESEARCH/R207_MASLOV_SYMBOLIC_FAVORABLE_SETS/symbolic_favorable.py", line 120, in visit
    return all(visit(child) for child in children)
           ^^^^^^^^^^^^^^^^^^^^^^^^^^^^^^^^^^^^^^^
  File "/Users/mertalituncer/Documents/Codex/2026-09-13/do-x20/outputs/lab-restored/LAC_REPRO_R210/ACTIVE_RESEARCH/R207_MASLOV_SYMBOLIC_FAVORABLE_SETS/symbolic_favorable.py", line 120, in <genexpr>
    return all(visit(child) for child in children)
               ^^^^^^^^^^^^
  File "/Users/mertalituncer/Documents/Codex/2026-09-13/do-x20/outputs/lab-restored/LAC_REPRO_R210/ACTIVE_RESEARCH/R207_MASLOV_SYMBOLIC_FAVORABLE_SETS/symbolic_favorable.py", line 121, in visit
    return any(visit(child) for child in children)
           ^^^^^^^^^^^^^^^^^^^^^^^^^^^^^^^^^^^^^^^
  File "/Users/mertalituncer/Documents/Codex/2026-09-13/do-x20/outputs/lab-restored/LAC_REPRO_R210/ACTIVE_RESEARCH/R207_MASLOV_SYMBOLIC_FAVORABLE_SETS/symbolic_favorable.py", line 121, in <genexpr>
    return any(visit(child) for child in children)
               ^^^^^^^^^^^^
  File "/Users/mertalituncer/Documents/Codex/2026-09-13/do-x20/outputs/lab-restored/LAC_REPRO_R210/ACTIVE_RESEARCH/R207_MASLOV_SYMBOLIC_FAVORABLE_SETS/symbolic_favorable.py", line 120, in visit
    return all(visit(child) for child in children)
           ^^^^^^^^^^^^^^^^^^^^^^^^^^^^^^^^^^^^^^^
  File "/Users/mertalituncer/Documents/Codex/2026-09-13/do-x20/outputs/lab-restored/LAC_REPRO_R210/ACTIVE_RESEARCH/R207_MASLOV_SYMBOLIC_FAVORABLE_SETS/symbolic_favorable.py", line 120, in <genexpr>
    return all(visit(child) for child in children)
               ^^^^^^^^^^^^
  File "/Users/mertalituncer/Documents/Codex/2026-09-13/do-x20/outputs/lab-restored/LAC_REPRO_R210/ACTIVE_RESEARCH/R207_MASLOV_SYMBOLIC_FAVORABLE_SETS/symbolic_favorable.py", line 121, in visit
    return any(visit(child) for child in children)
           ^^^^^^^^^^^^^^^^^^^^^^^^^^^^^^^^^^^^^^^
  File "/Users/mertalituncer/Documents/Codex/2026-09-13/do-x20/outputs/lab-restored/LAC_REPRO_R210/ACTIVE_RESEARCH/R207_MASLOV_SYMBOLIC_FAVORABLE_SETS/symbolic_favorable.py", line 121, in <genexpr>
    return any(visit(child) for child in children)
               ^^^^^^^^^^^^
  File "/Users/mertalituncer/Documents/Codex/2026-09-13/do-x20/outputs/lab-restored/LAC_REPRO_R210/ACTIVE_RESEARCH/R207_MASLOV_SYMBOLIC_FAVORABLE_SETS/symbolic_favorable.py", line 120, in visit
    return all(visit(child) for child in children)
           ^^^^^^^^^^^^^^^^^^^^^^^^^^^^^^^^^^^^^^^
  File "/Users/mertalituncer/Documents/Codex/2026-09-13/do-x20/outputs/lab-restored/LAC_REPRO_R210/ACTIVE_RESEARCH/R207_MASLOV_SYMBOLIC_FAVORABLE_SETS/symbolic_favorable.py", line 120, in <genexpr>
    return all(visit(child) for child in children)
               ^^^^^^^^^^^^
  File "/Users/mertalituncer/Documents/Codex/2026-09-13/do-x20/outputs/lab-restored/LAC_REPRO_R210/ACTIVE_RESEARCH/R207_MASLOV_SYMBOLIC_FAVORABLE_SETS/symbolic_favorable.py", line 121, in visit
    return any(visit(child) for child in children)
           ^^^^^^^^^^^^^^^^^^^^^^^^^^^^^^^^^^^^^^^
  File "/Users/mertalituncer/Documents/Codex/2026-09-13/do-x20/outputs/lab-restored/LAC_REPRO_R210/ACTIVE_RESEARCH/R207_MASLOV_SYMBOLIC_FAVORABLE_SETS/symbolic_favorable.py", line 121, in <genexpr>
    return any(visit(child) for child in children)
               ^^^^^^^^^^^^
  File "/Users/mertalituncer/Documents/Codex/2026-09-13/do-x20/outputs/lab-restored/LAC_REPRO_R210/ACTIVE_RESEARCH/R207_MASLOV_SYMBOLIC_FAVORABLE_SETS/symbolic_favorable.py", line 120, in visit
    return all(visit(child) for child in children)
           ^^^^^^^^^^^^^^^^^^^^^^^^^^^^^^^^^^^^^^^
  File "/Users/mertalituncer/Documents/Codex/2026-09-13/do-x20/outputs/lab-restored/LAC_REPRO_R210/ACTIVE_RESEARCH/R207_MASLOV_SYMBOLIC_FAVORABLE_SETS/symbolic_favorable.py", line 120, in <genexpr>
    return all(visit(child) for child in children)
               ^^^^^^^^^^^^
  File "/Users/mertalituncer/Documents/Codex/2026-09-13/do-x20/outputs/lab-restored/LAC_REPRO_R210/ACTIVE_RESEARCH/R207_MASLOV_SYMBOLIC_FAVORABLE_SETS/symbolic_favorable.py", line 121, in visit
    return any(visit(child) for child in children)
           ^^^^^^^^^^^^^^^^^^^^^^^^^^^^^^^^^^^^^^^
  File "/Users/mertalituncer/Documents/Codex/2026-09-13/do-x20/outputs/lab-restored/LAC_REPRO_R210/ACTIVE_RESEARCH/R207_MASLOV_SYMBOLIC_FAVORABLE_SETS/symbolic_favorable.py", line 121, in <genexpr>
    return any(visit(child) for child in children)
               ^^^^^^^^^^^^
  File "/Users/mertalituncer/Documents/Codex/2026-09-13/do-x20/outputs/lab-restored/LAC_REPRO_R210/ACTIVE_RESEARCH/R207_MASLOV_SYMBOLIC_FAVORABLE_SETS/symbolic_favorable.py", line 120, in visit
    return all(visit(child) for child in children)
           ^^^^^^^^^^^^^^^^^^^^^^^^^^^^^^^^^^^^^^^
  File "/Users/mertalituncer/Documents/Codex/2026-09-13/do-x20/outputs/lab-restored/LAC_REPRO_R210/ACTIVE_RESEARCH/R207_MASLOV_SYMBOLIC_FAVORABLE_SETS/symbolic_favorable.py", line 120, in <genexpr>
    return all(visit(child) for child in children)
               ^^^^^^^^^^^^
  File "/Users/mertalituncer/Documents/Codex/2026-09-13/do-x20/outputs/lab-restored/LAC_REPRO_R210/ACTIVE_RESEARCH/R207_MASLOV_SYMBOLIC_FAVORABLE_SETS/symbolic_favorable.py", line 121, in visit
    return any(visit(child) for child in children)
           ^^^^^^^^^^^^^^^^^^^^^^^^^^^^^^^^^^^^^^^
  File "/Users/mertalituncer/Documents/Codex/2026-09-13/do-x20/outputs/lab-restored/LAC_REPRO_R210/ACTIVE_RESEARCH/R207_MASLOV_SYMBOLIC_FAVORABLE_SETS/symbolic_favorable.py", line 121, in <genexpr>
    return any(visit(child) for child in children)
               ^^^^^^^^^^^^
  File "/Users/mertalituncer/Documents/Codex/2026-09-13/do-x20/outputs/lab-restored/LAC_REPRO_R210/ACTIVE_RESEARCH/R207_MASLOV_SYMBOLIC_FAVORABLE_SETS/symbolic_favorable.py", line 120, in visit
    return all(visit(child) for child in children)
           ^^^^^^^^^^^^^^^^^^^^^^^^^^^^^^^^^^^^^^^
  File "/Users/mertalituncer/Documents/Codex/2026-09-13/do-x20/outputs/lab-restored/LAC_REPRO_R210/ACTIVE_RESEARCH/R207_MASLOV_SYMBOLIC_FAVORABLE_SETS/symbolic_favorable.py", line 120, in <genexpr>
    return all(visit(child) for child in children)
               ^^^^^^^^^^^^
  File "/Users/mertalituncer/Documents/Codex/2026-09-13/do-x20/outputs/lab-restored/LAC_REPRO_R210/ACTIVE_RESEARCH/R207_MASLOV_SYMBOLIC_FAVORABLE_SETS/symbolic_favorable.py", line 121, in visit
    return any(visit(child) for child in children)
           ^^^^^^^^^^^^^^^^^^^^^^^^^^^^^^^^^^^^^^^
  File "/Users/mertalituncer/Documents/Codex/2026-09-13/do-x20/outputs/lab-restored/LAC_REPRO_R210/ACTIVE_RESEARCH/R207_MASLOV_SYMBOLIC_FAVORABLE_SETS/symbolic_favorable.py", line 121, in <genexpr>
    return any(visit(child) for child in children)
               ^^^^^^^^^^^^
  File "/Users/mertalituncer/Documents/Codex/2026-09-13/do-x20/outputs/lab-restored/LAC_REPRO_R210/ACTIVE_RESEARCH/R207_MASLOV_SYMBOLIC_FAVORABLE_SETS/symbolic_favorable.py", line 120, in visit
    return all(visit(child) for child in children)
           ^^^^^^^^^^^^^^^^^^^^^^^^^^^^^^^^^^^^^^^
  File "/Users/mertalituncer/Documents/Codex/2026-09-13/do-x20/outputs/lab-restored/LAC_REPRO_R210/ACTIVE_RESEARCH/R207_MASLOV_SYMBOLIC_FAVORABLE_SETS/symbolic_favorable.py", line 120, in <genexpr>
    return all(visit(child) for child in children)
               ^^^^^^^^^^^^
  File "/Users/mertalituncer/Documents/Codex/2026-09-13/do-x20/outputs/lab-restored/LAC_REPRO_R210/ACTIVE_RESEARCH/R207_MASLOV_SYMBOLIC_FAVORABLE_SETS/symbolic_favorable.py", line 121, in visit
    return any(visit(child) for child in children)
           ^^^^^^^^^^^^^^^^^^^^^^^^^^^^^^^^^^^^^^^
  File "/Users/mertalituncer/Documents/Codex/2026-09-13/do-x20/outputs/lab-restored/LAC_REPRO_R210/ACTIVE_RESEARCH/R207_MASLOV_SYMBOLIC_FAVORABLE_SETS/symbolic_favorable.py", line 121, in <genexpr>
    return any(visit(child) for child in children)
               ^^^^^^^^^^^^
  File "/Users/mertalituncer/Documents/Codex/2026-09-13/do-x20/outputs/lab-restored/LAC_REPRO_R210/ACTIVE_RESEARCH/R207_MASLOV_SYMBOLIC_FAVORABLE_SETS/symbolic_favorable.py", line 120, in visit
    return all(visit(child) for child in children)
           ^^^^^^^^^^^^^^^^^^^^^^^^^^^^^^^^^^^^^^^
  File "/Users/mertalituncer/Documents/Codex/2026-09-13/do-x20/outputs/lab-restored/LAC_REPRO_R210/ACTIVE_RESEARCH/R207_MASLOV_SYMBOLIC_FAVORABLE_SETS/symbolic_favorable.py", line 120, in <genexpr>
    return all(visit(child) for child in children)
               ^^^^^^^^^^^^
  File "/Users/mertalituncer/Documents/Codex/2026-09-13/do-x20/outputs/lab-restored/LAC_REPRO_R210/ACTIVE_RESEARCH/R207_MASLOV_SYMBOLIC_FAVORABLE_SETS/symbolic_favorable.py", line 121, in visit
    return any(visit(child) for child in children)
           ^^^^^^^^^^^^^^^^^^^^^^^^^^^^^^^^^^^^^^^
  File "/Users/mertalituncer/Documents/Codex/2026-09-13/do-x20/outputs/lab-restored/LAC_REPRO_R210/ACTIVE_RESEARCH/R207_MASLOV_SYMBOLIC_FAVORABLE_SETS/symbolic_favorable.py", line 121, in <genexpr>
    return any(visit(child) for child in children)
               ^^^^^^^^^^^^
  File "/Users/mertalituncer/Documents/Codex/2026-09-13/do-x20/outputs/lab-restored/LAC_REPRO_R210/ACTIVE_RESEARCH/R207_MASLOV_SYMBOLIC_FAVORABLE_SETS/symbolic_favorable.py", line 120, in visit
    return all(visit(child) for child in children)
           ^^^^^^^^^^^^^^^^^^^^^^^^^^^^^^^^^^^^^^^
  File "/Users/mertalituncer/Documents/Codex/2026-09-13/do-x20/outputs/lab-restored/LAC_REPRO_R210/ACTIVE_RESEARCH/R207_MASLOV_SYMBOLIC_FAVORABLE_SETS/symbolic_favorable.py", line 120, in <genexpr>
    return all(visit(child) for child in children)
               ^^^^^^^^^^^^
  File "/Users/mertalituncer/Documents/Codex/2026-09-13/do-x20/outputs/lab-restored/LAC_REPRO_R210/ACTIVE_RESEARCH/R207_MASLOV_SYMBOLIC_FAVORABLE_SETS/symbolic_favorable.py", line 121, in visit
    return any(visit(child) for child in children)
           ^^^^^^^^^^^^^^^^^^^^^^^^^^^^^^^^^^^^^^^
  File "/Users/mertalituncer/Documents/Codex/2026-09-13/do-x20/outputs/lab-restored/LAC_REPRO_R210/ACTIVE_RESEARCH/R207_MASLOV_SYMBOLIC_FAVORABLE_SETS/symbolic_favorable.py", line 121, in <genexpr>
    return any(visit(child) for child in children)
               ^^^^^^^^^^^^
  File "/Users/mertalituncer/Documents/Codex/2026-09-13/do-x20/outputs/lab-restored/LAC_REPRO_R210/ACTIVE_RESEARCH/R207_MASLOV_SYMBOLIC_FAVORABLE_SETS/symbolic_favorable.py", line 120, in visit
    return all(visit(child) for child in children)
           ^^^^^^^^^^^^^^^^^^^^^^^^^^^^^^^^^^^^^^^
  File "/Users/mertalituncer/Documents/Codex/2026-09-13/do-x20/outputs/lab-restored/LAC_REPRO_R210/ACTIVE_RESEARCH/R207_MASLOV_SYMBOLIC_FAVORABLE_SETS/symbolic_favorable.py", line 120, in <genexpr>
    return all(visit(child) for child in children)
               ^^^^^^^^^^^^
  File "/Users/mertalituncer/Documents/Codex/2026-09-13/do-x20/outputs/lab-restored/LAC_REPRO_R210/ACTIVE_RESEARCH/R207_MASLOV_SYMBOLIC_FAVORABLE_SETS/symbolic_favorable.py", line 121, in visit
    return any(visit(child) for child in children)
           ^^^^^^^^^^^^^^^^^^^^^^^^^^^^^^^^^^^^^^^
  File "/Users/mertalituncer/Documents/Codex/2026-09-13/do-x20/outputs/lab-restored/LAC_REPRO_R210/ACTIVE_RESEARCH/R207_MASLOV_SYMBOLIC_FAVORABLE_SETS/symbolic_favorable.py", line 121, in <genexpr>
    return any(visit(child) for child in children)
               ^^^^^^^^^^^^
  File "/Users/mertalituncer/Documents/Codex/2026-09-13/do-x20/outputs/lab-restored/LAC_REPRO_R210/ACTIVE_RESEARCH/R207_MASLOV_SYMBOLIC_FAVORABLE_SETS/symbolic_favorable.py", line 120, in visit
    return all(visit(child) for child in children)
           ^^^^^^^^^^^^^^^^^^^^^^^^^^^^^^^^^^^^^^^
  File "/Users/mertalituncer/Documents/Codex/2026-09-13/do-x20/outputs/lab-restored/LAC_REPRO_R210/ACTIVE_RESEARCH/R207_MASLOV_SYMBOLIC_FAVORABLE_SETS/symbolic_favorable.py", line 120, in <genexpr>
    return all(visit(child) for child in children)
               ^^^^^^^^^^^^
  File "/Users/mertalituncer/Documents/Codex/2026-09-13/do-x20/outputs/lab-restored/LAC_REPRO_R210/ACTIVE_RESEARCH/R207_MASLOV_SYMBOLIC_FAVORABLE_SETS/symbolic_favorable.py", line 121, in visit
    return any(visit(child) for child in children)
           ^^^^^^^^^^^^^^^^^^^^^^^^^^^^^^^^^^^^^^^
  File "/Users/mertalituncer/Documents/Codex/2026-09-13/do-x20/outputs/lab-restored/LAC_REPRO_R210/ACTIVE_RESEARCH/R207_MASLOV_SYMBOLIC_FAVORABLE_SETS/symbolic_favorable.py", line 121, in <genexpr>
    return any(visit(child) for child in children)
               ^^^^^^^^^^^^
  File "/Users/mertalituncer/Documents/Codex/2026-09-13/do-x20/outputs/lab-restored/LAC_REPRO_R210/ACTIVE_RESEARCH/R207_MASLOV_SYMBOLIC_FAVORABLE_SETS/symbolic_favorable.py", line 120, in visit
    return all(visit(child) for child in children)
           ^^^^^^^^^^^^^^^^^^^^^^^^^^^^^^^^^^^^^^^
  File "/Users/mertalituncer/Documents/Codex/2026-09-13/do-x20/outputs/lab-restored/LAC_REPRO_R210/ACTIVE_RESEARCH/R207_MASLOV_SYMBOLIC_FAVORABLE_SETS/symbolic_favorable.py", line 120, in <genexpr>
    return all(visit(child) for child in children)
               ^^^^^^^^^^^^
  File "/Users/mertalituncer/Documents/Codex/2026-09-13/do-x20/outputs/lab-restored/LAC_REPRO_R210/ACTIVE_RESEARCH/R207_MASLOV_SYMBOLIC_FAVORABLE_SETS/symbolic_favorable.py", line 121, in visit
    return any(visit(child) for child in children)
           ^^^^^^^^^^^^^^^^^^^^^^^^^^^^^^^^^^^^^^^
  File "/Users/mertalituncer/Documents/Codex/2026-09-13/do-x20/outputs/lab-restored/LAC_REPRO_R210/ACTIVE_RESEARCH/R207_MASLOV_SYMBOLIC_FAVORABLE_SETS/symbolic_favorable.py", line 121, in <genexpr>
    return any(visit(child) for child in children)
               ^^^^^^^^^^^^
  File "/Users/mertalituncer/Documents/Codex/2026-09-13/do-x20/outputs/lab-restored/LAC_REPRO_R210/ACTIVE_RESEARCH/R207_MASLOV_SYMBOLIC_FAVORABLE_SETS/symbolic_favorable.py", line 120, in visit
    return all(visit(child) for child in children)
           ^^^^^^^^^^^^^^^^^^^^^^^^^^^^^^^^^^^^^^^
  File "/Users/mertalituncer/Documents/Codex/2026-09-13/do-x20/outputs/lab-restored/LAC_REPRO_R210/ACTIVE_RESEARCH/R207_MASLOV_SYMBOLIC_FAVORABLE_SETS/symbolic_favorable.py", line 120, in <genexpr>
    return all(visit(child) for child in children)
               ^^^^^^^^^^^^
  File "/Users/mertalituncer/Documents/Codex/2026-09-13/do-x20/outputs/lab-restored/LAC_REPRO_R210/ACTIVE_RESEARCH/R207_MASLOV_SYMBOLIC_FAVORABLE_SETS/symbolic_favorable.py", line 121, in visit
    return any(visit(child) for child in children)
           ^^^^^^^^^^^^^^^^^^^^^^^^^^^^^^^^^^^^^^^
  File "/Users/mertalituncer/Documents/Codex/2026-09-13/do-x20/outputs/lab-restored/LAC_REPRO_R210/ACTIVE_RESEARCH/R207_MASLOV_SYMBOLIC_FAVORABLE_SETS/symbolic_favorable.py", line 121, in <genexpr>
    return any(visit(child) for child in children)
               ^^^^^^^^^^^^
  File "/Users/mertalituncer/Documents/Codex/2026-09-13/do-x20/outputs/lab-restored/LAC_REPRO_R210/ACTIVE_RESEARCH/R207_MASLOV_SYMBOLIC_FAVORABLE_SETS/symbolic_favorable.py", line 120, in visit
    return all(visit(child) for child in children)
           ^^^^^^^^^^^^^^^^^^^^^^^^^^^^^^^^^^^^^^^
  File "/Users/mertalituncer/Documents/Codex/2026-09-13/do-x20/outputs/lab-restored/LAC_REPRO_R210/ACTIVE_RESEARCH/R207_MASLOV_SYMBOLIC_FAVORABLE_SETS/symbolic_favorable.py", line 120, in <genexpr>
    return all(visit(child) for child in children)
               ^^^^^^^^^^^^
  File "/Users/mertalituncer/Documents/Codex/2026-09-13/do-x20/outputs/lab-restored/LAC_REPRO_R210/ACTIVE_RESEARCH/R207_MASLOV_SYMBOLIC_FAVORABLE_SETS/symbolic_favorable.py", line 121, in visit
    return any(visit(child) for child in children)
           ^^^^^^^^^^^^^^^^^^^^^^^^^^^^^^^^^^^^^^^
  File "/Users/mertalituncer/Documents/Codex/2026-09-13/do-x20/outputs/lab-restored/LAC_REPRO_R210/ACTIVE_RESEARCH/R207_MASLOV_SYMBOLIC_FAVORABLE_SETS/symbolic_favorable.py", line 121, in <genexpr>
    return any(visit(child) for child in children)
               ^^^^^^^^^^^^
  File "/Users/mertalituncer/Documents/Codex/2026-09-13/do-x20/outputs/lab-restored/LAC_REPRO_R210/ACTIVE_RESEARCH/R207_MASLOV_SYMBOLIC_FAVORABLE_SETS/symbolic_favorable.py", line 120, in visit
    return all(visit(child) for child in children)
           ^^^^^^^^^^^^^^^^^^^^^^^^^^^^^^^^^^^^^^^
  File "/Users/mertalituncer/Documents/Codex/2026-09-13/do-x20/outputs/lab-restored/LAC_REPRO_R210/ACTIVE_RESEARCH/R207_MASLOV_SYMBOLIC_FAVORABLE_SETS/symbolic_favorable.py", line 120, in <genexpr>
    return all(visit(child) for child in children)
               ^^^^^^^^^^^^
  File "/Users/mertalituncer/Documents/Codex/2026-09-13/do-x20/outputs/lab-restored/LAC_REPRO_R210/ACTIVE_RESEARCH/R207_MASLOV_SYMBOLIC_FAVORABLE_SETS/symbolic_favorable.py", line 121, in visit
    return any(visit(child) for child in children)
           ^^^^^^^^^^^^^^^^^^^^^^^^^^^^^^^^^^^^^^^
  File "/Users/mertalituncer/Documents/Codex/2026-09-13/do-x20/outputs/lab-restored/LAC_REPRO_R210/ACTIVE_RESEARCH/R207_MASLOV_SYMBOLIC_FAVORABLE_SETS/symbolic_favorable.py", line 121, in <genexpr>
    return any(visit(child) for child in children)
               ^^^^^^^^^^^^
  File "/Users/mertalituncer/Documents/Codex/2026-09-13/do-x20/outputs/lab-restored/LAC_REPRO_R210/ACTIVE_RESEARCH/R207_MASLOV_SYMBOLIC_FAVORABLE_SETS/symbolic_favorable.py", line 120, in visit
    return all(visit(child) for child in children)
           ^^^^^^^^^^^^^^^^^^^^^^^^^^^^^^^^^^^^^^^
  File "/Users/mertalituncer/Documents/Codex/2026-09-13/do-x20/outputs/lab-restored/LAC_REPRO_R210/ACTIVE_RESEARCH/R207_MASLOV_SYMBOLIC_FAVORABLE_SETS/symbolic_favorable.py", line 120, in <genexpr>
    return all(visit(child) for child in children)
               ^^^^^^^^^^^^
  File "/Users/mertalituncer/Documents/Codex/2026-09-13/do-x20/outputs/lab-restored/LAC_REPRO_R210/ACTIVE_RESEARCH/R207_MASLOV_SYMBOLIC_FAVORABLE_SETS/symbolic_favorable.py", line 121, in visit
    return any(visit(child) for child in children)
           ^^^^^^^^^^^^^^^^^^^^^^^^^^^^^^^^^^^^^^^
  File "/Users/mertalituncer/Documents/Codex/2026-09-13/do-x20/outputs/lab-restored/LAC_REPRO_R210/ACTIVE_RESEARCH/R207_MASLOV_SYMBOLIC_FAVORABLE_SETS/symbolic_favorable.py", line 121, in <genexpr>
    return any(visit(child) for child in children)
               ^^^^^^^^^^^^
  File "/Users/mertalituncer/Documents/Codex/2026-09-13/do-x20/outputs/lab-restored/LAC_REPRO_R210/ACTIVE_RESEARCH/R207_MASLOV_SYMBOLIC_FAVORABLE_SETS/symbolic_favorable.py", line 120, in visit
    return all(visit(child) for child in children)
           ^^^^^^^^^^^^^^^^^^^^^^^^^^^^^^^^^^^^^^^
  File "/Users/mertalituncer/Documents/Codex/2026-09-13/do-x20/outputs/lab-restored/LAC_REPRO_R210/ACTIVE_RESEARCH/R207_MASLOV_SYMBOLIC_FAVORABLE_SETS/symbolic_favorable.py", line 120, in <genexpr>
    return all(visit(child) for child in children)
               ^^^^^^^^^^^^
  File "/Users/mertalituncer/Documents/Codex/2026-09-13/do-x20/outputs/lab-restored/LAC_REPRO_R210/ACTIVE_RESEARCH/R207_MASLOV_SYMBOLIC_FAVORABLE_SETS/symbolic_favorable.py", line 121, in visit
    return any(visit(child) for child in children)
           ^^^^^^^^^^^^^^^^^^^^^^^^^^^^^^^^^^^^^^^
  File "/Users/mertalituncer/Documents/Codex/2026-09-13/do-x20/outputs/lab-restored/LAC_REPRO_R210/ACTIVE_RESEARCH/R207_MASLOV_SYMBOLIC_FAVORABLE_SETS/symbolic_favorable.py", line 121, in <genexpr>
    return any(visit(child) for child in children)
               ^^^^^^^^^^^^
  File "/Users/mertalituncer/Documents/Codex/2026-09-13/do-x20/outputs/lab-restored/LAC_REPRO_R210/ACTIVE_RESEARCH/R207_MASLOV_SYMBOLIC_FAVORABLE_SETS/symbolic_favorable.py", line 120, in visit
    return all(visit(child) for child in children)
           ^^^^^^^^^^^^^^^^^^^^^^^^^^^^^^^^^^^^^^^
  File "/Users/mertalituncer/Documents/Codex/2026-09-13/do-x20/outputs/lab-restored/LAC_REPRO_R210/ACTIVE_RESEARCH/R207_MASLOV_SYMBOLIC_FAVORABLE_SETS/symbolic_favorable.py", line 120, in <genexpr>
    return all(visit(child) for child in children)
               ^^^^^^^^^^^^
  File "/Users/mertalituncer/Documents/Codex/2026-09-13/do-x20/outputs/lab-restored/LAC_REPRO_R210/ACTIVE_RESEARCH/R207_MASLOV_SYMBOLIC_FAVORABLE_SETS/symbolic_favorable.py", line 121, in visit
    return any(visit(child) for child in children)
           ^^^^^^^^^^^^^^^^^^^^^^^^^^^^^^^^^^^^^^^
  File "/Users/mertalituncer/Documents/Codex/2026-09-13/do-x20/outputs/lab-restored/LAC_REPRO_R210/ACTIVE_RESEARCH/R207_MASLOV_SYMBOLIC_FAVORABLE_SETS/symbolic_favorable.py", line 121, in <genexpr>
    return any(visit(child) for child in children)
               ^^^^^^^^^^^^
  File "/Users/mertalituncer/Documents/Codex/2026-09-13/do-x20/outputs/lab-restored/LAC_REPRO_R210/ACTIVE_RESEARCH/R207_MASLOV_SYMBOLIC_FAVORABLE_SETS/symbolic_favorable.py", line 120, in visit
    return all(visit(child) for child in children)
           ^^^^^^^^^^^^^^^^^^^^^^^^^^^^^^^^^^^^^^^
  File "/Users/mertalituncer/Documents/Codex/2026-09-13/do-x20/outputs/lab-restored/LAC_REPRO_R210/ACTIVE_RESEARCH/R207_MASLOV_SYMBOLIC_FAVORABLE_SETS/symbolic_favorable.py", line 120, in <genexpr>
    return all(visit(child) for child in children)
               ^^^^^^^^^^^^
  File "/Users/mertalituncer/Documents/Codex/2026-09-13/do-x20/outputs/lab-restored/LAC_REPRO_R210/ACTIVE_RESEARCH/R207_MASLOV_SYMBOLIC_FAVORABLE_SETS/symbolic_favorable.py", line 121, in visit
    return any(visit(child) for child in children)
           ^^^^^^^^^^^^^^^^^^^^^^^^^^^^^^^^^^^^^^^
  File "/Users/mertalituncer/Documents/Codex/2026-09-13/do-x20/outputs/lab-restored/LAC_REPRO_R210/ACTIVE_RESEARCH/R207_MASLOV_SYMBOLIC_FAVORABLE_SETS/symbolic_favorable.py", line 121, in <genexpr>
    return any(visit(child) for child in children)
               ^^^^^^^^^^^^
  File "/Users/mertalituncer/Documents/Codex/2026-09-13/do-x20/outputs/lab-restored/LAC_REPRO_R210/ACTIVE_RESEARCH/R207_MASLOV_SYMBOLIC_FAVORABLE_SETS/symbolic_favorable.py", line 120, in visit
    return all(visit(child) for child in children)
           ^^^^^^^^^^^^^^^^^^^^^^^^^^^^^^^^^^^^^^^
  File "/Users/mertalituncer/Documents/Codex/2026-09-13/do-x20/outputs/lab-restored/LAC_REPRO_R210/ACTIVE_RESEARCH/R207_MASLOV_SYMBOLIC_FAVORABLE_SETS/symbolic_favorable.py", line 120, in <genexpr>
    return all(visit(child) for child in children)
               ^^^^^^^^^^^^
  File "/Users/mertalituncer/Documents/Codex/2026-09-13/do-x20/outputs/lab-restored/LAC_REPRO_R210/ACTIVE_RESEARCH/R207_MASLOV_SYMBOLIC_FAVORABLE_SETS/symbolic_favorable.py", line 121, in visit
    return any(visit(child) for child in children)
           ^^^^^^^^^^^^^^^^^^^^^^^^^^^^^^^^^^^^^^^
  File "/Users/mertalituncer/Documents/Codex/2026-09-13/do-x20/outputs/lab-restored/LAC_REPRO_R210/ACTIVE_RESEARCH/R207_MASLOV_SYMBOLIC_FAVORABLE_SETS/symbolic_favorable.py", line 121, in <genexpr>
    return any(visit(child) for child in children)
               ^^^^^^^^^^^^
  File "/Users/mertalituncer/Documents/Codex/2026-09-13/do-x20/outputs/lab-restored/LAC_REPRO_R210/ACTIVE_RESEARCH/R207_MASLOV_SYMBOLIC_FAVORABLE_SETS/symbolic_favorable.py", line 120, in visit
    return all(visit(child) for child in children)
           ^^^^^^^^^^^^^^^^^^^^^^^^^^^^^^^^^^^^^^^
  File "/Users/mertalituncer/Documents/Codex/2026-09-13/do-x20/outputs/lab-restored/LAC_REPRO_R210/ACTIVE_RESEARCH/R207_MASLOV_SYMBOLIC_FAVORABLE_SETS/symbolic_favorable.py", line 120, in <genexpr>
    return all(visit(child) for child in children)
               ^^^^^^^^^^^^
  File "/Users/mertalituncer/Documents/Codex/2026-09-13/do-x20/outputs/lab-restored/LAC_REPRO_R210/ACTIVE_RESEARCH/R207_MASLOV_SYMBOLIC_FAVORABLE_SETS/symbolic_favorable.py", line 121, in visit
    return any(visit(child) for child in children)
           ^^^^^^^^^^^^^^^^^^^^^^^^^^^^^^^^^^^^^^^
  File "/Users/mertalituncer/Documents/Codex/2026-09-13/do-x20/outputs/lab-restored/LAC_REPRO_R210/ACTIVE_RESEARCH/R207_MASLOV_SYMBOLIC_FAVORABLE_SETS/symbolic_favorable.py", line 121, in <genexpr>
    return any(visit(child) for child in children)
               ^^^^^^^^^^^^
  File "/Users/mertalituncer/Documents/Codex/2026-09-13/do-x20/outputs/lab-restored/LAC_REPRO_R210/ACTIVE_RESEARCH/R207_MASLOV_SYMBOLIC_FAVORABLE_SETS/symbolic_favorable.py", line 120, in visit
    return all(visit(child) for child in children)
           ^^^^^^^^^^^^^^^^^^^^^^^^^^^^^^^^^^^^^^^
  File "/Users/mertalituncer/Documents/Codex/2026-09-13/do-x20/outputs/lab-restored/LAC_REPRO_R210/ACTIVE_RESEARCH/R207_MASLOV_SYMBOLIC_FAVORABLE_SETS/symbolic_favorable.py", line 120, in <genexpr>
    return all(visit(child) for child in children)
               ^^^^^^^^^^^^
  File "/Users/mertalituncer/Documents/Codex/2026-09-13/do-x20/outputs/lab-restored/LAC_REPRO_R210/ACTIVE_RESEARCH/R207_MASLOV_SYMBOLIC_FAVORABLE_SETS/symbolic_favorable.py", line 121, in visit
    return any(visit(child) for child in children)
           ^^^^^^^^^^^^^^^^^^^^^^^^^^^^^^^^^^^^^^^
  File "/Users/mertalituncer/Documents/Codex/2026-09-13/do-x20/outputs/lab-restored/LAC_REPRO_R210/ACTIVE_RESEARCH/R207_MASLOV_SYMBOLIC_FAVORABLE_SETS/symbolic_favorable.py", line 121, in <genexpr>
    return any(visit(child) for child in children)
               ^^^^^^^^^^^^
  File "/Users/mertalituncer/Documents/Codex/2026-09-13/do-x20/outputs/lab-restored/LAC_REPRO_R210/ACTIVE_RESEARCH/R207_MASLOV_SYMBOLIC_FAVORABLE_SETS/symbolic_favorable.py", line 120, in visit
    return all(visit(child) for child in children)
           ^^^^^^^^^^^^^^^^^^^^^^^^^^^^^^^^^^^^^^^
  File "/Users/mertalituncer/Documents/Codex/2026-09-13/do-x20/outputs/lab-restored/LAC_REPRO_R210/ACTIVE_RESEARCH/R207_MASLOV_SYMBOLIC_FAVORABLE_SETS/symbolic_favorable.py", line 120, in <genexpr>
    return all(visit(child) for child in children)
               ^^^^^^^^^^^^
  File "/Users/mertalituncer/Documents/Codex/2026-09-13/do-x20/outputs/lab-restored/LAC_REPRO_R210/ACTIVE_RESEARCH/R207_MASLOV_SYMBOLIC_FAVORABLE_SETS/symbolic_favorable.py", line 121, in visit
    return any(visit(child) for child in children)
           ^^^^^^^^^^^^^^^^^^^^^^^^^^^^^^^^^^^^^^^
  File "/Users/mertalituncer/Documents/Codex/2026-09-13/do-x20/outputs/lab-restored/LAC_REPRO_R210/ACTIVE_RESEARCH/R207_MASLOV_SYMBOLIC_FAVORABLE_SETS/symbolic_favorable.py", line 121, in <genexpr>
    return any(visit(child) for child in children)
               ^^^^^^^^^^^^
  File "/Users/mertalituncer/Documents/Codex/2026-09-13/do-x20/outputs/lab-restored/LAC_REPRO_R210/ACTIVE_RESEARCH/R207_MASLOV_SYMBOLIC_FAVORABLE_SETS/symbolic_favorable.py", line 120, in visit
    return all(visit(child) for child in children)
           ^^^^^^^^^^^^^^^^^^^^^^^^^^^^^^^^^^^^^^^
  File "/Users/mertalituncer/Documents/Codex/2026-09-13/do-x20/outputs/lab-restored/LAC_REPRO_R210/ACTIVE_RESEARCH/R207_MASLOV_SYMBOLIC_FAVORABLE_SETS/symbolic_favorable.py", line 120, in <genexpr>
    return all(visit(child) for child in children)
               ^^^^^^^^^^^^
  File "/Users/mertalituncer/Documents/Codex/2026-09-13/do-x20/outputs/lab-restored/LAC_REPRO_R210/ACTIVE_RESEARCH/R207_MASLOV_SYMBOLIC_FAVORABLE_SETS/symbolic_favorable.py", line 121, in visit
    return any(visit(child) for child in children)
           ^^^^^^^^^^^^^^^^^^^^^^^^^^^^^^^^^^^^^^^
  File "/Users/mertalituncer/Documents/Codex/2026-09-13/do-x20/outputs/lab-restored/LAC_REPRO_R210/ACTIVE_RESEARCH/R207_MASLOV_SYMBOLIC_FAVORABLE_SETS/symbolic_favorable.py", line 121, in <genexpr>
    return any(visit(child) for child in children)
               ^^^^^^^^^^^^
  File "/Users/mertalituncer/Documents/Codex/2026-09-13/do-x20/outputs/lab-restored/LAC_REPRO_R210/ACTIVE_RESEARCH/R207_MASLOV_SYMBOLIC_FAVORABLE_SETS/symbolic_favorable.py", line 120, in visit
    return all(visit(child) for child in children)
           ^^^^^^^^^^^^^^^^^^^^^^^^^^^^^^^^^^^^^^^
  File "/Users/mertalituncer/Documents/Codex/2026-09-13/do-x20/outputs/lab-restored/LAC_REPRO_R210/ACTIVE_RESEARCH/R207_MASLOV_SYMBOLIC_FAVORABLE_SETS/symbolic_favorable.py", line 120, in <genexpr>
    return all(visit(child) for child in children)
               ^^^^^^^^^^^^
  File "/Users/mertalituncer/Documents/Codex/2026-09-13/do-x20/outputs/lab-restored/LAC_REPRO_R210/ACTIVE_RESEARCH/R207_MASLOV_SYMBOLIC_FAVORABLE_SETS/symbolic_favorable.py", line 121, in visit
    return any(visit(child) for child in children)
              ^^^^^^^^^^^^^^^^^^^^^^^^^^^^^^^^^^^^
RecursionError: maximum recursion depth exceeded

======================================================================
ERROR: test_sacps_explicit_validation_separate (test_engines.EngineRepairs.test_sacps_explicit_validation_separate)
----------------------------------------------------------------------
Traceback (most recent call last):
  File "/Users/mertalituncer/Documents/Codex/2026-09-13/do-x20/outputs/lab-restored/tests/restoration/test_engines.py", line 17, in test_sacps_explicit_validation_separate
    a=m.estimate_support_aware_covariance(train,np.eye(3),validation_returns=cal,holdout_returns=test)
      ^^^^^^^^^^^^^^^^^^^^^^^^^^^^^^^^^^^^^^^^^^^^^^^^^^^^^^^^^^^^^^^^^^^^^^^^^^^^^^^^^^^^^^^^^^^^^^^^
TypeError: estimate_support_aware_covariance() got an unexpected keyword argument 'validation_returns'

======================================================================
FAIL: test_aicc_degenerate_observation (test_engines.EngineRepairs.test_aicc_degenerate_observation)
----------------------------------------------------------------------
Traceback (most recent call last):
  File "/Users/mertalituncer/Documents/Codex/2026-09-13/do-x20/outputs/lab-restored/tests/restoration/test_engines.py", line 30, in test_aicc_degenerate_observation
    np.testing.assert_array_equal(ctl.mean,[2.]);self.assertTrue(np.isfinite(ctl.covariance).all())
    ^^^^^^^^^^^^^^^^^^^^^^^^^^^^^^^^^^^^^^^^^^^^
  File "/Users/mertalituncer/Documents/Codex/2026-09-13/do-x20/outputs/lab-maintenance/.venv/lib/python3.12/site-packages/numpy/testing/_private/utils.py", line 1054, in assert_array_equal
    assert_array_compare(operator.__eq__, actual, desired, err_msg=err_msg,
  File "/Users/mertalituncer/Documents/Codex/2026-09-13/do-x20/outputs/lab-maintenance/.venv/lib/python3.12/site-packages/numpy/testing/_private/utils.py", line 811, in assert_array_compare
    flagged = func_assert_same_pos(x, y, func=isnan, hasval='nan')
              ^^^^^^^^^^^^^^^^^^^^^^^^^^^^^^^^^^^^^^^^^^^^^^^^^^^^
  File "/Users/mertalituncer/Documents/Codex/2026-09-13/do-x20/outputs/lab-maintenance/.venv/lib/python3.12/site-packages/numpy/testing/_private/utils.py", line 780, in func_assert_same_pos
    raise AssertionError(msg)
AssertionError: 
Arrays are not equal

nan location mismatch:
 ACTUAL: array([nan])
 DESIRED: array([2.])

======================================================================
FAIL: test_aicc_rejects_negative_noise (test_engines.EngineRepairs.test_aicc_rejects_negative_noise)
----------------------------------------------------------------------
Traceback (most recent call last):
  File "/Users/mertalituncer/Documents/Codex/2026-09-13/do-x20/outputs/lab-restored/tests/restoration/test_engines.py", line 37, in test_aicc_rejects_negative_noise
    with self.assertRaises(ValueError):m.InformationChannel('bad',np.ones(1),-1)
         ^^^^^^^^^^^^^^^^^^^^^^^^^^^^^
AssertionError: ValueError not raised

======================================================================
FAIL: test_aicc_rejects_non_psd_belief (test_engines.EngineRepairs.test_aicc_rejects_non_psd_belief)
----------------------------------------------------------------------
Traceback (most recent call last):
  File "/Users/mertalituncer/Documents/Codex/2026-09-13/do-x20/outputs/lab-restored/tests/restoration/test_engines.py", line 34, in test_aicc_rejects_non_psd_belief
    with self.assertRaises(ValueError):m.AdaptiveInformationController(np.zeros(2),np.array([[1,2],[2,1]]),np.ones((1,2)),np.zeros(1),[])
         ^^^^^^^^^^^^^^^^^^^^^^^^^^^^^
AssertionError: ValueError not raised

======================================================================
FAIL: test_csid_duplicate_failure_ids_rejected (test_engines.EngineRepairs.test_csid_duplicate_failure_ids_rejected)
----------------------------------------------------------------------
Traceback (most recent call last):
  File "/Users/mertalituncer/Documents/Codex/2026-09-13/do-x20/outputs/lab-restored/tests/restoration/test_engines.py", line 43, in test_csid_duplicate_failure_ids_rejected
    with self.assertRaises(ValueError):m.ContractSafeguardDesigner([m.FailureMode('loss',.1,100),m.FailureMode('loss',.2,100)],[])
         ^^^^^^^^^^^^^^^^^^^^^^^^^^^^^
AssertionError: ValueError not raised

======================================================================
FAIL: test_csid_nan_coverage_rejected (test_engines.EngineRepairs.test_csid_nan_coverage_rejected)
----------------------------------------------------------------------
Traceback (most recent call last):
  File "/Users/mertalituncer/Documents/Codex/2026-09-13/do-x20/outputs/lab-restored/tests/restoration/test_engines.py", line 40, in test_csid_nan_coverage_rejected
    with self.assertRaises(ValueError):m.Safeguard('a',1,'f',{'loss':float('nan')})
         ^^^^^^^^^^^^^^^^^^^^^^^^^^^^^
AssertionError: ValueError not raised

======================================================================
FAIL: test_hfad_self_loop_has_zero_boundary (test_engines.EngineRepairs.test_hfad_self_loop_has_zero_boundary)
----------------------------------------------------------------------
Traceback (most recent call last):
  File "/Users/mertalituncer/Documents/Codex/2026-09-13/do-x20/outputs/lab-restored/tests/restoration/test_engines.py", line 45, in test_hfad_self_loop_has_zero_boundary
    m=load('hfad');b=m.incidence_from_edges(1,[(0,0)]);np.testing.assert_array_equal(b,np.zeros((1,1)));r=m.HodgeFlowAttributionDecomposer(b).decompose(np.array([7.]));self.assertAlmostEqual(r.harmonic_energy,49)
                                                       ^^^^^^^^^^^^^^^^^^^^^^^^^^^^^^^^^^^^^^^^^^^^^^^^
  File "/Users/mertalituncer/Documents/Codex/2026-09-13/do-x20/outputs/lab-maintenance/.venv/lib/python3.12/site-packages/numpy/testing/_private/utils.py", line 1054, in assert_array_equal
    assert_array_compare(operator.__eq__, actual, desired, err_msg=err_msg,
  File "/Users/mertalituncer/Documents/Codex/2026-09-13/do-x20/outputs/lab-maintenance/.venv/lib/python3.12/site-packages/numpy/testing/_private/utils.py", line 919, in assert_array_compare
    raise AssertionError(msg)
AssertionError: 
Arrays are not equal

Mismatched elements: 1 / 1 (100%)
Max absolute difference among violations: 1.
Max relative difference among violations: inf
 ACTUAL: array([[1.]])
 DESIRED: array([[0.]])

======================================================================
FAIL: test_maslov_missing_head_rejected (test_engines.EngineRepairs.test_maslov_missing_head_rejected)
----------------------------------------------------------------------
Traceback (most recent call last):
  File "/Users/mertalituncer/Documents/Codex/2026-09-13/do-x20/outputs/lab-restored/tests/restoration/test_engines.py", line 50, in test_maslov_missing_head_rejected
    with self.assertRaises(ValueError):m.compile_circuit_acyclic([m.Rule('b',('a',)),m.Rule('goal',('b',))],{'a':'source'},['b'])
         ^^^^^^^^^^^^^^^^^^^^^^^^^^^^^
AssertionError: ValueError not raised

======================================================================
FAIL: test_rel_duplicate_relation_ids_rejected (test_engines.EngineRepairs.test_rel_duplicate_relation_ids_rejected)
----------------------------------------------------------------------
Traceback (most recent call last):
  File "/Users/mertalituncer/Documents/Codex/2026-09-13/do-x20/outputs/lab-restored/tests/restoration/test_engines.py", line 24, in test_rel_duplicate_relation_ids_rejected
    with self.assertRaises(ValueError):m.RelationalEvidenceLocalizer().localize(rs,[m.ConsistencyRelation('r','a','b'),m.ConsistencyRelation('r','a','b')])
         ^^^^^^^^^^^^^^^^^^^^^^^^^^^^^
AssertionError: ValueError not raised

======================================================================
FAIL: test_rel_empty_inputs_explained (test_engines.EngineRepairs.test_rel_empty_inputs_explained)
----------------------------------------------------------------------
ValueError: max() iterable argument is empty

During handling of the above exception, another exception occurred:

Traceback (most recent call last):
  File "/Users/mertalituncer/Documents/Codex/2026-09-13/do-x20/outputs/lab-restored/tests/restoration/test_engines.py", line 27, in test_rel_empty_inputs_explained
    with self.assertRaisesRegex(ValueError,'record'):m.RelationalEvidenceLocalizer().localize([],[])
         ^^^^^^^^^^^^^^^^^^^^^^^^^^^^^^^^^^^^^^^^^^^
AssertionError: "record" does not match "max() iterable argument is empty"

======================================================================
FAIL: test_rel_rejects_nan_evidence (test_engines.EngineRepairs.test_rel_rejects_nan_evidence)
----------------------------------------------------------------------
Traceback (most recent call last):
  File "/Users/mertalituncer/Documents/Codex/2026-09-13/do-x20/outputs/lab-restored/tests/restoration/test_engines.py", line 21, in test_rel_rejects_nan_evidence
    with self.assertRaises(ValueError):m.EvidenceRecord('a','party',float('nan'))
         ^^^^^^^^^^^^^^^^^^^^^^^^^^^^^
AssertionError: ValueError not raised

======================================================================
FAIL: test_sacps_test_data_does_not_select_model (test_engines.EngineRepairs.test_sacps_test_data_does_not_select_model)
----------------------------------------------------------------------
Traceback (most recent call last):
  File "/Users/mertalituncer/Documents/Codex/2026-09-13/do-x20/outputs/lab-restored/tests/restoration/test_engines.py", line 14, in test_sacps_test_data_does_not_select_model
    self.assertEqual(a.selected_shrinkage,b.selected_shrinkage);np.testing.assert_array_equal(a.covariance,b.covariance)
    ^^^^^^^^^^^^^^^^^^^^^^^^^^^^^^^^^^^^^^^^^^^^^^^^^^^^^^^^^^^
AssertionError: 0.0 != 1.0

======================================================================
FAIL: test_spec_audit_requires_protected_measurement (test_engines.EngineRepairs.test_spec_audit_requires_protected_measurement)
----------------------------------------------------------------------
Traceback (most recent call last):
  File "/Users/mertalituncer/Documents/Codex/2026-09-13/do-x20/outputs/lab-restored/tests/restoration/test_engines.py", line 58, in test_spec_audit_requires_protected_measurement
    with self.assertRaises(ValueError):m.evaluate_spec_product(spec,[{'name':'a','selection_score':4}])
         ^^^^^^^^^^^^^^^^^^^^^^^^^^^^^
AssertionError: ValueError not raised

======================================================================
FAIL: test_spec_negative_cost_rejected (test_engines.EngineRepairs.test_spec_negative_cost_rejected)
----------------------------------------------------------------------
Traceback (most recent call last):
  File "/Users/mertalituncer/Documents/Codex/2026-09-13/do-x20/outputs/lab-restored/tests/restoration/test_engines.py", line 61, in test_spec_negative_cost_rejected
    with self.assertRaises(ValueError):m.evaluate_spec_product(spec,[{'name':'a','cost':-3,'value':10}],budget=0)
         ^^^^^^^^^^^^^^^^^^^^^^^^^^^^^
AssertionError: ValueError not raised

----------------------------------------------------------------------
Ran 16 tests in 0.538s

FAILED (failures=13, errors=3)
