regime	seed	raw_violations	ironed_violations	raw_unconstrained_objective	ironed_objective	optimal_monotone_objective	ironed_regret	raw_changed_fraction
nonmonotone_score_main	0	1	0	0.14854737341126678	0.12516680314448295	0.12516680314448295	0.0	0.1375
nonmonotone_score_main	1	1	0	0.160342211864203	0.13603233469469497	0.13603233469469497	0.0	0.15
nonmonotone_score_main	2	1	0	0.15013182066902356	0.1286142848247	0.1286142848247	0.0	0.125
nonmonotone_score_main	3	1	0	0.1715709267988159	0.15135050995915753	0.15135050995915753	0.0	0.125
nonmonotone_score_main	4	1	0	0.13996831417986122	0.11249991011214129	0.11249991011214129	0.0	0.125
nonmonotone_score_main	5	1	0	0.12771508437172702	0.10783421765775433	0.10783421765775433	0.0	0.15
nonmonotone_score_main	6	1	0	0.13949998422845805	0.11873762233287012	0.11873762233287012	0.0	0.1375
nonmonotone_score_main	7	1	0	0.14774775774588825	0.12550281486175055	0.12550281486175055	0.0	0.1375
nonmonotone_score_main	8	1	0	0.1420312555810569	0.11868774049938961	0.11868774049938961	0.0	0.125
nonmonotone_score_main	9	1	0	0.13943411717617638	0.12116738841846238	0.12116738841846238	0.0	0.1375
nonmonotone_score_main	10	1	0	0.15937319321567398	0.13172988044295655	0.13172988044295655	0.0	0.125
nonmonotone_score_main	11	1	0	0.1581580074007975	0.1420942895667255	0.1420942895667255	0.0	0.125
nonmonotone_score_main	12	1	0	0.15932779681218195	0.13939309875122002	0.13939309875122002	0.0	0.1375
nonmonotone_score_main	13	1	0	0.1461018341313387	0.1287416445916168	0.1287416445916168	0.0	0.1375
nonmonotone_score_main	14	1	0	0.15395593196677596	0.13436160640104003	0.13436160640104003	0.0	0.1375
nonmonotone_score_main	15	1	0	0.1355872721658736	0.11586497728872902	0.11586497728872902	0.0	0.1375
nonmonotone_score_main	16	1	0	0.10349227845712647	0.08355371631981805	0.08355371631981805	0.0	0.15
nonmonotone_score_main	17	1	0	0.1339378546075044	0.1085065661257592	0.1085065661257592	0.0	0.1375
nonmonotone_score_main	18	1	0	0.14602314573802916	0.12301716166938678	0.12301716166938678	0.0	0.1625
nonmonotone_score_main	19	1	0	0.13153715312929246	0.11055097205640932	0.11055097205640932	0.0	0.15
nonmonotone_score_main	20	1	0	0.1284005996086915	0.10158454759193476	0.10158454759193476	0.0	0.125
nonmonotone_score_main	21	1	0	0.13720847885992915	0.11877351396036659	0.11877351396036659	0.0	0.1375
nonmonotone_score_main	22	1	0	0.14233737901634438	0.12155483487573242	0.12155483487573242	0.0	0.15
nonmonotone_score_main	23	1	0	0.13443264542110506	0.1134842437460549	0.1134842437460549	0.0	0.15
nonmonotone_score_main	24	2	0	0.1351998053970572	0.11432638894407399	0.11432638894407399	0.0	0.125
nonmonotone_score_main	25	2	0	0.17240088534764447	0.1503372005090789	0.1503372005090789	0.0	0.15
nonmonotone_score_main	26	1	0	0.16345945453490035	0.14537417497826277	0.14537417497826277	0.0	0.1375
nonmonotone_score_main	27	1	0	0.14004880010477008	0.12359641107412292	0.12359641107412292	0.0	0.1375
nonmonotone_score_main	28	1	0	0.1450785213686956	0.12702408052776734	0.12702408052776734	0.0	0.1375
nonmonotone_score_main	29	1	0	0.14817362293389896	0.12837143245233645	0.12837143245233645	0.0	0.1375
nonmonotone_score_main	30	1	0	0.15808514385215844	0.14356349629801618	0.14356349629801618	0.0	0.1375
nonmonotone_score_main	31	1	0	0.16541691552793086	0.145763916969315	0.145763916969315	0.0	0.1375
nonmonotone_score_main	32	1	0	0.1662586499501914	0.1462226123535305	0.1462226123535305	0.0	0.15
nonmonotone_score_main	33	1	0	0.14683581325926337	0.117556186045827	0.117556186045827	0.0	0.1375
nonmonotone_score_main	34	1	0	0.1418645360872861	0.12115038908223955	0.12115038908223955	0.0	0.1375
nonmonotone_score_main	35	1	0	0.1399244515979853	0.11611658435913028	0.11611658435913028	0.0	0.1375
nonmonotone_score_main	36	1	0	0.15152658620048004	0.1323121830300712	0.1323121830300712	0.0	0.1375
nonmonotone_score_main	37	1	0	0.13742038752536073	0.11325034892836441	0.11325034892836441	0.0	0.1375
nonmonotone_score_main	38	1	0	0.13483453347214025	0.1122666989280959	0.1122666989280959	0.0	0.125
nonmonotone_score_main	39	1	0	0.13679606794912708	0.12270511473600962	0.12270511473600962	0.0	0.1375
nonmonotone_score_main	40	1	0	0.1587735519933724	0.13741734274079434	0.13741734274079434	0.0	0.1375
nonmonotone_score_main	41	1	0	0.1411637383164348	0.11826766624719229	0.11826766624719229	0.0	0.1375
nonmonotone_score_main	42	1	0	0.14559929242622874	0.12643212297367595	0.12643212297367595	0.0	0.1375
nonmonotone_score_main	43	1	0	0.17059775432710284	0.14906385643326392	0.14906385643326392	0.0	0.125
nonmonotone_score_main	44	1	0	0.1294531160328451	0.10496599137174745	0.10496599137174745	0.0	0.125
nonmonotone_score_main	45	1	0	0.1334361193336726	0.1077094854195686	0.1077094854195686	0.0	0.1375
nonmonotone_score_main	46	1	0	0.14209318444696245	0.11654956742284234	0.11654956742284234	0.0	0.1375
nonmonotone_score_main	47	1	0	0.14283900155053803	0.11901307905659214	0.11901307905659214	0.0	0.1375
nonmonotone_score_main	48	1	0	0.14930584242756909	0.12975844522337693	0.12975844522337693	0.0	0.125
nonmonotone_score_main	49	1	0	0.16542219218164017	0.15032186966990624	0.15032186966990624	0.0	0.125
nonmonotone_score_main	50	1	0	0.14004771919303188	0.12102624831686537	0.12102624831686537	0.0	0.1375
nonmonotone_score_main	51	1	0	0.15235614055227825	0.13172761557821888	0.13172761557821888	0.0	0.1375
nonmonotone_score_main	52	1	0	0.12616464380276862	0.09542703134271355	0.09542703134271355	0.0	0.1375
nonmonotone_score_main	53	1	0	0.1374337031889143	0.11488132662271673	0.11488132662271673	0.0	0.15
nonmonotone_score_main	54	1	0	0.1595087270852335	0.13853274936823678	0.13853274936823678	0.0	0.1375
nonmonotone_score_main	55	1	0	0.14764382079538352	0.12357135652733085	0.12357135652733085	0.0	0.125
nonmonotone_score_main	56	1	0	0.14759849046693346	0.12844521635134135	0.12844521635134135	0.0	0.1375
nonmonotone_score_main	57	1	0	0.14891481820943622	0.13423883462622618	0.13423883462622618	0.0	0.125
nonmonotone_score_main	58	2	0	0.14250861684021035	0.1214811132414399	0.1214811132414399	0.0	0.15
nonmonotone_score_main	59	1	0	0.14677767277782633	0.1269330578384542	0.1269330578384542	0.0	0.125
nonmonotone_score_main	60	1	0	0.16997778426466506	0.15565360179496882	0.15565360179496882	0.0	0.1375
nonmonotone_score_main	61	1	0	0.14979126416238694	0.12712659128880968	0.12712659128880968	0.0	0.1375
nonmonotone_score_main	62	1	0	0.13718246099168	0.11433538321581381	0.11433538321581381	0.0	0.1375
nonmonotone_score_main	63	1	0	0.13524935854934833	0.11269244656277655	0.11269244656277655	0.0	0.1375
nonmonotone_score_main	64	1	0	0.12189944911417219	0.10247637826230946	0.10247637826230946	0.0	0.1375
nonmonotone_score_main	65	1	0	0.16504862544691398	0.1445390491556236	0.1445390491556236	0.0	0.1375
nonmonotone_score_main	66	1	0	0.1552194180717313	0.13234911187226575	0.13234911187226575	0.0	0.1375
nonmonotone_score_main	67	1	0	0.14400607423381373	0.12616120782392476	0.12616120782392476	0.0	0.1375
nonmonotone_score_main	68	1	0	0.13496607212829947	0.11338452359763374	0.11338452359763374	0.0	0.15
nonmonotone_score_main	69	1	0	0.14851280139887035	0.1314498734073709	0.1314498734073709	0.0	0.1375
nonmonotone_score_main	70	1	0	0.1590225468055143	0.1440218060041524	0.1440218060041524	0.0	0.125
nonmonotone_score_main	71	1	0	0.15521572753861895	0.13318097550376456	0.13318097550376456	0.0	0.15
nonmonotone_score_main	72	1	0	0.13589180022301212	0.11519706474022362	0.11519706474022362	0.0	0.1375
nonmonotone_score_main	73	1	0	0.14165164638217242	0.1214687001931766	0.1214687001931766	0.0	0.1375
nonmonotone_score_main	74	1	0	0.14512071405114113	0.12441538909331407	0.12441538909331407	0.0	0.125
nonmonotone_score_main	75	1	0	0.15258608352056757	0.13264881566876885	0.13264881566876885	0.0	0.1375
nonmonotone_score_main	76	2	0	0.11877720717762574	0.09960521501680913	0.09960521501680913	0.0	0.15
nonmonotone_score_main	77	1	0	0.14422210008736097	0.12445543551286736	0.12445543551286736	0.0	0.1375
nonmonotone_score_main	78	1	0	0.1617875469085545	0.13573017187832126	0.13573017187832126	0.0	0.1375
nonmonotone_score_main	79	1	0	0.1551858697945202	0.14007159457038137	0.14007159457038137	0.0	0.1375
nonmonotone_score_main	80	1	0	0.16057309652797358	0.14418613523202845	0.14418613523202845	0.0	0.125
nonmonotone_score_main	81	1	0	0.16357376868312584	0.14416068723186354	0.14416068723186354	0.0	0.1375
nonmonotone_score_main	82	1	0	0.14325396285776226	0.12928812876497298	0.12928812876497298	0.0	0.125
nonmonotone_score_main	83	1	0	0.16978110865948964	0.1516825281988671	0.1516825281988671	0.0	0.1375
nonmonotone_score_main	84	1	0	0.14540672603960125	0.13025351596077298	0.13025351596077298	0.0	0.15
nonmonotone_score_main	85	1	0	0.13323993446294136	0.10878448546694618	0.10878448546694618	0.0	0.15
nonmonotone_score_main	86	1	0	0.12876453803872057	0.10728788924034109	0.10728788924034109	0.0	0.15
nonmonotone_score_main	87	1	0	0.14863114631281488	0.1310514809928983	0.1310514809928983	0.0	0.1375
nonmonotone_score_main	88	1	0	0.15203800475210533	0.13015905427354466	0.13015905427354466	0.0	0.1375
nonmonotone_score_main	89	1	0	0.13890275343591493	0.11198722606022779	0.11198722606022779	0.0	0.1375
nonmonotone_score_main	90	1	0	0.1319996740931585	0.106983953162451	0.106983953162451	0.0	0.1375
nonmonotone_score_main	91	1	0	0.14041072502469892	0.11373112618237542	0.11373112618237542	0.0	0.125
nonmonotone_score_main	92	1	0	0.1449198360496743	0.12455729436705362	0.12455729436705362	0.0	0.1375
nonmonotone_score_main	93	1	0	0.15378068398893568	0.13020515167968888	0.13020515167968888	0.0	0.1375
nonmonotone_score_main	94	1	0	0.14575151896610566	0.12523688001282202	0.12523688001282202	0.0	0.125
nonmonotone_score_main	95	1	0	0.14249271862356871	0.1214660853260329	0.1214660853260329	0.0	0.1375
nonmonotone_score_main	96	1	0	0.1411592305237837	0.11340525114631839	0.11340525114631839	0.0	0.15
nonmonotone_score_main	97	1	0	0.1554887360597706	0.1373929261293537	0.1373929261293537	0.0	0.1375
nonmonotone_score_main	98	2	0	0.15270113634824647	0.1310877220182637	0.1310877220182637	0.0	0.15
nonmonotone_score_main	99	1	0	0.15136199727335536	0.12874847251088176	0.12874847251088176	0.0	0.1375
nonmonotone_score_main	100	2	0	0.15432065754849894	0.1367887773249454	0.1367887773249454	0.0	0.1375
nonmonotone_score_main	101	1	0	0.13739290482552657	0.11879161129709918	0.11879161129709918	0.0	0.125
nonmonotone_score_main	102	1	0	0.1326121179361704	0.11532980128887343	0.11532980128887343	0.0	0.15
nonmonotone_score_main	103	1	0	0.14861796125596724	0.12832631895278815	0.12832631895278815	0.0	0.1375
nonmonotone_score_main	104	1	0	0.1392985750040755	0.12120301518433706	0.12120301518433706	0.0	0.125
nonmonotone_score_main	105	1	0	0.1495650306896892	0.12992927101156193	0.12992927101156193	0.0	0.1375
nonmonotone_score_main	106	1	0	0.1575888385790833	0.13598030825806545	0.13598030825806545	0.0	0.1375
nonmonotone_score_main	107	1	0	0.14540918077618	0.12287773099337072	0.12287773099337072	0.0	0.1375
nonmonotone_score_main	108	1	0	0.13967099991784077	0.11571697591362681	0.11571697591362681	0.0	0.15
nonmonotone_score_main	109	1	0	0.15897369597433492	0.1394210591654023	0.1394210591654023	0.0	0.1375
nonmonotone_score_main	110	1	0	0.14438468442117228	0.12257542272959308	0.12257542272959308	0.0	0.15
nonmonotone_score_main	111	1	0	0.1782539812865713	0.1647313976685605	0.1647313976685605	0.0	0.125
nonmonotone_score_main	112	1	0	0.15017938765292477	0.12125398213242645	0.12125398213242645	0.0	0.15
nonmonotone_score_main	113	1	0	0.13655917921280297	0.11402572054610347	0.11402572054610347	0.0	0.15
nonmonotone_score_main	114	2	0	0.12620444872034978	0.10730086977271344	0.10730086977271344	0.0	0.1375
nonmonotone_score_main	115	1	0	0.13201789515428597	0.11112691160221734	0.11112691160221734	0.0	0.1375
nonmonotone_score_main	116	1	0	0.15345208450741643	0.13668710559879294	0.13668710559879294	0.0	0.1375
nonmonotone_score_main	117	1	0	0.14731172400499756	0.13111421773716653	0.13111421773716653	0.0	0.125
nonmonotone_score_main	118	1	0	0.138384008330793	0.1153188031155427	0.1153188031155427	0.0	0.1375
nonmonotone_score_main	119	1	0	0.1435302652833928	0.12009693743061237	0.12009693743061237	0.0	0.1375
nonmonotone_score_main	120	1	0	0.1574693652259247	0.1415449510778591	0.1415449510778591	0.0	0.1375
nonmonotone_score_main	121	1	0	0.161143919205041	0.14513544270412151	0.14513544270412151	0.0	0.125
nonmonotone_score_main	122	1	0	0.16234610422086881	0.13844805622035378	0.13844805622035378	0.0	0.1375
nonmonotone_score_main	123	1	0	0.13031649268130038	0.11310405617103288	0.11310405617103288	0.0	0.1625
nonmonotone_score_main	124	1	0	0.15507914422124103	0.14041245358834148	0.14041245358834148	0.0	0.1375
nonmonotone_score_main	125	1	0	0.15029433100714276	0.1329905292792593	0.1329905292792593	0.0	0.1375
nonmonotone_score_main	126	1	0	0.1694497674566235	0.1451373627748146	0.1451373627748146	0.0	0.1375
nonmonotone_score_main	127	1	0	0.15921652091709287	0.13694031748837027	0.13694031748837027	0.0	0.1375
nonmonotone_score_main	128	1	0	0.15117675186558766	0.12955699347320532	0.12955699347320532	0.0	0.15
nonmonotone_score_main	129	1	0	0.1589773531833163	0.1396066932671954	0.1396066932671954	0.0	0.1375
nonmonotone_score_main	130	1	0	0.15507866919605168	0.13078633147211305	0.13078633147211305	0.0	0.1375
nonmonotone_score_main	131	1	0	0.14884457891844405	0.12751659582391262	0.12751659582391262	0.0	0.1375
nonmonotone_score_main	132	1	0	0.15012038480281092	0.13639369325421513	0.13639369325421513	0.0	0.125
nonmonotone_score_main	133	1	0	0.16293821933618108	0.14643559320538774	0.14643559320538774	0.0	0.1375
nonmonotone_score_main	134	1	0	0.13776302263347945	0.11579438768236748	0.11579438768236748	0.0	0.1375
nonmonotone_score_main	135	1	0	0.1501583188152412	0.1336561856106825	0.1336561856106825	0.0	0.1375
nonmonotone_score_main	136	1	0	0.13484697578901156	0.12009965203852073	0.12009965203852073	0.0	0.1375
nonmonotone_score_main	137	2	0	0.16319685262458333	0.14091238793600225	0.14091238793600225	0.0	0.15
nonmonotone_score_main	138	1	0	0.16887004200542732	0.14704596951980065	0.14704596951980065	0.0	0.1375
nonmonotone_score_main	139	1	0	0.1701920683344399	0.15434665903285508	0.15434665903285508	0.0	0.15
nonmonotone_score_main	140	1	0	0.16254352235004363	0.13822592139293086	0.13822592139293086	0.0	0.125
nonmonotone_score_main	141	2	0	0.15037776190866553	0.12747500643534407	0.12747500643534407	0.0	0.1625
nonmonotone_score_main	142	1	0	0.14506617121969334	0.12251115492723656	0.12251115492723656	0.0	0.15
nonmonotone_score_main	143	1	0	0.14968672272461897	0.12962478442521072	0.12962478442521072	0.0	0.125
nonmonotone_score_main	144	1	0	0.16383697086553162	0.14789592736289453	0.14789592736289453	0.0	0.125
nonmonotone_score_main	145	1	0	0.1429799939126976	0.12495816403135074	0.12495816403135074	0.0	0.125
nonmonotone_score_main	146	1	0	0.15127298497746383	0.1307379119099154	0.1307379119099154	0.0	0.15
nonmonotone_score_main	147	1	0	0.13198840527172417	0.1150221251761617	0.1150221251761617	0.0	0.15
nonmonotone_score_main	148	1	0	0.14266369265169088	0.12322639453105494	0.12322639453105494	0.0	0.125
nonmonotone_score_main	149	1	0	0.145019210909557	0.12291896026286603	0.12291896026286603	0.0	0.1375
nonmonotone_score_main	150	1	0	0.15426718546726126	0.13225556211848788	0.13225556211848788	0.0	0.1375
nonmonotone_score_main	151	1	0	0.13729422252850923	0.11534001101122629	0.11534001101122629	0.0	0.1375
nonmonotone_score_main	152	1	0	0.13295029143598425	0.11356914081260167	0.11356914081260167	0.0	0.1375
nonmonotone_score_main	153	1	0	0.12753564130028155	0.11354666158824825	0.11354666158824825	0.0	0.1375
nonmonotone_score_main	154	1	0	0.1283473303100729	0.10559654194141069	0.10559654194141069	0.0	0.15
nonmonotone_score_main	155	1	0	0.16130215083016256	0.13969427929562273	0.13969427929562273	0.0	0.1375
nonmonotone_score_main	156	1	0	0.1494685807459832	0.13495352404428707	0.13495352404428707	0.0	0.1375
nonmonotone_score_main	157	1	0	0.15977384992632987	0.14768484612361232	0.14768484612361232	0.0	0.1375
nonmonotone_score_main	158	1	0	0.13496510804697565	0.11261153606427401	0.11261153606427401	0.0	0.15
nonmonotone_score_main	159	1	0	0.15282331392827583	0.1302367174894415	0.1302367174894415	0.0	0.1375
nonmonotone_score_main	160	1	0	0.13734490841807273	0.12178780169289784	0.12178780169289784	0.0	0.1375
nonmonotone_score_main	161	1	0	0.14248610736138462	0.12486610422038014	0.12486610422038014	0.0	0.15
nonmonotone_score_main	162	1	0	0.16201638630699447	0.14199037963854458	0.14199037963854458	0.0	0.125
nonmonotone_score_main	163	1	0	0.14972001471987217	0.13368347705761235	0.13368347705761235	0.0	0.125
nonmonotone_score_main	164	1	0	0.15987844306969942	0.144616640187268	0.144616640187268	0.0	0.1375
nonmonotone_score_main	165	2	0	0.1346558500281648	0.10898091905852786	0.10898091905852786	0.0	0.15
nonmonotone_score_main	166	1	0	0.1420828650946381	0.12367930222599702	0.12367930222599702	0.0	0.15
nonmonotone_score_main	167	1	0	0.13947170506123913	0.12123266132071607	0.12123266132071607	0.0	0.1375
nonmonotone_score_main	168	1	0	0.15359161355367815	0.12759524563972544	0.12759524563972544	0.0	0.15
nonmonotone_score_main	169	1	0	0.14611551547774254	0.126159534767509	0.126159534767509	0.0	0.1375
nonmonotone_score_main	170	2	0	0.13714561720353816	0.12370450242876561	0.12370450242876561	0.0	0.1625
nonmonotone_score_main	171	1	0	0.1553572169510356	0.1348464424602307	0.1348464424602307	0.0	0.1375
nonmonotone_score_main	172	1	0	0.14213522215365187	0.1164736276352017	0.1164736276352017	0.0	0.1375
nonmonotone_score_main	173	1	0	0.13853141206006592	0.11894519951271648	0.11894519951271648	0.0	0.1375
nonmonotone_score_main	174	1	0	0.13855269045774482	0.11115352809483164	0.11115352809483164	0.0	0.125
nonmonotone_score_main	175	1	0	0.14913910005928382	0.1344526384713826	0.1344526384713826	0.0	0.125
nonmonotone_score_main	176	1	0	0.15161718893093412	0.13282085169623944	0.13282085169623944	0.0	0.1375
nonmonotone_score_main	177	1	0	0.14987656767181057	0.13067445942651926	0.13067445942651926	0.0	0.1375
nonmonotone_score_main	178	1	0	0.1424729572402551	0.12204444493507706	0.12204444493507706	0.0	0.1375
nonmonotone_score_main	179	1	0	0.1631642836708298	0.14034585546272738	0.14034585546272738	0.0	0.1375
nonmonotone_score_main	180	1	0	0.12700182419574912	0.10322493011828932	0.10322493011828932	0.0	0.1375
nonmonotone_score_main	181	1	0	0.12670189317496425	0.09996914679343213	0.09996914679343213	0.0	0.15
nonmonotone_score_main	182	2	0	0.16333733618951074	0.14286520713587786	0.14286520713587786	0.0	0.15
nonmonotone_score_main	183	1	0	0.17213321643353766	0.1492675895515578	0.1492675895515578	0.0	0.15
nonmonotone_score_main	184	1	0	0.14593281335901703	0.12610285717487288	0.12610285717487288	0.0	0.125
nonmonotone_score_main	185	1	0	0.14359809519210245	0.12130151847873152	0.12130151847873152	0.0	0.1375
nonmonotone_score_main	186	1	0	0.14280703726605476	0.12364235533929348	0.12364235533929348	0.0	0.1375
nonmonotone_score_main	187	1	0	0.14649764268592197	0.12510968459907446	0.12510968459907446	0.0	0.15
nonmonotone_score_main	188	1	0	0.16729557194664219	0.1472300304765664	0.1472300304765664	0.0	0.125
nonmonotone_score_main	189	1	0	0.17500400745964545	0.15422650901130952	0.15422650901130952	0.0	0.1375
nonmonotone_score_main	190	1	0	0.1738031884737557	0.15027642196161103	0.15027642196161103	0.0	0.1375
nonmonotone_score_main	191	2	0	0.14473063172915657	0.12764144890710077	0.12764144890710077	0.0	0.1375
nonmonotone_score_main	192	1	0	0.14780195723040987	0.13066498227410162	0.13066498227410162	0.0	0.1375
nonmonotone_score_main	193	2	0	0.16137478887201404	0.14072154780212168	0.14072154780212168	0.0	0.1625
nonmonotone_score_main	194	1	0	0.1756383090396582	0.15837686837529436	0.15837686837529436	0.0	0.1375
nonmonotone_score_main	195	1	0	0.14457586228824165	0.12140786476816608	0.12140786476816608	0.0	0.1375
nonmonotone_score_main	196	2	0	0.1394242390955392	0.12150708279281869	0.12150708279281869	0.0	0.1625
nonmonotone_score_main	197	1	0	0.1338663833971347	0.11255028835071104	0.11255028835071104	0.0	0.1375
nonmonotone_score_main	198	1	0	0.16526646722025579	0.14826450029467408	0.14826450029467408	0.0	0.1375
nonmonotone_score_main	199	1	0	0.15569165823709707	0.13514415673254349	0.13514415673254349	0.0	0.1625
nonmonotone_score_main	200	1	0	0.16646779080216326	0.148048030496447	0.148048030496447	0.0	0.1375
nonmonotone_score_main	201	1	0	0.15429455249145574	0.13177088311115748	0.13177088311115748	0.0	0.1375
nonmonotone_score_main	202	1	0	0.14071614230015028	0.12099957583734564	0.12099957583734564	0.0	0.1375
nonmonotone_score_main	203	1	0	0.1760421446826878	0.15010284518773193	0.15010284518773193	0.0	0.1375
nonmonotone_score_main	204	1	0	0.16858215999079912	0.15051540052766288	0.15051540052766288	0.0	0.125
nonmonotone_score_main	205	1	0	0.11953359848958683	0.09398550779698098	0.09398550779698098	0.0	0.15
nonmonotone_score_main	206	1	0	0.13712929310279032	0.11539714142559136	0.11539714142559136	0.0	0.125
nonmonotone_score_main	207	1	0	0.16100976352761925	0.14148885901720248	0.14148885901720248	0.0	0.1375
nonmonotone_score_main	208	1	0	0.14806523044439412	0.12198908960819402	0.12198908960819402	0.0	0.15
nonmonotone_score_main	209	1	0	0.12440729631616272	0.09594360857519603	0.09594360857519603	0.0	0.1375
nonmonotone_score_main	210	1	0	0.13349508645235444	0.1074120829503582	0.1074120829503582	0.0	0.1375
nonmonotone_score_main	211	1	0	0.15368639011602186	0.13360569687460944	0.13360569687460944	0.0	0.1375
nonmonotone_score_main	212	1	0	0.15928672638262203	0.1415404323593075	0.1415404323593075	0.0	0.1375
nonmonotone_score_main	213	1	0	0.1316015975157735	0.10868951107913809	0.10868951107913809	0.0	0.1375
nonmonotone_score_main	214	1	0	0.12790749257903197	0.10219837299146362	0.10219837299146362	0.0	0.125
nonmonotone_score_main	215	1	0	0.14836508550537703	0.12354081596560493	0.12354081596560493	0.0	0.1375
nonmonotone_score_main	216	1	0	0.142356903954791	0.1209509113478193	0.1209509113478193	0.0	0.15
nonmonotone_score_main	217	1	0	0.14102181660405866	0.11733081052775488	0.11733081052775488	0.0	0.1375
nonmonotone_score_main	218	1	0	0.15989096960577362	0.13929221573052314	0.13929221573052314	0.0	0.1375
nonmonotone_score_main	219	1	0	0.12514886564823652	0.10532920554901412	0.10532920554901412	0.0	0.1375
nonmonotone_score_main	220	1	0	0.1471350028426601	0.12428686180999093	0.12428686180999093	0.0	0.125
nonmonotone_score_main	221	1	0	0.14027777874732236	0.11878608326789611	0.11878608326789611	0.0	0.1375
nonmonotone_score_main	222	1	0	0.1459656356378521	0.1309490328758549	0.1309490328758549	0.0	0.1375
nonmonotone_score_main	223	1	0	0.13810855735947197	0.11725207899873671	0.11725207899873671	0.0	0.125
nonmonotone_score_main	224	1	0	0.13296516100045558	0.11099220102051119	0.11099220102051119	0.0	0.1375
nonmonotone_score_main	225	1	0	0.148560799484581	0.12530976986227613	0.12530976986227613	0.0	0.15
nonmonotone_score_main	226	1	0	0.16479344265992413	0.14270754933242574	0.14270754933242574	0.0	0.125
nonmonotone_score_main	227	1	0	0.13772017544358162	0.12412865806486302	0.12412865806486302	0.0	0.125
nonmonotone_score_main	228	1	0	0.15021617756217664	0.13184246603626887	0.13184246603626887	0.0	0.1375
nonmonotone_score_main	229	3	0	0.15284860032250946	0.13613561503903354	0.13613561503903354	0.0	0.15
nonmonotone_score_main	230	1	0	0.14704557329916773	0.13000572900080193	0.13000572900080193	0.0	0.1375
nonmonotone_score_main	231	1	0	0.15244411428576998	0.13014055204154557	0.13014055204154557	0.0	0.15
nonmonotone_score_main	232	1	0	0.1537566631895701	0.13599910911828123	0.13599910911828123	0.0	0.125
nonmonotone_score_main	233	1	0	0.1561020368404063	0.13042483841183888	0.13042483841183888	0.0	0.1375
nonmonotone_score_main	234	1	0	0.15536202462630352	0.13427466910020414	0.13427466910020414	0.0	0.15
nonmonotone_score_main	235	1	0	0.14836551172870308	0.1279175623607833	0.1279175623607833	0.0	0.15
nonmonotone_score_main	236	1	0	0.13464137796128173	0.10877646474157096	0.10877646474157096	0.0	0.15
nonmonotone_score_main	237	1	0	0.16722886998345843	0.1512075142618819	0.1512075142618819	0.0	0.1375
nonmonotone_score_main	238	1	0	0.15923566049458748	0.14059510692219185	0.14059510692219185	0.0	0.1375
nonmonotone_score_main	239	1	0	0.14548715273162427	0.1255791282752758	0.1255791282752758	0.0	0.125
nonmonotone_score_main	240	1	0	0.14390746748513725	0.11772461385349064	0.11772461385349064	0.0	0.1375
nonmonotone_score_main	241	1	0	0.13666114011329406	0.1178562203666421	0.1178562203666421	0.0	0.1375
nonmonotone_score_main	242	1	0	0.15826581986981364	0.13696514491708417	0.13696514491708417	0.0	0.1375
nonmonotone_score_main	243	1	0	0.15064315435093245	0.1322150325630455	0.1322150325630455	0.0	0.1375
nonmonotone_score_main	244	1	0	0.1420946207549773	0.11899804283940163	0.11899804283940163	0.0	0.15
nonmonotone_score_main	245	1	0	0.1298881706513941	0.10518418364238716	0.10518418364238716	0.0	0.1375
nonmonotone_score_main	246	1	0	0.12638026978699934	0.10139518201195191	0.10139518201195191	0.0	0.1375
nonmonotone_score_main	247	1	0	0.15189380863785534	0.13642167909343844	0.13642167909343844	0.0	0.125
nonmonotone_score_main	248	1	0	0.15244957833918907	0.13300619959560658	0.13300619959560658	0.0	0.1375
nonmonotone_score_main	249	1	0	0.14560291223033303	0.12514041209493476	0.12514041209493476	0.0	0.1375
nonmonotone_score_main	250	1	0	0.13897014213547318	0.11723807028830846	0.11723807028830846	0.0	0.15
nonmonotone_score_main	251	1	0	0.14221565576539758	0.12243624836540884	0.12243624836540884	0.0	0.125
nonmonotone_score_main	252	1	0	0.13749859202412332	0.1164908229750327	0.1164908229750327	0.0	0.125
nonmonotone_score_main	253	1	0	0.15876604185696425	0.13679160538891427	0.13679160538891427	0.0	0.1375
nonmonotone_score_main	254	1	0	0.14332892285057167	0.11903062986454221	0.11903062986454221	0.0	0.15
nonmonotone_score_main	255	1	0	0.1332506938001553	0.11058998818438498	0.11058998818438498	0.0	0.1375
nonmonotone_score_main	256	1	0	0.13818685981968043	0.11783395746965326	0.11783395746965326	0.0	0.1375
nonmonotone_score_main	257	1	0	0.13820229963234226	0.11248577031252215	0.11248577031252215	0.0	0.15
nonmonotone_score_main	258	1	0	0.14541465665720088	0.12246825872702062	0.12246825872702062	0.0	0.125
nonmonotone_score_main	259	2	0	0.13513754543685536	0.11244423712122617	0.11244423712122617	0.0	0.1375
nonmonotone_score_main	260	1	0	0.14663621019071074	0.12538864500915314	0.12538864500915314	0.0	0.1375
nonmonotone_score_main	261	1	0	0.13026582854431457	0.11060154015265564	0.11060154015265564	0.0	0.1375
nonmonotone_score_main	262	1	0	0.14704145568084442	0.1299037885631898	0.1299037885631898	0.0	0.1375
nonmonotone_score_main	263	1	0	0.13724092928615103	0.11392928343232366	0.11392928343232366	0.0	0.1375
nonmonotone_score_main	264	1	0	0.12229537214363984	0.10144695121350644	0.10144695121350644	0.0	0.1375
nonmonotone_score_main	265	2	0	0.14687448745852047	0.12821122150020636	0.12821122150020636	0.0	0.1375
nonmonotone_score_main	266	1	0	0.1368162723179141	0.12019524587121677	0.12019524587121677	0.0	0.15
nonmonotone_score_main	267	1	0	0.1471492632295759	0.12496887340651892	0.12496887340651892	0.0	0.15
nonmonotone_score_main	268	1	0	0.154726577959888	0.13684057814508307	0.13684057814508307	0.0	0.1375
nonmonotone_score_main	269	1	0	0.13617963291478682	0.11544942884090682	0.11544942884090682	0.0	0.125
nonmonotone_score_main	270	1	0	0.13449824931392762	0.10950090576276114	0.10950090576276114	0.0	0.1375
nonmonotone_score_main	271	1	0	0.15927629816825953	0.13917843268448235	0.13917843268448235	0.0	0.125
nonmonotone_score_main	272	1	0	0.14549209777127742	0.12866019153346203	0.12866019153346203	0.0	0.15
nonmonotone_score_main	273	1	0	0.15185981140645477	0.13032631276245832	0.13032631276245832	0.0	0.125
nonmonotone_score_main	274	1	0	0.13449325087752084	0.1154126139840622	0.1154126139840622	0.0	0.1375
nonmonotone_score_main	275	1	0	0.12861035636606255	0.10402219723580686	0.10402219723580686	0.0	0.125
nonmonotone_score_main	276	1	0	0.14244947208942613	0.12430379587304805	0.12430379587304805	0.0	0.15
nonmonotone_score_main	277	1	0	0.16087761668799155	0.1379651984141599	0.1379651984141599	0.0	0.15
nonmonotone_score_main	278	1	0	0.1533144769945955	0.13445476966724113	0.13445476966724113	0.0	0.1375
nonmonotone_score_main	279	1	0	0.19219413917750083	0.1767407481614479	0.1767407481614479	0.0	0.1375
nonmonotone_score_main	280	1	0	0.15273479672887674	0.13323268658011686	0.13323268658011686	0.0	0.125
nonmonotone_score_main	281	1	0	0.1579039566661542	0.13734474458347976	0.13734474458347976	0.0	0.1375
nonmonotone_score_main	282	1	0	0.15540340289619115	0.13681348880763694	0.13681348880763694	0.0	0.125
nonmonotone_score_main	283	1	0	0.15072486135038904	0.12985058691999285	0.12985058691999285	0.0	0.1375
nonmonotone_score_main	284	1	0	0.15363888292008265	0.1285982001657477	0.1285982001657477	0.0	0.125
nonmonotone_score_main	285	1	0	0.14933118308174329	0.13013578994532518	0.13013578994532518	0.0	0.1375
nonmonotone_score_main	286	1	0	0.1575805746232085	0.1396579931513877	0.1396579931513877	0.0	0.1375
nonmonotone_score_main	287	1	0	0.16534269069872568	0.15058438049172373	0.15058438049172373	0.0	0.125
nonmonotone_score_main	288	1	0	0.13983975898752346	0.11603659219413286	0.11603659219413286	0.0	0.1375
nonmonotone_score_main	289	1	0	0.16095658867330304	0.14583737233627989	0.14583737233627989	0.0	0.1375
nonmonotone_score_main	290	1	0	0.1367955460719727	0.11784461065453469	0.11784461065453469	0.0	0.1625
nonmonotone_score_main	291	1	0	0.1478283272534464	0.1304718030210862	0.1304718030210862	0.0	0.1375
nonmonotone_score_main	292	1	0	0.15211390948911188	0.13059197051713656	0.13059197051713656	0.0	0.1375
nonmonotone_score_main	293	1	0	0.13817913018232494	0.11822364492015007	0.11822364492015007	0.0	0.1375
nonmonotone_score_main	294	1	0	0.14134407412752703	0.11298115082274887	0.11298115082274887	0.0	0.125
nonmonotone_score_main	295	1	0	0.16383693452009673	0.1481243744007411	0.1481243744007411	0.0	0.1375
nonmonotone_score_main	296	1	0	0.16282156053201868	0.14115887225377172	0.14115887225377172	0.0	0.1375
nonmonotone_score_main	297	1	0	0.15599829749466199	0.13371992719927372	0.13371992719927372	0.0	0.1375
nonmonotone_score_main	298	1	0	0.15905796519118032	0.13842334563041941	0.13842334563041941	0.0	0.1375
nonmonotone_score_main	299	1	0	0.13578096927933855	0.11041796721618746	0.11041796721618746	0.0	0.1375
nonmonotone_score_main	300	2	0	0.14934817840785175	0.12980388475432292	0.12980388475432292	0.0	0.1375
nonmonotone_score_main	301	1	0	0.15310363754869824	0.13213452641932666	0.13213452641932666	0.0	0.15
nonmonotone_score_main	302	1	0	0.13793688399820844	0.12433863498176267	0.12433863498176267	0.0	0.1375
nonmonotone_score_main	303	1	0	0.1520940821020835	0.1353546845230347	0.1353546845230347	0.0	0.1375
nonmonotone_score_main	304	1	0	0.1487305673326204	0.13447219524187967	0.13447219524187967	0.0	0.1375
nonmonotone_score_main	305	1	0	0.1337206318265825	0.11389363805898449	0.11389363805898449	0.0	0.125
nonmonotone_score_main	306	1	0	0.14346940029862534	0.1173601125898727	0.1173601125898727	0.0	0.1375
nonmonotone_score_main	307	1	0	0.14970540821632414	0.1290073059448104	0.1290073059448104	0.0	0.15
nonmonotone_score_main	308	1	0	0.14169873507342348	0.12070631581268197	0.12070631581268197	0.0	0.125
nonmonotone_score_main	309	1	0	0.14466608190282554	0.12463157974863978	0.12463157974863978	0.0	0.1375
nonmonotone_score_main	310	1	0	0.13146475482479092	0.11327003068433837	0.11327003068433837	0.0	0.15
nonmonotone_score_main	311	1	0	0.15060897387918032	0.13008083793320366	0.13008083793320366	0.0	0.1625
nonmonotone_score_main	312	1	0	0.1289171109538247	0.10638822522785144	0.10638822522785144	0.0	0.1375
nonmonotone_score_main	313	1	0	0.13628462985704062	0.12185417929706746	0.12185417929706746	0.0	0.1375
nonmonotone_score_main	314	1	0	0.18250345308657315	0.16069051104811805	0.16069051104811805	0.0	0.1375
nonmonotone_score_main	315	1	0	0.1432387545544563	0.12829715158769273	0.12829715158769273	0.0	0.125
nonmonotone_score_main	316	1	0	0.151133415135852	0.1286295666087978	0.1286295666087978	0.0	0.1375
nonmonotone_score_main	317	1	0	0.16520936125664687	0.14764309489468697	0.14764309489468697	0.0	0.1375
nonmonotone_score_main	318	1	0	0.12905144755893563	0.10840975022449002	0.10840975022449002	0.0	0.125
nonmonotone_score_main	319	1	0	0.13282624997129683	0.11733286080489855	0.11733286080489855	0.0	0.1375
nonmonotone_score_main	320	1	0	0.12854806207087272	0.11256456370024037	0.11256456370024037	0.0	0.125
nonmonotone_score_main	321	1	0	0.1449582352248584	0.12218255104079379	0.12218255104079379	0.0	0.1375
nonmonotone_score_main	322	1	0	0.15206631151724542	0.13456876286507627	0.13456876286507627	0.0	0.125
nonmonotone_score_main	323	1	0	0.11614433144246397	0.09515168600876522	0.09515168600876522	0.0	0.15
nonmonotone_score_main	324	1	0	0.16626980445086395	0.1428573439696566	0.1428573439696566	0.0	0.1375
nonmonotone_score_main	325	1	0	0.12063700110056116	0.1006667933779963	0.1006667933779963	0.0	0.1375
nonmonotone_score_main	326	1	0	0.14476588173475302	0.12622054377957095	0.12622054377957095	0.0	0.1375
nonmonotone_score_main	327	1	0	0.1414196840241293	0.1289593497583617	0.1289593497583617	0.0	0.1375
nonmonotone_score_main	328	1	0	0.13432754689556883	0.10728007179477983	0.10728007179477983	0.0	0.15
nonmonotone_score_main	329	1	0	0.12356938223379539	0.10662794134826131	0.10662794134826131	0.0	0.15
nonmonotone_score_main	330	1	0	0.12494625212954484	0.1056643802663628	0.1056643802663628	0.0	0.125
nonmonotone_score_main	331	1	0	0.1441468901096007	0.1264345904036534	0.1264345904036534	0.0	0.15
nonmonotone_score_main	332	1	0	0.14463643675017135	0.12685721059233102	0.12685721059233102	0.0	0.125
nonmonotone_score_main	333	1	0	0.16231994474528855	0.14211174821688205	0.14211174821688205	0.0	0.1375
nonmonotone_score_main	334	1	0	0.15211373849685716	0.12705517764221427	0.12705517764221427	0.0	0.1375
nonmonotone_score_main	335	1	0	0.16027241888308835	0.1369656983195894	0.1369656983195894	0.0	0.125
nonmonotone_score_main	336	1	0	0.15170261365396426	0.13722091953721915	0.13722091953721915	0.0	0.1375
nonmonotone_score_main	337	1	0	0.13871285251361473	0.11310770164760352	0.11310770164760352	0.0	0.125
nonmonotone_score_main	338	2	0	0.16125885595393866	0.14551019004522933	0.14551019004522933	0.0	0.15
nonmonotone_score_main	339	1	0	0.16266378205398535	0.14153590751536504	0.14153590751536504	0.0	0.15
nonmonotone_score_main	340	1	0	0.12501751989461848	0.1026991578196364	0.1026991578196364	0.0	0.1375
nonmonotone_score_main	341	1	0	0.1597813548803746	0.14640069933058183	0.14640069933058183	0.0	0.1375
nonmonotone_score_main	342	1	0	0.1434503736750693	0.11935441253359083	0.11935441253359083	0.0	0.1375
nonmonotone_score_main	343	1	0	0.1583987378914582	0.13680324295843804	0.13680324295843804	0.0	0.1375
nonmonotone_score_main	344	1	0	0.1512296691841712	0.13019927242477114	0.13019927242477114	0.0	0.125
nonmonotone_score_main	345	1	0	0.1520284534874793	0.12749731167211803	0.12749731167211803	0.0	0.15
nonmonotone_score_main	346	2	0	0.1639555221973455	0.1448641188352101	0.1448641188352101	0.0	0.1375
nonmonotone_score_main	347	1	0	0.144364985228791	0.12615713399717005	0.12615713399717005	0.0	0.1375
nonmonotone_score_main	348	1	0	0.14422332770593077	0.12734004566499338	0.12734004566499338	0.0	0.125
nonmonotone_score_main	349	2	0	0.12529981078842845	0.10173511893255294	0.10173511893255294	0.0	0.15
nonmonotone_score_main	350	1	0	0.15043116676446383	0.13247862044191952	0.13247862044191952	0.0	0.1375
nonmonotone_score_main	351	1	0	0.16979928227176547	0.15128658812146395	0.15128658812146395	0.0	0.15
nonmonotone_score_main	352	1	0	0.15053603821092731	0.1241648671796273	0.1241648671796273	0.0	0.1375
nonmonotone_score_main	353	1	0	0.14545852622649763	0.12459309197734315	0.12459309197734315	0.0	0.15
nonmonotone_score_main	354	1	0	0.134065152461609	0.11131652532758635	0.11131652532758635	0.0	0.1375
nonmonotone_score_main	355	1	0	0.13341115619574714	0.10731072288846297	0.10731072288846297	0.0	0.1375
nonmonotone_score_main	356	1	0	0.12736796426040947	0.10523420935286862	0.10523420935286862	0.0	0.15
nonmonotone_score_main	357	1	0	0.1240444311758139	0.10152348673712472	0.10152348673712472	0.0	0.15
nonmonotone_score_main	358	1	0	0.16757758295974529	0.1488143577782065	0.1488143577782065	0.0	0.125
nonmonotone_score_main	359	1	0	0.13974732374449145	0.119536587046807	0.119536587046807	0.0	0.15
nonmonotone_score_main	360	1	0	0.14490535713611744	0.12348803704678298	0.12348803704678298	0.0	0.125
nonmonotone_score_main	361	1	0	0.14400296365172205	0.11958941588089253	0.11958941588089253	0.0	0.1375
nonmonotone_score_main	362	1	0	0.14811656184725472	0.1242290686737105	0.1242290686737105	0.0	0.1375
nonmonotone_score_main	363	1	0	0.17123246327935648	0.14506936668258028	0.14506936668258028	0.0	0.1375
nonmonotone_score_main	364	1	0	0.13791694450408246	0.11560745646171514	0.11560745646171514	0.0	0.1375
nonmonotone_score_main	365	1	0	0.15113606599431872	0.1301296334103127	0.1301296334103127	0.0	0.1375
nonmonotone_score_main	366	1	0	0.1614514864014286	0.14362023744517227	0.14362023744517227	0.0	0.1375
nonmonotone_score_main	367	1	0	0.1626870503824946	0.13346361928777395	0.13346361928777395	0.0	0.1375
nonmonotone_score_main	368	1	0	0.17724729343924928	0.15993638602774024	0.15993638602774024	0.0	0.125
nonmonotone_score_main	369	1	0	0.15787700728224321	0.13474574294271274	0.13474574294271274	0.0	0.125
nonmonotone_score_main	370	1	0	0.12244632722497689	0.0957374260560929	0.0957374260560929	0.0	0.1375
nonmonotone_score_main	371	1	0	0.16100747453370243	0.1413629067685888	0.1413629067685888	0.0	0.1375
nonmonotone_score_main	372	1	0	0.14457576677321643	0.12190992681650055	0.12190992681650055	0.0	0.1375
nonmonotone_score_main	373	1	0	0.1433298299772041	0.1208899940799334	0.1208899940799334	0.0	0.125
nonmonotone_score_main	374	1	0	0.15553788336600644	0.13062966926681815	0.13062966926681815	0.0	0.1375
nonmonotone_score_main	375	1	0	0.15685450440629942	0.12816926100957157	0.12816926100957157	0.0	0.125
nonmonotone_score_main	376	1	0	0.13852001797238356	0.11524422901548848	0.11524422901548848	0.0	0.1375
nonmonotone_score_main	377	1	0	0.18116256062718256	0.1649296574640583	0.1649296574640583	0.0	0.15
nonmonotone_score_main	378	1	0	0.1422508590913087	0.11945769758160407	0.11945769758160407	0.0	0.125
nonmonotone_score_main	379	1	0	0.12480763576180531	0.10474063618977567	0.10474063618977567	0.0	0.15
nonmonotone_score_main	380	1	0	0.16832330520074285	0.1477028097237877	0.1477028097237877	0.0	0.15
nonmonotone_score_main	381	1	0	0.14565600072075713	0.12571610638762062	0.12571610638762062	0.0	0.1375
nonmonotone_score_main	382	1	0	0.15970624985416493	0.13607841772152254	0.13607841772152254	0.0	0.1375
nonmonotone_score_main	383	1	0	0.1531555937000054	0.13019852384374528	0.13019852384374528	0.0	0.1375
nonmonotone_score_main	384	1	0	0.1629012791610868	0.1428077953368161	0.1428077953368161	0.0	0.1375
nonmonotone_score_main	385	1	0	0.1453728123170578	0.12702031808375452	0.12702031808375452	0.0	0.125
nonmonotone_score_main	386	1	0	0.1348185519026986	0.11198099172185452	0.11198099172185452	0.0	0.125
nonmonotone_score_main	387	1	0	0.16728454654240676	0.14693604854081765	0.14693604854081765	0.0	0.1375
nonmonotone_score_main	388	1	0	0.1632005302176996	0.14304066539656432	0.14304066539656432	0.0	0.125
nonmonotone_score_main	389	1	0	0.13655157458631625	0.11089629886178018	0.11089629886178018	0.0	0.1375
nonmonotone_score_main	390	1	0	0.17097402936705672	0.1523478638807937	0.1523478638807937	0.0	0.1375
nonmonotone_score_main	391	1	0	0.15577466784229133	0.14472585045278075	0.14472585045278075	0.0	0.1375
nonmonotone_score_main	392	1	0	0.14760599294784826	0.1270121879763909	0.1270121879763909	0.0	0.1375
nonmonotone_score_main	393	1	0	0.14337924523034845	0.12500148535220523	0.12500148535220523	0.0	0.125
nonmonotone_score_main	394	1	0	0.16727166479457373	0.1492991769331276	0.1492991769331276	0.0	0.1375
nonmonotone_score_main	395	1	0	0.15079334085825896	0.13368625190972214	0.13368625190972214	0.0	0.1375
nonmonotone_score_main	396	1	0	0.14774742489106302	0.12986141933782594	0.12986141933782594	0.0	0.1375
nonmonotone_score_main	397	1	0	0.16931118127788375	0.15590334891053587	0.15590334891053587	0.0	0.125
nonmonotone_score_main	398	1	0	0.1613208346258413	0.1396020258434095	0.1396020258434095	0.0	0.15
nonmonotone_score_main	399	1	0	0.1757431782720706	0.15454159341734375	0.15454159341734375	0.0	0.15
nonmonotone_score_main	400	1	0	0.17193723782703602	0.14650498638009285	0.14650498638009285	0.0	0.1375
nonmonotone_score_main	401	1	0	0.1406286324644789	0.11820680155869748	0.11820680155869748	0.0	0.125
nonmonotone_score_main	402	1	0	0.12370761362577257	0.10338895574640772	0.10338895574640772	0.0	0.15
nonmonotone_score_main	403	1	0	0.15936358994824573	0.14391003107340003	0.14391003107340003	0.0	0.1375
nonmonotone_score_main	404	1	0	0.14671986528243633	0.12531529458678436	0.12531529458678436	0.0	0.125
nonmonotone_score_main	405	1	0	0.15846140686172194	0.1350981903095315	0.1350981903095315	0.0	0.1375
nonmonotone_score_main	406	1	0	0.15506351115644257	0.13355543681022292	0.13355543681022292	0.0	0.1375
nonmonotone_score_main	407	1	0	0.15395218106549335	0.1313306736259425	0.1313306736259425	0.0	0.1375
nonmonotone_score_main	408	1	0	0.1275365678852331	0.10539898262280571	0.10539898262280571	0.0	0.1375
nonmonotone_score_main	409	1	0	0.15423852354829204	0.12769194088674776	0.12769194088674776	0.0	0.15
nonmonotone_score_main	410	1	0	0.16257238398438575	0.14737328998611576	0.14737328998611576	0.0	0.1375
nonmonotone_score_main	411	1	0	0.14498196890524934	0.12475791704079943	0.12475791704079943	0.0	0.1375
nonmonotone_score_main	412	1	0	0.16602499226973716	0.15166331617117423	0.15166331617117423	0.0	0.1375
nonmonotone_score_main	413	1	0	0.17885132569276463	0.16352404624574246	0.16352404624574246	0.0	0.125
nonmonotone_score_main	414	1	0	0.16104071402163445	0.14692975051888763	0.14692975051888763	0.0	0.15
nonmonotone_score_main	415	1	0	0.14272334303490067	0.11867359839615546	0.11867359839615546	0.0	0.15
nonmonotone_score_main	416	1	0	0.15879483634085112	0.14065651786500438	0.14065651786500438	0.0	0.125
nonmonotone_score_main	417	1	0	0.14011389709938957	0.11656287364754447	0.11656287364754447	0.0	0.1375
nonmonotone_score_main	418	1	0	0.13854268128745806	0.1209735644860049	0.1209735644860049	0.0	0.125
nonmonotone_score_main	419	1	0	0.14303457848637124	0.11518815381470895	0.11518815381470895	0.0	0.125
nonmonotone_score_main	420	1	0	0.13435205291901076	0.11761434570907328	0.11761434570907328	0.0	0.1375
nonmonotone_score_main	421	1	0	0.1493315873111809	0.12613384597834565	0.12613384597834565	0.0	0.1375
nonmonotone_score_main	422	1	0	0.1356294565368199	0.11720583953486573	0.11720583953486573	0.0	0.1375
nonmonotone_score_main	423	1	0	0.14024007747623068	0.11511091187422037	0.11511091187422037	0.0	0.15
nonmonotone_score_main	424	1	0	0.14386315745371586	0.1218928844702255	0.1218928844702255	0.0	0.1375
nonmonotone_score_main	425	1	0	0.1448285946726917	0.12264581989290314	0.12264581989290314	0.0	0.15
nonmonotone_score_main	426	1	0	0.1706009406429506	0.1502391443792311	0.1502391443792311	0.0	0.1375
nonmonotone_score_main	427	1	0	0.15465769280732022	0.1314426888937269	0.1314426888937269	0.0	0.125
nonmonotone_score_main	428	1	0	0.1365941845899465	0.1173288180823556	0.1173288180823556	0.0	0.1375
nonmonotone_score_main	429	1	0	0.14682979761864576	0.13044618437699373	0.13044618437699373	0.0	0.1375
nonmonotone_score_main	430	1	0	0.14190152762087963	0.12058713820327507	0.12058713820327507	0.0	0.1375
nonmonotone_score_main	431	1	0	0.14409784988942925	0.11791042674494792	0.11791042674494792	0.0	0.15
nonmonotone_score_main	432	1	0	0.15976974185648546	0.1392036211306598	0.1392036211306598	0.0	0.1375
nonmonotone_score_main	433	1	0	0.16526303252702892	0.14090384452956622	0.14090384452956622	0.0	0.15
nonmonotone_score_main	434	1	0	0.13724328808066397	0.11305317466476301	0.11305317466476301	0.0	0.15
nonmonotone_score_main	435	1	0	0.14376015111012633	0.12000587156249438	0.12000587156249438	0.0	0.15
nonmonotone_score_main	436	1	0	0.14120719965853917	0.12057323077353227	0.12057323077353227	0.0	0.1375
nonmonotone_score_main	437	1	0	0.1528164255886153	0.12928180288611718	0.12928180288611718	0.0	0.1375
nonmonotone_score_main	438	1	0	0.13779249130426074	0.11912937609675835	0.11912937609675835	0.0	0.15
nonmonotone_score_main	439	1	0	0.15111991984819861	0.13059729481340748	0.13059729481340748	0.0	0.125
nonmonotone_score_main	440	1	0	0.14622958652431034	0.12506129214728418	0.12506129214728418	0.0	0.15
nonmonotone_score_main	441	1	0	0.15235997718862976	0.13187254289234543	0.13187254289234543	0.0	0.125
nonmonotone_score_main	442	1	0	0.15973496262294207	0.13655142186674743	0.13655142186674743	0.0	0.1375
nonmonotone_score_main	443	1	0	0.1399705437798115	0.11873897101952102	0.11873897101952102	0.0	0.1375
nonmonotone_score_main	444	2	0	0.1700499342293058	0.15080959767264318	0.15080959767264318	0.0	0.1375
nonmonotone_score_main	445	1	0	0.1397495914726047	0.11885078014095823	0.11885078014095823	0.0	0.1625
nonmonotone_score_main	446	1	0	0.14763788463412944	0.12504762990431253	0.12504762990431253	0.0	0.1375
nonmonotone_score_main	447	1	0	0.1562371033103368	0.1386685764968706	0.1386685764968706	0.0	0.1375
nonmonotone_score_main	448	1	0	0.1561611132801337	0.12864066191111215	0.12864066191111215	0.0	0.125
nonmonotone_score_main	449	1	0	0.1348609259124683	0.11382997582554671	0.11382997582554671	0.0	0.125
nonmonotone_score_main	450	1	0	0.13992379093349122	0.11826923709285363	0.11826923709285363	0.0	0.1375
nonmonotone_score_main	451	1	0	0.14262782477020755	0.12058256448299731	0.12058256448299731	0.0	0.1375
nonmonotone_score_main	452	1	0	0.16770432891987658	0.15176934143844795	0.15176934143844795	0.0	0.1375
nonmonotone_score_main	453	1	0	0.16776591651984435	0.14437441356352168	0.14437441356352168	0.0	0.1375
nonmonotone_score_main	454	1	0	0.14678222722019577	0.12370711600577851	0.12370711600577851	0.0	0.1375
nonmonotone_score_main	455	1	0	0.15098811937302042	0.13008220829018213	0.13008220829018213	0.0	0.1375
nonmonotone_score_main	456	1	0	0.14917965748178824	0.12151803524536006	0.12151803524536006	0.0	0.1375
nonmonotone_score_main	457	1	0	0.14149173616437963	0.11766017178242144	0.11766017178242144	0.0	0.15
nonmonotone_score_main	458	1	0	0.15799758175917322	0.13301710690643234	0.13301710690643234	0.0	0.125
nonmonotone_score_main	459	1	0	0.1388468772777121	0.11290206811071651	0.11290206811071651	0.0	0.1375
nonmonotone_score_main	460	1	0	0.15541204345654902	0.13250614404130306	0.13250614404130306	0.0	0.15
nonmonotone_score_main	461	1	0	0.1365065560598248	0.11659819415694067	0.11659819415694067	0.0	0.1375
nonmonotone_score_main	462	1	0	0.15678556213509096	0.13516283218532535	0.13516283218532535	0.0	0.1375
nonmonotone_score_main	463	2	0	0.14669506006364347	0.12378881888727374	0.12378881888727374	0.0	0.1625
nonmonotone_score_main	464	1	0	0.13938924545302023	0.11329647615195582	0.11329647615195582	0.0	0.15
nonmonotone_score_main	465	1	0	0.1596724600546708	0.14150102339065945	0.14150102339065945	0.0	0.125
nonmonotone_score_main	466	1	0	0.16699319238119015	0.14720109242284857	0.14720109242284857	0.0	0.1375
nonmonotone_score_main	467	1	0	0.13022634700676627	0.10032673654989967	0.10032673654989967	0.0	0.1625
nonmonotone_score_main	468	1	0	0.1480590602313282	0.128766778808855	0.128766778808855	0.0	0.15
nonmonotone_score_main	469	1	0	0.14550320194439248	0.12282193879579124	0.12282193879579124	0.0	0.1375
nonmonotone_score_main	470	1	0	0.16475903600901728	0.14992282939188112	0.14992282939188112	0.0	0.1375
nonmonotone_score_main	471	1	0	0.153661250617443	0.1373247958846222	0.1373247958846222	0.0	0.1375
nonmonotone_score_main	472	1	0	0.1571052851251536	0.13509523191877618	0.13509523191877618	0.0	0.1375
nonmonotone_score_main	473	2	0	0.1749162757288918	0.15237455061687394	0.15237455061687394	0.0	0.15
nonmonotone_score_main	474	1	0	0.14329165672995733	0.11987241957190031	0.11987241957190031	0.0	0.1375
nonmonotone_score_main	475	1	0	0.13503820439332592	0.11099478821235265	0.11099478821235265	0.0	0.1375
nonmonotone_score_main	476	1	0	0.132085597646743	0.10345131189216489	0.10345131189216489	0.0	0.1375
nonmonotone_score_main	477	2	0	0.1621667487523794	0.14044016224946743	0.14044016224946743	0.0	0.1375
nonmonotone_score_main	478	1	0	0.15905439367971425	0.13762339531413798	0.13762339531413798	0.0	0.1375
nonmonotone_score_main	479	1	0	0.15368835151520288	0.12973740419198126	0.12973740419198126	0.0	0.1375
nonmonotone_score_main	480	1	0	0.15140684569246246	0.13608739262887395	0.13608739262887395	0.0	0.1375
nonmonotone_score_main	481	1	0	0.15095767002503963	0.1305648974942436	0.1305648974942436	0.0	0.1375
nonmonotone_score_main	482	1	0	0.1499611965027229	0.12972553199590278	0.12972553199590278	0.0	0.1375
nonmonotone_score_main	483	1	0	0.1575756682782548	0.13608607506900183	0.13608607506900183	0.0	0.1375
nonmonotone_score_main	484	1	0	0.1774257688812822	0.16023460845459198	0.16023460845459198	0.0	0.125
nonmonotone_score_main	485	1	0	0.1400051976515748	0.1257723301358964	0.1257723301358964	0.0	0.1375
nonmonotone_score_main	486	1	0	0.146152703490071	0.1229058773257701	0.1229058773257701	0.0	0.15
nonmonotone_score_main	487	1	0	0.16431840670745934	0.13435252955418026	0.13435252955418026	0.0	0.1375
nonmonotone_score_main	488	1	0	0.14176795193352884	0.12338846168220442	0.12338846168220442	0.0	0.1375
nonmonotone_score_main	489	1	0	0.1577819495755228	0.1392099377924958	0.1392099377924958	0.0	0.1375
nonmonotone_score_main	490	1	0	0.16743290490713356	0.14517567610402665	0.14517567610402665	0.0	0.125
nonmonotone_score_main	491	1	0	0.15419884095306227	0.13820303595748776	0.13820303595748776	0.0	0.1375
nonmonotone_score_main	492	1	0	0.14531662971682557	0.12023274112095982	0.12023274112095982	0.0	0.1375
nonmonotone_score_main	493	1	0	0.163316892878272	0.1393016818800379	0.1393016818800379	0.0	0.1375
nonmonotone_score_main	494	1	0	0.14225254488306427	0.12119154926409448	0.12119154926409448	0.0	0.1375
nonmonotone_score_main	495	1	0	0.1635940733812341	0.14283446193491794	0.14283446193491794	0.0	0.1375
nonmonotone_score_main	496	1	0	0.17705401685476208	0.15481195020956912	0.15481195020956912	0.0	0.1375
nonmonotone_score_main	497	1	0	0.17142239374791113	0.1481879657341062	0.1481879657341062	0.0	0.1375
nonmonotone_score_main	498	1	0	0.15484653781549257	0.13272554716551246	0.13272554716551246	0.0	0.1375
nonmonotone_score_main	499	1	0	0.14667324974137488	0.12408435738022384	0.12408435738022384	0.0	0.1375
nonmonotone_score_main	500	1	0	0.14971676774874002	0.13084748407844846	0.13084748407844846	0.0	0.1375
nonmonotone_score_main	501	1	0	0.15024043800431358	0.1270761331667729	0.1270761331667729	0.0	0.1375
nonmonotone_score_main	502	1	0	0.1528199517008553	0.12687550471808956	0.12687550471808956	0.0	0.1375
nonmonotone_score_main	503	1	0	0.16273980397833174	0.140894268508637	0.140894268508637	0.0	0.1375
nonmonotone_score_main	504	1	0	0.140211221372722	0.11938708520109467	0.11938708520109467	0.0	0.1375
nonmonotone_score_main	505	1	0	0.12781759799480918	0.097177699076686	0.097177699076686	0.0	0.1375
nonmonotone_score_main	506	1	0	0.17260332617793597	0.14501859004800668	0.14501859004800668	0.0	0.1375
nonmonotone_score_main	507	2	0	0.15731638695201855	0.1296158533543333	0.1296158533543333	0.0	0.15
nonmonotone_score_main	508	1	0	0.1653808222255158	0.1398775925564052	0.1398775925564052	0.0	0.15
nonmonotone_score_main	509	1	0	0.1435737620386644	0.1226525400597521	0.1226525400597521	0.0	0.125
nonmonotone_score_main	510	2	0	0.14183539418798047	0.1273327847354511	0.1273327847354511	0.0	0.15
nonmonotone_score_main	511	1	0	0.1539226739637347	0.13492846402416941	0.13492846402416941	0.0	0.125
nonmonotone_score_main	512	1	0	0.1540447540965499	0.1349738153541256	0.1349738153541256	0.0	0.125
nonmonotone_score_main	513	1	0	0.16972545648879722	0.14909008690387499	0.14909008690387499	0.0	0.1375
nonmonotone_score_main	514	1	0	0.13665341095446254	0.11880819038597559	0.11880819038597559	0.0	0.1375
nonmonotone_score_main	515	1	0	0.15501773039638464	0.1338494615740326	0.1338494615740326	0.0	0.1375
nonmonotone_score_main	516	2	0	0.1502183495382991	0.12440716321654788	0.12440716321654788	0.0	0.1375
nonmonotone_score_main	517	1	0	0.14056877223571382	0.115474250477721	0.115474250477721	0.0	0.125
nonmonotone_score_main	518	1	0	0.13972191338359333	0.1183403920018357	0.1183403920018357	0.0	0.15
nonmonotone_score_main	519	1	0	0.140386369462182	0.12324381209155966	0.12324381209155966	0.0	0.1375
nonmonotone_score_main	520	1	0	0.13187414422312557	0.10809570783143688	0.10809570783143688	0.0	0.15
nonmonotone_score_main	521	1	0	0.1501277695413695	0.12747567779610663	0.12747567779610663	0.0	0.1375
nonmonotone_score_main	522	1	0	0.1363772825709284	0.11303060058995298	0.11303060058995298	0.0	0.1375
nonmonotone_score_main	523	1	0	0.16455587440145625	0.14861202320957884	0.14861202320957884	0.0	0.1375
nonmonotone_score_main	524	1	0	0.14911858505415915	0.12888161826457523	0.12888161826457523	0.0	0.1625
nonmonotone_score_main	525	1	0	0.153926882255905	0.13685795898021402	0.13685795898021402	0.0	0.1375
nonmonotone_score_main	526	1	0	0.1835927085388755	0.16630922622948574	0.16630922622948574	0.0	0.1375
nonmonotone_score_main	527	1	0	0.1763370823077314	0.15744120838746734	0.15744120838746734	0.0	0.1375
nonmonotone_score_main	528	1	0	0.1613277914811259	0.13921569608193426	0.13921569608193426	0.0	0.125
nonmonotone_score_main	529	1	0	0.12927016670446034	0.11146218489924466	0.11146218489924466	0.0	0.15
nonmonotone_score_main	530	1	0	0.16136227363916628	0.14237055572548496	0.14237055572548496	0.0	0.1375
nonmonotone_score_main	531	1	0	0.1499724865778263	0.1334746113456977	0.1334746113456977	0.0	0.1375
nonmonotone_score_main	532	1	0	0.15137612438876452	0.1341532860551007	0.1341532860551007	0.0	0.125
nonmonotone_score_main	533	1	0	0.16336641219264286	0.13966215178189734	0.13966215178189734	0.0	0.1375
nonmonotone_score_main	534	1	0	0.16187437619880157	0.14534528267672725	0.14534528267672725	0.0	0.1375
nonmonotone_score_main	535	1	0	0.1447276852578187	0.12871694567740705	0.12871694567740705	0.0	0.125
nonmonotone_score_main	536	1	0	0.14831006814784875	0.1300515538681849	0.1300515538681849	0.0	0.15
nonmonotone_score_main	537	1	0	0.16802178131087242	0.151533661693834	0.151533661693834	0.0	0.1375
nonmonotone_score_main	538	1	0	0.16745834929307868	0.14277493106364608	0.14277493106364608	0.0	0.125
nonmonotone_score_main	539	1	0	0.14722038248910851	0.12436332718451992	0.12436332718451992	0.0	0.1375
nonmonotone_score_main	540	1	0	0.16757986904681513	0.15123726683283065	0.15123726683283065	0.0	0.1375
nonmonotone_score_main	541	1	0	0.14452407237406206	0.12600495144793766	0.12600495144793766	0.0	0.1375
nonmonotone_score_main	542	1	0	0.1861017009863725	0.16976861485556677	0.16976861485556677	0.0	0.15
nonmonotone_score_main	543	1	0	0.18150173141880127	0.16310604043612797	0.16310604043612797	0.0	0.1375
nonmonotone_score_main	544	1	0	0.14401643273712345	0.12801392883513893	0.12801392883513893	0.0	0.1375
nonmonotone_score_main	545	1	0	0.14453234507996313	0.12426083511750931	0.12426083511750931	0.0	0.1375
nonmonotone_score_main	546	1	0	0.14249340021462592	0.11691176750476702	0.11691176750476702	0.0	0.1375
nonmonotone_score_main	547	1	0	0.15529266690902915	0.1357679404631742	0.1357679404631742	0.0	0.1375
nonmonotone_score_main	548	1	0	0.11655442241658465	0.09646743679004222	0.09646743679004222	0.0	0.1375
nonmonotone_score_main	549	1	0	0.16770254758106123	0.14787529280134185	0.14787529280134185	0.0	0.125
nonmonotone_score_main	550	1	0	0.1343061948156123	0.11194154277374399	0.11194154277374399	0.0	0.1375
nonmonotone_score_main	551	1	0	0.13451270060824078	0.11429638777989849	0.11429638777989849	0.0	0.125
nonmonotone_score_main	552	2	0	0.13822754075801497	0.12220710340902004	0.12220710340902004	0.0	0.1375
nonmonotone_score_main	553	1	0	0.14793331106411464	0.1298515880630534	0.1298515880630534	0.0	0.1375
nonmonotone_score_main	554	1	0	0.16635918720902906	0.14236354877601762	0.14236354877601762	0.0	0.125
nonmonotone_score_main	555	1	0	0.14056510628720656	0.11692640588334943	0.11692640588334943	0.0	0.125
nonmonotone_score_main	556	1	0	0.14488513230620276	0.1248561414937786	0.1248561414937786	0.0	0.1375
nonmonotone_score_main	557	1	0	0.1430396912042567	0.1266849248093501	0.1266849248093501	0.0	0.125
nonmonotone_score_main	558	1	0	0.1484243617028285	0.13190371474827944	0.13190371474827944	0.0	0.125
nonmonotone_score_main	559	1	0	0.10473636380480858	0.08166534612038134	0.08166534612038134	0.0	0.125
nonmonotone_score_main	560	1	0	0.1336543160252483	0.1159720434558717	0.1159720434558717	0.0	0.125
nonmonotone_score_main	561	1	0	0.1595654754633665	0.14419470085128228	0.14419470085128228	0.0	0.1625
nonmonotone_score_main	562	1	0	0.1554170759759334	0.13970656952556	0.13970656952556	0.0	0.1375
nonmonotone_score_main	563	1	0	0.13698186240838345	0.11697217322493528	0.11697217322493528	0.0	0.15
nonmonotone_score_main	564	1	0	0.14033057561552087	0.11782415539195391	0.11782415539195391	0.0	0.15
nonmonotone_score_main	565	1	0	0.13536486056197736	0.11153488150218735	0.11153488150218735	0.0	0.125
nonmonotone_score_main	566	1	0	0.15271029882029868	0.1299027765666074	0.1299027765666074	0.0	0.1375
nonmonotone_score_main	567	2	0	0.15044930567035253	0.12700792517243564	0.12700792517243564	0.0	0.125
nonmonotone_score_main	568	1	0	0.13915629339504076	0.11585376229415568	0.11585376229415568	0.0	0.1375
nonmonotone_score_main	569	1	0	0.15190455335224295	0.1346653652438562	0.1346653652438562	0.0	0.15
nonmonotone_score_main	570	1	0	0.16525740772728717	0.1363796168972836	0.1363796168972836	0.0	0.1375
nonmonotone_score_main	571	1	0	0.1397021911556069	0.11573685000491743	0.11573685000491743	0.0	0.15
nonmonotone_score_main	572	1	0	0.17510198499375085	0.1570086606921392	0.1570086606921392	0.0	0.1625
nonmonotone_score_main	573	1	0	0.15817626292754955	0.1368952429402964	0.1368952429402964	0.0	0.1375
nonmonotone_score_main	574	1	0	0.1651408245292823	0.13962406557230156	0.13962406557230156	0.0	0.15
nonmonotone_score_main	575	1	0	0.144439719777661	0.1282215847010394	0.1282215847010394	0.0	0.1375
nonmonotone_score_main	576	1	0	0.16207030597057703	0.14031957485377222	0.14031957485377222	0.0	0.1375
nonmonotone_score_main	577	1	0	0.14908555989547997	0.1229797404810829	0.1229797404810829	0.0	0.15
nonmonotone_score_main	578	1	0	0.15436867818479894	0.13842874669194838	0.13842874669194838	0.0	0.125
nonmonotone_score_main	579	2	0	0.1294605889717133	0.1063495099695983	0.1063495099695983	0.0	0.15
nonmonotone_score_main	580	1	0	0.1427951265999054	0.12043329116147286	0.12043329116147286	0.0	0.1625
nonmonotone_score_main	581	1	0	0.13553958587571377	0.11594737134596225	0.11594737134596225	0.0	0.1375
nonmonotone_score_main	582	2	0	0.14959798083011	0.13499469954073104	0.13499469954073104	0.0	0.15
nonmonotone_score_main	583	1	0	0.15689559210680387	0.13761898903924744	0.13761898903924744	0.0	0.125
nonmonotone_score_main	584	1	0	0.14825120880111253	0.12690055883657186	0.12690055883657186	0.0	0.125
nonmonotone_score_main	585	1	0	0.14650272263942654	0.1259418861180437	0.1259418861180437	0.0	0.125
nonmonotone_score_main	586	1	0	0.15979885572709762	0.13523626601398966	0.13523626601398966	0.0	0.1375
nonmonotone_score_main	587	1	0	0.14427081112327672	0.12913652725806934	0.12913652725806934	0.0	0.1375
nonmonotone_score_main	588	1	0	0.14607205952580132	0.12997200330776787	0.12997200330776787	0.0	0.125
nonmonotone_score_main	589	1	0	0.16270128244998358	0.14191201378819915	0.14191201378819915	0.0	0.1375
nonmonotone_score_main	590	1	0	0.15672786818768236	0.13195573938551733	0.13195573938551733	0.0	0.125
nonmonotone_score_main	591	1	0	0.17763426270581825	0.16349738958996812	0.16349738958996812	0.0	0.1375
nonmonotone_score_main	592	1	0	0.13512417025818285	0.11701312306323733	0.11701312306323733	0.0	0.1375
nonmonotone_score_main	593	1	0	0.13013028828181342	0.11132348329159505	0.11132348329159505	0.0	0.1375
nonmonotone_score_main	594	1	0	0.1336116072405049	0.11127590107766243	0.11127590107766243	0.0	0.1375
nonmonotone_score_main	595	2	0	0.1372295575697946	0.11544181670217056	0.11544181670217056	0.0	0.15
nonmonotone_score_main	596	1	0	0.1463868928510647	0.12849415562797217	0.12849415562797217	0.0	0.1375
nonmonotone_score_main	597	1	0	0.14362226701954256	0.12362611150231499	0.12362611150231499	0.0	0.15
nonmonotone_score_main	598	1	0	0.16838000697810232	0.15071744525184352	0.15071744525184352	0.0	0.125
nonmonotone_score_main	599	1	0	0.15486708721445833	0.13335922485609825	0.13335922485609825	0.0	0.1375
nonmonotone_score_main	600	1	0	0.13919164783615814	0.11844602016633765	0.11844602016633765	0.0	0.1375
nonmonotone_score_main	601	1	0	0.15181899198515808	0.12840270607601967	0.12840270607601967	0.0	0.1375
nonmonotone_score_main	602	1	0	0.14563634924091756	0.12167169182785612	0.12167169182785612	0.0	0.1375
nonmonotone_score_main	603	1	0	0.1443928853845802	0.12307745334752523	0.12307745334752523	0.0	0.1375
nonmonotone_score_main	604	1	0	0.16365922297985766	0.1436680274263614	0.1436680274263614	0.0	0.125
nonmonotone_score_main	605	1	0	0.13661192096885857	0.11623233526583376	0.11623233526583376	0.0	0.1375
nonmonotone_score_main	606	1	0	0.14927692934528608	0.1233666824101617	0.1233666824101617	0.0	0.125
nonmonotone_score_main	607	1	0	0.13985113213084457	0.12117529803828284	0.12117529803828284	0.0	0.1375
nonmonotone_score_main	608	1	0	0.13392675686098562	0.11295872618227079	0.11295872618227079	0.0	0.1375
nonmonotone_score_main	609	1	0	0.1285429630908338	0.10901971627226818	0.10901971627226818	0.0	0.1375
nonmonotone_score_main	610	1	0	0.13077064448095949	0.11395094209925628	0.11395094209925628	0.0	0.1375
nonmonotone_score_main	611	1	0	0.1508031683060498	0.1319009271486058	0.1319009271486058	0.0	0.1375
nonmonotone_score_main	612	1	0	0.16352165329598947	0.1483241538093844	0.1483241538093844	0.0	0.1375
nonmonotone_score_main	613	1	0	0.16878685814867184	0.14885733296823642	0.14885733296823642	0.0	0.15
nonmonotone_score_main	614	1	0	0.15538870146770262	0.13231486799987152	0.13231486799987152	0.0	0.15
nonmonotone_score_main	615	1	0	0.14531079751854267	0.12828320469494445	0.12828320469494445	0.0	0.15
nonmonotone_score_main	616	2	0	0.15846818367188154	0.14153250857123353	0.14153250857123353	0.0	0.1375
nonmonotone_score_main	617	1	0	0.15444779614767223	0.13256606924064215	0.13256606924064215	0.0	0.1375
nonmonotone_score_main	618	1	0	0.1345116254732731	0.11049556241974368	0.11049556241974368	0.0	0.1375
nonmonotone_score_main	619	1	0	0.17372797683904356	0.15579269438577825	0.15579269438577825	0.0	0.1375
nonmonotone_score_main	620	1	0	0.14341891297892556	0.12964083566202755	0.12964083566202755	0.0	0.1375
nonmonotone_score_main	621	1	0	0.13728229665265113	0.11137582721399694	0.11137582721399694	0.0	0.1375
nonmonotone_score_main	622	1	0	0.1461295028797194	0.12647024680897812	0.12647024680897812	0.0	0.1375
nonmonotone_score_main	623	1	0	0.19602420317652386	0.1783586407299264	0.1783586407299264	0.0	0.1375
nonmonotone_score_main	624	1	0	0.1408977391097767	0.11706555427658516	0.11706555427658516	0.0	0.1375
nonmonotone_score_main	625	1	0	0.1522525262841391	0.1275049869408807	0.1275049869408807	0.0	0.125
nonmonotone_score_main	626	1	0	0.1381366487805771	0.11837397892983414	0.11837397892983414	0.0	0.1375
nonmonotone_score_main	627	1	0	0.14386670631895287	0.12213971895252602	0.12213971895252602	0.0	0.1375
nonmonotone_score_main	628	1	0	0.14684295074705161	0.12107478548482443	0.12107478548482443	0.0	0.125
nonmonotone_score_main	629	1	0	0.1331170405197944	0.11672805939011754	0.11672805939011754	0.0	0.125
nonmonotone_score_main	630	1	0	0.149338161121726	0.12835754071181377	0.12835754071181377	0.0	0.125
nonmonotone_score_main	631	1	0	0.15592332060179018	0.1357614908735271	0.1357614908735271	0.0	0.1375
nonmonotone_score_main	632	1	0	0.14113881415962665	0.12919049554102593	0.12919049554102593	0.0	0.125
nonmonotone_score_main	633	1	0	0.15538925816591526	0.13807654678891815	0.13807654678891815	0.0	0.1375
nonmonotone_score_main	634	1	0	0.1667909699398101	0.14697185208983393	0.14697185208983393	0.0	0.1125
nonmonotone_score_main	635	1	0	0.1426627851572001	0.12382136173264843	0.12382136173264843	0.0	0.1375
nonmonotone_score_main	636	1	0	0.1304769294412469	0.10354121514850706	0.10354121514850706	0.0	0.1375
nonmonotone_score_main	637	1	0	0.13952947791860443	0.11836761781322426	0.11836761781322426	0.0	0.125
nonmonotone_score_main	638	1	0	0.14283280551584904	0.12679559293755402	0.12679559293755402	0.0	0.125
nonmonotone_score_main	639	1	0	0.15389431186184033	0.1399021576200669	0.1399021576200669	0.0	0.125
nonmonotone_score_main	640	1	0	0.1554793626773564	0.12875748177922158	0.12875748177922158	0.0	0.1375
nonmonotone_score_main	641	1	0	0.1366095717583176	0.11395870630657876	0.11395870630657876	0.0	0.15
nonmonotone_score_main	642	1	0	0.14174366618155984	0.12475291138128561	0.12475291138128561	0.0	0.125
nonmonotone_score_main	643	1	0	0.17998675967381997	0.16127870930306865	0.16127870930306865	0.0	0.1375
nonmonotone_score_main	644	1	0	0.16584615723889534	0.14537841865280451	0.14537841865280451	0.0	0.15
nonmonotone_score_main	645	1	0	0.15071189178290625	0.13253866749337412	0.13253866749337412	0.0	0.1375
nonmonotone_score_main	646	1	0	0.1508137072168908	0.1275222717072459	0.1275222717072459	0.0	0.125
nonmonotone_score_main	647	1	0	0.1560484380247686	0.13281712572907345	0.13281712572907345	0.0	0.1375
nonmonotone_score_main	648	1	0	0.15850433202615635	0.14682225265356416	0.14682225265356416	0.0	0.15
nonmonotone_score_main	649	1	0	0.13739090528010472	0.11120271116229832	0.11120271116229832	0.0	0.1375
nonmonotone_score_main	650	2	0	0.15866787285560136	0.13867251133631334	0.13867251133631334	0.0	0.15
nonmonotone_score_main	651	1	0	0.15113210185244122	0.13467001272957854	0.13467001272957854	0.0	0.125
nonmonotone_score_main	652	1	0	0.14416725334106256	0.12463193278891617	0.12463193278891617	0.0	0.1375
nonmonotone_score_main	653	1	0	0.15426589686373438	0.13754108838634307	0.13754108838634307	0.0	0.1375
nonmonotone_score_main	654	1	0	0.139235477331908	0.11630831905758865	0.11630831905758865	0.0	0.1375
nonmonotone_score_main	655	1	0	0.17627566478706058	0.15491758628132574	0.15491758628132574	0.0	0.1375
nonmonotone_score_main	656	1	0	0.15939480216477314	0.13817433338910132	0.13817433338910132	0.0	0.1375
nonmonotone_score_main	657	1	0	0.14434849572039296	0.1270556765822399	0.1270556765822399	0.0	0.1375
nonmonotone_score_main	658	1	0	0.15350592825775983	0.13731975691457532	0.13731975691457532	0.0	0.1375
nonmonotone_score_main	659	2	0	0.15838169118171724	0.13021910975829065	0.13021910975829065	0.0	0.15
nonmonotone_score_main	660	1	0	0.15239458290795832	0.13530647235133875	0.13530647235133875	0.0	0.1375
nonmonotone_score_main	661	1	0	0.13960474039006338	0.11862878459822167	0.11862878459822167	0.0	0.1375
nonmonotone_score_main	662	2	0	0.14841283918666878	0.1288229051308835	0.1288229051308835	0.0	0.1375
nonmonotone_score_main	663	1	0	0.1456185490512341	0.124635242008689	0.124635242008689	0.0	0.125
nonmonotone_score_main	664	1	0	0.1382765828141839	0.11729208154917832	0.11729208154917832	0.0	0.15
nonmonotone_score_main	665	1	0	0.1400870131556267	0.1203363474436811	0.1203363474436811	0.0	0.1375
nonmonotone_score_main	666	1	0	0.1282627528466535	0.10775032652511457	0.10775032652511457	0.0	0.1375
nonmonotone_score_main	667	1	0	0.16860310456493227	0.14315591174428158	0.14315591174428158	0.0	0.1375
nonmonotone_score_main	668	1	0	0.15226072541320973	0.13022730610040084	0.13022730610040084	0.0	0.1375
nonmonotone_score_main	669	3	0	0.1289713552327705	0.11391431662596513	0.11391431662596513	0.0	0.15
nonmonotone_score_main	670	1	0	0.15192503781168626	0.12280720031237138	0.12280720031237138	0.0	0.1375
nonmonotone_score_main	671	1	0	0.1563839451740131	0.1352262210190809	0.1352262210190809	0.0	0.125
nonmonotone_score_main	672	1	0	0.15017430719834807	0.12560845422217304	0.12560845422217304	0.0	0.125
nonmonotone_score_main	673	1	0	0.15032220343648833	0.12576794992298107	0.12576794992298107	0.0	0.1375
nonmonotone_score_main	674	1	0	0.15399111336575083	0.1348063489645444	0.1348063489645444	0.0	0.1375
nonmonotone_score_main	675	1	0	0.1670226073019483	0.15269814187920155	0.15269814187920155	0.0	0.1375
nonmonotone_score_main	676	1	0	0.1408654557929983	0.12142174311186536	0.12142174311186536	0.0	0.1375
nonmonotone_score_main	677	1	0	0.13948786475082992	0.12318704935513677	0.12318704935513677	0.0	0.15
nonmonotone_score_main	678	1	0	0.13123885501555005	0.10422049951927675	0.10422049951927675	0.0	0.1375
nonmonotone_score_main	679	1	0	0.14544853612233452	0.12509763104677718	0.12509763104677718	0.0	0.125
nonmonotone_score_main	680	1	0	0.11951157681289022	0.10000504657001483	0.10000504657001483	0.0	0.15
nonmonotone_score_main	681	1	0	0.1506752987999444	0.12922729511983128	0.12922729511983128	0.0	0.1375
nonmonotone_score_main	682	1	0	0.1556465667018981	0.13531185094108666	0.13531185094108666	0.0	0.1375
nonmonotone_score_main	683	1	0	0.1666606613914873	0.14909827391839411	0.14909827391839411	0.0	0.1375
nonmonotone_score_main	684	1	0	0.16006453231866158	0.14225721517663587	0.14225721517663587	0.0	0.1375
nonmonotone_score_main	685	1	0	0.14585122995254376	0.13120766218304977	0.13120766218304977	0.0	0.125
nonmonotone_score_main	686	1	0	0.13525199002306218	0.11208058098639573	0.11208058098639573	0.0	0.1625
nonmonotone_score_main	687	1	0	0.15242102587918605	0.12817567490981266	0.12817567490981266	0.0	0.1375
nonmonotone_score_main	688	1	0	0.15562253149440003	0.13496877501041096	0.13496877501041096	0.0	0.1375
nonmonotone_score_main	689	1	0	0.15205251852377	0.1347038468746644	0.1347038468746644	0.0	0.1375
nonmonotone_score_main	690	1	0	0.14577302981003737	0.12689265339156874	0.12689265339156874	0.0	0.1375
nonmonotone_score_main	691	1	0	0.15407911731590984	0.1338364113557546	0.1338364113557546	0.0	0.15
nonmonotone_score_main	692	1	0	0.14175511526218734	0.115355709047571	0.115355709047571	0.0	0.1375
nonmonotone_score_main	693	1	0	0.15182432238922947	0.1345824540639681	0.1345824540639681	0.0	0.125
nonmonotone_score_main	694	1	0	0.1508599889188765	0.12795530180723177	0.12795530180723177	0.0	0.15
nonmonotone_score_main	695	1	0	0.15120718636201025	0.1399573067212179	0.1399573067212179	0.0	0.15
nonmonotone_score_main	696	1	0	0.12303292217917271	0.10115281496979156	0.10115281496979156	0.0	0.1375
nonmonotone_score_main	697	1	0	0.15934167828082066	0.13086420903486484	0.13086420903486484	0.0	0.1375
nonmonotone_score_main	698	1	0	0.13952835051493623	0.12121013352866665	0.12121013352866665	0.0	0.1375
nonmonotone_score_main	699	1	0	0.129798745995452	0.10568903911455033	0.10568903911455033	0.0	0.1375
nonmonotone_score_main	700	1	0	0.1362746402701631	0.11603934128711586	0.11603934128711586	0.0	0.1625
nonmonotone_score_main	701	1	0	0.12281422668442019	0.10655593610919092	0.10655593610919092	0.0	0.1375
nonmonotone_score_main	702	1	0	0.1380297054285815	0.11692659735455418	0.11692659735455418	0.0	0.1375
nonmonotone_score_main	703	1	0	0.13770307673795712	0.11452883441444282	0.11452883441444282	0.0	0.15
nonmonotone_score_main	704	1	0	0.16606279946702365	0.14834032395416055	0.14834032395416055	0.0	0.1375
nonmonotone_score_main	705	1	0	0.17468538767080233	0.15300238288804072	0.15300238288804072	0.0	0.1375
nonmonotone_score_main	706	1	0	0.1472033319939289	0.12526691590312589	0.12526691590312589	0.0	0.15
nonmonotone_score_main	707	1	0	0.13723403340609303	0.11565066747507047	0.11565066747507047	0.0	0.125
nonmonotone_score_main	708	1	0	0.14706005068707323	0.12208894800030021	0.12208894800030021	0.0	0.1375
nonmonotone_score_main	709	1	0	0.14105309299123187	0.12113064612971766	0.12113064612971766	0.0	0.1375
nonmonotone_score_main	710	1	0	0.14369483321081605	0.12147009436783596	0.12147009436783596	0.0	0.125
nonmonotone_score_main	711	1	0	0.1559866659394652	0.13948678409478066	0.13948678409478066	0.0	0.1375
nonmonotone_score_main	712	1	0	0.16436500468823062	0.14004123259777837	0.14004123259777837	0.0	0.15
nonmonotone_score_main	713	1	0	0.12764691038335096	0.10741807669397067	0.10741807669397067	0.0	0.1375
nonmonotone_score_main	714	1	0	0.13147450284942153	0.11330066479923102	0.11330066479923102	0.0	0.15
nonmonotone_score_main	715	1	0	0.15097138699578214	0.1287160920894257	0.1287160920894257	0.0	0.125
nonmonotone_score_main	716	1	0	0.1610773074720767	0.14752655429397815	0.14752655429397815	0.0	0.1375
nonmonotone_score_main	717	1	0	0.1264216575679512	0.10988648445007766	0.10988648445007766	0.0	0.1375
nonmonotone_score_main	718	1	0	0.14397844884904468	0.11979817835551493	0.11979817835551493	0.0	0.1375
nonmonotone_score_main	719	1	0	0.15247422186452392	0.1260154364453941	0.1260154364453941	0.0	0.1375
nonmonotone_score_main	720	1	0	0.1683173387052049	0.14955914785756563	0.14955914785756563	0.0	0.1375
nonmonotone_score_main	721	1	0	0.14802470588233768	0.13328261038390368	0.13328261038390368	0.0	0.125
nonmonotone_score_main	722	1	0	0.1596802341557522	0.13969875442736274	0.13969875442736274	0.0	0.1375
nonmonotone_score_main	723	1	0	0.14908739122343814	0.13318561029481718	0.13318561029481718	0.0	0.1375
nonmonotone_score_main	724	1	0	0.12991782611988484	0.10987566371305726	0.10987566371305726	0.0	0.1375
nonmonotone_score_main	725	1	0	0.15491450012356325	0.13739242044436262	0.13739242044436262	0.0	0.1375
nonmonotone_score_main	726	1	0	0.14382699186198683	0.12402563709641984	0.12402563709641984	0.0	0.1375
nonmonotone_score_main	727	1	0	0.14524623476690984	0.127410669248556	0.127410669248556	0.0	0.1375
nonmonotone_score_main	728	1	0	0.13792306609457652	0.11422263924605545	0.11422263924605545	0.0	0.15
nonmonotone_score_main	729	1	0	0.1616665487728236	0.13903581405365584	0.13903581405365584	0.0	0.1375
nonmonotone_score_main	730	1	0	0.1454353697381584	0.12500917398036332	0.12500917398036332	0.0	0.1375
nonmonotone_score_main	731	1	0	0.165814591604309	0.15005494306764036	0.15005494306764036	0.0	0.125
nonmonotone_score_main	732	1	0	0.14690161424835863	0.13014503506291084	0.13014503506291084	0.0	0.1375
nonmonotone_score_main	733	1	0	0.14134531945472306	0.11910283153918871	0.11910283153918871	0.0	0.125
nonmonotone_score_main	734	1	0	0.13011931470180768	0.10953761754502589	0.10953761754502589	0.0	0.1375
nonmonotone_score_main	735	1	0	0.15197174869010993	0.13074164306686792	0.13074164306686792	0.0	0.1375
nonmonotone_score_main	736	1	0	0.15084216750836027	0.13206153225719355	0.13206153225719355	0.0	0.15
nonmonotone_score_main	737	1	0	0.14783995120155619	0.1280182388868084	0.1280182388868084	0.0	0.125
nonmonotone_score_main	738	1	0	0.15901008887927376	0.14063399631898713	0.14063399631898713	0.0	0.1375
nonmonotone_score_main	739	1	0	0.15119239734612197	0.1318317579496524	0.1318317579496524	0.0	0.125
nonmonotone_score_main	740	1	0	0.15662913881188784	0.137554797240771	0.137554797240771	0.0	0.1375
nonmonotone_score_main	741	1	0	0.15528807373796483	0.13402530344994146	0.13402530344994146	0.0	0.125
nonmonotone_score_main	742	1	0	0.1343023764215957	0.1048497405200339	0.1048497405200339	0.0	0.1375
nonmonotone_score_main	743	1	0	0.14660569241424862	0.1274060541554987	0.1274060541554987	0.0	0.1375
nonmonotone_score_main	744	1	0	0.13936752927969265	0.12177855044290688	0.12177855044290688	0.0	0.1375
nonmonotone_score_main	745	1	0	0.16741242895732972	0.15046178088729628	0.15046178088729628	0.0	0.125
nonmonotone_score_main	746	1	0	0.13570926960921847	0.12109858085751049	0.12109858085751049	0.0	0.1375
nonmonotone_score_main	747	1	0	0.13399510767303202	0.11282265665631735	0.11282265665631735	0.0	0.125
nonmonotone_score_main	748	1	0	0.16271908215574415	0.14380419036700576	0.14380419036700576	0.0	0.1375
nonmonotone_score_main	749	1	0	0.12828361597587984	0.10394663020318462	0.10394663020318462	0.0	0.1375
nonmonotone_score_main	750	1	0	0.14682192167282812	0.12944206100214414	0.12944206100214414	0.0	0.1375
nonmonotone_score_main	751	1	0	0.1409912217027302	0.11591736484220391	0.11591736484220391	0.0	0.1375
nonmonotone_score_main	752	1	0	0.12696769534032842	0.10448360705980683	0.10448360705980683	0.0	0.125
nonmonotone_score_main	753	1	0	0.16567627345226743	0.14743795720227237	0.14743795720227237	0.0	0.1375
nonmonotone_score_main	754	1	0	0.15567861595327515	0.12978414848678055	0.12978414848678055	0.0	0.125
nonmonotone_score_main	755	1	0	0.1467623771587408	0.1270945830470005	0.1270945830470005	0.0	0.1375
nonmonotone_score_main	756	1	0	0.14891560487921002	0.12345842570745104	0.12345842570745104	0.0	0.1375
nonmonotone_score_main	757	1	0	0.14614686069402785	0.12689935922806772	0.12689935922806772	0.0	0.1375
nonmonotone_score_main	758	1	0	0.13402160849876488	0.10603523295133913	0.10603523295133913	0.0	0.1375
nonmonotone_score_main	759	1	0	0.15597490503376119	0.13481980000265273	0.13481980000265273	0.0	0.1375
nonmonotone_score_main	760	1	0	0.14897805133000552	0.13065872662704736	0.13065872662704736	0.0	0.1375
nonmonotone_score_main	761	1	0	0.12635096516801736	0.1063084874277078	0.1063084874277078	0.0	0.15
nonmonotone_score_main	762	1	0	0.14951678341969013	0.1293541638622024	0.1293541638622024	0.0	0.125
nonmonotone_score_main	763	1	0	0.14979546949704337	0.12905345378983596	0.12905345378983596	0.0	0.1375
nonmonotone_score_main	764	1	0	0.12772529445165515	0.1018653497501589	0.1018653497501589	0.0	0.1375
nonmonotone_score_main	765	1	0	0.17357008970426646	0.15446434660461822	0.15446434660461822	0.0	0.125
nonmonotone_score_main	766	1	0	0.14478022424910236	0.12417966891795092	0.12417966891795092	0.0	0.125
nonmonotone_score_main	767	1	0	0.16665263525810314	0.150095402578019	0.150095402578019	0.0	0.125
nonmonotone_score_main	768	1	0	0.1555323970409491	0.14175902185710054	0.14175902185710054	0.0	0.1375
nonmonotone_score_main	769	1	0	0.1401804152075557	0.11925707421874146	0.11925707421874146	0.0	0.1375
nonmonotone_score_main	770	1	0	0.14189350464142797	0.12323689495476728	0.12323689495476728	0.0	0.1375
nonmonotone_score_main	771	1	0	0.1461315108338488	0.12552335797323377	0.12552335797323377	0.0	0.15
nonmonotone_score_main	772	1	0	0.13300578600972646	0.10929786412534709	0.10929786412534709	0.0	0.1375
nonmonotone_score_main	773	1	0	0.15285489906095082	0.1288098081012993	0.1288098081012993	0.0	0.1375
nonmonotone_score_main	774	1	0	0.15414355030203492	0.13388271182708777	0.13388271182708777	0.0	0.125
nonmonotone_score_main	775	1	0	0.1567252356229164	0.13265109948559495	0.13265109948559495	0.0	0.1375
nonmonotone_score_main	776	1	0	0.15189026775292633	0.13511182583068906	0.13511182583068906	0.0	0.1375
nonmonotone_score_main	777	1	0	0.14642811617036036	0.1281499320825772	0.1281499320825772	0.0	0.1375
nonmonotone_score_main	778	1	0	0.12669685903233896	0.10672506782698732	0.10672506782698732	0.0	0.1375
nonmonotone_score_main	779	1	0	0.13419026111458143	0.12035144856270424	0.12035144856270424	0.0	0.1375
nonmonotone_score_main	780	2	0	0.13087786378890923	0.10888719465367312	0.10888719465367312	0.0	0.175
nonmonotone_score_main	781	1	0	0.13525496297041192	0.1088557725920774	0.1088557725920774	0.0	0.1375
nonmonotone_score_main	782	1	0	0.14639427126804774	0.12327658670464119	0.12327658670464119	0.0	0.1375
nonmonotone_score_main	783	1	0	0.15891391358176035	0.14244708199197142	0.14244708199197142	0.0	0.1375
nonmonotone_score_main	784	1	0	0.15580536439329096	0.1367114181377853	0.1367114181377853	0.0	0.1375
nonmonotone_score_main	785	1	0	0.1467447445495295	0.12187496611043568	0.12187496611043568	0.0	0.125
nonmonotone_score_main	786	1	0	0.1642882466450323	0.13742094006416503	0.13742094006416503	0.0	0.1375
nonmonotone_score_main	787	1	0	0.17094719026832633	0.15802171556473427	0.15802171556473427	0.0	0.1375
nonmonotone_score_main	788	1	0	0.15712871597943423	0.14351302731415588	0.14351302731415588	0.0	0.1375
nonmonotone_score_main	789	1	0	0.15626125630298557	0.13731304203514336	0.13731304203514336	0.0	0.15
nonmonotone_score_main	790	1	0	0.14319847919093082	0.12243439339806084	0.12243439339806084	0.0	0.125
nonmonotone_score_main	791	1	0	0.1444449079138129	0.1262171478243066	0.1262171478243066	0.0	0.15
nonmonotone_score_main	792	1	0	0.1360595801875792	0.11293573365729472	0.11293573365729472	0.0	0.1375
nonmonotone_score_main	793	1	0	0.18195688225553378	0.16868522088358986	0.16868522088358986	0.0	0.1375
nonmonotone_score_main	794	1	0	0.13280840919975714	0.11227636797575699	0.11227636797575699	0.0	0.15
nonmonotone_score_main	795	1	0	0.14003759317886663	0.11776627892101098	0.11776627892101098	0.0	0.15
nonmonotone_score_main	796	1	0	0.13664029060191274	0.11390407917621578	0.11390407917621578	0.0	0.15
nonmonotone_score_main	797	1	0	0.1271158374556427	0.10259626608059397	0.10259626608059397	0.0	0.15
nonmonotone_score_main	798	2	0	0.1376406048812964	0.11645809048740575	0.11645809048740575	0.0	0.15
nonmonotone_score_main	799	1	0	0.15441005790289858	0.1350520274987299	0.1350520274987299	0.0	0.1375
nonmonotone_score_main	800	1	0	0.15802671555447606	0.13314746862787072	0.13314746862787072	0.0	0.125
nonmonotone_score_main	801	1	0	0.15994387223186363	0.13831543179578695	0.13831543179578695	0.0	0.125
nonmonotone_score_main	802	1	0	0.13828245643037712	0.11333187427378172	0.11333187427378172	0.0	0.1375
nonmonotone_score_main	803	1	0	0.12362015180763261	0.10144264022340455	0.10144264022340455	0.0	0.15
nonmonotone_score_main	804	1	0	0.16010317505269944	0.14168948563169712	0.14168948563169712	0.0	0.1375
nonmonotone_score_main	805	1	0	0.1736434404783759	0.15474875356865864	0.15474875356865864	0.0	0.1375
nonmonotone_score_main	806	1	0	0.1466527345707549	0.12981426849011513	0.12981426849011513	0.0	0.1375
nonmonotone_score_main	807	1	0	0.12878270331058314	0.1039312114236314	0.1039312114236314	0.0	0.1375
nonmonotone_score_main	808	1	0	0.16266828491974547	0.1452810373602556	0.1452810373602556	0.0	0.1375
nonmonotone_score_main	809	1	0	0.13124616314128446	0.11244899643677744	0.11244899643677744	0.0	0.15
nonmonotone_score_main	810	1	0	0.1425192645340897	0.1224318044061141	0.1224318044061141	0.0	0.125
nonmonotone_score_main	811	1	0	0.13749189887613733	0.11485491146110838	0.11485491146110838	0.0	0.1375
nonmonotone_score_main	812	1	0	0.15092561749622038	0.1307848621292973	0.1307848621292973	0.0	0.1375
nonmonotone_score_main	813	1	0	0.16211747984285643	0.13790385811226455	0.13790385811226455	0.0	0.15
nonmonotone_score_main	814	1	0	0.1486017188303233	0.12720472204717714	0.12720472204717714	0.0	0.15
nonmonotone_score_main	815	1	0	0.16136385459679436	0.13836639593080746	0.13836639593080746	0.0	0.125
nonmonotone_score_main	816	1	0	0.18123696689983398	0.15764421369508388	0.15764421369508388	0.0	0.125
nonmonotone_score_main	817	1	0	0.1469182697253567	0.12163232349148617	0.12163232349148617	0.0	0.1375
nonmonotone_score_main	818	1	0	0.14473234166219973	0.1250116528078716	0.1250116528078716	0.0	0.15
nonmonotone_score_main	819	1	0	0.13327005524458424	0.10752520383412739	0.10752520383412739	0.0	0.15
nonmonotone_score_main	820	1	0	0.14983016951371103	0.1246118028630614	0.1246118028630614	0.0	0.1375
nonmonotone_score_main	821	1	0	0.15766975562052624	0.13633512769528414	0.13633512769528414	0.0	0.1625
nonmonotone_score_main	822	1	0	0.14600443900715593	0.12487357118726322	0.12487357118726322	0.0	0.1375
nonmonotone_score_main	823	1	0	0.13517676663735081	0.11508958554126027	0.11508958554126027	0.0	0.1375
nonmonotone_score_main	824	1	0	0.15878586876802359	0.1355780589487803	0.1355780589487803	0.0	0.15
nonmonotone_score_main	825	1	0	0.13247489724600933	0.10808061268222288	0.10808061268222288	0.0	0.1375
nonmonotone_score_main	826	1	0	0.15135716791442552	0.12901192671829037	0.12901192671829037	0.0	0.1375
nonmonotone_score_main	827	1	0	0.13792536861198418	0.11727278123607111	0.11727278123607111	0.0	0.1375
nonmonotone_score_main	828	1	0	0.13489342755049744	0.11653974818749255	0.11653974818749255	0.0	0.1375
nonmonotone_score_main	829	1	0	0.13855989128164556	0.12067672677475932	0.12067672677475932	0.0	0.125
nonmonotone_score_main	830	1	0	0.16616963779533342	0.14853755859718026	0.14853755859718026	0.0	0.1375
nonmonotone_score_main	831	1	0	0.15984652130842153	0.14338646471795194	0.14338646471795194	0.0	0.1375
nonmonotone_score_main	832	1	0	0.13148964412926556	0.10810910530616782	0.10810910530616782	0.0	0.15
nonmonotone_score_main	833	1	0	0.14820884988925592	0.12405576525247156	0.12405576525247156	0.0	0.1375
nonmonotone_score_main	834	1	0	0.14974469302904536	0.13681139271071402	0.13681139271071402	0.0	0.125
nonmonotone_score_main	835	1	0	0.1520354497620685	0.13150258157431338	0.13150258157431338	0.0	0.15
nonmonotone_score_main	836	1	0	0.16388116161690414	0.1403781625559215	0.1403781625559215	0.0	0.125
nonmonotone_score_main	837	1	0	0.14688694963022136	0.12176226306777972	0.12176226306777972	0.0	0.1375
nonmonotone_score_main	838	1	0	0.15281550139115502	0.12974881836686747	0.12974881836686747	0.0	0.15
nonmonotone_score_main	839	1	0	0.14563257907557076	0.12279458576464483	0.12279458576464483	0.0	0.125
nonmonotone_score_main	840	1	0	0.1714674801857191	0.15701719174687456	0.15701719174687456	0.0	0.1375
nonmonotone_score_main	841	1	0	0.13092794115154988	0.11439878791361957	0.11439878791361957	0.0	0.15
nonmonotone_score_main	842	1	0	0.12820501723559408	0.110681677421109	0.110681677421109	0.0	0.1375
nonmonotone_score_main	843	1	0	0.13543212403379118	0.10328890999865332	0.10328890999865332	0.0	0.15
nonmonotone_score_main	844	1	0	0.15643480729190215	0.13533416973465695	0.13533416973465695	0.0	0.1375
nonmonotone_score_main	845	1	0	0.14941546215428608	0.13089008849043332	0.13089008849043332	0.0	0.125
nonmonotone_score_main	846	1	0	0.16381000583967859	0.14759698381881836	0.14759698381881836	0.0	0.125
nonmonotone_score_main	847	1	0	0.1654595659943182	0.14813712215600214	0.14813712215600214	0.0	0.125
nonmonotone_score_main	848	1	0	0.13421174055393834	0.11311552297497682	0.11311552297497682	0.0	0.125
nonmonotone_score_main	849	1	0	0.14466707871477236	0.11814341671145441	0.11814341671145441	0.0	0.1375
nonmonotone_score_main	850	1	0	0.15572745406166597	0.13231427131142937	0.13231427131142937	0.0	0.1375
nonmonotone_score_main	851	1	0	0.15660539030703224	0.1355408992093555	0.1355408992093555	0.0	0.1375
nonmonotone_score_main	852	1	0	0.17216688777937073	0.15284282986517644	0.15284282986517644	0.0	0.1375
nonmonotone_score_main	853	1	0	0.14745272404495494	0.1212048653236789	0.1212048653236789	0.0	0.125
nonmonotone_score_main	854	2	0	0.1422557355899567	0.11844131504277967	0.11844131504277967	0.0	0.1375
nonmonotone_score_main	855	1	0	0.14353418805027196	0.12542060309340894	0.12542060309340894	0.0	0.1375
nonmonotone_score_main	856	1	0	0.14409843516394025	0.11746073081334993	0.11746073081334993	0.0	0.1375
nonmonotone_score_main	857	1	0	0.15480061031401637	0.1364800437345869	0.1364800437345869	0.0	0.1375
nonmonotone_score_main	858	1	0	0.144871093184808	0.12526389155846687	0.12526389155846687	0.0	0.125
nonmonotone_score_main	859	1	0	0.1626264852207659	0.1418295064459804	0.1418295064459804	0.0	0.1375
nonmonotone_score_main	860	1	0	0.15138381235945683	0.13347415889594189	0.13347415889594189	0.0	0.1375
nonmonotone_score_main	861	1	0	0.14415454157233074	0.12152192935652545	0.12152192935652545	0.0	0.125
nonmonotone_score_main	862	1	0	0.16334621411332212	0.1489241792826273	0.1489241792826273	0.0	0.15
nonmonotone_score_main	863	1	0	0.1609701645108996	0.14247121001259433	0.14247121001259433	0.0	0.1375
nonmonotone_score_main	864	1	0	0.13793149445558772	0.1180470461121325	0.1180470461121325	0.0	0.15
nonmonotone_score_main	865	1	0	0.1509879515982946	0.13032349335739468	0.13032349335739468	0.0	0.1375
nonmonotone_score_main	866	1	0	0.16647671378284207	0.1515012235187047	0.1515012235187047	0.0	0.15
nonmonotone_score_main	867	1	0	0.17802489363207197	0.1592516221685957	0.1592516221685957	0.0	0.15
nonmonotone_score_main	868	1	0	0.14834460742993594	0.13067912160700118	0.13067912160700118	0.0	0.1375
nonmonotone_score_main	869	2	0	0.15059697823832605	0.13188119980909185	0.13188119980909185	0.0	0.15
nonmonotone_score_main	870	1	0	0.13624667534645515	0.11426666677216882	0.11426666677216882	0.0	0.15
nonmonotone_score_main	871	1	0	0.13904082671134854	0.11711906397016059	0.11711906397016059	0.0	0.1375
nonmonotone_score_main	872	1	0	0.1535115037497916	0.13529066303357845	0.13529066303357845	0.0	0.1375
nonmonotone_score_main	873	1	0	0.13952341475647068	0.11109518232762558	0.11109518232762558	0.0	0.1375
nonmonotone_score_main	874	1	0	0.14764757438084056	0.12985714957407982	0.12985714957407982	0.0	0.125
nonmonotone_score_main	875	1	0	0.17742844204580144	0.1618677416353288	0.1618677416353288	0.0	0.1375
nonmonotone_score_main	876	1	0	0.16227215134648104	0.14245398269128426	0.14245398269128426	0.0	0.1375
nonmonotone_score_main	877	2	0	0.1386152593571532	0.11728080923648587	0.11728080923648587	0.0	0.1625
nonmonotone_score_main	878	1	0	0.14703027294496673	0.12968419365645759	0.12968419365645759	0.0	0.1375
nonmonotone_score_main	879	1	0	0.16521447536676317	0.15113500577000744	0.15113500577000744	0.0	0.1375
nonmonotone_score_main	880	1	0	0.13309132852551092	0.11207792049594176	0.11207792049594176	0.0	0.125
nonmonotone_score_main	881	1	0	0.14604265242132553	0.1229203907399878	0.1229203907399878	0.0	0.125
nonmonotone_score_main	882	1	0	0.14831903742406305	0.12614570571048245	0.12614570571048245	0.0	0.15
nonmonotone_score_main	883	1	0	0.1242575663458449	0.10070971495814941	0.10070971495814941	0.0	0.1375
nonmonotone_score_main	884	1	0	0.16036105063778788	0.13499447709936127	0.13499447709936127	0.0	0.1375
nonmonotone_score_main	885	1	0	0.13760385082137822	0.11688973424038668	0.11688973424038668	0.0	0.1375
nonmonotone_score_main	886	1	0	0.13831966631193754	0.11649810734248037	0.11649810734248037	0.0	0.1375
nonmonotone_score_main	887	1	0	0.16096826635664424	0.13940570202071406	0.13940570202071406	0.0	0.1375
nonmonotone_score_main	888	1	0	0.16254104363331975	0.14132537295585446	0.14132537295585446	0.0	0.1375
nonmonotone_score_main	889	1	0	0.16583312161777214	0.142463017212213	0.142463017212213	0.0	0.1375
nonmonotone_score_main	890	1	0	0.15845197773817604	0.14256084291071341	0.14256084291071341	0.0	0.1375
nonmonotone_score_main	891	1	0	0.17856878034979384	0.16134174520647657	0.16134174520647657	0.0	0.125
nonmonotone_score_main	892	1	0	0.14405829478359355	0.12497230926259772	0.12497230926259772	0.0	0.1375
nonmonotone_score_main	893	1	0	0.14705477339921508	0.1261953541031437	0.1261953541031437	0.0	0.1375
nonmonotone_score_main	894	1	0	0.15715463028755905	0.13641647558910253	0.13641647558910253	0.0	0.15
nonmonotone_score_main	895	1	0	0.1600715593734543	0.138391006814219	0.138391006814219	0.0	0.1375
nonmonotone_score_main	896	1	0	0.1273774209026967	0.10704200381176388	0.10704200381176388	0.0	0.15
nonmonotone_score_main	897	1	0	0.15157980193116888	0.13376608988511232	0.13376608988511232	0.0	0.1375
nonmonotone_score_main	898	2	0	0.17734318103896968	0.15807528695454964	0.15807528695454964	0.0	0.15
nonmonotone_score_main	899	1	0	0.16669607837945066	0.1476750238248743	0.1476750238248743	0.0	0.1375
nonmonotone_score_main	900	1	0	0.15350467052892608	0.1349844448762285	0.1349844448762285	0.0	0.125
nonmonotone_score_main	901	1	0	0.14242885928838017	0.11716304700489304	0.11716304700489304	0.0	0.1375
nonmonotone_score_main	902	1	0	0.1324544966504061	0.11444786829943042	0.11444786829943042	0.0	0.15
nonmonotone_score_main	903	1	0	0.14246760344881493	0.1189025356216956	0.1189025356216956	0.0	0.1375
nonmonotone_score_main	904	1	0	0.14823514039067526	0.11985149209463047	0.11985149209463047	0.0	0.125
nonmonotone_score_main	905	1	0	0.14511306557987003	0.12438930627780502	0.12438930627780502	0.0	0.1375
nonmonotone_score_main	906	1	0	0.13819064010051096	0.11288561798675856	0.11288561798675856	0.0	0.1375
nonmonotone_score_main	907	1	0	0.14821390530367778	0.1289805404036251	0.1289805404036251	0.0	0.1375
nonmonotone_score_main	908	1	0	0.1443469686538276	0.12232223173599634	0.12232223173599634	0.0	0.15
nonmonotone_score_main	909	2	0	0.16518203742714627	0.1409474104898371	0.1409474104898371	0.0	0.1625
nonmonotone_score_main	910	1	0	0.17631953480970214	0.16206889866231422	0.16206889866231422	0.0	0.1375
nonmonotone_score_main	911	1	0	0.14379184842950637	0.11850314235708626	0.11850314235708626	0.0	0.1375
nonmonotone_score_main	912	1	0	0.1426832524299825	0.1277436494089045	0.1277436494089045	0.0	0.1375
nonmonotone_score_main	913	1	0	0.14344759810717161	0.1238847412062668	0.1238847412062668	0.0	0.125
nonmonotone_score_main	914	1	0	0.13611050850872386	0.1213389480545151	0.1213389480545151	0.0	0.1375
nonmonotone_score_main	915	1	0	0.12467595566403435	0.10513407189530607	0.10513407189530607	0.0	0.125
nonmonotone_score_main	916	1	0	0.1429977465898402	0.11876600439529733	0.11876600439529733	0.0	0.1375
nonmonotone_score_main	917	1	0	0.12256362884458533	0.10367281274280524	0.10367281274280524	0.0	0.1375
nonmonotone_score_main	918	1	0	0.16464424560950625	0.13969342572052368	0.13969342572052368	0.0	0.1375
nonmonotone_score_main	919	1	0	0.15009829886040085	0.133531055789459	0.133531055789459	0.0	0.1375
nonmonotone_score_main	920	1	0	0.13807125970969236	0.11329658808777052	0.11329658808777052	0.0	0.1625
nonmonotone_score_main	921	1	0	0.14668485859909047	0.12193802485424554	0.12193802485424554	0.0	0.1625
nonmonotone_score_main	922	1	0	0.16578370341786294	0.14634717611369824	0.14634717611369824	0.0	0.1375
nonmonotone_score_main	923	1	0	0.1553884515906121	0.1323785055325042	0.1323785055325042	0.0	0.1375
nonmonotone_score_main	924	1	0	0.1436692182092733	0.12828822704419066	0.12828822704419066	0.0	0.1375
nonmonotone_score_main	925	1	0	0.15327807713266656	0.12922804256443673	0.12922804256443673	0.0	0.125
nonmonotone_score_main	926	1	0	0.15113004044803793	0.1346892433682633	0.1346892433682633	0.0	0.1375
nonmonotone_score_main	927	1	0	0.1474781758837289	0.12755094714320367	0.12755094714320367	0.0	0.125
nonmonotone_score_main	928	1	0	0.13305286847237208	0.11573865465823852	0.11573865465823852	0.0	0.125
nonmonotone_score_main	929	1	0	0.12296380822480393	0.10538283679680369	0.10538283679680369	0.0	0.1375
nonmonotone_score_main	930	1	0	0.15791539586117367	0.13787135477831325	0.13787135477831325	0.0	0.1375
nonmonotone_score_main	931	1	0	0.17003186624166192	0.14838268324401999	0.14838268324401999	0.0	0.1375
nonmonotone_score_main	932	1	0	0.1652445939532484	0.1490208614306368	0.1490208614306368	0.0	0.125
nonmonotone_score_main	933	1	0	0.13824292878966896	0.11742425279820942	0.11742425279820942	0.0	0.1375
nonmonotone_score_main	934	1	0	0.1631568728094351	0.14252201429818728	0.14252201429818728	0.0	0.1375
nonmonotone_score_main	935	1	0	0.17254282986949315	0.14867630920645228	0.14867630920645228	0.0	0.1375
nonmonotone_score_main	936	1	0	0.1558799950238291	0.13227071769848975	0.13227071769848975	0.0	0.1375
nonmonotone_score_main	937	1	0	0.1687200800259374	0.1497446332737089	0.1497446332737089	0.0	0.15
nonmonotone_score_main	938	1	0	0.16349026384299994	0.13895100866856058	0.13895100866856058	0.0	0.1375
nonmonotone_score_main	939	1	0	0.15260502978769871	0.13348889962797306	0.13348889962797306	0.0	0.1375
nonmonotone_score_main	940	1	0	0.13858834395848613	0.12087798677287998	0.12087798677287998	0.0	0.1375
nonmonotone_score_main	941	1	0	0.1423394273033443	0.12081158082534993	0.12081158082534993	0.0	0.1375
nonmonotone_score_main	942	1	0	0.15297279050574553	0.1338937318700705	0.1338937318700705	0.0	0.125
nonmonotone_score_main	943	1	0	0.12681497903093325	0.10665204452680546	0.10665204452680546	0.0	0.1375
nonmonotone_score_main	944	1	0	0.15270911085341898	0.1325622484789566	0.1325622484789566	0.0	0.15
nonmonotone_score_main	945	1	0	0.15764749662814043	0.1340594956317876	0.1340594956317876	0.0	0.15
nonmonotone_score_main	946	1	0	0.16285495909912057	0.1437703670015655	0.1437703670015655	0.0	0.1375
nonmonotone_score_main	947	1	0	0.18260385464097248	0.1630472963810727	0.1630472963810727	0.0	0.125
nonmonotone_score_main	948	1	0	0.13739815070300854	0.11479898429301161	0.11479898429301161	0.0	0.125
nonmonotone_score_main	949	1	0	0.17066698678702932	0.151004683544523	0.151004683544523	0.0	0.1375
nonmonotone_score_main	950	1	0	0.13526998093004727	0.11310690801767136	0.11310690801767136	0.0	0.1375
nonmonotone_score_main	951	1	0	0.1756288667726316	0.16254158785848905	0.16254158785848905	0.0	0.1375
nonmonotone_score_main	952	1	0	0.1456454279128826	0.1251236154772708	0.1251236154772708	0.0	0.125
nonmonotone_score_main	953	1	0	0.1365129488415296	0.11509219646674547	0.11509219646674547	0.0	0.125
nonmonotone_score_main	954	1	0	0.15178614620898967	0.13463570464446337	0.13463570464446337	0.0	0.125
nonmonotone_score_main	955	1	0	0.13926179906373437	0.11678763670889519	0.11678763670889519	0.0	0.1375
nonmonotone_score_main	956	1	0	0.1555057824092974	0.1376457256115503	0.1376457256115503	0.0	0.1375
nonmonotone_score_main	957	1	0	0.1332269722111677	0.10849604659700401	0.10849604659700401	0.0	0.1375
nonmonotone_score_main	958	1	0	0.14188115350414282	0.11763093137037194	0.11763093137037194	0.0	0.1375
nonmonotone_score_main	959	1	0	0.12661770719317395	0.10599539272373688	0.10599539272373688	0.0	0.125
nonmonotone_score_main	960	1	0	0.15311647873124468	0.1369654067888194	0.1369654067888194	0.0	0.1375
nonmonotone_score_main	961	1	0	0.14812227824395863	0.13529936451622518	0.13529936451622518	0.0	0.125
nonmonotone_score_main	962	2	0	0.17200139097351486	0.15323282661743728	0.15323282661743728	0.0	0.1375
nonmonotone_score_main	963	1	0	0.14825819185239353	0.1244158073256681	0.1244158073256681	0.0	0.125
nonmonotone_score_main	964	1	0	0.14376270508402172	0.1253224649803748	0.1253224649803748	0.0	0.1375
nonmonotone_score_main	965	1	0	0.15745550152148857	0.13457450618509303	0.13457450618509303	0.0	0.1625
nonmonotone_score_main	966	1	0	0.15898447672202082	0.1421962467096235	0.1421962467096235	0.0	0.1375
nonmonotone_score_main	967	1	0	0.14074536075366537	0.12227525582974844	0.12227525582974844	0.0	0.1375
nonmonotone_score_main	968	1	0	0.1510958228376233	0.13105181249897963	0.13105181249897963	0.0	0.125
nonmonotone_score_main	969	1	0	0.15968578324599436	0.14038081491028076	0.14038081491028076	0.0	0.125
nonmonotone_score_main	970	1	0	0.15096048812022064	0.13259850678937773	0.13259850678937773	0.0	0.1375
nonmonotone_score_main	971	1	0	0.12553029776851962	0.10316101517061003	0.10316101517061003	0.0	0.15
nonmonotone_score_main	972	1	0	0.130985776814445	0.1117831671451988	0.1117831671451988	0.0	0.125
nonmonotone_score_main	973	1	0	0.1540801615749997	0.1377202511574717	0.1377202511574717	0.0	0.1375
nonmonotone_score_main	974	1	0	0.12917093734666532	0.10619462007387334	0.10619462007387334	0.0	0.1375
nonmonotone_score_main	975	1	0	0.14233989944906278	0.12261482703802438	0.12261482703802438	0.0	0.125
nonmonotone_score_main	976	1	0	0.13326275807875	0.10730697861451761	0.10730697861451761	0.0	0.1375
nonmonotone_score_main	977	1	0	0.14325677927875358	0.12078136102614795	0.12078136102614795	0.0	0.1375
nonmonotone_score_main	978	1	0	0.1322372039305918	0.10924320357607743	0.10924320357607743	0.0	0.1375
nonmonotone_score_main	979	1	0	0.1617335071421126	0.14315530364957157	0.14315530364957157	0.0	0.1375
nonmonotone_score_main	980	1	0	0.16969760080800222	0.1508936335492626	0.1508936335492626	0.0	0.125
nonmonotone_score_main	981	1	0	0.13245375283889443	0.108685615684048	0.108685615684048	0.0	0.125
nonmonotone_score_main	982	2	0	0.16420579497026702	0.1419721647118123	0.1419721647118123	0.0	0.15
nonmonotone_score_main	983	1	0	0.1521673047626928	0.13092988292935218	0.13092988292935218	0.0	0.15
nonmonotone_score_main	984	1	0	0.16539185925212674	0.14526695754354652	0.14526695754354652	0.0	0.125
nonmonotone_score_main	985	1	0	0.14807026380546506	0.12789965828125746	0.12789965828125746	0.0	0.1375
nonmonotone_score_main	986	1	0	0.13495342690341738	0.10673554310356617	0.10673554310356617	0.0	0.15
nonmonotone_score_main	987	1	0	0.1428492553999276	0.11883513449385377	0.11883513449385377	0.0	0.15
nonmonotone_score_main	988	1	0	0.1385224497438351	0.12424141421240963	0.12424141421240963	0.0	0.1375
nonmonotone_score_main	989	1	0	0.1511927414032077	0.1240715087741937	0.1240715087741937	0.0	0.15
nonmonotone_score_main	990	1	0	0.1390169720672303	0.11294761565369967	0.11294761565369967	0.0	0.125
nonmonotone_score_main	991	1	0	0.166732536924994	0.14674162876900068	0.14674162876900068	0.0	0.1375
nonmonotone_score_main	992	1	0	0.1451666751120606	0.12104284799939088	0.12104284799939088	0.0	0.1375
nonmonotone_score_main	993	1	0	0.16075512521488078	0.13976655651070918	0.13976655651070918	0.0	0.1375
nonmonotone_score_main	994	2	0	0.1505099477155466	0.13039409287524245	0.13039409287524245	0.0	0.15
nonmonotone_score_main	995	1	0	0.18244062825954357	0.16511400252190223	0.16511400252190223	0.0	0.1375
nonmonotone_score_main	996	1	0	0.1353766261161612	0.114975633942834	0.114975633942834	0.0	0.125
nonmonotone_score_main	997	1	0	0.13484943070702754	0.11553909284851069	0.11553909284851069	0.0	0.1375
nonmonotone_score_main	998	1	0	0.13882337613652682	0.1181302368781702	0.1181302368781702	0.0	0.15
nonmonotone_score_main	999	1	0	0.14816221218755288	0.12888631443597026	0.12888631443597026	0.0	0.1375
nonmonotone_score_main	1000	1	0	0.15352832786621232	0.14094607723338995	0.14094607723338995	0.0	0.1375
nonmonotone_score_main	1001	2	0	0.12409936126202975	0.09804282085025273	0.09804282085025273	0.0	0.15
nonmonotone_score_main	1002	1	0	0.1576029465500999	0.13559320277681663	0.13559320277681663	0.0	0.1375
nonmonotone_score_main	1003	1	0	0.17233290471487775	0.15120343557447408	0.15120343557447408	0.0	0.15
nonmonotone_score_main	1004	1	0	0.16013926100607753	0.14332978572350394	0.14332978572350394	0.0	0.125
nonmonotone_score_main	1005	1	0	0.1562254080589449	0.1424058126210401	0.1424058126210401	0.0	0.125
nonmonotone_score_main	1006	1	0	0.14451594113057792	0.1284920712160721	0.1284920712160721	0.0	0.1375
nonmonotone_score_main	1007	1	0	0.1546526397340347	0.13555084200827816	0.13555084200827816	0.0	0.1375
nonmonotone_score_main	1008	1	0	0.16807232419622042	0.15003784544181786	0.15003784544181786	0.0	0.1375
nonmonotone_score_main	1009	2	0	0.14368322090666374	0.12507646640185355	0.12507646640185355	0.0	0.1625
nonmonotone_score_main	1010	1	0	0.15819808514604455	0.13782765710994105	0.13782765710994105	0.0	0.1375
nonmonotone_score_main	1011	1	0	0.14545887117700426	0.12368079799779995	0.12368079799779995	0.0	0.1375
nonmonotone_score_main	1012	1	0	0.15473313093974478	0.13677202005342967	0.13677202005342967	0.0	0.125
nonmonotone_score_main	1013	1	0	0.15357918024950598	0.13010143159813425	0.13010143159813425	0.0	0.15
nonmonotone_score_main	1014	1	0	0.12905041852392052	0.10708385713553394	0.10708385713553394	0.0	0.1625
nonmonotone_score_main	1015	1	0	0.15171265303925216	0.13262875515972528	0.13262875515972528	0.0	0.125
nonmonotone_score_main	1016	1	0	0.1560326462257004	0.13732919763030244	0.13732919763030244	0.0	0.1375
nonmonotone_score_main	1017	1	0	0.13862326242194994	0.11883231409472549	0.11883231409472549	0.0	0.1375
nonmonotone_score_main	1018	1	0	0.16507775214950282	0.1469016432191385	0.1469016432191385	0.0	0.1375
nonmonotone_score_main	1019	1	0	0.15729415278014483	0.13461938501676168	0.13461938501676168	0.0	0.1375
nonmonotone_score_main	1020	1	0	0.1553601133186214	0.1359722448290011	0.1359722448290011	0.0	0.1375
nonmonotone_score_main	1021	1	0	0.14746016905449888	0.122461240404876	0.122461240404876	0.0	0.15
nonmonotone_score_main	1022	1	0	0.15565211974842041	0.13211771195895877	0.13211771195895877	0.0	0.1375
nonmonotone_score_main	1023	2	0	0.1437903245363277	0.12004185337007144	0.12004185337007144	0.0	0.1375
nonmonotone_score_main	1024	1	0	0.14270644496300408	0.12528087085465595	0.12528087085465595	0.0	0.1375
nonmonotone_score_main	1025	1	0	0.13636744178214216	0.11459209407990731	0.11459209407990731	0.0	0.1375
nonmonotone_score_main	1026	1	0	0.13383118450689974	0.11669426745168168	0.11669426745168168	0.0	0.1375
nonmonotone_score_main	1027	1	0	0.16164291532673897	0.14403662087635433	0.14403662087635433	0.0	0.1375
nonmonotone_score_main	1028	1	0	0.1489607306411402	0.13179238800497717	0.13179238800497717	0.0	0.1375
nonmonotone_score_main	1029	1	0	0.1590290181592986	0.1400138509205931	0.1400138509205931	0.0	0.125
nonmonotone_score_main	1030	1	0	0.1428834720096369	0.12210476686895777	0.12210476686895777	0.0	0.1375
nonmonotone_score_main	1031	1	0	0.14708053894889753	0.12917982004545045	0.12917982004545045	0.0	0.1375
nonmonotone_score_main	1032	1	0	0.127052853884661	0.10517045172125951	0.10517045172125951	0.0	0.125
nonmonotone_score_main	1033	1	0	0.15350427708850356	0.12681022494916705	0.12681022494916705	0.0	0.1375
nonmonotone_score_main	1034	1	0	0.11655003676083779	0.09260967706064635	0.09260967706064635	0.0	0.125
nonmonotone_score_main	1035	1	0	0.15688267189775681	0.13795781309039185	0.13795781309039185	0.0	0.1375
nonmonotone_score_main	1036	1	0	0.14879500954644037	0.12501810788639695	0.12501810788639695	0.0	0.125
nonmonotone_score_main	1037	1	0	0.1390837467802114	0.12069344884444735	0.12069344884444735	0.0	0.1375
nonmonotone_score_main	1038	1	0	0.1331064533147055	0.11676730514418876	0.11676730514418876	0.0	0.15
nonmonotone_score_main	1039	1	0	0.13688075210834205	0.11455515991046789	0.11455515991046789	0.0	0.125
nonmonotone_score_main	1040	1	0	0.14599768831791665	0.12901358096295484	0.12901358096295484	0.0	0.15
nonmonotone_score_main	1041	1	0	0.1372584736026104	0.11666480445513586	0.11666480445513586	0.0	0.1375
nonmonotone_score_main	1042	1	0	0.13709553580042264	0.1181213346047107	0.1181213346047107	0.0	0.15
nonmonotone_score_main	1043	1	0	0.14805208932179195	0.12615640118142707	0.12615640118142707	0.0	0.1375
nonmonotone_score_main	1044	2	0	0.14354701357068045	0.1236202920539255	0.1236202920539255	0.0	0.15
nonmonotone_score_main	1045	1	0	0.15326868323915865	0.13799691490429017	0.13799691490429017	0.0	0.1375
nonmonotone_score_main	1046	1	0	0.15203985669322445	0.13092665186960745	0.13092665186960745	0.0	0.15
nonmonotone_score_main	1047	1	0	0.15868527448555766	0.13846356400402726	0.13846356400402726	0.0	0.15
nonmonotone_score_main	1048	1	0	0.14855446608771672	0.1280704585184082	0.1280704585184082	0.0	0.125
nonmonotone_score_main	1049	1	0	0.15089488646842864	0.12708095106128972	0.12708095106128972	0.0	0.1375
nonmonotone_score_main	1050	1	0	0.1407980771700778	0.12629342086637851	0.12629342086637851	0.0	0.125
nonmonotone_score_main	1051	1	0	0.14833834602567184	0.12864697363666627	0.12864697363666627	0.0	0.15
nonmonotone_score_main	1052	1	0	0.14676175661024884	0.12995134691120636	0.12995134691120636	0.0	0.1375
nonmonotone_score_main	1053	1	0	0.14608962917772564	0.1214861008587652	0.1214861008587652	0.0	0.15
nonmonotone_score_main	1054	1	0	0.14047367623327986	0.11963763335347302	0.11963763335347302	0.0	0.1375
nonmonotone_score_main	1055	1	0	0.16834886508439081	0.1524050423429032	0.1524050423429032	0.0	0.125
nonmonotone_score_main	1056	1	0	0.14650747753058724	0.12240829360492643	0.12240829360492643	0.0	0.1375
nonmonotone_score_main	1057	1	0	0.17242888463332454	0.1507754626160084	0.1507754626160084	0.0	0.1375
nonmonotone_score_main	1058	1	0	0.16012958394028606	0.1397713472057045	0.1397713472057045	0.0	0.1375
nonmonotone_score_main	1059	1	0	0.1620309472680106	0.14302959536762488	0.14302959536762488	0.0	0.1375
nonmonotone_score_main	1060	1	0	0.1576344953519609	0.13488108537581783	0.13488108537581783	0.0	0.1375
nonmonotone_score_main	1061	1	0	0.15448367314300873	0.13606746205398218	0.13606746205398218	0.0	0.125
nonmonotone_score_main	1062	1	0	0.14757469913689708	0.12840783348952856	0.12840783348952856	0.0	0.15
nonmonotone_score_main	1063	1	0	0.14092605050559626	0.11970444829600282	0.11970444829600282	0.0	0.125
nonmonotone_score_main	1064	1	0	0.14084931431024958	0.11119593307322034	0.11119593307322034	0.0	0.1375
nonmonotone_score_main	1065	1	0	0.1287739752300931	0.108605018291229	0.108605018291229	0.0	0.125
nonmonotone_score_main	1066	1	0	0.1362094676470911	0.11779185522155255	0.11779185522155255	0.0	0.1375
nonmonotone_score_main	1067	1	0	0.16991333283353977	0.15169585372227934	0.15169585372227934	0.0	0.1375
nonmonotone_score_main	1068	1	0	0.1405336202912392	0.11404844888912848	0.11404844888912848	0.0	0.1375
nonmonotone_score_main	1069	1	0	0.16047132042945655	0.13757682268572075	0.13757682268572075	0.0	0.15
nonmonotone_score_main	1070	1	0	0.14756035841360518	0.12638504989678673	0.12638504989678673	0.0	0.1375
nonmonotone_score_main	1071	1	0	0.15106570671740466	0.1288178428302812	0.1288178428302812	0.0	0.125
nonmonotone_score_main	1072	1	0	0.15462375853352403	0.13555944641004292	0.13555944641004292	0.0	0.1375
nonmonotone_score_main	1073	1	0	0.14064036846755418	0.12062086156543711	0.12062086156543711	0.0	0.125
nonmonotone_score_main	1074	1	0	0.16132577154459368	0.1408604021683167	0.1408604021683167	0.0	0.1375
nonmonotone_score_main	1075	1	0	0.16146282446619925	0.14230979492824236	0.14230979492824236	0.0	0.1375
nonmonotone_score_main	1076	1	0	0.14300476707497184	0.1215717401172474	0.1215717401172474	0.0	0.1375
nonmonotone_score_main	1077	1	0	0.1433995200283507	0.12422633507463365	0.12422633507463365	0.0	0.1375
nonmonotone_score_main	1078	1	0	0.1432303957237496	0.12057042946810112	0.12057042946810112	0.0	0.15
nonmonotone_score_main	1079	1	0	0.12243432833679035	0.09712492943851703	0.09712492943851703	0.0	0.1625
nonmonotone_score_main	1080	1	0	0.16490271236207837	0.14414578467826544	0.14414578467826544	0.0	0.1375
nonmonotone_score_main	1081	1	0	0.14951507491417348	0.1320957123958144	0.1320957123958144	0.0	0.1375
nonmonotone_score_main	1082	1	0	0.16811594226109092	0.15112774214062213	0.15112774214062213	0.0	0.15
nonmonotone_score_main	1083	1	0	0.13859269410495886	0.11097962671642239	0.11097962671642239	0.0	0.125
nonmonotone_score_main	1084	1	0	0.14863782806155576	0.12608718624537704	0.12608718624537704	0.0	0.1375
nonmonotone_score_main	1085	1	0	0.15307983328853855	0.1307414250025521	0.1307414250025521	0.0	0.1375
nonmonotone_score_main	1086	1	0	0.1578087904114972	0.1416975791172188	0.1416975791172188	0.0	0.1375
nonmonotone_score_main	1087	1	0	0.16058732626041627	0.1389735995484504	0.1389735995484504	0.0	0.125
nonmonotone_score_main	1088	1	0	0.124580846410661	0.10311586466219093	0.10311586466219093	0.0	0.125
nonmonotone_score_main	1089	1	0	0.1245516008136779	0.10672113254378678	0.10672113254378678	0.0	0.1375
nonmonotone_score_main	1090	1	0	0.1580494999807967	0.13685361792460715	0.13685361792460715	0.0	0.15
nonmonotone_score_main	1091	1	0	0.15397649631927326	0.13238625407797794	0.13238625407797794	0.0	0.15
nonmonotone_score_main	1092	1	0	0.15244659107158348	0.13133941967139767	0.13133941967139767	0.0	0.1375
nonmonotone_score_main	1093	2	0	0.14757341176706565	0.126544057784651	0.126544057784651	0.0	0.15
nonmonotone_score_main	1094	2	0	0.14026494955216515	0.1208642047762442	0.1208642047762442	0.0	0.125
nonmonotone_score_main	1095	1	0	0.1272430210621528	0.10623434759063569	0.10623434759063569	0.0	0.125
nonmonotone_score_main	1096	1	0	0.15378014018324765	0.13130230319125813	0.13130230319125813	0.0	0.15
nonmonotone_score_main	1097	2	0	0.14024475996249056	0.11825237918318984	0.11825237918318984	0.0	0.1625
nonmonotone_score_main	1098	1	0	0.1367697876650035	0.11518224008050366	0.11518224008050366	0.0	0.1375
nonmonotone_score_main	1099	1	0	0.16102403069313734	0.13797148595552872	0.13797148595552872	0.0	0.1375
nonmonotone_score_main	1100	1	0	0.16299051898356703	0.14072171167370004	0.14072171167370004	0.0	0.1375
nonmonotone_score_main	1101	1	0	0.14937157899961587	0.12752713917815528	0.12752713917815528	0.0	0.1375
nonmonotone_score_main	1102	1	0	0.15817109610903102	0.1380640481925737	0.1380640481925737	0.0	0.15
nonmonotone_score_main	1103	1	0	0.1304199835463902	0.10462145715841531	0.10462145715841531	0.0	0.125
nonmonotone_score_main	1104	1	0	0.14564273522134566	0.12700350943380667	0.12700350943380667	0.0	0.125
nonmonotone_score_main	1105	1	0	0.12642259331172423	0.10989545623155839	0.10989545623155839	0.0	0.1375
nonmonotone_score_main	1106	1	0	0.1560696264715392	0.13333062602593118	0.13333062602593118	0.0	0.1375
nonmonotone_score_main	1107	1	0	0.13841199698617185	0.11550588079005879	0.11550588079005879	0.0	0.1375
nonmonotone_score_main	1108	1	0	0.1409496915329813	0.12461541855225364	0.12461541855225364	0.0	0.1375
nonmonotone_score_main	1109	1	0	0.1301636142125301	0.11500743997441579	0.11500743997441579	0.0	0.1375
nonmonotone_score_main	1110	1	0	0.1314186424415547	0.10892211136034691	0.10892211136034691	0.0	0.15
nonmonotone_score_main	1111	2	0	0.14214346659954194	0.12288866707698212	0.12288866707698212	0.0	0.15
nonmonotone_score_main	1112	1	0	0.1362589503223605	0.11850671177790154	0.11850671177790154	0.0	0.125
nonmonotone_score_main	1113	1	0	0.15586970563675434	0.13695295687732578	0.13695295687732578	0.0	0.125
nonmonotone_score_main	1114	1	0	0.13788818960858334	0.11450192422485425	0.11450192422485425	0.0	0.1125
nonmonotone_score_main	1115	1	0	0.12595227787860847	0.1013736329661093	0.1013736329661093	0.0	0.125
nonmonotone_score_main	1116	1	0	0.1398661156495779	0.12635973541307496	0.12635973541307496	0.0	0.1625
nonmonotone_score_main	1117	1	0	0.1385681920109741	0.11885313605322304	0.11885313605322304	0.0	0.1375
nonmonotone_score_main	1118	1	0	0.1470122049384189	0.12051801261440699	0.12051801261440699	0.0	0.15
nonmonotone_score_main	1119	1	0	0.14201654927050394	0.1184441238931965	0.1184441238931965	0.0	0.15
nonmonotone_score_main	1120	1	0	0.14670573809908494	0.1307394641238864	0.1307394641238864	0.0	0.1375
nonmonotone_score_main	1121	1	0	0.14329253221939234	0.12187469939436872	0.12187469939436872	0.0	0.1375
nonmonotone_score_main	1122	1	0	0.1146693521314597	0.08915280103497011	0.08915280103497011	0.0	0.1375
nonmonotone_score_main	1123	1	0	0.15664372409867258	0.13551820982680984	0.13551820982680984	0.0	0.15
nonmonotone_score_main	1124	1	0	0.15672456792002692	0.14150272681505177	0.14150272681505177	0.0	0.15
nonmonotone_score_main	1125	1	0	0.14614759209605033	0.12188409915576001	0.12188409915576001	0.0	0.15
nonmonotone_score_main	1126	1	0	0.16020783708622066	0.13543239262707707	0.13543239262707707	0.0	0.1375
nonmonotone_score_main	1127	1	0	0.14419648149732822	0.12028312614132305	0.12028312614132305	0.0	0.1375
nonmonotone_score_main	1128	1	0	0.14370842863861483	0.12851922730068777	0.12851922730068777	0.0	0.15
nonmonotone_score_main	1129	1	0	0.18039508974774782	0.16446003985694868	0.16446003985694868	0.0	0.1375
nonmonotone_score_main	1130	1	0	0.13422279933541553	0.11119253715345204	0.11119253715345204	0.0	0.15
nonmonotone_score_main	1131	1	0	0.13318865614408382	0.11629631558087182	0.11629631558087182	0.0	0.1375
nonmonotone_score_main	1132	1	0	0.13902270836334207	0.12128977162949786	0.12128977162949786	0.0	0.1375
nonmonotone_score_main	1133	1	0	0.14882662558428808	0.13203265667294586	0.13203265667294586	0.0	0.1375
nonmonotone_score_main	1134	1	0	0.17313322067778608	0.15588044290005432	0.15588044290005432	0.0	0.125
nonmonotone_score_main	1135	1	0	0.178570105216247	0.15837084001925827	0.15837084001925827	0.0	0.125
nonmonotone_score_main	1136	2	0	0.1381633074914744	0.11598921363095623	0.11598921363095623	0.0	0.1625
nonmonotone_score_main	1137	1	0	0.14644357833762328	0.1295794503082076	0.1295794503082076	0.0	0.15
nonmonotone_score_main	1138	1	0	0.16635424161694173	0.14375485791944376	0.14375485791944376	0.0	0.1375
nonmonotone_score_main	1139	2	0	0.15088945588922756	0.12715017848329047	0.12715017848329047	0.0	0.15
nonmonotone_score_main	1140	1	0	0.13857649256348742	0.11851641320100702	0.11851641320100702	0.0	0.1375
nonmonotone_score_main	1141	1	0	0.16269105452869279	0.14426400522960597	0.14426400522960597	0.0	0.1375
nonmonotone_score_main	1142	1	0	0.14125796108814864	0.12181418118947548	0.12181418118947548	0.0	0.15
nonmonotone_score_main	1143	1	0	0.16675837597205864	0.15035731454021142	0.15035731454021142	0.0	0.1375
nonmonotone_score_main	1144	1	0	0.14626987986029938	0.1244743991903966	0.1244743991903966	0.0	0.1375
nonmonotone_score_main	1145	1	0	0.16035921887087126	0.14034785376352557	0.14034785376352557	0.0	0.1375
nonmonotone_score_main	1146	1	0	0.1462500997862051	0.12101933601339562	0.12101933601339562	0.0	0.125
nonmonotone_score_main	1147	1	0	0.1407240675595599	0.11665807345500925	0.11665807345500925	0.0	0.15
nonmonotone_score_main	1148	1	0	0.12145349346228095	0.09861339390356481	0.09861339390356481	0.0	0.15
nonmonotone_score_main	1149	1	0	0.1747575525829643	0.15562254611283083	0.15562254611283083	0.0	0.15
nonmonotone_score_main	1150	1	0	0.13886773911901779	0.11746757358633785	0.11746757358633785	0.0	0.1375
nonmonotone_score_main	1151	1	0	0.14567811297451988	0.12377260867068099	0.12377260867068099	0.0	0.125
nonmonotone_score_main	1152	1	0	0.1389321447245173	0.12456628813229546	0.12456628813229546	0.0	0.1375
nonmonotone_score_main	1153	1	0	0.14739300120410725	0.1288423141521989	0.1288423141521989	0.0	0.1375
nonmonotone_score_main	1154	1	0	0.14247805852036854	0.12052439435570983	0.12052439435570983	0.0	0.15
nonmonotone_score_main	1155	1	0	0.15636133833807966	0.13807764031499298	0.13807764031499298	0.0	0.1375
nonmonotone_score_main	1156	1	0	0.14717780974787062	0.11940420663712556	0.11940420663712556	0.0	0.1375
nonmonotone_score_main	1157	1	0	0.1584654726953768	0.14104263017457352	0.14104263017457352	0.0	0.125
nonmonotone_score_main	1158	1	0	0.13747680377823696	0.11732928446414316	0.11732928446414316	0.0	0.1625
nonmonotone_score_main	1159	1	0	0.15247283633504846	0.13249033002006463	0.13249033002006463	0.0	0.15
nonmonotone_score_main	1160	1	0	0.14126048858949508	0.12024337008984043	0.12024337008984043	0.0	0.125
nonmonotone_score_main	1161	2	0	0.1239759849861955	0.1027914949788124	0.1027914949788124	0.0	0.15
nonmonotone_score_main	1162	1	0	0.14374676631342426	0.12756229560286475	0.12756229560286475	0.0	0.125
nonmonotone_score_main	1163	1	0	0.1575466309251206	0.143922825284708	0.143922825284708	0.0	0.1125
nonmonotone_score_main	1164	1	0	0.15173159654075516	0.13039362660439463	0.13039362660439463	0.0	0.1375
nonmonotone_score_main	1165	1	0	0.1405871297985024	0.11251584978771517	0.11251584978771517	0.0	0.1375
nonmonotone_score_main	1166	1	0	0.13457877865771328	0.1145725069983443	0.1145725069983443	0.0	0.1375
nonmonotone_score_main	1167	1	0	0.1410117395003494	0.12397381274615908	0.12397381274615908	0.0	0.1375
nonmonotone_score_main	1168	1	0	0.15488122661763876	0.13966161319716675	0.13966161319716675	0.0	0.15
nonmonotone_score_main	1169	1	0	0.15849867173056786	0.1307252913229335	0.1307252913229335	0.0	0.15
nonmonotone_score_main	1170	1	0	0.15131656123131446	0.1301713219015189	0.1301713219015189	0.0	0.1375
nonmonotone_score_main	1171	1	0	0.15335067252644302	0.12606853875375476	0.12606853875375476	0.0	0.1375
nonmonotone_score_main	1172	1	0	0.1594777942884585	0.146412111406526	0.146412111406526	0.0	0.1375
nonmonotone_score_main	1173	1	0	0.13541688793485515	0.11312600214007343	0.11312600214007343	0.0	0.15
nonmonotone_score_main	1174	1	0	0.13709689236548575	0.11357002610274014	0.11357002610274014	0.0	0.15
nonmonotone_score_main	1175	1	0	0.13835303021719392	0.11158563710434771	0.11158563710434771	0.0	0.1375
nonmonotone_score_main	1176	1	0	0.16839398042426168	0.1523340736994174	0.1523340736994174	0.0	0.15
nonmonotone_score_main	1177	1	0	0.15041873926052696	0.1314291743614498	0.1314291743614498	0.0	0.15
nonmonotone_score_main	1178	1	0	0.1457903214752616	0.12875025686557964	0.12875025686557964	0.0	0.125
nonmonotone_score_main	1179	1	0	0.1489647903021986	0.1349624253175299	0.1349624253175299	0.0	0.1375
nonmonotone_score_main	1180	1	0	0.1464188861131738	0.13030636578578822	0.13030636578578822	0.0	0.1375
nonmonotone_score_main	1181	1	0	0.1372312719089736	0.12227294555993118	0.12227294555993118	0.0	0.1375
nonmonotone_score_main	1182	1	0	0.14239424487777746	0.11861411902602219	0.11861411902602219	0.0	0.1375
nonmonotone_score_main	1183	1	0	0.13203539244576967	0.11377442897890128	0.11377442897890128	0.0	0.1375
nonmonotone_score_main	1184	1	0	0.13281770719660263	0.11140430689197134	0.11140430689197134	0.0	0.1375
nonmonotone_score_main	1185	1	0	0.14599185643235846	0.1253734300048998	0.1253734300048998	0.0	0.15
nonmonotone_score_main	1186	1	0	0.14849618676232784	0.12992210761601236	0.12992210761601236	0.0	0.1375
nonmonotone_score_main	1187	1	0	0.13805655136669487	0.11182730211345818	0.11182730211345818	0.0	0.125
nonmonotone_score_main	1188	1	0	0.14962576771222413	0.13146518323512368	0.13146518323512368	0.0	0.125
nonmonotone_score_main	1189	2	0	0.15248191726210047	0.13219660969126484	0.13219660969126484	0.0	0.15
nonmonotone_score_main	1190	1	0	0.14141868902083476	0.12471236916739092	0.12471236916739092	0.0	0.1375
nonmonotone_score_main	1191	1	0	0.1468927487720851	0.12807087283563848	0.12807087283563848	0.0	0.125
nonmonotone_score_main	1192	1	0	0.14694342633027	0.12735992011773048	0.12735992011773048	0.0	0.1625
nonmonotone_score_main	1193	1	0	0.14467539042777644	0.12582161535083355	0.12582161535083355	0.0	0.1375
nonmonotone_score_main	1194	1	0	0.14127370596609093	0.12192844390607814	0.12192844390607814	0.0	0.1375
nonmonotone_score_main	1195	1	0	0.13449924766492122	0.11810826041289885	0.11810826041289885	0.0	0.1375
nonmonotone_score_main	1196	1	0	0.12956626373868407	0.10472569679145265	0.10472569679145265	0.0	0.15
nonmonotone_score_main	1197	1	0	0.14593882372497724	0.12941307923627338	0.12941307923627338	0.0	0.125
nonmonotone_score_main	1198	1	0	0.13630638814114632	0.12113099233998201	0.12113099233998201	0.0	0.15
nonmonotone_score_main	1199	1	0	0.17354469387729932	0.1544810490130832	0.1544810490130832	0.0	0.15
monotone_control	0	0	0	0.13434932949573142	0.13434932949573142	0.13434932949573142	0.0	0.0
monotone_control	1	0	0	0.15493738734022824	0.15493738734022824	0.15493738734022824	0.0	0.0
monotone_control	2	0	0	0.12604628754167496	0.12604628754167496	0.12604628754167496	0.0	0.0
monotone_control	3	0	0	0.12782992861398904	0.12782992861398904	0.12782992861398904	0.0	0.0
monotone_control	4	0	0	0.1405627757459435	0.1405627757459435	0.1405627757459435	0.0	0.0
monotone_control	5	0	0	0.13611961290632651	0.13611961290632651	0.13611961290632651	0.0	0.0
monotone_control	6	0	0	0.1483891678981134	0.1483891678981134	0.1483891678981134	0.0	0.0
monotone_control	7	0	0	0.12796535361872113	0.12796535361872113	0.12796535361872113	0.0	0.0
monotone_control	8	0	0	0.14069911691120612	0.14069911691120612	0.14069911691120612	0.0	0.0
monotone_control	9	0	0	0.13248414029670946	0.13248414029670946	0.13248414029670946	0.0	0.0
monotone_control	10	0	0	0.14380809874313863	0.14380809874313863	0.14380809874313863	0.0	0.0
monotone_control	11	0	0	0.14217870882851424	0.14217870882851424	0.14217870882851424	0.0	0.0
monotone_control	12	0	0	0.14310848388899022	0.14310848388899022	0.14310848388899022	0.0	0.0
monotone_control	13	0	0	0.14728445115016345	0.14728445115016345	0.14728445115016345	0.0	0.0
monotone_control	14	0	0	0.1256271080945356	0.1256271080945356	0.1256271080945356	0.0	0.0
monotone_control	15	0	0	0.12235115403523138	0.12235115403523138	0.12235115403523138	0.0	0.0
monotone_control	16	0	0	0.10719348231415884	0.10719348231415884	0.10719348231415884	0.0	0.0
monotone_control	17	0	0	0.11474493434410693	0.11474493434410693	0.11474493434410693	0.0	0.0
monotone_control	18	0	0	0.13178443491138572	0.13178443491138572	0.13178443491138572	0.0	0.0
monotone_control	19	0	0	0.12488637260663893	0.12488637260663893	0.12488637260663893	0.0	0.0
monotone_control	20	0	0	0.12093320222012637	0.12093320222012637	0.12093320222012637	0.0	0.0
monotone_control	21	0	0	0.13446448380780718	0.13446448380780718	0.13446448380780718	0.0	0.0
monotone_control	22	0	0	0.144594242123196	0.144594242123196	0.144594242123196	0.0	0.0
monotone_control	23	0	0	0.13470189458214435	0.13470189458214435	0.13470189458214435	0.0	0.0
monotone_control	24	0	0	0.13469388833043278	0.13469388833043278	0.13469388833043278	0.0	0.0
monotone_control	25	0	0	0.14509403490364936	0.14509403490364936	0.14509403490364936	0.0	0.0
monotone_control	26	0	0	0.14906452234269593	0.14906452234269593	0.14906452234269593	0.0	0.0
monotone_control	27	0	0	0.14204997849235093	0.14204997849235093	0.14204997849235093	0.0	0.0
monotone_control	28	0	0	0.12616249138911517	0.12616249138911517	0.12616249138911517	0.0	0.0
monotone_control	29	0	0	0.14675623765918566	0.14675623765918566	0.14675623765918566	0.0	0.0
monotone_control	30	0	0	0.1439714072249907	0.1439714072249907	0.1439714072249907	0.0	0.0
monotone_control	31	0	0	0.13941119927078177	0.13941119927078177	0.13941119927078177	0.0	0.0
monotone_control	32	0	0	0.1550796600176008	0.1550796600176008	0.1550796600176008	0.0	0.0
monotone_control	33	0	0	0.13248145952503199	0.13248145952503199	0.13248145952503199	0.0	0.0
monotone_control	34	0	0	0.10617375766475068	0.10617375766475068	0.10617375766475068	0.0	0.0
monotone_control	35	0	0	0.1389204729409967	0.1389204729409967	0.1389204729409967	0.0	0.0
monotone_control	36	0	0	0.1348804386934487	0.1348804386934487	0.1348804386934487	0.0	0.0
monotone_control	37	0	0	0.11793379504578624	0.11793379504578624	0.11793379504578624	0.0	0.0
monotone_control	38	0	0	0.11871494566551306	0.11871494566551306	0.11871494566551306	0.0	0.0
monotone_control	39	0	0	0.1413363677983701	0.1413363677983701	0.1413363677983701	0.0	0.0
monotone_control	40	0	0	0.1318021932101519	0.1318021932101519	0.1318021932101519	0.0	0.0
monotone_control	41	0	0	0.12284633468537087	0.12284633468537087	0.12284633468537087	0.0	0.0
monotone_control	42	0	0	0.1447145018487383	0.1447145018487383	0.1447145018487383	0.0	0.0
monotone_control	43	0	0	0.14955507444985058	0.14955507444985058	0.14955507444985058	0.0	0.0
monotone_control	44	0	0	0.12767804659150722	0.12767804659150722	0.12767804659150722	0.0	0.0
monotone_control	45	0	0	0.11539361401873433	0.11539361401873433	0.11539361401873433	0.0	0.0
monotone_control	46	0	0	0.13469745609581701	0.13469745609581701	0.13469745609581701	0.0	0.0
monotone_control	47	0	0	0.12573581673472078	0.12573581673472078	0.12573581673472078	0.0	0.0
monotone_control	48	0	0	0.1310318257761311	0.1310318257761311	0.1310318257761311	0.0	0.0
monotone_control	49	0	0	0.12988389276159462	0.12988389276159462	0.12988389276159462	0.0	0.0
monotone_control	50	0	0	0.12392516519902941	0.12392516519902941	0.12392516519902941	0.0	0.0
monotone_control	51	0	0	0.14611875546114275	0.14611875546114275	0.14611875546114275	0.0	0.0
monotone_control	52	0	0	0.12211240113367784	0.12211240113367784	0.12211240113367784	0.0	0.0
monotone_control	53	0	0	0.13938669549282415	0.13938669549282415	0.13938669549282415	0.0	0.0
monotone_control	54	0	0	0.15557682563582478	0.15557682563582478	0.15557682563582478	0.0	0.0
monotone_control	55	0	0	0.1252226634322413	0.1252226634322413	0.1252226634322413	0.0	0.0
monotone_control	56	0	0	0.1517424965090513	0.1517424965090513	0.1517424965090513	0.0	0.0
monotone_control	57	0	0	0.1424078268411141	0.1424078268411141	0.1424078268411141	0.0	0.0
monotone_control	58	0	0	0.13269111776537357	0.13269111776537357	0.13269111776537357	0.0	0.0
monotone_control	59	0	0	0.13158643910915502	0.13158643910915502	0.13158643910915502	0.0	0.0
monotone_control	60	0	0	0.15582541216121248	0.15582541216121248	0.15582541216121248	0.0	0.0
monotone_control	61	0	0	0.1393114713928782	0.1393114713928782	0.1393114713928782	0.0	0.0
monotone_control	62	0	0	0.12619288183628835	0.12619288183628835	0.12619288183628835	0.0	0.0
monotone_control	63	0	0	0.11863609269021827	0.11863609269021827	0.11863609269021827	0.0	0.0
monotone_control	64	0	0	0.10658334856054064	0.10658334856054064	0.10658334856054064	0.0	0.0
monotone_control	65	0	0	0.14937010411492768	0.14937010411492768	0.14937010411492768	0.0	0.0
monotone_control	66	0	0	0.15932668021524585	0.15932668021524585	0.15932668021524585	0.0	0.0
monotone_control	67	0	0	0.13115291846585705	0.13115291846585705	0.13115291846585705	0.0	0.0
monotone_control	68	0	0	0.14318622687007954	0.14318622687007954	0.14318622687007954	0.0	0.0
monotone_control	69	0	0	0.13988498232839475	0.13988498232839475	0.13988498232839475	0.0	0.0
monotone_control	70	0	0	0.13254944499743054	0.13254944499743054	0.13254944499743054	0.0	0.0
monotone_control	71	0	0	0.1327688859918289	0.1327688859918289	0.1327688859918289	0.0	0.0
monotone_control	72	0	0	0.13266112703476024	0.13266112703476024	0.13266112703476024	0.0	0.0
monotone_control	73	0	0	0.13917932601692207	0.13917932601692207	0.13917932601692207	0.0	0.0
monotone_control	74	0	0	0.14242950357472958	0.14242950357472958	0.14242950357472958	0.0	0.0
monotone_control	75	0	0	0.14999475274126417	0.14999475274126417	0.14999475274126417	0.0	0.0
monotone_control	76	0	0	0.11751458654515021	0.11751458654515021	0.11751458654515021	0.0	0.0
monotone_control	77	0	0	0.12285123862278002	0.12285123862278002	0.12285123862278002	0.0	0.0
monotone_control	78	0	0	0.14409358047319537	0.14409358047319537	0.14409358047319537	0.0	0.0
monotone_control	79	0	0	0.1454614347893906	0.1454614347893906	0.1454614347893906	0.0	0.0
monotone_control	80	0	0	0.13341619801956417	0.13341619801956417	0.13341619801956417	0.0	0.0
monotone_control	81	0	0	0.14890619129114605	0.14890619129114605	0.14890619129114605	0.0	0.0
monotone_control	82	0	0	0.14788336773846333	0.14788336773846333	0.14788336773846333	0.0	0.0
monotone_control	83	0	0	0.14171046131454934	0.14171046131454934	0.14171046131454934	0.0	0.0
monotone_control	84	0	0	0.13061970878175488	0.13061970878175488	0.13061970878175488	0.0	0.0
monotone_control	85	0	0	0.1270880481770666	0.1270880481770666	0.1270880481770666	0.0	0.0
monotone_control	86	0	0	0.11987834878125062	0.11987834878125062	0.11987834878125062	0.0	0.0
monotone_control	87	0	0	0.14820475658968246	0.14820475658968246	0.14820475658968246	0.0	0.0
monotone_control	88	0	0	0.13259296817688904	0.13259296817688904	0.13259296817688904	0.0	0.0
monotone_control	89	0	0	0.13465280613463426	0.13465280613463426	0.13465280613463426	0.0	0.0
monotone_control	90	0	0	0.1289890603316009	0.1289890603316009	0.1289890603316009	0.0	0.0
monotone_control	91	0	0	0.12586659524128502	0.12586659524128502	0.12586659524128502	0.0	0.0
monotone_control	92	0	0	0.14224974111781657	0.14224974111781657	0.14224974111781657	0.0	0.0
monotone_control	93	0	0	0.14621340228605245	0.14621340228605245	0.14621340228605245	0.0	0.0
monotone_control	94	0	0	0.1371529260891301	0.1371529260891301	0.1371529260891301	0.0	0.0
monotone_control	95	0	0	0.1492655679283727	0.1492655679283727	0.1492655679283727	0.0	0.0
monotone_control	96	0	0	0.13889347363617338	0.13889347363617338	0.13889347363617338	0.0	0.0
monotone_control	97	0	0	0.13237358067212446	0.13237358067212446	0.13237358067212446	0.0	0.0
monotone_control	98	0	0	0.1409624949166191	0.1409624949166191	0.1409624949166191	0.0	0.0
monotone_control	99	0	0	0.1397669726055622	0.1397669726055622	0.1397669726055622	0.0	0.0
monotone_control	100	0	0	0.13643198725262712	0.13643198725262712	0.13643198725262712	0.0	0.0
monotone_control	101	0	0	0.13268940740675494	0.13268940740675494	0.13268940740675494	0.0	0.0
monotone_control	102	0	0	0.1296611658058979	0.1296611658058979	0.1296611658058979	0.0	0.0
monotone_control	103	0	0	0.14518080979382308	0.14518080979382308	0.14518080979382308	0.0	0.0
monotone_control	104	0	0	0.11042575960734351	0.11042575960734351	0.11042575960734351	0.0	0.0
monotone_control	105	0	0	0.14807920265512176	0.14807920265512176	0.14807920265512176	0.0	0.0
monotone_control	106	0	0	0.12482622634038118	0.12482622634038118	0.12482622634038118	0.0	0.0
monotone_control	107	0	0	0.1369570739896439	0.1369570739896439	0.1369570739896439	0.0	0.0
monotone_control	108	0	0	0.13226757724195387	0.13226757724195387	0.13226757724195387	0.0	0.0
monotone_control	109	0	0	0.14193145687847766	0.14193145687847766	0.14193145687847766	0.0	0.0
monotone_control	110	0	0	0.12918974246856094	0.12918974246856094	0.12918974246856094	0.0	0.0
monotone_control	111	0	0	0.1481634803475343	0.1481634803475343	0.1481634803475343	0.0	0.0
monotone_control	112	0	0	0.13442157286984624	0.13442157286984624	0.13442157286984624	0.0	0.0
monotone_control	113	0	0	0.12943049443106774	0.12943049443106774	0.12943049443106774	0.0	0.0
monotone_control	114	0	0	0.12148572425977511	0.12148572425977511	0.12148572425977511	0.0	0.0
monotone_control	115	0	0	0.1326547090549422	0.1326547090549422	0.1326547090549422	0.0	0.0
monotone_control	116	0	0	0.14030555260268357	0.14030555260268357	0.14030555260268357	0.0	0.0
monotone_control	117	0	0	0.13626344225742948	0.13626344225742948	0.13626344225742948	0.0	0.0
monotone_control	118	0	0	0.1345253940906847	0.1345253940906847	0.1345253940906847	0.0	0.0
monotone_control	119	0	0	0.13296811791819296	0.13296811791819296	0.13296811791819296	0.0	0.0
monotone_control	120	0	0	0.15174203482772605	0.15174203482772605	0.15174203482772605	0.0	0.0
monotone_control	121	0	0	0.14935929544253604	0.14935929544253604	0.14935929544253604	0.0	0.0
monotone_control	122	0	0	0.14965830671759858	0.14965830671759858	0.14965830671759858	0.0	0.0
monotone_control	123	0	0	0.1363552908568305	0.1363552908568305	0.1363552908568305	0.0	0.0
monotone_control	124	0	0	0.1435213289292843	0.1435213289292843	0.1435213289292843	0.0	0.0
monotone_control	125	0	0	0.11862517246258461	0.11862517246258461	0.11862517246258461	0.0	0.0
monotone_control	126	0	0	0.13640543144684342	0.13640543144684342	0.13640543144684342	0.0	0.0
monotone_control	127	0	0	0.1344359193741179	0.1344359193741179	0.1344359193741179	0.0	0.0
monotone_control	128	0	0	0.12917796166144985	0.12917796166144985	0.12917796166144985	0.0	0.0
monotone_control	129	0	0	0.14989131711911685	0.14989131711911685	0.14989131711911685	0.0	0.0
monotone_control	130	0	0	0.14681813322259443	0.14681813322259443	0.14681813322259443	0.0	0.0
monotone_control	131	0	0	0.1372383251849293	0.1372383251849293	0.1372383251849293	0.0	0.0
monotone_control	132	0	0	0.13690891956154477	0.13690891956154477	0.13690891956154477	0.0	0.0
monotone_control	133	0	0	0.13374907124282068	0.13374907124282068	0.13374907124282068	0.0	0.0
monotone_control	134	0	0	0.131602490560622	0.131602490560622	0.131602490560622	0.0	0.0
monotone_control	135	0	0	0.132335905524345	0.132335905524345	0.132335905524345	0.0	0.0
monotone_control	136	0	0	0.12957351252682245	0.12957351252682245	0.12957351252682245	0.0	0.0
monotone_control	137	0	0	0.1426604380778418	0.1426604380778418	0.1426604380778418	0.0	0.0
monotone_control	138	0	0	0.14375302396371956	0.14375302396371956	0.14375302396371956	0.0	0.0
monotone_control	139	0	0	0.1660642027335849	0.1660642027335849	0.1660642027335849	0.0	0.0
monotone_control	140	0	0	0.14649832882040012	0.14649832882040012	0.14649832882040012	0.0	0.0
monotone_control	141	0	0	0.12676824327863592	0.12676824327863592	0.12676824327863592	0.0	0.0
monotone_control	142	0	0	0.12833324127414042	0.12833324127414042	0.12833324127414042	0.0	0.0
monotone_control	143	0	0	0.1301355649086967	0.1301355649086967	0.1301355649086967	0.0	0.0
monotone_control	144	0	0	0.14607450647960984	0.14607450647960984	0.14607450647960984	0.0	0.0
monotone_control	145	0	0	0.13547975001639795	0.13547975001639795	0.13547975001639795	0.0	0.0
monotone_control	146	0	0	0.1326265046189439	0.1326265046189439	0.1326265046189439	0.0	0.0
monotone_control	147	0	0	0.11858876753629737	0.11858876753629737	0.11858876753629737	0.0	0.0
monotone_control	148	0	0	0.13836484941439003	0.13836484941439003	0.13836484941439003	0.0	0.0
monotone_control	149	0	0	0.13970498383355817	0.13970498383355817	0.13970498383355817	0.0	0.0
monotone_control	150	0	0	0.1302883430635364	0.1302883430635364	0.1302883430635364	0.0	0.0
monotone_control	151	0	0	0.11724334067071829	0.11724334067071829	0.11724334067071829	0.0	0.0
monotone_control	152	0	0	0.13349870808000744	0.13349870808000744	0.13349870808000744	0.0	0.0
monotone_control	153	0	0	0.1235422889699957	0.1235422889699957	0.1235422889699957	0.0	0.0
monotone_control	154	0	0	0.1392538180625489	0.1392538180625489	0.1392538180625489	0.0	0.0
monotone_control	155	0	0	0.14103549733731996	0.14103549733731996	0.14103549733731996	0.0	0.0
monotone_control	156	0	0	0.1336754333784383	0.1336754333784383	0.1336754333784383	0.0	0.0
monotone_control	157	0	0	0.15102752785672954	0.15102752785672954	0.15102752785672954	0.0	0.0
monotone_control	158	0	0	0.12497725640350417	0.12497725640350417	0.12497725640350417	0.0	0.0
monotone_control	159	0	0	0.13959956408692192	0.13959956408692192	0.13959956408692192	0.0	0.0
monotone_control	160	0	0	0.13324277703833107	0.13324277703833107	0.13324277703833107	0.0	0.0
monotone_control	161	0	0	0.14177167925498327	0.14177167925498327	0.14177167925498327	0.0	0.0
monotone_control	162	0	0	0.13196343222656653	0.13196343222656653	0.13196343222656653	0.0	0.0
monotone_control	163	0	0	0.14968570886971314	0.14968570886971314	0.14968570886971314	0.0	0.0
monotone_control	164	0	0	0.14044828705463913	0.14044828705463913	0.14044828705463913	0.0	0.0
monotone_control	165	0	0	0.13574176492905796	0.13574176492905796	0.13574176492905796	0.0	0.0
monotone_control	166	0	0	0.14189702160115675	0.14189702160115675	0.14189702160115675	0.0	0.0
monotone_control	167	0	0	0.1307320554786154	0.1307320554786154	0.1307320554786154	0.0	0.0
monotone_control	168	0	0	0.13821669078393037	0.13821669078393037	0.13821669078393037	0.0	0.0
monotone_control	169	0	0	0.12920207166873188	0.12920207166873188	0.12920207166873188	0.0	0.0
monotone_control	170	0	0	0.10836269808833933	0.10836269808833933	0.10836269808833933	0.0	0.0
monotone_control	171	0	0	0.1233236721022015	0.1233236721022015	0.1233236721022015	0.0	0.0
monotone_control	172	0	0	0.13516806298419487	0.13516806298419487	0.13516806298419487	0.0	0.0
monotone_control	173	0	0	0.12633305929265637	0.12633305929265637	0.12633305929265637	0.0	0.0
monotone_control	174	0	0	0.12974601736805005	0.12974601736805005	0.12974601736805005	0.0	0.0
monotone_control	175	0	0	0.14931716142984208	0.14931716142984208	0.14931716142984208	0.0	0.0
monotone_control	176	0	0	0.1294544382064237	0.1294544382064237	0.1294544382064237	0.0	0.0
monotone_control	177	0	0	0.14688613308248621	0.14688613308248621	0.14688613308248621	0.0	0.0
monotone_control	178	0	0	0.15245960420018212	0.15245960420018212	0.15245960420018212	0.0	0.0
monotone_control	179	0	0	0.134455318713121	0.134455318713121	0.134455318713121	0.0	0.0
monotone_control	180	0	0	0.11990687099607417	0.11990687099607417	0.11990687099607417	0.0	0.0
monotone_control	181	0	0	0.11108260513716212	0.11108260513716212	0.11108260513716212	0.0	0.0
monotone_control	182	0	0	0.13930791708567664	0.13930791708567664	0.13930791708567664	0.0	0.0
monotone_control	183	0	0	0.1550806699268387	0.1550806699268387	0.1550806699268387	0.0	0.0
monotone_control	184	0	0	0.12866367551403576	0.12866367551403576	0.12866367551403576	0.0	0.0
monotone_control	185	0	0	0.13058976887793694	0.13058976887793694	0.13058976887793694	0.0	0.0
monotone_control	186	0	0	0.14451432708087902	0.14451432708087902	0.14451432708087902	0.0	0.0
monotone_control	187	0	0	0.12783698179486386	0.12783698179486386	0.12783698179486386	0.0	0.0
monotone_control	188	0	0	0.13186829684714946	0.13186829684714946	0.13186829684714946	0.0	0.0
monotone_control	189	0	0	0.13505808861376323	0.13505808861376323	0.13505808861376323	0.0	0.0
monotone_control	190	0	0	0.14349709767946775	0.14349709767946775	0.14349709767946775	0.0	0.0
monotone_control	191	0	0	0.1306828667071331	0.1306828667071331	0.1306828667071331	0.0	0.0
monotone_control	192	0	0	0.1532418838431962	0.1532418838431962	0.1532418838431962	0.0	0.0
monotone_control	193	0	0	0.1467419020848993	0.1467419020848993	0.1467419020848993	0.0	0.0
monotone_control	194	0	0	0.14786471629979625	0.14786471629979625	0.14786471629979625	0.0	0.0
monotone_control	195	0	0	0.13608363911041654	0.13608363911041654	0.13608363911041654	0.0	0.0
monotone_control	196	0	0	0.13951044742178914	0.13951044742178914	0.13951044742178914	0.0	0.0
monotone_control	197	0	0	0.12223692281224866	0.12223692281224866	0.12223692281224866	0.0	0.0
monotone_control	198	0	0	0.16472387510803405	0.16472387510803405	0.16472387510803405	0.0	0.0
monotone_control	199	0	0	0.1419523567822271	0.1419523567822271	0.1419523567822271	0.0	0.0
monotone_control	200	0	0	0.14496262795113457	0.14496262795113457	0.14496262795113457	0.0	0.0
monotone_control	201	0	0	0.14863828607393514	0.14863828607393514	0.14863828607393514	0.0	0.0
monotone_control	202	0	0	0.13471477492662629	0.13471477492662629	0.13471477492662629	0.0	0.0
monotone_control	203	0	0	0.138955331980595	0.138955331980595	0.138955331980595	0.0	0.0
monotone_control	204	0	0	0.16685491670114372	0.16685491670114372	0.16685491670114372	0.0	0.0
monotone_control	205	0	0	0.12163360691511599	0.12163360691511599	0.12163360691511599	0.0	0.0
monotone_control	206	0	0	0.11390738828113212	0.11390738828113212	0.11390738828113212	0.0	0.0
monotone_control	207	0	0	0.14295316628787064	0.14295316628787064	0.14295316628787064	0.0	0.0
monotone_control	208	0	0	0.11904996158117198	0.11904996158117198	0.11904996158117198	0.0	0.0
monotone_control	209	0	0	0.11966492909142362	0.11966492909142362	0.11966492909142362	0.0	0.0
monotone_control	210	0	0	0.11641911931642222	0.11641911931642222	0.11641911931642222	0.0	0.0
monotone_control	211	0	0	0.1293446776038965	0.1293446776038965	0.1293446776038965	0.0	0.0
monotone_control	212	0	0	0.14243356160024234	0.14243356160024234	0.14243356160024234	0.0	0.0
monotone_control	213	0	0	0.12215556434645909	0.12215556434645909	0.12215556434645909	0.0	0.0
monotone_control	214	0	0	0.1326750136240521	0.1326750136240521	0.1326750136240521	0.0	0.0
monotone_control	215	0	0	0.13759498220742455	0.13759498220742455	0.13759498220742455	0.0	0.0
monotone_control	216	0	0	0.14286095868080995	0.14286095868080995	0.14286095868080995	0.0	0.0
monotone_control	217	0	0	0.1269708496391534	0.1269708496391534	0.1269708496391534	0.0	0.0
monotone_control	218	0	0	0.14035204152805278	0.14035204152805278	0.14035204152805278	0.0	0.0
monotone_control	219	0	0	0.1015062632329318	0.1015062632329318	0.1015062632329318	0.0	0.0
monotone_control	220	0	0	0.155155321049387	0.155155321049387	0.155155321049387	0.0	0.0
monotone_control	221	0	0	0.1371357632964267	0.1371357632964267	0.1371357632964267	0.0	0.0
monotone_control	222	0	0	0.14530904087871865	0.14530904087871865	0.14530904087871865	0.0	0.0
monotone_control	223	0	0	0.12887034319576612	0.12887034319576612	0.12887034319576612	0.0	0.0
monotone_control	224	0	0	0.1373333024541914	0.1373333024541914	0.1373333024541914	0.0	0.0
monotone_control	225	0	0	0.12825521178419896	0.12825521178419896	0.12825521178419896	0.0	0.0
monotone_control	226	0	0	0.14071443751463852	0.14071443751463852	0.14071443751463852	0.0	0.0
monotone_control	227	0	0	0.13844639366972028	0.13844639366972028	0.13844639366972028	0.0	0.0
monotone_control	228	0	0	0.14096664463716796	0.14096664463716796	0.14096664463716796	0.0	0.0
monotone_control	229	0	0	0.1326409164486757	0.1326409164486757	0.1326409164486757	0.0	0.0
monotone_control	230	0	0	0.14112131026580574	0.14112131026580574	0.14112131026580574	0.0	0.0
monotone_control	231	0	0	0.13608936340365518	0.13608936340365518	0.13608936340365518	0.0	0.0
monotone_control	232	0	0	0.14052801260599412	0.14052801260599412	0.14052801260599412	0.0	0.0
monotone_control	233	0	0	0.1336747186709682	0.1336747186709682	0.1336747186709682	0.0	0.0
monotone_control	234	0	0	0.14369861039098542	0.14369861039098542	0.14369861039098542	0.0	0.0
monotone_control	235	0	0	0.14638258849429947	0.14638258849429947	0.14638258849429947	0.0	0.0
monotone_control	236	0	0	0.12757883057044841	0.12757883057044841	0.12757883057044841	0.0	0.0
monotone_control	237	0	0	0.14735698210047504	0.14735698210047504	0.14735698210047504	0.0	0.0
monotone_control	238	0	0	0.13571579152848473	0.13571579152848473	0.13571579152848473	0.0	0.0
monotone_control	239	0	0	0.15235318496643763	0.15235318496643763	0.15235318496643763	0.0	0.0
monotone_control	240	0	0	0.12902981078849077	0.12902981078849077	0.12902981078849077	0.0	0.0
monotone_control	241	0	0	0.1376742600820821	0.1376742600820821	0.1376742600820821	0.0	0.0
monotone_control	242	0	0	0.1259743749178312	0.1259743749178312	0.1259743749178312	0.0	0.0
monotone_control	243	0	0	0.14500391873818136	0.14500391873818136	0.14500391873818136	0.0	0.0
monotone_control	244	0	0	0.1443019454607086	0.1443019454607086	0.1443019454607086	0.0	0.0
monotone_control	245	0	0	0.1127587189708483	0.1127587189708483	0.1127587189708483	0.0	0.0
monotone_control	246	0	0	0.11963011068661786	0.11963011068661786	0.11963011068661786	0.0	0.0
monotone_control	247	0	0	0.13956258759861273	0.13956258759861273	0.13956258759861273	0.0	0.0
monotone_control	248	0	0	0.13558226100167128	0.13558226100167128	0.13558226100167128	0.0	0.0
monotone_control	249	0	0	0.12117580752336087	0.12117580752336087	0.12117580752336087	0.0	0.0
monotone_control	250	0	0	0.12354894488093494	0.12354894488093494	0.12354894488093494	0.0	0.0
monotone_control	251	0	0	0.12727920060307568	0.12727920060307568	0.12727920060307568	0.0	0.0
monotone_control	252	0	0	0.1274057884813496	0.1274057884813496	0.1274057884813496	0.0	0.0
monotone_control	253	0	0	0.12369178362407802	0.12369178362407802	0.12369178362407802	0.0	0.0
monotone_control	254	0	0	0.14071149957288637	0.14071149957288637	0.14071149957288637	0.0	0.0
monotone_control	255	0	0	0.13434259543217164	0.13434259543217164	0.13434259543217164	0.0	0.0
monotone_control	256	0	0	0.1395992357692955	0.1395992357692955	0.1395992357692955	0.0	0.0
monotone_control	257	0	0	0.1455287985838502	0.1455287985838502	0.1455287985838502	0.0	0.0
monotone_control	258	0	0	0.13093517900011273	0.13093517900011273	0.13093517900011273	0.0	0.0
monotone_control	259	0	0	0.13184241015858367	0.13184241015858367	0.13184241015858367	0.0	0.0
monotone_control	260	0	0	0.14313946479383338	0.14313946479383338	0.14313946479383338	0.0	0.0
monotone_control	261	0	0	0.11932894902810998	0.11932894902810998	0.11932894902810998	0.0	0.0
monotone_control	262	0	0	0.1411198558254514	0.1411198558254514	0.1411198558254514	0.0	0.0
monotone_control	263	0	0	0.1271237916978554	0.1271237916978554	0.1271237916978554	0.0	0.0
monotone_control	264	0	0	0.11960990249090275	0.11960990249090275	0.11960990249090275	0.0	0.0
monotone_control	265	0	0	0.12944160942486874	0.12944160942486874	0.12944160942486874	0.0	0.0
monotone_control	266	0	0	0.14432969417136032	0.14432969417136032	0.14432969417136032	0.0	0.0
monotone_control	267	0	0	0.13432893272234542	0.13432893272234542	0.13432893272234542	0.0	0.0
monotone_control	268	0	0	0.1467224677327283	0.1467224677327283	0.1467224677327283	0.0	0.0
monotone_control	269	0	0	0.12897373880079577	0.12897373880079577	0.12897373880079577	0.0	0.0
monotone_control	270	0	0	0.12266371454449035	0.12266371454449035	0.12266371454449035	0.0	0.0
monotone_control	271	0	0	0.13510582970370594	0.13510582970370594	0.13510582970370594	0.0	0.0
monotone_control	272	0	0	0.1412365857644801	0.1412365857644801	0.1412365857644801	0.0	0.0
monotone_control	273	0	0	0.1395462880945152	0.1395462880945152	0.1395462880945152	0.0	0.0
monotone_control	274	0	0	0.11240554186656737	0.11240554186656737	0.11240554186656737	0.0	0.0
monotone_control	275	0	0	0.12184267440744734	0.12184267440744734	0.12184267440744734	0.0	0.0
monotone_control	276	0	0	0.14017576155562167	0.14017576155562167	0.14017576155562167	0.0	0.0
monotone_control	277	0	0	0.13747732925055672	0.13747732925055672	0.13747732925055672	0.0	0.0
monotone_control	278	0	0	0.13429858748165147	0.13429858748165147	0.13429858748165147	0.0	0.0
monotone_control	279	0	0	0.1358115885625049	0.1358115885625049	0.1358115885625049	0.0	0.0
monotone_control	280	0	0	0.13615857937350154	0.13615857937350154	0.13615857937350154	0.0	0.0
monotone_control	281	1	0	0.14391801057311843	0.14391064410061985	0.14391064410061985	0.0	0.0125
monotone_control	282	0	0	0.13749366978262567	0.13749366978262567	0.13749366978262567	0.0	0.0
monotone_control	283	0	0	0.14325709423905522	0.14325709423905522	0.14325709423905522	0.0	0.0
monotone_control	284	0	0	0.12229952727836632	0.12229952727836632	0.12229952727836632	0.0	0.0
monotone_control	285	0	0	0.15273117880367554	0.15273117880367554	0.15273117880367554	0.0	0.0
monotone_control	286	0	0	0.14150282211512843	0.14150282211512843	0.14150282211512843	0.0	0.0
monotone_control	287	0	0	0.1445138408727881	0.1445138408727881	0.1445138408727881	0.0	0.0
monotone_control	288	0	0	0.12953722436478843	0.12953722436478843	0.12953722436478843	0.0	0.0
monotone_control	289	0	0	0.14026037624501725	0.14026037624501725	0.14026037624501725	0.0	0.0
monotone_control	290	0	0	0.1361504415950854	0.1361504415950854	0.1361504415950854	0.0	0.0
monotone_control	291	0	0	0.12626337822502837	0.12626337822502837	0.12626337822502837	0.0	0.0
monotone_control	292	0	0	0.1390945893767498	0.1390945893767498	0.1390945893767498	0.0	0.0
monotone_control	293	0	0	0.12956448640134022	0.12956448640134022	0.12956448640134022	0.0	0.0
monotone_control	294	0	0	0.1330119871276373	0.1330119871276373	0.1330119871276373	0.0	0.0
monotone_control	295	0	0	0.14787534734643157	0.14787534734643157	0.14787534734643157	0.0	0.0
monotone_control	296	0	0	0.13597047579329535	0.13597047579329535	0.13597047579329535	0.0	0.0
monotone_control	297	0	0	0.13600093709319397	0.13600093709319397	0.13600093709319397	0.0	0.0
monotone_control	298	0	0	0.13889026410930871	0.13889026410930871	0.13889026410930871	0.0	0.0
monotone_control	299	0	0	0.13223877066656758	0.13223877066656758	0.13223877066656758	0.0	0.0
monotone_control	300	0	0	0.1602449477065262	0.1602449477065262	0.1602449477065262	0.0	0.0
monotone_control	301	0	0	0.14582556637933292	0.14582556637933292	0.14582556637933292	0.0	0.0
monotone_control	302	1	0	0.12537404336371605	0.12532998406564588	0.12532998406564588	0.0	0.0125
monotone_control	303	0	0	0.12836999655881137	0.12836999655881137	0.12836999655881137	0.0	0.0
monotone_control	304	0	0	0.13892928692242634	0.13892928692242634	0.13892928692242634	0.0	0.0
monotone_control	305	0	0	0.11149476790986187	0.11149476790986187	0.11149476790986187	0.0	0.0
monotone_control	306	0	0	0.1285962594329104	0.1285962594329104	0.1285962594329104	0.0	0.0
monotone_control	307	0	0	0.14925592698277024	0.14925592698277024	0.14925592698277024	0.0	0.0
monotone_control	308	0	0	0.13403172625829535	0.13403172625829535	0.13403172625829535	0.0	0.0
monotone_control	309	0	0	0.13232911956738072	0.13232911956738072	0.13232911956738072	0.0	0.0
monotone_control	310	0	0	0.1299227311010957	0.1299227311010957	0.1299227311010957	0.0	0.0
monotone_control	311	0	0	0.13508553033921092	0.13508553033921092	0.13508553033921092	0.0	0.0
monotone_control	312	0	0	0.12902408529225717	0.12902408529225717	0.12902408529225717	0.0	0.0
monotone_control	313	0	0	0.1312102126955642	0.1312102126955642	0.1312102126955642	0.0	0.0
monotone_control	314	0	0	0.15490314095081215	0.15490314095081215	0.15490314095081215	0.0	0.0
monotone_control	315	0	0	0.1086017381003278	0.1086017381003278	0.1086017381003278	0.0	0.0
monotone_control	316	0	0	0.12891370180961925	0.12891370180961925	0.12891370180961925	0.0	0.0
monotone_control	317	0	0	0.15744811667571593	0.15744811667571593	0.15744811667571593	0.0	0.0
monotone_control	318	0	0	0.10527177798671891	0.10527177798671891	0.10527177798671891	0.0	0.0
monotone_control	319	0	0	0.12968547420218984	0.12968547420218984	0.12968547420218984	0.0	0.0
monotone_control	320	0	0	0.11681872697367579	0.11681872697367579	0.11681872697367579	0.0	0.0
monotone_control	321	0	0	0.12160122297457171	0.12160122297457171	0.12160122297457171	0.0	0.0
monotone_control	322	0	0	0.1597740234645013	0.1597740234645013	0.1597740234645013	0.0	0.0
monotone_control	323	0	0	0.1223274034705377	0.1223274034705377	0.1223274034705377	0.0	0.0
monotone_control	324	0	0	0.1431834605897185	0.1431834605897185	0.1431834605897185	0.0	0.0
monotone_control	325	0	0	0.10770344951515119	0.10770344951515119	0.10770344951515119	0.0	0.0
monotone_control	326	0	0	0.1422568687962698	0.1422568687962698	0.1422568687962698	0.0	0.0
monotone_control	327	0	0	0.13477909410696998	0.13477909410696998	0.13477909410696998	0.0	0.0
monotone_control	328	0	0	0.11743923865226752	0.11743923865226752	0.11743923865226752	0.0	0.0
monotone_control	329	0	0	0.12898939437093848	0.12898939437093848	0.12898939437093848	0.0	0.0
monotone_control	330	0	0	0.12340474883501049	0.12340474883501049	0.12340474883501049	0.0	0.0
monotone_control	331	0	0	0.1345457697352983	0.1345457697352983	0.1345457697352983	0.0	0.0
monotone_control	332	0	0	0.11901841686993016	0.11901841686993016	0.11901841686993016	0.0	0.0
monotone_control	333	0	0	0.1440340993274598	0.1440340993274598	0.1440340993274598	0.0	0.0
monotone_control	334	0	0	0.13211481895477434	0.13211481895477434	0.13211481895477434	0.0	0.0
monotone_control	335	0	0	0.14885725325906587	0.14885725325906587	0.14885725325906587	0.0	0.0
monotone_control	336	0	0	0.1353543682695377	0.1353543682695377	0.1353543682695377	0.0	0.0
monotone_control	337	0	0	0.13025000645829843	0.13025000645829843	0.13025000645829843	0.0	0.0
monotone_control	338	0	0	0.13811611525310646	0.13811611525310646	0.13811611525310646	0.0	0.0
monotone_control	339	0	0	0.13986121687762154	0.13986121687762154	0.13986121687762154	0.0	0.0
monotone_control	340	0	0	0.120892607603304	0.120892607603304	0.120892607603304	0.0	0.0
monotone_control	341	0	0	0.1399098509869502	0.1399098509869502	0.1399098509869502	0.0	0.0
monotone_control	342	0	0	0.13287476790254404	0.13287476790254404	0.13287476790254404	0.0	0.0
monotone_control	343	0	0	0.1407412247857912	0.1407412247857912	0.1407412247857912	0.0	0.0
monotone_control	344	0	0	0.12448260425571964	0.12448260425571964	0.12448260425571964	0.0	0.0
monotone_control	345	0	0	0.15085795215318165	0.15085795215318165	0.15085795215318165	0.0	0.0
monotone_control	346	0	0	0.14278943991389298	0.14278943991389298	0.14278943991389298	0.0	0.0
monotone_control	347	0	0	0.134674380650503	0.134674380650503	0.134674380650503	0.0	0.0
monotone_control	348	0	0	0.13243506297244428	0.13243506297244428	0.13243506297244428	0.0	0.0
monotone_control	349	0	0	0.11618508573198491	0.11618508573198491	0.11618508573198491	0.0	0.0
monotone_control	350	0	0	0.13800939019885525	0.13800939019885525	0.13800939019885525	0.0	0.0
monotone_control	351	0	0	0.14779157005958765	0.14779157005958765	0.14779157005958765	0.0	0.0
monotone_control	352	0	0	0.14381574190560958	0.14381574190560958	0.14381574190560958	0.0	0.0
monotone_control	353	0	0	0.14440262966569803	0.14440262966569803	0.14440262966569803	0.0	0.0
monotone_control	354	0	0	0.14135444819993537	0.14135444819993537	0.14135444819993537	0.0	0.0
monotone_control	355	0	0	0.13844077706594912	0.13844077706594912	0.13844077706594912	0.0	0.0
monotone_control	356	0	0	0.12362521888575514	0.12362521888575514	0.12362521888575514	0.0	0.0
monotone_control	357	0	0	0.11506717676931236	0.11506717676931236	0.11506717676931236	0.0	0.0
monotone_control	358	0	0	0.14484088463357034	0.14484088463357034	0.14484088463357034	0.0	0.0
monotone_control	359	0	0	0.1370629942341793	0.1370629942341793	0.1370629942341793	0.0	0.0
monotone_control	360	0	0	0.13821072177937246	0.13821072177937246	0.13821072177937246	0.0	0.0
monotone_control	361	0	0	0.13607197771322044	0.13607197771322044	0.13607197771322044	0.0	0.0
monotone_control	362	0	0	0.1302250700806128	0.1302250700806128	0.1302250700806128	0.0	0.0
monotone_control	363	0	0	0.13976539159184279	0.13976539159184279	0.13976539159184279	0.0	0.0
monotone_control	364	0	0	0.1316651628951705	0.1316651628951705	0.1316651628951705	0.0	0.0
monotone_control	365	0	0	0.15239621382901275	0.15239621382901275	0.15239621382901275	0.0	0.0
monotone_control	366	0	0	0.14351794235366677	0.14351794235366677	0.14351794235366677	0.0	0.0
monotone_control	367	0	0	0.13503128671293474	0.13503128671293474	0.13503128671293474	0.0	0.0
monotone_control	368	0	0	0.16682541190267075	0.16682541190267075	0.16682541190267075	0.0	0.0
monotone_control	369	0	0	0.13271313750303734	0.13271313750303734	0.13271313750303734	0.0	0.0
monotone_control	370	0	0	0.12340261218176726	0.12340261218176726	0.12340261218176726	0.0	0.0
monotone_control	371	0	0	0.14301461265988358	0.14301461265988358	0.14301461265988358	0.0	0.0
monotone_control	372	0	0	0.13337150440770923	0.13337150440770923	0.13337150440770923	0.0	0.0
monotone_control	373	0	0	0.12617157079047303	0.12617157079047303	0.12617157079047303	0.0	0.0
monotone_control	374	0	0	0.14244044690283902	0.14244044690283902	0.14244044690283902	0.0	0.0
monotone_control	375	0	0	0.12842216666172745	0.12842216666172745	0.12842216666172745	0.0	0.0
monotone_control	376	0	0	0.14005061053980836	0.14005061053980836	0.14005061053980836	0.0	0.0
monotone_control	377	0	0	0.15139522996897073	0.15139522996897073	0.15139522996897073	0.0	0.0
monotone_control	378	0	0	0.13913723471465206	0.13913723471465206	0.13913723471465206	0.0	0.0
monotone_control	379	0	0	0.11726994464747678	0.11726994464747678	0.11726994464747678	0.0	0.0
monotone_control	380	0	0	0.14479625876699365	0.14479625876699365	0.14479625876699365	0.0	0.0
monotone_control	381	0	0	0.14841172917548595	0.14841172917548595	0.14841172917548595	0.0	0.0
monotone_control	382	0	0	0.15043205298829015	0.15043205298829015	0.15043205298829015	0.0	0.0
monotone_control	383	0	0	0.1395071081457695	0.1395071081457695	0.1395071081457695	0.0	0.0
monotone_control	384	0	0	0.15043571522877616	0.15043571522877616	0.15043571522877616	0.0	0.0
monotone_control	385	0	0	0.13331983589112614	0.13331983589112614	0.13331983589112614	0.0	0.0
monotone_control	386	0	0	0.12466347342768486	0.12466347342768486	0.12466347342768486	0.0	0.0
monotone_control	387	0	0	0.1479048189730452	0.1479048189730452	0.1479048189730452	0.0	0.0
monotone_control	388	0	0	0.14012451584140706	0.14012451584140706	0.14012451584140706	0.0	0.0
monotone_control	389	0	0	0.13126865531694776	0.13126865531694776	0.13126865531694776	0.0	0.0
monotone_control	390	0	0	0.15125924856033493	0.15125924856033493	0.15125924856033493	0.0	0.0
monotone_control	391	0	0	0.13585062024058797	0.13585062024058797	0.13585062024058797	0.0	0.0
monotone_control	392	0	0	0.1340067916551056	0.1340067916551056	0.1340067916551056	0.0	0.0
monotone_control	393	0	0	0.1320950702144661	0.1320950702144661	0.1320950702144661	0.0	0.0
monotone_control	394	0	0	0.1441466586627163	0.1441466586627163	0.1441466586627163	0.0	0.0
monotone_control	395	0	0	0.14247801035581073	0.14247801035581073	0.14247801035581073	0.0	0.0
monotone_control	396	0	0	0.13659787181503463	0.13659787181503463	0.13659787181503463	0.0	0.0
monotone_control	397	0	0	0.15700757871355658	0.15700757871355658	0.15700757871355658	0.0	0.0
monotone_control	398	0	0	0.14926889806867616	0.14926889806867616	0.14926889806867616	0.0	0.0
monotone_control	399	0	0	0.16820245009818796	0.16820245009818796	0.16820245009818796	0.0	0.0
monotone_control	400	0	0	0.15597925069979157	0.15597925069979157	0.15597925069979157	0.0	0.0
monotone_control	401	0	0	0.1425287715668001	0.1425287715668001	0.1425287715668001	0.0	0.0
monotone_control	402	0	0	0.13248204478201014	0.13248204478201014	0.13248204478201014	0.0	0.0
monotone_control	403	0	0	0.13825283495538682	0.13825283495538682	0.13825283495538682	0.0	0.0
monotone_control	404	0	0	0.14047233297646847	0.14047233297646847	0.14047233297646847	0.0	0.0
monotone_control	405	0	0	0.13122095828152702	0.13122095828152702	0.13122095828152702	0.0	0.0
monotone_control	406	0	0	0.14353988201351192	0.14353988201351192	0.14353988201351192	0.0	0.0
monotone_control	407	0	0	0.12928718306962328	0.12928718306962328	0.12928718306962328	0.0	0.0
monotone_control	408	0	0	0.13080629009209477	0.13080629009209477	0.13080629009209477	0.0	0.0
monotone_control	409	0	0	0.1342942690098223	0.1342942690098223	0.1342942690098223	0.0	0.0
monotone_control	410	0	0	0.14539022779244382	0.14539022779244382	0.14539022779244382	0.0	0.0
monotone_control	411	0	0	0.13708296720954877	0.13708296720954877	0.13708296720954877	0.0	0.0
monotone_control	412	0	0	0.14132077099090368	0.14132077099090368	0.14132077099090368	0.0	0.0
monotone_control	413	0	0	0.15896440310347643	0.15896440310347643	0.15896440310347643	0.0	0.0
monotone_control	414	0	0	0.14685947534031688	0.14685947534031688	0.14685947534031688	0.0	0.0
monotone_control	415	0	0	0.12486910282292835	0.12486910282292835	0.12486910282292835	0.0	0.0
monotone_control	416	0	0	0.13537386373366916	0.13537386373366916	0.13537386373366916	0.0	0.0
monotone_control	417	0	0	0.1376817188160504	0.1376817188160504	0.1376817188160504	0.0	0.0
monotone_control	418	0	0	0.12218497331935683	0.12218497331935683	0.12218497331935683	0.0	0.0
monotone_control	419	0	0	0.13592787006419582	0.13592787006419582	0.13592787006419582	0.0	0.0
monotone_control	420	0	0	0.12375000077043305	0.12375000077043305	0.12375000077043305	0.0	0.0
monotone_control	421	0	0	0.13894734136031361	0.13894734136031361	0.13894734136031361	0.0	0.0
monotone_control	422	0	0	0.12544303739755275	0.12544303739755275	0.12544303739755275	0.0	0.0
monotone_control	423	0	0	0.13567590691732845	0.13567590691732845	0.13567590691732845	0.0	0.0
monotone_control	424	0	0	0.14017966453308175	0.14017966453308175	0.14017966453308175	0.0	0.0
monotone_control	425	0	0	0.1337536622919751	0.1337536622919751	0.1337536622919751	0.0	0.0
monotone_control	426	0	0	0.15119089443812664	0.15119089443812664	0.15119089443812664	0.0	0.0
monotone_control	427	0	0	0.13583736339028427	0.13583736339028427	0.13583736339028427	0.0	0.0
monotone_control	428	0	0	0.1452095832176148	0.1452095832176148	0.1452095832176148	0.0	0.0
monotone_control	429	1	0	0.13919000184734137	0.13917288410836365	0.13917288410836365	0.0	0.0125
monotone_control	430	0	0	0.15595589774337887	0.15595589774337887	0.15595589774337887	0.0	0.0
monotone_control	431	0	0	0.1332599293801277	0.1332599293801277	0.1332599293801277	0.0	0.0
monotone_control	432	0	0	0.14198967142163438	0.14198967142163438	0.14198967142163438	0.0	0.0
monotone_control	433	0	0	0.15035654225874923	0.15035654225874923	0.15035654225874923	0.0	0.0
monotone_control	434	0	0	0.12416317329094222	0.12416317329094222	0.12416317329094222	0.0	0.0
monotone_control	435	0	0	0.12722122229685143	0.12722122229685143	0.12722122229685143	0.0	0.0
monotone_control	436	0	0	0.12370702808480245	0.12370702808480245	0.12370702808480245	0.0	0.0
monotone_control	437	0	0	0.13069637628881267	0.13069637628881267	0.13069637628881267	0.0	0.0
monotone_control	438	0	0	0.13847424275263848	0.13847424275263848	0.13847424275263848	0.0	0.0
monotone_control	439	0	0	0.13897261651442486	0.13897261651442486	0.13897261651442486	0.0	0.0
monotone_control	440	0	0	0.1422598240205483	0.1422598240205483	0.1422598240205483	0.0	0.0
monotone_control	441	0	0	0.13545799989874163	0.13545799989874163	0.13545799989874163	0.0	0.0
monotone_control	442	0	0	0.14108193973586539	0.14108193973586539	0.14108193973586539	0.0	0.0
monotone_control	443	0	0	0.14151575054052526	0.14151575054052526	0.14151575054052526	0.0	0.0
monotone_control	444	0	0	0.14589177991529095	0.14589177991529095	0.14589177991529095	0.0	0.0
monotone_control	445	0	0	0.12871802183744055	0.12871802183744055	0.12871802183744055	0.0	0.0
monotone_control	446	0	0	0.13973915040271204	0.13973915040271204	0.13973915040271204	0.0	0.0
monotone_control	447	0	0	0.14613315392427478	0.14613315392427478	0.14613315392427478	0.0	0.0
monotone_control	448	0	0	0.13330034441071237	0.13330034441071237	0.13330034441071237	0.0	0.0
monotone_control	449	0	0	0.12150233559671884	0.12150233559671884	0.12150233559671884	0.0	0.0
monotone_control	450	0	0	0.14148507745139483	0.14148507745139483	0.14148507745139483	0.0	0.0
monotone_control	451	0	0	0.13853433506764204	0.13853433506764204	0.13853433506764204	0.0	0.0
monotone_control	452	0	0	0.1498728731609879	0.1498728731609879	0.1498728731609879	0.0	0.0
monotone_control	453	0	0	0.13663352413587226	0.13663352413587226	0.13663352413587226	0.0	0.0
monotone_control	454	0	0	0.12874197567452417	0.12874197567452417	0.12874197567452417	0.0	0.0
monotone_control	455	0	0	0.14102968628514664	0.14102968628514664	0.14102968628514664	0.0	0.0
monotone_control	456	0	0	0.12505042888788298	0.12505042888788298	0.12505042888788298	0.0	0.0
monotone_control	457	0	0	0.134966407889583	0.134966407889583	0.134966407889583	0.0	0.0
monotone_control	458	0	0	0.13373262142511344	0.13373262142511344	0.13373262142511344	0.0	0.0
monotone_control	459	0	0	0.13011559579429008	0.13011559579429008	0.13011559579429008	0.0	0.0
monotone_control	460	0	0	0.14948434191104643	0.14948434191104643	0.14948434191104643	0.0	0.0
monotone_control	461	0	0	0.12782998289345326	0.12782998289345326	0.12782998289345326	0.0	0.0
monotone_control	462	0	0	0.14922278427914656	0.14922278427914656	0.14922278427914656	0.0	0.0
monotone_control	463	0	0	0.13584739466695894	0.13584739466695894	0.13584739466695894	0.0	0.0
monotone_control	464	0	0	0.13511388530454732	0.13511388530454732	0.13511388530454732	0.0	0.0
monotone_control	465	0	0	0.14597899067258854	0.14597899067258854	0.14597899067258854	0.0	0.0
monotone_control	466	0	0	0.1454944894239322	0.1454944894239322	0.1454944894239322	0.0	0.0
monotone_control	467	0	0	0.12394006115745876	0.12394006115745876	0.12394006115745876	0.0	0.0
monotone_control	468	0	0	0.15506773778313218	0.15506773778313218	0.15506773778313218	0.0	0.0
monotone_control	469	0	0	0.12758171535800575	0.12758171535800575	0.12758171535800575	0.0	0.0
monotone_control	470	0	0	0.1524479058993088	0.1524479058993088	0.1524479058993088	0.0	0.0
monotone_control	471	0	0	0.13489560718148758	0.13489560718148758	0.13489560718148758	0.0	0.0
monotone_control	472	0	0	0.13820492548868485	0.13820492548868485	0.13820492548868485	0.0	0.0
monotone_control	473	0	0	0.15181742320391217	0.15181742320391217	0.15181742320391217	0.0	0.0
monotone_control	474	0	0	0.13950957969919553	0.13950957969919553	0.13950957969919553	0.0	0.0
monotone_control	475	0	0	0.1396330693519015	0.1396330693519015	0.1396330693519015	0.0	0.0
monotone_control	476	0	0	0.12243734883279503	0.12243734883279503	0.12243734883279503	0.0	0.0
monotone_control	477	0	0	0.15284397104138708	0.15284397104138708	0.15284397104138708	0.0	0.0
monotone_control	478	0	0	0.13648436023714416	0.13648436023714416	0.13648436023714416	0.0	0.0
monotone_control	479	0	0	0.14146807504894923	0.14146807504894923	0.14146807504894923	0.0	0.0
monotone_control	480	0	0	0.13128250591293603	0.13128250591293603	0.13128250591293603	0.0	0.0
monotone_control	481	0	0	0.14569149706957465	0.14569149706957465	0.14569149706957465	0.0	0.0
monotone_control	482	0	0	0.1461074619205662	0.1461074619205662	0.1461074619205662	0.0	0.0
monotone_control	483	0	0	0.16579153335809724	0.16579153335809724	0.16579153335809724	0.0	0.0
monotone_control	484	0	0	0.15762478852302164	0.15762478852302164	0.15762478852302164	0.0	0.0
monotone_control	485	0	0	0.11837563145348501	0.11837563145348501	0.11837563145348501	0.0	0.0
monotone_control	486	0	0	0.13070622272916566	0.13070622272916566	0.13070622272916566	0.0	0.0
monotone_control	487	0	0	0.13853051010600595	0.13853051010600595	0.13853051010600595	0.0	0.0
monotone_control	488	0	0	0.14011261176786982	0.14011261176786982	0.14011261176786982	0.0	0.0
monotone_control	489	0	0	0.14153763372406786	0.14153763372406786	0.14153763372406786	0.0	0.0
monotone_control	490	0	0	0.1382126679472343	0.1382126679472343	0.1382126679472343	0.0	0.0
monotone_control	491	0	0	0.14079933744375409	0.14079933744375409	0.14079933744375409	0.0	0.0
monotone_control	492	0	0	0.11440842596432872	0.11440842596432872	0.11440842596432872	0.0	0.0
monotone_control	493	0	0	0.14221513732325217	0.14221513732325217	0.14221513732325217	0.0	0.0
monotone_control	494	0	0	0.12970478165827895	0.12970478165827895	0.12970478165827895	0.0	0.0
monotone_control	495	0	0	0.14810822845608307	0.14810822845608307	0.14810822845608307	0.0	0.0
monotone_control	496	0	0	0.14025038755722563	0.14025038755722563	0.14025038755722563	0.0	0.0
monotone_control	497	0	0	0.15287286140179357	0.15287286140179357	0.15287286140179357	0.0	0.0
monotone_control	498	0	0	0.13846907671918252	0.13846907671918252	0.13846907671918252	0.0	0.0
monotone_control	499	0	0	0.15610415880553632	0.15610415880553632	0.15610415880553632	0.0	0.0
monotone_control	500	0	0	0.14147545044420692	0.14147545044420692	0.14147545044420692	0.0	0.0
monotone_control	501	0	0	0.14523155825670103	0.14523155825670103	0.14523155825670103	0.0	0.0
monotone_control	502	0	0	0.14789392315560987	0.14789392315560987	0.14789392315560987	0.0	0.0
monotone_control	503	0	0	0.14532449042967463	0.14532449042967463	0.14532449042967463	0.0	0.0
monotone_control	504	0	0	0.1488011309945712	0.1488011309945712	0.1488011309945712	0.0	0.0
monotone_control	505	0	0	0.11950636073234491	0.11950636073234491	0.11950636073234491	0.0	0.0
monotone_control	506	0	0	0.1334551949997698	0.1334551949997698	0.1334551949997698	0.0	0.0
monotone_control	507	0	0	0.13586916884113134	0.13586916884113134	0.13586916884113134	0.0	0.0
monotone_control	508	0	0	0.1424145374945616	0.1424145374945616	0.1424145374945616	0.0	0.0
monotone_control	509	0	0	0.12098043417167231	0.12098043417167231	0.12098043417167231	0.0	0.0
monotone_control	510	0	0	0.13092149839398876	0.13092149839398876	0.13092149839398876	0.0	0.0
monotone_control	511	0	0	0.12783515175096444	0.12783515175096444	0.12783515175096444	0.0	0.0
monotone_control	512	0	0	0.15441867563982017	0.15441867563982017	0.15441867563982017	0.0	0.0
monotone_control	513	0	0	0.15476777965954597	0.15476777965954597	0.15476777965954597	0.0	0.0
monotone_control	514	0	0	0.12104423234369521	0.12104423234369521	0.12104423234369521	0.0	0.0
monotone_control	515	0	0	0.14095842757998744	0.14095842757998744	0.14095842757998744	0.0	0.0
monotone_control	516	0	0	0.1285876592742263	0.1285876592742263	0.1285876592742263	0.0	0.0
monotone_control	517	0	0	0.13224232384212037	0.13224232384212037	0.13224232384212037	0.0	0.0
monotone_control	518	0	0	0.13271719975164564	0.13271719975164564	0.13271719975164564	0.0	0.0
monotone_control	519	0	0	0.13568031287639387	0.13568031287639387	0.13568031287639387	0.0	0.0
monotone_control	520	0	0	0.13689844735499482	0.13689844735499482	0.13689844735499482	0.0	0.0
monotone_control	521	0	0	0.15130994797808622	0.15130994797808622	0.15130994797808622	0.0	0.0
monotone_control	522	0	0	0.13696124512279234	0.13696124512279234	0.13696124512279234	0.0	0.0
monotone_control	523	0	0	0.15845630364158247	0.15845630364158247	0.15845630364158247	0.0	0.0
monotone_control	524	0	0	0.13839473836663949	0.13839473836663949	0.13839473836663949	0.0	0.0
monotone_control	525	0	0	0.15228861996413393	0.15228861996413393	0.15228861996413393	0.0	0.0
monotone_control	526	0	0	0.1459758421864127	0.1459758421864127	0.1459758421864127	0.0	0.0
monotone_control	527	0	0	0.15710658568783872	0.15710658568783872	0.15710658568783872	0.0	0.0
monotone_control	528	0	0	0.15462209224214798	0.15462209224214798	0.15462209224214798	0.0	0.0
monotone_control	529	0	0	0.13853483271056807	0.13853483271056807	0.13853483271056807	0.0	0.0
monotone_control	530	0	0	0.13898565109978117	0.13898565109978117	0.13898565109978117	0.0	0.0
monotone_control	531	0	0	0.13268820002275278	0.13268820002275278	0.13268820002275278	0.0	0.0
monotone_control	532	0	0	0.12716646727373054	0.12716646727373054	0.12716646727373054	0.0	0.0
monotone_control	533	0	0	0.13764683307924802	0.13764683307924802	0.13764683307924802	0.0	0.0
monotone_control	534	0	0	0.14060584967447606	0.14060584967447606	0.14060584967447606	0.0	0.0
monotone_control	535	0	0	0.14028308601367492	0.14028308601367492	0.14028308601367492	0.0	0.0
monotone_control	536	0	0	0.13951790628034294	0.13951790628034294	0.13951790628034294	0.0	0.0
monotone_control	537	0	0	0.14546633672957276	0.14546633672957276	0.14546633672957276	0.0	0.0
monotone_control	538	0	0	0.1398921207597239	0.1398921207597239	0.1398921207597239	0.0	0.0
monotone_control	539	0	0	0.1330845374584188	0.1330845374584188	0.1330845374584188	0.0	0.0
monotone_control	540	0	0	0.1455248894849358	0.1455248894849358	0.1455248894849358	0.0	0.0
monotone_control	541	0	0	0.13839379463281146	0.13839379463281146	0.13839379463281146	0.0	0.0
monotone_control	542	0	0	0.14653660354032014	0.14653660354032014	0.14653660354032014	0.0	0.0
monotone_control	543	0	0	0.15666898308318916	0.15666898308318916	0.15666898308318916	0.0	0.0
monotone_control	544	0	0	0.14435457142648717	0.14435457142648717	0.14435457142648717	0.0	0.0
monotone_control	545	0	0	0.1598329777469068	0.1598329777469068	0.1598329777469068	0.0	0.0
monotone_control	546	0	0	0.1322018734204608	0.1322018734204608	0.1322018734204608	0.0	0.0
monotone_control	547	0	0	0.14268408109261393	0.14268408109261393	0.14268408109261393	0.0	0.0
monotone_control	548	0	0	0.13379643759086937	0.13379643759086937	0.13379643759086937	0.0	0.0
monotone_control	549	0	0	0.14264572909731404	0.14264572909731404	0.14264572909731404	0.0	0.0
monotone_control	550	0	0	0.1461539480026049	0.1461539480026049	0.1461539480026049	0.0	0.0
monotone_control	551	0	0	0.12628137480196805	0.12628137480196805	0.12628137480196805	0.0	0.0
monotone_control	552	0	0	0.13872219585775503	0.13872219585775503	0.13872219585775503	0.0	0.0
monotone_control	553	0	0	0.1413534409287406	0.1413534409287406	0.1413534409287406	0.0	0.0
monotone_control	554	0	0	0.14424737660353693	0.14424737660353693	0.14424737660353693	0.0	0.0
monotone_control	555	0	0	0.12613970492721743	0.12613970492721743	0.12613970492721743	0.0	0.0
monotone_control	556	0	0	0.1511147089538446	0.1511147089538446	0.1511147089538446	0.0	0.0
monotone_control	557	0	0	0.1426542362563839	0.1426542362563839	0.1426542362563839	0.0	0.0
monotone_control	558	0	0	0.13428169365300144	0.13428169365300144	0.13428169365300144	0.0	0.0
monotone_control	559	0	0	0.10632525017004647	0.10632525017004647	0.10632525017004647	0.0	0.0
monotone_control	560	0	0	0.135759134805031	0.135759134805031	0.135759134805031	0.0	0.0
monotone_control	561	0	0	0.16680423594431923	0.16680423594431923	0.16680423594431923	0.0	0.0
monotone_control	562	0	0	0.1491902321399774	0.1491902321399774	0.1491902321399774	0.0	0.0
monotone_control	563	0	0	0.13276427293961743	0.13276427293961743	0.13276427293961743	0.0	0.0
monotone_control	564	0	0	0.13115298293738936	0.13115298293738936	0.13115298293738936	0.0	0.0
monotone_control	565	0	0	0.1346037697042694	0.1346037697042694	0.1346037697042694	0.0	0.0
monotone_control	566	0	0	0.13726364143112774	0.13726364143112774	0.13726364143112774	0.0	0.0
monotone_control	567	0	0	0.14944288776051573	0.14944288776051573	0.14944288776051573	0.0	0.0
monotone_control	568	0	0	0.12599686814249444	0.12599686814249444	0.12599686814249444	0.0	0.0
monotone_control	569	0	0	0.1429778217735817	0.1429778217735817	0.1429778217735817	0.0	0.0
monotone_control	570	0	0	0.14295262938916797	0.14295262938916797	0.14295262938916797	0.0	0.0
monotone_control	571	0	0	0.13250611485415048	0.13250611485415048	0.13250611485415048	0.0	0.0
monotone_control	572	0	0	0.17476848079787033	0.17476848079787033	0.17476848079787033	0.0	0.0
monotone_control	573	1	0	0.14655334281219384	0.14654779122151224	0.14654779122151224	0.0	0.0125
monotone_control	574	0	0	0.13171827705669698	0.13171827705669698	0.13171827705669698	0.0	0.0
monotone_control	575	0	0	0.13450915352379483	0.13450915352379483	0.13450915352379483	0.0	0.0
monotone_control	576	0	0	0.13577777584970324	0.13577777584970324	0.13577777584970324	0.0	0.0
monotone_control	577	0	0	0.13872554075165802	0.13872554075165802	0.13872554075165802	0.0	0.0
monotone_control	578	0	0	0.12832955897191045	0.12832955897191045	0.12832955897191045	0.0	0.0
monotone_control	579	0	0	0.13120472073984835	0.13120472073984835	0.13120472073984835	0.0	0.0
monotone_control	580	0	0	0.14131078067636138	0.14131078067636138	0.14131078067636138	0.0	0.0
monotone_control	581	0	0	0.1215434843560457	0.1215434843560457	0.1215434843560457	0.0	0.0
monotone_control	582	0	0	0.14636819072893514	0.14636819072893514	0.14636819072893514	0.0	0.0
monotone_control	583	0	0	0.13285022479474054	0.13285022479474054	0.13285022479474054	0.0	0.0
monotone_control	584	0	0	0.14519689627477975	0.14519689627477975	0.14519689627477975	0.0	0.0
monotone_control	585	0	0	0.12937469253836426	0.12937469253836426	0.12937469253836426	0.0	0.0
monotone_control	586	0	0	0.1374773874024994	0.1374773874024994	0.1374773874024994	0.0	0.0
monotone_control	587	0	0	0.1389923305640555	0.1389923305640555	0.1389923305640555	0.0	0.0
monotone_control	588	0	0	0.13431789983765954	0.13431789983765954	0.13431789983765954	0.0	0.0
monotone_control	589	0	0	0.13620303550211846	0.13620303550211846	0.13620303550211846	0.0	0.0
monotone_control	590	0	0	0.15665093230311966	0.15665093230311966	0.15665093230311966	0.0	0.0
monotone_control	591	0	0	0.14605290859018805	0.14605290859018805	0.14605290859018805	0.0	0.0
monotone_control	592	0	0	0.13362721652032825	0.13362721652032825	0.13362721652032825	0.0	0.0
monotone_control	593	0	0	0.12491717493402092	0.12491717493402092	0.12491717493402092	0.0	0.0
monotone_control	594	0	0	0.1315649880089186	0.1315649880089186	0.1315649880089186	0.0	0.0
monotone_control	595	0	0	0.1269810814115503	0.1269810814115503	0.1269810814115503	0.0	0.0
monotone_control	596	0	0	0.1443115132471052	0.1443115132471052	0.1443115132471052	0.0	0.0
monotone_control	597	0	0	0.14995112284360473	0.14995112284360473	0.14995112284360473	0.0	0.0
monotone_control	598	0	0	0.13728343520646294	0.13728343520646294	0.13728343520646294	0.0	0.0
monotone_control	599	0	0	0.14491081917119336	0.14491081917119336	0.14491081917119336	0.0	0.0
monotone_control	600	0	0	0.11925002955799327	0.11925002955799327	0.11925002955799327	0.0	0.0
monotone_control	601	0	0	0.12396569747927347	0.12396569747927347	0.12396569747927347	0.0	0.0
monotone_control	602	0	0	0.14358215006535338	0.14358215006535338	0.14358215006535338	0.0	0.0
monotone_control	603	0	0	0.13653354146930471	0.13653354146930471	0.13653354146930471	0.0	0.0
monotone_control	604	0	0	0.1502428456396706	0.1502428456396706	0.1502428456396706	0.0	0.0
monotone_control	605	0	0	0.1393661046009096	0.1393661046009096	0.1393661046009096	0.0	0.0
monotone_control	606	0	0	0.12603871948932466	0.12603871948932466	0.12603871948932466	0.0	0.0
monotone_control	607	0	0	0.13374859159672559	0.13374859159672559	0.13374859159672559	0.0	0.0
monotone_control	608	0	0	0.1309404052239786	0.1309404052239786	0.1309404052239786	0.0	0.0
monotone_control	609	0	0	0.12254668377196426	0.12254668377196426	0.12254668377196426	0.0	0.0
monotone_control	610	0	0	0.1308106014057036	0.1308106014057036	0.1308106014057036	0.0	0.0
monotone_control	611	0	0	0.12336041128135902	0.12336041128135902	0.12336041128135902	0.0	0.0
monotone_control	612	0	0	0.14543144120620072	0.14543144120620072	0.14543144120620072	0.0	0.0
monotone_control	613	0	0	0.14508527038061808	0.14508527038061808	0.14508527038061808	0.0	0.0
monotone_control	614	0	0	0.15534702694555136	0.15534702694555136	0.15534702694555136	0.0	0.0
monotone_control	615	0	0	0.14466200621838282	0.14466200621838282	0.14466200621838282	0.0	0.0
monotone_control	616	0	0	0.15070908030287877	0.15070908030287877	0.15070908030287877	0.0	0.0
monotone_control	617	0	0	0.13407885991997506	0.13407885991997506	0.13407885991997506	0.0	0.0
monotone_control	618	0	0	0.12600363584419064	0.12600363584419064	0.12600363584419064	0.0	0.0
monotone_control	619	0	0	0.15048870453733415	0.15048870453733415	0.15048870453733415	0.0	0.0
monotone_control	620	0	0	0.13796573088219485	0.13796573088219485	0.13796573088219485	0.0	0.0
monotone_control	621	0	0	0.1306469198875413	0.1306469198875413	0.1306469198875413	0.0	0.0
monotone_control	622	0	0	0.13526340116524	0.13526340116524	0.13526340116524	0.0	0.0
monotone_control	623	0	0	0.15962768956529444	0.15962768956529444	0.15962768956529444	0.0	0.0
monotone_control	624	0	0	0.13716253617233568	0.13716253617233568	0.13716253617233568	0.0	0.0
monotone_control	625	0	0	0.13497464580189578	0.13497464580189578	0.13497464580189578	0.0	0.0
monotone_control	626	0	0	0.13072976498177738	0.13072976498177738	0.13072976498177738	0.0	0.0
monotone_control	627	0	0	0.12359937192872766	0.12359937192872766	0.12359937192872766	0.0	0.0
monotone_control	628	0	0	0.1347476743134938	0.1347476743134938	0.1347476743134938	0.0	0.0
monotone_control	629	0	0	0.12726561978375983	0.12726561978375983	0.12726561978375983	0.0	0.0
monotone_control	630	0	0	0.14686406526448376	0.14686406526448376	0.14686406526448376	0.0	0.0
monotone_control	631	0	0	0.12568376728902267	0.12568376728902267	0.12568376728902267	0.0	0.0
monotone_control	632	0	0	0.1263825299685765	0.1263825299685765	0.1263825299685765	0.0	0.0
monotone_control	633	0	0	0.15410753843700212	0.15410753843700212	0.15410753843700212	0.0	0.0
monotone_control	634	0	0	0.13431480867746165	0.13431480867746165	0.13431480867746165	0.0	0.0
monotone_control	635	0	0	0.13647015709422872	0.13647015709422872	0.13647015709422872	0.0	0.0
monotone_control	636	0	0	0.11895778562378122	0.11895778562378122	0.11895778562378122	0.0	0.0
monotone_control	637	0	0	0.1321877156896354	0.1321877156896354	0.1321877156896354	0.0	0.0
monotone_control	638	0	0	0.12319530529471412	0.12319530529471412	0.12319530529471412	0.0	0.0
monotone_control	639	0	0	0.1411242266620931	0.1411242266620931	0.1411242266620931	0.0	0.0
monotone_control	640	0	0	0.14092709825458913	0.14092709825458913	0.14092709825458913	0.0	0.0
monotone_control	641	0	0	0.12673048231374867	0.12673048231374867	0.12673048231374867	0.0	0.0
monotone_control	642	0	0	0.1272066995020651	0.1272066995020651	0.1272066995020651	0.0	0.0
monotone_control	643	0	0	0.14445679635922226	0.14445679635922226	0.14445679635922226	0.0	0.0
monotone_control	644	0	0	0.13280593723939976	0.13280593723939976	0.13280593723939976	0.0	0.0
monotone_control	645	0	0	0.13770756135548992	0.13770756135548992	0.13770756135548992	0.0	0.0
monotone_control	646	0	0	0.13959182719484264	0.13959182719484264	0.13959182719484264	0.0	0.0
monotone_control	647	0	0	0.15398055227962226	0.15398055227962226	0.15398055227962226	0.0	0.0
monotone_control	648	0	0	0.14972643603568067	0.14972643603568067	0.14972643603568067	0.0	0.0
monotone_control	649	0	0	0.12457369555383058	0.12457369555383058	0.12457369555383058	0.0	0.0
monotone_control	650	0	0	0.14962826240952737	0.14962826240952737	0.14962826240952737	0.0	0.0
monotone_control	651	0	0	0.12215754605585526	0.12215754605585526	0.12215754605585526	0.0	0.0
monotone_control	652	0	0	0.12476246675592591	0.12476246675592591	0.12476246675592591	0.0	0.0
monotone_control	653	0	0	0.13088577673142274	0.13088577673142274	0.13088577673142274	0.0	0.0
monotone_control	654	0	0	0.13126193988754853	0.13126193988754853	0.13126193988754853	0.0	0.0
monotone_control	655	0	0	0.14545122716941988	0.14545122716941988	0.14545122716941988	0.0	0.0
monotone_control	656	0	0	0.12585594623507942	0.12585594623507942	0.12585594623507942	0.0	0.0
monotone_control	657	0	0	0.1400390648258053	0.1400390648258053	0.1400390648258053	0.0	0.0
monotone_control	658	0	0	0.14411546834893274	0.14411546834893274	0.14411546834893274	0.0	0.0
monotone_control	659	0	0	0.13568229746986044	0.13568229746986044	0.13568229746986044	0.0	0.0
monotone_control	660	0	0	0.1304823548862205	0.1304823548862205	0.1304823548862205	0.0	0.0
monotone_control	661	0	0	0.12925330936597232	0.12925330936597232	0.12925330936597232	0.0	0.0
monotone_control	662	0	0	0.13197592406059833	0.13197592406059833	0.13197592406059833	0.0	0.0
monotone_control	663	0	0	0.13002076366368026	0.13002076366368026	0.13002076366368026	0.0	0.0
monotone_control	664	0	0	0.1378405577938444	0.1378405577938444	0.1378405577938444	0.0	0.0
monotone_control	665	0	0	0.13289642086781522	0.13289642086781522	0.13289642086781522	0.0	0.0
monotone_control	666	0	0	0.13144118999361426	0.13144118999361426	0.13144118999361426	0.0	0.0
monotone_control	667	0	0	0.14309476920823028	0.14309476920823028	0.14309476920823028	0.0	0.0
monotone_control	668	0	0	0.14509159737282426	0.14509159737282426	0.14509159737282426	0.0	0.0
monotone_control	669	0	0	0.13365089737866567	0.13365089737866567	0.13365089737866567	0.0	0.0
monotone_control	670	0	0	0.13553063309075242	0.13553063309075242	0.13553063309075242	0.0	0.0
monotone_control	671	0	0	0.12941753325699537	0.12941753325699537	0.12941753325699537	0.0	0.0
monotone_control	672	0	0	0.14090153951914935	0.14090153951914935	0.14090153951914935	0.0	0.0
monotone_control	673	0	0	0.13406856990263574	0.13406856990263574	0.13406856990263574	0.0	0.0
monotone_control	674	0	0	0.15317348135141517	0.15317348135141517	0.15317348135141517	0.0	0.0
monotone_control	675	0	0	0.13324486085593482	0.13324486085593482	0.13324486085593482	0.0	0.0
monotone_control	676	0	0	0.12260915190754401	0.12260915190754401	0.12260915190754401	0.0	0.0
monotone_control	677	0	0	0.1433719141525705	0.1433719141525705	0.1433719141525705	0.0	0.0
monotone_control	678	0	0	0.11764043929514566	0.11764043929514566	0.11764043929514566	0.0	0.0
monotone_control	679	0	0	0.1382537433884818	0.1382537433884818	0.1382537433884818	0.0	0.0
monotone_control	680	0	0	0.11892521769871384	0.11892521769871384	0.11892521769871384	0.0	0.0
monotone_control	681	0	0	0.1344624263796703	0.1344624263796703	0.1344624263796703	0.0	0.0
monotone_control	682	0	0	0.1387046961686366	0.1387046961686366	0.1387046961686366	0.0	0.0
monotone_control	683	0	0	0.14588160768439304	0.14588160768439304	0.14588160768439304	0.0	0.0
monotone_control	684	0	0	0.14093550074158873	0.14093550074158873	0.14093550074158873	0.0	0.0
monotone_control	685	0	0	0.13792733193278148	0.13792733193278148	0.13792733193278148	0.0	0.0
monotone_control	686	0	0	0.13110894554262897	0.13110894554262897	0.13110894554262897	0.0	0.0
monotone_control	687	0	0	0.1518741318896068	0.1518741318896068	0.1518741318896068	0.0	0.0
monotone_control	688	0	0	0.15984161964041982	0.15984161964041982	0.15984161964041982	0.0	0.0
monotone_control	689	0	0	0.134611623283381	0.134611623283381	0.134611623283381	0.0	0.0
monotone_control	690	0	0	0.1265517240626962	0.1265517240626962	0.1265517240626962	0.0	0.0
monotone_control	691	0	0	0.1271683285427921	0.1271683285427921	0.1271683285427921	0.0	0.0
monotone_control	692	0	0	0.13993850745013076	0.13993850745013076	0.13993850745013076	0.0	0.0
monotone_control	693	0	0	0.14047402572031034	0.14047402572031034	0.14047402572031034	0.0	0.0
monotone_control	694	0	0	0.1452204833387308	0.1452204833387308	0.1452204833387308	0.0	0.0
monotone_control	695	0	0	0.11969398564084006	0.11969398564084006	0.11969398564084006	0.0	0.0
monotone_control	696	0	0	0.12662488417876516	0.12662488417876516	0.12662488417876516	0.0	0.0
monotone_control	697	0	0	0.13856675032727048	0.13856675032727048	0.13856675032727048	0.0	0.0
monotone_control	698	0	0	0.12563010309535452	0.12563010309535452	0.12563010309535452	0.0	0.0
monotone_control	699	0	0	0.11102500407035898	0.11102500407035898	0.11102500407035898	0.0	0.0
monotone_control	700	0	0	0.1417836914261287	0.1417836914261287	0.1417836914261287	0.0	0.0
monotone_control	701	0	0	0.13843851309112787	0.13843851309112787	0.13843851309112787	0.0	0.0
monotone_control	702	0	0	0.1329080387832858	0.1329080387832858	0.1329080387832858	0.0	0.0
monotone_control	703	0	0	0.14380494851414236	0.14380494851414236	0.14380494851414236	0.0	0.0
monotone_control	704	0	0	0.13373766134759207	0.13373766134759207	0.13373766134759207	0.0	0.0
monotone_control	705	0	0	0.16385901625019622	0.16385901625019622	0.16385901625019622	0.0	0.0
monotone_control	706	0	0	0.13848681995757614	0.13848681995757614	0.13848681995757614	0.0	0.0
monotone_control	707	0	0	0.15984119011216635	0.15984119011216635	0.15984119011216635	0.0	0.0
monotone_control	708	0	0	0.1365015429362107	0.1365015429362107	0.1365015429362107	0.0	0.0
monotone_control	709	0	0	0.12826644513133062	0.12826644513133062	0.12826644513133062	0.0	0.0
monotone_control	710	0	0	0.13232827538229963	0.13232827538229963	0.13232827538229963	0.0	0.0
monotone_control	711	0	0	0.12571418289181352	0.12571418289181352	0.12571418289181352	0.0	0.0
monotone_control	712	0	0	0.14617507364920335	0.14617507364920335	0.14617507364920335	0.0	0.0
monotone_control	713	0	0	0.1218191801149042	0.1218191801149042	0.1218191801149042	0.0	0.0
monotone_control	714	0	0	0.150248444719632	0.150248444719632	0.150248444719632	0.0	0.0
monotone_control	715	0	0	0.1381700284594707	0.1381700284594707	0.1381700284594707	0.0	0.0
monotone_control	716	0	0	0.15065587770638364	0.15065587770638364	0.15065587770638364	0.0	0.0
monotone_control	717	0	0	0.12451324174663397	0.12451324174663397	0.12451324174663397	0.0	0.0
monotone_control	718	0	0	0.14275228359492986	0.14275228359492986	0.14275228359492986	0.0	0.0
monotone_control	719	0	0	0.14358906039756497	0.14358906039756497	0.14358906039756497	0.0	0.0
monotone_control	720	0	0	0.14026520008224194	0.14026520008224194	0.14026520008224194	0.0	0.0
monotone_control	721	0	0	0.14024858005938257	0.14024858005938257	0.14024858005938257	0.0	0.0
monotone_control	722	0	0	0.1483260399972433	0.1483260399972433	0.1483260399972433	0.0	0.0
monotone_control	723	0	0	0.13891810079549538	0.13891810079549538	0.13891810079549538	0.0	0.0
monotone_control	724	0	0	0.12187453080525917	0.12187453080525917	0.12187453080525917	0.0	0.0
monotone_control	725	0	0	0.14293743368620793	0.14293743368620793	0.14293743368620793	0.0	0.0
monotone_control	726	0	0	0.14275673536495123	0.14275673536495123	0.14275673536495123	0.0	0.0
monotone_control	727	0	0	0.13688477423155376	0.13688477423155376	0.13688477423155376	0.0	0.0
monotone_control	728	0	0	0.1343642527638795	0.1343642527638795	0.1343642527638795	0.0	0.0
monotone_control	729	0	0	0.14122147341696878	0.14122147341696878	0.14122147341696878	0.0	0.0
monotone_control	730	0	0	0.13124935854847786	0.13124935854847786	0.13124935854847786	0.0	0.0
monotone_control	731	0	0	0.1386426065389853	0.1386426065389853	0.1386426065389853	0.0	0.0
monotone_control	732	0	0	0.12599325120241517	0.12599325120241517	0.12599325120241517	0.0	0.0
monotone_control	733	0	0	0.1444512744029322	0.1444512744029322	0.1444512744029322	0.0	0.0
monotone_control	734	0	0	0.14013052024714862	0.14013052024714862	0.14013052024714862	0.0	0.0
monotone_control	735	0	0	0.14669534803561032	0.14669534803561032	0.14669534803561032	0.0	0.0
monotone_control	736	0	0	0.13805248305607518	0.13805248305607518	0.13805248305607518	0.0	0.0
monotone_control	737	0	0	0.1427561557098359	0.1427561557098359	0.1427561557098359	0.0	0.0
monotone_control	738	0	0	0.14432594863259332	0.14432594863259332	0.14432594863259332	0.0	0.0
monotone_control	739	0	0	0.13994812363032155	0.13994812363032155	0.13994812363032155	0.0	0.0
monotone_control	740	0	0	0.13883521407900973	0.13883521407900973	0.13883521407900973	0.0	0.0
monotone_control	741	0	0	0.12160899742895563	0.12160899742895563	0.12160899742895563	0.0	0.0
monotone_control	742	0	0	0.12531197288028567	0.12531197288028567	0.12531197288028567	0.0	0.0
monotone_control	743	0	0	0.1618933382979004	0.1618933382979004	0.1618933382979004	0.0	0.0
monotone_control	744	0	0	0.13151291500721082	0.13151291500721082	0.13151291500721082	0.0	0.0
monotone_control	745	0	0	0.1477343249246663	0.1477343249246663	0.1477343249246663	0.0	0.0
monotone_control	746	0	0	0.12289433432361374	0.12289433432361374	0.12289433432361374	0.0	0.0
monotone_control	747	0	0	0.1306146532981731	0.1306146532981731	0.1306146532981731	0.0	0.0
monotone_control	748	0	0	0.13141010375229495	0.13141010375229495	0.13141010375229495	0.0	0.0
monotone_control	749	0	0	0.1272479457298461	0.1272479457298461	0.1272479457298461	0.0	0.0
monotone_control	750	0	0	0.13054841546353277	0.13054841546353277	0.13054841546353277	0.0	0.0
monotone_control	751	0	0	0.14219329896993504	0.14219329896993504	0.14219329896993504	0.0	0.0
monotone_control	752	0	0	0.1388988086944093	0.1388988086944093	0.1388988086944093	0.0	0.0
monotone_control	753	0	0	0.15542411035414663	0.15542411035414663	0.15542411035414663	0.0	0.0
monotone_control	754	0	0	0.12068943576829136	0.12068943576829136	0.12068943576829136	0.0	0.0
monotone_control	755	0	0	0.15234540278513248	0.15234540278513248	0.15234540278513248	0.0	0.0
monotone_control	756	0	0	0.1274132405107589	0.1274132405107589	0.1274132405107589	0.0	0.0
monotone_control	757	0	0	0.1245498584474069	0.1245498584474069	0.1245498584474069	0.0	0.0
monotone_control	758	0	0	0.13085540311013028	0.13085540311013028	0.13085540311013028	0.0	0.0
monotone_control	759	0	0	0.1416065875134931	0.1416065875134931	0.1416065875134931	0.0	0.0
monotone_control	760	0	0	0.1459871185294903	0.1459871185294903	0.1459871185294903	0.0	0.0
monotone_control	761	0	0	0.13685046150999353	0.13685046150999353	0.13685046150999353	0.0	0.0
monotone_control	762	0	0	0.12396570258274472	0.12396570258274472	0.12396570258274472	0.0	0.0
monotone_control	763	0	0	0.13218268207681722	0.13218268207681722	0.13218268207681722	0.0	0.0
monotone_control	764	0	0	0.1211210431854185	0.1211210431854185	0.1211210431854185	0.0	0.0
monotone_control	765	0	0	0.15447049288317605	0.15447049288317605	0.15447049288317605	0.0	0.0
monotone_control	766	0	0	0.13074502445066216	0.13074502445066216	0.13074502445066216	0.0	0.0
monotone_control	767	0	0	0.14746899093745117	0.14746899093745117	0.14746899093745117	0.0	0.0
monotone_control	768	0	0	0.13958194460813633	0.13958194460813633	0.13958194460813633	0.0	0.0
monotone_control	769	0	0	0.13664934293287967	0.13664934293287967	0.13664934293287967	0.0	0.0
monotone_control	770	0	0	0.14008345618733428	0.14008345618733428	0.14008345618733428	0.0	0.0
monotone_control	771	0	0	0.13673000897167742	0.13673000897167742	0.13673000897167742	0.0	0.0
monotone_control	772	0	0	0.13450170218102261	0.13450170218102261	0.13450170218102261	0.0	0.0
monotone_control	773	0	0	0.13840211523287516	0.13840211523287516	0.13840211523287516	0.0	0.0
monotone_control	774	0	0	0.1398220402614307	0.1398220402614307	0.1398220402614307	0.0	0.0
monotone_control	775	0	0	0.15428725182942887	0.15428725182942887	0.15428725182942887	0.0	0.0
monotone_control	776	0	0	0.13069526646976132	0.13069526646976132	0.13069526646976132	0.0	0.0
monotone_control	777	0	0	0.13049732675495215	0.13049732675495215	0.13049732675495215	0.0	0.0
monotone_control	778	0	0	0.1281833104040742	0.1281833104040742	0.1281833104040742	0.0	0.0
monotone_control	779	0	0	0.11386670163881699	0.11386670163881699	0.11386670163881699	0.0	0.0
monotone_control	780	0	0	0.1281296266743416	0.1281296266743416	0.1281296266743416	0.0	0.0
monotone_control	781	0	0	0.13846353971978076	0.13846353971978076	0.13846353971978076	0.0	0.0
monotone_control	782	0	0	0.12995104866494916	0.12995104866494916	0.12995104866494916	0.0	0.0
monotone_control	783	0	0	0.157442259261105	0.157442259261105	0.157442259261105	0.0	0.0
monotone_control	784	0	0	0.12826161783961132	0.12826161783961132	0.12826161783961132	0.0	0.0
monotone_control	785	0	0	0.12374391587925261	0.12374391587925261	0.12374391587925261	0.0	0.0
monotone_control	786	0	0	0.1367985918349577	0.1367985918349577	0.1367985918349577	0.0	0.0
monotone_control	787	0	0	0.15474422591635315	0.15474422591635315	0.15474422591635315	0.0	0.0
monotone_control	788	0	0	0.1372207251723186	0.1372207251723186	0.1372207251723186	0.0	0.0
monotone_control	789	0	0	0.1651726739269693	0.1651726739269693	0.1651726739269693	0.0	0.0
monotone_control	790	0	0	0.1390858795855687	0.1390858795855687	0.1390858795855687	0.0	0.0
monotone_control	791	0	0	0.1509627954356148	0.1509627954356148	0.1509627954356148	0.0	0.0
monotone_control	792	0	0	0.12982107198371085	0.12982107198371085	0.12982107198371085	0.0	0.0
monotone_control	793	0	0	0.148026945342063	0.148026945342063	0.148026945342063	0.0	0.0
monotone_control	794	0	0	0.11945329155153996	0.11945329155153996	0.11945329155153996	0.0	0.0
monotone_control	795	0	0	0.13636769679571423	0.13636769679571423	0.13636769679571423	0.0	0.0
monotone_control	796	0	0	0.1331895306314561	0.1331895306314561	0.1331895306314561	0.0	0.0
monotone_control	797	0	0	0.12078266166034338	0.12078266166034338	0.12078266166034338	0.0	0.0
monotone_control	798	0	0	0.1268705037871207	0.1268705037871207	0.1268705037871207	0.0	0.0
monotone_control	799	0	0	0.12687869694002346	0.12687869694002346	0.12687869694002346	0.0	0.0
monotone_control	800	0	0	0.1416863035201224	0.1416863035201224	0.1416863035201224	0.0	0.0
monotone_control	801	0	0	0.14686211780486175	0.14686211780486175	0.14686211780486175	0.0	0.0
monotone_control	802	0	0	0.13303049908900022	0.13303049908900022	0.13303049908900022	0.0	0.0
monotone_control	803	0	0	0.1259692546285457	0.1259692546285457	0.1259692546285457	0.0	0.0
monotone_control	804	0	0	0.14514129804143833	0.14514129804143833	0.14514129804143833	0.0	0.0
monotone_control	805	0	0	0.16595110722904127	0.16595110722904127	0.16595110722904127	0.0	0.0
monotone_control	806	0	0	0.1284651613589745	0.1284651613589745	0.1284651613589745	0.0	0.0
monotone_control	807	0	0	0.11454824492150978	0.11454824492150978	0.11454824492150978	0.0	0.0
monotone_control	808	0	0	0.13675114813381722	0.13675114813381722	0.13675114813381722	0.0	0.0
monotone_control	809	0	0	0.12367621159009773	0.12367621159009773	0.12367621159009773	0.0	0.0
monotone_control	810	0	0	0.13705585980520962	0.13705585980520962	0.13705585980520962	0.0	0.0
monotone_control	811	0	0	0.12458485341992004	0.12458485341992004	0.12458485341992004	0.0	0.0
monotone_control	812	0	0	0.1328678342763289	0.1328678342763289	0.1328678342763289	0.0	0.0
monotone_control	813	0	0	0.16077168012343165	0.16077168012343165	0.16077168012343165	0.0	0.0
monotone_control	814	0	0	0.12943137954290193	0.12943137954290193	0.12943137954290193	0.0	0.0
monotone_control	815	0	0	0.14539233404400503	0.14539233404400503	0.14539233404400503	0.0	0.0
monotone_control	816	0	0	0.1537478476001456	0.1537478476001456	0.1537478476001456	0.0	0.0
monotone_control	817	0	0	0.1430809366908671	0.1430809366908671	0.1430809366908671	0.0	0.0
monotone_control	818	0	0	0.1357755023520934	0.1357755023520934	0.1357755023520934	0.0	0.0
monotone_control	819	0	0	0.13321611623997814	0.13321611623997814	0.13321611623997814	0.0	0.0
monotone_control	820	0	0	0.14761762570468265	0.14761762570468265	0.14761762570468265	0.0	0.0
monotone_control	821	0	0	0.1412068314697364	0.1412068314697364	0.1412068314697364	0.0	0.0
monotone_control	822	0	0	0.1298863938837585	0.1298863938837585	0.1298863938837585	0.0	0.0
monotone_control	823	0	0	0.12391951329736309	0.12391951329736309	0.12391951329736309	0.0	0.0
monotone_control	824	0	0	0.13987946639867888	0.13987946639867888	0.13987946639867888	0.0	0.0
monotone_control	825	0	0	0.12217733788318419	0.12217733788318419	0.12217733788318419	0.0	0.0
monotone_control	826	0	0	0.13003339738410802	0.13003339738410802	0.13003339738410802	0.0	0.0
monotone_control	827	0	0	0.12602103880093712	0.12602103880093712	0.12602103880093712	0.0	0.0
monotone_control	828	0	0	0.12736843813532203	0.12736843813532203	0.12736843813532203	0.0	0.0
monotone_control	829	0	0	0.11867866623731846	0.11867866623731846	0.11867866623731846	0.0	0.0
monotone_control	830	0	0	0.13253941742906244	0.13253941742906244	0.13253941742906244	0.0	0.0
monotone_control	831	0	0	0.15137558085921315	0.15137558085921315	0.15137558085921315	0.0	0.0
monotone_control	832	0	0	0.13481211232222098	0.13481211232222098	0.13481211232222098	0.0	0.0
monotone_control	833	0	0	0.1253433895080853	0.1253433895080853	0.1253433895080853	0.0	0.0
monotone_control	834	0	0	0.13523998629853315	0.13523998629853315	0.13523998629853315	0.0	0.0
monotone_control	835	0	0	0.13504712377727396	0.13504712377727396	0.13504712377727396	0.0	0.0
monotone_control	836	0	0	0.14472495775045582	0.14472495775045582	0.14472495775045582	0.0	0.0
monotone_control	837	0	0	0.13157603760899209	0.13157603760899209	0.13157603760899209	0.0	0.0
monotone_control	838	0	0	0.14460924898035807	0.14460924898035807	0.14460924898035807	0.0	0.0
monotone_control	839	0	0	0.14684743282972082	0.14684743282972082	0.14684743282972082	0.0	0.0
monotone_control	840	0	0	0.13707658329426115	0.13707658329426115	0.13707658329426115	0.0	0.0
monotone_control	841	0	0	0.12741726340570617	0.12741726340570617	0.12741726340570617	0.0	0.0
monotone_control	842	0	0	0.13647083667607535	0.13647083667607535	0.13647083667607535	0.0	0.0
monotone_control	843	0	0	0.11742910274752827	0.11742910274752827	0.11742910274752827	0.0	0.0
monotone_control	844	0	0	0.15315628555335806	0.15315628555335806	0.15315628555335806	0.0	0.0
monotone_control	845	0	0	0.12928277169465457	0.12928277169465457	0.12928277169465457	0.0	0.0
monotone_control	846	0	0	0.12414682217740525	0.12414682217740525	0.12414682217740525	0.0	0.0
monotone_control	847	0	0	0.1516894985749315	0.1516894985749315	0.1516894985749315	0.0	0.0
monotone_control	848	0	0	0.1401748097932893	0.1401748097932893	0.1401748097932893	0.0	0.0
monotone_control	849	0	0	0.1291800322713362	0.1291800322713362	0.1291800322713362	0.0	0.0
monotone_control	850	0	0	0.13978331207695333	0.13978331207695333	0.13978331207695333	0.0	0.0
monotone_control	851	0	0	0.15494220351689453	0.15494220351689453	0.15494220351689453	0.0	0.0
monotone_control	852	0	0	0.1532505928074073	0.1532505928074073	0.1532505928074073	0.0	0.0
monotone_control	853	0	0	0.1392440604969695	0.1392440604969695	0.1392440604969695	0.0	0.0
monotone_control	854	0	0	0.13328119984066872	0.13328119984066872	0.13328119984066872	0.0	0.0
monotone_control	855	0	0	0.13828321791661435	0.13828321791661435	0.13828321791661435	0.0	0.0
monotone_control	856	0	0	0.1387822342369714	0.1387822342369714	0.1387822342369714	0.0	0.0
monotone_control	857	0	0	0.14477310256935938	0.14477310256935938	0.14477310256935938	0.0	0.0
monotone_control	858	0	0	0.12086876315694858	0.12086876315694858	0.12086876315694858	0.0	0.0
monotone_control	859	0	0	0.14063963969344764	0.14063963969344764	0.14063963969344764	0.0	0.0
monotone_control	860	0	0	0.11756389024174549	0.11756389024174549	0.11756389024174549	0.0	0.0
monotone_control	861	0	0	0.13741305246385274	0.13741305246385274	0.13741305246385274	0.0	0.0
monotone_control	862	0	0	0.14664517847163144	0.14664517847163144	0.14664517847163144	0.0	0.0
monotone_control	863	0	0	0.15998677373003353	0.15998677373003353	0.15998677373003353	0.0	0.0
monotone_control	864	0	0	0.14417258132628233	0.14417258132628233	0.14417258132628233	0.0	0.0
monotone_control	865	0	0	0.13903703005335546	0.13903703005335546	0.13903703005335546	0.0	0.0
monotone_control	866	0	0	0.15205390708724603	0.15205390708724603	0.15205390708724603	0.0	0.0
monotone_control	867	0	0	0.1413511725344728	0.1413511725344728	0.1413511725344728	0.0	0.0
monotone_control	868	0	0	0.13805287619102805	0.13805287619102805	0.13805287619102805	0.0	0.0
monotone_control	869	0	0	0.1372387582622945	0.1372387582622945	0.1372387582622945	0.0	0.0
monotone_control	870	0	0	0.12710093936562655	0.12710093936562655	0.12710093936562655	0.0	0.0
monotone_control	871	0	0	0.13308127259906521	0.13308127259906521	0.13308127259906521	0.0	0.0
monotone_control	872	0	0	0.15099831859346702	0.15099831859346702	0.15099831859346702	0.0	0.0
monotone_control	873	0	0	0.11912819840219524	0.11912819840219524	0.11912819840219524	0.0	0.0
monotone_control	874	0	0	0.11650282974275311	0.11650282974275311	0.11650282974275311	0.0	0.0
monotone_control	875	0	0	0.14909166498315035	0.14909166498315035	0.14909166498315035	0.0	0.0
monotone_control	876	0	0	0.12414045271905266	0.12414045271905266	0.12414045271905266	0.0	0.0
monotone_control	877	0	0	0.14049443467704992	0.14049443467704992	0.14049443467704992	0.0	0.0
monotone_control	878	0	0	0.13904448866725225	0.13904448866725225	0.13904448866725225	0.0	0.0
monotone_control	879	0	0	0.1333265746202802	0.1333265746202802	0.1333265746202802	0.0	0.0
monotone_control	880	0	0	0.13749523841777989	0.13749523841777989	0.13749523841777989	0.0	0.0
monotone_control	881	0	0	0.12069604779275768	0.12069604779275768	0.12069604779275768	0.0	0.0
monotone_control	882	0	0	0.15628790320831487	0.15628790320831487	0.15628790320831487	0.0	0.0
monotone_control	883	0	0	0.12422174270247682	0.12422174270247682	0.12422174270247682	0.0	0.0
monotone_control	884	0	0	0.141062369626267	0.141062369626267	0.141062369626267	0.0	0.0
monotone_control	885	0	0	0.13001790075357395	0.13001790075357395	0.13001790075357395	0.0	0.0
monotone_control	886	0	0	0.12821689271980027	0.12821689271980027	0.12821689271980027	0.0	0.0
monotone_control	887	0	0	0.1521529715926785	0.1521529715926785	0.1521529715926785	0.0	0.0
monotone_control	888	0	0	0.15232084349859315	0.15232084349859315	0.15232084349859315	0.0	0.0
monotone_control	889	0	0	0.14463051157219034	0.14463051157219034	0.14463051157219034	0.0	0.0
monotone_control	890	0	0	0.13854462672162787	0.13854462672162787	0.13854462672162787	0.0	0.0
monotone_control	891	0	0	0.1511175293379874	0.1511175293379874	0.1511175293379874	0.0	0.0
monotone_control	892	0	0	0.11605099886436494	0.11605099886436494	0.11605099886436494	0.0	0.0
monotone_control	893	0	0	0.13831128405253781	0.13831128405253781	0.13831128405253781	0.0	0.0
monotone_control	894	0	0	0.1504113779441267	0.1504113779441267	0.1504113779441267	0.0	0.0
monotone_control	895	0	0	0.13567812142007352	0.13567812142007352	0.13567812142007352	0.0	0.0
monotone_control	896	0	0	0.13446303411157481	0.13446303411157481	0.13446303411157481	0.0	0.0
monotone_control	897	0	0	0.13867226991631754	0.13867226991631754	0.13867226991631754	0.0	0.0
monotone_control	898	0	0	0.14597342505043892	0.14597342505043892	0.14597342505043892	0.0	0.0
monotone_control	899	0	0	0.15765952830993146	0.15765952830993146	0.15765952830993146	0.0	0.0
monotone_control	900	0	0	0.12568951523276994	0.12568951523276994	0.12568951523276994	0.0	0.0
monotone_control	901	0	0	0.13589022158228786	0.13589022158228786	0.13589022158228786	0.0	0.0
monotone_control	902	0	0	0.11462337749404865	0.11462337749404865	0.11462337749404865	0.0	0.0
monotone_control	903	0	0	0.1247694947043895	0.1247694947043895	0.1247694947043895	0.0	0.0
monotone_control	904	0	0	0.13700518742425238	0.13700518742425238	0.13700518742425238	0.0	0.0
monotone_control	905	0	0	0.13505512546235116	0.13505512546235116	0.13505512546235116	0.0	0.0
monotone_control	906	0	0	0.12961466931455418	0.12961466931455418	0.12961466931455418	0.0	0.0
monotone_control	907	0	0	0.14320021908363456	0.14320021908363456	0.14320021908363456	0.0	0.0
monotone_control	908	0	0	0.14034735896596656	0.14034735896596656	0.14034735896596656	0.0	0.0
monotone_control	909	0	0	0.137066308412113	0.137066308412113	0.137066308412113	0.0	0.0
monotone_control	910	0	0	0.14733051063081026	0.14733051063081026	0.14733051063081026	0.0	0.0
monotone_control	911	0	0	0.13303449957841135	0.13303449957841135	0.13303449957841135	0.0	0.0
monotone_control	912	0	0	0.1424442804130526	0.1424442804130526	0.1424442804130526	0.0	0.0
monotone_control	913	0	0	0.11817332131606866	0.11817332131606866	0.11817332131606866	0.0	0.0
monotone_control	914	0	0	0.12005097484354847	0.12005097484354847	0.12005097484354847	0.0	0.0
monotone_control	915	0	0	0.1209359938060955	0.1209359938060955	0.1209359938060955	0.0	0.0
monotone_control	916	0	0	0.12289094886610015	0.12289094886610015	0.12289094886610015	0.0	0.0
monotone_control	917	0	0	0.12084286518172593	0.12084286518172593	0.12084286518172593	0.0	0.0
monotone_control	918	0	0	0.13751348481331677	0.13751348481331677	0.13751348481331677	0.0	0.0
monotone_control	919	0	0	0.14902099191735996	0.14902099191735996	0.14902099191735996	0.0	0.0
monotone_control	920	0	0	0.12873708440739204	0.12873708440739204	0.12873708440739204	0.0	0.0
monotone_control	921	0	0	0.12516044159934522	0.12516044159934522	0.12516044159934522	0.0	0.0
monotone_control	922	0	0	0.12689912063662914	0.12689912063662914	0.12689912063662914	0.0	0.0
monotone_control	923	0	0	0.14334792860535245	0.14334792860535245	0.14334792860535245	0.0	0.0
monotone_control	924	0	0	0.12205578949850598	0.12205578949850598	0.12205578949850598	0.0	0.0
monotone_control	925	0	0	0.1297013872602273	0.1297013872602273	0.1297013872602273	0.0	0.0
monotone_control	926	0	0	0.14019186790877888	0.14019186790877888	0.14019186790877888	0.0	0.0
monotone_control	927	0	0	0.13851634474656038	0.13851634474656038	0.13851634474656038	0.0	0.0
monotone_control	928	0	0	0.1334138136824357	0.1334138136824357	0.1334138136824357	0.0	0.0
monotone_control	929	0	0	0.12192193035423786	0.12192193035423786	0.12192193035423786	0.0	0.0
monotone_control	930	0	0	0.13906614891790905	0.13906614891790905	0.13906614891790905	0.0	0.0
monotone_control	931	0	0	0.1577851141756622	0.1577851141756622	0.1577851141756622	0.0	0.0
monotone_control	932	0	0	0.1541087761086255	0.1541087761086255	0.1541087761086255	0.0	0.0
monotone_control	933	0	0	0.1354445074824149	0.1354445074824149	0.1354445074824149	0.0	0.0
monotone_control	934	0	0	0.14061262787793544	0.14061262787793544	0.14061262787793544	0.0	0.0
monotone_control	935	0	0	0.15730047792595958	0.15730047792595958	0.15730047792595958	0.0	0.0
monotone_control	936	0	0	0.1407839933536032	0.1407839933536032	0.1407839933536032	0.0	0.0
monotone_control	937	0	0	0.13765950844949873	0.13765950844949873	0.13765950844949873	0.0	0.0
monotone_control	938	0	0	0.15049873437954747	0.15049873437954747	0.15049873437954747	0.0	0.0
monotone_control	939	0	0	0.1407956678438187	0.1407956678438187	0.1407956678438187	0.0	0.0
monotone_control	940	0	0	0.13509603520096952	0.13509603520096952	0.13509603520096952	0.0	0.0
monotone_control	941	0	0	0.14616174178972044	0.14616174178972044	0.14616174178972044	0.0	0.0
monotone_control	942	0	0	0.13593151566379955	0.13593151566379955	0.13593151566379955	0.0	0.0
monotone_control	943	0	0	0.12284250151098915	0.12284250151098915	0.12284250151098915	0.0	0.0
monotone_control	944	0	0	0.14261179462027598	0.14261179462027598	0.14261179462027598	0.0	0.0
monotone_control	945	0	0	0.13215345667938597	0.13215345667938597	0.13215345667938597	0.0	0.0
monotone_control	946	0	0	0.1387623147805782	0.1387623147805782	0.1387623147805782	0.0	0.0
monotone_control	947	0	0	0.15816004705967907	0.15816004705967907	0.15816004705967907	0.0	0.0
monotone_control	948	0	0	0.13389506393199932	0.13389506393199932	0.13389506393199932	0.0	0.0
monotone_control	949	0	0	0.15826673091484866	0.15826673091484866	0.15826673091484866	0.0	0.0
monotone_control	950	0	0	0.11327727874936838	0.11327727874936838	0.11327727874936838	0.0	0.0
monotone_control	951	0	0	0.15500105509846987	0.15500105509846987	0.15500105509846987	0.0	0.0
monotone_control	952	0	0	0.13190677892779462	0.13190677892779462	0.13190677892779462	0.0	0.0
monotone_control	953	0	0	0.14539209253038798	0.14539209253038798	0.14539209253038798	0.0	0.0
monotone_control	954	0	0	0.12111965887182463	0.12111965887182463	0.12111965887182463	0.0	0.0
monotone_control	955	0	0	0.13570223432304823	0.13570223432304823	0.13570223432304823	0.0	0.0
monotone_control	956	0	0	0.13414912624851094	0.13414912624851094	0.13414912624851094	0.0	0.0
monotone_control	957	0	0	0.12813630915610746	0.12813630915610746	0.12813630915610746	0.0	0.0
monotone_control	958	0	0	0.13419751691316345	0.13419751691316345	0.13419751691316345	0.0	0.0
monotone_control	959	0	0	0.12464790885060917	0.12464790885060917	0.12464790885060917	0.0	0.0
monotone_control	960	0	0	0.1353698085211404	0.1353698085211404	0.1353698085211404	0.0	0.0
monotone_control	961	0	0	0.1251592054401407	0.1251592054401407	0.1251592054401407	0.0	0.0
monotone_control	962	0	0	0.1418803574105195	0.1418803574105195	0.1418803574105195	0.0	0.0
monotone_control	963	0	0	0.12759981938638462	0.12759981938638462	0.12759981938638462	0.0	0.0
monotone_control	964	0	0	0.1433763381466092	0.1433763381466092	0.1433763381466092	0.0	0.0
monotone_control	965	0	0	0.1442694453027459	0.1442694453027459	0.1442694453027459	0.0	0.0
monotone_control	966	0	0	0.147066203660232	0.147066203660232	0.147066203660232	0.0	0.0
monotone_control	967	0	0	0.11837405418174266	0.11837405418174266	0.11837405418174266	0.0	0.0
monotone_control	968	0	0	0.16125098867149343	0.16125098867149343	0.16125098867149343	0.0	0.0
monotone_control	969	0	0	0.12746223305895035	0.12746223305895035	0.12746223305895035	0.0	0.0
monotone_control	970	0	0	0.14919992891126793	0.14919992891126793	0.14919992891126793	0.0	0.0
monotone_control	971	0	0	0.12818586136092602	0.12818586136092602	0.12818586136092602	0.0	0.0
monotone_control	972	0	0	0.11936084926676568	0.11936084926676568	0.11936084926676568	0.0	0.0
monotone_control	973	0	0	0.13962509314117075	0.13962509314117075	0.13962509314117075	0.0	0.0
monotone_control	974	0	0	0.13204018764493244	0.13204018764493244	0.13204018764493244	0.0	0.0
monotone_control	975	0	0	0.13573935589627203	0.13573935589627203	0.13573935589627203	0.0	0.0
monotone_control	976	0	0	0.12684201071822404	0.12684201071822404	0.12684201071822404	0.0	0.0
monotone_control	977	0	0	0.1400769279288568	0.1400769279288568	0.1400769279288568	0.0	0.0
monotone_control	978	0	0	0.13906647053201365	0.13906647053201365	0.13906647053201365	0.0	0.0
monotone_control	979	0	0	0.12594454445265774	0.12594454445265774	0.12594454445265774	0.0	0.0
monotone_control	980	0	0	0.16268655315176853	0.16268655315176853	0.16268655315176853	0.0	0.0
monotone_control	981	0	0	0.12257987420292156	0.12257987420292156	0.12257987420292156	0.0	0.0
monotone_control	982	0	0	0.12959107515043788	0.12959107515043788	0.12959107515043788	0.0	0.0
monotone_control	983	0	0	0.1440044493734597	0.1440044493734597	0.1440044493734597	0.0	0.0
monotone_control	984	0	0	0.14703832323956154	0.14703832323956154	0.14703832323956154	0.0	0.0
monotone_control	985	0	0	0.14250818370832796	0.14250818370832796	0.14250818370832796	0.0	0.0
monotone_control	986	0	0	0.1300288813961234	0.1300288813961234	0.1300288813961234	0.0	0.0
monotone_control	987	0	0	0.14096598678055772	0.14096598678055772	0.14096598678055772	0.0	0.0
monotone_control	988	0	0	0.13359935848643117	0.13359935848643117	0.13359935848643117	0.0	0.0
monotone_control	989	0	0	0.13572271779340594	0.13572271779340594	0.13572271779340594	0.0	0.0
monotone_control	990	0	0	0.1267555536450669	0.1267555536450669	0.1267555536450669	0.0	0.0
monotone_control	991	0	0	0.15026776566356004	0.15026776566356004	0.15026776566356004	0.0	0.0
monotone_control	992	0	0	0.1197493595174643	0.1197493595174643	0.1197493595174643	0.0	0.0
monotone_control	993	0	0	0.13463228103426172	0.13463228103426172	0.13463228103426172	0.0	0.0
monotone_control	994	0	0	0.1311048088706511	0.1311048088706511	0.1311048088706511	0.0	0.0
monotone_control	995	0	0	0.17229832984368054	0.17229832984368054	0.17229832984368054	0.0	0.0
monotone_control	996	0	0	0.12263845510452312	0.12263845510452312	0.12263845510452312	0.0	0.0
monotone_control	997	0	0	0.1299476341072351	0.1299476341072351	0.1299476341072351	0.0	0.0
monotone_control	998	0	0	0.1454316810776962	0.1454316810776962	0.1454316810776962	0.0	0.0
monotone_control	999	0	0	0.11986536588914803	0.11986536588914803	0.11986536588914803	0.0	0.0
monotone_control	1000	0	0	0.13336037644957277	0.13336037644957277	0.13336037644957277	0.0	0.0
monotone_control	1001	0	0	0.11899775593131548	0.11899775593131548	0.11899775593131548	0.0	0.0
monotone_control	1002	0	0	0.14377253441547927	0.14377253441547927	0.14377253441547927	0.0	0.0
monotone_control	1003	0	0	0.15464902136062847	0.15464902136062847	0.15464902136062847	0.0	0.0
monotone_control	1004	0	0	0.14411757502705358	0.14411757502705358	0.14411757502705358	0.0	0.0
monotone_control	1005	0	0	0.13192330721211135	0.13192330721211135	0.13192330721211135	0.0	0.0
monotone_control	1006	0	0	0.13157888567059	0.13157888567059	0.13157888567059	0.0	0.0
monotone_control	1007	0	0	0.15358082732740416	0.15358082732740416	0.15358082732740416	0.0	0.0
monotone_control	1008	0	0	0.14211236049165438	0.14211236049165438	0.14211236049165438	0.0	0.0
monotone_control	1009	0	0	0.14631731350371444	0.14631731350371444	0.14631731350371444	0.0	0.0
monotone_control	1010	1	0	0.13070790252981768	0.1306992696094741	0.1306992696094741	0.0	0.0125
monotone_control	1011	0	0	0.1292877356565078	0.1292877356565078	0.1292877356565078	0.0	0.0
monotone_control	1012	0	0	0.12739968695192222	0.12739968695192222	0.12739968695192222	0.0	0.0
monotone_control	1013	0	0	0.1390836478720016	0.1390836478720016	0.1390836478720016	0.0	0.0
monotone_control	1014	0	0	0.13775603138570788	0.13775603138570788	0.13775603138570788	0.0	0.0
monotone_control	1015	0	0	0.1425751871501758	0.1425751871501758	0.1425751871501758	0.0	0.0
monotone_control	1016	0	0	0.1452257220955902	0.1452257220955902	0.1452257220955902	0.0	0.0
monotone_control	1017	0	0	0.13426507843990268	0.13426507843990268	0.13426507843990268	0.0	0.0
monotone_control	1018	0	0	0.14395664988653623	0.14395664988653623	0.14395664988653623	0.0	0.0
monotone_control	1019	0	0	0.14397030058298727	0.14397030058298727	0.14397030058298727	0.0	0.0
monotone_control	1020	0	0	0.1518919420979185	0.1518919420979185	0.1518919420979185	0.0	0.0
monotone_control	1021	0	0	0.1437268924398546	0.1437268924398546	0.1437268924398546	0.0	0.0
monotone_control	1022	0	0	0.14258205850995725	0.14258205850995725	0.14258205850995725	0.0	0.0
monotone_control	1023	0	0	0.11564961661972295	0.11564961661972295	0.11564961661972295	0.0	0.0
monotone_control	1024	0	0	0.13674674029588968	0.13674674029588968	0.13674674029588968	0.0	0.0
monotone_control	1025	0	0	0.14740315092894962	0.14740315092894962	0.14740315092894962	0.0	0.0
monotone_control	1026	0	0	0.12883332587770685	0.12883332587770685	0.12883332587770685	0.0	0.0
monotone_control	1027	0	0	0.14186215816172237	0.14186215816172237	0.14186215816172237	0.0	0.0
monotone_control	1028	0	0	0.1367729990938519	0.1367729990938519	0.1367729990938519	0.0	0.0
monotone_control	1029	0	0	0.1367223682057816	0.1367223682057816	0.1367223682057816	0.0	0.0
monotone_control	1030	0	0	0.1147282213120508	0.1147282213120508	0.1147282213120508	0.0	0.0
monotone_control	1031	0	0	0.1334612325889413	0.1334612325889413	0.1334612325889413	0.0	0.0
monotone_control	1032	0	0	0.11471174100226415	0.11471174100226415	0.11471174100226415	0.0	0.0
monotone_control	1033	0	0	0.15480254705642077	0.15480254705642077	0.15480254705642077	0.0	0.0
monotone_control	1034	0	0	0.11650836396983785	0.11650836396983785	0.11650836396983785	0.0	0.0
monotone_control	1035	0	0	0.1461687785859203	0.1461687785859203	0.1461687785859203	0.0	0.0
monotone_control	1036	0	0	0.14502105447999222	0.14502105447999222	0.14502105447999222	0.0	0.0
monotone_control	1037	0	0	0.13227545179110492	0.13227545179110492	0.13227545179110492	0.0	0.0
monotone_control	1038	0	0	0.12652995610026196	0.12652995610026196	0.12652995610026196	0.0	0.0
monotone_control	1039	0	0	0.1311859061915906	0.1311859061915906	0.1311859061915906	0.0	0.0
monotone_control	1040	0	0	0.1313322400636578	0.1313322400636578	0.1313322400636578	0.0	0.0
monotone_control	1041	0	0	0.12897097550577452	0.12897097550577452	0.12897097550577452	0.0	0.0
monotone_control	1042	0	0	0.12212285843916801	0.12212285843916801	0.12212285843916801	0.0	0.0
monotone_control	1043	0	0	0.12571651972487208	0.12571651972487208	0.12571651972487208	0.0	0.0
monotone_control	1044	0	0	0.14155874622900472	0.14155874622900472	0.14155874622900472	0.0	0.0
monotone_control	1045	0	0	0.13279848869011418	0.13279848869011418	0.13279848869011418	0.0	0.0
monotone_control	1046	0	0	0.15765047107308397	0.15765047107308397	0.15765047107308397	0.0	0.0
monotone_control	1047	0	0	0.14367475624168574	0.14367475624168574	0.14367475624168574	0.0	0.0
monotone_control	1048	0	0	0.1309588857277541	0.1309588857277541	0.1309588857277541	0.0	0.0
monotone_control	1049	0	0	0.14847972809768675	0.14847972809768675	0.14847972809768675	0.0	0.0
monotone_control	1050	0	0	0.12773834693065447	0.12773834693065447	0.12773834693065447	0.0	0.0
monotone_control	1051	0	0	0.13254893149526292	0.13254893149526292	0.13254893149526292	0.0	0.0
monotone_control	1052	0	0	0.13013887086500492	0.13013887086500492	0.13013887086500492	0.0	0.0
monotone_control	1053	0	0	0.13258602821848703	0.13258602821848703	0.13258602821848703	0.0	0.0
monotone_control	1054	0	0	0.139638729940523	0.139638729940523	0.139638729940523	0.0	0.0
monotone_control	1055	0	0	0.14589731135957668	0.14589731135957668	0.14589731135957668	0.0	0.0
monotone_control	1056	0	0	0.1316434282844037	0.1316434282844037	0.1316434282844037	0.0	0.0
monotone_control	1057	0	0	0.1509058632110943	0.1509058632110943	0.1509058632110943	0.0	0.0
monotone_control	1058	0	0	0.13283197102762315	0.13283197102762315	0.13283197102762315	0.0	0.0
monotone_control	1059	0	0	0.14392270341939128	0.14392270341939128	0.14392270341939128	0.0	0.0
monotone_control	1060	0	0	0.1441322918791554	0.1441322918791554	0.1441322918791554	0.0	0.0
monotone_control	1061	0	0	0.1419464280074526	0.1419464280074526	0.1419464280074526	0.0	0.0
monotone_control	1062	0	0	0.13684111135852442	0.13684111135852442	0.13684111135852442	0.0	0.0
monotone_control	1063	0	0	0.12495956631195573	0.12495956631195573	0.12495956631195573	0.0	0.0
monotone_control	1064	0	0	0.13546997006934547	0.13546997006934547	0.13546997006934547	0.0	0.0
monotone_control	1065	0	0	0.13719951315200174	0.13719951315200174	0.13719951315200174	0.0	0.0
monotone_control	1066	0	0	0.14575067524131227	0.14575067524131227	0.14575067524131227	0.0	0.0
monotone_control	1067	0	0	0.15845696060137335	0.15845696060137335	0.15845696060137335	0.0	0.0
monotone_control	1068	0	0	0.1263035636782236	0.1263035636782236	0.1263035636782236	0.0	0.0
monotone_control	1069	0	0	0.14948975845987847	0.14948975845987847	0.14948975845987847	0.0	0.0
monotone_control	1070	0	0	0.1293624747323282	0.1293624747323282	0.1293624747323282	0.0	0.0
monotone_control	1071	0	0	0.138478794072799	0.138478794072799	0.138478794072799	0.0	0.0
monotone_control	1072	0	0	0.14346627201601994	0.14346627201601994	0.14346627201601994	0.0	0.0
monotone_control	1073	0	0	0.13166495040124643	0.13166495040124643	0.13166495040124643	0.0	0.0
monotone_control	1074	0	0	0.13341021061009223	0.13341021061009223	0.13341021061009223	0.0	0.0
monotone_control	1075	0	0	0.15567427073008117	0.15567427073008117	0.15567427073008117	0.0	0.0
monotone_control	1076	0	0	0.14329799195973741	0.14329799195973741	0.14329799195973741	0.0	0.0
monotone_control	1077	0	0	0.11823193797890745	0.11823193797890745	0.11823193797890745	0.0	0.0
monotone_control	1078	0	0	0.12460919102343565	0.12460919102343565	0.12460919102343565	0.0	0.0
monotone_control	1079	0	0	0.11747402234741994	0.11747402234741994	0.11747402234741994	0.0	0.0
monotone_control	1080	0	0	0.14733480131951215	0.14733480131951215	0.14733480131951215	0.0	0.0
monotone_control	1081	0	0	0.11996848963912016	0.11996848963912016	0.11996848963912016	0.0	0.0
monotone_control	1082	0	0	0.1535261811499991	0.1535261811499991	0.1535261811499991	0.0	0.0
monotone_control	1083	0	0	0.11584882801497196	0.11584882801497196	0.11584882801497196	0.0	0.0
monotone_control	1084	0	0	0.12984808636750056	0.12984808636750056	0.12984808636750056	0.0	0.0
monotone_control	1085	0	0	0.14018042482871806	0.14018042482871806	0.14018042482871806	0.0	0.0
monotone_control	1086	0	0	0.1508631952622519	0.1508631952622519	0.1508631952622519	0.0	0.0
monotone_control	1087	0	0	0.1347122364367716	0.1347122364367716	0.1347122364367716	0.0	0.0
monotone_control	1088	0	0	0.12316483305589265	0.12316483305589265	0.12316483305589265	0.0	0.0
monotone_control	1089	0	0	0.1313807558050962	0.1313807558050962	0.1313807558050962	0.0	0.0
monotone_control	1090	0	0	0.13477169275615414	0.13477169275615414	0.13477169275615414	0.0	0.0
monotone_control	1091	0	0	0.14578972174619298	0.14578972174619298	0.14578972174619298	0.0	0.0
monotone_control	1092	0	0	0.15197664516385875	0.15197664516385875	0.15197664516385875	0.0	0.0
monotone_control	1093	0	0	0.12416693577885266	0.12416693577885266	0.12416693577885266	0.0	0.0
monotone_control	1094	0	0	0.13553443300477058	0.13553443300477058	0.13553443300477058	0.0	0.0
monotone_control	1095	0	0	0.11650935516808272	0.11650935516808272	0.11650935516808272	0.0	0.0
monotone_control	1096	0	0	0.1477585647957752	0.1477585647957752	0.1477585647957752	0.0	0.0
monotone_control	1097	0	0	0.13610144080534353	0.13610144080534353	0.13610144080534353	0.0	0.0
monotone_control	1098	0	0	0.14323397183460912	0.14323397183460912	0.14323397183460912	0.0	0.0
monotone_control	1099	0	0	0.12762642513949468	0.12762642513949468	0.12762642513949468	0.0	0.0
monotone_control	1100	0	0	0.13300407142553028	0.13300407142553028	0.13300407142553028	0.0	0.0
monotone_control	1101	0	0	0.15055496153317946	0.15055496153317946	0.15055496153317946	0.0	0.0
monotone_control	1102	0	0	0.15830252299707684	0.15830252299707684	0.15830252299707684	0.0	0.0
monotone_control	1103	0	0	0.11322822202880786	0.11322822202880786	0.11322822202880786	0.0	0.0
monotone_control	1104	0	0	0.13521063340252049	0.13521063340252049	0.13521063340252049	0.0	0.0
monotone_control	1105	0	0	0.1218376075527152	0.1218376075527152	0.1218376075527152	0.0	0.0
monotone_control	1106	0	0	0.15208702721825723	0.15208702721825723	0.15208702721825723	0.0	0.0
monotone_control	1107	0	0	0.13005349468207703	0.13005349468207703	0.13005349468207703	0.0	0.0
monotone_control	1108	0	0	0.141773926961227	0.141773926961227	0.141773926961227	0.0	0.0
monotone_control	1109	0	0	0.11496334983717763	0.11496334983717763	0.11496334983717763	0.0	0.0
monotone_control	1110	0	0	0.13049377212037827	0.13049377212037827	0.13049377212037827	0.0	0.0
monotone_control	1111	0	0	0.13019140867752596	0.13019140867752596	0.13019140867752596	0.0	0.0
monotone_control	1112	0	0	0.12309209607460558	0.12309209607460558	0.12309209607460558	0.0	0.0
monotone_control	1113	0	0	0.11861502651060374	0.11861502651060374	0.11861502651060374	0.0	0.0
monotone_control	1114	0	0	0.1334215707370247	0.1334215707370247	0.1334215707370247	0.0	0.0
monotone_control	1115	0	0	0.13539182644107114	0.13539182644107114	0.13539182644107114	0.0	0.0
monotone_control	1116	1	0	0.1495314558291448	0.14952967677247347	0.14952967677247347	0.0	0.0125
monotone_control	1117	0	0	0.11283088272127308	0.11283088272127308	0.11283088272127308	0.0	0.0
monotone_control	1118	0	0	0.14105272325946194	0.14105272325946194	0.14105272325946194	0.0	0.0
monotone_control	1119	0	0	0.12163375682413453	0.12163375682413453	0.12163375682413453	0.0	0.0
monotone_control	1120	0	0	0.1377435428152901	0.1377435428152901	0.1377435428152901	0.0	0.0
monotone_control	1121	0	0	0.14102870573573303	0.14102870573573303	0.14102870573573303	0.0	0.0
monotone_control	1122	0	0	0.118160918825288	0.118160918825288	0.118160918825288	0.0	0.0
monotone_control	1123	0	0	0.15034180409601716	0.15034180409601716	0.15034180409601716	0.0	0.0
monotone_control	1124	0	0	0.13980815318163275	0.13980815318163275	0.13980815318163275	0.0	0.0
monotone_control	1125	0	0	0.14637922221108346	0.14637922221108346	0.14637922221108346	0.0	0.0
monotone_control	1126	0	0	0.13418776403742724	0.13418776403742724	0.13418776403742724	0.0	0.0
monotone_control	1127	0	0	0.11730401673817561	0.11730401673817561	0.11730401673817561	0.0	0.0
monotone_control	1128	0	0	0.12629755249045216	0.12629755249045216	0.12629755249045216	0.0	0.0
monotone_control	1129	0	0	0.16039414383704792	0.16039414383704792	0.16039414383704792	0.0	0.0
monotone_control	1130	0	0	0.13321697390956627	0.13321697390956627	0.13321697390956627	0.0	0.0
monotone_control	1131	0	0	0.11707380627327098	0.11707380627327098	0.11707380627327098	0.0	0.0
monotone_control	1132	0	0	0.12837165701459138	0.12837165701459138	0.12837165701459138	0.0	0.0
monotone_control	1133	0	0	0.12972002720949602	0.12972002720949602	0.12972002720949602	0.0	0.0
monotone_control	1134	0	0	0.14954449900941175	0.14954449900941175	0.14954449900941175	0.0	0.0
monotone_control	1135	0	0	0.1445024414945552	0.1445024414945552	0.1445024414945552	0.0	0.0
monotone_control	1136	0	0	0.14595939171493266	0.14595939171493266	0.14595939171493266	0.0	0.0
monotone_control	1137	0	0	0.11351562900724889	0.11351562900724889	0.11351562900724889	0.0	0.0
monotone_control	1138	0	0	0.1399830219724464	0.1399830219724464	0.1399830219724464	0.0	0.0
monotone_control	1139	0	0	0.1406720753506398	0.1406720753506398	0.1406720753506398	0.0	0.0
monotone_control	1140	0	0	0.13098781160394748	0.13098781160394748	0.13098781160394748	0.0	0.0
monotone_control	1141	0	0	0.14055096608989615	0.14055096608989615	0.14055096608989615	0.0	0.0
monotone_control	1142	0	0	0.13292479677431607	0.13292479677431607	0.13292479677431607	0.0	0.0
monotone_control	1143	0	0	0.15273742629623416	0.15273742629623416	0.15273742629623416	0.0	0.0
monotone_control	1144	0	0	0.14727487803011302	0.14727487803011302	0.14727487803011302	0.0	0.0
monotone_control	1145	0	0	0.13637848264966224	0.13637848264966224	0.13637848264966224	0.0	0.0
monotone_control	1146	0	0	0.1298624995001123	0.1298624995001123	0.1298624995001123	0.0	0.0
monotone_control	1147	0	0	0.13033656553901807	0.13033656553901807	0.13033656553901807	0.0	0.0
monotone_control	1148	0	0	0.11943153535166416	0.11943153535166416	0.11943153535166416	0.0	0.0
monotone_control	1149	0	0	0.16289177422656836	0.16289177422656836	0.16289177422656836	0.0	0.0
monotone_control	1150	0	0	0.1231913949066594	0.1231913949066594	0.1231913949066594	0.0	0.0
monotone_control	1151	0	0	0.12978210184636652	0.12978210184636652	0.12978210184636652	0.0	0.0
monotone_control	1152	0	0	0.11547175427559836	0.11547175427559836	0.11547175427559836	0.0	0.0
monotone_control	1153	0	0	0.12856839705672074	0.12856839705672074	0.12856839705672074	0.0	0.0
monotone_control	1154	0	0	0.1350634887343295	0.1350634887343295	0.1350634887343295	0.0	0.0
monotone_control	1155	0	0	0.13276576813069135	0.13276576813069135	0.13276576813069135	0.0	0.0
monotone_control	1156	0	0	0.13075388196865448	0.13075388196865448	0.13075388196865448	0.0	0.0
monotone_control	1157	0	0	0.13377140538304166	0.13377140538304166	0.13377140538304166	0.0	0.0
monotone_control	1158	0	0	0.13423811673267647	0.13423811673267647	0.13423811673267647	0.0	0.0
monotone_control	1159	0	0	0.13253818740161669	0.13253818740161669	0.13253818740161669	0.0	0.0
monotone_control	1160	0	0	0.12922674249411367	0.12922674249411367	0.12922674249411367	0.0	0.0
monotone_control	1161	0	0	0.13140790925474757	0.13140790925474757	0.13140790925474757	0.0	0.0
monotone_control	1162	0	0	0.1419280189589788	0.1419280189589788	0.1419280189589788	0.0	0.0
monotone_control	1163	0	0	0.13113670200869543	0.13113670200869543	0.13113670200869543	0.0	0.0
monotone_control	1164	0	0	0.1333666501317327	0.1333666501317327	0.1333666501317327	0.0	0.0
monotone_control	1165	0	0	0.125569876838456	0.125569876838456	0.125569876838456	0.0	0.0
monotone_control	1166	0	0	0.1309177379790239	0.1309177379790239	0.1309177379790239	0.0	0.0
monotone_control	1167	0	0	0.13608742669998275	0.13608742669998275	0.13608742669998275	0.0	0.0
monotone_control	1168	0	0	0.1403053917362661	0.1403053917362661	0.1403053917362661	0.0	0.0
monotone_control	1169	0	0	0.1329550834528374	0.1329550834528374	0.1329550834528374	0.0	0.0
monotone_control	1170	0	0	0.13695578864112837	0.13695578864112837	0.13695578864112837	0.0	0.0
monotone_control	1171	0	0	0.1311499914192507	0.1311499914192507	0.1311499914192507	0.0	0.0
monotone_control	1172	0	0	0.13767012732739592	0.13767012732739592	0.13767012732739592	0.0	0.0
monotone_control	1173	0	0	0.12782306036735278	0.12782306036735278	0.12782306036735278	0.0	0.0
monotone_control	1174	0	0	0.1465234556288287	0.1465234556288287	0.1465234556288287	0.0	0.0
monotone_control	1175	0	0	0.12889852077870456	0.12889852077870456	0.12889852077870456	0.0	0.0
monotone_control	1176	0	0	0.1607634252177675	0.1607634252177675	0.1607634252177675	0.0	0.0
monotone_control	1177	0	0	0.12452822271124803	0.12452822271124803	0.12452822271124803	0.0	0.0
monotone_control	1178	0	0	0.12258613646074215	0.12258613646074215	0.12258613646074215	0.0	0.0
monotone_control	1179	0	0	0.13289313020186622	0.13289313020186622	0.13289313020186622	0.0	0.0
monotone_control	1180	0	0	0.13903127151300804	0.13903127151300804	0.13903127151300804	0.0	0.0
monotone_control	1181	0	0	0.12333006732632087	0.12333006732632087	0.12333006732632087	0.0	0.0
monotone_control	1182	0	0	0.14094043882771096	0.14094043882771096	0.14094043882771096	0.0	0.0
monotone_control	1183	0	0	0.1212414185631143	0.1212414185631143	0.1212414185631143	0.0	0.0
monotone_control	1184	0	0	0.11745071712692122	0.11745071712692122	0.11745071712692122	0.0	0.0
monotone_control	1185	0	0	0.14068261190391687	0.14068261190391687	0.14068261190391687	0.0	0.0
monotone_control	1186	0	0	0.14885851024693908	0.14885851024693908	0.14885851024693908	0.0	0.0
monotone_control	1187	0	0	0.136554107871705	0.136554107871705	0.136554107871705	0.0	0.0
monotone_control	1188	0	0	0.14358858756516552	0.14358858756516552	0.14358858756516552	0.0	0.0
monotone_control	1189	0	0	0.14248534579629837	0.14248534579629837	0.14248534579629837	0.0	0.0
monotone_control	1190	0	0	0.14693647660260048	0.14693647660260048	0.14693647660260048	0.0	0.0
monotone_control	1191	0	0	0.13367353424348571	0.13367353424348571	0.13367353424348571	0.0	0.0
monotone_control	1192	0	0	0.14208196295153983	0.14208196295153983	0.14208196295153983	0.0	0.0
monotone_control	1193	0	0	0.1323072518970877	0.1323072518970877	0.1323072518970877	0.0	0.0
monotone_control	1194	0	0	0.12394713832646828	0.12394713832646828	0.12394713832646828	0.0	0.0
monotone_control	1195	0	0	0.11857669886013975	0.11857669886013975	0.11857669886013975	0.0	0.0
monotone_control	1196	0	0	0.13981255863339873	0.13981255863339873	0.13981255863339873	0.0	0.0
monotone_control	1197	0	0	0.15181400874010434	0.15181400874010434	0.15181400874010434	0.0	0.0
monotone_control	1198	0	0	0.13347833616231752	0.13347833616231752	0.13347833616231752	0.0	0.0
monotone_control	1199	0	0	0.14203769801143318	0.14203769801143318	0.14203769801143318	0.0	0.0
