regime	seed	naive_value	greedy_value	gain
overlap_main	0	61.03836579531305	69.9136788726035	0.14540548328330177
additive_control	0	24.408980007148273	24.408980007148273	0.0
overlap_main	1	63.62110069183471	67.24922479984303	0.0570270565670041
additive_control	1	21.831881768287154	21.831881768287154	0.0
overlap_main	2	61.42834291926386	67.19209966484378	0.09382894721993894
additive_control	2	24.545723786954447	24.545723786954447	0.0
overlap_main	3	84.50735263552124	87.80091904223873	0.038973726001364443
additive_control	3	15.647336907541394	15.647336907541394	0.0
overlap_main	4	63.4171227563864	66.10260888547295	0.042346388678065776
additive_control	4	14.89672562820158	14.89672562820158	0.0
overlap_main	5	60.570998057873766	67.43510107578489	0.11332326093343675
additive_control	5	17.415804381306035	17.415804381306035	0.0
overlap_main	6	51.47694710984113	56.95131485887794	0.10634600644353773
additive_control	6	14.643951600632189	14.643951600632189	0.0
overlap_main	7	63.95488185925123	69.8507966520866	0.09218865896446828
additive_control	7	15.266861806687546	15.266861806687546	0.0
overlap_main	8	63.06478759877368	66.09397590949082	0.0480329582649074
additive_control	8	21.327788845146337	21.327788845146337	0.0
overlap_main	9	68.47823725061647	77.05058294419275	0.1251835040993131
additive_control	9	19.20402794392875	19.20402794392875	0.0
overlap_main	10	58.613756288813875	60.04069113818815	0.02434470915570036
additive_control	10	20.946414050994875	20.946414050994875	0.0
overlap_main	11	58.01172269822884	62.474402100972306	0.07692720014466523
additive_control	11	11.515580954060672	11.515580954060672	0.0
overlap_main	12	71.49263415991034	72.86157238717351	0.01914796179143735
additive_control	12	20.166808495142593	20.166808495142593	0.0
overlap_main	13	62.781188309876775	69.91537564339936	0.1136357486307762
additive_control	13	12.260996256385113	12.260996256385113	0.0
overlap_main	14	65.56973899006536	75.06604565555615	0.14482758070654517
additive_control	14	16.849226468557173	16.849226468557173	0.0
overlap_main	15	53.45293500296108	60.252218443747054	0.12720131159139017
additive_control	15	22.178404885898722	22.178404885898722	0.0
overlap_main	16	70.93471314608253	74.56399567044933	0.05116370199302389
additive_control	16	19.6414354832593	19.6414354832593	0.0
overlap_main	17	48.139679397085224	57.093251331547776	0.18599151566025335
additive_control	17	22.488533540310467	22.488533540310467	0.0
overlap_main	18	68.46977296433862	73.16388365117056	0.06855741568292917
additive_control	18	11.976468775993451	11.976468775993451	0.0
overlap_main	19	58.89975268157451	68.29748067691577	0.15955462574091805
additive_control	19	13.02985640530758	13.02985640530758	0.0
overlap_main	20	58.92430538455145	62.214375550422616	0.05583553585230284
additive_control	20	19.576245856925677	19.576245856925677	0.0
overlap_main	21	53.87805555889729	60.63296473311779	0.1253740340877059
additive_control	21	16.6415665940904	16.6415665940904	0.0
overlap_main	22	53.829111936977384	58.20208588650027	0.08123808460081458
additive_control	22	22.961320557445383	22.961320557445383	0.0
overlap_main	23	65.60710375255297	70.0502770474176	0.06772396647202589
additive_control	23	16.7114891882239	16.7114891882239	0.0
overlap_main	24	60.26592075969835	65.60908665285413	0.08865982342592722
additive_control	24	12.418504196371963	12.418504196371963	0.0
overlap_main	25	49.44341839736291	56.49832585701294	0.14268648261638603
additive_control	25	22.395186465160997	22.395186465160997	0.0
overlap_main	26	73.73877585421307	82.15685388629605	0.11416080528277452
additive_control	26	16.135837384242905	16.135837384242905	0.0
overlap_main	27	70.99333665727389	72.20741608217294	0.0171013151665222
additive_control	27	22.093869367775206	22.093869367775206	0.0
overlap_main	28	65.37406085186467	73.28612809803904	0.12102762384767317
additive_control	28	14.402202362931014	14.402202362931014	0.0
overlap_main	29	50.05004682260391	54.20332980967971	0.08298259943285541
additive_control	29	19.726138666576645	19.726138666576645	0.0
overlap_main	30	57.81658175929301	63.989821801919796	0.10677282977965999
additive_control	30	20.592550964981264	20.592550964981264	0.0
overlap_main	31	66.24610822557902	75.26732996363991	0.13617738429768775
additive_control	31	20.085372658019917	20.085372658019917	0.0
overlap_main	32	62.130234856408904	65.06942983287126	0.04730699929358426
additive_control	32	21.303538827771145	21.303538827771145	0.0
overlap_main	33	64.0967859300612	73.36885490963945	0.14465731541820848
additive_control	33	15.01570362894327	15.01570362894327	0.0
overlap_main	34	62.03796830854974	62.42260525077262	0.006200024802712108
additive_control	34	16.151697056418293	16.151697056418293	0.0
overlap_main	35	66.7758038719655	74.9003445885447	0.12166893164112298
additive_control	35	15.879403587983308	15.879403587983308	0.0
overlap_main	36	55.8375164113853	62.292851748344646	0.11560928479338843
additive_control	36	14.466703023602307	14.466703023602307	0.0
overlap_main	37	74.81540016472991	81.35914782449038	0.08746524973938959
additive_control	37	16.359358708710978	16.359358708710978	0.0
overlap_main	38	70.92212456768942	77.71416751056493	0.09576761813435322
additive_control	38	23.003279383003814	23.003279383003814	0.0
overlap_main	39	56.436729872462685	59.79618485609595	0.059526039003766774
additive_control	39	15.63612799417521	15.63612799417521	0.0
overlap_main	40	58.682539775695076	64.470161773959	0.09862596302726874
additive_control	40	21.22363483248553	21.22363483248553	0.0
overlap_main	41	58.20214328371609	66.27653326283809	0.13873011410871985
additive_control	41	17.030619473792626	17.030619473792626	0.0
overlap_main	42	67.24494287292053	67.79249640088314	0.008142672215476073
additive_control	42	13.951738322851668	13.951738322851668	0.0
overlap_main	43	58.99519032537255	67.8709347899399	0.1504486114141763
additive_control	43	24.203749299646635	24.203749299646635	0.0
overlap_main	44	52.43198142266467	58.946651400137775	0.12424992915978227
additive_control	44	16.7000416548687	16.7000416548687	0.0
overlap_main	45	76.65112037139816	80.70358371355628	0.05286893815149333
additive_control	45	15.017065519196585	15.017065519196585	0.0
overlap_main	46	59.500862691642965	60.56743846390467	0.017925383330811947
additive_control	46	18.524412773316428	18.524412773316428	0.0
overlap_main	47	58.242725647833126	67.89305931087655	0.16569165600858962
additive_control	47	17.821461172006458	17.821461172006458	0.0
overlap_main	48	65.78670696016988	68.66612124661776	0.0437689378219099
additive_control	48	19.936293367151965	19.936293367151965	0.0
overlap_main	49	63.054357898921296	66.38979107106144	0.05289774225418293
additive_control	49	22.192072627801466	22.192072627801466	0.0
overlap_main	50	56.63865348806327	64.81932219757113	0.14443614397068869
additive_control	50	15.692491081205311	15.692491081205311	0.0
overlap_main	51	64.23301206974473	66.07158761432943	0.028623529947316796
additive_control	51	23.931356108210494	23.931356108210494	0.0
overlap_main	52	51.52491258222945	58.92033972320021	0.14353109535447106
additive_control	52	16.658991428966353	16.658991428966353	0.0
overlap_main	53	63.79354591895067	67.44638478690405	0.057260320230424065
additive_control	53	18.214793608978006	18.214793608978006	0.0
overlap_main	54	63.2142338975849	68.6752343132941	0.08638877795397658
additive_control	54	21.78242127953317	21.78242127953317	0.0
overlap_main	55	53.511069441907715	56.28640292474961	0.05186466112128129
additive_control	55	14.84663484439231	14.84663484439231	0.0
overlap_main	56	58.00675588783077	64.71184584882744	0.11559153513019207
additive_control	56	16.62117197275108	16.62117197275108	0.0
overlap_main	57	60.41965856744684	63.517720767631076	0.05127573166812672
additive_control	57	15.911501142657578	15.911501142657578	0.0
overlap_main	58	73.47914779565889	77.77898357800971	0.05851776880031886
additive_control	58	15.253806483303276	15.253806483303276	0.0
overlap_main	59	59.1194109024888	66.9037130525642	0.1316708341853199
additive_control	59	11.94184119445098	11.94184119445098	0.0
overlap_main	60	56.442794079853535	65.97883077253304	0.16895047185630493
additive_control	60	19.70834015491163	19.70834015491163	0.0
overlap_main	61	58.348164801748325	63.35418428653871	0.08579566301355869
additive_control	61	14.718302914047388	14.718302914047388	0.0
overlap_main	62	57.57530682765084	70.52577334149002	0.22493091617567643
additive_control	62	21.050792255859648	21.050792255859648	0.0
overlap_main	63	54.95580774961207	60.39818132274558	0.09903181840088458
additive_control	63	15.287801880209312	15.287801880209312	0.0
overlap_main	64	44.07378985739324	50.18280997011976	0.13860891319972923
additive_control	64	19.183515296230514	19.183515296230514	0.0
overlap_main	65	56.90587304083852	65.05235666188177	0.1431571678936711
additive_control	65	20.904362490582763	20.904362490582763	0.0
overlap_main	66	82.23453410692021	87.845737782638	0.0682341517059266
additive_control	66	25.679426660728705	25.679426660728705	0.0
overlap_main	67	55.93620389124733	57.44461366184129	0.026966609559823683
additive_control	67	16.492033715085793	16.492033715085793	0.0
overlap_main	68	64.79155531364604	69.04946891891116	0.06571710749422831
additive_control	68	22.83104976797152	22.83104976797152	0.0
overlap_main	69	45.83251996962476	56.96104454315975	0.24280848142127803
additive_control	69	15.63222519454139	15.63222519454139	0.0
overlap_main	70	63.452808654181766	71.70666833155687	0.13007871286452732
additive_control	70	18.054311496829705	18.054311496829705	0.0
overlap_main	71	52.394395889341176	55.45707238761648	0.058454276383752626
additive_control	71	10.22286536446159	10.22286536446159	0.0
overlap_main	72	65.71681783223087	69.10793720999101	0.05160200219093622
additive_control	72	18.134639150643924	18.134639150643924	0.0
overlap_main	73	60.8544223251903	63.07385700745212	0.036471214374556624
additive_control	73	13.114983444833506	13.114983444833506	0.0
overlap_main	74	57.08943011020283	66.69771121731888	0.16830227747183094
additive_control	74	12.79072319281622	12.79072319281622	0.0
overlap_main	75	71.03153424799984	76.8529855050571	0.08195587099009038
additive_control	75	16.301813108956132	16.301813108956132	0.0
overlap_main	76	49.82390192490446	57.44480214615379	0.15295671207637843
additive_control	76	17.666851620610107	17.666851620610107	0.0
overlap_main	77	51.68707224634002	57.946733885068625	0.12110691061964436
additive_control	77	20.030126900051176	20.030126900051176	0.0
overlap_main	78	58.85589668778844	61.886809065832026	0.05149717443133356
additive_control	78	18.54765674932007	18.54765674932007	0.0
overlap_main	79	73.95602227720437	77.75511810997159	0.051369661533814344
additive_control	79	15.033182030484053	15.033182030484053	0.0
overlap_main	80	48.999043774366235	58.141699784001666	0.18658845776125932
additive_control	80	20.64762087339569	20.64762087339569	0.0
overlap_main	81	72.25569658254517	80.00579112546698	0.10725928763371728
additive_control	81	25.333713946213457	25.333713946213457	0.0
overlap_main	82	55.81328211088768	60.02666785922074	0.07549073605745077
additive_control	82	19.535180446960034	19.535180446960034	0.0
overlap_main	83	41.48851936093137	50.49095737015305	0.21698624457779597
additive_control	83	16.844143288670065	16.844143288670065	0.0
overlap_main	84	58.79377771945043	67.63388043374735	0.15035779392301907
additive_control	84	17.164721997850297	17.164721997850297	0.0
overlap_main	85	48.02074712368257	52.414324474176375	0.09149331515350394
additive_control	85	13.637148991128942	13.637148991128942	0.0
overlap_main	86	48.75470252598836	53.56429456603147	0.09864878239138869
additive_control	86	16.48269495572331	16.48269495572331	0.0
overlap_main	87	59.19628305146776	60.84742883702086	0.027892727388263917
additive_control	87	15.855585311051744	15.855585311051744	0.0
overlap_main	88	58.210501736628494	61.75258624259021	0.06084957868921596
additive_control	88	19.904643350041738	19.904643350041738	0.0
overlap_main	89	65.88148932250482	69.57080306512258	0.055999246230723915
additive_control	89	20.00641986709671	20.00641986709671	0.0
overlap_main	90	48.828630056412734	59.06732721856579	0.20968634897854133
additive_control	90	12.317813388943932	12.317813388943932	0.0
overlap_main	91	57.2945224523344	66.59225276724734	0.16227956734691523
additive_control	91	19.571999600324858	19.571999600324858	0.0
overlap_main	92	73.46832477775172	78.27543373254294	0.0654310407829926
additive_control	92	16.771760868652244	16.771760868652244	0.0
overlap_main	93	87.58963154530987	95.27168700688136	0.08770507794176059
additive_control	93	18.700602954220795	18.700602954220795	0.0
overlap_main	94	59.26264556116517	63.01138732950763	0.06325640262673334
additive_control	94	16.079862720783034	16.079862720783034	0.0
overlap_main	95	71.16724830729088	79.5822629167513	0.11824279861328198
additive_control	95	17.56431800259679	17.56431800259679	0.0
overlap_main	96	53.21796320157169	58.097780320137325	0.09169492451416324
additive_control	96	19.226187278392004	19.226187278392004	0.0
overlap_main	97	57.68383813160314	59.888058006460284	0.03821208758384479
additive_control	97	16.214252297248898	16.214252297248898	0.0
overlap_main	98	61.492324766581405	65.42241917461381	0.06391195036048224
additive_control	98	11.628611861445002	11.628611861445002	0.0
overlap_main	99	71.27022040307223	75.83742498886491	0.06408293056991589
additive_control	99	17.821062665417095	17.821062665417095	0.0
overlap_main	100	49.55902954803783	56.1777339547601	0.1335519372974551
additive_control	100	12.263749384269694	12.263749384269694	0.0
overlap_main	101	65.85263202586967	71.58451740661086	0.0870410977421444
additive_control	101	13.208555167595009	13.208555167595009	0.0
overlap_main	102	55.12628878182709	61.201452252629906	0.11020447059018326
additive_control	102	11.469405818460077	11.469405818460077	0.0
overlap_main	103	65.43002674067694	69.58851422547866	0.0635562553150609
additive_control	103	12.689861031673273	12.689861031673273	0.0
overlap_main	104	72.0680312243621	76.35685067659624	0.059510706472363444
additive_control	104	16.71647278696758	16.71647278696758	0.0
overlap_main	105	68.0047444674984	71.85510594467758	0.05661901250168488
additive_control	105	15.238113827410222	15.238113827410222	0.0
overlap_main	106	59.742669528211195	60.83567777948996	0.018295269694345286
additive_control	106	13.285257860872083	13.285257860872083	0.0
overlap_main	107	58.90291087724134	60.377249644424886	0.025029981459765094
additive_control	107	13.561180583257993	13.561180583257993	0.0
overlap_main	108	61.635176874167286	69.46890781848637	0.12709837695951162
additive_control	108	14.287464627929989	14.287464627929989	0.0
overlap_main	109	57.572332932246596	67.10598092917563	0.16559426223267015
additive_control	109	21.43447289502125	21.43447289502125	0.0
overlap_main	110	54.78825999766145	62.487823232009674	0.14053308564055272
additive_control	110	21.248638179521517	21.248638179521517	0.0
overlap_main	111	50.40771133017555	51.753658085868885	0.026701207417993002
additive_control	111	15.888404856806279	15.888404856806279	0.0
overlap_main	112	64.28443133261855	70.98140285929111	0.10417719170636026
additive_control	112	15.537610708934936	15.537610708934936	0.0
overlap_main	113	63.19382126909519	66.14719896126684	0.046735228743256786
additive_control	113	17.76029775401444	17.76029775401444	0.0
overlap_main	114	56.04967989276833	63.17542398282206	0.12713264560451326
additive_control	114	17.97042062011109	17.97042062011109	0.0
overlap_main	115	54.074376216002186	59.34189281419171	0.09741243388824726
additive_control	115	16.84018498912094	16.84018498912094	0.0
overlap_main	116	66.51115937899118	77.0328882284904	0.15819493973251525
additive_control	116	17.121068363117224	17.121068363117224	0.0
overlap_main	117	66.13691635400691	70.20317295658438	0.06148240387883027
additive_control	117	20.844637831409813	20.844637831409813	0.0
overlap_main	118	54.47540460093032	64.35297791167741	0.1813217062471971
additive_control	118	15.077587313780223	15.077587313780223	0.0
overlap_main	119	63.99500095225137	71.0239138538311	0.10983534333914964
additive_control	119	12.493746343191237	12.493746343191237	0.0
overlap_main	120	62.84180496322837	72.32953499161658	0.15097799997851621
additive_control	120	16.03506093191498	16.03506093191498	0.0
overlap_main	121	50.25752112924357	54.039169781130276	0.07524542728961338
additive_control	121	22.01880512678438	22.01880512678438	0.0
overlap_main	122	57.95181296863545	59.83494687073985	0.03249482295098486
additive_control	122	16.00053030257744	16.00053030257744	0.0
overlap_main	123	53.530772992150155	60.75189944699181	0.1348967341813011
additive_control	123	10.79686698570816	10.79686698570816	0.0
overlap_main	124	64.37833559694428	69.04147426908625	0.07243335244540408
additive_control	124	23.547423732592534	23.547423732592534	0.0
overlap_main	125	60.51795154557374	66.12023538889838	0.09257226492713948
additive_control	125	13.891231175279392	13.891231175279392	0.0
overlap_main	126	43.866125170725326	48.60405145270874	0.10800877131370915
additive_control	126	16.902883468041267	16.902883468041267	0.0
overlap_main	127	61.81118670445372	64.92964894647693	0.050451421632364754
additive_control	127	15.38877227960993	15.38877227960993	0.0
overlap_main	128	66.73068327257587	68.19843247021937	0.021995117173432215
additive_control	128	19.767582529323082	19.767582529323082	0.0
overlap_main	129	66.0595387387345	79.00330620105716	0.19594093009815372
additive_control	129	22.396379779281222	22.396379779281222	0.0
overlap_main	130	56.07548046524356	59.1405015635582	0.05465884684152447
additive_control	130	18.40283391497382	18.40283391497382	0.0
overlap_main	131	60.48477823482533	65.71653986657604	0.0864971615079581
additive_control	131	13.938547497082336	13.938547497082336	0.0
overlap_main	132	61.33397464301695	64.02851009086561	0.0439321838105504
additive_control	132	16.039225164657573	16.039225164657573	0.0
overlap_main	133	63.18595191460557	67.44007528214478	0.06732704404435598
additive_control	133	13.24758478015297	13.24758478015297	0.0
overlap_main	134	70.16834854785341	74.53619735290593	0.06224813459980082
additive_control	134	13.102367720011477	13.102367720011477	0.0
overlap_main	135	60.0031535095632	68.23284809010963	0.13715436771560338
additive_control	135	15.147272441699592	15.147272441699592	0.0
overlap_main	136	68.39274696994941	75.16870518102041	0.09907422221318642
additive_control	136	18.33710262131408	18.33710262131408	0.0
overlap_main	137	70.15555157637888	75.0335045864259	0.06953053465393053
additive_control	137	22.852783352360774	22.852783352360774	0.0
overlap_main	138	61.50794738436042	72.35198998241813	0.17630311299926452
additive_control	138	16.601434038096485	16.601434038096485	0.0
overlap_main	139	71.01713946728205	79.7998049670617	0.1236696601082598
additive_control	139	14.350380356181397	14.350380356181397	0.0
overlap_main	140	53.437340529061	55.54548657569462	0.039450803983913485
additive_control	140	19.688702787317183	19.688702787317183	0.0
overlap_main	141	46.23695606049314	49.989074735790666	0.0811497770395724
additive_control	141	17.905177731237565	17.905177731237565	0.0
overlap_main	142	50.06443602956993	56.06680760953238	0.11989292312046068
additive_control	142	19.78034335594012	19.78034335594012	0.0
overlap_main	143	53.52749478846829	57.04045995131256	0.0656291720120085
additive_control	143	13.504493386153197	13.504493386153197	0.0
overlap_main	144	71.77446806252402	75.40475862721397	0.050579135766321975
additive_control	144	15.49859102150334	15.49859102150334	0.0
overlap_main	145	74.90505921910248	83.09130409947389	0.10928827726343653
additive_control	145	26.312572615904084	26.312572615904084	0.0
overlap_main	146	49.878416867834	53.53058689625379	0.0732214504341061
additive_control	146	21.853043667948363	21.853043667948363	0.0
overlap_main	147	70.58349468219822	79.11969582744139	0.12093763823507699
additive_control	147	17.13172662175246	17.13172662175246	0.0
overlap_main	148	78.29596601415076	82.20317319288606	0.049903045809909605
additive_control	148	14.343001163661743	14.343001163661743	0.0
overlap_main	149	68.08617117764703	84.45928220494191	0.24047630736313516
additive_control	149	14.42643049556889	14.42643049556889	0.0
overlap_main	150	54.38045827254755	58.41483221668313	0.074187935745518
additive_control	150	21.58346393208289	21.58346393208289	0.0
overlap_main	151	79.96543697047368	83.7353636845566	0.04714445211466712
additive_control	151	15.580408018906901	15.580408018906901	0.0
overlap_main	152	68.44132104022489	72.49939039321042	0.05929268008430879
additive_control	152	21.70792823908067	21.70792823908067	0.0
overlap_main	153	61.73427718949425	71.31113817193348	0.15513036547010856
additive_control	153	17.58822548526428	17.58822548526428	0.0
overlap_main	154	62.30435034247719	63.89057020218305	0.025459215142869737
additive_control	154	27.275643344336096	27.275643344336096	0.0
overlap_main	155	66.93751865133436	70.26198069023543	0.0496651520086606
additive_control	155	22.967991616647254	22.967991616647254	0.0
overlap_main	156	58.92250437638042	64.4649257091913	0.09406289483908317
additive_control	156	18.015890960162267	18.015890960162267	0.0
overlap_main	157	57.09317025522655	64.56682137226778	0.13090271714867785
additive_control	157	15.021461356423913	15.021461356423913	0.0
overlap_main	158	53.43172884982463	58.215762764758324	0.08953545052565515
additive_control	158	12.520811632342621	12.520811632342621	0.0
overlap_main	159	66.16557583768684	67.52318338319776	0.02051833643587282
additive_control	159	24.061579223637956	24.061579223637956	0.0
overlap_main	160	55.105839545169154	62.55739837066875	0.13522267126320983
additive_control	160	18.246425500895842	18.246425500895842	0.0
overlap_main	161	58.23926199998159	64.44133887228135	0.10649305398653088
additive_control	161	12.417234421820392	12.417234421820392	0.0
overlap_main	162	68.04921197124165	70.60595059214758	0.03757190637250051
additive_control	162	20.77800988839718	20.77800988839718	0.0
overlap_main	163	41.300399917841716	47.34806079892923	0.1464310489273237
additive_control	163	17.160927639762377	17.160927639762377	0.0
overlap_main	164	66.2998570957711	69.74596332143955	0.051977581500522604
additive_control	164	13.613586079249439	13.613586079249439	0.0
overlap_main	165	61.986067149052566	67.56205128424614	0.0899554430802245
additive_control	165	19.888348956062988	19.888348956062988	0.0
overlap_main	166	85.74048311191758	90.67008417528966	0.05749444001776193
additive_control	166	19.45457348670437	19.45457348670437	0.0
overlap_main	167	51.851729277628856	56.12858932539479	0.0824824959041658
additive_control	167	15.989356843734118	15.989356843734118	0.0
overlap_main	168	54.077342825212085	58.00113857508782	0.0725589599059659
additive_control	168	20.154972120559467	20.154972120559467	0.0
overlap_main	169	65.55489848688619	71.20974103268885	0.0862611746234933
additive_control	169	20.866419812772477	20.866419812772477	0.0
overlap_main	170	72.33895082004794	78.50590012750997	0.08525074303058501
additive_control	170	20.060761592134824	20.060761592134824	0.0
overlap_main	171	51.66192006356865	55.16376086551708	0.0677837911877743
additive_control	171	17.372164263357984	17.372164263357984	0.0
overlap_main	172	49.441689463136996	53.841681801800576	0.08899356770452091
additive_control	172	21.607602959306647	21.607602959306647	0.0
overlap_main	173	56.948727619363936	62.76493464601096	0.10213058780736255
additive_control	173	14.165570858549914	14.165570858549914	0.0
overlap_main	174	54.59907850501907	62.39532614858028	0.14279082828924541
additive_control	174	12.588260864668053	12.588260864668053	0.0
overlap_main	175	63.483594277248976	65.81497237469043	0.03672410366778748
additive_control	175	16.01923697523797	16.01923697523797	0.0
overlap_main	176	58.96619613569139	62.662660148380446	0.06268784922437348
additive_control	176	17.83372698197878	17.83372698197878	0.0
overlap_main	177	61.59217816231356	65.8960117511899	0.06987630113574606
additive_control	177	25.112370793628116	25.112370793628116	0.0
overlap_main	178	69.35240135068786	82.28085018078949	0.18641674373649358
additive_control	178	12.582043136059665	12.582043136059665	0.0
overlap_main	179	83.8203514810074	84.0048865261513	0.0022015541796636608
additive_control	179	14.83310254518242	14.83310254518242	0.0
overlap_main	180	54.22368195573697	59.08134875842031	0.0895857054976214
additive_control	180	17.153141497415035	17.153141497415035	0.0
overlap_main	181	60.821792664865434	61.550922404665606	0.011987968585828346
additive_control	181	19.833033620134415	19.833033620134415	0.0
overlap_main	182	75.4965402829196	80.96178054532793	0.07239060547579543
additive_control	182	20.851927444143712	20.851927444143712	0.0
overlap_main	183	54.0935804655999	55.29508981631311	0.02221168094941124
additive_control	183	14.685456293426558	14.685456293426558	0.0
overlap_main	184	77.50608410363998	86.26143655559886	0.11296342155863995
additive_control	184	23.841052093810823	23.841052093810823	0.0
overlap_main	185	64.39724672005919	68.53200798624648	0.06420711252084252
additive_control	185	18.156830953641496	18.156830953641496	0.0
overlap_main	186	73.67592539799784	83.63346984139139	0.1351532999362115
additive_control	186	18.22357947598953	18.22357947598953	0.0
overlap_main	187	65.58406804497832	73.65104864229669	0.1230021381379687
additive_control	187	19.028758354678768	19.028758354678768	0.0
overlap_main	188	60.78554091891225	67.17013198442535	0.10503470017697357
additive_control	188	14.923401632381744	14.923401632381744	0.0
overlap_main	189	41.724452599865394	44.908567983849686	0.07631293367751849
additive_control	189	17.110272164061552	17.110272164061552	0.0
overlap_main	190	80.58182254775657	82.10173594199415	0.01886174010691809
additive_control	190	12.178436324487395	12.178436324487395	0.0
overlap_main	191	76.15647108320712	81.26472876373573	0.06707581913751523
additive_control	191	12.553572634771921	12.553572634771921	0.0
overlap_main	192	64.61991434545203	73.05620300091635	0.13055245802965185
additive_control	192	14.405965823390083	14.405965823390083	0.0
overlap_main	193	69.79688933066788	71.51862276962538	0.024667767510392357
additive_control	193	18.608739479881653	18.608739479881653	0.0
overlap_main	194	50.31656515463103	56.724643394376365	0.12735524016896352
additive_control	194	22.9321617580311	22.9321617580311	0.0
overlap_main	195	59.30294666761663	65.5046157989577	0.10457607049613263
additive_control	195	16.32326809841631	16.32326809841631	0.0
overlap_main	196	56.62576931805497	60.52023873395303	0.0687755674280317
additive_control	196	17.280901928595785	17.280901928595785	0.0
overlap_main	197	67.61130165385069	72.89845110982296	0.07819919638643946
additive_control	197	25.021267333591325	25.021267333591325	0.0
overlap_main	198	69.9699362133963	85.77884710083136	0.2259386208273879
additive_control	198	17.3324191640432	17.3324191640432	0.0
overlap_main	199	50.57215349924951	59.68307372751784	0.18015685704195952
additive_control	199	17.366347705858615	17.366347705858615	0.0
overlap_main	200	76.52054677545038	81.0291553516284	0.05892023471040446
additive_control	200	21.040842246951993	21.040842246951993	0.0
overlap_main	201	54.72360219580723	59.59067651229921	0.08893921674010125
additive_control	201	23.469865705283524	23.469865705283524	0.0
overlap_main	202	53.779198391153756	57.781862869580344	0.07442774526525844
additive_control	202	14.595642440211627	14.595642440211627	0.0
overlap_main	203	57.622756168441455	59.86204421900698	0.038861175678922645
additive_control	203	16.473727935363787	16.473727935363787	0.0
overlap_main	204	60.41992957948448	67.08678910801096	0.11034206055728679
additive_control	204	18.090732994480497	18.090732994480497	0.0
overlap_main	205	89.12481654318448	91.36203884018666	0.025102125129403824
additive_control	205	20.19153657417449	20.19153657417449	0.0
overlap_main	206	59.270655549338954	64.61043689638156	0.09009148452217781
additive_control	206	13.573197941533545	13.573197941533545	0.0
overlap_main	207	80.19320507057155	85.40652757862686	0.06500952921718854
additive_control	207	16.45652411564281	16.45652411564281	0.0
overlap_main	208	60.619636927715774	63.90505487819647	0.05419725549327026
additive_control	208	20.499196831113345	20.499196831113345	0.0
overlap_main	209	60.37614658124761	65.67436421074461	0.08775349089838388
additive_control	209	25.531393243294914	25.531393243294914	0.0
overlap_main	210	48.588581793834194	54.02138374764931	0.11181231789943967
additive_control	210	16.69099062791983	16.69099062791983	0.0
overlap_main	211	67.26646624752921	73.58185790520201	0.09388618148057953
additive_control	211	27.430782729369433	27.430782729369433	0.0
overlap_main	212	59.16912219916457	62.90424250104537	0.06312617397480227
additive_control	212	18.578503548436032	18.578503548436032	0.0
overlap_main	213	59.24656893099112	64.15424537741093	0.08283477904241424
additive_control	213	13.757108286533107	13.757108286533107	0.0
overlap_main	214	46.66626859513866	50.66845380965448	0.08576184329708196
additive_control	214	19.962051834666557	19.962051834666557	0.0
overlap_main	215	63.84723298064277	65.40483570790043	0.024395774954411795
additive_control	215	18.179691212333672	18.179691212333672	0.0
overlap_main	216	54.10857507030588	63.79218706453807	0.1789663095294933
additive_control	216	17.06143141623275	17.06143141623275	0.0
overlap_main	217	63.65324582768537	70.81984602206383	0.1125881343706972
additive_control	217	18.509957016560747	18.509957016560747	0.0
overlap_main	218	62.32068101605995	66.06700262939125	0.06011361801976911
additive_control	218	12.563854926324797	12.563854926324797	0.0
overlap_main	219	68.16703736170182	72.43741997988059	0.06264585910518086
additive_control	219	16.778477639585272	16.778477639585272	0.0
overlap_main	220	52.73345838740012	58.952539781328376	0.11793426003355421
additive_control	220	12.646004353772195	12.646004353772195	0.0
overlap_main	221	93.73706251165915	98.42207136402781	0.049980325037238496
additive_control	221	20.935551058305997	20.935551058305997	0.0
overlap_main	222	64.47543274785173	67.21339652759303	0.04246522532774367
additive_control	222	17.359825852979657	17.359825852979657	0.0
overlap_main	223	54.168051739692366	60.11515294809643	0.10978983030409133
additive_control	223	16.669992899324303	16.669992899324303	0.0
overlap_main	224	72.71964061776367	80.520706727353	0.10727591670308274
additive_control	224	21.39982761461575	21.39982761461575	0.0
overlap_main	225	72.05346871854704	75.37816837436299	0.04614211799854888
additive_control	225	19.36068099468582	19.36068099468582	0.0
overlap_main	226	64.98981458370295	74.15704354752805	0.14105639510662488
additive_control	226	13.482659677288776	13.482659677288776	0.0
overlap_main	227	51.97574255590937	61.28429070060424	0.17909408672097046
additive_control	227	24.662914922137915	24.662914922137915	0.0
overlap_main	228	57.001782209580014	67.40662657746405	0.18253542195625153
additive_control	228	18.361611891671	18.361611891671	0.0
overlap_main	229	65.57744945602686	69.09276741135278	0.05360559131966749
additive_control	229	21.5157159528535	21.5157159528535	0.0
overlap_main	230	55.4739878932348	62.727513243634945	0.13075543377844542
additive_control	230	18.528522060081194	18.528522060081194	0.0
overlap_main	231	58.10073714345796	59.430559231729454	0.022888213706962014
additive_control	231	19.04917555521202	19.04917555521202	0.0
overlap_main	232	53.12538301718907	59.06791967502753	0.11185870708764042
additive_control	232	16.340943226366015	16.340943226366015	0.0
overlap_main	233	59.74981623922713	67.68329375492087	0.13277827473024473
additive_control	233	28.591900572638163	28.591900572638163	0.0
overlap_main	234	69.89478108015089	73.00565968234248	0.044508024120201946
additive_control	234	19.749091550185074	19.749091550185074	0.0
overlap_main	235	50.69882875794913	58.56532799135745	0.15516136025479527
additive_control	235	16.253093562028454	16.253093562028454	0.0
overlap_main	236	54.46615006063264	56.550458971883245	0.03826796843416166
additive_control	236	18.73910614904457	18.73910614904457	0.0
overlap_main	237	62.04397374738881	68.19778954878555	0.09918474639377413
additive_control	237	11.482643250693615	11.482643250693615	0.0
overlap_main	238	51.87732285675346	54.672501401692244	0.05388054724136378
additive_control	238	21.746448198764654	21.746448198764654	0.0
overlap_main	239	67.34093765679907	74.43275235874091	0.10531208724899331
additive_control	239	17.755857204269166	17.755857204269166	0.0
overlap_main	240	69.5841651958702	72.26142117703526	0.03847507509257229
additive_control	240	20.270146086126267	20.270146086126267	0.0
overlap_main	241	60.302030944491754	63.28118257801432	0.049403835772378585
additive_control	241	15.059135297439397	15.059135297439397	0.0
overlap_main	242	58.64269991362822	60.97879941384276	0.03983615187662329
additive_control	242	16.459840468981714	16.459840468981714	0.0
overlap_main	243	82.17755937704464	83.40621701521351	0.014951254910499086
additive_control	243	15.052542123823025	15.052542123823025	0.0
overlap_main	244	56.823521009462276	61.634439807042064	0.08466421496089044
additive_control	244	18.40358891142665	18.40358891142665	0.0
overlap_main	245	64.45771496001949	65.96574648588125	0.023395671515770274
additive_control	245	20.109543670981775	20.109543670981775	0.0
overlap_main	246	67.1526903644011	75.32793071864715	0.1217410696411935
additive_control	246	20.414538225197575	20.414538225197575	0.0
overlap_main	247	55.93717705622851	61.903096275144684	0.10665392021694585
additive_control	247	13.847948949511466	13.847948949511466	0.0
overlap_main	248	71.36657428004808	78.29000323067697	0.09701220803258408
additive_control	248	22.973177413755067	22.973177413755067	0.0
overlap_main	249	65.27494073281444	67.3886994697426	0.032382392280986806
additive_control	249	18.503582961691272	18.503582961691272	0.0
overlap_main	250	64.99214522052549	71.97705919573326	0.10747320236171916
additive_control	250	19.54627309743568	19.54627309743568	0.0
overlap_main	251	63.74726555521004	67.22950028921318	0.05462563301616839
additive_control	251	26.019169331750696	26.019169331750696	0.0
overlap_main	252	65.23916931058757	68.82060502129491	0.05489701583502709
additive_control	252	17.20786373913839	17.20786373913839	0.0
overlap_main	253	68.78527850370672	72.5793266668298	0.05515785129689669
additive_control	253	22.552334707431225	22.552334707431225	0.0
overlap_main	254	53.9301383073292	62.11846546974869	0.15183211872658375
additive_control	254	11.992458786095291	11.992458786095291	0.0
overlap_main	255	56.222815600189826	57.231177334918264	0.017935098482065957
additive_control	255	21.99025914769743	21.99025914769743	0.0
overlap_main	256	65.46293411973855	65.97365952457294	0.007801749367057377
additive_control	256	18.982923683173045	18.982923683173045	0.0
overlap_main	257	64.44908506304806	71.1471373258588	0.1039278099333495
additive_control	257	19.771323864671928	19.771323864671928	0.0
overlap_main	258	57.516159618217884	65.72646898032549	0.14274787149570126
additive_control	258	12.752606272753358	12.752606272753358	0.0
overlap_main	259	62.33602609691821	66.77881790749798	0.07127165603518339
additive_control	259	16.9392959915919	16.9392959915919	0.0
overlap_main	260	53.30109504022645	61.69414928608317	0.15746494963231922
additive_control	260	21.829466779897867	21.829466779897867	0.0
overlap_main	261	59.82215687140529	62.483821342613346	0.04449295395566586
additive_control	261	14.466752298108402	14.466752298108402	0.0
overlap_main	262	61.63787312087885	67.11897540791944	0.08892426051579558
additive_control	262	14.859584087079401	14.859584087079401	0.0
overlap_main	263	57.87382504710524	63.583101300975144	0.09865040455202245
additive_control	263	13.621348244586205	13.621348244586205	0.0
overlap_main	264	72.28052845301201	76.48526123502045	0.05817241340095956
additive_control	264	14.361886494831849	14.361886494831849	0.0
overlap_main	265	56.417782654840806	59.78134940332279	0.05961891074415316
additive_control	265	13.677635602075007	13.677635602075007	0.0
overlap_main	266	71.33723481895578	76.93029060053529	0.07840303588685382
additive_control	266	17.739013827432146	17.739013827432146	0.0
overlap_main	267	60.05202759113986	70.15892259379635	0.16830231064750373
additive_control	267	19.12711799566626	19.12711799566626	0.0
overlap_main	268	73.17696021380549	79.70065659086124	0.08914959514572735
additive_control	268	18.206021823043322	18.206021823043322	0.0
overlap_main	269	49.281242675172045	58.858059217919696	0.19432985093073685
additive_control	269	18.84373783601225	18.84373783601225	0.0
overlap_main	270	48.057754915322036	54.06352568874719	0.12496985728957477
additive_control	270	19.57352924198529	19.57352924198529	0.0
overlap_main	271	53.60558876173243	59.6808691138436	0.11333296569346048
additive_control	271	21.45523179276797	21.45523179276797	0.0
overlap_main	272	61.21190281297332	69.1150735500109	0.12911166576841943
additive_control	272	18.726241471687977	18.726241471687977	0.0
overlap_main	273	65.83074667021945	68.91275676688862	0.04681718273846355
additive_control	273	17.098096305462136	17.098096305462136	0.0
overlap_main	274	64.9421781517988	75.63177284131885	0.16460172716310353
additive_control	274	21.80572265324541	21.80572265324541	0.0
overlap_main	275	64.69926063395233	69.13315233929924	0.06853079404465603
additive_control	275	19.253414115185024	19.253414115185024	0.0
overlap_main	276	51.51945672270731	61.92607156657407	0.2019938777669607
additive_control	276	17.07757851768543	17.07757851768543	0.0
overlap_main	277	71.54567209761132	77.09349154330098	0.07754234858707677
additive_control	277	17.887101397593483	17.887101397593483	0.0
overlap_main	278	45.89430164682898	57.33370033243091	0.249255316567004
additive_control	278	17.662192721455153	17.662192721455153	0.0
overlap_main	279	45.36102538923208	48.6433094712241	0.07235912446483572
additive_control	279	15.445921075111539	15.445921075111539	0.0
overlap_main	280	44.216441766194144	52.459347307401956	0.18642172938280072
additive_control	280	18.112211661075328	18.112211661075328	0.0
overlap_main	281	72.65106078891472	82.11366865837218	0.13024734624248302
additive_control	281	13.789833801643725	13.789833801643725	0.0
overlap_main	282	63.48081762751454	68.39383765067545	0.0773937735331162
additive_control	282	18.709791158683732	18.709791158683732	0.0
overlap_main	283	73.2100658348259	83.49033043049023	0.14042146361209842
additive_control	283	17.320020521581135	17.320020521581135	0.0
overlap_main	284	70.58655326285424	73.9780649451955	0.048047560414400114
additive_control	284	20.93679019780387	20.93679019780387	0.0
overlap_main	285	52.48413694549657	57.94612659583203	0.10406934300944283
additive_control	285	15.502474298183065	15.502474298183065	0.0
overlap_main	286	60.47354298641278	65.99255974071528	0.09126332742803764
additive_control	286	20.507424256357613	20.507424256357613	0.0
overlap_main	287	61.84040403224832	63.55377848656298	0.027706391656515953
additive_control	287	16.31726744283496	16.31726744283496	0.0
overlap_main	288	64.28756341467279	70.1017300270487	0.09043999031154612
additive_control	288	19.81440543517671	19.81440543517671	0.0
overlap_main	289	57.653429739985874	69.3600874134495	0.20305223342757023
additive_control	289	12.88187228435947	12.88187228435947	0.0
overlap_main	290	53.90262452791498	62.45033983947544	0.15857697814201582
additive_control	290	15.356627491003959	15.356627491003959	0.0
overlap_main	291	74.37831811941811	75.83908397931557	0.019639673184759718
additive_control	291	25.536625952207725	25.536625952207725	0.0
overlap_main	292	63.45409468083959	72.90162990993731	0.14888771601922285
additive_control	292	15.841645498850161	15.841645498850161	0.0
overlap_main	293	51.62564666708825	55.869466254937485	0.08220370807586816
additive_control	293	14.53504640253279	14.53504640253279	0.0
overlap_main	294	69.65117992305181	72.10028707619294	0.035162464668176706
additive_control	294	14.039926218855578	14.039926218855578	0.0
overlap_main	295	66.17477499459235	70.19066277266103	0.06068608134136977
additive_control	295	15.057427580563395	15.057427580563395	0.0
overlap_main	296	51.4121711349425	52.7175725976586	0.02539090324137048
additive_control	296	14.426749786450012	14.426749786450012	0.0
overlap_main	297	56.17882446543147	59.91376785626375	0.06648311755135619
additive_control	297	21.731806944662626	21.731806944662626	0.0
overlap_main	298	55.992112279257775	56.8806959587037	0.015869801000079387
additive_control	298	12.950436686500094	12.950436686500094	0.0
overlap_main	299	54.093415007880935	59.821292596326835	0.10588862965319158
additive_control	299	13.632611041350406	13.632611041350406	0.0
overlap_main	300	71.20958211639069	75.15631574320174	0.0554241930581785
additive_control	300	25.66532614368254	25.66532614368254	0.0
overlap_main	301	56.17709150356116	58.942881233211395	0.049233409128610885
additive_control	301	15.240414060315073	15.240414060315073	0.0
overlap_main	302	63.36613445841065	66.07435027285865	0.04273916718441295
additive_control	302	18.01300693799103	18.01300693799103	0.0
overlap_main	303	60.831712658400086	66.46666700404299	0.09263185433042033
additive_control	303	22.36395739322124	22.36395739322124	0.0
overlap_main	304	59.54490521055637	67.3197357453284	0.13057087768096193
additive_control	304	16.715810174878488	16.715810174878488	0.0
overlap_main	305	74.64708781356585	80.7286587431765	0.08147097372103278
additive_control	305	19.434956748150043	19.434956748150043	0.0
overlap_main	306	41.642828136966735	46.207427076174746	0.10961308689685206
additive_control	306	20.958652204088246	20.958652204088246	0.0
overlap_main	307	66.76719222287997	70.44453900695066	0.05507715184120816
additive_control	307	17.693462859116266	17.693462859116266	0.0
overlap_main	308	56.89331762883032	63.834813808952745	0.12200898927020684
additive_control	308	13.490338943116406	13.490338943116406	0.0
overlap_main	309	51.61483041577877	58.14843822569146	0.12658392476119323
additive_control	309	19.813948859462965	19.813948859462965	0.0
overlap_main	310	57.44969697876134	70.71627664680551	0.23092514609691875
additive_control	310	16.296871736841073	16.296871736841073	0.0
overlap_main	311	51.34213936387603	56.958553599310875	0.10939190117555786
additive_control	311	18.957237343818775	18.957237343818775	0.0
overlap_main	312	52.238254659676215	58.917903193693334	0.12786890713585186
additive_control	312	21.119465414001343	21.119465414001343	0.0
overlap_main	313	47.041442299543874	54.2942209465541	0.15417849225002503
additive_control	313	11.41203863145154	11.41203863145154	0.0
overlap_main	314	50.03501611961246	54.29070823115046	0.08505427681614916
additive_control	314	14.88263063781765	14.88263063781765	0.0
overlap_main	315	50.87772648551048	55.33405658679204	0.08758901800674371
additive_control	315	21.91565147804127	21.91565147804127	0.0
overlap_main	316	48.28746279425585	53.6968055384915	0.11202375174036132
additive_control	316	29.42263883295231	29.42263883295231	0.0
overlap_main	317	65.6271297842121	70.47122203529143	0.07381234356899566
additive_control	317	13.175732698256859	13.175732698256859	0.0
overlap_main	318	60.38440813836474	67.06444284044615	0.11062515818280086
additive_control	318	21.130457080006376	21.130457080006376	0.0
overlap_main	319	62.50754065907283	67.17532344383261	0.07467551491457153
additive_control	319	18.179635297423864	18.179635297423864	0.0
overlap_main	320	52.124578246190694	57.98647940817775	0.11245944541365087
additive_control	320	11.954187414899533	11.954187414899533	0.0
overlap_main	321	67.24040202768875	73.22038047048866	0.08893430530557267
additive_control	321	20.55041689702215	20.55041689702215	0.0
overlap_main	322	57.14808910069253	60.07897314820778	0.05128577514378748
additive_control	322	15.31795772903898	15.31795772903898	0.0
overlap_main	323	59.38621837639463	68.18412876991114	0.14814734182524716
additive_control	323	14.977504591642852	14.977504591642852	0.0
overlap_main	324	48.53842133795313	53.06362950725603	0.09322940558358357
additive_control	324	18.882109680751707	18.882109680751707	0.0
overlap_main	325	58.46827192453235	64.7463167351925	0.10737524137473223
additive_control	325	17.96360642049104	17.96360642049104	0.0
overlap_main	326	55.26898666458611	61.14211091720252	0.10626437369403859
additive_control	326	20.110743718164905	20.110743718164905	0.0
overlap_main	327	70.08855628034462	75.45896424015972	0.07662317851625022
additive_control	327	15.725617673989852	15.725617673989852	0.0
overlap_main	328	57.49912436819393	64.99214731769155	0.13031542709270258
additive_control	328	19.7098280561844	19.7098280561844	0.0
overlap_main	329	71.00440625971969	75.17436279364365	0.058728137499961794
additive_control	329	19.820441482323393	19.820441482323393	0.0
overlap_main	330	71.71116340569773	85.13175820169309	0.18714791614898046
additive_control	330	20.57396213514012	20.57396213514012	0.0
overlap_main	331	67.55774405470467	71.24494972296249	0.054578578960128014
additive_control	331	21.440079776420124	21.440079776420124	0.0
overlap_main	332	67.16612393989408	71.5031617392374	0.06457180413186368
additive_control	332	20.512764351189432	20.512764351189432	0.0
overlap_main	333	58.67548834722208	66.17166772103035	0.12775657408163976
additive_control	333	15.079897735605297	15.079897735605297	0.0
overlap_main	334	59.69462352941167	62.22568950600173	0.042400233504161305
additive_control	334	18.67863951327722	18.67863951327722	0.0
overlap_main	335	69.34570402051312	78.0620082345399	0.12569349950572872
additive_control	335	16.09471385401402	16.09471385401402	0.0
overlap_main	336	66.62818560015631	68.50770257223712	0.02820903728881367
additive_control	336	16.328565580177376	16.328565580177376	0.0
overlap_main	337	57.93133427699037	66.51050400877931	0.1480920444671422
additive_control	337	17.328937820397762	17.328937820397762	0.0
overlap_main	338	64.48823336885644	69.61897733653106	0.0795609322762504
additive_control	338	14.627614503586162	14.627614503586162	0.0
overlap_main	339	62.01361887892554	66.99523485490509	0.08033099931977174
additive_control	339	12.657873164558655	12.657873164558655	0.0
overlap_main	340	48.56937457235621	67.01303056588652	0.3797383877376037
additive_control	340	13.628493696001046	13.628493696001046	0.0
overlap_main	341	58.71968675726365	64.32961955113115	0.09553751226667677
additive_control	341	13.905448818108777	13.905448818108777	0.0
overlap_main	342	64.10329110664068	66.78432367681911	0.04182363376192854
additive_control	342	21.09725164363964	21.09725164363964	0.0
overlap_main	343	55.549129167659636	59.76517134900801	0.07589753871070448
additive_control	343	16.15138147388533	16.15138147388533	0.0
overlap_main	344	58.4364114326356	66.21453059951082	0.13310398390636446
additive_control	344	20.685202530925253	20.685202530925253	0.0
overlap_main	345	64.51818127262851	65.61368363765146	0.016979746536775257
additive_control	345	16.321225146766594	16.321225146766594	0.0
overlap_main	346	52.67314035746072	60.52883032077554	0.14914033813064898
additive_control	346	18.76821630054107	18.76821630054107	0.0
overlap_main	347	54.618686127339856	60.983806152979724	0.1165374064619572
additive_control	347	24.877845590959883	24.877845590959883	0.0
overlap_main	348	40.28058594406266	52.737255979160864	0.3092474884153048
additive_control	348	15.247313098935532	15.247313098935532	0.0
overlap_main	349	55.36848906119296	65.06336598709863	0.17509737199422126
additive_control	349	26.206583445608274	26.206583445608274	0.0
overlap_main	350	59.5169195124483	62.60662239971199	0.051913017551546196
additive_control	350	15.626775129914314	15.626775129914314	0.0
overlap_main	351	64.82385752497208	68.85013597280052	0.0621110591309286
additive_control	351	16.12568794405648	16.12568794405648	0.0
overlap_main	352	59.347357382064374	62.78881210609014	0.05798833976499558
additive_control	352	12.687425949695227	12.687425949695227	0.0
overlap_main	353	58.43383215437632	61.43317650285577	0.051328900362986415
additive_control	353	15.86794150916557	15.86794150916557	0.0
overlap_main	354	63.57904928764002	66.79081567324772	0.05051611217206548
additive_control	354	16.1830151436042	16.1830151436042	0.0
overlap_main	355	66.86610751925349	70.38118885853444	0.052568954133733865
additive_control	355	21.496648367693822	21.496648367693822	0.0
overlap_main	356	59.025045095501746	67.7557201427931	0.14791475437528648
additive_control	356	12.18170309214869	12.18170309214869	0.0
overlap_main	357	58.46956075355474	62.56691118637379	0.07007664124738519
additive_control	357	19.787335601327175	19.787335601327175	0.0
overlap_main	358	50.87905296498384	63.595742849003905	0.2499395948421443
additive_control	358	19.05247378134861	19.05247378134861	0.0
overlap_main	359	55.19202130274542	58.367496057398874	0.057535032776476695
additive_control	359	22.88093026531497	22.88093026531497	0.0
overlap_main	360	59.15309230836914	66.08976758920694	0.117266486165701
additive_control	360	17.122523813423673	17.122523813423673	0.0
overlap_main	361	70.87721910629854	75.58204159564912	0.06637989679440569
additive_control	361	18.912666450929912	18.912666450929912	0.0
overlap_main	362	64.11227688316035	69.60837839488104	0.08572619440324845
additive_control	362	16.149323322873748	16.149323322873748	0.0
overlap_main	363	65.47754194674341	70.35637751929923	0.07451158714119183
additive_control	363	15.993148372045663	15.993148372045663	0.0
overlap_main	364	65.02090477094536	68.5919975352908	0.05492222504324766
additive_control	364	13.150923516452426	13.150923516452426	0.0
overlap_main	365	58.33933187094481	63.168727042816194	0.08278111896369872
additive_control	365	18.538570163840838	18.538570163840838	0.0
overlap_main	366	64.83028626707844	69.25016744232778	0.06817617860024491
additive_control	366	22.93819247022376	22.93819247022376	0.0
overlap_main	367	69.37500390890384	73.39506989562645	0.05794689384091932
additive_control	367	21.425580671718713	21.425580671718713	0.0
overlap_main	368	52.98713813444277	61.88608042371134	0.16794532791504105
additive_control	368	30.163704901953974	30.163704901953974	0.0
overlap_main	369	62.19640729953999	65.04942192762073	0.045871051913666354
additive_control	369	15.907346604375121	15.907346604375121	0.0
overlap_main	370	54.70203902591849	58.609077551083324	0.07142400164121183
additive_control	370	22.1021170939976	22.1021170939976	0.0
overlap_main	371	51.65817574510491	57.3082490495857	0.10937423211302967
additive_control	371	16.187954962930487	16.187954962930487	0.0
overlap_main	372	64.6374151497563	71.36269073609716	0.10404617156733917
additive_control	372	16.850680880518638	16.850680880518638	0.0
overlap_main	373	57.09915805504906	62.54910700092119	0.09544709819745252
additive_control	373	18.24192611907335	18.24192611907335	0.0
overlap_main	374	55.07506306685045	65.36948278867834	0.1869161676552683
additive_control	374	21.426937928646744	21.426937928646744	0.0
overlap_main	375	69.38967298263428	76.25777733815634	0.09897876816973761
additive_control	375	25.24639796679866	25.24639796679866	0.0
overlap_main	376	70.5863902783621	73.93257883037008	0.04740557689396011
additive_control	376	17.75331185912565	17.75331185912565	0.0
overlap_main	377	73.41865184846439	80.21527886906388	0.0925735742822911
additive_control	377	21.925335876427916	21.925335876427916	0.0
overlap_main	378	49.65454762977758	55.86643381921996	0.12510205985075046
additive_control	378	15.645921880502645	15.645921880502645	0.0
overlap_main	379	76.60740335165247	78.83446708061435	0.02907112931029585
additive_control	379	17.88415955603699	17.88415955603699	0.0
overlap_main	380	52.987233254994024	55.91935739841352	0.05533642659372372
additive_control	380	20.259362203096913	20.259362203096913	0.0
overlap_main	381	68.0604114036811	77.18575772013654	0.13407715481369958
additive_control	381	14.74979511055249	14.74979511055249	0.0
overlap_main	382	54.223668730533866	63.64321634859802	0.1737165307805872
additive_control	382	16.019567314695983	16.019567314695983	0.0
overlap_main	383	61.960763309721706	65.72334579736994	0.060725244278226724
additive_control	383	19.93612017326426	19.93612017326426	0.0
overlap_main	384	66.45175289376299	69.9232277430427	0.05224053088305426
additive_control	384	14.878893807980896	14.878893807980896	0.0
overlap_main	385	75.7955129245239	81.37183063079061	0.07357055175310344
additive_control	385	22.817603874687247	22.817603874687247	0.0
overlap_main	386	50.15873180296736	58.00741082354466	0.1564768234453842
additive_control	386	13.724334894283917	13.724334894283917	0.0
overlap_main	387	58.63752634771121	67.55306651784075	0.1520449569659846
additive_control	387	21.273076177173962	21.273076177173962	0.0
overlap_main	388	58.085951769028256	62.99971081996124	0.08459462058006638
additive_control	388	18.958447535705183	18.958447535705183	0.0
overlap_main	389	63.27519273998512	72.92693724078374	0.15253599527480302
additive_control	389	14.545235079196509	14.545235079196509	0.0
overlap_main	390	60.649571673465275	63.10518156019838	0.04048849512003163
additive_control	390	15.846547028487628	15.846547028487628	0.0
overlap_main	391	71.15202037123272	73.62170952974199	0.03471003557767956
additive_control	391	20.63513649336677	20.63513649336677	0.0
overlap_main	392	59.721597266200824	62.600824378987234	0.04821081894298054
additive_control	392	10.384120266893277	10.384120266893277	0.0
overlap_main	393	46.45011091857879	58.268853475914355	0.2544394905332377
additive_control	393	13.054053532456983	13.054053532456983	0.0
overlap_main	394	56.91680890535469	66.94586946827926	0.1762056017511733
additive_control	394	9.896562548624825	9.896562548624825	0.0
overlap_main	395	49.419534396941884	53.107908092590314	0.07463392240855812
additive_control	395	23.85050791487206	23.85050791487206	0.0
overlap_main	396	62.12174801438906	65.51322520397643	0.05459403989729672
additive_control	396	22.487254450636357	22.487254450636357	0.0
overlap_main	397	60.05652252668798	70.89333339795776	0.1804435291179923
additive_control	397	21.019667398112354	21.019667398112354	0.0
overlap_main	398	57.761411375745205	64.3788588177519	0.1145651964589192
additive_control	398	16.416087755328498	16.416087755328498	0.0
overlap_main	399	54.24131506278894	57.31553508051532	0.05667672353016707
additive_control	399	19.81547431731726	19.81547431731726	0.0
overlap_main	400	81.18883167009331	84.64870862813886	0.0426151834787399
additive_control	400	20.115112357161514	20.115112357161514	0.0
overlap_main	401	59.77378109685823	65.58398964012466	0.09720329610488397
additive_control	401	12.422484055342043	12.422484055342043	0.0
overlap_main	402	64.7835993818894	70.2013866770905	0.08362899479024108
additive_control	402	20.721075096277033	20.721075096277033	0.0
overlap_main	403	52.01644162664392	60.203373663199706	0.15739123593495233
additive_control	403	15.193359669130581	15.193359669130581	0.0
overlap_main	404	53.61512357842011	58.24192870325672	0.0862966419926127
additive_control	404	18.74343533681088	18.74343533681088	0.0
overlap_main	405	59.255439560321825	66.5255428224964	0.1226909008880719
additive_control	405	13.86754783589761	13.86754783589761	0.0
overlap_main	406	67.10905707425393	70.41120413783631	0.049205684113973865
additive_control	406	15.86604212551861	15.86604212551861	0.0
overlap_main	407	68.21152734670468	75.46547591993753	0.10634490760429054
additive_control	407	18.684699000039256	18.684699000039256	0.0
overlap_main	408	51.35771986048834	53.787613176105374	0.04731310740075234
additive_control	408	14.227902044337231	14.227902044337231	0.0
overlap_main	409	53.98243601949906	65.67263765418289	0.21655565210990477
additive_control	409	14.61663889690398	14.61663889690398	0.0
overlap_main	410	46.37585218849441	51.54222818779456	0.11140228708469732
additive_control	410	20.361720756555897	20.361720756555897	0.0
overlap_main	411	64.40768436306573	73.53702952604972	0.14174310493018089
additive_control	411	16.845778135492278	16.845778135492278	0.0
overlap_main	412	62.43147129673991	65.72790810918342	0.052800883015801124
additive_control	412	16.100678841298254	16.100678841298254	0.0
overlap_main	413	63.10898827594069	71.39568543072679	0.1313077167162458
additive_control	413	23.49898428583119	23.49898428583119	0.0
overlap_main	414	64.2572370265749	69.77099925542599	0.08580764570644024
additive_control	414	15.701492562658665	15.701492562658665	0.0
overlap_main	415	68.88371216871056	71.15085954550224	0.03291267711064943
additive_control	415	19.901916226484307	19.901916226484307	0.0
overlap_main	416	45.11505215882398	51.42001441847072	0.13975296398750955
additive_control	416	19.175886513270957	19.175886513270957	0.0
overlap_main	417	60.02881511647304	62.524573569808155	0.04157600726405527
additive_control	417	15.196800159103962	15.196800159103962	0.0
overlap_main	418	55.362305415097154	61.6907974300214	0.11431048558173809
additive_control	418	11.943843890786201	11.943843890786201	0.0
overlap_main	419	56.89568747669702	66.76335229232572	0.17343431907155066
additive_control	419	16.203088568840343	16.203088568840343	0.0
overlap_main	420	56.69337623340708	61.40823611921276	0.083164210690056
additive_control	420	19.842582651876683	19.842582651876683	0.0
overlap_main	421	61.08904607311602	63.65544610489919	0.042010805484038904
additive_control	421	14.072984966063249	14.072984966063249	0.0
overlap_main	422	56.38866452856724	60.968659829683354	0.08122191471294427
additive_control	422	27.859114643424697	27.859114643424697	0.0
overlap_main	423	56.448494445815165	60.65913586320417	0.07459262569758694
additive_control	423	16.043209900514825	16.043209900514825	0.0
overlap_main	424	62.27708702638429	67.38631878544555	0.08204031374968922
additive_control	424	18.57387560233628	18.57387560233628	0.0
overlap_main	425	68.87048183493879	74.16690626878568	0.07690412921083932
additive_control	425	23.679661459110985	23.679661459110985	0.0
overlap_main	426	54.54403453781735	64.62949024501188	0.18490483501366067
additive_control	426	18.569416044183722	18.569416044183722	0.0
overlap_main	427	60.6990046983286	63.34394269286931	0.04357465180336873
additive_control	427	12.052737364847331	12.052737364847331	0.0
overlap_main	428	66.97800548279623	69.37151301008677	0.035735724138655146
additive_control	428	19.971255180040604	19.971255180040604	0.0
overlap_main	429	76.4217601777376	86.82849533327229	0.1361750256907361
additive_control	429	16.198237885210006	16.198237885210006	0.0
overlap_main	430	51.600780870279436	57.10084401350411	0.10658875796960178
additive_control	430	17.14876172669188	17.14876172669188	0.0
overlap_main	431	56.46406021067497	64.62427358929033	0.14452048521074298
additive_control	431	10.443712412370925	10.443712412370925	0.0
overlap_main	432	62.67326570123395	73.05527289145729	0.16565288363486272
additive_control	432	21.199707349245323	21.199707349245323	0.0
overlap_main	433	63.47752074295118	66.58932309632314	0.04902211549775299
additive_control	433	21.530482498725416	21.530482498725416	0.0
overlap_main	434	56.45406957198986	59.31349458590887	0.05065046746138802
additive_control	434	15.408871005353944	15.408871005353944	0.0
overlap_main	435	68.16214657777054	72.93189461229075	0.06997649390454709
additive_control	435	21.10368808965832	21.10368808965832	0.0
overlap_main	436	56.16172993685631	67.28039727954688	0.19797586995969482
additive_control	436	17.434497333992226	17.434497333992226	0.0
overlap_main	437	51.42918462640395	54.613302747270865	0.06191266970295643
additive_control	437	12.690442429203324	12.690442429203324	0.0
overlap_main	438	48.40405811040185	56.1184522110092	0.15937494503068445
additive_control	438	16.456530059021045	16.456530059021045	0.0
overlap_main	439	43.22204264338008	48.663659832075396	0.1258991212792383
additive_control	439	14.620566760286334	14.620566760286334	0.0
overlap_main	440	66.98751265696329	74.27709203960947	0.10881997395507767
additive_control	440	17.03396624080437	17.03396624080437	0.0
overlap_main	441	68.7562119514334	74.72327931250491	0.0867858654762192
additive_control	441	15.677219785993982	15.677219785993982	0.0
overlap_main	442	65.61028130583962	69.40666018259108	0.05786256058032731
additive_control	442	14.675527545812965	14.675527545812965	0.0
overlap_main	443	69.38442206258006	72.15768633074785	0.03996955203671649
additive_control	443	20.867344713992303	20.867344713992303	0.0
overlap_main	444	50.942287421376214	56.283356542094566	0.10484549067337624
additive_control	444	16.659738571964294	16.659738571964294	0.0
overlap_main	445	64.61405641113434	68.31387817855924	0.057260323417604495
additive_control	445	18.210334282847146	18.210334282847146	0.0
overlap_main	446	50.10111450760832	55.00312569448022	0.09784235810018715
additive_control	446	17.88249550095248	17.88249550095248	0.0
overlap_main	447	61.453237051331705	64.2885245378022	0.04613731712948158
additive_control	447	16.584461731598022	16.584461731598022	0.0
overlap_main	448	46.8212200090127	52.21792611553507	0.11526197107814687
additive_control	448	17.655920273104126	17.655920273104126	0.0
overlap_main	449	60.90032101209278	64.16040688976729	0.05353150563897949
additive_control	449	15.034654343267839	15.034654343267839	0.0
overlap_main	450	53.006530575857916	57.21427398514239	0.0793816038056434
additive_control	450	17.075504091265046	17.075504091265046	0.0
overlap_main	451	52.10162143777411	55.403901960213105	0.06338153077218471
additive_control	451	21.26733447440175	21.26733447440175	0.0
overlap_main	452	49.17337668073801	57.29121009651964	0.1650859461713866
additive_control	452	16.994930898308063	16.994930898308063	0.0
overlap_main	453	51.04322331369354	55.421077093420784	0.08576758079760188
additive_control	453	12.76559941272498	12.76559941272498	0.0
overlap_main	454	61.36995116642525	67.04673605200473	0.09250104941724606
additive_control	454	18.509942140237634	18.509942140237634	0.0
overlap_main	455	59.131906830443135	63.323230476911306	0.07088091474009989
additive_control	455	16.307958318410506	16.307958318410506	0.0
overlap_main	456	53.25840315383942	58.93287369856634	0.10654601356214054
additive_control	456	22.252704507941143	22.252704507941143	0.0
overlap_main	457	66.82819747538606	69.98971359921296	0.04730811608365374
additive_control	457	16.277055590638486	16.277055590638486	0.0
overlap_main	458	74.29776338825268	82.25654106621111	0.10712001701005189
additive_control	458	12.240174180506106	12.240174180506106	0.0
overlap_main	459	58.64336956322523	66.70359263115827	0.13744474657519584
additive_control	459	15.289659346965887	15.289659346965887	0.0
overlap_main	460	56.040016584743	63.19526820480134	0.12768111175053376
additive_control	460	16.31532481204279	16.31532481204279	0.0
overlap_main	461	54.69694384683932	60.077832064354226	0.09837639617639889
additive_control	461	12.663658679716317	12.663658679716317	0.0
overlap_main	462	71.24559420642923	73.87201425200224	0.036864315258051485
additive_control	462	23.540132668923917	23.540132668923917	0.0
overlap_main	463	50.890314559870646	52.90086180836625	0.039507463569129014
additive_control	463	14.349818888607658	14.349818888607658	0.0
overlap_main	464	66.6921134910162	70.13806397156476	0.05166953482457486
additive_control	464	23.69717160368107	23.69717160368107	0.0
overlap_main	465	59.81786279171255	66.76491155622122	0.11613669295906622
additive_control	465	18.782818232967145	18.782818232967145	0.0
overlap_main	466	72.68553108736923	77.26998325565155	0.06307241757333708
additive_control	466	15.804263615998014	15.804263615998014	0.0
overlap_main	467	70.64868311075891	72.14080345458825	0.021120285306522726
additive_control	467	11.948957763824282	11.948957763824282	0.0
overlap_main	468	67.17115241476095	70.58264947493706	0.05078812760440927
additive_control	468	17.942622240298213	17.942622240298213	0.0
overlap_main	469	61.92979529009599	66.99391001095019	0.08177186275414783
additive_control	469	17.735517746833974	17.735517746833974	0.0
overlap_main	470	61.63409783421298	69.34592530524908	0.12512274442273544
additive_control	470	13.315962983066951	13.315962983066951	0.0
overlap_main	471	59.191006409099096	63.93866708521543	0.0802091561563059
additive_control	471	17.332582642572753	17.332582642572753	0.0
overlap_main	472	60.732889706844595	68.07072195988668	0.1208213916456393
additive_control	472	21.152830651388292	21.152830651388292	0.0
overlap_main	473	50.718147620869416	55.22065010306338	0.08877497884684729
additive_control	473	13.00771253494228	13.00771253494228	0.0
overlap_main	474	56.85611990304359	61.951602731658184	0.08962065714832264
additive_control	474	14.9946328082499	14.9946328082499	0.0
overlap_main	475	55.79606842285375	64.43208697030994	0.15477826290568755
additive_control	475	20.772331184529058	20.772331184529058	0.0
overlap_main	476	54.1604001350041	55.436457549872905	0.02356070877777878
additive_control	476	20.21512262645812	20.21512262645812	0.0
overlap_main	477	54.45767320866852	61.232910255295174	0.1244128999170714
additive_control	477	19.039967804759325	19.039967804759325	0.0
overlap_main	478	59.74494253931749	66.61825118729809	0.11504419212483709
additive_control	478	12.524014430262795	12.524014430262795	0.0
overlap_main	479	74.55294149028815	76.9629777624018	0.03232650816906544
additive_control	479	17.764257912439447	17.764257912439447	0.0
overlap_main	480	55.59146975997609	57.58108725298989	0.0357899782395437
additive_control	480	13.046498001477781	13.046498001477781	0.0
overlap_main	481	60.24858576194177	70.65680614135908	0.1727546007559907
additive_control	481	12.152138033171937	12.152138033171937	0.0
overlap_main	482	55.90529766080085	60.540957501602854	0.08291986689576997
additive_control	482	25.66752362814023	25.66752362814023	0.0
overlap_main	483	61.6186284693549	71.0432451135123	0.15295076956872852
additive_control	483	13.016949362305889	13.016949362305889	0.0
overlap_main	484	53.07793436646604	59.155248220216514	0.11449793452380551
additive_control	484	16.488338830599655	16.488338830599655	0.0
overlap_main	485	62.6672121017976	62.94930018841796	0.0045013664587811395
additive_control	485	20.845489440091775	20.845489440091775	0.0
overlap_main	486	57.59643355684965	64.11365056599088	0.11315313478062003
additive_control	486	20.821050256137354	20.821050256137354	0.0
overlap_main	487	50.46301321531529	55.79389382728481	0.10563936380936566
additive_control	487	16.92213111217382	16.92213111217382	0.0
overlap_main	488	53.606542432200165	54.488894381328976	0.016459781009841877
additive_control	488	21.545412568870464	21.545412568870464	0.0
overlap_main	489	52.152417856080845	53.562002748449586	0.027028179139433457
additive_control	489	11.578058907015558	11.578058907015558	0.0
overlap_main	490	70.26847160655902	73.70238959088879	0.048868545249662686
additive_control	490	13.314699613597394	13.314699613597394	0.0
overlap_main	491	46.2145903903011	48.86475401169467	0.057344738945252126
additive_control	491	17.48139456667552	17.48139456667552	0.0
overlap_main	492	66.04367553657552	69.6657328778414	0.05484336405928773
additive_control	492	25.17010827183627	25.17010827183627	0.0
overlap_main	493	61.34285866153435	64.25052651660224	0.04740026660823303
additive_control	493	16.792723697839236	16.792723697839236	0.0
overlap_main	494	50.70868244340089	58.137652709442115	0.14650292431346765
additive_control	494	15.216835527463331	15.216835527463331	0.0
overlap_main	495	48.45632877185298	53.222797845936995	0.09836628557904148
additive_control	495	12.671582001717553	12.671582001717553	0.0
overlap_main	496	60.16214094810452	65.42513822332387	0.08748021915907507
additive_control	496	15.39560473506867	15.39560473506867	0.0
overlap_main	497	61.9364859847754	69.31852328184301	0.11918721541422594
additive_control	497	20.59596004769596	20.59596004769596	0.0
overlap_main	498	67.56413263379557	78.13996646800778	0.1565302982802178
additive_control	498	20.3602948217908	20.3602948217908	0.0
overlap_main	499	60.35751718816492	67.3104019371574	0.11519500922009125
additive_control	499	12.642911621695468	12.642911621695468	0.0
overlap_main	500	73.1251069885286	78.34802327465336	0.07142439172012555
additive_control	500	13.295019357030034	13.295019357030034	0.0
overlap_main	501	52.87676450711231	54.66641140589791	0.03384562038671783
additive_control	501	17.36982812542259	17.36982812542259	0.0
overlap_main	502	54.045298859755434	60.21493331514887	0.11415672751488147
additive_control	502	19.648497249758044	19.648497249758044	0.0
overlap_main	503	60.54512817610412	64.95677568082633	0.07286544165684643
additive_control	503	20.577331863169018	20.577331863169018	0.0
overlap_main	504	58.71057100872481	68.88876429472478	0.17336219204012535
additive_control	504	16.84173557084069	16.84173557084069	0.0
overlap_main	505	54.518757936423164	68.81616593941123	0.26224750056963764
additive_control	505	18.125041714660043	18.125041714660043	0.0
overlap_main	506	51.50609867138601	54.03759988198139	0.049149542984154304
additive_control	506	13.711535306340068	13.711535306340068	0.0
overlap_main	507	65.17098739424664	69.98775115883205	0.07390963306182233
additive_control	507	13.864821238533823	13.864821238533823	0.0
overlap_main	508	61.96021510143197	68.09201588662353	0.09896351675270161
additive_control	508	14.323467008944325	14.323467008944325	0.0
overlap_main	509	66.95090914944456	78.16298158316611	0.16746706767931288
additive_control	509	12.58934560831407	12.58934560831407	0.0
overlap_main	510	65.28458593391892	69.20021389669738	0.05997783254291999
additive_control	510	16.828114864100385	16.828114864100385	0.0
overlap_main	511	66.1693953382004	72.54167784256897	0.09630256513300453
additive_control	511	15.566251874586676	15.566251874586676	0.0
overlap_main	512	76.64463080565281	78.28527588911568	0.021405871046897496
additive_control	512	18.159307963842863	18.159307963842863	0.0
overlap_main	513	58.76360633231535	63.993908439371154	0.0890058053530243
additive_control	513	14.653714255509694	14.653714255509694	0.0
overlap_main	514	58.886281160505526	68.8278610358746	0.16882675691934854
additive_control	514	18.55137911177848	18.55137911177848	0.0
overlap_main	515	55.07551814203851	59.687174653611045	0.08373332956540103
additive_control	515	18.46647836406382	18.46647836406382	0.0
overlap_main	516	69.31531445159646	80.9372786384535	0.16766805833323845
additive_control	516	13.910261861538809	13.910261861538809	0.0
overlap_main	517	59.441575740956026	64.03484970741637	0.07727375846289214
additive_control	517	19.33438766722667	19.33438766722667	0.0
overlap_main	518	56.41162177193809	61.10117135701362	0.083130912350553
additive_control	518	14.803946036534878	14.803946036534878	0.0
overlap_main	519	60.78137592609717	67.72084506060405	0.1141709780137988
additive_control	519	16.82267111994558	16.82267111994558	0.0
overlap_main	520	70.80592049286854	75.64138402086498	0.06829179670764196
additive_control	520	17.412869104028847	17.412869104028847	0.0
overlap_main	521	60.991256901728335	68.76161425664974	0.12740116780084276
additive_control	521	16.204811039111483	16.204811039111483	0.0
overlap_main	522	67.95294444706212	78.22076713801496	0.15110195407281957
additive_control	522	17.931809940231158	17.931809940231158	0.0
overlap_main	523	62.286720040984285	66.0643870637391	0.06064963800099182
additive_control	523	19.598569630682107	19.598569630682107	0.0
overlap_main	524	55.06881079110174	64.15294570245862	0.16495970733445978
additive_control	524	13.098009509662766	13.098009509662766	0.0
overlap_main	525	56.776584928134916	58.499203200107665	0.030340293875603063
additive_control	525	14.508146341519746	14.508146341519746	0.0
overlap_main	526	72.38372769449133	79.50915111851222	0.09843957545396168
additive_control	526	18.09018859907194	18.09018859907194	0.0
overlap_main	527	63.50859680981537	68.28582309560316	0.07522172628209385
additive_control	527	14.878031195700629	14.878031195700629	0.0
overlap_main	528	53.252545692659346	57.22215688488819	0.0745431254148671
additive_control	528	15.88182860584686	15.88182860584686	0.0
overlap_main	529	55.97327275005434	67.01939306054639	0.1973463363455253
additive_control	529	22.69240434944806	22.69240434944806	0.0
overlap_main	530	65.1877313263282	72.7062764881364	0.11533681275346945
additive_control	530	11.002120160191607	11.002120160191607	0.0
overlap_main	531	57.0137490921408	61.62292593729991	0.08084325129558048
additive_control	531	21.15439519124208	21.15439519124208	0.0
overlap_main	532	76.7418485349227	78.63850329795603	0.02471473907968524
additive_control	532	17.01955354902865	17.01955354902865	0.0
overlap_main	533	47.55942281517503	51.51135823886338	0.08309468849204332
additive_control	533	16.81108319431479	16.81108319431479	0.0
overlap_main	534	72.77151320439089	81.57181851199223	0.12093063508084859
additive_control	534	15.78627434817421	15.78627434817421	0.0
overlap_main	535	53.8685122744582	59.139604372631624	0.09785107989092766
additive_control	535	19.66831570999365	19.66831570999365	0.0
overlap_main	536	55.01124581825744	57.36469522756139	0.042781241804250726
additive_control	536	18.58870661644549	18.58870661644549	0.0
overlap_main	537	62.62551424845674	69.74886345591445	0.11374516110473688
additive_control	537	15.013052245534833	15.013052245534833	0.0
overlap_main	538	74.6835350941507	78.00368576090003	0.04445626017252317
additive_control	538	13.817119717206166	13.817119717206166	0.0
overlap_main	539	57.81487353672358	60.22122446823539	0.04162165865472858
additive_control	539	17.565507655206403	17.565507655206403	0.0
overlap_main	540	50.18673567663998	59.50361088323803	0.1856441763143943
additive_control	540	18.119473884056134	18.119473884056134	0.0
overlap_main	541	55.86985616350416	58.86915794076297	0.05368372111933304
additive_control	541	12.624005468078344	12.624005468078344	0.0
overlap_main	542	70.61469807116511	76.77247104421058	0.08720242585813646
additive_control	542	27.366816272380284	27.366816272380284	0.0
overlap_main	543	66.6939952437238	71.10922513712154	0.06620131058670126
additive_control	543	15.683521828745357	15.683521828745357	0.0
overlap_main	544	59.756933656855296	67.6892090462773	0.13274234308895155
additive_control	544	21.66647973510576	21.66647973510576	0.0
overlap_main	545	75.20485886167354	79.3117729424099	0.05460969068887324
additive_control	545	15.226290652665384	15.226290652665384	0.0
overlap_main	546	61.48293154380336	72.36054195152084	0.1769208158197167
additive_control	546	15.36626650544592	15.36626650544592	0.0
overlap_main	547	65.53544463493813	71.10999775773234	0.08506165104771897
additive_control	547	13.326968181984029	13.326968181984029	0.0
overlap_main	548	63.98699574766703	66.01386815569111	0.031676317732075784
additive_control	548	17.69892472285829	17.69892472285829	0.0
overlap_main	549	51.786633684395575	59.48394040401278	0.14863500814760558
additive_control	549	14.625558517514998	14.625558517514998	0.0
overlap_main	550	60.411629670461366	66.167574923681	0.09527876146724842
additive_control	550	18.55688876589797	18.55688876589797	0.0
overlap_main	551	56.448710601783795	63.146434557198894	0.11865149591571804
additive_control	551	19.955596005697142	19.955596005697142	0.0
overlap_main	552	73.96778292958217	83.19056633227174	0.12468649238101032
additive_control	552	23.016630326625283	23.016630326625283	0.0
overlap_main	553	66.66142963230453	70.16307413271474	0.05252879393263552
additive_control	553	22.175634383195213	22.175634383195213	0.0
overlap_main	554	66.99633410777348	73.88039571548869	0.10275281027527838
additive_control	554	20.69578030992816	20.69578030992816	0.0
overlap_main	555	71.42908093637799	77.26291774225481	0.08167313269889385
additive_control	555	21.25175782791139	21.25175782791139	0.0
overlap_main	556	65.85546602399634	68.98560062465408	0.047530368998029496
additive_control	556	20.8685908222982	20.8685908222982	0.0
overlap_main	557	68.31297690031609	72.25725958770585	0.057738410275186065
additive_control	557	21.196987573181758	21.196987573181758	0.0
overlap_main	558	54.112475866681244	59.04282392565785	0.09111296387775109
additive_control	558	17.01122580986648	17.01122580986648	0.0
overlap_main	559	70.88783754668455	73.06828891164916	0.030759174499132277
additive_control	559	15.687855936068717	15.687855936068717	0.0
overlap_main	560	73.31317514451743	74.87186174477893	0.021260661500323227
additive_control	560	26.70775529864082	26.70775529864082	0.0
overlap_main	561	71.66653830748069	73.41947008282183	0.024459556952790125
additive_control	561	21.04294172844828	21.04294172844828	0.0
overlap_main	562	54.45499310649825	60.63426424772512	0.11347483102498974
additive_control	562	13.881463025563407	13.881463025563407	0.0
overlap_main	563	69.778536307798	78.60225706455371	0.12645322220336716
additive_control	563	16.8465937379815	16.8465937379815	0.0
overlap_main	564	62.77804093691781	68.83295960407733	0.09644962755756863
additive_control	564	14.301405455725854	14.301405455725854	0.0
overlap_main	565	52.872197433265775	59.00847273685465	0.11605863953988214
additive_control	565	13.055761001556895	13.055761001556895	0.0
overlap_main	566	56.12717863567812	62.49874984856095	0.11352024754781881
additive_control	566	16.568793191075457	16.568793191075457	0.0
overlap_main	567	66.99153566452551	68.55469190722144	0.023333638006505255
additive_control	567	17.209623466491195	17.209623466491195	0.0
overlap_main	568	52.75472780331398	56.75458402361544	0.07581986272802253
additive_control	568	13.051165461621174	13.051165461621174	0.0
overlap_main	569	69.01178329181944	76.81094704701242	0.11301205943648583
additive_control	569	11.983918976436007	11.983918976436007	0.0
overlap_main	570	58.29629798589539	60.647737099996824	0.040335993799646676
additive_control	570	23.17042109694701	23.17042109694701	0.0
overlap_main	571	69.0683373054552	70.82350152894772	0.025411994728210815
additive_control	571	17.062608837603356	17.062608837603356	0.0
overlap_main	572	61.21049838413889	68.20348457515703	0.11424488242412674
additive_control	572	19.766836587650715	19.766836587650715	0.0
overlap_main	573	49.25813183028239	54.86352504779135	0.11379630142739067
additive_control	573	19.65094578713121	19.65094578713121	0.0
overlap_main	574	56.95868936705085	60.44648956132866	0.06123385620413192
additive_control	574	17.877514428613864	17.877514428613864	0.0
overlap_main	575	64.38723610253471	71.93090959030536	0.11716100805690086
additive_control	575	18.465711823273782	18.465711823273782	0.0
overlap_main	576	57.43698526753375	59.436824815610336	0.034817975538959836
additive_control	576	17.719684823903904	17.719684823903904	0.0
overlap_main	577	50.81078962134337	57.58605334027377	0.13334301177804203
additive_control	577	15.081786062028998	15.081786062028998	0.0
overlap_main	578	49.570145001149164	53.52393946011758	0.07976160769505028
additive_control	578	16.92135982573907	16.92135982573907	0.0
overlap_main	579	53.61270771371161	58.40377880511407	0.08936446778600467
additive_control	579	18.613012017888643	18.613012017888643	0.0
overlap_main	580	71.09872243927205	77.08435795365655	0.08418766623404579
additive_control	580	18.65265299708946	18.65265299708946	0.0
overlap_main	581	59.905045982986145	69.02592067749524	0.15225553281604265
additive_control	581	17.210923140907305	17.210923140907305	0.0
overlap_main	582	61.74650203510634	72.66731830694815	0.17686534316766175
additive_control	582	14.69993066903281	14.69993066903281	0.0
overlap_main	583	45.785504354892495	50.33155863577628	0.09929025233939594
additive_control	583	14.761485596469381	14.761485596469381	0.0
overlap_main	584	67.44271689524712	73.48485011124066	0.08958911346021636
additive_control	584	19.30337522121699	19.30337522121699	0.0
overlap_main	585	67.39906219651564	69.93598961261104	0.03764039637077543
additive_control	585	20.327703139471744	20.327703139471744	0.0
overlap_main	586	64.24566884084297	73.99153601091325	0.1516968746051023
additive_control	586	15.598898104749917	15.598898104749917	0.0
overlap_main	587	67.45488205594461	72.68677573858695	0.07756137914974331
additive_control	587	10.900716832069747	10.900716832069747	0.0
overlap_main	588	67.16392370187077	69.4350712200264	0.033814991635046025
additive_control	588	21.741589431229336	21.741589431229336	0.0
overlap_main	589	38.01677404598393	45.8081403079408	0.2049454867615194
additive_control	589	17.284454504619642	17.284454504619642	0.0
overlap_main	590	60.18589666267861	64.60064535017516	0.07335188029580594
additive_control	590	12.15670350234084	12.15670350234084	0.0
overlap_main	591	64.30703889346474	67.9872534713497	0.057228798607596484
additive_control	591	18.173433097616062	18.173433097616062	0.0
overlap_main	592	56.966113814780684	64.27860980055816	0.12836571596850163
additive_control	592	19.855660501632386	19.855660501632386	0.0
overlap_main	593	62.02466540124367	64.05496981225407	0.03273382287314516
additive_control	593	11.57205115668095	11.57205115668095	0.0
overlap_main	594	63.181643465736336	69.91676194061387	0.10659929222211532
additive_control	594	18.678118294060766	18.678118294060766	0.0
overlap_main	595	71.9324409805454	75.66276512364371	0.051858717600132685
additive_control	595	17.9226892197036	17.9226892197036	0.0
overlap_main	596	76.16073550521074	79.98023930549348	0.050150563475341234
additive_control	596	20.101481283953078	20.101481283953078	0.0
overlap_main	597	74.50928157331319	82.77606408396082	0.11094970097803927
additive_control	597	14.242282731314404	14.242282731314404	0.0
overlap_main	598	83.85755869879885	85.79991446241873	0.02316256034350418
additive_control	598	16.709466841574738	16.709466841574738	0.0
overlap_main	599	59.52356288680482	66.08981541139471	0.11031349949728057
additive_control	599	11.21904014414826	11.21904014414826	0.0
overlap_main	600	60.789862868450236	64.96623341403314	0.06870175961114776
additive_control	600	23.368836912281914	23.368836912281914	0.0
overlap_main	601	52.181449916380856	60.881120363456674	0.1667195998006335
additive_control	601	14.207291455919453	14.207291455919453	0.0
overlap_main	602	61.216171080170064	70.3012045482394	0.14840904466519755
additive_control	602	18.722617414925352	18.722617414925352	0.0
overlap_main	603	67.15447871353541	75.11861341580344	0.1185942450129213
additive_control	603	25.698997384225393	25.698997384225393	0.0
overlap_main	604	53.148526106953824	59.11008643272498	0.11216793319488039
additive_control	604	17.105034605093895	17.105034605093895	0.0
overlap_main	605	62.57002385171643	66.10038489314161	0.056422561861119304
additive_control	605	12.739841086269127	12.739841086269127	0.0
overlap_main	606	67.53391980137448	73.84230075762572	0.09341055538912833
additive_control	606	19.520396678218482	19.520396678218482	0.0
overlap_main	607	64.69500214664143	69.510826848459	0.07443889855512717
additive_control	607	27.33638802626539	27.33638802626539	0.0
overlap_main	608	57.495222758281386	67.13382675892476	0.1676418237592629
additive_control	608	19.159708198924505	19.159708198924505	0.0
overlap_main	609	41.25085553612436	52.6921653632758	0.27735933421143244
additive_control	609	25.020604819909337	25.020604819909337	0.0
overlap_main	610	55.02598162405661	61.89605124341251	0.12485137777810026
additive_control	610	15.881630062808927	15.881630062808927	0.0
overlap_main	611	52.94492376906787	56.11593843157985	0.05989270428158758
additive_control	611	20.645467387252232	20.645467387252232	0.0
overlap_main	612	68.31275177130026	69.07045142110408	0.01109162828545508
additive_control	612	16.836617860479713	16.836617860479713	0.0
overlap_main	613	55.31451792982801	58.67083367760184	0.060676941124781315
additive_control	613	14.988264342393293	14.988264342393293	0.0
overlap_main	614	74.41389253796801	79.75723440701161	0.0718057030320955
additive_control	614	18.132609302969325	18.132609302969325	0.0
overlap_main	615	61.93957718513267	66.70010626339419	0.0768576295577973
additive_control	615	16.339943849840797	16.339943849840797	0.0
overlap_main	616	52.097130237127374	58.29424400360243	0.11895307358136668
additive_control	616	17.166559544002297	17.166559544002297	0.0
overlap_main	617	64.10210053168174	70.80171097103448	0.104514678673307
additive_control	617	17.603088528734464	17.603088528734464	0.0
overlap_main	618	57.176928005619935	63.90671771267974	0.11770114173322385
additive_control	618	13.136873199712507	13.136873199712507	0.0
overlap_main	619	64.27168931378469	72.09113736737726	0.12166240123885289
additive_control	619	22.40456142753636	22.40456142753636	0.0
overlap_main	620	52.805093643060275	64.2621511407835	0.21696879424488874
additive_control	620	20.93684234193593	20.93684234193593	0.0
overlap_main	621	67.11101670837782	75.35717564613535	0.12287340204649465
additive_control	621	13.856508866337174	13.856508866337174	0.0
overlap_main	622	57.42485211186055	63.62815040693796	0.1080246281347615
additive_control	622	14.485825802231723	14.485825802231723	0.0
overlap_main	623	58.49765892211062	61.705351730174534	0.05483455008575552
additive_control	623	18.483249119540442	18.483249119540442	0.0
overlap_main	624	60.88494450130658	64.1212907848176	0.05315511593250404
additive_control	624	14.03117455522706	14.03117455522706	0.0
overlap_main	625	63.70186373472028	66.29282070392007	0.040673173707908496
additive_control	625	17.621968133878504	17.621968133878504	0.0
overlap_main	626	64.93551914525226	70.27916679966735	0.08229159826168561
additive_control	626	20.89085499951476	20.89085499951476	0.0
overlap_main	627	69.23988507686458	73.88381039980253	0.06707008998906673
additive_control	627	28.14382930915219	28.14382930915219	0.0
overlap_main	628	55.59148411174029	64.5402585852914	0.16097383648840605
additive_control	628	14.934668298508178	14.934668298508178	0.0
overlap_main	629	61.320660051647224	62.79261414866321	0.024004211562240807
additive_control	629	18.074963097119085	18.074963097119085	0.0
overlap_main	630	66.56763512308999	67.80828578137289	0.01863744529888766
additive_control	630	19.392409137243746	19.392409137243746	0.0
overlap_main	631	65.91279410391564	77.60980997751203	0.1774619940273706
additive_control	631	20.8059253256797	20.8059253256797	0.0
overlap_main	632	45.20600070021487	51.03911570989101	0.12903408661072752
additive_control	632	11.984187579732401	11.984187579732401	0.0
overlap_main	633	48.0230060318531	57.69222957294909	0.20134565367862448
additive_control	633	20.44185722505213	20.44185722505213	0.0
overlap_main	634	73.02083811432091	81.95919986544	0.12240836974680094
additive_control	634	16.44499709597877	16.44499709597877	0.0
overlap_main	635	49.63218138067258	55.99166717564484	0.12813230484865878
additive_control	635	18.005734467675474	18.005734467675474	0.0
overlap_main	636	55.475335653120226	64.31289952979591	0.15930618125387794
additive_control	636	19.67299763199672	19.67299763199672	0.0
overlap_main	637	67.69729513427521	72.11848184616773	0.06530817373313437
additive_control	637	17.468665293864394	17.468665293864394	0.0
overlap_main	638	66.47227616169066	71.35922730369354	0.07351863700463046
additive_control	638	23.010117248915734	23.010117248915734	0.0
overlap_main	639	65.31345912849108	71.88182743647587	0.10056684174486695
additive_control	639	17.55030708213787	17.55030708213787	0.0
overlap_main	640	67.37225789099382	73.42703645007464	0.08987050083548122
additive_control	640	10.736890207974977	10.736890207974977	0.0
overlap_main	641	64.32967431490205	71.41062433758613	0.11007284115915021
additive_control	641	16.404607302368994	16.404607302368994	0.0
overlap_main	642	70.42501449925088	75.88916652471079	0.07758822719898813
additive_control	642	17.343863845202424	17.343863845202424	0.0
overlap_main	643	60.66947391164751	63.05674182228996	0.03934874916039341
additive_control	643	16.58410906475332	16.58410906475332	0.0
overlap_main	644	51.42466213081611	56.64321212985109	0.10147951941346407
additive_control	644	13.861234973256241	13.861234973256241	0.0
overlap_main	645	65.35989809541377	68.17031652819836	0.042999125070266764
additive_control	645	10.778914473581578	10.778914473581578	0.0
overlap_main	646	44.33738069788295	49.82246523159857	0.1237124170931804
additive_control	646	19.053624344232233	19.053624344232233	0.0
overlap_main	647	67.85454880277473	70.90590822461989	0.04496912109332876
additive_control	647	19.132218875115875	19.132218875115875	0.0
overlap_main	648	62.30921122511434	67.17811279616328	0.07814095982467643
additive_control	648	19.930538779596326	19.930538779596326	0.0
overlap_main	649	65.80707020776359	79.59800940393177	0.2095662236994893
additive_control	649	16.61023689563683	16.61023689563683	0.0
overlap_main	650	70.11129535784173	78.25212670890798	0.11611297879344812
additive_control	650	16.165741961889267	16.165741961889267	0.0
overlap_main	651	57.66559820149813	61.73741572037997	0.0706108606496006
additive_control	651	14.872022942711006	14.872022942711006	0.0
overlap_main	652	59.30332281975066	67.04653831728487	0.13056967349147208
additive_control	652	20.04535640080556	20.04535640080556	0.0
overlap_main	653	65.49245964705057	69.1804742677314	0.05631204936501298
additive_control	653	12.05916089994502	12.05916089994502	0.0
overlap_main	654	60.13574816570819	64.72531044408807	0.07632003289845199
additive_control	654	20.858412912839636	20.858412912839636	0.0
overlap_main	655	46.28903093221282	48.28816548014088	0.04318808382175172
additive_control	655	12.997824338763706	12.997824338763706	0.0
overlap_main	656	57.25078562106018	63.367321355896465	0.10683758604329552
additive_control	656	15.236418788243235	15.236418788243235	0.0
overlap_main	657	55.01909749382993	63.0176969411687	0.14537860146171544
additive_control	657	19.282732519426204	19.282732519426204	0.0
overlap_main	658	69.70123124328776	78.37017866844124	0.12437294536297444
additive_control	658	15.012421910929513	15.012421910929513	0.0
overlap_main	659	53.10705254557563	58.20052752754767	0.09590957768934559
additive_control	659	8.37508090020463	8.37508090020463	0.0
overlap_main	660	46.98908421070312	54.58928926288282	0.16174405566407138
additive_control	660	13.676285242075277	13.676285242075277	0.0
overlap_main	661	81.36101962422462	85.0260198478765	0.04504614421720751
additive_control	661	11.751189165694717	11.751189165694717	0.0
overlap_main	662	55.333625333480306	59.09571997110284	0.06798930333860177
additive_control	662	16.877609218872863	16.877609218872863	0.0
overlap_main	663	56.57712128968142	62.66999267562913	0.10769143510769136
additive_control	663	15.481347808533556	15.481347808533556	0.0
overlap_main	664	77.64422740917766	87.16102618006569	0.12256930216763456
additive_control	664	12.977816184893642	12.977816184893642	0.0
overlap_main	665	65.91338718383203	71.28078649126427	0.08143109521078917
additive_control	665	20.426435600370315	20.426435600370315	0.0
overlap_main	666	62.99795746592587	66.61742776701297	0.0574537722599147
additive_control	666	16.37195464311496	16.37195464311496	0.0
overlap_main	667	48.70534666170445	59.700158744304474	0.22574137823034757
additive_control	667	19.094405561730166	19.094405561730166	0.0
overlap_main	668	64.6688747718627	70.2600327219503	0.08645825321396025
additive_control	668	21.920819220420398	21.920819220420398	0.0
overlap_main	669	68.13634846093619	78.12155801381581	0.14654747104042898
additive_control	669	15.543983346969476	15.543983346969476	0.0
overlap_main	670	43.36857600621764	48.552892197972334	0.1195408442972957
additive_control	670	28.54674453529899	28.54674453529899	0.0
overlap_main	671	61.600709636892965	67.7081893087169	0.09914625509713498
additive_control	671	16.43186221484739	16.43186221484739	0.0
overlap_main	672	50.90396873607358	57.27569544760653	0.12517151156855805
additive_control	672	17.55478152103546	17.55478152103546	0.0
overlap_main	673	68.52391473807054	75.58274475141273	0.10301264953008356
additive_control	673	17.170048533879722	17.170048533879722	0.0
overlap_main	674	61.50952106551656	67.70085487922387	0.10065651148726457
additive_control	674	15.501580151520264	15.501580151520264	0.0
overlap_main	675	52.871043306130346	58.55869753818432	0.10757597876632964
additive_control	675	17.247998241600158	17.247998241600158	0.0
overlap_main	676	65.12226806046974	69.79882930222723	0.07181201424703211
additive_control	676	19.884974009491845	19.884974009491845	0.0
overlap_main	677	60.63540839388165	69.50786877293051	0.14632474018174713
additive_control	677	18.897849388076867	18.897849388076867	0.0
overlap_main	678	73.17939251305283	83.03004688280238	0.1346096767336858
additive_control	678	24.992674982620102	24.992674982620102	0.0
overlap_main	679	59.92830266293598	62.35411201909794	0.04047852597804777
additive_control	679	14.692842321556308	14.692842321556308	0.0
overlap_main	680	48.913264367052705	55.42112047428748	0.1330489017947936
additive_control	680	14.962974491110442	14.962974491110442	0.0
overlap_main	681	43.3815659165677	50.25011933631711	0.15832884946936102
additive_control	681	22.54414575853609	22.54414575853609	0.0
overlap_main	682	48.55985511178469	54.82523217307703	0.129023800562614
additive_control	682	17.762155563687955	17.762155563687955	0.0
overlap_main	683	71.48635535145075	83.88941586813948	0.17350248807218027
additive_control	683	16.56273200187573	16.56273200187573	0.0
overlap_main	684	71.5866403455083	73.58745244993055	0.027949518161006878
additive_control	684	24.6558979946724	24.6558979946724	0.0
overlap_main	685	56.60923651944067	66.86260510586442	0.1811253642840166
additive_control	685	19.398893686372823	19.398893686372823	0.0
overlap_main	686	73.4037176660726	79.77984696046244	0.08686384691571154
additive_control	686	19.692223214231987	19.692223214231987	0.0
overlap_main	687	71.12579383338615	74.98304802728177	0.05423143962275236
additive_control	687	17.02722425917304	17.02722425917304	0.0
overlap_main	688	61.80330773208801	65.82717855461199	0.06510769358764928
additive_control	688	16.707892602837106	16.707892602837106	0.0
overlap_main	689	65.51914542617939	73.10848298293804	0.11583389110759355
additive_control	689	14.828677575765873	14.828677575765873	0.0
overlap_main	690	65.83339793979567	66.89195817242542	0.01607938015895508
additive_control	690	18.25396838419538	18.25396838419538	0.0
overlap_main	691	49.38121679181359	57.300695021575635	0.16037430311103495
additive_control	691	18.837919688116234	18.837919688116234	0.0
overlap_main	692	64.81873865407113	70.58459381754831	0.0889535230583362
additive_control	692	15.082901963485	15.082901963485	0.0
overlap_main	693	61.898753489658574	66.60449773844898	0.07602324737567774
additive_control	693	21.04576711319978	21.04576711319978	0.0
overlap_main	694	51.850639818265506	62.676827062290315	0.20879563457597008
additive_control	694	19.91856135531315	19.91856135531315	0.0
overlap_main	695	73.91966064599094	81.63915019692462	0.10443080343540974
additive_control	695	13.371890137612034	13.371890137612034	0.0
overlap_main	696	62.236052826631244	68.84141473961569	0.10613401096282188
additive_control	696	25.231490211113663	25.231490211113663	0.0
overlap_main	697	61.37635876666779	66.88395235249976	0.0897347724189697
additive_control	697	17.55392627667813	17.55392627667813	0.0
overlap_main	698	50.023855936523944	52.42553834957404	0.048010741436998156
additive_control	698	20.06819285363899	20.06819285363899	0.0
overlap_main	699	60.86876866826681	64.1709098143946	0.05425017161303816
additive_control	699	13.836741973333647	13.836741973333647	0.0
overlap_main	700	57.35215261728606	59.570040466362684	0.03867139676302488
additive_control	700	19.673319043787522	19.673319043787522	0.0
overlap_main	701	66.16146242240502	69.18427943374707	0.045688485421362
additive_control	701	18.21431744114716	18.21431744114716	0.0
overlap_main	702	60.12916734139837	66.1564006268607	0.10023809661692482
additive_control	702	25.573263923188193	25.573263923188193	0.0
overlap_main	703	63.96752590030911	66.87202015087918	0.045405761903260226
additive_control	703	13.9109724093088	13.9109724093088	0.0
overlap_main	704	64.57559585511805	68.81451224834447	0.06564269887244804
additive_control	704	18.972963893825042	18.972963893825042	0.0
overlap_main	705	62.958664326244666	67.79624532595436	0.07683741469866477
additive_control	705	20.209060464921365	20.209060464921365	0.0
overlap_main	706	65.54198254862811	71.79093331001962	0.0953427180319908
additive_control	706	15.859128541038743	15.859128541038743	0.0
overlap_main	707	52.88253640518814	60.41276027756484	0.14239528555664996
additive_control	707	18.890017450235092	18.890017450235092	0.0
overlap_main	708	69.49376789553317	77.14960844199582	0.11016585772081511
additive_control	708	14.755115219148555	14.755115219148555	0.0
overlap_main	709	69.47265649739388	73.56851807870729	0.05895645550083503
additive_control	709	14.427722441633266	14.427722441633266	0.0
overlap_main	710	73.03819409065235	76.9105723607037	0.05301853801649432
additive_control	710	16.204025215136966	16.204025215136966	0.0
overlap_main	711	55.70443911140713	58.4407135626608	0.04912129975460664
additive_control	711	17.818361608905295	17.818361608905295	0.0
overlap_main	712	57.787970464715634	63.76624770655428	0.10345193288089055
additive_control	712	19.71712269600645	19.71712269600645	0.0
overlap_main	713	40.774503428528	43.64989533906111	0.07051936059928407
additive_control	713	19.286136396392447	19.286136396392447	0.0
overlap_main	714	63.42735307785743	69.08474590531401	0.08919484343784762
additive_control	714	13.5417427124839	13.5417427124839	0.0
overlap_main	715	53.67245755371191	57.64423375044747	0.07400026713442115
additive_control	715	18.297817523389682	18.297817523389682	0.0
overlap_main	716	67.43455294880056	75.58513260381322	0.12086651870000475
additive_control	716	20.614440434289715	20.614440434289715	0.0
overlap_main	717	62.49585703257933	67.84989230821414	0.08567024327458583
additive_control	717	17.609412424030154	17.609412424030154	0.0
overlap_main	718	58.90954213913588	63.671469040011175	0.0808345596988058
additive_control	718	19.60915263291743	19.60915263291743	0.0
overlap_main	719	63.94033993998261	64.81655867853537	0.013703692213323002
additive_control	719	17.28958842512774	17.28958842512774	0.0
overlap_main	720	63.203495501317825	69.27103088665211	0.09599999710787795
additive_control	720	12.240826795790696	12.240826795790696	0.0
overlap_main	721	57.885392487594906	62.88859022367652	0.08643282045904456
additive_control	721	13.494517972550849	13.494517972550849	0.0
overlap_main	722	72.25437375752743	81.15404819500539	0.12317142858844293
additive_control	722	13.950747237978316	13.950747237978316	0.0
overlap_main	723	64.60537452694223	70.26973959093125	0.08767637530878838
additive_control	723	22.59040797530863	22.59040797530863	0.0
overlap_main	724	44.51504423011244	49.37986234751623	0.10928480924911585
additive_control	724	17.470507573898445	17.470507573898445	0.0
overlap_main	725	55.26521864379142	59.191270074162816	0.07104018633630166
additive_control	725	15.184071755601618	15.184071755601618	0.0
overlap_main	726	60.384994581135885	65.66772345291358	0.08748413257998375
additive_control	726	9.05466400480589	9.05466400480589	0.0
overlap_main	727	67.16595848238421	72.73443194072742	0.0829061861717296
additive_control	727	15.828445458831034	15.828445458831034	0.0
overlap_main	728	70.10118559255118	72.75828567227434	0.037903782329260685
additive_control	728	21.010469385522647	21.010469385522647	0.0
overlap_main	729	77.47165101250432	83.74246916128627	0.08094339112212542
additive_control	729	14.382886096206937	14.382886096206937	0.0
overlap_main	730	57.32129265648083	66.17963914470309	0.15453849830828478
additive_control	730	20.701556016213132	20.701556016213132	0.0
overlap_main	731	53.77015333149739	61.579246828306424	0.14523100666396344
additive_control	731	23.033834618482125	23.033834618482125	0.0
overlap_main	732	64.0112211807268	75.17682627644083	0.1744319962931107
additive_control	732	17.957202886073496	17.957202886073496	0.0
overlap_main	733	50.09177811430201	58.79028664786026	0.17365142266879702
additive_control	733	17.277921562918777	17.277921562918777	0.0
overlap_main	734	57.05139216194093	60.73495729197265	0.06456573609239685
additive_control	734	21.001104213289118	21.001104213289118	0.0
overlap_main	735	55.22642431869129	58.984756734771324	0.06805315503303423
additive_control	735	19.33356576410549	19.33356576410549	0.0
overlap_main	736	56.84611867022875	62.09408911703077	0.09231888771942613
additive_control	736	18.20650795211416	18.20650795211416	0.0
overlap_main	737	58.404723608101385	64.57321543155118	0.10561631735201214
additive_control	737	18.654614364021082	18.654614364021082	0.0
overlap_main	738	53.78990170149368	58.263623714465794	0.08317029537995756
additive_control	738	22.975622243043038	22.975622243043038	0.0
overlap_main	739	58.51611758239772	63.192596854693925	0.07991779812991115
additive_control	739	16.868582461191956	16.868582461191956	0.0
overlap_main	740	65.3679505609125	71.95489901654737	0.10076724754429746
additive_control	740	17.10456580813599	17.10456580813599	0.0
overlap_main	741	56.84750006691437	62.004028240529166	0.09070809037416105
additive_control	741	17.667639751788258	17.667639751788258	0.0
overlap_main	742	70.20645760600942	75.29635432917343	0.0724989822407494
additive_control	742	24.132532751375017	24.132532751375017	0.0
overlap_main	743	78.77708460133599	81.60111939029431	0.03584842982257858
additive_control	743	14.658402362178357	14.658402362178357	0.0
overlap_main	744	53.815407900454055	60.091796929069474	0.11662810472839441
additive_control	744	16.841990964469723	16.841990964469723	0.0
overlap_main	745	68.81734008722445	73.96284015185233	0.07477040028147085
additive_control	745	18.72098289155346	18.72098289155346	0.0
overlap_main	746	58.77659119480772	64.4828023134759	0.09708305641195913
additive_control	746	17.280447975722844	17.280447975722844	0.0
overlap_main	747	63.02076014367751	68.08444336411502	0.08034944689485025
additive_control	747	12.300562095301675	12.300562095301675	0.0
overlap_main	748	54.474895886478606	59.73784015331004	0.09661228683757365
additive_control	748	17.543373777240514	17.543373777240514	0.0
overlap_main	749	46.47029439578629	49.585058944036255	0.06702700270675277
additive_control	749	26.73367072031834	26.73367072031834	0.0
overlap_main	750	61.815067289695946	66.96949594855963	0.08338466469198327
additive_control	750	19.084575820859953	19.084575820859953	0.0
overlap_main	751	63.352551172761345	70.82699654491829	0.11798175817378302
additive_control	751	17.976932073526495	17.976932073526495	0.0
overlap_main	752	63.01488266165256	64.97611757332629	0.03112336052745261
additive_control	752	16.01145807978289	16.01145807978289	0.0
overlap_main	753	63.75620772441177	73.67067496748678	0.1555059122388615
additive_control	753	13.120460096406184	13.120460096406184	0.0
overlap_main	754	48.04352381563515	48.43513092666661	0.008151090509810156
additive_control	754	20.36112255444302	20.36112255444302	0.0
overlap_main	755	68.76063280753162	74.9295582007659	0.08971594852103468
additive_control	755	18.47257726281702	18.47257726281702	0.0
overlap_main	756	57.82183436838744	68.31213064070802	0.18142448068122635
additive_control	756	13.79544942530644	13.79544942530644	0.0
overlap_main	757	58.46586190935767	64.93109079472625	0.11058126356525656
additive_control	757	16.67233548776478	16.67233548776478	0.0
overlap_main	758	59.33578405408682	68.26488720904796	0.15048428696622457
additive_control	758	18.452058413937205	18.452058413937205	0.0
overlap_main	759	56.0352084440977	57.92151609266001	0.0336629005394733
additive_control	759	16.64198830384646	16.64198830384646	0.0
overlap_main	760	48.50051784191674	55.03920566360151	0.13481686614145147
additive_control	760	17.703871054255014	17.703871054255014	0.0
overlap_main	761	61.50657339840568	63.13799586475302	0.0265243595311332
additive_control	761	17.765925922525387	17.765925922525387	0.0
overlap_main	762	58.741226999343965	63.60777939105367	0.08284730572216434
additive_control	762	17.503073811946933	17.503073811946933	0.0
overlap_main	763	64.88350464193105	72.46158677813841	0.11679520361959626
additive_control	763	23.68824480224507	23.68824480224507	0.0
overlap_main	764	56.57567973182451	62.30758845623474	0.10131400544509876
additive_control	764	16.648451295453853	16.648451295453853	0.0
overlap_main	765	55.70562073857387	60.14547738591785	0.07970213038609154
additive_control	765	25.93131855190663	25.93131855190663	0.0
overlap_main	766	70.97392379673501	72.77456020989217	0.025370394038155157
additive_control	766	14.160159087173882	14.160159087173882	0.0
overlap_main	767	43.67428578529323	46.58839469214722	0.06672367628814847
additive_control	767	10.270084738170684	10.270084738170684	0.0
overlap_main	768	64.2834893161862	67.89923284164729	0.05624684602412616
additive_control	768	14.949576516225164	14.949576516225164	0.0
overlap_main	769	56.15581189614534	57.817043231358355	0.02958253614577422
additive_control	769	10.899935705659837	10.899935705659837	0.0
overlap_main	770	65.48681786647492	66.50504427248059	0.015548570524251015
additive_control	770	18.502176652644973	18.502176652644973	0.0
overlap_main	771	70.9031466006291	80.80770087767667	0.1396913219216661
additive_control	771	16.410600116097108	16.410600116097108	0.0
overlap_main	772	65.2512089191595	68.43698349943045	0.048823226926229875
additive_control	772	13.632639576932231	13.632639576932231	0.0
overlap_main	773	57.452439237726324	62.45407276576556	0.0870569395207662
additive_control	773	16.76368754691493	16.76368754691493	0.0
overlap_main	774	55.454130657843436	63.6900988831964	0.14851857071152313
additive_control	774	15.0445087283887	15.0445087283887	0.0
overlap_main	775	55.786353598518886	62.272907147133715	0.11627491546224748
additive_control	775	22.582063402669856	22.582063402669856	0.0
overlap_main	776	63.02565584637186	66.84518612894765	0.060602785187766656
additive_control	776	18.846107430221878	18.846107430221878	0.0
overlap_main	777	59.20905527549961	63.215941220416646	0.06767353281137498
additive_control	777	17.26157486463269	17.26157486463269	0.0
overlap_main	778	61.609333455667404	67.99597504267759	0.103663539739573
additive_control	778	16.630607574989362	16.630607574989362	0.0
overlap_main	779	49.699152190542705	58.93500463225226	0.18583521115813023
additive_control	779	22.21323396603372	22.21323396603372	0.0
overlap_main	780	65.38550747924589	70.33885389574267	0.0757560292404098
additive_control	780	22.70301029748416	22.70301029748416	0.0
overlap_main	781	64.537643952637	75.30713563082715	0.16687147250205916
additive_control	781	14.270615611242185	14.270615611242185	0.0
overlap_main	782	65.80811937337118	70.11418883242705	0.06543371091680648
additive_control	782	14.217021305621888	14.217021305621888	0.0
overlap_main	783	67.0522984853621	68.64505503680257	0.023753944121515554
additive_control	783	15.365831322520457	15.365831322520457	0.0
overlap_main	784	64.47027370910317	67.62083817983074	0.04886848293747379
additive_control	784	13.980349303749106	13.980349303749106	0.0
overlap_main	785	80.07464752482447	86.75622453772715	0.08344185356334262
additive_control	785	15.186079161647939	15.186079161647939	0.0
overlap_main	786	62.474501108902025	69.05499839636597	0.10533092974993426
additive_control	786	27.316824608562115	27.316824608562115	0.0
overlap_main	787	52.53160303603263	61.52621566357947	0.17122288503888283
additive_control	787	17.977107847860566	17.977107847860566	0.0
overlap_main	788	61.02344332180799	61.749693859274274	0.01190117269581778
additive_control	788	13.663406461470753	13.663406461470753	0.0
overlap_main	789	72.07450635262575	76.19779474756959	0.05720869421943153
additive_control	789	18.703814772535345	18.703814772535345	0.0
overlap_main	790	58.27891638562202	63.20579292588834	0.08453960447146937
additive_control	790	18.010471026699292	18.010471026699292	0.0
overlap_main	791	64.06490346467986	71.29146371709382	0.1128006109678772
additive_control	791	10.953967581991492	10.953967581991492	0.0
overlap_main	792	57.933216130274374	66.19219859374867	0.14256039997679967
additive_control	792	15.504547453730128	15.504547453730128	0.0
overlap_main	793	72.65141356556381	76.31244881137054	0.05039179647210651
additive_control	793	13.590183059289775	13.590183059289775	0.0
overlap_main	794	67.30132176029797	69.71641102246055	0.03588472260268858
additive_control	794	17.76961668503228	17.76961668503228	0.0
overlap_main	795	62.600736213120015	68.78096285016198	0.09872450406975727
additive_control	795	15.019787411668938	15.019787411668938	0.0
overlap_main	796	56.22917009390654	67.50902805145394	0.20060509409456462
additive_control	796	16.00214053255025	16.00214053255025	0.0
overlap_main	797	54.23194502612579	66.91793713677046	0.23392102393770492
additive_control	797	12.799659716557237	12.799659716557237	0.0
overlap_main	798	66.35163943018263	67.7054524307818	0.020403610403985587
additive_control	798	22.736394562812123	22.736394562812123	0.0
overlap_main	799	58.28350191201719	63.514013803782326	0.08974258100793149
additive_control	799	17.803139186318255	17.803139186318255	0.0
overlap_main	800	58.63668155944182	60.25454625348557	0.027591341307465937
additive_control	800	25.306330944521402	25.306330944521402	0.0
overlap_main	801	64.61993235840556	69.91919714234834	0.0820066594089132
additive_control	801	13.152257222007782	13.152257222007782	0.0
overlap_main	802	59.56256543429518	63.14787568337398	0.06019401990053365
additive_control	802	22.73660609354136	22.73660609354136	0.0
overlap_main	803	50.60316158345248	52.447371038168754	0.03644455004406954
additive_control	803	20.509117029847012	20.509117029847012	0.0
overlap_main	804	47.47490827869428	53.09179825774666	0.1183128137094921
additive_control	804	21.702179935128566	21.702179935128566	0.0
overlap_main	805	72.6095160927266	75.8120358497786	0.044106061152675874
additive_control	805	19.757914272811007	19.757914272811007	0.0
overlap_main	806	64.00940749474454	69.63534374005536	0.08789233435370793
additive_control	806	15.253626200962223	15.253626200962223	0.0
overlap_main	807	53.18289500502285	60.5434816027396	0.1384013900902081
additive_control	807	21.732596803134545	21.732596803134545	0.0
overlap_main	808	68.93573191118962	79.74649673215497	0.1568238201183231
additive_control	808	17.635296394659065	17.635296394659065	0.0
overlap_main	809	71.23942342843468	78.04368737779285	0.09551261958476635
additive_control	809	17.399919582710517	17.399919582710517	0.0
overlap_main	810	58.935793835068694	65.47845202026454	0.11101332075895032
additive_control	810	14.431027072350862	14.431027072350862	0.0
overlap_main	811	70.64239340456459	75.54070281750393	0.06933951663963349
additive_control	811	18.038456275232406	18.038456275232406	0.0
overlap_main	812	68.61703955327187	71.38751048744983	0.04037584472042208
additive_control	812	17.900256170064715	17.900256170064715	0.0
overlap_main	813	55.74509146494609	64.44368343893592	0.15604229440469605
additive_control	813	16.760505074008023	16.760505074008023	0.0
overlap_main	814	56.52485450968065	60.15704113218093	0.06425822152055635
additive_control	814	15.007376602879493	15.007376602879493	0.0
overlap_main	815	77.42129354176879	81.84669454650735	0.05715999826780286
additive_control	815	17.476078394733733	17.476078394733733	0.0
overlap_main	816	50.24426987595729	53.785110804188726	0.07047253223050183
additive_control	816	18.412419575309062	18.412419575309062	0.0
overlap_main	817	59.33234232295146	64.65497383790651	0.08970877107772807
additive_control	817	22.797076218875155	22.797076218875155	0.0
overlap_main	818	71.07238552216742	75.78755318771536	0.06634317436942201
additive_control	818	18.215832544475212	18.215832544475212	0.0
overlap_main	819	54.41047142207305	62.88666371048176	0.1557823717912159
additive_control	819	11.89104063066495	11.89104063066495	0.0
overlap_main	820	67.16467777329694	69.31542478101599	0.032021995474742423
additive_control	820	16.3204513453994	16.3204513453994	0.0
overlap_main	821	59.94986774276077	67.38758144854582	0.12406555653633085
additive_control	821	22.754567305328138	22.754567305328138	0.0
overlap_main	822	62.84850672975974	70.35032038849927	0.11936343517271357
additive_control	822	14.822301868658347	14.822301868658347	0.0
overlap_main	823	80.70344922284598	84.07197265162941	0.04173952242712636
additive_control	823	13.13466182828058	13.13466182828058	0.0
overlap_main	824	67.81372874439396	71.16417179206827	0.0494065598472388
additive_control	824	14.097858382501851	14.097858382501851	0.0
overlap_main	825	55.28958894527405	61.73697109358362	0.11661114273595392
additive_control	825	16.712672286049738	16.712672286049738	0.0
overlap_main	826	68.19616142729089	78.25795442203406	0.14754192588201337
additive_control	826	29.982883614408532	29.982883614408532	0.0
overlap_main	827	46.74953132916891	57.96953041691301	0.24000238652111344
additive_control	827	20.609040893749544	20.609040893749544	0.0
overlap_main	828	56.4904114836089	60.84525380431219	0.07708993803252574
additive_control	828	19.81776000215182	19.81776000215182	0.0
overlap_main	829	64.68463674802972	66.52353360269248	0.02842864932249583
additive_control	829	24.687149640336493	24.687149640336493	0.0
overlap_main	830	77.33904521019528	79.70503745972707	0.030592467790381862
additive_control	830	16.055297511702733	16.055297511702733	0.0
overlap_main	831	66.74674858756993	73.65315293710485	0.10347177196914556
additive_control	831	18.425525360476744	18.425525360476744	0.0
overlap_main	832	59.07254320490135	61.15402437354359	0.03523601754240264
additive_control	832	14.291153844421682	14.291153844421682	0.0
overlap_main	833	61.14125671363832	63.50863152551491	0.03871976042240091
additive_control	833	22.388239242617512	22.388239242617512	0.0
overlap_main	834	73.87670999494526	78.49834026125997	0.06255869091396908
additive_control	834	16.871875140162253	16.871875140162253	0.0
overlap_main	835	79.70362070901547	83.79442635482067	0.051325217216166986
additive_control	835	27.30164036003228	27.30164036003228	0.0
overlap_main	836	64.44845771288931	70.14543538364809	0.08839587280952764
additive_control	836	15.548301259497622	15.548301259497622	0.0
overlap_main	837	68.47638558861726	75.3217712015936	0.09996709893686682
additive_control	837	24.736550899650382	24.736550899650382	0.0
overlap_main	838	55.45786810673433	64.93858603037418	0.1709535228688063
additive_control	838	22.354174195521793	22.354174195521793	0.0
overlap_main	839	73.43048032194994	78.58851963306657	0.07024384545084851
additive_control	839	17.211566322899976	17.211566322899976	0.0
overlap_main	840	71.51841658450472	75.26720836825713	0.05241715299055751
additive_control	840	14.133151115669023	14.133151115669023	0.0
overlap_main	841	78.0674771210137	84.42148884487274	0.08139127788143564
additive_control	841	11.65325610779114	11.65325610779114	0.0
overlap_main	842	60.511006391293726	65.80497292763607	0.08748766302297094
additive_control	842	23.64539250657313	23.64539250657313	0.0
overlap_main	843	66.9484172239918	69.43834075610556	0.03719167136966262
additive_control	843	11.68961692033601	11.68961692033601	0.0
overlap_main	844	80.33725500794908	85.80805689113873	0.06809794388230385
additive_control	844	32.58833367252276	32.58833367252276	0.0
overlap_main	845	56.96030514865657	63.16622236565131	0.10895161465161328
additive_control	845	23.242944783270268	23.242944783270268	0.0
overlap_main	846	53.49499350813742	59.45723023333658	0.11145410690240037
additive_control	846	19.48403953329963	19.48403953329963	0.0
overlap_main	847	67.73579050451376	72.65903461350516	0.07268305385265009
additive_control	847	16.455829742761367	16.455829742761367	0.0
overlap_main	848	56.11341437868496	61.608359621574245	0.09792569751336638
additive_control	848	15.760735315940806	15.760735315940806	0.0
overlap_main	849	62.88338184751146	66.2001093605586	0.05274410210777169
additive_control	849	16.347217762815923	16.347217762815923	0.0
overlap_main	850	52.335702098418324	57.81589804463858	0.10471238039215829
additive_control	850	23.566255585266905	23.566255585266905	0.0
overlap_main	851	65.07461318727128	70.56890437048528	0.0844306391403752
additive_control	851	18.474187740455278	18.474187740455278	0.0
overlap_main	852	46.0476104353998	50.11544727360491	0.08833980308081088
additive_control	852	19.23082937704657	19.23082937704657	0.0
overlap_main	853	83.42977737626147	91.47867387670028	0.09647510461569316
additive_control	853	23.684917827117903	23.684917827117903	0.0
overlap_main	854	70.962292903127	79.96849808818273	0.12691536330922124
additive_control	854	17.7813642397001	17.7813642397001	0.0
overlap_main	855	62.19985027837389	65.46135817858655	0.05243594454996058
additive_control	855	21.01639792102281	21.01639792102281	0.0
overlap_main	856	67.77126011223446	77.00108060822883	0.13619077586441622
additive_control	856	15.34802499033052	15.34802499033052	0.0
overlap_main	857	84.52739094267677	89.39894911376821	0.057632894104056046
additive_control	857	12.332484730994546	12.332484730994546	0.0
overlap_main	858	44.24331367538327	51.48998938808951	0.16379143221223622
additive_control	858	16.067823458982403	16.067823458982403	0.0
overlap_main	859	59.48807220216702	73.71914710629517	0.23922568638238279
additive_control	859	20.9723631658213	20.9723631658213	0.0
overlap_main	860	79.66624329439338	82.94425996269443	0.041146871406847724
additive_control	860	21.221126115543548	21.221126115543548	0.0
overlap_main	861	63.51758719628366	67.30478063730004	0.05962432781511526
additive_control	861	21.213805699539023	21.213805699539023	0.0
overlap_main	862	69.60844002390311	73.69362225083076	0.058688030151585295
additive_control	862	16.60692799001044	16.60692799001044	0.0
overlap_main	863	79.93015072917706	86.81968586945564	0.08619444699437658
additive_control	863	25.57661276024252	25.57661276024252	0.0
overlap_main	864	55.985584663538994	58.48106625811997	0.04457364533349551
additive_control	864	20.930017067899506	20.930017067899506	0.0
overlap_main	865	68.39684663594613	73.24404645661356	0.07086876163264476
additive_control	865	16.347771324984375	16.347771324984375	0.0
overlap_main	866	51.464653867388634	58.01218717788482	0.1272238870461952
additive_control	866	16.163597981550353	16.163597981550353	0.0
overlap_main	867	61.53522232241258	68.17816267189757	0.1079534630537196
additive_control	867	12.157472864943893	12.157472864943893	0.0
overlap_main	868	64.26032951114657	68.39769466833708	0.06438443731404848
additive_control	868	12.000533713654214	12.000533713654214	0.0
overlap_main	869	63.30457998470493	68.34297394290041	0.0795897225668793
additive_control	869	20.766965057149967	20.766965057149967	0.0
overlap_main	870	67.50580497403838	72.56551530910492	0.07495222576802724
additive_control	870	15.667108562065756	15.667108562065756	0.0
overlap_main	871	53.19967988582049	62.75196835911811	0.17955537502855595
additive_control	871	14.129052058230595	14.129052058230595	0.0
overlap_main	872	81.99490415980988	83.31755146523935	0.016130847629891747
additive_control	872	19.96173149133821	19.96173149133821	0.0
overlap_main	873	57.34075497454671	61.46170647319102	0.07186775794064065
additive_control	873	14.29025899305773	14.29025899305773	0.0
overlap_main	874	60.56962264619153	67.79759702880384	0.11933332365026347
additive_control	874	17.07786852318668	17.07786852318668	0.0
overlap_main	875	59.62063016029368	64.85689038574074	0.08782631467277448
additive_control	875	11.448636830366643	11.448636830366643	0.0
overlap_main	876	64.11360568204168	67.65831686712403	0.05528797120944374
additive_control	876	14.325370470150359	14.325370470150359	0.0
overlap_main	877	62.12917061413518	65.9906598992836	0.062152596710664684
additive_control	877	16.572590346166788	16.572590346166788	0.0
overlap_main	878	62.47283326442044	65.10221110999586	0.04208833997405575
additive_control	878	16.151257428766705	16.151257428766705	0.0
overlap_main	879	55.7896688271022	57.54537541192847	0.031470102292010055
additive_control	879	19.939256432130964	19.939256432130964	0.0
overlap_main	880	51.33671849406286	58.352028405451534	0.1366528698596114
additive_control	880	22.31288055734857	22.31288055734857	0.0
overlap_main	881	58.76807865524036	68.44311733488559	0.16463084894102628
additive_control	881	12.27144777606272	12.27144777606272	0.0
overlap_main	882	68.39963212072115	73.11415480874065	0.06892614100173312
additive_control	882	19.52950768862138	19.52950768862138	0.0
overlap_main	883	42.182683616900185	49.88024203424142	0.18248147716844795
additive_control	883	19.188883970156674	19.188883970156674	0.0
overlap_main	884	55.90786475718042	61.981432388604915	0.10863529948430821
additive_control	884	14.733108537124219	14.733108537124219	0.0
overlap_main	885	67.95101433725843	74.63340892170903	0.09834135148129144
additive_control	885	21.41756869077107	21.41756869077107	0.0
overlap_main	886	61.18625979941399	71.92703297362581	0.1755422411734782
additive_control	886	26.6075494182475	26.6075494182475	0.0
overlap_main	887	65.99267001305017	70.15045178013682	0.0630036906563174
additive_control	887	17.45487644577717	17.45487644577717	0.0
overlap_main	888	64.31882229750495	67.77976451357748	0.05380916646862766
additive_control	888	20.715616416309388	20.715616416309388	0.0
overlap_main	889	62.302489727955525	67.45033325204273	0.08262661005307032
additive_control	889	19.466870658397283	19.466870658397283	0.0
overlap_main	890	57.63342339212488	56.58323112346786	-0.018221931074816577
additive_control	890	23.99383373817006	23.99383373817006	0.0
overlap_main	891	50.656148410084185	57.968458638552114	0.14435187944554145
additive_control	891	19.958673857429822	19.958673857429822	0.0
overlap_main	892	66.9015948680266	74.13118864163998	0.10806310055649387
additive_control	892	15.775270836165221	15.775270836165221	0.0
overlap_main	893	56.42394370391202	61.14424421080959	0.0836577558574711
additive_control	893	15.58069523599525	15.58069523599525	0.0
overlap_main	894	60.33571669158923	66.13503492713245	0.09611749977524751
additive_control	894	16.03232981363314	16.03232981363314	0.0
overlap_main	895	52.487725845135714	58.415589315512406	0.11293808933286173
additive_control	895	22.60341049961196	22.60341049961196	0.0
overlap_main	896	57.067808192719006	62.5740724240441	0.09648634502888806
additive_control	896	12.098324344503354	12.098324344503354	0.0
overlap_main	897	60.671676705513256	67.27328117502859	0.10880867033818829
additive_control	897	18.72470067393151	18.72470067393151	0.0
overlap_main	898	60.19096741407929	64.19330333630121	0.06649396236960525
additive_control	898	14.990187898677164	14.990187898677164	0.0
overlap_main	899	67.96478174853647	70.03076329744923	0.03039782510531269
additive_control	899	20.88001655724063	20.88001655724063	0.0
